iso3;age_13_17_men;age_13_17_women;age_18_24_men;age_18_24_women;age_25_34_men;age_25_34_women;age_35_44_men;age_35_44_women;age_45_54_men;age_45_54_women;age_55_100_men;age_55_100_women;age_13_17_ratio;age_18_24_ratio;age_25_34_ratio;age_35_44_ratio;age_45_54_ratio;age_55_100_ratio;total_men;total_women;total_all;total_ratio;iso2;age_13_17_ratio_std;age_18_24_ratio_std;age_25_34_ratio_std;age_35_44_ratio_std;age_45_54_ratio_std;age_55_100_ratio_std;total_ratio_std;age_13_17_men_pen;age_13_17_women_pen;age_18_24_men_pen;age_18_24_women_pen;age_25_34_men_pen;age_25_34_women_pen;age_35_44_men_pen;age_35_44_women_pen;age_45_54_men_pen;age_45_54_women_pen;age_55_100_men_pen;age_55_100_women_pen;total_men_pen;total_women_pen;total_all_pen
AND;2000.0;2000.0;3933.333333333333;3991.6666666666665;6374.81884057971;6037.878787878788;4866.666666666666;5367.391304347826;4223.007246376812;5090.036231884058;3617.391304347826;4529.710144927536;1.0;1.0148305084745763;0.9471451564150988;1.1028886241810605;1.2053107974775856;1.2522035256410255;25015.21739130435;27016.683135704872;52031.90052700922;1.0800099280806674;AD;1.128463476070529;1.0834227452821228;1.0785252419108338;1.1323302956094117;1.251062788946579;1.2674679686519905;1.131683111531906;1.1160714285714286;1.2594458438287153;1.2147416100473543;1.3160786899659302;1.1521451004120207;1.2426175731382565;0.7763066943159461;0.8790355886583403;0.5719906875764339;0.7155962648508446;0.2963617322913179;0.3756290028134618;0.6868349960545935;0.7772795654440667;0.7310007239074617
ARE;2391.666666666667;2000.0;934247.463768116;500229.9242424242;2300869.565217391;1086826.8774703557;1243525.7575757576;686854.5454545454;408347.8260869565;234034.9896480331;163254.03726708074;104213.63636363635;0.8362369337979093;0.5354362132542897;0.4723548409262695;0.5523444458388721;0.5731265717530624;0.6383525829327251;5052636.316581969;2614159.9731789944;7666796.289760964;0.5173853428950994;AE;0.8683717572349071;0.7980596195106466;1.1157975718047162;1.1534999912829746;1.3087992910409763;1.0002162041552825;1.0284552670878566;0.013082871558110745;0.011360796164595215;1.31079217909618;1.046090307707029;1.0791266341850636;1.2040868780934904;0.7780429122764667;0.8974724925286846;0.5031969238551934;0.6585837771956774;0.38101181461481004;0.3810941909523415;0.8613487268802883;0.8858586349594524;0.8695520740520291
AFG;2000.0;2000.0;481483.3333333333;161772.5877192982;421662.8571428572;91690.45454545454;124445.0;17245.0;29209.057971014496;5925.434782608696;27517.34989648033;6820.0;1.0;0.3359879283865101;0.217449682826558;0.1385752742175258;0.2028629197315702;0.2478436341310733;1086317.5983436853;285453.47704736143;1371771.0753910467;0.2627716585670654;AF;1.0515518080660138;0.3500610995266001;0.22126209089022195;0.1400525896853752;0.19736932147276015;0.1988491797677449;0.262750414614355;0.0010196444703660728;0.0010722089863979569;0.15978977155190055;0.05593618312256256;0.1389039219166863;0.030734172196138134;0.06815233219586382;0.0095449106171287;0.02476116108329928;0.004887093561888495;0.02638081176406105;0.005245802780890817;0.09008326437485485;0.023669415064307673;0.05687499734716146
ATG;2000.0;2000.0;5301.811594202899;6212.5;6790.942028985507;7542.210144927536;3755.731225296443;4744.021739130435;2143.478260869565;2528.260869565217;3000.0;3000.0;1.0;1.1717692885942732;1.1106279677746358;1.2631419701115554;1.1795131845841786;1.0;22991.96310935441;26026.992753623188;49018.9558629776;1.1320039367597088;AG;1.0265832681782643;1.200676819193656;1.0774319086859714;1.1655446155345028;1.0004799333526517;0.7536985205917635;1.0016151820649395;0.7616146230007617;0.7818608287724785;1.1197067780787537;1.3444059727331747;0.9553942077919959;1.0293722048488516;0.58454960705003;0.681318647009972;0.35814173113944275;0.3583136153011929;0.3183023872679045;0.2399040383846462;0.6333176264145661;0.634340549686161;0.6338603442596736
AIA;2000.0;2000.0;2000.0;2000.0;2000.0;2000.0;2000.0;2000.0;2000.0;2000.0;3000.0;3000.0;1.0;1.0;1.0;1.0;1.0;1.0;13000.0;13000.0;26000.0;1.0;AI;0.978678038379531;1.0201438848920863;1.0143027413587604;0.9011274934952298;0.9606299212598426;0.8462732919254656;0.9293853314074787;4.357298474945534;4.264392324093817;2.8208744710860367;2.8776978417266186;2.3501762632197414;2.3837902264600714;1.9249278152069298;1.7346053772766696;1.8214936247723132;1.7497812773403325;1.834862385321101;1.5527950310559002;2.2448627180107064;2.086342481142674;2.1627017135252036
ALB;2000.0;2000.0;142358.87681159418;138529.1666666667;222934.2391304348;185520.8333333333;129791.66666666666;106030.79710144928;66145.83333333333;60854.16666666667;66533.33333333333;62933.333333333336;1.0;0.9730981992082168;0.8321773903235583;0.8169306999790634;0.9200000000000002;0.9458917835671344;629763.9492753623;555868.2971014493;1185632.2463768115;0.8826613491309864;AL;1.0946960259125451;1.0393144013046829;0.8565369674076933;0.8158220594151495;0.786383874544769;0.8450518477589217;0.8459533019248684;0.028450716246781513;0.031144886009717203;0.9986662608057172;1.0379282269524803;0.9436170202977072;0.8082428609600817;0.7537481730983284;0.614924386857485;0.4355854817644024;0.34253739884534057;0.17187856555453657;0.14524629941201406;0.5427848484505547;0.4591706347815361;0.5000899455706428
ARM;2000.0;2000.0;176229.16666666666;177337.13768115942;206008.3333333333;200063.58695652173;122696.3768115942;164350.0;52104.16666666667;96833.33333333331;40306.340579710144;103991.66666666666;1.0;1.006287103522361;0.971143175226836;1.3394853562168898;1.8584566173530583;2.5800324507508168;599344.384057971;744575.724637681;1343920.108695652;1.242317012460173;AM;1.0506785679199473;1.0053253199985586;0.9186137461827211;1.170125203752776;1.5149010257085027;1.6825978024316162;1.0192708812191353;0.02671511006625347;0.028068993586234967;1.4789164799445007;1.4867921834513471;0.9608687270092693;0.882667220907807;0.5928650035591998;0.693726283087599;0.34632905054050045;0.524654233896456;0.133803199417434;0.22513696929809374;0.5616777148241487;0.5725017393499603;0.5676234796778089
ANT;2000.0;2000.0;2000.0;2000.0;2000.0;2000.0;2000.0;2000.0;2000.0;2000.0;3000.0;3000.0;1.0;1.0;1.0;1.0;1.0;1.0;13000.0;13000.0;26000.0;1.0;;;;;;;;;;;;;;;;;;;;;;;
AGO;2000.0;2000.0;201370.8333333333;158670.83333333334;175716.66666666666;154062.6811594203;77753.07971014491;66120.83333333334;27161.41304347826;22529.166666666664;28162.5;21066.666666666668;1.0;0.7879534027188645;0.8767676059532598;0.8503950400398887;0.8294548825793198;0.7480396508359225;512164.4927536232;424450.1811594204;936614.6739130436;0.8287380073487489;AO;1.0024394143663526;0.7831196552404704;0.8586179366246207;0.817518998068714;0.7561041588183562;0.6228754470919999;0.7927152473363427;0.0012412538153039148;0.0012442817476932572;0.09071277200692711;0.07103895473997217;0.07249474046979176;0.062245284478309994;0.04505142305298354;0.036830394235844874;0.02481112920707926;0.018759797978452217;0.024912116510419524;0.015517145709435555;0.050182312257289016;0.039780284072946426;0.04486575065739767
ATA;2000.0;2000.0;2000.0;2000.0;2000.0;2000.0;2000.0;2000.0;2000.0;2000.0;3000.0;3000.0;1.0;1.0;1.0;1.0;1.0;1.0;13000.0;13000.0;26000.0;1.0;AQ;;;;;;;;;;;;;;;;;;;;;;
ARG;2904.166666666667;2133.333333333333;3138254.1666666665;3688712.5;3931340.579710145;4300000.0;2506027.536231884;3116666.6666666665;1591483.3333333335;2191637.68115942;1324922.644927536;2318500.0;0.734576757532281;1.175402725241343;1.0937744804386895;1.243668164697405;1.3771037592766202;1.749913482780578;12494932.42753623;15617650.18115942;28112582.60869565;1.2499187387953672;AR;0.7770159097122367;1.22987351808835;1.1335343111347473;1.2723581147558574;1.3703589588350507;1.4284847083844054;1.208744222254313;0.001985904352919992;0.0015430792773856185;1.2632810551232472;1.553675915598791;1.1143441967170498;1.2631473813926641;0.7763408651092778;0.9877835995383722;0.601856123806801;0.8247589311883873;0.305525713606197;0.43643880990468575;0.7065924628901926;0.8540895570069654;0.7815760555074212
ASM;2000.0;2000.0;2900.0;3645.833333333333;2000.0;2316.666666666667;2000.0;2000.0;2000.0;2000.0;3000.0;3000.0;1.0;1.257183908045977;1.1583333333333334;1.0;1.0;1.0;13900.0;14962.5;28862.5;1.0764388489208634;AS;1.041535226077813;1.3539644386921823;1.1485961667787492;1.049494597420704;1.0615488670950286;0.9649122807017539;1.1026949477488739;1.0095911155981827;1.0515247108307044;1.031294452347084;1.3963360142984806;0.678195998643608;0.778973324366734;0.6642311524410495;0.6971070059254095;0.6371455877668047;0.6763611768684478;0.7272727272727276;0.7017543859649122;0.7714935893878004;0.8507220832385718;0.8106305294200252
AUT;2000.0;2000.0;395691.6666666666;407916.6666666666;522383.3333333333;524175.0;321791.30434782605;383916.6666666666;207670.83333333337;266108.3333333334;183645.8333333333;224283.33333333337;1.0;1.0308952677800476;1.0034297929362217;1.1930610351474535;1.2813948355771352;1.2212819058423143;1633182.971014493;1808400.0;3441582.971014493;1.107285608590853;AT;1.051094632560386;1.091645808598274;1.0486286978109134;1.2167548832117445;1.2672535376969172;1.0512743719747695;1.05847923697888;0.011207118761837519;0.011779742377034214;1.1608627197872048;1.2672509224136947;0.8364744827645104;0.8771511476134058;0.5172296194254482;0.6293416651776663;0.32987920203663235;0.41804058579355846;0.12480577587821927;0.1312051136551988;0.42234319414839444;0.4470415018854156;0.43497064110769595
AUS;2000.0;2816.6666666666665;1505748.9130434785;1685058.3333333333;1971408.3333333333;2198000.0;1252529.1666666667;1557308.3333333335;736133.3333333334;1061215.7608695654;736245.8333333333;1234691.6666666667;1.4083333333333332;1.119083214164457;1.1149389818615287;1.2433309936229031;1.441608079427955;1.6770100566500097;6204065.579710145;7739090.760869566;13943156.34057971;1.247422462164099;AU;1.4939961518781046;1.186985752240289;1.126068607142921;1.2223375717391893;1.4040494710979818;1.5187534845733388;1.210588766067577;0.003024158490098149;0.004518081146876135;1.3128539132739618;1.5583388898291004;1.031042184652386;1.1610242367771066;0.6884487133683276;0.8415167285656107;0.45105518195697575;0.6333037896626958;0.20440365941766447;0.3104387700001199;0.5758571543796142;0.6971262019516031;0.6374002963185442
ABW;2000.0;2000.0;5733.333333333334;6391.666666666667;8371.739130434784;8666.666666666666;6245.833333333333;7354.166666666666;4087.5;5664.311594202898;4475.0;6570.833333333333;1.0;1.1148255813953487;1.035228944862806;1.1774516344229486;1.3857643043921464;1.4683426443202978;30913.40579710145;36647.64492753623;67561.05072463768;1.185493606497814;AW;1.0434306569343068;1.2046033449851823;1.0073642904363085;1.0112231683867674;1.1402315872714317;1.1537251976668763;1.0303360779391235;0.6995452955578874;0.7299270072992701;1.2139177076716778;1.4622893311980478;1.3542120883912623;1.3641848995225352;0.9834409279378575;0.994478251070543;0.5891467281637359;0.6717637089899072;0.2976388427003658;0.3433934326278198;0.7344945304386393;0.7567762137598858;0.7464154796455541
AZE;2000.0;2225.0;569320.8333333334;496125.0;738933.3333333333;576191.6666666667;427291.6666666666;351216.6666666666;176862.5;175554.1666666667;154887.5;187545.8333333333;1.1125;0.8714330671779971;0.7797613677372791;0.8219600195026816;0.992602539637666;1.2108519624458611;2069295.833333333;1788858.3333333335;3858154.1666666665;0.8644768449814855;AZ;1.2417884079782726;0.9350152256289239;0.7354080837455547;0.7932447115742001;0.9006141870917618;0.9428987655504046;0.7986855066171773;0.006199147617202635;0.0076980296503883616;1.2039588417492468;1.1257198480661104;0.8503319163691961;0.6253409651647559;0.5359253410795056;0.42511994260991726;0.30222108682539056;0.27218459843323795;0.17790482644552158;0.16774624124094129;0.5282024192075169;0.4218676167811743;0.4729318231500152
BIH;2000.0;2000.0;142233.33333333334;159250.0;190841.66666666663;183808.33333333337;107704.16666666669;125604.16666666669;60437.49999999999;75524.99999999999;44025.0;58425.0;1.0;1.1196390906960394;0.963145714160954;1.1661959843707688;1.2496380558428126;1.3270868824531517;547241.6666666667;604612.5;1151854.1666666667;1.104836376372413;BA;1.0790786642225234;1.222165180476983;1.0843316982106563;1.1800789659755084;1.1905251190041775;0.9455247865276522;0.9777552718006378;0.02954384306310565;0.0318801307085359;1.1261724915147773;1.3763688063403714;1.0763892805709405;1.1671630165372349;0.4660097207799701;0.5499282694325625;0.27196779811270655;0.32378449521343405;0.08972315743994;0.0848354692849862;0.4160549608926457;0.40679993137159254;0.41114507215462537
BRB;2000.0;2000.0;17387.5;21337.5;24416.666666666664;27091.666666666668;16687.5;20447.10144927536;11425.0;14916.847826086956;11383.333333333332;15750.0;1.0;1.2271746944644142;1.109556313993174;1.2252944688704337;1.3056321948434972;1.3836017569546122;83299.99999999999;101543.115942029;184843.115942029;1.219004993301669;BB;1.0334075723830736;1.2656608438638572;1.0912349087759188;1.1559333534781229;1.1931910070692853;1.0906051345200174;1.0980129632076687;0.26939655172413796;0.27839643652561247;1.3087084148727985;1.656380996739637;1.3440860215053763;1.4667135870644072;0.9228791062935516;1.066786740192798;0.62305720674047;0.7434262559724374;0.30978428491082927;0.3378523317173624;0.7434778340071937;0.816348299597458;0.7818156730253142
BGD;3391.6666666666665;2554.166666666667;2919569.6428571427;1539796.6666666667;1682270.7509881423;658636.124401914;418586.3636363637;192645.3416149068;123325.0;60634.09090909091;54141.66666666666;26077.97619047619;0.7530712530712532;0.5274053559345118;0.3915161242713399;0.4602284220186938;0.4916609844645523;0.4816618659161371;5201285.090814982;2480344.366449721;7681629.457264703;0.4768714506401109;BD;0.7709205053062027;0.457012134515673;0.3344974291678057;0.4371762948271554;0.48661321881081493;0.4857358757775189;0.44578276169979947;0.0004865447077205201;0.0003750872919299621;0.27815637482686667;0.12712083858876796;0.13219340121533465;0.044218352859477734;0.03664283960937808;0.01601938085237364;0.015541491655545348;0.007562695279626342;0.004955769395822678;0.0024071949876313553;0.08600505847403313;0.03833957248670723;0.0613692749440404
BEL;2000.0;2000.0;548862.6811594203;599020.8333333333;694534.963768116;720820.8333333333;438087.5;541425.0;317887.5;414748.5507246377;334445.10869565216;481766.6666666666;1.0;1.0913856122772978;1.037846718936375;1.235883242502925;1.304702294757226;1.4404954778545689;2335817.7536231885;2759781.8840579707;5095599.637681159;1.1815056546158849;BE;1.0480106782827023;1.1381832644887544;1.0432374357972967;1.2347237690488992;1.329239986319355;1.2626642205094791;1.1331564846338338;0.0072160745276177215;0.0075625231602271786;1.1598443035271475;1.3201153756872146;0.9273560450931595;0.96745254255411;0.5769820907867252;0.7124135018098994;0.4116002284024389;0.5471154819707013;0.18353505858755903;0.23174315168762183;0.48129861729657386;0.5453866492349104;0.5140119756931874
BFA;2000.0;2000.0;58345.833333333336;19764.34782608696;53985.930735930735;17835.40669856459;21055.92885375494;6665.800865800866;7129.606625258799;2273.684210526316;5913.743315508022;3388.8888888888887;1.0;0.338744803132248;0.3303713848299758;0.3165759588236898;0.3189073857835435;0.573053091432286;148431.0428637858;51928.12848986762;200359.17135365345;0.349846821042157;BF;1.0281656334267184;0.3456382073859779;0.3293950847807384;0.30964445295094106;0.29220072370143585;0.4354815049585527;0.3382985575863957;0.0018238390352621038;0.0018752086169586363;0.03783361832155448;0.013076744015587385;0.033530988369746134;0.01104494275683448;0.01837028503331016;0.005688256859692185;0.010564414813606766;0.0030869296540180675;0.009473782268981263;0.0041256569601456124;0.02217349564559492;0.007501261593552989;0.014714265953573601
BGR;2000.0;2000.0;233446.37681159415;255883.3333333333;287204.1666666666;277909.05797101447;174480.61594202896;218195.83333333337;110360.14492753622;157720.83333333337;69000.0;112520.83333333331;1.0;1.0961118216019567;0.9676358849402064;1.2505448364867575;1.429146667367053;1.6307367149758452;876491.304347826;1024229.891304348;1900721.1956521736;1.1685568199292635;BG;1.0607593203839187;1.1587123114412592;1.022235253131535;1.3338515693632216;1.4839658381954388;1.227781008604824;1.0760950372305895;0.01433948736332676;0.015210744870176289;1.0256284870002774;1.1884083548520932;0.724271745910059;0.740376111516388;0.3458369409594304;0.4612951464425122;0.20648365482237907;0.3064146899021494;0.06751401649690317;0.08289242726953047;0.3103029402239889;0.33391545401309475;0.3225955208911958
BHR;2000.0;2000.0;106866.66666666669;88175.0;236475.0;144000.36231884058;156321.55797101452;99995.83333333334;71645.83333333333;47916.66666666667;49712.68115942029;33429.166666666664;1.0;0.825093574547723;0.6089453951531476;0.6396803782615497;0.6687990694969469;0.6724474698812742;623021.7391304348;415517.0289855073;1038538.768115942;0.6669382509275738;BH;1.002847904120561;1.3188341214652963;1.1716924944092497;1.5190117353220582;1.2805001115287502;0.8497588072813109;1.2145492007320162;0.05916284573287975;0.05933133584502654;1.2197302592782822;1.608621884919911;1.0341502453359923;1.2117060805516664;0.6125500904043705;0.9304707757968265;0.5530062700844672;0.7081245905192586;0.5728455343207149;0.486780538000796;0.7582817656400014;0.9209705123877256;0.8159506850398195
BDI;2000.0;2000.0;32712.137681159416;20995.833333333336;25254.166666666668;13240.036231884056;6910.507246376812;3512.5;2229.166666666667;2000.0;4604.166666666666;4466.666666666666;1.0;0.641836175244087;0.5242713571443942;0.5082839616211398;0.8971962616822429;0.9701357466063348;73710.14492753624;46215.036231884056;119925.18115942027;0.6269833857648446;BI;1.0024158052555712;0.6406699062570952;0.5167493962797427;0.49114899786166394;0.8541967810466966;0.813325519717211;0.6073364850539877;0.0030759198538322886;0.0030833506771808924;0.04012725270931345;0.02570832323163062;0.028452577847680082;0.014702852425391063;0.009655200846097911;0.004742142219714081;0.006025247023865836;0.0051467466127973855;0.013478634230119928;0.010962517190290481;0.01949849084134493;0.011842144891439801;0.015609384119702387
BEN;2000.0;2000.0;51949.40476190476;28022.101449275364;54312.5;30879.166666666664;16606.159420289856;8808.333333333332;5551.992753623188;3182.246376811594;5295.108695652174;3733.333333333333;1.0;0.5394114057265266;0.5685462217107786;0.5304256758230967;0.5731719254739452;0.7050532005884566;135715.16563146998;76625.18115942029;212340.34679089027;0.5646029373570042;BJ;1.0307196816735777;0.5561085409733681;0.5785826309417444;0.5228035198745686;0.5460938899885812;0.6137365114591607;0.5593904160911812;0.0031852205765249236;0.003283069538695899;0.05646870843540728;0.031402731058664875;0.0537012190238515;0.03107059258759886;0.02369191309760994;0.012386215559992874;0.012306448599947218;0.006720476387889706;0.01121094499371644;0.00688056627060407;0.03243954850520349;0.018146372536135835;0.025259818205607763
BLM;2000.0;2000.0;2000.0;2000.0;2000.0;2000.0;2000.0;2000.0;2000.0;2000.0;3000.0;3000.0;1.0;1.0;1.0;1.0;1.0;1.0;13000.0;13000.0;26000.0;1.0;BL;1.0403726708074532;0.9956331877729259;0.8218125960061444;0.7657534246575343;0.866580310880829;0.8178896625602573;0.8502083333333332;5.970149253731344;6.211180124223603;4.385964912280702;4.366812227074236;3.7383177570093458;3.0721966205837172;3.5778175313059033;2.73972602739726;2.9895366218236172;2.5906735751295336;1.9646365422396854;1.6068559185859668;3.1854937515314874;2.7083333333333335;2.927598243441054
BMU;2000.0;2000.0;2725.0;3041.666666666667;4039.492753623188;4416.666666666666;3654.166666666667;4474.45652173913;2754.1666666666665;3376.449275362319;3079.166666666667;4354.166666666666;1.0;1.1162079510703364;1.0933716028343348;1.224480690099648;1.225942248240479;1.414073071718538;18251.992753623188;21663.405797101448;39915.39855072464;1.1869063334358965;BM;1.1032056293979673;1.140928059015676;1.05753366070578;1.2036477972302562;1.3501660759658707;1.19523765388781;1.1246405118242122;1.4174344436569808;1.563721657544957;1.1354166666666667;1.2954287336740489;1.2008004618380463;1.2698869081847803;0.8321946405526456;1.0016692459680165;0.5449478960559293;0.7357701624236912;0.2851608322528864;0.3408349641226353;0.6656938052966368;0.7486662219070171;0.7082975219278957
BRN;2000.0;2000.0;31313.768115942024;40854.16666666666;48241.66666666666;50995.83333333333;28464.880952380958;32529.166666666664;13116.666666666668;17398.73188405797;9233.333333333332;12016.666666666668;1.0;1.30467104806424;1.0570910347210227;1.1427824595888834;1.326459864095906;1.3014440433213;132370.31573498962;155794.56521739127;288164.8809523809;1.1769599879877743;BN;1.087693197784941;1.4676868014588487;1.3490016783033552;1.4562639322940634;1.4743012994223577;1.2535952006964837;1.3521251321809242;0.1519756838905775;0.16530291759649557;1.162826993796354;1.7066658311749792;1.038191978536739;1.4005227214471418;0.6553443295126271;0.9543543103026746;0.40659227113039886;0.5994395136626346;0.27298978012989183;0.3422186782100207;0.6751038675958547;0.9128249062088981;0.7857320740248206
BOL;2000.0;2000.0;471462.5;516516.6666666666;392063.40579710144;389126.8115942029;160018.93939393942;174437.5;67700.36231884058;80008.69565217392;49157.24637681159;57295.83333333333;1.0;1.0955625668354676;0.992509899777746;1.0901053379098116;1.18180601863497;1.1655623037575364;1142402.4538866929;1219385.5072463767;2361787.9611330694;1.0673869817924246;BO;1.0313225033106046;1.1220594543778668;1.007982830397948;1.1061868626016793;1.1833547607382895;1.023646776432985;1.0595932037460845;0.004162149000772079;0.004292517926627991;0.5927989629279431;0.665155680898693;0.38119626273893975;0.3842392878527163;0.20251793576883723;0.2240226799886985;0.11829688746101741;0.1399871849575166;0.07302775592984366;0.07475462694771927;0.2632315273194735;0.2789183373594159;0.2711036725027376
BES;2000.0;2000.0;2000.0;2000.0;2000.0;2152.173913043478;2000.0;2000.0;2000.0;2000.0;3000.0;3000.0;1.0;1.0;1.076086956521739;1.0;1.0;1.0;13000.0;13152.173913043478;26152.17391304348;1.011705685618729;BQ;1.0907563025210083;1.0560253699788584;1.1345809054235767;1.081605049594229;1.0812530592266274;1.0718072289156624;1.084365005088947;3.0816640986132513;3.361344537815126;2.002002002002002;2.1141649048625792;0.8888888888888888;1.0085163603765126;0.8336807002917882;0.9017132551848512;0.9053870529651425;0.9789525208027411;0.6744604316546765;0.7228915662650603;1.0035510267098966;1.0882156141852952;1.0444158910959855
BRA;5441.666666666667;5229.166666666667;14654166.666666668;18070833.333333336;18751268.11594203;21741666.666666664;12625000.0;17075000.0;7291666.666666666;11466666.666666668;6141666.666666666;11762500.0;0.9609494640122512;1.2331532556155815;1.1594771368120027;1.3524752475247526;1.572571428571429;1.9151967435549528;59469209.782608695;80121895.83333334;139591105.61594203;1.3472836805167094;BR;0.9983678921328702;1.2678432453444473;1.1669345177660713;1.325926358796426;1.4956863390294655;1.6195755216936576;1.284917458833711;0.0008939398544123804;0.0008924808481432531;1.2937576652474696;1.6402819169966067;1.1460425923711748;1.3373566598680353;0.7700903613355471;1.021083108749866;0.5510056135822191;0.8241315689634735;0.3034960404844116;0.49153475809950026;0.7110154905828614;0.9135962173511345;0.8147057835022938
BHS;2000.0;2000.0;12974.45652173913;16300.0;20627.536231884056;23674.242424242424;11450.0;14847.826086956522;5641.847826086956;8272.727272727272;4319.202898550724;6391.485507246377;1.0;1.2563146651028358;1.1477009255060264;1.296753370039871;1.4663152087292344;1.4797835752034227;57013.04347826087;71486.28129117259;128499.32476943346;1.253858361699817;BS;1.0134109758249514;1.2400442275703671;1.0827879411316943;1.1630455046282804;1.3142506424751779;1.183319073922744;1.123286190545081;0.17412502176562772;0.1764602082230457;0.6522449488105334;0.8088125837344315;0.6464285876491399;0.6999450795092814;0.42779749673080514;0.49754795546399444;0.21716119422967498;0.2854042390370273;0.10775916617311318;0.12751347672265537;0.3651990102056873;0.4102230049647806;0.38894755013040694
BTN;2000.0;2000.0;26416.666666666668;33133.33333333333;26070.83333333333;27562.5;11100.0;11162.5;3616.6666666666665;3082.427536231884;3175.0;3254.166666666667;1.0;1.254258675078864;1.0572159181716478;1.0056306306306306;0.852284111400521;1.0249343832020998;72379.16666666667;80194.92753623189;152574.09420289856;1.1079835708189312;BT;1.083635801992432;1.3645347961730407;1.3306513642554585;1.2477516709139376;1.0374222800124893;1.0824349566675577;1.2967402480577823;0.07126567844925884;0.07722604062089737;0.499388760759701;0.681433340874346;0.2930525424427383;0.3899507653999604;0.15661375661375662;0.19541507650292356;0.08191770479426198;0.0849832520810533;0.06019299675810945;0.06515500383755465;0.2143316839257283;0.2779325209804911;0.24363595662176132
BWA;2000.0;2000.0;39741.1231884058;42858.33333333333;33852.355072463775;39425.0;15769.565217391304;19487.5;5967.934782608696;6725.90579710145;6579.166666666667;8408.333333333334;1.0;1.078437897443144;1.164616166751398;1.2357664736696996;1.1270072549555292;1.2780240658644713;103910.14492753624;118905.07246376813;222815.21739130435;1.144306675221066;BW;1.0120066158903886;1.0820522865199773;1.1791621604128621;1.2712776381819335;1.0818720580228949;1.1089413296738804;1.1306978939444057;0.020177155424628238;0.020419414779572417;0.2284812988018915;0.2472287117956409;0.14380107587353086;0.16956478729672655;0.10520618323453756;0.13374626814453863;0.0641699617493032;0.06942368858096912;0.06594399730043067;0.07312802405035035;0.12208464131008614;0.1380408468122726;0.13011046803361173
BLR;2000.0;2000.0;329651.268115942;500358.3333333333;427863.9492753623;575948.731884058;325706.0606060605;573008.3333333333;130310.8695652174;341508.3333333333;85325.0;314404.1666666666;1.0;1.5178413727726106;1.346102500244516;1.7592805373873075;2.6207202397833496;3.684783670280301;1300857.147562582;2307227.8985507246;3608085.046113306;1.7736212641593898;BY;1.0565341943244226;1.611635409455877;1.4116646314457832;1.769002464615909;2.354982551093203;2.297129629551769;1.492519328172409;0.00998676753301875;0.010551361389403267;1.0532561452728806;1.6974648989487777;0.7043828011335647;0.994352287358962;0.4496323914366578;0.795400808622593;0.2213645135656715;0.521309566878391;0.07829540376386859;0.17985469184370162;0.36919291626959605;0.55102756335671;0.46793508229631214
BLZ;2000.0;2000.0;26236.41304347826;28562.5;19995.83333333333;23032.427536231884;8565.217391304348;11425.0;3514.6739130434785;4878.804347826087;3000.0;3508.333333333334;1.0;1.0886587260486793;1.1518613479257456;1.3338832487309644;1.38812432348848;1.1694444444444447;63312.13768115942;73407.0652173913;136719.20289855072;1.1594469545013637;BZ;1.0370809457946386;1.128243442944596;1.1977923270496584;1.3329409746078145;1.3454292784908588;1.1254478113045168;1.1706910963612198;0.12701638511367966;0.13172627280511098;0.9186740797464288;1.0364880066770694;0.5299015061172209;0.6347119581192648;0.3027434395342976;0.4035391353489686;0.17481591211357764;0.23520244650369218;0.13266704992703313;0.14930984097260647;0.4136696352901628;0.48427935886918655;0.44880413254948864
CAN;2045.8333333333333;2000.0;2049804.1666666667;2215787.5;2958333.333333333;3079166.666666667;1769200.3623188406;2184720.833333333;1077335.144927536;1397916.6666666667;1075670.8333333335;1703895.8333333335;0.9775967413441956;1.0809752151120129;1.0408450704225354;1.2348634331443848;1.2975689814339937;1.584030895448964;8932389.673913043;10583487.5;19515877.173913043;1.184843909229461;CA;1.0105335828850053;1.1411793708253835;1.10443273181657;1.2384138312802924;1.2735361490351549;1.4321627919252393;1.1569614119024254;0.002381035512829465;0.0024061163477559957;1.203236114307003;1.3731082318792442;1.0431778052197205;1.1521197131892296;0.6624142028580705;0.820342910855944;0.44700718471318324;0.5692798086106736;0.17774574107266253;0.25456083678744507;0.5403298320443014;0.6251407653749753;0.5832401956369271
COD;2000.0;2000.0;228669.20289855072;114133.33333333331;184750.0;79962.5;53575.0;22562.5;18495.83333333333;8033.333333333333;43658.33333333333;25704.16666666666;1.0;0.4991198284972755;0.4328146143437077;0.4211385907606159;0.4343320567695427;0.588757396449704;531148.3695652174;252395.8333333333;783544.2028985508;0.4751889449268896;CD;0.9961942354631234;0.49578473901468517;0.42631758384113444;0.4110929052266812;0.4125060221855887;0.5163619907315914;0.4606352253529799;0.0004383092833029585;0.0004366411813763803;0.035056236718734424;0.017380347172434765;0.02678611170192792;0.01141939042126465;0.012042933310135373;0.004950764441914724;0.0062601058613657445;0.0025823313673326723;0.012793894486879114;0.0066062808264548325;0.01844341891600968;0.008495688428655532;0.013392201278310508
CAF;2000.0;2000.0;2629.166666666667;2000.0;3008.333333333333;2000.0;2000.0;2000.0;2000.0;2000.0;3000.0;3000.0;1.0;0.7606973058637083;0.6648199445983379;1.0;1.0;1.0;14637.5;13000.0;27637.5;0.888129803586678;CF;0.9948826339094634;0.6961108815973228;0.5403779027123399;0.7233574930602138;0.7026497553118999;0.6916876727305857;0.7445084268270965;0.007614638380823295;0.007575671488581569;0.007347776430103201;0.005114867128539168;0.010899797946127823;0.005890009954116823;0.015078748765427445;0.010907325905444392;0.022040267568848287;0.015486588614260052;0.026344444834732517;0.018222127737115436;0.011864475470627571;0.008833201967765608;0.010215509832948
COG;2000.0;2000.0;50070.83333333332;28775.0;32829.166666666664;19475.0;11300.0;6550.0;4058.333333333333;2354.166666666667;6945.833333333333;5075.0;1.0;0.5746858616959308;0.5932224901637264;0.5796460176991151;0.5800821355236141;0.7306538692261548;107204.16666666664;64229.16666666666;171433.3333333333;0.5991293870729528;CG;1.0114030868133632;0.5793431954051026;0.5950349612109981;0.5810477391728043;0.5683821126855714;0.6576616394367026;0.59239401598081;0.007373788394394446;0.007457872343599094;0.13386062187432046;0.07755124041558302;0.07904928164379163;0.047037086236670814;0.03324409402488894;0.01931640567400985;0.01682915265389171;0.009565389340126962;0.031665671297035014;0.020825297299071788;0.057605956539642934;0.03412542393893508;0.04579932557532118
CHE;2000.0;2000.0;403562.5;392316.6666666666;546458.3333333333;538991.6666666667;383480.9782608696;437666.6666666666;264833.3333333334;314354.92424242425;256354.1666666667;303787.50000000006;1.0;0.9721336017758504;0.9863362561951966;1.1412995467246785;1.1869915326963785;1.1850304754164975;1856689.3115942029;1989117.4242424243;3845806.735836627;1.071324864004584;CH;1.0603914437479065;1.0384461482819087;1.0213252451952453;1.1634810052832427;1.1955739135005543;1.0614559623206083;1.0449581923637032;0.011282097567579764;0.01196343972819065;1.2355794842905168;1.2830827563576344;0.9174613567934812;0.9370264451842646;0.6040621108424203;0.7028147919764565;0.42596813254391175;0.5092763872520474;0.18352646193555283;0.1948052572650987;0.49473560965628716;0.5169780283643886;0.5059953776376469
CIV;2000.0;2000.0;210008.3333333333;118516.66666666669;229670.8333333333;129308.33333333331;108250.0;62170.833333333336;47575.0;17587.5;31604.166666666668;14512.5;1.0;0.5643426848140947;0.563015910451552;0.5743264049268668;0.3696794534944824;0.4591957811470006;629108.3333333334;344095.8333333333;973204.1666666667;0.5469579961055991;CI;1.0522787719783857;0.6161708306125574;0.5474421774026417;0.5866456655798172;0.4364450356173387;0.4807079369209165;0.5731293653030557;0.0014296007411050242;0.001504338512269385;0.10526606864545655;0.06486188095258945;0.10534175440527707;0.05766851940303921;0.05881183256040369;0.034501706656366794;0.040656902743048375;0.017744503365780425;0.031393703279878366;0.015091202335977738;0.06558855837646681;0.037590728833446836;0.05191673484754362
COK;2000.0;2000.0;2000.0;2000.0;2000.0;2000.0;2000.0;2000.0;2000.0;2000.0;3000.0;3000.0;1.0;1.0;1.0;1.0;1.0;1.0;13000.0;13000.0;26000.0;1.0;CK;1.0502008032128516;0.9868204283360791;0.830607476635514;0.900763358778626;0.9129129129129129;0.9539438856537854;0.9318418314255984;3.8240917782026767;4.016064257028113;3.33889816360601;3.2948929159802307;2.8129395218002813;2.336448598130841;2.4213075060532687;2.1810250817884405;2.192982456140351;2.002002002002002;1.6648168701442838;1.588141874007411;2.419504932067746;2.2545959070412764;2.3341413053236377
CHL;2000.0;2058.333333333333;1369608.3333333333;1500537.5;1988037.5;2003975.0;1247742.2101449275;1436083.3333333335;671420.8333333334;938711.231884058;607766.6666666666;1017516.6666666667;1.0291666666666666;1.0955960645683378;1.0080166998861944;1.1509455411999967;1.3980966709414355;1.674189656118028;5886575.543478261;6898882.065217391;12785457.608695652;1.1719686622998773;CL;1.0718291762392718;1.1277179477849228;1.0324484815075352;1.170914314730357;1.395965574656797;1.487339626009811;1.1466010067883936;0.004077596664525928;0.004370487073974828;1.444189149385921;1.6286380237587441;1.2187763422073046;1.2583237838092396;0.8530707389234645;0.9988727396830874;0.5210972920183421;0.7274338807044858;0.26553491384351047;0.39494059944855425;0.7258434106469142;0.8322527854184734;0.7796302147571523
CMR;2000.0;2000.0;146199.99999999997;90137.5;134912.5;88954.16666666666;53273.106060606064;33304.166666666664;16815.217391304348;8992.028985507246;15445.833333333334;10883.333333333332;1.0;0.6165355677154584;0.6593471076932579;0.6251590930098619;0.5347554406377936;0.7046128945238737;368646.6567852437;234271.1956521739;602917.8524374176;0.6354898148137806;CM;1.0044684910225108;0.6168788189111651;0.6546686635569934;0.6176829848196058;0.5204015943018306;0.6164377181809818;0.6226220768110995;0.0015814477205012556;0.0015885144054428857;0.08006926922826257;0.04939303623261072;0.06585984039865676;0.04311637369586551;0.036291411188715275;0.02241658718636129;0.01841651494966256;0.009583983741287893;0.01809298123132621;0.011153196065330058;0.04402418190711449;0.027410427568917258;0.03563234351974588
CHN;2233.333333333333;2000.0;631325.0;779108.3333333333;949250.3623188406;813045.8333333334;321516.30434782605;183820.8333333333;56979.16666666666;26784.057971014496;21154.166666666668;11233.695652173912;0.8955223880597016;1.2340843992132946;0.8565135875715811;0.5717309848600101;0.4700675621969638;0.5310393847787549;1982458.3333333333;1815992.753623188;3798451.0869565215;0.916030729669739;CN;1.0505230950573214;1.4401511973248242;0.9598428067605514;0.607237624300072;0.48066108697298005;0.4760146676126392;0.9364560899762505;6.221189913252377e-05;6.535503682609277e-05;0.010484395600687323;0.01509911487755697;0.008830190750827234;0.008475595074505073;0.002989463316341175;0.0018153146021472294;0.0004995811818244119;0.00024012923388696788;0.00011620658116766428;5.53160371089269e-05;0.0032646059962578005;0.003057160166568602;0.0031620267213491376
COL;2208.695652173913;8620.833333333332;2464166.6666666665;2913900.0;3245833.333333333;3722644.927536232;1762242.2101449275;2271829.166666667;887229.1666666667;1325657.971014493;830216.6666666666;1385467.9347826086;3.903133202099737;1.182509299966182;1.1468995925657195;1.2891696462541495;1.4941550850892442;1.6688028443771008;9191896.739130436;11628120.833333332;20820017.57246377;1.2650404114998104;CO;4.065207063815325;1.2112788606842757;1.1492087967324287;1.2660686973895512;1.4132476315287952;1.4247600240563496;1.2127251493841071;0.0013701390440297148;0.005569898920198773;0.7977998100389279;0.9663580449580842;0.7263762489475469;0.8347579750280257;0.47073803827117233;0.595986694925696;0.29392035744558304;0.4153822490180672;0.17948709633599574;0.2557260396934776;0.44714352194423007;0.5422621944459523;0.4957070206474602
CRI;2000.0;2000.0;327429.1666666666;366412.5;394270.83333333326;410562.5;247341.66666666663;293112.5;120058.33333333331;153045.28985507248;92716.84782608696;136475.0;1.0;1.1190588295178348;1.041321003963012;1.185051042754624;1.2747577415567917;1.471954700789571;1183816.847826087;1361607.7898550725;2545424.637681159;1.1501845005462408;CR;1.0437585162488263;1.1653764661731507;1.0708278161167808;1.1785640439734546;1.1862588972042432;1.2731222316556767;1.1077343016073622;0.013528230034023498;0.014120205307785174;1.2061916497517715;1.4056673623152822;0.9512467087115197;1.0186214356778323;0.6406620181382401;0.7550612189171992;0.4039484722465221;0.4791874692144981;0.17554789168010074;0.22349392361821882;0.5788226899499989;0.6411817482062565;0.6105884125289494
CPV;2000.0;2000.0;22495.83333333333;21273.55072463768;22028.260869565216;22686.95652173913;12591.304347826088;14691.304347826086;5030.434782608696;5945.833333333334;4204.347826086956;4306.521739130435;1.0;0.9456662666999524;1.029902299417744;1.166781767955801;1.1819720541630654;1.0243019648397107;68350.18115942029;70904.16666666667;139254.34782608697;1.0373661849013898;CV;1.080010775862069;1.0742241164755788;1.112883470789858;1.2895633900280046;1.274421224346587;0.7993063731586125;1.0664821227609298;0.09977550511349463;0.10775862068965517;0.7082847937197609;0.7608566067466982;0.4539850144174852;0.5052324185315146;0.31631674490845824;0.4079104938867749;0.19556174562098885;0.24922803928965642;0.12941233150969453;0.10344010134101397;0.34460249141354854;0.36751239655142626;0.35589891464082035
CUW;2000.0;2000.0;5220.833333333333;5980.615942028985;8378.260869565216;9834.782608695652;6226.086956521739;8578.260869565218;4304.347826086957;6226.08695652174;5021.739130434782;8173.007246376812;1.0;1.145528991290468;1.1738453554748316;1.3777932960893855;1.4464646464646465;1.6275252525252528;31151.268115942024;40792.75362318841;71944.02173913043;1.3095053938530432;CW;1.0298799902032818;1.3067117237115338;1.3806977605226887;1.3431168918092526;1.193675835655671;1.1014564840322423;1.1609860238627037;0.4756242568370987;0.48983590497183443;0.5513605801386982;0.7204693340596295;0.5102473123973944;0.7044973215398032;0.550493983777342;0.7393777684507169;0.398403167908826;0.47556423438143447;0.22373531434327384;0.24643471269039088;0.4172808609961023;0.4844572476418703;0.452888287122491
CXR;2000.0;2000.0;2000.0;2000.0;2000.0;2000.0;2000.0;2000.0;2000.0;2000.0;3000.0;3000.0;1.0;1.0;1.0;1.0;1.0;1.0;13000.0;13000.0;26000.0;1.0;CX;;;;;;;;;;;;;;;;;;;;;;
CYP;2000.0;2000.0;108400.0;102770.83333333331;141387.5;117983.33333333331;84573.00724637682;93420.83333333334;47520.83333333333;61445.833333333336;41925.0;54208.333333333336;1.0;0.948070418204182;0.8344679220817492;1.1046176123450495;1.2930293730819815;1.292983502285828;425806.3405797101;431829.1666666666;857635.5072463767;1.0141445194985983;CY;1.0628542191435766;0.9891719549768317;0.9319611511330868;1.211258251721082;1.2241392667673714;1.1626563294289567;1.021502595225336;0.07406035919274208;0.0787153652392947;2.067084914475315;2.044702425954664;1.216937934121171;1.1341388779410868;0.6691749528925878;0.8105436835362133;0.5432256122421761;0.6649838026593942;0.26070977731622835;0.30311587274072666;0.7466317739512331;0.7626862947688811;0.754630018923374
CZE;2000.0;2000.0;506066.6666666666;578058.3333333334;556741.6666666666;573712.5;313662.5;407875.0;210684.6014492754;324674.6376811594;127666.66666666666;199804.1666666667;1.0;1.142257278355948;1.0304824200332292;1.300362650938509;1.541045883029702;1.5650456919060054;1716822.1014492754;2086124.63768116;3802946.739130435;1.215108214135951;CZ;1.0449965772059469;1.1928300906735079;1.095537880681633;1.3937732749741267;1.6187092636599631;1.2803201348064126;1.1669579813861988;0.00839849163090309;0.008776395007986519;1.3118045996974086;1.5647599996029846;0.8171371176851617;0.8952046661351001;0.390831372920384;0.5447303225978778;0.24735352472163402;0.4003934418658527;0.08146786805183313;0.10430495180651402;0.3792710749106567;0.4425934079759138;0.41157222892160994
DEU;2000.0;2000.0;3574579.1666666665;3624916.6666666665;4658333.333333333;4566666.666666666;2981923.188405797;3500000.0;1832262.5;2309679.166666667;1797266.666666667;2197429.1666666665;1.0;1.014082077260843;0.9803220035778176;1.1737391538482849;1.2605612823853936;1.2226505990578282;14846364.855072465;16200691.666666666;31047056.521739133;1.0912227892022657;DE;1.0602212409990475;1.099313273555056;1.0582728480582164;1.2089894923770688;1.269951906141289;1.061322762677688;1.051589023301052;0.0012734141059900764;0.0013501006837584914;1.163376175568654;1.278914871940339;0.8617620780657163;0.9119794087031725;0.5457745289884383;0.6598356707540659;0.33333202954659696;0.42331564630064517;0.11963501535265739;0.12697136500707;0.4120311600432643;0.4332874451594957;0.42285588230644566
DJI;2000.0;2000.0;7508.333333333333;5025.0;7766.666666666666;5016.666666666666;2608.333333333333;2012.5;2000.0;2000.0;3000.0;3000.0;1.0;0.6692563817980023;0.6459227467811158;0.7715654952076678;1.0;1.0;24883.33333333333;19054.166666666664;43937.5;0.7657401205626255;DJ;1.0161586967945349;0.6747392197628376;0.6432601032256025;0.751367232389121;0.9455488331892825;0.8639311773714079;0.7414401133556647;0.043094160741219564;0.04379050621825188;0.09503377337873015;0.06412301410068269;0.08350266814319453;0.05371393492940454;0.03534135457879428;0.026554335778751253;0.035156799324989454;0.03324247058041353;0.05213492518638236;0.04504098729844158;0.06118907629495019;0.04536803566425629;0.05315101602363262
DNK;2000.0;2000.0;271770.8333333333;299191.6666666666;334680.2536231884;395245.4710144927;192317.9347826087;268783.3333333333;167600.0;251256.52173913043;193120.8333333333;362093.115942029;1.0;1.1008968953622076;1.1809644182339296;1.3975988960008288;1.4991439244578189;1.8749562628338683;1161489.8550724636;1578570.108695652;2740059.963768116;1.35909074177593;DK;1.0483964799882175;1.1426163501883146;1.227757093922256;1.4224492872465953;1.4972342412541328;1.7035720430431018;1.3282435305371725;0.014048199372045487;0.014728082771825178;1.0363399824334611;1.1841390082823435;0.8157739917349892;1.0015723053899086;0.5516042781415529;0.7846291122846247;0.4336093841763621;0.6492148173179673;0.20364672142355247;0.34692686127455064;0.46490147527853853;0.6175023768759061;0.542077759109104
DMA;2000.0;2000.0;3850.0;4141.666666666666;4250.0;4079.166666666666;2116.666666666667;2154.166666666667;2000.0;2000.0;3000.0;3000.0;1.0;1.0757575757575757;0.9598039215686271;1.0177165354330708;1.0;1.0;17216.666666666668;17375.0;34591.66666666667;1.00919651500484;DM;0.9410127991096272;1.0808721125678333;0.9678544670431077;1.0637225934315815;1.040158767219239;0.9750176761725194;1.0135775004912408;1.1827321111768185;1.1129660545353366;1.2145110410094637;1.3127311146328577;0.7855822550831792;0.7603292948120534;0.4443977885086431;0.47271596810767325;0.4489337822671156;0.46696240952603313;0.36258158085569253;0.3535234503888758;0.6201299091116474;0.6285497232572441;0.6243306982396613
DOM;2000.0;2062.5;621833.3333333333;694612.5;823725.0;918229.1666666667;420034.7826086957;510370.8333333333;214308.3333333333;275930.9782608696;178020.8333333333;231687.5;1.03125;1.117039667649424;1.1147278116685384;1.2150680240421772;1.2875419913405275;1.3014628437682856;2259922.282608696;2632893.4782608696;4892815.7608695645;1.1650371778367716;DO;1.0753446411012784;1.1580913053614377;1.136558181370344;1.2130789214089115;1.2432649337487287;1.09732275564742;1.1334467946511413;0.005029143888835803;0.005408062930186824;0.8999894828353117;1.042269994988311;0.9028043406067687;1.0260896594932816;0.5640761367324105;0.6842688715398583;0.3600810080756045;0.4476760906492921;0.21823365839805003;0.239472759408366;0.543699231266739;0.6162541509335749;0.5804752888153711
DZA;2429.166666666667;2416.666666666667;2327083.333333333;2240058.333333333;2299425.0;1791283.3333333335;1068654.1666666667;819908.3333333334;431983.3333333333;367034.05797101447;288283.3333333333;252879.16666666663;0.9948542024013722;0.9626034019695612;0.7790135939782048;0.7672344888625491;0.8496486545877877;0.8771896860727293;6417858.333333333;5473579.891304348;11891438.22463768;0.8528670480112417;DZ;1.0409372441782916;0.9982498696534835;0.8318433785881787;0.8115483125086377;0.8910366530820855;0.8696014072295969;0.8882510183686534;0.0016194951886270216;0.001685792858609414;1.1260313116141751;1.1240606100445913;0.6516678508259688;0.5420855867483712;0.29089734715030235;0.23607725119306724;0.16217142907197699;0.1445006873858332;0.09118478221560937;0.07929441493261823;0.38675727440222796;0.34353754284926374;0.3655865763449416
ECU;2000.0;2000.0;974958.3333333334;1085129.1666666665;1049226.6304347827;1132187.5;534529.1666666667;659483.3333333333;269116.6666666666;364438.2575757576;213120.8333333333;312991.30434782605;1.0;1.113000555579298;1.0790685893388348;1.2337649177235417;1.3542017374463031;1.468609611986124;3042951.630434783;3556229.561923584;6599181.192358367;1.1686776504611949;EC;1.0412505069863118;1.1509416201380838;1.0972701489840488;1.2292139571604366;1.3167922544194044;1.2812811489995257;1.145608712052039;0.0031037538350758326;0.0032317852543334202;0.8749553155433106;1.0070224884198464;0.6978593385102443;0.7657402203370457;0.42696989860051515;0.5248373586471294;0.2822983036576573;0.3717282196921402;0.16226428550037636;0.2079061701675093;0.4487595767280148;0.5141028807163992;0.4817569016120394
EST;2000.0;2000.0;50933.333333333336;64862.5;66340.03623188406;76844.92753623187;49580.79710144928;73437.49999999999;22770.83333333333;42837.5;13279.166666666666;35141.666666666664;1.0;1.2734784031413613;1.1583491945592124;1.4811682000540762;1.8812442817932296;2.6463759021022906;204904.1666666667;295124.09420289856;500028.2608695653;1.440303040215866;EE;1.0650584549038105;1.3275188427325975;1.261484048659415;1.6028283453118088;1.9163329617348859;1.7320844305224523;1.2667240056407323;0.06326711375427053;0.06738317442134699;1.087250423373038;1.4433454237967023;0.7457372073863697;0.9407355916097235;0.48254286758459236;0.7734333859926276;0.24311449914409455;0.46588832818549614;0.07363528652837004;0.12754253333284946;0.37654716881735845;0.4769813379970013;0.42998425561425824
EGY;6937.5;3270.833333333333;4283333.333333333;3880366.6666666665;3600905.797101449;2900000.0;1673920.8333333335;1425375.0;689579.1666666666;611661.7424242424;471187.5;448512.5;0.4714714714714714;0.9059221789883268;0.8053529204608342;0.8515187645771778;0.8870072821093674;0.9518769067515586;10725864.13043478;9269186.742424242;19995050.872859024;0.8641902069337987;EG;0.49319520800420996;0.9458575861142847;0.8396549694295011;0.8731454860817217;0.9187764529582179;0.8259528182697966;0.8705544106902589;0.0015828012079254364;0.0007806299709721004;0.6214736809523395;0.587825595699139;0.4071287263797767;0.34184765830228314;0.2189702669488037;0.19119290017245757;0.12418197723393697;0.11409547656433477;0.07657003614097581;0.06324323714565915;0.27173986019318297;0.23656433385152978;0.25421662070342294
ESH;2000.0;2000.0;2000.0;2000.0;2000.0;2000.0;2000.0;2000.0;2000.0;2000.0;3000.0;3000.0;1.0;1.0;1.0;1.0;1.0;1.0;13000.0;13000.0;26000.0;1.0;EH;1.0456127032327451;1.110364610855288;1.2835140997830803;1.404265485188081;1.5749831159136956;1.170122488191498;1.2894633162949432;0.12100677637947722;0.12652622255962548;0.06798558705554422;0.07548878991469767;0.037556569582934296;0.048204386599180526;0.0309319805747162;0.04343671270958214;0.04513755670405561;0.07109088970248463;0.0684181718664477;0.08005764150188134;0.051584435785313514;0.06651623763693391;0.058106401761070944
ERI;2000.0;2000.0;3862.5;3066.6666666666665;3520.833333333333;2683.333333333333;2000.0;2000.0;2000.0;2000.0;3000.0;3000.0;1.0;0.7939590075512405;0.7621301775147928;1.0;1.0;1.0;16383.333333333332;14750.0;31133.33333333333;0.9003051881993896;ER;1.0136530996940532;0.8038276431710635;0.766615037499333;0.9436475213958438;0.864245810055866;0.7806903904799029;0.8537752486822664;0.011586411456643648;0.011744601887357523;0.015237828476296053;0.012248587751145975;0.014618608294650243;0.011206844945991359;0.01350621285791464;0.012745104286815826;0.01770992907173407;0.01530573199663274;0.022027563824866182;0.017196707403755764;0.015395742630795682;0.013144503993255756;0.01424026436273216
ESP;2000.0;2000.0;2642556.5217391304;2868719.3840579707;3152173.9130434785;3167786.5612648223;2191399.275362319;2721739.1304347822;1861121.739130435;2525200.0;1584656.5217391304;2443047.579051384;1.0;1.085584872247121;1.0049529780564264;1.242009688072375;1.3568161323932737;1.5416890319993035;11433907.971014494;13728492.654808955;25162400.625823453;1.2006824516701853;ES;1.0582757966692629;1.1533781568489454;1.0302740628933291;1.2592238888596479;1.3861095832184536;1.3033125364308566;1.142803413718799;0.0019065449782558546;0.0020176504057494967;1.5010508674889447;1.73127928288091;1.1752646951409582;1.2108447324379648;0.6433063489497226;0.8100667224525714;0.4704578231261116;0.6521060971351955;0.20784261418267758;0.2708838846688455;0.5583415711115288;0.6380746534873728;0.5991927297381497
ETH;2417.391304347826;2000.0;271229.1666666666;189300.0;313058.3333333333;204700.0;106687.5;64029.16666666666;24387.681159420288;13142.424242424244;15908.333333333334;9912.5;0.827338129496403;0.6979337890775023;0.6538717491415338;0.600156219488381;0.5388960170716226;0.6231011000523834;733688.4057971014;483084.0909090909;1216772.4967061924;0.658432226940064;ET;0.8510607563745466;0.7097491071881967;0.6610445928692599;0.5988186027109362;0.5038400249728878;0.5308179690075376;0.6482009174070542;0.0004057519335721616;0.00034531954748635857;0.02956385969910962;0.020982923026480162;0.031534467684385434;0.020845689351773403;0.01737617374170443;0.010405176080469907;0.0060484885300726475;0.003047470612040029;0.003652977473241796;0.0019390660831764966;0.01853382721438595;0.0120136438034288;0.015248208062669652
FIN;2000.0;2000.0;239642.9347826087;280379.1666666666;289573.2142857143;338956.52173913043;205095.10869565216;275947.82608695654;148891.30434782608;213957.60869565216;148432.42753623187;276906.52173913043;1.0;1.1699872016715689;1.1705382439298784;1.3454627360053;1.4370054022485037;1.8655392648047773;1033634.9896480328;1388147.644927536;2421782.634575569;1.342976639558438;FI;1.043958469587966;1.2406936870208998;1.247371166596101;1.4360702351072878;1.4885097913886558;1.5968462315955465;1.2978853742736984;0.0156620750683258;0.016350555918901243;1.09300726009281;1.35608720746516;0.787692832000572;0.9825453267719403;0.5508378486345614;0.7910418387946272;0.43938884597717665;0.6540345994639893;0.1582148518245434;0.2526447899184699;0.43725223584933787;0.5675032817773293;0.5034897412711054
FJI;2000.0;2000.0;50095.83333333333;56800.0;35758.333333333336;41279.710144927536;15661.41304347826;20441.666666666668;6753.079710144928;8925.0;4433.333333333333;5283.333333333333;1.0;1.1338268319055145;1.1544081140506417;1.305224925102081;1.3216192290152105;1.1917293233082706;114701.99275362316;134729.71014492755;249431.70289855072;1.1746065339450849;FJ;0.9837478971401105;1.1186841898691764;1.1592534454119956;1.3085543307179168;1.3345609902996898;1.0245248744591955;1.138620783025937;0.061074296882157146;0.0600817111271329;0.9632147000198683;1.0775330563618082;0.48842842377966883;0.5662123331037314;0.23439965641664687;0.3067246855227949;0.13845087153815253;0.18477113222781194;0.06987239094916127;0.07158600256535327;0.3403549266146494;0.3875351930487075;0.36431204004666623
FLK;2000.0;2000.0;2000.0;2000.0;2000.0;2000.0;2000.0;2000.0;2000.0;2000.0;3000.0;3000.0;1.0;1.0;1.0;1.0;1.0;1.0;13000.0;13000.0;26000.0;1.0;FK;0.8441558441558441;0.9459459459459459;0.8975409836065574;1.062043795620438;1.112540192926045;0.8999999999999999;0.9739478957915831;30.76923076923077;25.974025974025974;19.047619047619047;18.01801801801802;9.132420091324201;8.19672131147541;6.8728522336769755;7.299270072992701;5.780346820809249;6.430868167202572;6.944444444444444;6.249999999999999;8.916323731138545;8.684034736138944;8.798646362098138
FSM;2000.0;2000.0;2375.0;3450.0;2000.0;2012.5;2000.0;2000.0;2000.0;2000.0;3000.0;3000.0;1.0;1.4526315789473685;1.00625;1.0;1.0;1.0;13375.0;14462.5;27837.5;1.0813084112149534;FM;0.9938792739552553;1.4803841248203213;1.050178591677061;0.9964955318030488;0.9030193961207756;0.7918636476735504;1.0361977191805756;0.42471862391165854;0.42211903756859437;0.29881731253145444;0.4423644056930376;0.21729682746631898;0.22820047624447215;0.3516792685071215;0.35044681969511127;0.4428697962798937;0.39992001599680066;0.47132757266300085;0.3732271709380443;0.3480444456009784;0.36064286070520174;0.35447784951165784
FRO;2000.0;2000.0;2904.166666666667;3237.5;3125.0;3276.449275362319;2179.166666666667;2733.333333333333;2000.0;2158.333333333333;3000.0;3245.833333333334;1.0;1.114777618364419;1.048463768115942;1.254302103250478;1.0791666666666668;1.0819444444444446;15208.333333333334;16651.44927536232;31859.782608695656;1.0948898153662894;FO;1.0293921175684702;1.2698478899973678;1.2088210642482209;1.395012946720236;1.2390947164948456;1.081677659967945;1.1797233932936237;1.2978585334198571;1.3360053440213762;1.0979836168872086;1.3942721791559;0.8820208862545865;1.0662054264114282;0.6298169556840078;0.8786028072431157;0.5611672278338945;0.6953393470790377;0.36995930447650766;0.4001767147495173;0.6652232233983613;0.784779398405237;0.7227718377653279
FRA;2000.0;2000.0;3387533.333333333;3590595.833333333;4025000.0;4191666.6666666665;2333095.833333333;2929166.6666666665;1537429.1666666665;2136350.362318841;1427470.8333333335;2184512.5;1.0;1.0599440595910496;1.041407867494824;1.2554849332878524;1.3895601882919315;1.530337747706462;12712529.166666666;15034292.028985508;27746821.19565217;1.182635794331682;FR;1.0535030877959257;1.1154175767637426;1.0384951215388132;1.2070646188328804;1.3550323675632203;1.2558747996695943;1.0897499355476254;0.0011838753805419426;0.001247216368966513;1.1687460654040538;1.3036399041251479;1.0585300029481046;1.0992782440640723;0.5850840621506117;0.7062342704650216;0.36488493352538437;0.4944308953630499;0.13929257183480154;0.17493403074849395;0.47365289389672927;0.5161632105959069;0.49577687641245
GAB;2000.0;2000.0;30601.268115942024;25862.5;27754.166666666664;22525.0;13112.5;9312.5;4883.333333333333;2846.9202898550725;5454.166666666666;5108.333333333334;1.0;0.8451447143305373;0.8115898513736677;0.7102001906577693;0.5829870900727111;0.9365928189457604;83805.43478260869;67655.2536231884;151460.6884057971;0.8072895725520205;GA;1.0031871832736623;0.8511231917009865;0.8639026857244496;0.7968672454941654;0.6428467105084652;0.8840580357084037;0.8437786030989823;0.02118038272951592;0.0212478884910812;0.2140936944040048;0.1822201085041922;0.14126486451636983;0.1220390958541924;0.07697478103646653;0.0613386817370456;0.04499938567391571;0.028927707055378473;0.050849011454817794;0.04495347718446033;0.10220673542929982;0.08623985644784188;0.09439973200083834
GBR;5100.0;2262.5;3475037.5;4010654.1666666665;4641666.666666666;5204166.666666666;3077717.391304348;3879166.666666667;1908145.8333333333;2566666.6666666665;1857570.8333333333;2910975.0;0.4436274509803921;1.1541326292641925;1.1211849192100538;1.2604037906880925;1.345110327433918;1.5670869437459765;14965238.224637682;18573891.666666664;33539129.891304344;1.2411357165092072;GB;0.46644659088551;1.2223614956857722;1.1548865718144377;1.2373949551753596;1.2965732821631977;1.3663452020085187;1.1841775302203932;0.003061027893166525;0.0014278060253729808;1.2154467094452654;1.4857152576838648;1.0057778234260064;1.1615593025034476;0.6905942194120004;0.8545378031736746;0.441069348077053;0.5718787322978466;0.1848521396835127;0.25257183413757606;0.5350091595269558;0.6335458251739188;0.5854345531477934
GRD;2000.0;2000.0;7921.739130434782;8370.833333333332;8697.826086956522;8683.333333333334;4265.760869565218;5008.333333333333;2000.0;2062.5;3000.0;3000.0;1.0;1.0566913648005851;0.9983337498958594;1.174077377160572;1.03125;1.0;27885.32608695652;29125.0;57010.32608695651;1.0444561382993236;GD;1.043529760142138;1.1010280654215885;1.0345883813549417;1.1849898544622883;1.1022631844138397;0.9138620338736643;1.0456622330652532;0.5675368898978433;0.5922416345869115;1.296732547132883;1.4277389277389274;0.8610004045690479;0.8907810149090413;0.4732897891451479;0.5608435983575961;0.3142677561282212;0.34640577762848507;0.2386255170219536;0.2180708003198372;0.5847941885529008;0.6114971970858091;0.5981379883851784
GEO;2000.0;2000.0;235225.1811594203;275175.0;276066.6666666666;308183.3333333334;142341.6666666667;209858.33333333337;62438.76811594203;115654.94071146246;43948.007246376816;102185.68840579712;1.0;1.1698364887792534;1.1163366336633669;1.4743282009250045;1.852293762373783;2.325149530283232;762020.2898550725;1013057.2957839264;1775077.5856389988;1.3294361177398546;GE;1.0553833114000848;1.2436877530901784;1.1022514015823233;1.3722680267808536;1.5884881690993249;1.4677038790112564;1.1041883781462738;0.021134499957731;0.022304998550175096;1.534931491173916;1.9089754974054445;1.080804561251029;1.1913183424755147;0.5508599749483035;0.755927530854859;0.28978612821545047;0.46032183623934303;0.1077085762618082;0.1580842951822356;0.5501165103148232;0.6074322573160126;0.5814268559771995
GUF;2000.0;2000.0;14962.5;15479.166666666666;13183.333333333332;14429.166666666668;7001.086956521739;8837.5;3695.833333333333;4826.136363636364;3470.833333333333;3835.144927536232;1.0;1.0345307713728766;1.0945006321112518;1.2623039900636548;1.3058317105667727;1.104963724620283;44313.58695652174;49407.11462450593;93720.70158102768;1.1149427978597557;GF;1.0142043108431746;0.9760261889552236;0.9160898886245882;1.0729435094037874;1.148370144329352;1.0225293925791914;1.0027834948199146;0.1628531878511522;0.16516640515319184;0.9294055531399465;0.9071241600250036;0.7236432831997658;0.6629222947104046;0.3884313668731546;0.4167649139353926;0.24914610579299803;0.28611194946860113;0.1620219089409641;0.1656721641339251;0.43927899994569425;0.4405017307665403;0.4399227445727199
GGY;2000.0;2000.0;2695.833333333333;2762.5;3091.666666666667;3479.166666666667;2325.0;2787.5;2000.0;2300.0;3000.0;3075.0;1.0;1.0247295208655334;1.1253369272237197;1.1989247311827955;1.15;1.025;15112.5;16404.166666666668;31516.666666666668;1.0854700854700856;GG;1.115541090317331;1.067677111849001;1.1760382802369063;1.2518361536221565;1.085373556959268;0.9163083842218185;1.048830557845962;1.4587892049598834;1.627339300244101;1.0844060069723784;1.1577954735959766;0.7660224644862901;0.9008717417572933;0.55835734870317;0.6989719157472417;0.46157396722824834;0.5009801786103245;0.27693159789531996;0.25375474500742695;0.555137200161628;0.5822448593265659;0.5689237082633837
GHA;2000.0;2000.0;475854.1666666667;302691.6666666666;480091.6666666667;389883.3333333333;183629.16666666663;144220.83333333334;54797.82608695652;38970.833333333336;67800.54347826086;45866.66666666667;1.0;0.6361017468587189;0.8121018555484195;0.7853917542147899;0.7111748059401489;0.6764940856465711;1264173.3695652173;923633.3333333334;2187806.702898551;0.7306223620665221;GH;1.017637636891902;0.6454611579843622;0.8182615737039384;0.7828276486272769;0.6882836709858234;0.5927850800750843;0.719299664123439;0.0014078419612927932;0.0014326729666072585;0.21891024122315708;0.14129805779453503;0.1885159429167534;0.15425535211934444;0.08995908720073104;0.07042246070600446;0.040344492380593615;0.027768455319774562;0.04899407124335613;0.029042954445197253;0.11572019669051;0.08323749861178213;0.09935201607948967
GIB;2000.0;2000.0;2139.130434782609;2256.521739130435;2413.04347826087;2552.1739130434785;2000.0;2226.086956521739;2000.0;2000.0;3000.0;3000.0;1.0;1.054878048780488;1.0576576576576575;1.1130434782608696;1.0;1.0;13552.17391304348;14034.782608695652;27586.95652173913;1.035611164581328;GI;1.0317286652078774;1.103423431622376;1.0756057876057874;1.1242212034191479;0.9897029702970296;0.9107957425240747;1.0108676164818489;2.1208907741251326;2.1881838074398248;1.2717779041513728;1.4033095392602208;0.9586982432502463;1.031181379007466;0.7648183556405354;0.8598250121752564;0.8003201280512204;0.7920792079207921;0.5564830272676685;0.5068423720223011;0.8661196339901247;0.8755322899997288;0.8708828652252147
GRL;2000.0;2000.0;2937.5;2658.333333333333;3423.550724637681;3121.7391304347825;2360.869565217391;2200.0;2000.0;2000.0;3000.0;3000.0;1.0;0.904964539007092;0.9118425230183088;0.9318600368324126;1.0;1.0;15721.920289855072;14980.072463768116;30701.992753623188;0.9528144264561847;GL;1.0593406593406596;0.9508366263452454;0.9561738499625531;1.0483750512060996;1.2280763790664782;1.1827623624244303;1.074115257250248;1.3831258644536653;1.465201465201465;1.1337321497491315;1.077994052446607;0.7281052157885327;0.6961951673583369;0.5856783838296679;0.6140106056377338;0.5758710048949035;0.7072135785007072;0.3931847968545216;0.46504417919702373;0.6585649181022524;0.7073746264233893;0.6815092731103927
GMB;2000.0;2000.0;57478.260869565216;26208.333333333336;38554.34782608696;19402.272727272728;12431.060606060608;5506.702898550725;3426.086956521739;2000.0;3526.086956521739;3000.0;1.0;0.455969490670701;0.5032447394725376;0.4429793300071275;0.583756345177665;0.8508014796547473;117415.84321475629;58117.30895915679;175533.15217391303;0.4949699066833672;GM;1.0172658077696135;0.4618935620965683;0.5016489436122599;0.43659046984539346;0.5448734217105766;0.7121196680954;0.48188767410989697;0.01619538107731675;0.016475007413753337;0.3180303480820509;0.14689617033042998;0.19014770085858632;0.09538739326600983;0.09801202067349413;0.042791114156337226;0.04185044837869345;0.022803197008220553;0.03812604159076325;0.027150304083405734;0.14528678911851808;0.07001191288721777;0.10714530442680643
GIN;2000.0;2000.0;45850.0;20375.0;57178.442028985504;24516.666666666664;20507.789855072464;6679.166666666667;4937.5;2000.0;3995.833333333333;3000.0;1.0;0.4443838604143947;0.4287746534653465;0.3256892485181488;0.4050632911392405;0.7507820646506779;134469.5652173913;58570.83333333333;193040.3985507246;0.435569440851871;GN;1.026184416909713;0.4545294988069904;0.4280694694309148;0.2960958581388764;0.3362673838384391;0.5798292832589267;0.4116972793376628;0.003069259372367151;0.003149626139377256;0.04661898007635955;0.021189701649000782;0.05241703575234934;0.022438132683649477;0.03260773933745963;0.00965501656109391;0.012740718950706642;0.004284288229774946;0.008477027344291415;0.004915228689206813;0.03191172553060002;0.013137970579918263;0.022260368110672987
GLP;2000.0;2000.0;18365.217391304348;19832.789855072464;21659.05797101449;24515.15151515152;13082.608695652172;18660.869565217392;9055.797101449276;13552.898550724636;10239.130434782608;13788.94927536232;1.0;1.079910432449495;1.131866009498623;1.4263875041542042;1.4965991838041128;1.3466914366595897;74401.8115942029;92350.65876152834;166752.47035573123;1.241242071701436;GP;1.0757811688985779;1.1292101735765363;0.8910559509160713;0.9690091878658059;1.0990550056084787;1.0562282557277551;0.9909824178165894;0.1929943066679533;0.2076196408180214;1.291142954956717;1.457971760278796;1.42766185294407;1.2721265899616792;0.8409467568073646;0.8148851338522879;0.40645408893398904;0.4467154009929344;0.1592176901333034;0.16817022313050126;0.5243108833732868;0.5195828668928116;0.5216818409096721
GNQ;2000.0;2000.0;16087.5;11008.333333333332;11333.333333333332;7216.666666666666;5304.347826086956;3104.166666666667;2075.0;2000.0;3000.0;3000.0;1.0;0.6842786842786842;0.636764705882353;0.5852117486338799;0.963855421686747;1.0;39800.18115942029;28329.166666666668;68129.34782608696;0.7117848673400183;GQ;1.0141050039180568;0.7478247202736577;0.7585101134110946;0.8110559088724917;1.302630202765429;1.0154578763616626;0.8390937220935287;0.02759686499613644;0.027986118885033023;0.1524679189491442;0.11401927883885044;0.07486183587643393;0.056783459620796645;0.038622298299004335;0.03132484324964345;0.023590000113686747;0.030729046631328267;0.036446690640489846;0.0370100790782023;0.06248183821268264;0.05242811818912555;0.05786762416524067
GRC;2000.0;2000.0;449718.8405797101;481629.1666666666;628137.5;583354.1666666666;442850.0;507841.6666666666;347291.6666666666;434316.6666666666;283745.8333333333;366188.5869565218;1.0;1.0709561690718197;0.9287045697266388;1.1467577434044636;1.2505818836232754;1.2905514158734377;2153743.8405797104;2375330.2536231885;4529074.094202898;1.1028842933260972;GR;1.0651500228217263;1.1818583151026356;0.9880245850809951;1.1445465604023393;1.1933313105700254;1.0442703492008667;1.0182940230483868;0.009021403279280093;0.009609147908809186;1.1691455237399393;1.3817643587970732;1.1291243113040508;1.1156025791810493;0.6432743441245382;0.7362574379628112;0.45115117975898184;0.5383728286069988;0.1651270104811847;0.17243724089768192;0.4963428594361553;0.5054229671465826;0.5010639656714179
SGS;2000.0;2000.0;2000.0;2000.0;2000.0;2000.0;2000.0;2000.0;2000.0;2000.0;3000.0;3000.0;1.0;1.0;1.0;1.0;1.0;1.0;13000.0;13000.0;26000.0;1.0;GS;;;;;;;;;;;;;;;;;;;;;;
GTM;2000.0;2000.0;691704.1666666666;736750.0;598700.5434782609;604383.3333333333;248425.0;289962.5;105645.83333333331;129782.60869565218;72966.66666666667;91907.0652173913;1.0;1.0651229752603777;1.0094918735534415;1.167203381302204;1.2284687867070214;1.259576042266669;1719442.2101449275;1854785.5072463767;3574227.717391304;1.0787134899346469;GT;1.0237604326634173;1.0858801182967626;1.0160727622904369;1.139381389024665;1.0976611250285946;1.0290953218885834;1.0404085587434642;0.0026087761839604616;0.0026707618348133805;0.5305887656285078;0.5761557915876171;0.38180947264058024;0.3879462055345693;0.2295616866465651;0.2615583133982082;0.163155808488349;0.1790897883002711;0.0929474971901322;0.09565183453961731;0.2794443770220463;0.29073632154647233;0.28519240502906473
GUM;2000.0;2000.0;11631.702898550726;15141.666666666666;13284.782608695652;14545.833333333334;7558.333333333333;8912.5;4341.666666666666;5862.5;4033.3333333333335;5897.644927536232;1.0;1.3017583752550344;1.0949244531718758;1.179162072767365;1.350287907869482;1.4622260150916278;42849.81884057971;52360.14492753623;95209.96376811594;1.2219455377942003;GU;1.0445198219207124;1.4166683187017932;1.2269204555697724;1.2246478931617908;1.339840806067784;1.3630572379457098;1.2436281389596113;0.40592652729855894;0.42399830400678395;1.3653836011915397;1.9342956906830182;1.1218360588326002;1.3764036083774918;0.7930262651697968;0.9711779448621554;0.44543620259225053;0.5968136007329737;0.21704425191483256;0.2958437385270245;0.6785510275788962;0.8438651516170745;0.7604811917866717
GNB;2000.0;2000.0;12054.166666666666;6645.833333333333;10506.884057971014;5504.166666666666;3658.333333333333;2175.0;2000.0;2000.0;3000.0;3000.0;1.0;0.5513307984790875;0.5238628918238559;0.5945330296127563;1.0;1.0;33219.38405797101;21325.0;54544.38405797101;0.6419444732264099;GW;1.0168591030789829;0.5569263877595478;0.5223253119447795;0.5817788960440614;0.892977171450621;0.6920033366399134;0.6084531637684193;0.02057020611346526;0.020917001338688086;0.08318094515175563;0.04632566331379232;0.06538971040739736;0.034154700886522615;0.031674704393476305;0.018427674554558626;0.027878449958182325;0.02489481938808534;0.048868689830425645;0.033817296419875555;0.05099299110901989;0.031026846770298034;0.04074252707208548
GUY;2000.0;2000.0;28495.652173913044;34883.514492753624;29047.82608695652;35904.34782608696;11730.434782608696;15704.347826086956;5106.340579710145;7272.282608695652;3786.413043478261;4871.557971014492;1.0;1.224169718238226;1.236042508606496;1.3387694588584136;1.4241671692624258;1.2865891584134728;80166.66666666667;100636.05072463768;180802.71739130435;1.2553353520744823;GY;1.033874062445491;1.2563840828631185;1.1640010408698418;1.1838010127118257;1.2715301957256644;1.049507262523314;1.1562866836481287;0.06748549061951681;0.06977149834292691;0.5412176819796973;0.679977281003365;0.4434647199620854;0.5161933956249204;0.26794661327597014;0.31719547214879734;0.1245631209374578;0.15838576954580533;0.07045669123161571;0.0739448091409434;0.2800063801869581;0.3237676487466949;0.30278568252411003
HKG;2000.0;2000.0;278610.2272727273;423050.0;541479.1666666667;684541.6666666667;397433.3333333333;519587.31884057965;199962.5;232008.3333333333;164891.6666666667;191842.0289855073;1.0;1.5184295427385113;1.264206840829518;1.307357172290312;1.1602592152695297;1.1634428401607555;1584376.893939394;2053029.347826087;3637406.241765481;1.2957960670086748;HK;1.0268579062082543;1.5016256385481856;1.0489615127331626;0.8417115117175266;0.8002187565037645;1.0136884746802883;1.0368770981381075;0.017117425539198903;0.017577163748857483;1.3752892753722044;2.065169636319258;1.2380713391272273;1.2986891847624686;0.8691493882859103;0.731573045522497;0.42739632626714713;0.3420105567397737;0.1269698388400012;0.1287078622641229;0.5315671743891851;0.5511698292461316;0.5424564165882573
HND;2000.0;2000.0;356600.54347826086;424400.0;304162.5;377737.5;130200.0;187095.8333333333;55029.16666666666;88420.83333333331;39970.833333333336;63711.23188405796;1.0;1.1901271822539226;1.2418937245715695;1.4369879672299026;1.606799424547588;1.5939430472400615;887963.0434782609;1143365.3985507244;2031328.4420289851;1.2876272351065658;HN;1.048567327653057;1.2418919200725336;1.2820794909238469;1.4603392723476847;1.563986250126473;1.3666719323037821;1.288326702558273;0.004593424512809912;0.004816514866173134;0.4735680676410621;0.588120356807798;0.32995544726841963;0.4230291118614457;0.18430779118012194;0.26915190565998826;0.12007891913516264;0.187801778457443;0.08613512682596054;0.11771846021846682;0.23748728092444724;0.3059612055329234;0.27171494661804835
HRV;2000.0;2000.0;159475.0;190120.8333333333;237637.50000000003;237204.1666666667;132516.66666666666;165358.3333333333;80279.16666666666;114258.33333333334;62173.73188405797;88316.66666666667;1.0;1.1921670063228302;0.9981764943103116;1.24783046157716;1.4232625733118809;1.4204819944114058;674082.0652173912;797258.3333333333;1471340.3985507246;1.1827318578431807;HR;1.055444974399419;1.2632325471958858;1.053631799350998;1.2870334883277559;1.4168441207984135;1.0989066855526801;1.079518715487522;0.023721978412999643;0.025037242898811984;1.1135122680110041;1.4066249386534082;1.0711194948142742;1.1285655606410954;0.4963059506777625;0.638762378978624;0.3015531072788443;0.42725374715652364;0.09796692910005353;0.10765651335111424;0.4168070685442907;0.4499510312410523;0.43413513159740835
HTI;2000.0;2008.3333333333333;146345.83333333334;96862.5;100366.66666666669;78357.97101449275;34524.99999999999;26833.333333333336;11929.166666666668;8851.992753623188;11541.666666666668;7726.811594202898;1.0041666666666669;0.6618739857073712;0.780717080848483;0.7772145788076276;0.742046196601315;0.6694710406529586;306708.3333333334;220640.94202898556;527349.2753623188;0.7193835903675658;HT;1.0160952496541533;0.6643028542680226;0.7759135666306388;0.7652211482817226;0.7147945561932767;0.556442269878477;0.6951955290229869;0.004245797721704942;0.004314134896016818;0.18927464854613704;0.12573568926977566;0.1032140321722012;0.08008516782906214;0.047082199178499144;0.036028294518999894;0.023777963815636485;0.01699635909277767;0.02116160560512108;0.011775211857186678;0.07673371281338963;0.05334493407320235;0.06483935964940576
HUN;2000.0;2000.0;350358.3333333333;389854.1666666667;441558.33333333326;451462.5;227354.1666666667;271700.0;168558.33333333337;238754.1666666667;102591.66666666669;172089.01515151514;1.0;1.1127298242275767;1.0224300300073603;1.1950517731146335;1.416448311662629;1.6774170918838287;1292420.8333333333;1525859.8484848484;2818280.6818181816;1.1806215198105738;HU;1.0537420280530834;1.1767541962565369;1.0931124309246811;1.24036236898731;1.4290787615509914;1.19424282601945;1.0658180097949548;0.00969142502713599;0.010212261862818687;0.9755453521968622;1.1479770868362187;0.6962511996854799;0.7610808414224206;0.3325169863071132;0.4124415568644119;0.21656465311967882;0.30948794627599063;0.0781663300263598;0.09334957887024889;0.32519892028183783;0.34660286600225665;0.3364478137389527
IDN;2695.833333333333;2858.333333333333;11787320.289855072;15204908.333333334;17654166.666666668;18550000.0;7166666.666666666;7737500.0;2878279.1666666665;3278387.5;1774170.8333333335;1808012.5;1.0602782071097374;1.2899376583853124;1.0507434505546376;1.0796511627906975;1.1390095644532976;1.0190746381525642;41263299.45652174;46581666.66666667;87844966.1231884;1.1288885590874471;ID;1.1166046070725089;1.3565394224840568;1.1008412857206902;1.1160563264727155;1.1396691431521264;0.8774456674131793;1.1246311940198943;0.0002801765567865309;0.0003128464341015528;0.7445841950967979;1.0100578140073666;0.8044491471715052;0.8855708334691925;0.3407176515292628;0.38026009053015997;0.1620735454601576;0.18471021868220497;0.08515618335314361;0.07471992413665816;0.3855455187175534;0.43359651706434155;0.40961640702976915
IRL;2000.0;2000.0;264978.4420289855;320232.9710144928;337182.6086956522;373250.1811594202;231054.16666666663;338256.884057971;150155.07246376813;239652.17391304352;115662.86231884058;209999.6212121212;1.0;1.2085246202008506;1.1069674755862728;1.463972231870468;1.59603115619601;1.8156184016372376;1101033.152173913;1483391.8313570488;2584424.983530962;1.3472726306453129;IE;1.0506598459509287;1.2498235053532096;1.1149940989144183;1.3657606181857382;1.5684625013171967;1.6744719739525575;1.3022880245902133;0.013871453242798981;0.01457417892719469;1.12558011184073;1.4067764809366392;1.0845895063951372;1.2093108993750796;0.6180050516532886;0.8440469613879044;0.41727360569954014;0.6544780033291464;0.17461101824544964;0.2923812563953241;0.5276677701383125;0.6871754180133456;0.6087756654929629
ISR;2000.0;2000.0;521575.59523809527;593037.5;709136.1904761905;719358.8744588746;384077.2727272728;474613.6363636364;243413.63636363635;345526.6233766234;240443.18181818185;365224.1304347826;1.0;1.1370115960454072;1.0144156850545445;1.235724345243026;1.41950397084755;1.5189623081554358;2100645.8766233767;2499760.764633917;4600406.6412572935;1.189996273266242;IL;1.0500797249575435;1.1870858411155714;1.043663224262581;1.2290065386245996;1.3892797543914739;1.3016634674677154;1.153232020072701;0.00658765868022846;0.006917566815048475;1.0516400287885719;1.2483869881252856;1.1423106818175368;1.1921876492952774;0.6833932772742237;0.8398948062221152;0.4964413560281131;0.6896959251725072;0.27547286188064896;0.35857296058882054;0.6278976042380748;0.7241116225342847;0.6767593918555813
IMN;2000.0;2000.0;3554.1666666666665;3833.333333333333;3865.1515151515146;4335.144927536232;2826.268115942029;3773.913043478261;2160.8695652173915;2965.217391304348;3000.0;3508.6956521739125;1.0;1.078546307151231;1.1215976684335216;1.3352990192936351;1.3722334004024144;1.1695652173913045;17406.4558629776;20416.304347826084;37822.76021080368;1.1729156416758126;IM;1.1211594202898552;1.1956350672084024;1.1120050567956032;1.2679450411436108;1.3385192377827002;1.0923108482523443;1.140957387103922;1.0341261633919339;1.1594202898550725;1.0979816702708267;1.3127853881278537;0.8549328721856922;0.9506896770912789;0.5708479329311309;0.723803805807108;0.3604452986184139;0.4824629663690771;0.1968245637055505;0.21499360613810736;0.4851297620673802;0.5535123857347454;0.5197933101189264
IND;70983.33333333334;24366.666666666668;118483399.20948616;50745833.333333336;108626992.7536232;43126086.95652174;38762500.0;15483333.333333332;12354166.666666666;6350000.0;7912500.0;4207100.0;0.3432730687954918;0.4282948807335573;0.3970107784750701;0.3994410405245619;0.5139966273187184;0.5317030015797788;286210541.9631094;119936720.28985508;406147262.2529645;0.4190506732114504;IN;0.37763554421860535;0.4722996047456352;0.4335914616768369;0.43061040690316793;0.5373570400670958;0.5107097940773636;0.443667205948958;0.0013300112219970105;0.0005022595116356936;1.2444933872376303;0.5877737349008896;0.8651349328779363;0.3751151200942365;0.3646684535083777;0.15703003114999148;0.15478355954493778;0.08317403540811685;0.07683129615576394;0.03923849543840714;0.5081559487210443;0.22545212995540767;0.37083733224762727
IOT;2000.0;2000.0;2000.0;2000.0;2000.0;2000.0;2000.0;2000.0;2000.0;2000.0;3000.0;3000.0;1.0;1.0;1.0;1.0;1.0;1.0;13000.0;13000.0;26000.0;1.0;IO;;;;;;;;;;;;;;;;;;;;;;
IRQ;2575.0;5133.333333333333;3943021.7391304346;2972510.144927536;4410144.927536232;2665178.2608695654;1755056.5217391304;927892.7536231884;731143.4782608696;430366.1231884058;412944.384057971;281495.45454545453;1.9935275080906147;0.7538660300622821;0.6043289516924087;0.5286967924564138;0.5886206141263735;0.6816788541333859;11254886.050724637;7282576.070487484;18537462.12121212;0.6470590672944754;IQ;2.0908102894001392;0.7859904742907311;0.6190388243017183;0.5253854657887824;0.5630990314221735;0.5292290006971513;0.6358889396781894;0.0013153525911169003;0.0027501527316963494;1.3037803931193426;1.0247589695588282;1.2579320355484567;0.778708768337384;0.7062652855188208;0.37106151600275306;0.4072850604517858;0.22934182305312198;0.2626598650382346;0.1390072178974335;0.7848525515758741;0.499079056825304;0.6407217450538555
ISL;2000.0;2000.0;18810.869565217392;20795.83333333333;27737.5;29079.166666666664;19523.91304347826;22208.333333333336;13595.833333333332;17779.166666666668;15008.333333333332;26165.579710144928;1.0;1.1055221695750992;1.0483701366982123;1.1374939687488403;1.307692307692308;1.7434034232189848;96676.4492753623;118028.07971014494;214704.5289855073;1.2208565849782822;IS;1.0555319600764492;1.1301457402866457;1.1773165158906587;1.286399311238157;1.403385691521285;1.6765120161399267;1.2794971027243913;0.20118700331958556;0.21235931195582927;1.0563156763936092;1.1937906620742438;0.8332332001562077;0.9809792081323302;0.6860847258487635;0.8825789187828691;0.568055207375839;0.7972005500254088;0.3003108158582786;0.5034746913631889;0.5916370323757676;0.7569978687892516;0.6723783559036434
ITA;2000.0;2000.0;2850088.4057971016;3169820.833333333;3589855.072463768;3316666.666666667;2399883.333333333;2750000.0;2269950.0;2754710.144927536;2557558.333333333;3229362.5;1.0;1.1121833367996212;0.923899878885749;1.1458890362725964;1.2135554285017451;1.2626740348053318;13669335.144927535;15222560.144927535;28891895.28985507;1.113628423294338;IT;1.060590479944105;1.2036919205573309;0.9785788177812168;1.158778538483341;1.1946112905001671;1.066470176851097;1.0489047854207352;0.0016891578028110964;0.0017915046847847508;1.3116911343001663;1.5788720206237907;1.0788441753928153;1.055734057726053;0.6628283357790126;0.7680712501993494;0.49059410958557714;0.5860692623638067;0.23924966406028458;0.2551526315419373;0.5335023429552462;0.559593160558932;0.5469381949242973
JEY;2000.0;2000.0;3537.5;4054.1666666666665;5060.869565217391;5562.5;3957.707509881424;5295.652173913044;3000.0;4260.869565217392;3292.028985507246;5086.51185770751;1.0;1.1460541813898704;1.09911941580756;1.338060521322281;1.420289855072464;1.5450993536509716;20848.106060606064;26259.700263504616;47107.80632411068;1.259572461266596;JE;0.9824399260628467;1.2030672518660357;1.1259054291903599;1.330659943772812;1.420654921222078;1.3884848849503948;1.2155248918244588;0.9407337723424269;0.9242144177449169;0.896477445514445;1.0785226567349473;0.8026755852842808;0.9037367993501219;0.5368566888064872;0.7143736913412982;0.3854554798920724;0.5475992244206904;0.20039134316455112;0.27824035105888684;0.4742517302230679;0.5764647830769568;0.5262677636109915
JAM;2000.0;2000.0;145591.6666666667;164816.66666666666;174287.5;198404.16666666663;78891.66666666666;100650.0;36979.16666666667;48841.66666666666;30004.166666666664;39191.30434782609;1.0;1.132047392822391;1.138372899184776;1.275800147882117;1.3207887323943657;1.306195395567041;467754.16666666674;553903.8043478259;1021657.9710144928;1.1841771678809043;JM;1.0348424951576183;1.1708000099280786;1.174707185527198;1.3059943202727002;1.2584102250073759;1.0592772664113066;1.1455457559444409;0.02189165818364912;0.022654418177905145;0.85125893356565;0.9966539678700288;0.6541439595249892;0.7684276096232173;0.3527950069836045;0.46074827534115514;0.21728677251164416;0.27343589628750464;0.1334526827677208;0.14136339299744655;0.4076427579383236;0.4669734312977337;0.4378000045485134
JOR;2000.0;2000.0;744375.7246376812;720487.5;709386.5942028986;633347.8260869565;307343.4782608696;320210.14492753625;153881.43939393942;178694.46640316205;108326.08695652171;129439.01515151517;1.0;0.967908377655238;0.8928105369662604;1.0418641278463885;1.1612476924244308;1.194901604850431;2025313.3234519104;1984178.95256917;4009492.27602108;0.9796898729661088;JO;1.0020600817027088;0.9889533934230557;1.0051226952403396;1.1656693404516345;1.3167716603621318;1.2417425297746971;1.0572670229313206;0.004369493073261106;0.004378494585991445;1.0534269683235347;1.0417901750469212;0.7000748979848027;0.7036611683325906;0.3947756189070766;0.46017783531779755;0.2585782018563742;0.34048844819187235;0.17877538965716022;0.22199300461433938;0.4871809034068306;0.5150803033739312;0.500599331486801
JPN;2091.666666666667;2287.5;5196783.333333334;7300158.333333333;5004166.666666666;7095833.333333333;3804166.666666667;5766666.666666666;3854166.6666666665;5079166.666666666;3233516.6666666665;3816189.673913044;1.093625498007968;1.4047455637621988;1.417985012489592;1.5158817086527927;1.3178378378378377;1.1801979291626898;21094891.66666667;29060302.173913043;50155193.84057972;1.3775990241198064;JP;1.1585903286928576;1.4787776087535127;1.47585344934824;1.5534125871708817;1.3438172254188556;1.0016968820223866;1.2976114662474105;0.0009074030933262998;0.0010513084481538334;1.2050160003054597;1.78195067944143;0.8012631910871671;1.1825470444017736;0.5108763504649815;0.7936017533002249;0.40206341902352327;0.5402997481946098;0.13469496389088303;0.1349235253536155;0.39135909678618364;0.507832051409982;0.45133681786788826
KEN;2812.5;2000.0;863820.8333333333;646279.1666666667;599058.3333333333;556958.3333333333;193441.66666666663;184800.0;63416.66666666666;55225.0;86462.5;106858.33333333334;0.7111111111111111;0.7481634405282733;0.929723037545036;0.9553267565588248;0.8708278580814719;1.2358922461568118;1809012.5;1552120.8333333333;3361133.333333333;0.8579934264320084;KE;0.7123133742487879;0.7263926614665475;0.8964572508485589;0.9872838429302249;0.8813794792009733;1.064039351793657;0.837437153585113;0.0010764215270527215;0.0007667494500489569;0.22755331643013157;0.1652930591472227;0.14407582155706344;0.12915781490679262;0.061431368619862904;0.06065019768748148;0.03184589166236893;0.028068315408069342;0.04781495935624765;0.05087699835946181;0.10328109024798024;0.08649142223643573;0.09478447295461073
KGZ;2000.0;2000.0;508966.6666666667;539366.6666666666;443977.8985507246;447719.0217391304;253410.86956521735;287343.4782608696;114576.26811594202;161269.74637681158;88312.5;158659.0579710145;1.0;1.0597288624009429;1.008426372575342;1.1339035249508875;1.4075318478135412;1.7965639968409284;1411244.2028985508;1596357.971014493;3007602.1739130435;1.1311706136583146;KG;1.0646810648343275;1.0445018915631914;0.9932976283058564;1.1046614718207706;1.3328108874809064;1.4221434491265006;1.0689210840267414;0.007997312902864637;0.008514587617235229;1.3868830600259048;1.4486019795740048;0.8044433184408326;0.7990516403137717;0.5732006694561327;0.6331926951700627;0.34517994081902925;0.46005958326361707;0.21485971622095057;0.3055613379048038;0.5995011123041926;0.6408193788394349;0.6207447763574434
KHM;2000.0;2000.0;299562.5;427333.3333333333;334487.5;372216.6666666666;107354.16666666669;96183.33333333334;22404.166666666668;16458.333333333336;14150.0;11633.333333333332;1.0;1.42652479310105;1.112796940593196;0.8959441102270522;0.7346103775339409;0.8221436984687868;779958.3333333333;925825.0;1705783.3333333335;1.1870185373150277;KH;1.042470507020377;1.4255315887601776;1.0745907791551512;0.869844422887352;0.6815445632926723;0.6063038200461539;1.1018405969932035;0.002956262102197981;0.0030818160525634547;0.3038032901268811;0.433081186845142;0.24378702494373375;0.2619712890822031;0.0871055284237527;0.075768258102057;0.030461054717277;0.02076056623472075;0.014574466770215764;0.00883655487791755;0.1305706566168764;0.14386805023653362;0.13746677900724721
KIR;2000.0;2000.0;2000.0;2000.0;2000.0;2000.0;2000.0;2000.0;2000.0;2000.0;3000.0;3000.0;1.0;1.0;1.0;1.0;1.0;1.0;13000.0;13000.0;26000.0;1.0;KI;0.9703966844286561;1.0107499360122856;0.9322033898305084;0.8997998351583656;0.8531711555169418;0.7334240475012368;0.8992525256876979;0.4067520846044336;0.39471087428458657;0.2532286654849329;0.2559508574353724;0.19138755980861244;0.1784121320249777;0.26171159382360637;0.23548804898151418;0.4073319755600815;0.3475238922675934;0.5059875189745321;0.3711034141514102;0.31140708091793223;0.2800336040324839;0.29488822602048337
COM;2000.0;2000.0;9841.666666666666;4891.666666666666;5903.804347826087;3187.5;2508.333333333333;2000.0;2000.0;2000.0;3000.0;3000.0;1.0;0.4970364098221845;0.539906103286385;0.79734219269103;1.0;1.0;25253.804347826084;17079.166666666664;42332.97101449275;0.6763007438971026;KM;1.0530860249440357;0.5130268573231663;0.5095547211586109;0.8142147376039283;1.0760089893174891;0.9277819430672115;0.6779603257248408;0.055213538359605775;0.05814460563421229;0.17629496939841766;0.090444054112354;0.10300447253517495;0.05248641528075086;0.05036712783545176;0.04100965777440587;0.05722133211261158;0.061570667733891575;0.07820442637053258;0.07255665465450939;0.09268199395116701;0.06283471480796092;0.07777664258232805
KNA;2000.0;2000.0;3654.1666666666665;4141.666666666666;4625.0;5245.833333333333;2516.666666666667;2979.1666666666665;2000.0;2000.0;3000.0;3000.0;1.0;1.1334093500570124;1.1342342342342342;1.183774834437086;1.0;1.0;17795.833333333332;19366.666666666664;37162.5;1.0882697260594707;KN;0.9090909090909091;1.0556030991531407;1.057698185086383;1.0339223007437284;0.9579805581687049;0.8752419496744679;0.9874553771445301;1.6528925619834711;1.5026296018031555;1.642322097378277;1.733640295800195;1.3124290578887627;1.3881538325835758;0.7324408226620102;0.7572869005253346;0.6546644844517185;0.6271558482282847;0.6031363088057902;0.5278901988386417;0.9659049790128816;0.9537880653369448;0.9595522734901495
KOR;2000.0;2020.8333333333333;2659175.0;3519566.6666666665;3404166.666666667;3970833.333333333;2046708.3333333333;2675083.333333333;1048212.5;1364445.8333333335;582287.3188405797;683599.6376811594;1.0104166666666667;1.3235558647575532;1.1664626682986534;1.3070173652816512;1.30168819140521;1.1739902545745071;9742549.81884058;12215549.63768116;21958099.456521746;1.2538349677266398;KR;1.0770986668353402;1.437021892919319;1.325036135323164;1.3949251228278678;1.332477835141839;1.0173820560421798;1.2410950625844106;0.002138255311960759;0.002303111945866517;1.2733481681321897;1.8298291949146668;0.9039880189389142;1.1978167909932622;0.5298629055105397;0.7391190785512206;0.24376876150573903;0.3248164716063743;0.07151693621805338;0.07276004761136057;0.4218633894832292;0.5235725697727599;0.47297765931705216
KWT;2000.0;2000.0;262462.31884057965;215458.3333333333;670779.1666666667;382508.3333333333;443958.3333333333;269475.0;186670.83333333337;117033.33333333331;99412.5;71133.33333333334;1.0;0.8209114904002786;0.570244802375347;0.6069826372595026;0.6269502912881407;0.715537113877363;1665283.152173913;1057608.3333333333;2722891.485507246;0.6350921955540701;KW;1.0580440496691743;0.9209724241364066;1.1118778213410112;1.1801265056517947;1.178321154021367;1.1072058532179199;1.0970423287831386;0.017132968972193192;0.018127435874195595;1.4932060399074913;1.375201586308726;1.0425862890774764;1.159228571659474;0.5603730280444217;0.6613110634475786;0.37987784486542114;0.4476181005489727;0.35229048616352865;0.3900580883132455;0.6656536935595317;0.7302502781456466;0.6893382204560715
CYM;2000.0;2000.0;3850.0;4191.666666666666;8491.666666666666;8395.833333333332;6158.333333333333;6854.166666666666;3295.833333333333;4066.666666666666;3000.0;3179.166666666667;1.0;1.0887445887445886;0.9887144259077526;1.1129905277401897;1.2338811630847026;1.0597222222222222;26795.83333333333;28687.5;55483.33333333333;1.0705955527911677;KY;1.0289952798381659;1.1047174475009525;1.0002577923015994;1.1447578414779322;1.289603539986715;1.0026892890120036;1.0781672969843141;1.3106159895150722;1.3486176668914363;1.5044939429464634;1.6620407084324609;1.4202486480459384;1.4206147772137618;0.8719146727075369;0.9981311586816173;0.5104279593206339;0.6582497032480845;0.41823504809703066;0.4193598030163127;0.8712108896619738;0.9393110900101503;0.9051410051442678
KAZ;2000.0;2000.0;1330408.695652174;1712996.7391304348;1442518.65942029;1737726.0869565215;984982.2463768116;1357707.3122529644;483104.1666666666;864780.7971014492;411563.2246376812;945256.5217391304;1.0;1.28757181513363;1.2046472159014343;1.3784079025253455;1.7900503799590135;2.296746806207685;4654576.992753624;6620467.4571805;11275044.449934123;1.4223564176696248;KZ;1.0475504253704517;1.3400528728896508;1.2360279155750753;1.368812052945596;1.6236077326058809;1.5989143227309779;1.2999829491466832;0.0030502312075255307;0.003195270998921596;1.5238910462274942;2.0420945744679693;0.96343770123084;1.1908358936387975;0.6998853491651046;0.9580115016172324;0.4553351002432328;0.7392855896817866;0.2814573246565799;0.45002614763094845;0.6690902238045878;0.8698058823867023;0.7739592965553986
LAO;2000.0;2000.0;101041.66666666669;146366.66666666666;81587.5;104300.0;36512.49999999999;39416.66666666666;12825.0;10279.166666666668;7520.833333333334;6650.0;1.0;1.4485773195876288;1.2783821051018844;1.0795389706721443;0.8014944769330735;0.8842105263157894;241487.50000000003;309012.5;550500.0;1.2796210984005385;LA;1.0302790645124844;1.4881882017436057;1.2957945968918112;1.1070449947750352;0.7972980365791098;0.7889565280072243;1.2777576322859399;0.006646130124581709;0.006847368727382285;0.1982756477931144;0.29507147973878334;0.12318515633021096;0.15962265998996045;0.07135458906987423;0.07899274068403368;0.03748038307435582;0.02988303583541679;0.019666062629817807;0.015515668491993678;0.08913753951415128;0.11389617143739632;0.10152587581974537
LBN;2000.0;2000.0;407023.9130434783;389883.3333333334;407475.0;379652.7173913043;207687.5;223966.6666666667;111908.33333333334;140716.66666666666;105962.5;136559.42028985507;1.0;0.957888027801664;0.9317202709155268;1.0783829872605075;1.2574279544269862;1.2887523443657434;1242057.2463768115;1272778.8043478262;2514836.0507246377;1.0247344138610617;LB;1.0768605784855378;1.054839710316673;0.8076601654605096;0.9536688731861859;1.0881212537509468;1.0718241205914296;0.9345797829442853;0.009145323767324673;0.009848238642518785;1.1585659476867851;1.2221013686406899;1.1581719372644432;0.9354093384827193;0.6276120598216471;0.5985340858881715;0.37468638952875843;0.4077042239374483;0.20874991381093566;0.22374319279394284;0.6032250393762549;0.5637619263668182;0.5825855676443633
LCA;2000.0;2000.0;7995.833333333333;9441.666666666666;11583.333333333332;13450.0;6033.333333333333;7879.166666666666;2554.166666666667;3441.6666666666665;3000.0;3000.0;1.0;1.180823345492444;1.1611510791366908;1.305939226519337;1.3474714518760194;1.0;33166.666666666664;39212.49999999999;72379.16666666666;1.182286432160804;LC;1.054318418314256;1.219111722902486;1.1987979201714218;1.2943359503096392;1.299802241317769;0.8501445306557128;1.1442924975776898;0.3947887879984208;0.4162330905306972;0.8023111913840391;0.9781069788321419;0.7217479801441419;0.8652299774847217;0.44333406814118104;0.573823222392154;0.21386307181333558;0.2779797000780766;0.17895490336435219;0.1521375323292256;0.4518804129142426;0.5170833663000763;0.4850142843421719
LIE;2000.0;2000.0;2025.0;2058.333333333333;2000.0;2000.0;2000.0;2000.0;2000.0;2000.0;3000.0;3000.0;1.0;1.0164609053497942;1.0;1.0;1.0;1.0;13025.0;13058.333333333332;26083.33333333333;1.00255918106206;LI;1.0823211875843455;1.0220651005550307;1.0500848896434636;0.969779155366137;0.9935175707949504;0.9108219178082191;0.9701608112132226;2.493765586034913;2.699055330634278;1.3879369431117203;1.4185619113255223;0.8084074373484236;0.8488964346349746;0.7990411506192568;0.7748934521503293;0.6868131868131868;0.6823609689525759;0.45119566852158227;0.410958904109589;0.7753437704625276;0.7522081413210445;0.7635859753895995
LKA;2000.0;2341.666666666667;507685.6884057971;322454.1666666666;397416.6666666666;270900.0;145275.0;92966.66666666669;59975.0;46662.5;34216.666666666664;30197.10144927536;1.1708333333333334;0.6351452759663505;0.6816523380163557;0.6399357540297138;0.7780325135473114;0.8825261017810627;1146569.0217391306;765522.1014492753;1912091.1231884055;0.6676633390008405;LK;1.1963278246530942;0.6515170967585608;0.665481553523714;0.5956241408179068;0.7221620201962299;0.6915790175031833;0.6094760535497222;0.0027221847165661275;0.003256625320273455;0.4204711433756719;0.27394413860287037;0.24960520610826697;0.1661076603285363;0.09359809034768686;0.05574928214553782;0.045012285971177124;0.03250616337059569;0.01539121268961629;0.010644239750067362;0.13267457363448365;0.08086197554513713;0.1055879670789098
LBR;2000.0;2000.0;18629.166666666668;15729.166666666668;23808.33333333333;21449.27536231884;14533.333333333334;10079.166666666666;5345.833333333333;2983.333333333333;4854.166666666667;4716.666666666666;1.0;0.8443301274882576;0.9009146109479388;0.6935206422018348;0.5580670303975059;0.9716738197424892;69170.83333333334;56957.60869565217;126128.4420289855;0.8234338947627564;LR;1.0217520578385653;0.8567251056349923;0.8979332412902735;0.680293936963844;0.524335690525042;0.8476396009245343;0.8057598107973123;0.0076579060221772955;0.007824481236893993;0.05047268898076552;0.04324121979872845;0.06374983822669682;0.05724309887062847;0.05095874912633796;0.03466692806590929;0.028745057552847886;0.01507205960115457;0.02464369239933528;0.02088896959067953;0.041373258215984914;0.03333690871218035;0.0373114928476258
LSO;2000.0;2000.0;7350.0;11595.833333333332;5825.0;8804.166666666666;2616.666666666667;3425.0;2000.0;2000.0;3000.0;4000.0;1.0;1.5776643990929704;1.5114449213161658;1.3089171974522291;1.0;1.3333333333333333;22791.666666666668;31825.0;54616.66666666667;1.396343692870201;LS;1.0028616884995247;1.5654081868018064;1.4643906413235532;1.222519135446217;0.9225099250707965;0.8554592477452554;1.2846929566224548;0.020603051311899292;0.020662010826893673;0.04775611245752305;0.07475780941083432;0.02896036035140228;0.04240928066795119;0.01798186237117771;0.021983170839725032;0.029375477351506963;0.02709916941045757;0.041062702747094816;0.03512746880241677;0.030850536314296018;0.039633466711001354;0.035424882385498825
LTU;2000.0;2000.0;95233.33333333334;124020.83333333331;153625.0;175875.0;85695.83333333334;132808.3333333333;38244.02173913043;77541.66666666666;24804.166666666664;65250.362318840576;1.0;1.3022838641932095;1.144833197721725;1.549764185345456;2.0275500101844086;2.630621024109145;399602.3550724638;577496.1956521738;977098.5507246376;1.4451771575456576;LT;1.036868952066612;1.3657064546739308;1.2766726527626475;1.732545017376893;1.9685731035739804;1.6725291369322168;1.253181870440582;0.03617290649303671;0.03750656364863851;0.8724756381714963;1.1915456105965692;0.7484337091132309;0.9555048488305762;0.4368581051229244;0.7568763333314336;0.20125784364757496;0.3961907778879135;0.0654461773627686;0.10946063854006416;0.3521051331378355;0.4412517693374027;0.3998499591492925
LUX;2000.0;2000.0;27716.666666666668;28250.0;42637.5;42683.33333333333;30069.565217391304;35460.86956521739;20265.217391304348;24543.478260869564;16321.73913043478;19734.78260869565;1.0;1.0192423331328924;1.0010749535815495;1.1792943898207056;1.2111134949581637;1.209110282365477;139010.68840579712;152672.46376811594;291683.1521739131;1.0982785965525017;LU;1.065417759460472;1.0914550466509279;1.0508349516681192;1.1986652065091414;1.269740343752897;1.129318934345751;1.1062719418406848;0.14066676044450696;0.14986886474334957;1.018770369281286;1.1119420609304889;0.799923079809388;0.8405871309097115;0.5833539987077815;0.6992461413289963;0.41940473501737097;0.5325351124125491;0.18543216462661652;0.20941205454955644;0.4918799636454247;0.5441530025345492;0.5179217162788329
LVA;2000.0;2000.0;82425.0;91345.83333333334;98405.615942029;105583.51449275362;65018.11594202898;96514.62450592886;29030.434782608696;58860.86956521739;20521.739130434784;57684.58498023715;1.0;1.108229703771105;1.0729419604969817;1.4844266572101623;2.02755728620638;2.810901386748844;297400.90579710144;411989.42687747045;709390.3326745719;1.3852998388597573;LV;1.0444750905016376;1.1709911253511927;1.1539304696506791;1.5282975492485253;1.8922882159909695;1.7322869065650157;1.1507622627106453;0.04715535331148469;0.04925259191764966;1.3031620553359684;1.525991201692839;0.8571096492673089;0.9890449401211546;0.48820096217893943;0.7461163340388453;0.2338806427601909;0.44256958424350284;0.08141092024006563;0.14102707118327454;0.40747999709133803;0.46891260346215535;0.4410369749167352
LBY;2000.0;2000.0;502721.92028985504;399716.6666666667;430854.1666666667;279837.5;166570.8333333333;132179.16666666666;64795.83333333333;61812.49999999999;38714.492753623184;27566.666666666664;1.0;0.7951049089647841;0.6494947052850442;0.7935312804862796;0.953957944826699;0.712050312581889;1205657.2463768115;903112.5;2108769.7463768115;0.7490623912509083;LY;1.0644637505216434;0.8350182904523783;0.6819988506742869;0.8365904983437206;0.9822790371888225;0.657517534630141;0.7695207797133004;0.007128041000491835;0.007587541257255586;1.1653077495030333;0.973053284840931;0.7923201075909485;0.5403614027431541;0.29445603304518964;0.24633911942559025;0.13564183507850844;0.13323813116344235;0.09361434387762435;0.061553072592433804;0.44444621459982625;0.34201059759948316;0.39391841362938623
MAR;2600.0;2187.5;2543134.782608696;2326825.0;2457075.0;2022901.0869565213;1112837.5;830875.0;418225.0;357800.0;349852.8985507246;296992.93478260865;0.8413461538461539;0.914943641961906;0.8232964345640738;0.7466274276343132;0.8555203538765019;0.8489080296687841;6883725.18115942;5837581.52173913;12721306.70289855;0.8480265217031676;MA;0.8813854990698567;0.9619798712891411;0.8589577530615552;0.7549152107779225;0.8519834138084935;0.7966951761465383;0.8546084220123819;0.0019840437100091188;0.0017487073555227976;1.2051012376433656;1.1592831334785494;0.8300808467985095;0.7130043790254806;0.4110493113272256;0.3103073775007124;0.19613953682508373;0.1671076321670516;0.11643428765860844;0.09276263531567178;0.4839132614229544;0.41355634873553626;0.4488707949422168
MCO;2000.0;2000.0;2000.0;2000.0;2000.0;2000.0;2000.0;2000.0;2000.0;2000.0;3000.0;3000.0;1.0;1.0;1.0;1.0;1.0;1.0;13000.0;13000.0;26000.0;1.0;MC;1.0691399662731873;1.0451930977814297;1.0396323951751862;0.9249299719887958;0.8994023904382469;0.9316963850725908;0.9504742431987278;3.1545741324921135;3.372681281618887;1.5723270440251573;1.6433853738701725;1.104972375690608;1.1487650775416427;1.2113870381586918;1.120448179271709;1.1074197120708749;0.9960159362549801;0.3137418950010458;0.2923121894182987;0.7768150582611294;0.7383427046061226;0.7570904431890979
MDA;2000.0;2000.0;138254.1666666667;171933.33333333334;125925.0;157916.6666666667;80823.00724637682;139716.6666666667;37741.66666666666;80045.83333333334;29612.5;76266.66666666667;1.0;1.2436032669298691;1.25405333862749;1.7286744384647974;2.1208876131596384;2.5754889545518505;414356.3405797102;627879.1666666666;1042235.5072463768;1.5153120760460062;MD;0.9717046691229495;1.225201736121955;1.2021662011512844;1.6263348565452975;1.7949361022696146;1.6234958640989234;1.2316742751471856;0.026987275499601938;0.026223661609870587;1.2969799024988198;1.589062028256838;0.629499100179964;0.7567625418914992;0.3586172639540356;0.5832317565273535;0.2164371830382829;0.3884909137089508;0.08679207125669354;0.140906568721821;0.3694049320217157;0.45498655188364207;0.416614071596809
MNE;2000.0;2000.0;42225.0;46508.33333333332;63000.0;61445.83333333333;42670.83333333333;46650.0;24588.04347826087;28312.5;19841.666666666668;24758.333333333336;1.0;1.1014406946911384;0.9753306878306878;1.0932526120496049;1.1514742937977984;1.247795044099118;194325.54347826084;209675.0;404000.54347826086;1.0789883627597123;ME;1.0543969181721573;1.1326799029740764;0.9972514150476726;1.0730893034236082;1.0444588516565663;0.9548597998676138;0.9702677597693492;0.12598425196850394;0.13283740701381508;1.5424657534246575;1.7471199599298768;1.6272762495156916;1.622803542502993;0.9849918823049636;1.0569842528605415;0.6347431003500754;0.6629630496885683;0.241168629643585;0.23028222943582027;0.7889918775711373;0.7655333815271601;0.7766403496381339
MAF;2000.0;2000.0;2000.0;2000.0;2000.0;2000.0;2000.0;2000.0;2000.0;2000.0;3000.0;3000.0;1.0;1.0;1.0;1.0;1.0;1.0;13000.0;13000.0;26000.0;1.0;MF;1.040621266427718;0.9941763727121464;0.8160237388724036;0.7910608508346794;0.8269517652909;0.8301166489925766;0.852116681563338;2.296211251435132;2.3894862604540026;1.6736401673640167;1.663893510815308;1.4545454545454546;1.1869436201780414;1.3614703880190606;1.0770059235325795;1.2026458208057726;0.9945300845350572;0.7664793050587636;0.6362672322375398;1.2396300181176696;1.056309417404729;1.1406510485215409
MDG;4041.6666666666665;2000.0;49084.239130434784;64095.833333333336;35816.66666666667;37537.5;10070.833333333332;9883.333333333334;4291.666666666667;4278.804347826087;5525.0;5562.5;0.4948453608247423;1.305833287198509;1.048045602605863;0.9813818783616056;0.997002954833263;1.006787330316742;108830.07246376813;123357.97101449277;232188.0434782609;1.1334915820768314;MG;0.5040087036775961;1.3243200998813685;1.0565567048690077;0.9802010013277817;0.9790472396284401;0.9200439557955763;1.1270404610121452;0.0029301070981330927;0.001476799480166583;0.02294675770888595;0.0303888524609854;0.015522757199951751;0.016400673197662682;0.006415986099634716;0.006288955999367075;0.003948683976470444;0.003865948147328441;0.004880466122056703;0.004490243357063346;0.01131955376085169;0.012757595089082053;0.012040626370820238
MHL;2000.0;2000.0;2000.0;2000.0;2000.0;2000.0;2000.0;2000.0;2000.0;2000.0;3000.0;3000.0;1.0;1.0;1.0;1.0;1.0;1.0;13000.0;13000.0;26000.0;1.0;MH;1.1109341825902335;1.1139721401435205;0.9890710382513661;0.9915417147251057;1.0467866323907455;1.0347288296860133;1.0455829579292968;0.9555661729574773;1.0615711252653928;0.757862826828344;0.8442380751371887;0.9208103130755064;0.9107468123861566;0.7754943776657619;0.7689350249903883;0.9823182711198428;1.0282776349614395;1.3793103448275859;1.4272121788772594;0.9493208704542135;0.9925937237535314;0.9704751595685118
MKD;2000.0;2000.0;93904.16666666666;96708.33333333331;138783.3333333333;125179.16666666666;89350.0;88975.0;54866.66666666667;59225.0;38341.66666666666;46645.833333333336;1.0;1.0298620047033766;0.9019755013810496;0.9958030218242864;1.0794349939246657;1.216583351445338;417245.8333333334;418733.3333333333;835979.1666666667;1.0035650445880224;MK;1.0267066692897895;1.048629009679127;0.9230344291174787;0.9851802357584262;1.027426098167667;1.0020402213017559;0.931902267412281;0.04790419161676647;0.04918355301987015;1.2457933675612807;1.3063750652906105;1.1530685720615927;1.0643219911461788;0.7016923862253112;0.6912934704913447;0.4494872950204127;0.46181497769876173;0.15000534685435427;0.15031139095838383;0.5619555755483696;0.5236876750384991;0.5421131700252366
MLI;2000.0;2000.0;79775.0;28733.33333333333;71183.33333333333;21070.83333333333;22495.83333333333;6020.833333333333;6008.333333333334;2000.0;5358.333333333333;3079.166666666667;1.0;0.3601796719941502;0.2960079606649496;0.2676421559548064;0.3328710124826629;0.5746500777604977;186820.8333333333;62904.16666666666;249725.0;0.336708521979615;ML;1.0255119976515696;0.37035627747396616;0.30467546878746526;0.2767873765744111;0.34051732216251884;0.5216635665981089;0.342094387450879;0.0017669811304085084;0.0018120603488578583;0.051367294020531466;0.01902419979735475;0.04660959147036837;0.014200799131226726;0.02032085191153763;0.005624555290351611;0.008990271553583765;0.0030613431949402118;0.008779906984873435;0.004580157592128725;0.028315745577951665;0.009686657638704313;0.019075106537210302
MMR;2000.0;2095.833333333333;166397.1014492754;229658.3333333333;146854.1666666667;178937.50000000003;52100.0;54641.66666666667;17354.166666666668;17573.007246376812;11654.166666666666;9520.833333333334;1.0479166666666666;1.3801822948420923;1.2184707050645482;1.0487843889955215;1.0126102614959027;0.8169467286378264;396359.60144927545;492427.1739130436;888786.7753623191;1.2423747831829992;MM;1.0967860133760066;1.4341604768768843;1.2483942928056007;1.056933978425833;0.9864110656480017;0.6786289977911322;1.2103375866106518;0.0011101471333503185;0.0012175938486480979;0.051753700795968166;0.0742231122136893;0.0337492287805686;0.042132344596252355;0.012973420921770269;0.01371204938863959;0.0053857511618998445;0.005312564542924589;0.0029931750899343705;0.002031255411495544;0.019334812768778385;0.02340165062413204;0.02139479210472086
MNG;2000.0;2000.0;185043.115942029;252629.16666666663;163929.71014492755;216250.0;76531.70289855072;122200.0;20420.833333333336;42109.469696969696;11671.920289855072;21776.992753623188;1.0;1.3652448802570494;1.3191629498326871;1.5967239114225185;2.0620838047893746;1.865759207810148;459597.2826086957;656965.6291172595;1116562.911725955;1.429437583678241;MN;1.0715103690516288;1.4522249366092421;1.38425760729941;1.6336457058133584;1.9593544964585976;1.3931447923740634;1.3855071239445536;0.017962028272232502;0.019246499542895635;1.1777933673351728;1.7104208982171065;0.6112264451820205;0.8460948565257878;0.30255066276037523;0.49426059100947267;0.11052626831204447;0.21656014079399372;0.06366965028286642;0.08870104172385315;0.3969954647653175;0.5500400446060264;0.47471197330281645
MAC;2000.0;2000.0;19979.528985507248;30422.82608695652;41130.07246376811;50611.74242424242;27313.768115942028;33350.0;8236.95652173913;9922.463768115942;5438.043478260869;6837.68115942029;1.0;1.522699864897948;1.2305288902378375;1.2209959408908817;1.204627430280637;1.2573789059897396;104098.3695652174;133144.71343873517;237243.08300395255;1.279027846399845;MO;0.9856571627260083;1.2445356622391517;1.079570037066465;0.9914037428702159;0.9086720539267505;1.06314110206415;1.063815967700922;0.17638239703677572;0.17385257301808066;0.8289573058462886;1.0316669295993937;0.7006110527674874;0.7563587002053712;0.49390199479118346;0.48965628624704516;0.18993166670676837;0.17258559769217022;0.06322644697951225;0.06721863452139919;0.37334527470615153;0.3971706646980911;0.38635226094553216
MNP;2000.0;2000.0;2912.5;3904.1666666666665;2414.855072463768;2934.7826086956525;2000.0;2000.0;2000.0;2000.0;3000.0;3000.0;1.0;1.340486409155937;1.2153038259564892;1.0;1.0;1.0;14327.355072463768;15838.949275362318;30166.304347826088;1.1055040651434496;MP;1.0949612403100772;1.5069476189754023;1.368132730857133;1.1250936329588015;1.0979410127991096;1.1143261837312828;1.2309807533135684;1.1799410029498525;1.2919896640826873;1.3078132016165245;1.9708059902406192;0.9238160185400796;1.263902932254803;0.6657789613848203;0.7490636704119851;0.5068423720223011;0.5564830272676683;0.5447612130016344;0.6070416835289357;0.7543492377435775;0.9285893929391053;0.8367906892600857
MTQ;2000.0;2000.0;15021.195652173914;16254.166666666666;18770.833333333336;21395.652173913044;12821.739130434784;18073.369565217392;9019.565217391304;13514.673913043478;11968.115942028984;16317.391304347828;1.0;1.082082082082082;1.139834965979829;1.409587995930824;1.4983731019522777;1.3634051828529914;69601.44927536232;87555.2536231884;157156.70289855072;1.2579515877147318;MQ;1.05295718881465;1.0986670969178258;0.8932924099777857;0.999334258767214;1.1373831542241561;1.0916430090577325;1.0172569737561774;0.2350176263219741;0.24746349913387775;1.2323566865349014;1.3539497431625709;1.3459653903150248;1.2023406672611994;0.884501871580766;0.8839130222143783;0.44211387762321963;0.5028528766573701;0.1865529186337404;0.20364918944583868;0.5205948515689498;0.5295787432600763;0.5255620009582803
MRT;2000.0;2000.0;49991.66666666666;26516.666666666668;36899.99999999999;18775.0;12620.833333333332;5812.5;3950.0;2000.0;3441.666666666667;3000.0;1.0;0.5304217369561595;0.5088075880758809;0.4605480356553318;0.5063291139240507;0.8716707021791766;108904.16666666666;58104.16666666667;167008.3333333333;0.5335348356735663;MR;1.002355980136727;0.5077572365401575;0.4635338972832163;0.4031406090733244;0.43918603843160336;0.7616471091400788;0.49016230177492714;0.008886361212810579;0.008907297303315742;0.1606054764887932;0.08154859291516486;0.11364581312193361;0.05267868666632997;0.056980217762628196;0.02297103969395659;0.026397920244865772;0.01159359801517602;0.020205044509805075;0.01538911374093966;0.07765047263490035;0.038061334400633744;0.05701723689593621
MSR;2000.0;2000.0;2000.0;2000.0;2000.0;2000.0;2000.0;2000.0;2000.0;2000.0;3000.0;3000.0;1.0;1.0;1.0;1.0;1.0;1.0;13000.0;13000.0;26000.0;1.0;MS;1.1600000000000001;1.04;0.9752650176678447;0.8996763754045307;1.0;1.0798319327731094;1.0221621621621624;17.24137931034483;20.0;12.820512820512821;13.333333333333334;7.246376811594203;7.067137809187279;7.194244604316546;6.472491909385114;6.802721088435374;6.802721088435374;3.8910505836575866;4.201680672268908;6.874669487043892;7.027027027027027;6.950013365410318
MLT;2000.0;2000.0;24758.33333333333;24491.666666666668;55141.66666666667;42416.66666666667;31562.5;29379.166666666668;15195.833333333332;17833.333333333336;12066.666666666668;16266.666666666668;1.0;0.9892292157522722;0.7692307692307693;0.9308250825082508;1.173567315601865;1.348066298342541;140725.0;132387.5;273112.5;0.9407532421389234;MT;1.0919391006727253;1.1157762956151058;0.9393839766290615;1.1203883937071593;1.3376314640287428;1.242181576780344;1.0160247970902643;0.21616947686986598;0.2360439041661749;1.3036190676776185;1.4545472542265512;1.1027892217644628;1.035942524524769;0.6566082090328487;0.7356562166132479;0.4202503756556689;0.5621401252469215;0.15354142013089195;0.19072632335928463;0.5837685584266353;0.5931233311230981;0.5882660193380103
MUS;2000.0;2000.0;63808.33333333332;66158.33333333333;71545.83333333333;66346.92028985507;31766.666666666668;32883.333333333336;15083.333333333334;16837.5;12575.0;13170.833333333332;1.0;1.0368290453180098;0.9273345099042116;1.0351521511017838;1.1162983425414363;1.047382372432074;196779.16666666663;197396.9202898551;394176.0869565217;1.0031393243179798;MU;0.9797089802829835;1.0731695668996244;1.0260586984528994;1.1195915954381312;1.1363001165434465;0.9388181616248575;1.0091540977665234;0.05858917272088118;0.057400338661998104;0.9481037924151695;1.0174761362820788;0.6571132480398729;0.6742367640199494;0.3185107200748651;0.3566019252527663;0.1764153186976846;0.2004607471962283;0.08169456950372579;0.07669634555622201;0.3581208433959322;0.36139911660860835;0.3597550805998123
MDV;2000.0;2000.0;38186.59420289855;31820.83333333333;69066.66666666666;43591.66666666667;37029.16666666667;28029.166666666664;11200.0;8845.833333333334;5279.166666666666;4133.333333333333;1.0;0.8332985435741734;0.6311534749034751;0.7569483515246989;0.7898065476190477;0.7829518547750592;162761.59420289853;118420.83333333331;281182.4275362318;0.7275723361723156;MV;1.14610093643822;1.3366591453295176;1.4987450042738146;1.5618520399755016;1.2121416781756325;0.9053204890312935;1.3053905021885543;0.14461315979754158;0.16574127786525233;1.2677731218385364;1.6945805375084315;0.7269180708604787;1.0894648272185012;0.5053106804949055;0.7892205171523768;0.344149459193707;0.4171579030102963;0.1832471334189547;0.16589738444043076;0.5948953906764275;0.7765707927847579;0.6599147772794693
MWI;2000.0;2000.0;40370.833333333336;27366.666666666668;33504.16666666667;20113.405797101448;10712.5;6020.833333333333;3962.5;2337.5;7400.0;6675.0;1.0;0.6778821343791929;0.6003255056963496;0.5620381174640218;0.5899053627760252;0.902027027027027;97950.0;64513.40579710145;162463.40579710144;0.6586360979795962;MW;0.9841384116525655;0.664580520755273;0.5535275296776564;0.5003563618219495;0.5723243966137375;0.6567548019839256;0.6079419975927947;0.0019507665537172832;0.0019198242976802764;0.027797726880978563;0.018473827806373584;0.022473891045815996;0.012439917392835332;0.010262991246398971;0.005135152961458705;0.0069124986698346404;0.003956191630306374;0.014520480745646309;0.009536395456818345;0.016070523264112773;0.009769946015546198;0.01279414604858897
MEX;3741.6666666666665;3791.6666666666665;8183333.333333333;9354166.666666668;8158333.333333334;8648731.88405797;3791666.666666666;4512500.0;1832566.6666666667;2456604.166666667;1216358.3333333335;1690979.1666666667;1.0133630289532294;1.1430753564154787;1.060110139006084;1.1901098901098903;1.3405264928970295;1.3901982009139302;23186000.0;26666773.55072464;49852773.55072464;1.1501239347332286;MX;1.045562744933756;1.1613194509212745;1.0227210244780105;1.0481757540034997;1.1418898312924106;1.1548989242095085;1.0525795834475853;0.0008250011888101763;0.0008625905075459796;1.0495515294103364;1.2188646058483958;0.7998653023562742;0.8180390614702223;0.4563880220191271;0.4783748590980644;0.2666699650564704;0.30450772140908605;0.12700824394994273;0.14668168430352768;0.49030436130656535;0.5160843603865988;0.5037651805837029
MYS;2037.5;2045.8333333333333;2078908.6956521736;2546275.0;2687500.0;2791666.666666667;1233391.6666666665;1579219.2028985508;533983.3333333333;793087.5;379975.0;528604.1666666666;1.0040899795501022;1.2248132904178406;1.0387596899224807;1.2803874434846063;1.4852289397297047;1.3911551198543763;6915796.195652173;8240898.369565218;15156694.56521739;1.1916051509363608;MY;1.0868463744354453;1.3809528148587136;1.2518276123898553;1.5008426867282176;1.6128304382846363;1.3579927184786036;1.3251208494656899;0.0017794029415386442;0.0019339376356710424;0.9150843224742844;1.2636882709539419;0.7856726059130524;0.9835266623802521;0.40808096649295367;0.6124653341539323;0.26776161519114877;0.43185408318454255;0.14257695534646228;0.19361846718334477;0.476319927244889;0.6311814666081829;0.5496428904747978
MOZ;2000.0;2000.0;140166.66666666666;132125.00000000003;115075.0;103325.0;44748.55072463768;41680.25362318841;14075.0;13504.166666666668;15870.833333333332;13745.833333333332;1.0;0.9426278240190252;0.8978926786878124;0.9314324810130684;0.9594434576672588;0.8661065896560777;331936.05072463764;306380.2536231884;638316.304347826;0.9230098778193592;MZ;0.9991835856916423;0.9279213553006675;0.8496698719337958;0.8032730423690441;0.8102979905352309;0.5032074510657806;0.824694723923836;0.0013285876183605494;0.001327502940419013;0.0632035338666479;0.05864790880533157;0.0504819640214834;0.04289300390510029;0.031753022825761215;0.025506347249662907;0.016314924997710693;0.013219950941377982;0.021858935776851312;0.010999579355279943;0.03687923874637512;0.030414113616463078;0.03346483201522902
NAM;2000.0;2000.0;86975.0;84304.16666666666;73849.99999999999;84528.80434782608;28870.833333333336;34300.0;9883.333333333332;12745.833333333332;13725.0;17900.0;1.0;0.9692919421289642;1.144601277560272;1.1880502236975032;1.289629005059022;1.3041894353369765;215304.1666666667;235778.80434782608;451082.9710144928;1.0950963374195084;NA;1.007197934352009;0.9837040737262696;1.101432544227065;1.1373191543041516;1.2262229559360118;0.9065203002410278;1.024324931284559;0.01755895418868852;0.017685342388228636;0.4721231564262489;0.4644294722770059;0.31166386724849543;0.34327672624715655;0.17299940877096268;0.19675554127850947;0.08921989016775746;0.10940347744979384;0.1363351908692672;0.12359061816022592;0.23571547696335443;0.24144923974319502;0.23867808883884775
NCL;2000.0;2000.0;9241.666666666666;10545.833333333334;9300.0;11091.666666666668;5729.166666666666;7354.166666666666;3433.333333333333;4550.0;3254.166666666667;3804.166666666667;1.0;1.1411181244364297;1.192652329749104;1.2836363636363637;1.325242718446602;1.1690140845070425;32958.33333333333;39345.83333333333;72304.16666666666;1.1938053097345134;NC;1.0147859001656019;1.1394042659753698;1.1683561674318599;1.237141874580876;1.2543037176519365;1.0697754900868086;1.1438197383609081;0.2331274041263551;0.2365744026496333;0.6318656274214868;0.7199503914072456;0.46046442540971433;0.5379864513104073;0.2810895234357112;0.34774761994830083;0.17929569864396747;0.2248912613681297;0.10949416778824587;0.11713417700731799;0.292565074461695;0.33464170692431555;0.3140532542236932
NER;2000.0;2000.0;25254.16666666666;10591.666666666666;23872.28260869565;8487.5;8383.333333333332;2541.666666666667;2837.5;2000.0;3179.166666666667;3000.0;1.0;0.4194027388219766;0.3555378486055777;0.3031809145129225;0.7048458149779736;0.9436435124508518;65526.44927536231;28620.83333333333;94147.28260869563;0.4367829120888235;NE;1.036375407853134;0.43563231301127525;0.3708773991374327;0.3189679908318407;0.7316371199634537;0.8864533471912496;0.4497486431094988;0.0015977184580419162;0.001655836118587671;0.014522193246521237;0.006326336633978769;0.014422248500939833;0.005348886013742305;0.00764447216515464;0.0024383419274893077;0.003945487613602233;0.0028866651944674175;0.0041499309686450145;0.0036787201977679985;0.009065720736232628;0.00407729559993027;0.006607986609347762
NFK;2000.0;2000.0;2000.0;2000.0;2000.0;2000.0;2000.0;2000.0;2000.0;2000.0;3000.0;3000.0;1.0;1.0;1.0;1.0;1.0;1.0;13000.0;13000.0;26000.0;1.0;NF;;;;;;;;;;;;;;;;;;;;;;
NGA;2083.333333333333;2000.0;1634612.5;1452279.1666666667;2068804.1666666667;1814083.3333333333;937983.3333333333;606725.0;363129.1666666666;202475.0;403658.3333333333;314241.6666666666;0.9600000000000002;0.8884547051161463;0.8768753285412466;0.6468398514543614;0.557583963465709;0.7784842791965152;5410270.833333333;4391804.166666667;9802075.0;0.8117531084780877;NG;0.9962742280302129;0.9216616068724987;0.9045356448521352;0.6618494508678674;0.5625046483654349;0.728554346940228;0.8264514219531446;0.00019518539161325531;0.0001944581753522707;0.10663751130071064;0.0982837000182972;0.13000364513868956;0.11759293098865269;0.08028562790111522;0.053136998738935036;0.0471254568980971;0.026508288561524564;0.0520350664290106;0.037910373840179215;0.07833953567503533;0.06474382065378205;0.07160266996292584
NIC;2000.0;2000.0;230688.40579710144;280174.4565217392;170810.14492753622;213204.34782608697;81243.84057971014;113852.17391304349;32221.920289855072;49247.03557312253;27904.166666666668;40753.07971014493;1.0;1.2145146850950217;1.2481948769292122;1.4013637600174818;1.5283705977209476;1.460465750400893;544868.4782608695;699231.0935441371;1244099.5718050066;1.2833025242641447;NI;1.027689851961768;1.2454387345126194;1.245346391249513;1.2954872107339954;1.4140627765226441;1.1404971175907752;1.2120557756523254;0.007539885996923726;0.007748664323987153;0.5237228778670022;0.6522647582459863;0.2933143496166984;0.36527796679685337;0.18361351809766527;0.2378689644134004;0.10158362744125106;0.14364562626881733;0.08216121411627071;0.09370462787736526;0.22822920843607641;0.27662653025750483;0.25311878251573555
NLD;2000.0;2000.0;824687.5;931183.3333333333;1087183.3333333335;1181765.5303030305;655133.3333333333;855829.1666666667;500891.6666666666;691995.8333333333;636004.1666666666;889141.6666666667;1.0;1.1291347732727042;1.0869974677405192;1.3063434924188464;1.3815279418370572;1.398012329583795;3705900.0;4551915.53030303;8257815.53030303;1.228288817912796;NL;1.0458068388184956;1.1683073004050215;1.115434992842984;1.3195378344650788;1.372470754184492;1.282134108505566;1.199356271261617;0.004947249947435469;0.005173867828372456;1.0083948585388998;1.1781150749218856;0.8920046810725335;0.9949732350480498;0.5913892592468889;0.7803605024725467;0.42739546100573705;0.5865877707015728;0.21786015684686708;0.27932593797774063;0.48506741323165053;0.5817686440440305;0.5339942687324454
NOR;2000.0;2000.0;253518.8405797101;266725.0;317962.5;359385.32608695654;222491.6666666667;291504.1666666666;170162.5;247488.9492753623;207770.8333333333;354975.0;1.0;1.0520914319034118;1.1302758221078164;1.3101801565601705;1.4544270874920284;1.7084929309134664;1173906.34057971;1522078.4420289854;2695984.782608696;1.2965927428906616;NO;1.056457530012333;1.1133821241428423;1.1829306741918608;1.371478795594482;1.5151246969106276;1.6092870495353069;1.3073466497149335;0.014776832881408528;0.015611096367297876;1.0645298175515119;1.185228469478895;0.8154180921069504;0.9645830734443156;0.5974005167819895;0.8193221412436841;0.4507042813099262;0.6828731876160241;0.2545908554171052;0.40970976655286323;0.5039275748416665;0.6588080266682244;0.5810479834134641
NPL;2000.0;2000.0;1070650.0;777333.3333333333;843758.3333333333;572509.6014492754;313766.6666666667;226125.0;81083.33333333333;58012.49999999999;76425.72463768115;54762.5;1.0;0.7260386992325534;0.6785231965502865;0.7206788484011473;0.7154676258992805;0.716545381278593;2387684.057971014;1690742.9347826086;4078426.992753623;0.7081099901547918;NP;1.020702260912554;0.690559198586093;0.56558187226551;0.5797925563570282;0.630056180409934;0.633343053410098;0.6262526728405059;0.0016474328877027372;0.0016815384731798818;0.524068275476894;0.36190016831771976;0.3781451656756186;0.2138720507909679;0.19146415259365482;0.11100949048300726;0.06272527592674822;0.03952044776556617;0.04280176830401941;0.027108202629019203;0.23396510224795097;0.1465212706341816;0.1875610380004326
NRU;2000.0;2000.0;2000.0;2000.0;2000.0;2000.0;2000.0;2000.0;2000.0;2000.0;3000.0;3000.0;1.0;1.0;1.0;1.0;1.0;1.0;13000.0;13000.0;26000.0;1.0;NR;1.1468682505399568;1.010819165378671;1.1163841807909605;1.032378580323786;1.002309468822171;0.7887596899224805;1.0256204963971178;3.766478342749529;4.319654427645788;3.058103975535168;3.091190108191654;2.0242914979757085;2.2598870056497176;2.4125452352231602;2.4906600249066004;4.608294930875576;4.618937644341801;7.371007371007371;5.813953488372092;3.382773874577153;3.469442220443021;3.4255599472990776
NIU;2000.0;2000.0;2000.0;2000.0;2000.0;2000.0;2000.0;2000.0;2000.0;2000.0;3000.0;3000.0;1.0;1.0;1.0;1.0;1.0;1.0;13000.0;13000.0;26000.0;1.0;NU;0.9384615384615383;0.6630434782608696;1.2195121951219512;0.9074074074074076;0.7795275590551181;0.9666666666666668;0.9139784946236558;32.78688524590164;30.76923076923077;32.78688524590164;21.73913043478261;20.0;24.390243902439025;20.408163265306122;18.51851851851852;20.2020202020202;15.748031496062993;11.494252873563216;11.11111111111111;19.11764705882353;17.473118279569892;18.258426966292134
NZL;2000.0;2000.0;299058.3333333333;349854.1666666667;352283.3333333333;381144.5652173913;204112.5;261412.50000000003;112970.83333333334;174770.83333333334;112197.64492753624;202929.16666666663;1.0;1.1698525928609247;1.0819261916565015;1.2807275399595812;1.54704385350201;1.8086758130950973;1082622.644927536;1372111.231884058;2454733.8768115942;1.2673956510265851;NZ;1.0555655767918624;1.2390239611854803;1.1200085719861406;1.2593357004232069;1.4876036964674593;1.6406724359201825;1.233647329659628;0.014859724203518783;0.015685413349855303;1.2831927388604267;1.5899065502672916;0.9253932603946394;1.036448384100199;0.6136599371645897;0.7728038667908298;0.3562725947230711;0.5299924288600937;0.1589636330151674;0.2608072510017166;0.5145916648576969;0.6348246332168;0.5755193427845013
OMN;2087.5;2000.0;341752.8985507246;261012.5;614554.1666666667;366337.5;322649.99999999994;183458.3333333333;102925.0;53920.83333333333;39875.0;19804.166666666668;0.9580838323353292;0.7637462655236537;0.5961028658987205;0.5685985846376362;0.5238847056918468;0.4966562173458725;1423844.5652173914;886533.3333333333;2310377.8985507246;0.6226335057843748;OM;1.0041678766286646;1.1800578384412352;1.3686818036743538;1.2751757458256803;1.0606170129593295;0.6197155750012403;1.1886895476620547;0.01748515332490137;0.01755802928679285;1.1841626682699924;1.3973804386814928;0.746594658117322;1.0218505232856536;0.4467691796423353;0.5697092218623423;0.32578109915709974;0.3455289762666102;0.21555918349695108;0.13358538334761091;0.5801582021352443;0.6896279908685744;0.6177879105446967
PAN;2000.0;2000.0;316308.3333333333;323412.49999999994;386884.963768116;386879.1666666666;245008.3333333333;265525.3623188406;146708.3333333333;172358.3333333333;130859.05797101448;174775.0;1.0;1.0224596253655451;0.9999850159556658;1.0837401271474056;1.1748366941209885;1.3355972655611883;1227769.02173913;1324950.3623188403;2552719.3840579707;1.0791527875838187;PA;1.0440113875618164;1.0619588489240113;1.0206206870896155;1.093508186735368;1.1607289521925028;1.183303962453428;1.0629312434484626;0.013399886100968142;0.013989633681442052;1.2489372007381025;1.326319912074212;1.1399488602075383;1.1634553889520418;0.8061155217473795;0.8814939224852122;0.5676929962710583;0.6589376967287277;0.35300337729770664;0.41771029511581886;0.7330082465443503;0.7791373669573636;0.7562474697313621
PER;2041.6666666666667;2179.166666666667;1710516.6666666665;1852333.3333333333;1817556.8840579712;1841345.8333333333;863425.0;945925.0;435558.33333333326;532908.3333333333;342231.3405797102;441458.3333333334;1.0673469387755103;1.0829086728181545;1.0130884207718716;1.0955497003213943;1.2235062276388544;1.2899412794443117;5171329.891304348;5616150.0;10787479.891304348;1.0860165794960446;PE;1.0991356597844222;1.091225760059009;0.9812589750925406;1.07723710568108;1.235558481969281;1.1821072682828715;1.0605230094092108;0.0017340084783813731;0.0019059105529574923;0.8717612088983842;0.9512882877700994;0.6753117052314755;0.6626556717434335;0.36798644703475614;0.3964086551335848;0.2265223635955457;0.27988162769620595;0.12538798773629833;0.14822205165844182;0.403080134818964;0.4274757576112781;0.4154228146169624
PYF;2000.0;2000.0;8075.0;10133.333333333332;8786.23188405797;11275.0;6095.833333333333;8027.717391304348;3450.0;4225.0;3112.4999999999995;3370.833333333333;1.0;1.2549019607843137;1.283257731958763;1.316918779161342;1.2246376811594204;1.0829986613119145;31519.5652173913;39031.884057971016;70551.44927536232;1.238338276202957;PF;1.0477747926644085;1.3086571228197303;1.2957316831807193;1.2976037251297814;1.2648861130734486;1.0888016403838638;1.2566997685947379;0.2229654403567447;0.2336175680411167;0.5419826834015706;0.7092694990784162;0.44054512054041167;0.5708282705548805;0.2880556343130769;0.37378206412927073;0.17620920373869964;0.22288457480481114;0.10115043385005361;0.11013275830147787;0.2733107757848801;0.34346958868330707;0.3081320257478755
PNG;2000.0;2000.0;25795.83333333333;24766.666666666668;17679.166666666668;13891.666666666668;7512.5;5363.949275362318;3750.0;2358.333333333333;3000.0;3000.0;1.0;0.960103375868196;0.7857647890643413;0.7140032313294267;0.6288888888888888;1.0;59737.5;51380.61594202899;111118.115942029;0.8601065652568151;PG;1.1068124685771745;1.0580653823917499;0.8287178069714097;0.6990732824732376;0.629359132290045;1.0995156339037886;0.9061272358822074;0.004542460650934612;0.005027652086475616;0.03633604911699467;0.038445915703578366;0.02054536890049979;0.017026313058640788;0.011664322157321235;0.008154215978343872;0.008074691977416702;0.005081881136416364;0.006269356638621744;0.0068932556386831125;0.01660436757059653;0.0150456696903168;0.015845325206433922
PHL;3887.5;4766.666666666666;4426354.166666666;6720833.333333334;3493297.1014492754;4800000.0;1061259.420289855;1614334.420289855;383990.3985507246;670573.9130434783;280791.66666666674;505479.52898550726;1.2261521972132905;1.5183677311557202;1.3740600528963336;1.5211496731392429;1.7463298967223952;1.800194197307044;9649580.253623188;14315987.862318842;23965568.11594203;1.483586589887527;PH;1.2595593109979182;1.5394697607293333;1.4023815734897571;1.5494013868170267;1.7303327998590816;1.481483058451714;1.4535290044935292;0.0008459903647409931;0.0010655750409240426;0.5826709371387941;0.8970042881809959;0.35927985802908563;0.5038474526260057;0.14108822496300896;0.21860229142123871;0.06863009625624628;0.11875290660966889;0.04431027878536156;0.06564492733578556;0.2332569181118795;0.3390456959743888;0.28669261281101277
PAK;4962.5;2029.1666666666667;5495833.333333333;3013604.1666666665;4402717.391304348;2200239.311594203;1457608.3333333335;722415.579710145;481450.0;283937.5;285662.5;191270.8333333333;0.4089000839630562;0.5483434420015163;0.4997457515533062;0.4956170757188853;0.5897549070516149;0.6695692760979595;12128234.057971014;6413496.557971015;18541730.615942027;0.5288071228932035;PK;0.43233502190785555;0.5805823926893005;0.5300658708848445;0.5109933245641843;0.5961075383432788;0.620719989672821;0.5439870623039911;0.0004514608408552547;0.00019518233252169547;0.3242746293686037;0.18826814020726002;0.22980300402571743;0.12181072946084535;0.1064328049887999;0.054386452863918376;0.052556698629333966;0.03132944424338185;0.02558022894668692;0.015878159447615902;0.14950639935530818;0.08132954698094141;0.11590032127484522
POL;2000.0;2000.0;1614512.5;2072670.8333333333;1665608.3333333333;2013312.5;919162.5;1474966.6666666667;447858.3333333334;812933.3333333334;243379.89130434775;475700.0;1.0;1.283775030130354;1.208755059462759;1.6046854246846087;1.8151573228141336;1.9545575332891196;4892521.557971014;6851583.333333333;11744104.891304348;1.4004196511245963;PL;1.0514132770480755;1.3422525998752464;1.262194367605581;1.6541517889908857;1.8225710948637637;1.4877334157083852;1.2921858479115822;0.0024186575241412255;0.0025430086335143107;1.2017400346414049;1.6130386858715942;0.6403444730518564;0.8082391872134167;0.2805652130117731;0.4640974490320334;0.1679832013672957;0.3061613272347122;0.046065301029504055;0.06853288764625906;0.30583871877808416;0.39520046414845056;0.35231561423129815
SPM;2000.0;2000.0;2000.0;2000.0;2000.0;2000.0;2000.0;2000.0;2000.0;2000.0;3000.0;3000.0;1.0;1.0;1.0;1.0;1.0;1.0;13000.0;13000.0;26000.0;1.0;PM;1.0254777070063694;1.2418300653594772;0.9846743295019158;1.005540166204986;0.9714285714285715;0.916051660516605;0.9736632083000797;12.422360248447205;12.738853503184714;10.526315789473685;13.071895424836601;7.782101167315175;7.662835249042145;5.509641873278237;5.54016620498615;4.201680672268908;4.081632653061225;3.0211480362537757;2.7675276752767517;5.327868852459017;5.1875498802873095;5.256773150020218
PCN;2000.0;2000.0;2000.0;2000.0;2000.0;2000.0;2000.0;2000.0;2000.0;2000.0;3000.0;3000.0;1.0;1.0;1.0;1.0;1.0;1.0;13000.0;13000.0;26000.0;1.0;PN;;;;;;;;;;;;;;;;;;;;;;
PRI;2000.0;2000.0;135025.0;164604.1666666667;207304.1666666667;232075.0;147337.5;180008.69565217392;110366.66666666669;149433.33333333334;117287.5;197050.0;1.0;1.2190643707955318;1.1194902819930457;1.2217439256955895;1.3539716097855634;1.6800596824043486;719320.8333333334;925171.195652174;1644492.028985507;1.2861732244913997;PR;1.056219777139253;1.2539889407695217;1.0533387637034917;1.0876295452249463;1.2149451387069385;1.32621193560456;1.1226239873128616;0.026540686872976272;0.028032798374097695;0.921703812416806;1.1558063874357805;1.1145505148800885;1.1739992614288821;0.8060346949828494;0.8766671487397248;0.5399437714852287;0.6560020603410684;0.21425739933578608;0.284150720290712;0.53582291713223;0.6015276597245929;0.5709058540562136
PSE;2000.0;2000.0;287204.1666666666;336158.3333333333;298641.6666666666;324120.8333333333;108379.16666666669;139270.8333333333;47933.333333333336;65216.66666666666;31716.666666666664;40562.5;1.0;1.1704507536740705;1.0853168512989368;1.2850332551612778;1.3605702364394991;1.2789017341040465;775874.9999999999;907329.1666666666;1683204.1666666665;1.169426991031631;PS;0.9919318887072665;1.1434616560690432;1.07522923668623;1.242657522683001;1.25539987879768;1.1360546848942854;1.1256123019252418;0.008812280794515237;0.00874118233232227;0.8411555959075288;0.9618291707081656;0.691120974809;0.7431134782017244;0.37789636768527696;0.46959576409869075;0.2687448605815953;0.337382265401634;0.14988689564784533;0.17027971000499556;0.46258260456885836;0.5206886703593265;0.4921902901045979
PRT;2000.0;2000.0;574512.5;680283.3333333333;849712.5;815816.6666666666;560900.0;656517.3913043479;459929.1666666666;605454.1666666667;379006.3405797101;586941.6666666666;1.0;1.1841053646932542;0.9601090564945988;1.1704713697706328;1.316407417808902;1.5486328428408571;2826060.5072463765;3347013.224637681;6173073.731884058;1.184338840607098;PT;1.0438049916970282;1.2401727343455915;0.979732130764157;1.1072545471936266;1.2085884740417456;1.2289387614862193;1.0567562260903678;0.009497938947248447;0.009913996083971546;1.4469816795200507;1.7945072260383579;1.5127918673277727;1.4821307995797264;0.8623804406150591;0.9548746642818673;0.6079143695640009;0.7347183002594059;0.21614966921082746;0.26563470677561035;0.6527119200628346;0.689757385369799;0.6722891276893076
PLW;2000.0;2000.0;2000.0;2000.0;2000.0;2000.0;2000.0;2000.0;2000.0;2000.0;3000.0;3000.0;1.0;1.0;1.0;1.0;1.0;1.0;13000.0;13000.0;26000.0;1.0;PW;1.004201680672269;1.0871559633027523;1.3883029721955897;1.414977973568282;1.2869846402586904;0.9829178208679596;1.1867083892117418;4.184100418410042;4.201680672268908;2.8129395218002813;3.058103975535168;1.3812154696132597;1.9175455417066156;1.2453300124533002;1.7621145374449338;1.256281407035176;1.6168148746968471;1.4091122592766554;1.3850415512465375;1.6323455549974888;1.9371181642080166;1.7717206132879046
PRY;2000.0;2000.0;399816.6666666666;454154.1666666667;437985.3260869565;479583.3333333333;221637.5;278150.0;95220.83333333331;136979.16666666666;71320.83333333333;112616.66666666664;1.0;1.1359060402684564;1.094975801171289;1.2549771586486944;1.4385419857349149;1.5790150143132555;1227981.1594202896;1463483.3333333335;2691464.492753623;1.1917799569695522;PY;1.0431232091690543;1.1779789268234686;1.1227092152309683;1.2762502270800637;1.4341019450224448;1.3677808118778634;1.1822064772512835;0.008323864936967533;0.008682816705739341;0.9549228944246737;1.1248790463735376;0.7398763217910277;0.83066596460598;0.47448572180916315;0.6055625102051924;0.2959917231632271;0.4244823058989289;0.16614601047679836;0.22725132510022328;0.4973573070605933;0.5879790299152888;0.5428508917784532
QAT;2000.0;2000.0;179349.45652173914;106712.5;479037.5;233737.5;286686.231884058;149649.99999999997;94072.28260869563;49725.0;38595.47101449276;22795.83333333333;1.0;0.5949976212337463;0.4879315293687864;0.5219992568757945;0.5285829005216849;0.5906349303205395;1079740.9420289854;564620.8333333334;1644361.7753623188;0.5229225005327031;QA;1.0943040448869779;1.4289815334092562;1.6608567421335831;1.7455426935100435;1.7389400057252233;1.312526927131892;1.5735826825410313;0.042027401866016646;0.045990755858072524;1.1845832415588802;1.6927475769737157;0.7129733124766516;1.1841465329881604;0.46159828536107345;0.8057395143487858;0.33421779446724564;0.5811846934243438;0.32153246538115865;0.42202001875987355;0.5702484619555582;0.8973331044789246;0.6518318133992206
REU;2000.0;2000.0;37341.66666666666;37595.83333333333;41009.42028985507;45070.833333333336;23938.94927536232;33000.0;13558.333333333332;18687.5;10916.666666666666;14633.333333333334;1.0;1.0068065164025886;1.099036099871009;1.3785066178306833;1.378303626306085;1.3404580152671757;128765.03623188403;150987.5;279752.53623188403;1.172581505185127;RE;1.0381198695603282;0.9929787214815964;0.9031094109688027;1.1209621241176462;1.2290443437450878;1.155849033882286;1.030129208055743;0.07221259387637204;0.0749653285355523;0.9961762482770884;0.9891818173845167;0.9214771771044192;0.832194710635967;0.48651456712452634;0.5453644025780863;0.24634494955000785;0.30276886685460613;0.09611264695697087;0.11109171012908402;0.39316367815298475;0.40500938841201717;0.3994695723777813
ROU;2000.0;2000.0;761220.8333333334;817616.6666666666;852583.3333333334;808883.3333333333;511237.5;612904.1666666667;308012.5;411458.3333333333;215190.57971014496;309179.1666666666;1.0;1.0740860350423935;0.9487440132929332;1.1988638679022308;1.3358494649838344;1.436769058771631;2650244.746376812;2962041.666666667;5612286.413043479;1.1176483495405911;RO;1.0417519908987487;1.1191367454589822;0.9992052129959607;1.2820800876413754;1.360710252650066;1.067479882269727;1.030372339263975;0.004457390688065113;0.004643495623505375;1.0471533990056074;1.1719078469594464;0.7426496485135248;0.7420594002243317;0.3709213076193634;0.4755508225806869;0.19624517928626994;0.26703282748797796;0.0839214970932895;0.0895845098370439;0.33822805113852517;0.3485008282562976;0.3435731357788721
SRB;2000.0;2000.0;334496.5579710145;380145.8333333333;470525.0;463887.5;310946.01449275366;356183.33333333326;211820.83333333337;264258.3333333334;162166.48550724637;225779.16666666663;1.0;1.1364715847577556;0.9858934169278996;1.145482870762551;1.247555913999646;1.3922677423787282;1491954.891304348;1692254.1666666667;3184209.057971014;1.1342529030399882;RS;0.9992948232604403;1.1279817594958834;0.9819588421633164;1.1185140683837511;1.1838640091140031;1.081986979325449;1.0088425712277969;0.014856302414891958;0.014845826095993112;1.360134664765093;1.5342070923130733;1.1717397854871365;1.1506002430736413;0.6683877547574549;0.7476011068316418;0.46247979488120017;0.5475131841022794;0.1526555846187447;0.16517135487879608;0.5390701810760946;0.5438369475490413;0.5415930358788656
RWA;2000.0;2000.0;134541.6666666667;92183.33333333331;114295.83333333331;66129.16666666666;35712.5;16820.833333333332;8341.666666666666;4137.5;12829.166666666668;9508.333333333332;1.0;0.6851656859708887;0.578578979986147;0.4710068836775172;0.496003996003996;0.7411497239363428;307720.8333333334;190779.1666666667;498500.00000000006;0.6199748148348747;RW;0.9960054588431547;0.6613001495242002;0.5611791176081788;0.44329826986670195;0.4088038053251941;0.5495718460119728;0.569770737144644;0.0031247070587132456;0.003112225287764131;0.14677011209618449;0.09705909707489044;0.11390604684104326;0.06392169485649254;0.04487707106819053;0.019893927961213885;0.020491820058482546;0.008377134017946807;0.026059228504648854;0.01432141831494769;0.07231419443830184;0.04120251187113235;0.056101938291019046
SAU;2462.5;2000.0;2194202.898550725;1953026.4492753623;4169565.217391304;2729526.086956521;1898286.9565217395;1185965.2173913042;568086.9565217393;362595.8333333334;317365.7608695652;279052.17391304346;0.8121827411167513;0.8900847093791278;0.65463086548488;0.6247555003824957;0.6382752308791264;0.8792762431223061;9149970.289855072;6512165.7608695645;15662136.050724637;0.7117144159571596;SA;0.8367517865691404;1.1400284643044598;1.2557496690497914;1.3342578951453345;1.3114253484502718;1.3665846854586796;1.242508147608963;0.002538439970146915;0.0021240441801189465;1.116682476500804;1.273049808800913;0.8412536546177242;1.0564039983731344;0.43524596083143247;0.5807303595694557;0.24886667191852935;0.32637006193841683;0.1978060486749898;0.27031871681033515;0.5669153971038443;0.7043969999064972;0.6169852512073549
SLB;2000.0;2000.0;5162.31884057971;6833.152173913043;2265.217391304348;2800.0;2000.0;2000.0;2000.0;2000.0;3000.0;3000.0;1.0;1.3236594609769792;1.236084452975048;1.0;1.0;1.0;16427.536231884056;18633.152173913044;35060.688405797104;1.1342633436259375;SB;1.0763222843575244;1.3683122260216165;1.2543795495697012;1.0227140235344918;1.075501009787168;1.0162214904256615;1.1750514335705078;0.05805178218971323;0.06248242681745759;0.09720965710535186;0.13301316230462204;0.03970930653526773;0.04981054204543433;0.042223488926890027;0.043182554248083774;0.05777841976021956;0.06214074879602299;0.0900144023043687;0.09147457006952067;0.06320422385993743;0.07426821385433076;0.0686385104322166
SYC;2000.0;2000.0;5637.5;5554.166666666667;8508.333333333334;6266.666666666666;4941.666666666667;3877.1739130434794;2137.5;2116.666666666667;3000.0;3000.0;1.0;0.9852180339985218;0.7365328109696375;0.7845883129261676;0.990253411306043;1.0;26225.0;22814.67391304348;49039.67391304348;0.8699589671322585;SC;1.034002590673575;1.2258526376985117;1.1485524066807355;1.2661567783169763;1.23919906416163;0.9283582089552239;1.111352604304978;0.6263701847792045;0.6476683937823834;0.8838977735967389;1.0835284172194044;0.6156090972674433;0.707059310241077;0.36389297987236136;0.4607455630473535;0.2270795708063317;0.28139679163343084;0.2679528403001072;0.24875621890547264;0.45544537260554696;0.5061604009638258;0.477713447109673
SWE;2000.0;2000.0;478133.3333333334;536429.1666666667;661662.3188405797;694241.6666666667;484464.1304347826;582632.4275362319;377795.83333333326;480916.6666666666;517195.83333333326;844425.0;1.0;1.121923800892359;1.0492386326051863;1.2026327460267248;1.2729538661755138;1.6326987681970888;2521251.4492753623;3140644.927536232;5661896.376811594;1.245669061861676;SE;1.0612429141297501;1.2451481007903231;1.1094382577128414;1.2663605689484903;1.3114174950410291;1.5162631865093914;1.2530950816904358;0.007913427107444557;0.008398068444257821;1.1049102414487697;1.3757768886837136;0.8894291021867728;0.9867666734891902;0.7036475175667571;0.8910714706850315;0.56687373241004;0.7434081301617333;0.31579579920631135;0.47882954479084155;0.5701478662010122;0.7144494869727853;0.6420842532488781
SGP;2000.0;2012.5;261358.33333333328;321079.1666666666;539458.3333333333;527313.5869565217;337445.83333333326;384454.1666666666;174083.3333333333;227741.66666666663;153041.66666666666;202729.1666666667;1.00625;1.2285017377164176;0.9774871465943094;1.13930630841987;1.3082336045955;1.3246664851619931;1467387.4999999998;1665330.2536231882;3132717.753623188;1.1348946707145784;SG;1.1430055746827334;1.5113544073798888;1.1555637068301656;1.2203022194226278;1.3514771245618646;1.2305190469521032;1.2180342475320753;0.014097512493920447;0.016113535369710556;0.635044631105949;0.9597775021049116;0.8590196599855942;0.9926519425329418;0.7502097219072686;0.9154825886758725;0.47894960322154934;0.6472894325719054;0.2305292243021109;0.2836706013828411;0.5519476123003291;0.6722910946253571;0.6099932148201376
SHN;2000.0;2000.0;2000.0;2000.0;2000.0;2000.0;2000.0;2000.0;2000.0;2000.0;3000.0;3000.0;1.0;1.0;1.0;1.0;1.0;1.0;13000.0;13000.0;26000.0;1.0;SH;1.092783505154639;1.0;1.1387755102040815;0.7476038338658147;0.9066339066339067;1.0612788632326822;0.997844827586207;18.867924528301888;20.61855670103093;15.151515151515152;15.151515151515152;7.168458781362007;8.163265306122447;8.547008547008547;6.389776357827476;5.420054200542006;4.914004914004914;2.510460251046025;2.664298401420959;5.615550755939525;5.603448275862069;5.6094929881337645
SVN;2000.0;2000.0;81125.0;88633.33333333333;109116.66666666666;103695.83333333334;69854.16666666666;79179.16666666667;44875.0;57391.66666666666;30012.5;38983.33333333333;1.0;1.0925526450950178;0.9503207575989004;1.1334923948702658;1.2789229340761374;1.298903234763293;336983.3333333333;369883.3333333334;706866.6666666667;1.097630941193927;SI;1.0396270396270397;1.1790101203964656;1.0998413791955368;1.2832898285117704;1.3958108658186537;1.116821527495579;1.098838788835096;0.04671150971599402;0.04856254856254856;1.1239262953726794;1.3251204768240963;0.8374714425691837;0.9210857464321669;0.42776325109256313;0.5489442291382127;0.2817454088840057;0.3932633031148144;0.0873207760165724;0.09752172245292773;0.36967397238534144;0.4062121000797672;0.3879329900000147
SJM;2000.0;2000.0;2000.0;2000.0;2000.0;2000.0;2000.0;2000.0;2000.0;2000.0;3000.0;3000.0;1.0;1.0;1.0;1.0;1.0;1.0;13000.0;13000.0;26000.0;1.0;SJ;;;;;;;;;;;;;;;;;;;;;;
SVK;2000.0;2000.0;199608.3333333333;221779.16666666663;274637.5;271412.5;160250.0;194993.29710144928;92087.5;134254.16666666666;55079.16666666667;91400.0;1.0;1.1110716820440028;0.988257248190797;1.216806846186891;1.4578978326772545;1.6594296088962854;783662.5;915839.1304347826;1699501.6304347827;1.168665248668633;SK;1.057144438193439;1.1686925713468561;1.0316427488367779;1.280508606525566;1.4991703680277944;1.2830360650139265;1.0963786266239517;0.017448505099325617;0.018445590120541932;1.0234435352105935;1.1960908567935853;0.7506217885645566;0.7743735252915179;0.3539176084224661;0.45319454358591305;0.22383824094194973;0.33557165805163686;0.07520438707997847;0.09648994087087978;0.34490320286357734;0.37814449987377113;0.36205428283171615
SLE;2000.0;2000.0;22816.666666666668;19245.833333333336;24230.615942028984;18870.83333333333;9283.333333333334;5883.333333333333;2862.5;2179.166666666667;5065.217391304348;4675.0;1.0;0.8434989043097152;0.7788012231501349;0.6337522441651705;0.7612809315866086;0.922961373390558;66258.33333333333;52854.16666666667;119112.5;0.7976984027166395;SL;1.013858829479961;0.8541401343209638;0.7805974008353825;0.6338120011067729;0.7342876052951196;0.7942366721692621;0.784344950501791;0.005251397528167183;0.005324175751041542;0.0388491789173537;0.03318264289872764;0.038214779489182456;0.029830357542753105;0.020839272713123656;0.013208181139914673;0.009764225922868585;0.007169750070463702;0.01704639648689132;0.013538873218226364;0.02511681482775949;0.019700246882841662;0.02238567121587483
SMR;2000.0;2000.0;2000.0;2000.0;2000.0;2000.0;2000.0;2000.0;2000.0;2000.0;3000.0;3000.0;1.0;1.0;1.0;1.0;1.0;1.0;13000.0;13000.0;26000.0;1.0;SM;1.1085626911314985;1.0842459983150798;1.0157194679564692;0.9295175023651845;0.9584459459459459;0.9162421336529818;0.9584071377025518;2.7586206896551726;3.058103975535168;1.554001554001554;1.6849199663016006;1.1904761904761905;1.2091898428053203;1.0178117048346056;0.9460737937559129;0.7049700387733522;0.6756756756756757;0.49059689288634506;0.4495055439017081;0.8898624135806694;0.852850488748934;0.8709634195363795
SEN;2012.5;2000.0;349870.8333333333;206120.8333333333;279163.768115942;166116.6666666667;107135.68840579707;65212.49999999999;35803.07971014493;21687.5;34925.0;20458.333333333336;0.9937888198757764;0.5891340851981088;0.5950509544550755;0.608690726408506;0.6057439800033395;0.5857790503459795;808910.8695652174;481595.8333333333;1290506.7028985508;0.595363285935553;SN;1.0658835169168832;0.6033391403610383;0.5889948347758067;0.6046379785594971;0.6045034374915857;0.5804380742227342;0.6016464620662346;0.0023611857434831275;0.002516748964357801;0.2771849112429942;0.1672365060703988;0.2086347805507582;0.12288480809898054;0.11524725091413775;0.06968286482726342;0.05845181276481851;0.03533432174394734;0.04914618615745073;0.0285263176486227;0.14178039172598655;0.08530167107230466;0.11368926149923253
SOM;2000.0;2000.0;127470.83333333334;123398.91304347826;114183.33333333331;89737.5;29063.40579710145;17320.833333333336;5900.0;3233.333333333333;8191.666666666667;7000.0;1.0;0.9680560628390408;0.7859071668369582;0.5959670884497912;0.5480225988700566;0.854526958290946;286809.2391304348;242690.57971014496;529499.8188405798;0.8461742043106721;SO;1.0268607964844283;0.9857059189648719;0.7874819574300678;0.585031782197417;0.5202715950460015;0.7291464931445726;0.8327399515938599;0.0023934639287034967;0.0024577542761852213;0.10494104119844021;0.10344100545163902;0.09816918974810453;0.0773064657021611;0.037140071430800475;0.021728122180100576;0.01225907795111329;0.006378050039418979;0.016392972401105183;0.01195287833848161;0.05762758012355269;0.047988788282558544;0.0527696205978167
SUR;2000.0;2000.0;21413.76811594203;20350.0;21695.833333333336;20633.333333333336;10967.753623188406;11745.833333333332;5075.0;5579.166666666666;3815.579710144928;4182.789855072464;1.0;0.9503231701126864;0.951027463030536;1.0709424862079215;1.099343185550082;1.0962396733453612;64967.9347826087;64491.1231884058;129459.0579710145;0.9926608165120474;SR;1.029719061992106;0.9709683273427304;0.9823804746154072;1.141146950375508;1.138922678968459;0.9151967882026487;0.9819845788857977;0.09019165727170236;0.09287206872533085;0.5479049232643869;0.5319983268848688;0.46008637995871865;0.4519798763079305;0.25452539099088917;0.29045087372238704;0.1398611034558783;0.1592909826314537;0.0798806621895266;0.0731065254753555;0.2758055790429013;0.270836825390797;0.2733077700343368
SSD;2000.0;2000.0;15612.5;5587.5;19476.44927536232;6679.166666666666;7940.398550724637;2262.5;2291.666666666667;2000.0;3000.0;3000.0;1.0;0.3578863090472378;0.3429355408799181;0.2849353197508613;0.8727272727272726;1.0;50321.01449275362;21529.166666666664;71850.18115942029;0.4278364989991791;SS;1.0178763151318795;0.36341457955241124;0.3303348663371976;0.2547953615303298;0.7672871002515269;0.7832750387915884;0.400593734888686;0.0033861688546961083;0.003446701076232411;0.01962466454236351;0.0071318892135201475;0.03173160929664903;0.010482056915672736;0.014378294122261222;0.003663522649070963;0.00512572757373033;0.00393290464672684;0.008208540712993847;0.006429545045392588;0.014955159052207258;0.005990943020578048;0.010325657802300336
STP;2000.0;2000.0;2712.5;2154.166666666667;2000.0;2000.0;2000.0;2000.0;2000.0;2000.0;3000.0;3000.0;1.0;0.7941628264208911;1.0;1.0;1.0;1.0;13712.5;13154.166666666668;26866.666666666668;0.9592828927377698;ST;0.9921874999999998;0.763846616473115;0.9791044776119404;0.9943329759534387;1.0575782249621963;0.8987597346408996;0.9381128876224165;0.18101185627658611;0.17959770114942528;0.18032841377476397;0.1377432487158173;0.13550135501355012;0.13266998341625208;0.15403573629081946;0.1531628120692296;0.21997360316761988;0.23263929277654996;0.3209242618741977;0.2884338044418806;0.18972673815288826;0.1779850981877881;0.18379041507902305
SLV;2095.833333333333;2000.0;314304.1666666667;343686.95652173914;311246.44268774707;338551.9927536232;136234.78260869565;163752.1739130435;66571.73913043478;89721.73913043478;51861.23188405797;69808.69565217392;0.9542743538767398;1.0934852062786498;1.0877296775830785;1.2019850641475711;1.3477451588675178;1.3460670546399605;882314.1963109355;1007521.5579710144;1889835.7542819504;1.141907907844605;SV;1.019062304617525;1.1500142822452477;1.0918754893473808;0.9484095532507638;0.9552588084872718;0.8954972929783616;0.9845590162756024;0.009029872181530948;0.009202002355712603;0.7100351661922619;0.8165505820174795;0.553791701993045;0.6046715856101749;0.4072788717748749;0.3862671728284843;0.24988828754020098;0.2387079878105772;0.13342603439782955;0.11948265261609411;0.39629937720101865;0.39018012496766874;0.3930133526519894
SXM;2000.0;2000.0;2317.391304347826;2426.086956521739;2714.624505928854;3088.768115942029;2078.260869565217;2629.446640316206;2000.0;2000.0;3000.0;3000.0;1.0;1.046904315196998;1.137825179576781;1.2652149106124002;1.0;1.0;14110.276679841898;15144.301712779974;29254.578392621872;1.0732816979000346;SX;1.122167487684729;1.0011820971922478;0.9476458281332334;1.0614095375950225;0.8878652276914977;0.9735884864779377;0.9849331542677497;1.7559262510974538;1.9704433497536946;1.556340701375303;1.55818044734858;1.1640756886487367;1.103131469979296;0.7216183574879226;0.7659326071413358;0.5929439667951378;0.5264543300868649;0.4873294346978559;0.4744583267436345;0.8123827900191086;0.8001427438463556;0.8060000659197122
SWZ;2000.0;2000.0;12008.152173913044;14720.833333333332;10517.391304347826;13019.565217391304;4291.304347826087;5400.0;2000.0;2156.521739130435;3382.608695652174;4645.833333333333;1.0;1.225903296371728;1.2379082265398924;1.2583586626139818;1.0782608695652174;1.3734468723221935;34199.456521739135;41942.75362318841;76142.21014492755;1.226415793962316;SZ;0.9958009538104918;1.258861469571159;1.2258218316739746;1.2467786259259255;0.9682788923018727;0.9552379856404764;1.1573412772919238;0.03816065636328945;0.03800041800459805;0.1398508359022762;0.17605282880469447;0.10287667684943047;0.12610847645210047;0.054975842935075035;0.06854270591371235;0.04657987283694715;0.04510230767412128;0.07526944138077823;0.07190022956485852;0.08414351007459646;0.09738275742555934;0.09095495166283325
TCA;2000.0;2000.0;2900.0;2947.826086956521;3817.391304347826;3698.1884057971015;2530.434782608696;2539.1304347826085;2000.0;2000.0;3000.0;3000.0;1.0;1.0164917541229384;0.9687737281700836;1.0034364261168385;1.0;1.0;16247.826086956522;16185.14492753623;32432.971014492752;0.996142181785746;TC;0.8482384823848238;0.8620320809204659;0.988766110532084;1.147852873977396;1.1639531562410743;0.9113273361483387;1.0083559698061986;2.1299254526091587;1.8066847335140017;1.6496018202502845;1.4220096898005408;1.1026549117122548;1.0902678083128248;0.5685092749064695;0.6525650050841965;0.4907975460122698;0.5712653527563554;0.6043513295729251;0.5507618872774006;0.8269034600720913;0.8338130404170949;0.8303371995517858
TCD;2000.0;2000.0;49212.5;11829.166666666668;29413.405797101448;6645.755693581781;9063.04347826087;2368.181818181818;2609.5238095238096;2000.0;3191.304347826087;3000.0;1.0;0.2403691474049615;0.2259430866124551;0.2613009441985215;0.7664233576642335;0.9400544959128064;95489.7774327122;27843.104178430265;123332.88161114248;0.2915820407901796;TD;1.0290854848980335;0.2451754621053083;0.22679524373435633;0.25614356717640036;0.7334766466582939;0.8211514601533683;0.2885188724465225;0.0022666048639073772;0.0023325301654463647;0.04015403155860061;0.009844783242771039;0.023721292009165996;0.00537987620291264;0.011468185811128085;0.002937502022704128;0.004837441230164836;0.003548150171907876;0.00678175570970242;0.005568848603425584;0.018548115160718113;0.0053514812721786416;0.011914956424056895
TGO;2000.0;2000.0;57912.49999999999;23320.833333333336;43787.49999999999;18770.833333333336;14862.5;6095.833333333333;4720.833333333333;2187.5;4348.731884057972;3079.166666666667;1.0;0.4026908410677028;0.4286801788942812;0.4101485842444631;0.4633715798764343;0.708060820662362;127632.06521739128;55454.16666666667;183086.23188405795;0.4344845989306332;TG;1.0227980904633023;0.4126175462295649;0.44018754602135757;0.4199246658986827;0.4632000287089937;0.6545395443803944;0.43823455702920366;0.004882252280622097;0.004993558309780383;0.09740297965238509;0.040190178459615374;0.06543710416436276;0.028804598300854793;0.02923346846129184;0.012275854476667653;0.01344932276190449;0.0062297266894306815;0.012687062960938628;0.008304184409978148;0.044385239848693844;0.019451145923727306;0.031971762128277695
THA;2054.166666666667;4745.833333333334;2127875.0;2953420.833333333;3498007.2463768115;4758333.333333333;1371108.3333333335;2065898.3695652173;579017.0289855072;945770.8333333333;416225.0;574475.0;2.310344827586207;1.3879672599815935;1.3602983064892018;1.5067360611416922;1.6334076304982144;1.3802030151961078;7994286.775362319;11302644.20289855;19296930.97826087;1.413840223712301;TH;2.440133832474036;1.4615585397234794;1.3860596727078434;1.4849240401215227;1.5107397610872884;1.1394212250007527;1.32225858015812;0.0011690278658303163;0.002852584446517473;0.6369146020351933;0.9308879756791183;0.6754432749270128;0.9362046845780494;0.2635563325570794;0.39136113414026974;0.11132557928657345;0.16818397905430196;0.04578051530233453;0.052163290826951716;0.2685160527931291;0.35504765471590566;0.3132300299520023
TJK;2000.0;2000.0;546920.8333333334;145812.49999999997;389892.6877470355;104841.66666666666;175796.21212121213;56066.66666666666;64120.83333333333;31220.833333333336;49570.108695652176;23019.565217391304;1.0;0.2666062272876177;0.2688987764107248;0.3189298904120214;0.4869062317239587;0.4643839971932594;1228300.6752305664;362961.23188405787;1591261.9071146245;0.295498683020691;TJ;0.9781457377915637;0.24907126057304563;0.258332759688684;0.3056271763193454;0.44912881991005077;0.39715893615052;0.2766291012490684;0.005458053494382298;0.005338771762168395;0.9096577949719302;0.22656961368375578;0.47438490961336177;0.1225491628550867;0.2908506026779548;0.08889184842724317;0.16102023357507816;0.0723188274872156;0.10765719326487516;0.04275701634602875;0.377631799891401;0.10446394540702633;0.23654314196728163
TKL;2000.0;2000.0;2000.0;2000.0;2000.0;2000.0;2000.0;2000.0;2000.0;2000.0;3000.0;3000.0;1.0;1.0;1.0;1.0;1.0;1.0;13000.0;13000.0;26000.0;1.0;TK;1.4050632911392407;0.8979591836734695;1.028409090909091;0.9121621621621622;1.2040816326530612;0.7113821138211381;0.953020134228188;18.01801801801802;25.31645569620253;15.151515151515152;13.605442176870747;11.049723756906078;11.363636363636363;14.814814814814818;13.513513513513514;16.949152542372882;20.408163265306122;17.142857142857142;12.195121951219509;15.258215962441314;14.5413870246085;14.891179839633448
TLS;2000.0;2000.0;14496.014492753622;19895.83333333333;14295.833333333334;15708.333333333334;5416.666666666666;4725.0;2000.0;2000.0;3000.0;3000.0;1.0;1.3725036866704992;1.0988050131157097;0.8723076923076925;1.0;1.0;41208.51449275362;47329.16666666666;88537.68115942029;1.1485288234544182;TL;1.0229736829536227;1.3975983094272688;1.0909002372710463;0.8821305870416637;1.0929231015764278;0.9428903155306655;1.1578714220609563;0.031126466834749587;0.031841556415277576;0.14061786524865766;0.19652729074679542;0.13488162181882227;0.14714239324565676;0.07596581771943602;0.0670117713799461;0.036655547817162126;0.04006169501031589;0.043459995074533894;0.040978008468788414;0.08801006886166611;0.10190434358854004;0.09492906526562424
TKM;2000.0;2000.0;37502.71739130435;42687.49999999999;41995.83333333333;45158.33333333333;17519.927536231884;20783.333333333336;4712.5;7987.5;3000.0;4141.666666666667;1.0;1.1382508513875802;1.0753050897906538;1.1862682245889775;1.6949602122015914;1.3805555555555558;106730.97826086955;122758.33333333331;229489.31159420288;1.1501659155909734;TM;1.078373742435339;1.1787884770138433;1.095948064731891;1.1662908290993668;1.4513637160876383;0.9352764093327288;1.0673402948094783;0.008936151199678298;0.009636510812165131;0.09818724755611151;0.1157419960088499;0.06416465877566777;0.07032113360937524;0.035944285176063885;0.04192149015937563;0.012806332918457968;0.018586646933988607;0.008803669369393164;0.008233864276758566;0.043449631481812856;0.046375542475161326;0.04496722952993495
TUN;2000.0;2112.5;570243.6594202898;617029.1666666666;577152.371541502;578966.6666666667;287477.4703557312;326043.4782608695;134813.04347826086;161861.23188405798;124383.15217391304;146597.8260869565;1.05625;1.0820447653796608;1.0031435288402593;1.134153148966477;1.2006348028939704;1.1785987372468485;1696069.6969696968;1832610.8695652175;3528680.5665349145;1.0805044585369774;TN;1.1310397604556712;1.134228231175915;0.9848865766641198;1.0500063138027036;1.143892175345347;1.046613216960745;1.0325092077571545;0.005480938665555863;0.0061991595553625295;0.9869358859594626;1.1194105442158357;0.6402979112511823;0.6306208178573633;0.3217409512143524;0.33783003018395763;0.18302044591069094;0.20935565600545566;0.11337634941956302;0.11866118579327435;0.37102868440728454;0.38309053299254464;0.37719659585171406
TON;2000.0;2000.0;4683.514492753623;6347.101449275362;2217.391304347826;3265.217391304348;2000.0;2000.0;2000.0;2000.0;3000.0;3000.0;1.0;1.3552005569953196;1.4725490196078432;1.0;1.0;1.0;15900.905797101448;18612.318840579712;34513.22463768116;1.1705194080184114;TO;1.00253807106599;1.230482963614751;1.0346742228463641;0.7367758186397986;0.8726891557080236;0.8423684210526314;0.9773955434103669;0.4219409282700422;0.4230118443316413;0.7303156857560616;0.8986410093834577;0.44579640216080135;0.4612540459534324;0.42735042735042733;0.3148614609571788;0.43677658877484166;0.38117019249094714;0.46860356138706666;0.39473684210526316;0.5002172454102632;0.48891010640100113;0.4940553507548443
TUR;2966.6666666666665;2041.6666666666667;7736594.202898551;6836191.666666667;9408333.333333334;7333333.333333333;6083333.333333333;5241666.666666666;3825000.0;3500000.0;3001504.166666667;2968958.333333333;0.6882022471910113;0.8836177117969373;0.7794508414526129;0.8616438356164383;0.915032679738562;0.9891568255360852;30057731.70289855;25882191.666666668;55939923.36956522;0.8610826632726506;TR;0.7160503258414646;0.9215999257461874;0.8106783630586991;0.8770210658926523;0.920027371669852;0.8664563878196545;0.8504811125665842;0.0011495428694243295;0.0008231305462200232;1.6037406830462329;1.4780072944115479;1.3769004641215596;1.1162234143488288;0.9110491997019347;0.7990093402032384;0.6999243898672175;0.643949596777161;0.37345254019746815;0.32358033900157257;0.8733359987558106;0.7427557718662907;0.8076414735923286
TTO;2000.0;2000.0;86770.83333333333;102854.16666666669;93385.50724637682;102141.66666666666;67736.95652173914;86199.09420289856;32204.52898550724;42754.16666666667;22645.833333333336;33917.57246376811;1.0;1.1853541416566629;1.0937635793655718;1.27255635076008;1.3275824243822043;1.4977400903963838;304743.65942028986;369866.6666666667;674610.3260869565;1.2136976610777055;TT;1.0404508926163638;1.2413438649401858;1.1313868719476718;1.2874149232434586;1.3224047934451917;1.2643691326623234;1.1738569188717123;0.051837644497434034;0.05393452348848498;1.2815069167528184;1.5907907489895243;0.8279003816235821;0.9366756230493885;0.512642235639387;0.6599832644470366;0.3292189712383562;0.4353607456586969;0.13817702930827586;0.17470677070036114;0.49718837496417206;0.5836280139342767;0.5411293966788002
TUV;2000.0;2000.0;2000.0;2000.0;2000.0;2000.0;2000.0;2000.0;2000.0;2000.0;3000.0;3000.0;1.0;1.0;1.0;1.0;1.0;1.0;13000.0;13000.0;26000.0;1.0;TV;1.121301775147929;1.061619718309859;1.1163120567375886;1.1506550218340612;1.1593886462882097;0.7341628959276021;1.0190559953092932;5.277044854881266;5.9171597633136095;3.316749585406302;3.5211267605633805;2.5412960609911055;2.8368794326241136;3.795066413662239;4.366812227074236;3.766478342749529;4.366812227074236;4.622496147919875;3.3936651583710407;3.7399309551208284;3.8111990618586926;3.7752286917380573
TWN;2000.0;2016.6666666666663;1058504.1666666665;1393954.1666666667;1934516.6666666667;2039904.1666666665;1281283.3333333335;1441322.463768116;712858.3333333333;909495.8333333334;419350.0;531730.9782608696;1.0083333333333333;1.3169094752421855;1.0544774319166716;1.124905340037813;1.2758437277158858;1.2679885018740185;5408512.499999999;6318424.275362318;11726936.775362317;1.168236973726569;TW;1.103158042153911;1.4281772723177062;1.1369479434909229;1.1195391237511436;1.2399360032859068;1.1261930885611764;1.1353650510461275;0.004741044167567465;0.005230121001658941;1.17936291998042;1.6843393181302817;1.1922745139368676;1.3555540566971613;0.6923894709462474;0.7751571015976797;0.3995182037349952;0.4953770047791346;0.11493266839479063;0.12943637679610676;0.5289297034147352;0.6005282997172838;0.5652398501189225
TZA;2008.3333333333333;2000.0;634625.0;428450.0;1014883.3333333333;656826.8115942029;420345.8333333334;236587.5;157141.66666666666;88583.33333333331;122941.66666666666;73360.32608695651;0.9958506224066388;0.675123104195391;0.6471944015839617;0.5628401217251667;0.5637163917908468;0.5967084071331107;2351945.833333333;1485807.971014493;3837753.8043478257;0.6317356250116982;TZ;1.004954885245159;0.6779980431389095;0.6437287625327693;0.531244435641739;0.5421473245500116;0.44950485185729305;0.6050981307494406;0.0006661386205170253;0.0006694392609390559;0.1432385534423974;0.09711545893599356;0.2174828604519563;0.1399999726308248;0.1338172577531318;0.07108967357418762;0.07647935248103448;0.041463076330910134;0.06775549419763496;0.03045642338182558;0.12299486601400139;0.07442396351685016;0.09818638281769876
UKR;2000.0;2000.0;1147441.4855072466;1658602.3550724636;1466413.6363636362;1828209.782608696;999483.5144927535;1741668.4523809522;515940.2173913043;1163943.4782608696;389633.3333333334;1072626.8939393938;1.0;1.445478811792524;1.246721755221964;1.7425684637378571;2.255965786396722;2.7529135784226035;4520912.187088274;7467050.962262374;11987963.149350649;1.6516690997866033;UA;1.0571131853304294;1.5189765570721672;1.3066895748317136;1.7603662649886058;2.008335352290518;1.7585173086279107;1.39310435603326;0.002390280164738109;0.0025267966787784453;0.9370234904841303;1.423316715471329;0.583237501362679;0.7621103626815103;0.3160696023917182;0.5563982654387429;0.2078767910867351;0.41748630846020046;0.08032681585917566;0.14125609603532732;0.2999876835503276;0.4179141487102886;0.3639581238402184
UGA;2000.0;2000.0;204758.3333333333;129262.5;186658.33333333337;138420.8333333333;50950.0;34950.18115942029;12495.833333333332;8291.666666666668;13016.666666666668;13770.833333333334;1.0;0.6312929876683896;0.7415732845216302;0.6859701895862667;0.6635545181727244;1.0579385403329065;469879.16666666674;326696.0144927536;796575.1811594204;0.6952766533795112;UG;0.9990188443501182;0.6258769707816438;0.7287196198059083;0.6638736659917369;0.6221163723730582;0.8158029013358037;0.6678605156997597;0.0008566238654552292;0.0008557833841098141;0.05868684208087572;0.03673074294631919;0.052086850515413105;0.03795670990447902;0.025254002226515762;0.016765467039080502;0.010177384446811814;0.006331517492296548;0.012115819164340461;0.009884120426328882;0.034230280758783746;0.022861052960108874;0.028431334889886906
UMI;2000.0;2000.0;2000.0;2000.0;2000.0;2000.0;2000.0;2000.0;2000.0;2000.0;3000.0;3000.0;1.0;1.0;1.0;1.0;1.0;1.0;13000.0;13000.0;26000.0;1.0;UM;;;;;;;;;;;;;;;;;;;;;;
USA;6341.666666666666;4995.833333333334;18567210.14492753;21717391.304347828;23173731.88405797;24386956.521739133;15065036.23188406;18333152.173913043;8995108.695652174;12416666.666666668;9233333.333333332;15783514.492753625;0.7877792378449411;1.1696636777863425;1.052353442412777;1.216933825563078;1.3803798360622723;1.70940590174227;75040761.95652173;92642676.99275364;167683438.94927537;1.2345647162595494;US;0.8370129057492186;1.2487378440953532;1.1271749625052725;1.2909265544201773;1.4361695501917664;1.5461915213872843;1.2369934060962986;0.0006782325911062442;0.0005676894318556591;1.1499455223532975;1.4359804924105615;0.9461751378462948;1.0665049255253185;0.634498848486717;0.8190914122605276;0.42429459791307006;0.6093589818336101;0.19105888954352424;0.29541363509786694;0.5238119533380551;0.647951932313596;0.5858209494179536
URY;2000.0;2000.0;238638.0434782609;280037.5;315062.5;340473.9130434782;191736.231884058;238330.43478260867;126923.3695652174;184756.88405797104;124673.91304347826;219775.57641633728;1.0;1.17348221565314;1.0806551495131227;1.2430119880874992;1.4556569423807877;1.7628032284483897;999034.0579710144;1265374.3083003953;2264408.3662714097;1.2665977683186334;UY;1.0474961617613432;1.223607133892481;1.1169659054678318;1.24901409839332;1.4232179995673446;1.3109867871152052;1.164637777340114;0.020789804679785032;0.021777240605842834;1.3699241293141189;1.676248937520202;1.2473721301285527;1.3932721407843771;0.8741786775544858;1.0918614927803805;0.6036984326004547;0.8591944755875603;0.32257825011508184;0.42289582371161627;0.7460778537968874;0.8689104533686897;0.8100698009252626
UZB;2037.5;2000.0;2596654.528985508;1191779.1666666667;2185745.833333333;923666.6666666667;1187816.6666666667;570125.0;414666.6666666666;288395.8333333333;279070.8333333334;223979.16666666663;0.98159509202454;0.4589671646201952;0.4225864931688078;0.4799772692194362;0.695488344051447;0.8025889484449884;6665992.028985507;3199945.833333333;9865937.86231884;0.4800404530067119;UZ;1.0365868457565688;0.4819209418426216;0.4432120505040621;0.4979107426362069;0.6972058199193429;0.6625671987318369;0.4775019545874694;0.001783385412563786;0.001848633859577772;1.4418889364504421;0.6948764742866528;0.7087901605286169;0.3141443404249916;0.4660615824631259;0.2320570686384208;0.23316078685393;0.16256105757153344;0.13033597753248038;0.08635634352767116;0.5334765779401734;0.25473610869306723;0.3937368650381906
VAT;2000.0;2000.0;2000.0;2000.0;2000.0;2000.0;2000.0;2000.0;2000.0;2000.0;3000.0;3000.0;1.0;1.0;1.0;1.0;1.0;1.0;13000.0;13000.0;26000.0;1.0;VA;1.25;2.0;1.0;1.0714285714285716;1.0;0.7974683544303798;0.9109311740890691;400.0;500.0;142.85714285714286;285.7142857142857;100.0;100.0;66.66666666666667;71.42857142857143;66.66666666666667;66.66666666666667;23.809523809523803;18.987341772151893;57.77777777777776;52.6315789473684;55.084745762711854
VCT;2000.0;2000.0;7345.833333333334;7845.833333333334;8109.057971014493;9116.666666666666;4058.333333333333;4858.333333333333;2075.0;2312.5;3000.0;3000.0;1.0;1.068065796937039;1.1242571824315266;1.197125256673511;1.1144578313253013;1.0;26588.22463768116;29133.33333333333;55721.557971014496;1.0957231530248626;VC;1.0634920634920635;1.1687121271114473;1.1990664092706207;1.2016857338417912;1.219707192994379;1.0041131536976413;1.144565614123316;0.6489292667099286;0.6901311249137336;1.3633692155407078;1.593386135932846;1.1022234567098672;1.3216391224509518;0.5923709434145866;0.7118437118437118;0.30555146517449566;0.3726833199033038;0.25079418157498745;0.2518257365902795;0.6417471129753364;0.7345216784744807;0.6871230667005511
VEN;2050.0;2000.0;849461.9565217391;1099365.579710145;1001291.304347826;1373845.8333333335;756358.3333333334;1083886.3636363638;556000.0;794421.7391304348;587062.1376811594;926465.2173913044;0.975609756097561;1.2941904828930504;1.372074068123626;1.433032883844338;1.4288160775727246;1.5781382547523086;3752223.7318840576;5279984.733201582;9032208.46508564;1.4071614888887258;VE;1.0285822990650415;1.391868855754559;1.4038664732711215;1.3605426318868736;1.332605854073783;1.3037227304199661;1.3426530754099821;0.0018015785343235863;0.0018530717907807826;0.5112423936253669;0.7115823654285616;0.5479570891902313;0.7692585863053994;0.42558054000240453;0.5790204679747083;0.34649602775956667;0.4617426350057105;0.2440028768847578;0.3181120968825233;0.36028457826068183;0.4837371970244929;0.42345893666371853
VGB;2000.0;2000.0;2000.0;2075.0;2228.442028985507;2462.5;2000.0;2043.4782608695648;2000.0;2000.0;3000.0;3000.0;1.0;1.0375;1.1050321112104708;1.0217391304347827;1.0;1.0;13228.442028985508;13580.978260869566;26809.420289855072;1.026649867846236;VG;1.0405405405405406;0.9642148277875076;0.9119197034261168;0.8408594130382985;0.8713942307692308;0.8820867079561694;0.8925405509129227;1.8552875695732838;1.9305019305019304;1.2562814070351758;1.2113251605370694;0.81928015771526;0.7471177184466019;0.5790387955993053;0.48689022179403496;0.6896551724137931;0.6009615384615384;0.810153929246557;0.7146260123868509;0.8563761266903287;0.7643504199048607;0.8071479840389906
VIR;2000.0;2000.0;2908.333333333333;3366.6666666666665;3470.833333333333;4233.333333333333;2279.166666666667;3170.833333333333;2000.0;2183.333333333333;3000.0;3000.0;1.0;1.1575931232091692;1.21968787515006;1.3912248628884825;1.0916666666666666;1.0;15658.333333333332;17954.166666666668;33612.5;1.1466205428419374;VI;1.0043753038405445;1.1830427207671597;1.1201702613160145;1.2973485677073058;1.0368951149425285;0.8173854447439353;1.022179951017019;0.968054211035818;0.9722897423432183;0.8937717680803113;1.0573701842546064;0.822277501381979;0.921090803597331;0.4794208385920629;0.6219759382764483;0.3630422944273008;0.37643678160919536;0.20610057708161586;0.1684636118598383;0.45571400853705857;0.46582172292417995;0.4610578439844725
VNM;2804.166666666667;3441.6666666666665;2556291.6666666665;3757632.608695652;1574373.9130434785;1850090.3985507248;367804.1666666666;434100.0;117437.5;130791.66666666666;67387.5;61287.5;1.227340267459138;1.469954566489473;1.175127702017273;1.1802476408414806;1.113712967890722;0.9094787608977928;4686098.913043479;6237343.84057971;10923442.753623188;1.331031195952444;VN;1.2552808541913996;1.4871784052478576;1.1823363514910887;1.1748761243532122;1.0716804375463977;0.6847076702652325;1.2409055265226736;0.0009460751237067028;0.0011875899894157839;0.5632340192135776;0.8376294704753894;0.19540508851566232;0.23103453941840144;0.046777247777300426;0.05495747157650463;0.01915270004347938;0.020525573962790894;0.008454224615716209;0.005788672440526024;0.12487949790663314;0.15496365910171772;0.14044868229005913
VUT;2000.0;2000.0;2591.666666666667;4383.333333333333;2000.0;2266.666666666667;2000.0;2000.0;2000.0;2000.0;3000.0;3000.0;1.0;1.6913183279742765;1.1333333333333335;1.0;1.0;1.0;13591.666666666668;15650.0;29241.666666666668;1.1514408338442672;VU;1.0548711298427622;1.6772247812470087;1.0362057238528752;0.957037529796552;1.1833903959266088;1.0011273209549072;1.1476856252544771;0.1536688436419516;0.16210082671421625;0.14327307571820813;0.24030115308005773;0.08583690987124463;0.08894469732642706;0.11584800741427248;0.11087089084760796;0.14836795252225518;0.17557721007813185;0.19871497648539446;0.1989389920424403;0.13558448467920264;0.1556083640738568;0.1456127770750962
WLF;2000.0;2000.0;2000.0;2000.0;2000.0;2000.0;2000.0;2000.0;2000.0;2000.0;3000.0;3000.0;1.0;1.0;1.0;1.0;1.0;1.0;13000.0;13000.0;26000.0;1.0;WF;1.0625000000000002;0.9821428571428572;0.7739938080495355;0.7715019255455712;0.8840425531914894;0.8984375;0.8819173009668791;4.705882352941177;5.0;3.6363636363636362;3.5714285714285716;4.0;3.0959752321981426;3.327787021630616;2.567394094993581;2.4067388688327314;2.127659574468085;2.1739130434782608;1.953125;3.032423606251458;2.674346842213536;2.8421512898994314
WSM;2000.0;2000.0;9254.166666666666;11225.0;4087.5;6350.0;2000.0;2661.775362318841;2000.0;2000.0;3000.0;3000.0;1.0;1.2129671319225577;1.5535168195718654;1.3308876811594206;1.0;1.0;22341.666666666664;27236.77536231884;49578.442028985504;1.219102216888572;WS;1.055840455840456;1.2870841152986165;1.4035617507122808;1.2375755775975366;1.0737964527027029;0.9531383737517829;1.2031130063398319;0.21586616297895306;0.22792022792022792;0.7580411751856706;0.9756627553237722;0.32205326189725814;0.4520216400911162;0.19234468166955185;0.2380410805150099;0.19663749877101563;0.21114864864864866;0.22450048641772063;0.21398002853067047;0.32808591665810044;0.39472443352828673;0.3616251178271578
XKX;2000.0;2000.0;81408.33333333333;68850.0;124498.18840579707;101054.16666666669;77750.0;62081.52173913043;42120.833333333336;35112.5;27320.83333333333;24366.666666666664;1.0;0.8457365134609479;0.811691864441308;0.7984761638473368;0.8336136116331981;0.8918712825987494;355098.18840579706;293464.8550724638;648563.0434782609;0.826432982916544;;1.0204564992368286;0.8632036668047868;0.8399701054815994;0.7847487031929726;0.7158065206325571;0.7360295891785643;0.7774110372448314;0.034384939396544315;0.035088334883068124;0.7654828285487718;0.6607675844793997;0.9217786396407384;0.7742665011697163;0.6634468517206953;0.520639056525276;0.4240153147167583;0.3035129271223214;0.18454411383926056;0.13582992829443313;0.5346648403838842;0.4156543481411777;0.47334079960053543
YEM;2000.0;2000.0;661651.976284585;268459.09090909094;409135.3754940711;162795.65217391303;114226.08695652171;39975.09881422925;31890.760869565216;10731.818181818182;18050.0;6020.995670995671;1.0;0.4057406318297208;0.3979016773539108;0.3499647049053261;0.3365180976933052;0.3335731673681812;1236954.199604743;489982.6557500471;1726936.85535479;0.3961202895843811;YE;1.0459909508997554;0.42141241607552765;0.40660126524691975;0.35920768873255204;0.33897336056403354;0.28722151692006326;0.4004745618725647;0.0011664045172514145;0.0012200485701335771;0.25581402524170516;0.10780320644311298;0.1314819818396602;0.05346074017317835;0.052619472108845704;0.018901318958545455;0.025913416694346977;0.008783957940578924;0.016774734369060885;0.004818064651412788;0.10403023158178255;0.04166146141421581;0.07301630366772105
MYT;2000.0;2000.0;13179.166666666668;11150.0;7126.449275362318;6433.333333333334;2575.0;2462.5;2000.0;2000.0;3000.0;3000.0;1.0;0.84603224786595;0.9027403528394938;0.9563106796116504;1.0;1.0;29880.615942028984;27045.833333333336;56926.44927536232;0.9051297130489084;YT;0.9393556117694047;0.6697522725114061;0.6223076684677807;0.8021910501276375;1.087496599873062;1.0724550296452615;0.7784019638114671;0.14173339947558644;0.13313806417254692;0.9984973609111802;0.6687458765669045;0.4160944284090803;0.25893875360568863;0.1486978113992031;0.11928405347800813;0.16675004168751043;0.18134010336385892;0.2811094452773613;0.3014772384684956;0.353951859062177;0.2755168221887182;0.3117822442019143
ZAF;2062.5;2000.0;1268726.7857142857;1471427.380952381;1048827.7432712214;1245040.9090909092;521390.4761904761;672754.5454545455;232597.61904761905;319222.7272727273;231768.5606060606;365730.0207039338;0.9696969696969696;1.1597669392027348;1.1870785427621435;1.2903084658738044;1.372424741834411;1.5779966866410706;3305373.6848296626;4076175.583474497;7381549.26830416;1.2331965980677178;ZA;0.9788092851876317;1.1838956786194312;1.1661288409277744;1.2815749255791982;1.2566291883037994;1.1195319361403606;1.143246707551196;0.0009587573946343056;0.0009384406401103606;0.35061716263774095;0.41509414369662784;0.186591350714718;0.21758955553610193;0.1081585425319303;0.13861327609611312;0.07771083423989743;0.09765370255329343;0.06415802637924159;0.07182695949129668;0.14486479002566655;0.16561619423693866;0.1556332190548641
ZMB;2000.0;2000.0;105575.0;94054.16666666669;94758.15217391304;75270.10869565216;30372.10144927536;22716.666666666664;11391.666666666668;7825.0;20866.666666666668;23841.666666666668;1.0;0.8908753650643303;0.7943391356714747;0.7479451727963544;0.6869056327724944;1.1425718849840256;264963.5869565217;225707.60869565216;490671.1956521739;0.8518438751838336;ZM;0.9927175931862651;0.8772846007519064;0.7840403771117976;0.7500285093519219;0.6566636253458288;0.8840494115723636;0.8234632185727718;0.002083450527425501;0.0020682779931084977;0.07665693706253086;0.06724995042576641;0.06267032107850679;0.0491360621721099;0.02768751955337967;0.020766429018273542;0.017567966310629405;0.01153624444749129;0.04570951239779251;0.04040946753852812;0.04378770175791654;0.03605756182347857;0.0398571553034755
ZWE;2000.0;2000.0;137444.20289855072;99266.66666666669;101425.0;81237.49999999999;36478.98550724637;28569.565217391304;12491.304347826088;9500.0;17021.920289855072;16676.44927536232;1.0;0.722232473783828;0.8009613014542765;0.7831787211219485;0.7605290636964844;0.9797043454199084;306861.4130434783;237250.1811594203;544111.5942028986;0.7731509113718544;ZW;1.0021433914304059;0.692043117092624;0.6728414781953617;0.6312645715325057;0.5053333701142353;0.7031747955923402;0.6543564165451821;0.002642133575705053;0.0026477967021692073;0.1262566051189597;0.08737501456005743;0.1107902069868013;0.07454424663856947;0.04037161679900658;0.025485171380699397;0.03128849121515439;0.015811118711543615;0.03657992691255778;0.025722082629520554;0.06775197078228554;0.04433393681497024;0.05506855126472274
