level;iso2;iso3;name;age_13_17_business_men;age_18_24_business_men;age_25_34_business_men;age_35_44_business_men;age_45_54_business_men;age_55_100_business_men;age_13_17_business_women;age_18_24_business_women;age_25_34_business_women;age_35_44_business_women;age_45_54_business_women;age_55_100_business_women;total_business_men;total_business_women;total_business_all;total_18_44_business_men;total_18_44_business_women;age_13_17_business_ratio;age_18_24_business_ratio;age_25_34_business_ratio;age_35_44_business_ratio;age_45_54_business_ratio;age_55_100_business_ratio;total_business_ratio;total_18_44_business_ratio;age_13_17_finance_men;age_18_24_finance_men;age_25_34_finance_men;age_35_44_finance_men;age_45_54_finance_men;age_55_100_finance_men;age_13_17_finance_women;age_18_24_finance_women;age_25_34_finance_women;age_35_44_finance_women;age_45_54_finance_women;age_55_100_finance_women;total_finance_men;total_finance_women;total_finance_all;total_18_44_finance_men;total_18_44_finance_women;age_13_17_finance_ratio;age_18_24_finance_ratio;age_25_34_finance_ratio;age_35_44_finance_ratio;age_45_54_finance_ratio;age_55_100_finance_ratio;total_finance_ratio;total_18_44_finance_ratio;age_13_17_education_men;age_18_24_education_men;age_25_34_education_men;age_35_44_education_men;age_45_54_education_men;age_55_100_education_men;age_13_17_education_women;age_18_24_education_women;age_25_34_education_women;age_35_44_education_women;age_45_54_education_women;age_55_100_education_women;total_education_men;total_education_women;total_education_all;total_18_44_education_men;total_18_44_education_women;age_13_17_education_ratio;age_18_24_education_ratio;age_25_34_education_ratio;age_35_44_education_ratio;age_45_54_education_ratio;age_55_100_education_ratio;total_education_ratio;total_18_44_education_ratio;age_13_17_health_men;age_18_24_health_men;age_25_34_health_men;age_35_44_health_men;age_45_54_health_men;age_55_100_health_men;age_13_17_health_women;age_18_24_health_women;age_25_34_health_women;age_35_44_health_women;age_45_54_health_women;age_55_100_health_women;total_health_men;total_health_women;total_health_all;total_18_44_health_men;total_18_44_health_women;age_13_17_health_ratio;age_18_24_health_ratio;age_25_34_health_ratio;age_35_44_health_ratio;age_45_54_health_ratio;age_55_100_health_ratio;total_health_ratio;total_18_44_health_ratio;age_13_17_children_men;age_18_24_children_men;age_25_34_children_men;age_35_44_children_men;age_45_54_children_men;age_55_100_children_men;age_13_17_children_women;age_18_24_children_women;age_25_34_children_women;age_35_44_children_women;age_45_54_children_women;age_55_100_children_women;total_children_men;total_children_women;total_children_all;total_18_44_children_men;total_18_44_children_women;age_13_17_children_ratio;age_18_24_children_ratio;age_25_34_children_ratio;age_35_44_children_ratio;age_45_54_children_ratio;age_55_100_children_ratio;total_children_ratio;total_18_44_children_ratio;age_13_17_travel_men;age_18_24_travel_men;age_25_34_travel_men;age_35_44_travel_men;age_45_54_travel_men;age_55_100_travel_men;age_13_17_travel_women;age_18_24_travel_women;age_25_34_travel_women;age_35_44_travel_women;age_45_54_travel_women;age_55_100_travel_women;total_travel_men;total_travel_women;total_travel_all;total_18_44_travel_men;total_18_44_travel_women;age_13_17_travel_ratio;age_18_24_travel_ratio;age_25_34_travel_ratio;age_35_44_travel_ratio;age_45_54_travel_ratio;age_55_100_travel_ratio;total_travel_ratio;total_18_44_travel_ratio;age_13_17_pets_men;age_18_24_pets_men;age_25_34_pets_men;age_35_44_pets_men;age_45_54_pets_men;age_55_100_pets_men;age_13_17_pets_women;age_18_24_pets_women;age_25_34_pets_women;age_35_44_pets_women;age_45_54_pets_women;age_55_100_pets_women;total_pets_men;total_pets_women;total_pets_all;total_18_44_pets_men;total_18_44_pets_women;age_13_17_pets_ratio;age_18_24_pets_ratio;age_25_34_pets_ratio;age_35_44_pets_ratio;age_45_54_pets_ratio;age_55_100_pets_ratio;total_pets_ratio;total_18_44_pets_ratio;age_13_17_food_men;age_18_24_food_men;age_25_34_food_men;age_35_44_food_men;age_45_54_food_men;age_55_100_food_men;age_13_17_food_women;age_18_24_food_women;age_25_34_food_women;age_35_44_food_women;age_45_54_food_women;age_55_100_food_women;total_food_men;total_food_women;total_food_all;total_18_44_food_men;total_18_44_food_women;age_13_17_food_ratio;age_18_24_food_ratio;age_25_34_food_ratio;age_35_44_food_ratio;age_45_54_food_ratio;age_55_100_food_ratio;total_food_ratio;total_18_44_food_ratio;age_13_17_business_ratio_std;age_18_24_business_ratio_std;age_25_34_business_ratio_std;age_35_44_business_ratio_std;age_45_54_business_ratio_std;age_55_100_business_ratio_std;total_business_ratio_std;total_18_44_business_ratio_std;age_13_17_finance_ratio_std;age_18_24_finance_ratio_std;age_25_34_finance_ratio_std;age_35_44_finance_ratio_std;age_45_54_finance_ratio_std;age_55_100_finance_ratio_std;total_finance_ratio_std;total_18_44_finance_ratio_std;age_13_17_education_ratio_std;age_18_24_education_ratio_std;age_25_34_education_ratio_std;age_35_44_education_ratio_std;age_45_54_education_ratio_std;age_55_100_education_ratio_std;total_education_ratio_std;total_18_44_education_ratio_std;age_13_17_health_ratio_std;age_18_24_health_ratio_std;age_25_34_health_ratio_std;age_35_44_health_ratio_std;age_45_54_health_ratio_std;age_55_100_health_ratio_std;total_health_ratio_std;total_18_44_health_ratio_std;age_13_17_children_ratio_std;age_18_24_children_ratio_std;age_25_34_children_ratio_std;age_35_44_children_ratio_std;age_45_54_children_ratio_std;age_55_100_children_ratio_std;total_children_ratio_std;total_18_44_children_ratio_std;age_13_17_travel_ratio_std;age_18_24_travel_ratio_std;age_25_34_travel_ratio_std;age_35_44_travel_ratio_std;age_45_54_travel_ratio_std;age_55_100_travel_ratio_std;total_travel_ratio_std;total_18_44_travel_ratio_std;age_13_17_pets_ratio_std;age_18_24_pets_ratio_std;age_25_34_pets_ratio_std;age_35_44_pets_ratio_std;age_45_54_pets_ratio_std;age_55_100_pets_ratio_std;total_pets_ratio_std;total_18_44_pets_ratio_std;age_13_17_food_ratio_std;age_18_24_food_ratio_std;age_25_34_food_ratio_std;age_35_44_food_ratio_std;age_45_54_food_ratio_std;age_55_100_food_ratio_std;total_food_ratio_std;total_18_44_food_ratio_std;age_13_17_business_men_pen;age_18_24_business_men_pen;age_25_34_business_men_pen;age_35_44_business_men_pen;age_45_54_business_men_pen;age_55_100_business_men_pen;age_13_17_business_women_pen;age_18_24_business_women_pen;age_25_34_business_women_pen;age_35_44_business_women_pen;age_45_54_business_women_pen;age_55_100_business_women_pen;total_business_men_pen;total_business_women_pen;total_business_all_pen;total_18_44_business_men_pen;total_18_44_business_women_pen;age_13_17_finance_men_pen;age_18_24_finance_men_pen;age_25_34_finance_men_pen;age_35_44_finance_men_pen;age_45_54_finance_men_pen;age_55_100_finance_men_pen;age_13_17_finance_women_pen;age_18_24_finance_women_pen;age_25_34_finance_women_pen;age_35_44_finance_women_pen;age_45_54_finance_women_pen;age_55_100_finance_women_pen;total_finance_men_pen;total_finance_women_pen;total_finance_all_pen;total_18_44_finance_men_pen;total_18_44_finance_women_pen;age_13_17_education_men_pen;age_18_24_education_men_pen;age_25_34_education_men_pen;age_35_44_education_men_pen;age_45_54_education_men_pen;age_55_100_education_men_pen;age_13_17_education_women_pen;age_18_24_education_women_pen;age_25_34_education_women_pen;age_35_44_education_women_pen;age_45_54_education_women_pen;age_55_100_education_women_pen;total_education_men_pen;total_education_women_pen;total_education_all_pen;total_18_44_education_men_pen;total_18_44_education_women_pen;age_13_17_health_men_pen;age_18_24_health_men_pen;age_25_34_health_men_pen;age_35_44_health_men_pen;age_45_54_health_men_pen;age_55_100_health_men_pen;age_13_17_health_women_pen;age_18_24_health_women_pen;age_25_34_health_women_pen;age_35_44_health_women_pen;age_45_54_health_women_pen;age_55_100_health_women_pen;total_health_men_pen;total_health_women_pen;total_health_all_pen;total_18_44_health_men_pen;total_18_44_health_women_pen;age_13_17_children_men_pen;age_18_24_children_men_pen;age_25_34_children_men_pen;age_35_44_children_men_pen;age_45_54_children_men_pen;age_55_100_children_men_pen;age_13_17_children_women_pen;age_18_24_children_women_pen;age_25_34_children_women_pen;age_35_44_children_women_pen;age_45_54_children_women_pen;age_55_100_children_women_pen;total_children_men_pen;total_children_women_pen;total_children_all_pen;total_18_44_children_men_pen;total_18_44_children_women_pen;age_13_17_travel_men_pen;age_18_24_travel_men_pen;age_25_34_travel_men_pen;age_35_44_travel_men_pen;age_45_54_travel_men_pen;age_55_100_travel_men_pen;age_13_17_travel_women_pen;age_18_24_travel_women_pen;age_25_34_travel_women_pen;age_35_44_travel_women_pen;age_45_54_travel_women_pen;age_55_100_travel_women_pen;total_travel_men_pen;total_travel_women_pen;total_travel_all_pen;total_18_44_travel_men_pen;total_18_44_travel_women_pen;age_13_17_pets_men_pen;age_18_24_pets_men_pen;age_25_34_pets_men_pen;age_35_44_pets_men_pen;age_45_54_pets_men_pen;age_55_100_pets_men_pen;age_13_17_pets_women_pen;age_18_24_pets_women_pen;age_25_34_pets_women_pen;age_35_44_pets_women_pen;age_45_54_pets_women_pen;age_55_100_pets_women_pen;total_pets_men_pen;total_pets_women_pen;total_pets_all_pen;total_18_44_pets_men_pen;total_18_44_pets_women_pen;age_13_17_food_men_pen;age_18_24_food_men_pen;age_25_34_food_men_pen;age_35_44_food_men_pen;age_45_54_food_men_pen;age_55_100_food_men_pen;age_13_17_food_women_pen;age_18_24_food_women_pen;age_25_34_food_women_pen;age_35_44_food_women_pen;age_45_54_food_women_pen;age_55_100_food_women_pen;total_food_men_pen;total_food_women_pen;total_food_all_pen;total_18_44_food_men_pen;total_18_44_food_women_pen
country;AD;AND;Andorra;500.0;1500.0;2000.0;500.0;500.0;500.0;500.0;2000.0;2000.0;500.0;500.0;500.0;5500.0;6000.0;11500.0;4000.0;4500.0;1.0;1.3333;1.0;1.0;1.0;1.0;1.0909;1.125;500.0;1500.0;2500.0;500.0;500.0;500.0;500.0;1500.0;2500.0;500.0;500.0;500.0;6000.0;6000.0;12000.0;4500.0;4500.0;1.0;1.0;1.0;1.0;1.0;1.0;1.0;1.0;500.0;1500.0;2000.0;500.0;500.0;500.0;500.0;1500.0;1500.0;500.0;500.0;500.0;5500.0;5000.0;10500.0;4000.0;3500.0;1.0;1.0;0.75;1.0;1.0;1.0;0.9091;0.875;2000.0;2000.0;2000.0;2000.0;2000.0;2000.0;2000.0;2000.0;2000.0;2000.0;2000.0;2000.0;12000.0;12000.0;24000.0;6000.0;6000.0;1.0;1.0;1.0;1.0;1.0;1.0;1.0;1.0;1000.0;1000.0;1000.0;1000.0;1000.0;1000.0;1000.0;1000.0;1000.0;1000.0;1000.0;1000.0;6000.0;6000.0;12000.0;3000.0;3000.0;1.0;1.0;1.0;1.0;1.0;1.0;1.0;1.0;500.0;1500.0;2000.0;500.0;500.0;500.0;500.0;1500.0;2000.0;500.0;500.0;500.0;5500.0;5500.0;11000.0;4000.0;4000.0;1.0;1.0;1.0;1.0;1.0;1.0;1.0;1.0;500.0;500.0;500.0;500.0;500.0;500.0;500.0;1500.0;500.0;500.0;500.0;500.0;3000.0;4000.0;7000.0;1500.0;2500.0;1.0;3.0;1.0;1.0;1.0;1.0;1.3333;1.6667;500.0;1500.0;2500.0;1500.0;1500.0;500.0;500.0;2500.0;3000.0;1500.0;1500.0;500.0;8000.0;9500.0;17500.0;5500.0;7000.0;1.0;1.6667;1.2;1.0;1.0;1.0;1.1875;1.2727;1.1284;1.4234;1.1387;1.0267;1.038;1.0121;1.1431;1.2088;1.1284;1.0676;1.1387;1.0267;1.038;1.0121;1.0479;1.0745;1.1284;1.0676;0.854;1.0267;1.038;1.0121;0.9526;0.9402;1.1284;1.0676;1.1387;1.0267;1.038;1.0121;1.0479;1.0745;1.1284;1.0676;1.1387;1.0267;1.038;1.0121;1.0479;1.0745;;;;;;;;;;;;;;;;;;;;;;;;;0.279;0.4632;0.3615;0.0798;0.0677;0.041;0.3149;0.6594;0.4116;0.0819;0.0703;0.0415;0.151;0.1726;0.1616;0.266;0.3215;0.279;0.4632;0.4518;0.0798;0.0677;0.041;0.3149;0.4946;0.5145;0.0819;0.0703;0.0415;0.1647;0.1726;0.1686;0.2992;0.3215;0.279;0.4632;0.3615;0.0798;0.0677;0.041;0.3149;0.4946;0.3087;0.0819;0.0703;0.0415;0.151;0.1439;0.1475;0.266;0.25;1.1161;0.6177;0.3615;0.319;0.2709;0.1639;1.2594;0.6594;0.4116;0.3275;0.2812;0.1659;0.3295;0.3452;0.3372;0.3989;0.4286;0.558;0.3088;0.1807;0.1595;0.1354;0.0819;0.6297;0.3297;0.2058;0.1638;0.1406;0.0829;0.1647;0.1726;0.1686;0.1995;0.2143;;;;;;;;;;;;;;;;;;;;;;;;;;;;;;;;;;;;;;;;;;;;;;;;;;;
country;AE;ARE;United Arab Emirates;500.0;955000.0;2769500.0;1379500.0;424500.0;218000.0;500.0;532000.0;1330500.0;657000.0;236000.0;137000.0;5747000.0;2893000.0;8640000.0;5104000.0;2519500.0;1.0;0.5571;0.4804;0.4763;0.5559;0.6284;0.5034;0.4936;500.0;895500.0;2614000.0;1308500.0;400500.0;200500.0;500.0;484000.0;1199500.0;591500.0;215000.0;121000.0;5419500.0;2611500.0;8031000.0;4818000.0;2275000.0;1.0;0.5405;0.4589;0.452;0.5368;0.6035;0.4819;0.4722;500.0;744000.0;1950500.0;944000.0;286000.0;147500.0;500.0;422500.0;976000.0;443000.0;153000.0;87500.0;4072500.0;2082500.0;6155000.0;3638500.0;1841500.0;1.0;0.5679;0.5004;0.4693;0.535;0.5932;0.5114;0.5061;2000.0;1426000.0;3995000.0;1946000.0;626000.0;310500.0;2000.0;890500.0;2137000.0;966500.0;348500.0;199000.0;8305500.0;4543500.0;12849000.0;7367000.0;3994000.0;1.0;0.6245;0.5349;0.4967;0.5567;0.6409;0.547;0.5421;1000.0;663000.0;1955500.0;967500.0;296000.0;131500.0;1000.0;414000.0;1117500.0;528500.0;164500.0;85500.0;4014500.0;2311000.0;6325500.0;3586000.0;2060000.0;1.0;0.6244;0.5715;0.5463;0.5557;0.6502;0.5757;0.5745;500.0;947500.0;2803000.0;1390500.0;425000.0;216000.0;500.0;533500.0;1352000.0;656500.0;234000.0;136000.0;5782500.0;2912500.0;8695000.0;5141000.0;2542000.0;1.0;0.5631;0.4823;0.4721;0.5506;0.6296;0.5037;0.4945;500.0;355000.0;840500.0;366000.0;124000.0;71500.0;500.0;222000.0;411500.0;169000.0;70500.0;44000.0;1757500.0;917500.0;2675000.0;1561500.0;802500.0;1.0;0.6254;0.4896;0.4617;0.5685;0.6154;0.522;0.5139;500.0;997000.0;2870500.0;1400500.0;408500.0;211500.0;500.0;572000.0;1398500.0;673000.0;226000.0;133000.0;5888500.0;3003000.0;8891500.0;5268000.0;2643500.0;1.0;0.5737;0.4872;0.4805;0.5532;0.6288;0.51;0.5018;1.0384;0.8304;1.1349;0.9948;1.2695;0.9846;1.0006;1.0219;1.0384;0.8056;1.0841;0.944;1.2259;0.9456;0.9579;0.9776;1.0384;0.8465;1.1821;0.9802;1.2217;0.9295;1.0165;1.0478;1.0384;0.9308;1.2636;1.0374;1.2713;1.0042;1.0873;1.1224;1.0384;0.9307;1.3501;1.141;1.269;1.0188;1.1443;1.1894;;;;;;;;;;;;;;;;;;;;;;;;;0.0027;1.3399;1.2989;0.8631;0.5231;0.5088;0.0028;1.1125;1.4741;0.8585;0.6641;0.501;0.9797;0.9803;0.9799;1.1487;1.174;0.0027;1.2564;1.226;0.8187;0.4935;0.4679;0.0028;1.0121;1.3289;0.7729;0.605;0.4425;0.9239;0.885;0.9109;1.0844;1.06;0.0027;1.0439;0.9148;0.5906;0.3524;0.3442;0.0028;0.8835;1.0813;0.5788;0.4305;0.32;0.6943;0.7057;0.6981;0.8189;0.8581;0.0109;2.0007;1.8737;1.2176;0.7714;0.7247;0.0114;1.8622;2.3676;1.2629;0.9807;0.7277;1.4159;1.5397;1.4573;1.6581;1.861;0.0055;0.9302;0.9171;0.6053;0.3648;0.3069;0.0057;0.8658;1.2381;0.6906;0.4629;0.3127;0.6844;0.7831;0.7174;0.8071;0.9599;;;;;;;;;;;;;;;;;;;;;;;;;;;;;;;;;;;;;;;;;;;;;;;;;;;
country;AG;ATG;Antigua & Barbuda;500.0;500.0;500.0;500.0;500.0;500.0;500.0;500.0;500.0;500.0;500.0;500.0;3000.0;3000.0;6000.0;1500.0;1500.0;1.0;1.0;1.0;1.0;1.0;1.0;1.0;1.0;500.0;500.0;500.0;500.0;500.0;500.0;500.0;500.0;500.0;500.0;500.0;500.0;3000.0;3000.0;6000.0;1500.0;1500.0;1.0;1.0;1.0;1.0;1.0;1.0;1.0;1.0;500.0;500.0;500.0;500.0;500.0;500.0;500.0;500.0;500.0;500.0;500.0;500.0;3000.0;3000.0;6000.0;1500.0;1500.0;1.0;1.0;1.0;1.0;1.0;1.0;1.0;1.0;2000.0;2000.0;2000.0;2000.0;2000.0;2000.0;2000.0;2000.0;2000.0;2000.0;2000.0;2000.0;12000.0;12000.0;24000.0;6000.0;6000.0;1.0;1.0;1.0;1.0;1.0;1.0;1.0;1.0;1000.0;1000.0;1000.0;1000.0;1000.0;1000.0;1000.0;1000.0;1000.0;1000.0;1000.0;1000.0;6000.0;6000.0;12000.0;3000.0;3000.0;1.0;1.0;1.0;1.0;1.0;1.0;1.0;1.0;500.0;500.0;500.0;500.0;500.0;500.0;500.0;500.0;500.0;500.0;500.0;500.0;3000.0;3000.0;6000.0;1500.0;1500.0;1.0;1.0;1.0;1.0;1.0;1.0;1.0;1.0;500.0;500.0;500.0;500.0;500.0;500.0;500.0;500.0;500.0;500.0;500.0;500.0;3000.0;3000.0;6000.0;1500.0;1500.0;1.0;1.0;1.0;1.0;1.0;1.0;1.0;1.0;500.0;500.0;1500.0;500.0;500.0;500.0;500.0;1500.0;1500.0;500.0;500.0;500.0;4000.0;5000.0;9000.0;2500.0;3500.0;1.0;3.0;1.0;1.0;1.0;1.0;1.25;1.4;1.0266;1.0247;0.9701;0.9228;0.8482;0.7537;0.8848;0.966;1.0266;1.0247;0.9701;0.9228;0.8482;0.7537;0.8848;0.966;1.0266;1.0247;0.9701;0.9228;0.8482;0.7537;0.8848;0.966;1.0266;1.0247;0.9701;0.9228;0.8482;0.7537;0.8848;0.966;1.0266;1.0247;0.9701;0.9228;0.8482;0.7537;0.8848;0.966;;;;;;;;;;;;;;;;;;;;;;;;;0.1904;0.1056;0.0703;0.0778;0.0835;0.0531;0.1955;0.1082;0.0682;0.0718;0.0709;0.04;0.0826;0.0731;0.0776;0.0821;0.0793;0.1904;0.1056;0.0703;0.0778;0.0835;0.0531;0.1955;0.1082;0.0682;0.0718;0.0709;0.04;0.0826;0.0731;0.0776;0.0821;0.0793;0.1904;0.1056;0.0703;0.0778;0.0835;0.0531;0.1955;0.1082;0.0682;0.0718;0.0709;0.04;0.0826;0.0731;0.0776;0.0821;0.0793;0.7616;0.4224;0.2814;0.3113;0.3342;0.2122;0.7819;0.4328;0.273;0.2872;0.2834;0.1599;0.3305;0.2925;0.3103;0.3284;0.3173;0.3808;0.2112;0.1407;0.1556;0.1671;0.1061;0.3909;0.2164;0.1365;0.1436;0.1417;0.08;0.1653;0.1462;0.1552;0.1642;0.1586;;;;;;;;;;;;;;;;;;;;;;;;;;;;;;;;;;;;;;;;;;;;;;;;;;;
country;AI;AIA;Anguilla;500.0;500.0;500.0;500.0;500.0;500.0;500.0;500.0;500.0;500.0;500.0;500.0;3000.0;3000.0;6000.0;1500.0;1500.0;1.0;1.0;1.0;1.0;1.0;1.0;1.0;1.0;500.0;500.0;500.0;500.0;500.0;500.0;500.0;500.0;500.0;500.0;500.0;500.0;3000.0;3000.0;6000.0;1500.0;1500.0;1.0;1.0;1.0;1.0;1.0;1.0;1.0;1.0;500.0;500.0;500.0;500.0;500.0;500.0;500.0;500.0;500.0;500.0;500.0;500.0;3000.0;3000.0;6000.0;1500.0;1500.0;1.0;1.0;1.0;1.0;1.0;1.0;1.0;1.0;2000.0;2000.0;2000.0;2000.0;2000.0;2000.0;2000.0;2000.0;2000.0;2000.0;2000.0;2000.0;12000.0;12000.0;24000.0;6000.0;6000.0;1.0;1.0;1.0;1.0;1.0;1.0;1.0;1.0;1000.0;1000.0;1000.0;1000.0;1000.0;1000.0;1000.0;1000.0;1000.0;1000.0;1000.0;1000.0;6000.0;6000.0;12000.0;3000.0;3000.0;1.0;1.0;1.0;1.0;1.0;1.0;1.0;1.0;500.0;500.0;500.0;500.0;500.0;500.0;500.0;500.0;500.0;500.0;500.0;500.0;3000.0;3000.0;6000.0;1500.0;1500.0;1.0;1.0;1.0;1.0;1.0;1.0;1.0;1.0;500.0;500.0;500.0;500.0;500.0;500.0;500.0;500.0;500.0;500.0;500.0;500.0;3000.0;3000.0;6000.0;1500.0;1500.0;1.0;1.0;1.0;1.0;1.0;1.0;1.0;1.0;500.0;500.0;500.0;500.0;500.0;500.0;500.0;500.0;500.0;500.0;500.0;500.0;3000.0;3000.0;6000.0;1500.0;1500.0;1.0;1.0;1.0;1.0;1.0;1.0;1.0;1.0;0.9787;1.0201;1.0143;0.9011;0.9606;0.8462;0.9294;0.9672;0.9787;1.0201;1.0143;0.9011;0.9606;0.8462;0.9294;0.9672;0.9787;1.0201;1.0143;0.9011;0.9606;0.8462;0.9294;0.9672;0.9787;1.0201;1.0143;0.9011;0.9606;0.8462;0.9294;0.9672;0.9787;1.0201;1.0143;0.9011;0.9606;0.8462;0.9294;0.9672;;;;;;;;;;;;;;;;;;;;;;;;;1.0893;0.7052;0.5875;0.4812;0.4554;0.3058;1.0661;0.7194;0.5959;0.4337;0.4374;0.2588;0.518;0.4815;0.4991;0.5771;0.5582;1.0893;0.7052;0.5875;0.4812;0.4554;0.3058;1.0661;0.7194;0.5959;0.4337;0.4374;0.2588;0.518;0.4815;0.4991;0.5771;0.5582;1.0893;0.7052;0.5875;0.4812;0.4554;0.3058;1.0661;0.7194;0.5959;0.4337;0.4374;0.2588;0.518;0.4815;0.4991;0.5771;0.5582;4.3573;2.8209;2.3502;1.9249;1.8215;1.2232;4.2644;2.8777;2.3838;1.7346;1.7498;1.0352;2.0722;1.9259;1.9963;2.3086;2.233;2.1786;1.4104;1.1751;0.9625;0.9107;0.6116;2.1322;1.4388;1.1919;0.8673;0.8749;0.5176;1.0361;0.9629;0.9982;1.1543;1.1165;;;;;;;;;;;;;;;;;;;;;;;;;;;;;;;;;;;;;;;;;;;;;;;;;;;
country;AL;ALB;Albania;500.0;78500.0;138500.0;55000.0;21500.0;21000.0;500.0;80500.0;109500.0;35000.0;17500.0;22000.0;315000.0;265000.0;580000.0;272000.0;225000.0;1.0;1.0255;0.7906;0.6364;0.814;1.0476;0.8413;0.8272;500.0;31500.0;66000.0;19500.0;7500.0;5000.0;500.0;30500.0;47000.0;13000.0;6000.0;5500.0;130000.0;102500.0;232500.0;117000.0;90500.0;1.0;0.9683;0.7121;0.6667;0.8;1.1;0.7885;0.7735;500.0;17500.0;26000.0;6000.0;1500.0;2000.0;500.0;21500.0;22500.0;4000.0;2000.0;2000.0;53500.0;52500.0;106000.0;49500.0;48000.0;1.0;1.2286;0.8654;0.6667;1.3333;1.0;0.9813;0.9697;2000.0;51500.0;86500.0;31500.0;13000.0;12000.0;2000.0;63000.0;70500.0;22500.0;12000.0;13000.0;196500.0;183000.0;379500.0;169500.0;156000.0;1.0;1.2233;0.815;0.7143;0.9231;1.0833;0.9313;0.9204;1000.0;9500.0;21000.0;7500.0;2500.0;2000.0;1000.0;19000.0;25500.0;7500.0;3500.0;3000.0;43500.0;59500.0;103000.0;38000.0;52000.0;1.0;2.0;1.2143;1.0;1.4;1.5;1.3678;1.3684;500.0;67500.0;116000.0;46000.0;17000.0;15000.0;500.0;76000.0;96000.0;27500.0;14000.0;17000.0;262000.0;231000.0;493000.0;229500.0;199500.0;1.0;1.1259;0.8276;0.5978;0.8235;1.1333;0.8817;0.8693;500.0;12500.0;22500.0;5000.0;2000.0;2000.0;500.0;16500.0;17000.0;4000.0;1500.0;2000.0;44500.0;41500.0;86000.0;40000.0;37500.0;1.0;1.32;0.7556;0.8;0.75;1.0;0.9326;0.9375;500.0;72000.0;120500.0;44000.0;17000.0;16500.0;500.0;85000.0;107000.0;30500.0;15000.0;16000.0;270500.0;254000.0;524500.0;236500.0;222500.0;1.0;1.1806;0.888;0.6932;0.8824;0.9697;0.939;0.9408;1.0947;1.0953;0.8137;0.6355;0.6958;0.9359;0.8063;0.8513;1.0947;1.0342;0.7329;0.6658;0.6838;0.9828;0.7557;0.796;1.0947;1.3122;0.8907;0.6658;1.1397;0.8934;0.9405;0.9979;1.0947;1.3065;0.8388;0.7133;0.789;0.9678;0.8926;0.9472;1.0947;2.1361;1.2498;0.9986;1.1967;1.3401;1.3109;1.4083;;;;;;;;;;;;;;;;;;;;;;;;;0.0071;0.5507;0.5862;0.3194;0.1416;0.0543;0.0078;0.6031;0.477;0.203;0.0985;0.0508;0.2715;0.2189;0.2446;0.4936;0.4202;0.0071;0.221;0.2794;0.1132;0.0494;0.0129;0.0078;0.2285;0.2048;0.0754;0.0338;0.0127;0.112;0.0847;0.0981;0.2123;0.169;0.0071;0.1228;0.1101;0.0348;0.0099;0.0052;0.0078;0.1611;0.098;0.0232;0.0113;0.0046;0.0461;0.0434;0.0447;0.0898;0.0896;0.0285;0.3613;0.3661;0.1829;0.0856;0.031;0.0311;0.472;0.3071;0.1305;0.0675;0.03;0.1694;0.1512;0.1601;0.3076;0.2914;0.0142;0.0666;0.0889;0.0436;0.0165;0.0052;0.0156;0.1424;0.1111;0.0435;0.0197;0.0069;0.0375;0.0491;0.0434;0.069;0.0971;;;;;;;;;;;;;;;;;;;;;;;;;;;;;;;;;;;;;;;;;;;;;;;;;;;
country;AO;AGO;Angola;500.0;59500.0;80500.0;36500.0;13000.0;7500.0;500.0;57500.0;75000.0;30500.0;10500.0;8500.0;197500.0;182500.0;380000.0;176500.0;163000.0;1.0;0.9664;0.9317;0.8356;0.8077;1.1333;0.9241;0.9235;500.0;15000.0;19500.0;8000.0;4000.0;2500.0;500.0;9500.0;14000.0;6500.0;3000.0;1500.0;49500.0;35000.0;84500.0;42500.0;30000.0;1.0;0.6333;0.7179;0.8125;0.75;0.6;0.7071;0.7059;500.0;23000.0;26500.0;11500.0;4000.0;2500.0;500.0;24000.0;28500.0;11500.0;4000.0;2500.0;68000.0;71000.0;139000.0;61000.0;64000.0;1.0;1.0435;1.0755;1.0;1.0;1.0;1.0441;1.0492;2000.0;12000.0;18500.0;10000.0;4500.0;3500.0;2000.0;14000.0;19000.0;9000.0;4500.0;4000.0;50500.0;52500.0;103000.0;40500.0;42000.0;1.0;1.1667;1.027;0.9;1.0;1.1429;1.0396;1.037;1000.0;7500.0;11000.0;4500.0;2000.0;1000.0;1000.0;13500.0;26500.0;12000.0;2500.0;1000.0;27000.0;56500.0;83500.0;23000.0;52000.0;1.0;1.8;2.4091;2.6667;1.25;1.0;2.0926;2.2609;500.0;25000.0;34000.0;15000.0;5000.0;3000.0;500.0;25000.0;29500.0;11500.0;5000.0;3500.0;82500.0;75000.0;157500.0;74000.0;66000.0;1.0;1.0;0.8676;0.7667;1.0;1.1667;0.9091;0.8919;500.0;6000.0;7000.0;4000.0;1500.0;500.0;500.0;4000.0;5000.0;2000.0;1500.0;500.0;19500.0;13500.0;33000.0;17000.0;11000.0;1.0;0.6667;0.7143;0.5;1.0;1.0;0.6923;0.6471;500.0;55000.0;62500.0;25000.0;8000.0;5000.0;500.0;65000.0;74000.0;25000.0;7500.0;5000.0;156000.0;177000.0;333000.0;142500.0;164000.0;1.0;1.1818;1.184;1.0;0.9375;1.0;1.1346;1.1509;1.0024;0.9604;0.9124;0.8033;0.7363;0.9437;0.884;0.9044;1.0024;0.6294;0.7031;0.7811;0.6837;0.4996;0.6764;0.6913;1.0024;1.0371;1.0533;0.9614;0.9116;0.8327;0.9988;1.0275;1.0024;1.1595;1.0058;0.8652;0.9116;0.9517;0.9945;1.0156;1.0024;1.7889;2.3593;2.5636;1.1395;0.8327;2.0017;2.2142;;;;;;;;;;;;;;;;;;;;;;;;;0.0003;0.0268;0.0332;0.0211;0.0119;0.0066;0.0003;0.0257;0.0303;0.017;0.0087;0.0063;0.0194;0.0171;0.0182;0.0277;0.0251;0.0003;0.0068;0.008;0.0046;0.0037;0.0022;0.0003;0.0043;0.0057;0.0036;0.0025;0.0011;0.0049;0.0033;0.004;0.0067;0.0046;0.0003;0.0104;0.0109;0.0067;0.0037;0.0022;0.0003;0.0107;0.0115;0.0064;0.0033;0.0018;0.0067;0.0067;0.0067;0.0096;0.0098;0.0012;0.0054;0.0076;0.0058;0.0041;0.0031;0.0012;0.0063;0.0077;0.005;0.0037;0.0029;0.0049;0.0049;0.0049;0.0064;0.0065;0.0006;0.0034;0.0045;0.0026;0.0018;0.0009;0.0006;0.006;0.0107;0.0067;0.0021;0.0007;0.0026;0.0053;0.004;0.0036;0.008;;;;;;;;;;;;;;;;;;;;;;;;;;;;;;;;;;;;;;;;;;;;;;;;;;;
country;AR;ARG;Argentina;500.0;2229500.0;3153500.0;1534000.0;917000.0;573500.0;500.0;2574000.0;3458500.0;1519000.0;931500.0;725000.0;8408000.0;9208500.0;17616500.0;6917000.0;7551500.0;1.0;1.1545;1.0967;0.9902;1.0158;1.2642;1.0952;1.0917;500.0;2336000.0;3485000.0;1652500.0;997500.0;667500.0;500.0;2699000.0;3720500.0;1624000.0;1007500.0;854500.0;9139000.0;9906000.0;19045000.0;7473500.0;8043500.0;1.0;1.1554;1.0676;0.9828;1.01;1.2801;1.0839;1.0763;500.0;1760500.0;2302500.0;1001500.0;641500.0;430500.0;500.0;2146000.0;2684500.0;1069500.0;662500.0;539500.0;6137000.0;7102500.0;13239500.0;5064500.0;5900000.0;1.0;1.219;1.1659;1.0679;1.0327;1.2532;1.1573;1.165;2000.0;2560500.0;3292000.0;1554500.0;936000.0;577000.0;2000.0;3177000.0;4009500.0;1797500.0;1072000.0;731000.0;8922000.0;10789000.0;19711000.0;7407000.0;8984000.0;1.0;1.2408;1.218;1.1563;1.1453;1.2669;1.2093;1.2129;1000.0;1101000.0;1705500.0;834500.0;479000.0;292000.0;1000.0;1644500.0;2362500.0;998500.0;564500.0;384500.0;4413000.0;5955500.0;10368500.0;3641000.0;5005500.0;1.0;1.4936;1.3852;1.1965;1.1785;1.3168;1.3495;1.3748;500.0;2228500.0;3198500.0;1564000.0;973000.0;676000.0;500.0;2609500.0;3522500.0;1551500.0;992500.0;855000.0;8640500.0;9531500.0;18172000.0;6991000.0;7683500.0;1.0;1.171;1.1013;0.992;1.02;1.2648;1.1031;1.0991;500.0;1058500.0;1323500.0;601000.0;371500.0;237000.0;500.0;1384000.0;1608000.0;642000.0;397000.0;301500.0;3592000.0;4333000.0;7925000.0;2983000.0;3634000.0;1.0;1.3075;1.215;1.0682;1.0686;1.2722;1.2063;1.2182;500.0;2427000.0;3618500.0;1673000.0;990500.0;625000.0;500.0;2801000.0;3856000.0;1652500.0;1015000.0;813000.0;9334500.0;10138000.0;19472500.0;7718500.0;8309500.0;1.0;1.1541;1.0656;0.9877;1.0247;1.3008;1.0861;1.0766;1.0578;1.208;1.1366;1.013;1.0108;1.032;1.0591;1.1292;1.0578;1.209;1.1064;1.0054;1.0051;1.045;1.0482;1.1133;1.0578;1.2755;1.2083;1.0925;1.0277;1.023;1.1191;1.205;1.0578;1.2983;1.2623;1.1829;1.1397;1.0342;1.1694;1.2546;1.0578;1.5628;1.4356;1.224;1.1728;1.0749;1.305;1.422;;;;;;;;;;;;;;;;;;;;;;;;;0.0003;0.8975;0.8939;0.4752;0.3468;0.1322;0.0004;1.0842;1.016;0.4814;0.3505;0.1365;0.4755;0.5036;0.4898;0.7486;0.8453;0.0003;0.9403;0.9878;0.5119;0.3772;0.1539;0.0004;1.1368;1.0929;0.5147;0.3791;0.1609;0.5168;0.5417;0.5295;0.8088;0.9004;0.0003;0.7087;0.6526;0.3103;0.2426;0.0993;0.0004;0.9039;0.7886;0.339;0.2493;0.1016;0.347;0.3884;0.3681;0.5481;0.6604;0.0014;1.0307;0.9331;0.4816;0.354;0.1331;0.0014;1.3381;1.1778;0.5697;0.4034;0.1376;0.5045;0.59;0.548;0.8016;1.0056;0.0007;0.4432;0.4834;0.2585;0.1811;0.0673;0.0007;0.6927;0.694;0.3165;0.2124;0.0724;0.2496;0.3257;0.2883;0.394;0.5603;;;;;;;;;;;;;;;;;;;;;;;;;;;;;;;;;;;;;;;;;;;;;;;;;;;
country;AT;AUT;Austria;500.0;129500.0;220500.0;97500.0;69000.0;43000.0;500.0;215000.0;298500.0;136000.0;105000.0;71000.0;560000.0;826000.0;1386000.0;447500.0;649500.0;1.0;1.6602;1.3537;1.3949;1.5217;1.6512;1.475;1.4514;500.0;126000.0;217000.0;96500.0;68500.0;43500.0;500.0;203000.0;280500.0;128500.0;100500.0;68500.0;552000.0;781500.0;1333500.0;439500.0;612000.0;1.0;1.6111;1.2926;1.3316;1.4672;1.5747;1.4158;1.3925;500.0;123000.0;183000.0;76000.0;52500.0;32500.0;500.0;203000.0;235000.0;100500.0;77500.0;50500.0;467500.0;667000.0;1134500.0;382000.0;538500.0;1.0;1.6504;1.2842;1.3224;1.4762;1.5538;1.4267;1.4097;2000.0;248500.0;402500.0;175500.0;124500.0;74500.0;2000.0;417500.0;561000.0;250000.0;188500.0;119500.0;1027500.0;1538500.0;2566000.0;826500.0;1228500.0;1.0;1.6801;1.3938;1.4245;1.5141;1.604;1.4973;1.4864;1000.0;62000.0;123500.0;64000.0;45500.0;26500.0;1000.0;126500.0;203000.0;95500.0;70000.0;42000.0;322500.0;538000.0;860500.0;249500.0;425000.0;1.0;2.0403;1.6437;1.4922;1.5385;1.5849;1.6682;1.7034;500.0;120500.0;209500.0;93500.0;67000.0;42000.0;500.0;198000.0;280500.0;129000.0;101500.0;69000.0;533000.0;778500.0;1311500.0;423500.0;607500.0;1.0;1.6432;1.3389;1.3797;1.5149;1.6429;1.4606;1.4345;500.0;103500.0;171500.0;76000.0;56000.0;35000.0;500.0;169500.0;222000.0;101500.0;83000.0;57500.0;442500.0;634000.0;1076500.0;351000.0;493000.0;1.0;1.6377;1.2945;1.3355;1.4821;1.6429;1.4328;1.4046;500.0;132000.0;226000.0;99500.0;69500.0;42000.0;500.0;222500.0;310500.0;142500.0;108000.0;70500.0;569500.0;854500.0;1424000.0;457500.0;675500.0;1.0;1.6856;1.3739;1.4322;1.554;1.6786;1.5004;1.4765;1.0511;1.7581;1.4147;1.4226;1.5048;1.4214;1.41;1.5064;1.0511;1.7061;1.3508;1.3581;1.4509;1.3555;1.3534;1.4453;1.0511;1.7477;1.342;1.3487;1.4598;1.3375;1.3638;1.4631;1.0511;1.7792;1.4566;1.4528;1.4973;1.3807;1.4313;1.5427;1.0511;2.1606;1.7177;1.5219;1.5215;1.3643;1.5947;1.7679;;;;;;;;;;;;;;;;;;;;;;;;;0.0028;0.3799;0.3531;0.1567;0.1096;0.0292;0.0029;0.6679;0.4995;0.2229;0.1649;0.0415;0.1448;0.2042;0.1752;0.2819;0.4246;0.0028;0.3697;0.3475;0.1551;0.1088;0.0296;0.0029;0.6306;0.4694;0.2106;0.1579;0.0401;0.1427;0.1932;0.1685;0.2768;0.4001;0.0028;0.3609;0.293;0.1222;0.0834;0.0221;0.0029;0.6306;0.3932;0.1647;0.1217;0.0295;0.1209;0.1649;0.1434;0.2406;0.3521;0.0112;0.729;0.6445;0.2821;0.1978;0.0506;0.0118;1.297;0.9388;0.4098;0.2961;0.0699;0.2657;0.3803;0.3243;0.5206;0.8032;0.0056;0.1819;0.1978;0.1029;0.0723;0.018;0.0059;0.393;0.3397;0.1565;0.11;0.0246;0.0834;0.133;0.1088;0.1572;0.2779;;;;;;;;;;;;;;;;;;;;;;;;;;;;;;;;;;;;;;;;;;;;;;;;;;;
country;AU;AUS;Australia;500.0;936000.0;1459500.0;518500.0;255000.0;189500.0;500.0;1176000.0;1595000.0;515000.0;268000.0;206500.0;3359000.0;3761000.0;7120000.0;2914000.0;3286000.0;1.0;1.2564;1.0928;0.9932;1.051;1.0897;1.1197;1.1277;500.0;851500.0;1353000.0;473000.0;234000.0;175000.0;500.0;1074500.0;1494000.0;473000.0;246000.0;190500.0;3087000.0;3478500.0;6565500.0;2677500.0;3041500.0;1.0;1.2619;1.1042;1.0;1.0513;1.0886;1.1268;1.1359;500.0;750500.0;1005000.0;335000.0;162000.0;116000.0;500.0;995000.0;1161000.0;340500.0;168500.0;128500.0;2369000.0;2794000.0;5163000.0;2090500.0;2496500.0;1.0;1.3258;1.1552;1.0164;1.0401;1.1078;1.1794;1.1942;2000.0;1931000.0;2791500.0;900500.0;462000.0;328000.0;2000.0;2663000.0;3443500.0;1017500.0;543000.0;392500.0;6415000.0;8061500.0;14476500.0;5623000.0;7124000.0;1.0;1.3791;1.2336;1.1299;1.1753;1.1966;1.2567;1.2669;1000.0;411500.0;897000.0;322500.0;157000.0;120000.0;1000.0;778500.0;1319000.0;415500.0;202000.0;155000.0;1909000.0;2871000.0;4780000.0;1631000.0;2513000.0;1.0;1.8919;1.4705;1.2884;1.2866;1.2917;1.5039;1.5408;500.0;839500.0;1340500.0;468500.0;237000.0;176500.0;500.0;1077000.0;1500500.0;477500.0;253000.0;195000.0;3062500.0;3503500.0;6566000.0;2648500.0;3055000.0;1.0;1.2829;1.1194;1.0192;1.0675;1.1048;1.144;1.1535;500.0;669500.0;1186000.0;395000.0;197000.0;129000.0;500.0;934000.0;1376000.0;416000.0;217500.0;147000.0;2577000.0;3091000.0;5668000.0;2250500.0;2726000.0;1.0;1.3951;1.1602;1.0532;1.1041;1.1395;1.1995;1.2113;500.0;999000.0;1557500.0;541500.0;261500.0;191500.0;500.0;1257000.0;1695000.0;543000.0;276000.0;210500.0;3551500.0;3982000.0;7533500.0;3098000.0;3495000.0;1.0;1.2583;1.0883;1.0028;1.0554;1.0992;1.1212;1.1281;1.0608;1.3326;1.1037;0.9764;1.0236;0.9869;1.0867;1.1401;1.0608;1.3385;1.1152;0.9831;1.0239;0.9859;1.0936;1.1484;1.0608;1.4062;1.1668;0.9992;1.013;1.0033;1.1446;1.2074;1.0608;1.4628;1.2459;1.1108;1.1446;1.0837;1.2196;1.2809;1.0608;2.0067;1.4852;1.2666;1.253;1.1698;1.4595;1.5578;;;;;;;;;;;;;;;;;;;;;;;;;0.0008;0.8161;0.7633;0.285;0.1562;0.0526;0.0008;1.0876;0.8425;0.2783;0.1599;0.0519;0.3118;0.3388;0.3255;0.5973;0.681;0.0008;0.7424;0.7076;0.26;0.1434;0.0486;0.0008;0.9937;0.7892;0.2556;0.1468;0.0479;0.2865;0.3133;0.3001;0.5489;0.6304;0.0008;0.6544;0.5256;0.1841;0.0993;0.0322;0.0008;0.9202;0.6133;0.184;0.1006;0.0323;0.2199;0.2517;0.236;0.4285;0.5174;0.003;1.6836;1.4599;0.495;0.2831;0.0911;0.0032;2.4627;1.8189;0.5498;0.324;0.0987;0.5954;0.7262;0.6618;1.1526;1.4765;0.0015;0.3588;0.4691;0.1773;0.0962;0.0333;0.0016;0.72;0.6967;0.2245;0.1205;0.039;0.1772;0.2586;0.2185;0.3343;0.5208;;;;;;;;;;;;;;;;;;;;;;;;;;;;;;;;;;;;;;;;;;;;;;;;;;;
country;AW;ABW;Aruba;500.0;1500.0;2500.0;1500.0;500.0;500.0;500.0;1500.0;2500.0;1500.0;500.0;500.0;7000.0;7000.0;14000.0;5500.0;5500.0;1.0;1.0;1.0;1.0;1.0;1.0;1.0;1.0;500.0;500.0;1500.0;500.0;500.0;500.0;500.0;500.0;2000.0;500.0;500.0;500.0;4000.0;4500.0;8500.0;2500.0;3000.0;1.0;1.0;1.3333;1.0;1.0;1.0;1.125;1.2;500.0;500.0;1500.0;500.0;500.0;500.0;500.0;500.0;1500.0;500.0;500.0;500.0;4000.0;4000.0;8000.0;2500.0;2500.0;1.0;1.0;1.0;1.0;1.0;1.0;1.0;1.0;2000.0;2000.0;3000.0;2000.0;2000.0;2000.0;2000.0;2000.0;4000.0;2000.0;2000.0;2000.0;13000.0;14000.0;27000.0;7000.0;8000.0;1.0;1.0;1.3333;1.0;1.0;1.0;1.0769;1.1429;1000.0;1000.0;1000.0;1000.0;1000.0;1000.0;1000.0;1000.0;2000.0;1000.0;1000.0;1000.0;6000.0;7000.0;13000.0;3000.0;4000.0;1.0;1.0;2.0;1.0;1.0;1.0;1.1667;1.3333;500.0;1500.0;1500.0;1500.0;500.0;500.0;500.0;500.0;2000.0;500.0;500.0;500.0;6000.0;4500.0;10500.0;4500.0;3000.0;1.0;0.3333;1.3333;0.3333;1.0;1.0;0.75;0.6667;500.0;500.0;500.0;500.0;500.0;500.0;500.0;500.0;500.0;500.0;500.0;500.0;3000.0;3000.0;6000.0;1500.0;1500.0;1.0;1.0;1.0;1.0;1.0;1.0;1.0;1.0;500.0;1500.0;3000.0;1500.0;500.0;500.0;500.0;1500.0;4000.0;2000.0;500.0;500.0;7500.0;9000.0;16500.0;6000.0;7500.0;1.0;1.0;1.3333;1.3333;1.0;1.0;1.2;1.25;1.0434;1.0805;0.973;0.8588;0.8228;0.7857;0.8691;0.9524;1.0434;1.0805;1.2974;0.8588;0.8228;0.7857;0.9778;1.1429;1.0434;1.0805;0.973;0.8588;0.8228;0.7857;0.8691;0.9524;1.0434;1.0805;1.2974;0.8588;0.8228;0.7857;0.9359;1.0885;1.0434;1.0805;1.9461;0.8588;0.8228;0.7857;1.014;1.2698;;;;;;;;;;;;;;;;;;;;;;;;;0.1749;0.3176;0.4044;0.2362;0.0721;0.0333;0.1825;0.3432;0.3935;0.2028;0.0593;0.0261;0.1663;0.1446;0.1547;0.3187;0.3035;0.1749;0.1059;0.2426;0.0787;0.0721;0.0333;0.1825;0.1144;0.3148;0.0676;0.0593;0.0261;0.095;0.0929;0.0939;0.1449;0.1656;0.1749;0.1059;0.2426;0.0787;0.0721;0.0333;0.1825;0.1144;0.2361;0.0676;0.0593;0.0261;0.095;0.0826;0.0884;0.1449;0.138;0.6995;0.4235;0.4853;0.3149;0.2883;0.133;0.7299;0.4576;0.6296;0.2705;0.2372;0.1045;0.3089;0.2891;0.2983;0.4057;0.4415;0.3498;0.2117;0.1618;0.1575;0.1441;0.0665;0.365;0.2288;0.3148;0.1352;0.1186;0.0523;0.1426;0.1446;0.1436;0.1739;0.2208;;;;;;;;;;;;;;;;;;;;;;;;;;;;;;;;;;;;;;;;;;;;;;;;;;;
country;AZ;AZE;Azerbaijan;500.0;426000.0;900500.0;656000.0;335000.0;300500.0;500.0;417000.0;616000.0;376000.0;198500.0;267000.0;2618500.0;1875000.0;4493500.0;1982500.0;1409000.0;1.0;0.9789;0.6841;0.5732;0.5925;0.8885;0.7161;0.7107;500.0;488500.0;1035000.0;740500.0;369500.0;326000.0;500.0;469000.0;737500.0;431500.0;219500.0;282000.0;2960000.0;2140000.0;5100000.0;2264000.0;1638000.0;1.0;0.9601;0.7126;0.5827;0.594;0.865;0.723;0.7235;500.0;352500.0;650500.0;461500.0;237500.0;209000.0;500.0;381500.0;495000.0;306000.0;158500.0;198000.0;1911500.0;1539500.0;3451000.0;1464500.0;1182500.0;1.0;1.0823;0.761;0.6631;0.6674;0.9474;0.8054;0.8074;2000.0;522500.0;1216000.0;925000.0;473500.0;425000.0;2000.0;505500.0;864000.0;563500.0;289000.0;370500.0;3564000.0;2594500.0;6158500.0;2663500.0;1933000.0;1.0;0.9675;0.7105;0.6092;0.6103;0.8718;0.728;0.7257;1000.0;124500.0;357500.0;244500.0;114500.0;80000.0;1000.0;296500.0;455000.0;256500.0;123500.0;77500.0;922000.0;1210000.0;2132000.0;726500.0;1008000.0;1.0;2.3815;1.2727;1.0491;1.0786;0.9688;1.3124;1.3875;500.0;426000.0;879500.0;605000.0;290500.0;257000.0;500.0;422500.0;626500.0;351500.0;171500.0;226000.0;2458500.0;1798500.0;4257000.0;1910500.0;1400500.0;1.0;0.9918;0.7123;0.581;0.5904;0.8794;0.7315;0.7331;500.0;521500.0;1064000.0;729500.0;376000.0;108000.0;500.0;521500.0;783000.0;432500.0;225500.0;88500.0;2799500.0;2051500.0;4851000.0;2315000.0;1737000.0;1.0;1.0;0.7359;0.5929;0.5997;0.8194;0.7328;0.7503;500.0;519500.0;1074000.0;754500.0;366000.0;339500.0;500.0;521000.0;820500.0;463000.0;227500.0;308500.0;3054000.0;2341000.0;5395000.0;2348000.0;1804500.0;1.0;1.0029;0.764;0.6137;0.6216;0.9087;0.7665;0.7685;1.1162;1.0503;0.6452;0.5532;0.5376;0.6919;0.6616;0.6947;1.1162;1.0302;0.6721;0.5623;0.539;0.6736;0.668;0.7072;1.1162;1.1613;0.7177;0.6399;0.6056;0.7377;0.7441;0.7892;1.1162;1.0381;0.6701;0.5879;0.5538;0.6789;0.6726;0.7094;1.1162;2.5553;1.2003;1.0124;0.9787;0.7544;1.2125;1.3563;;;;;;;;;;;;;;;;;;;;;;;;;0.0015;0.9009;1.0363;0.8228;0.5724;0.3452;0.0017;0.9462;0.6685;0.4551;0.3078;0.2388;0.6684;0.4422;0.5508;0.9268;0.6439;0.0015;1.033;1.191;0.9288;0.6314;0.3744;0.0017;1.0642;0.8004;0.5223;0.3403;0.2522;0.7556;0.5047;0.6252;1.0584;0.7485;0.0015;0.7454;0.7486;0.5788;0.4058;0.2401;0.0017;0.8656;0.5372;0.3704;0.2457;0.1771;0.4879;0.3631;0.423;0.6846;0.5404;0.0062;1.1049;1.3993;1.1602;0.8091;0.4882;0.0069;1.147;0.9377;0.6821;0.4481;0.3314;0.9097;0.6119;0.7549;1.2451;0.8833;0.0031;0.2633;0.4114;0.3067;0.1957;0.0919;0.0035;0.6728;0.4938;0.3105;0.1915;0.0693;0.2353;0.2854;0.2613;0.3396;0.4606;;;;;;;;;;;;;;;;;;;;;;;;;;;;;;;;;;;;;;;;;;;;;;;;;;;
country;BA;BIH;Bosnia and Herzegovina;500.0;29500.0;42000.0;16000.0;8500.0;6000.0;500.0;23500.0;29500.0;8000.0;5000.0;4000.0;102500.0;70500.0;173000.0;87500.0;61000.0;1.0;0.7966;0.7024;0.5;0.5882;0.6667;0.6878;0.6971;500.0;22000.0;33500.0;15000.0;9500.0;7500.0;500.0;18500.0;23000.0;7000.0;6000.0;5000.0;88000.0;60000.0;148000.0;70500.0;48500.0;1.0;0.8409;0.6866;0.4667;0.6316;0.6667;0.6818;0.6879;500.0;22000.0;13000.0;5000.0;2500.0;1500.0;500.0;24000.0;10500.0;2500.0;1500.0;1500.0;44500.0;40500.0;85000.0;40000.0;37000.0;1.0;1.0909;0.8077;0.5;0.6;1.0;0.9101;0.925;2000.0;22000.0;26500.0;11500.0;5500.0;5500.0;2000.0;23000.0;26500.0;7500.0;4000.0;4000.0;73000.0;67000.0;140000.0;60000.0;57000.0;1.0;1.0455;1.0;0.6522;0.7273;0.7273;0.9178;0.95;1000.0;5500.0;6500.0;4000.0;2000.0;1000.0;1000.0;6500.0;9000.0;2500.0;1000.0;1000.0;20000.0;21000.0;41000.0;16000.0;18000.0;1.0;1.1818;1.3846;0.625;0.5;1.0;1.05;1.125;500.0;33000.0;43500.0;17500.0;9500.0;7500.0;500.0;36000.0;36000.0;9500.0;6000.0;5000.0;111500.0;93000.0;204500.0;94000.0;81500.0;1.0;1.0909;0.8276;0.5429;0.6316;0.6667;0.8341;0.867;500.0;11500.0;13500.0;6000.0;3000.0;2500.0;500.0;10500.0;12500.0;3500.0;1500.0;1500.0;37000.0;30000.0;67000.0;31000.0;26500.0;1.0;0.913;0.9259;0.5833;0.5;0.6;0.8108;0.8548;500.0;56000.0;74000.0;30500.0;15000.0;12500.0;500.0;60500.0;69000.0;19500.0;10500.0;9000.0;188500.0;169000.0;357500.0;160500.0;149000.0;1.0;1.0804;0.9324;0.6393;0.7;0.72;0.8966;0.9283;1.0791;0.8696;0.7908;0.506;0.5604;0.475;0.6087;0.7432;1.0791;0.9179;0.773;0.4723;0.6017;0.475;0.6034;0.7334;1.0791;1.1908;0.9094;0.506;0.5716;0.7125;0.8054;0.9861;1.0791;1.1413;1.1259;0.66;0.6929;0.5182;0.8122;1.0128;1.0791;1.29;1.5589;0.6325;0.4763;0.7125;0.9292;1.1994;;;;;;;;;;;;;;;;;;;;;;;;;0.0074;0.2336;0.2369;0.0692;0.0382;0.0122;0.008;0.2031;0.1873;0.035;0.0214;0.0058;0.0779;0.0474;0.0618;0.1636;0.1216;0.0074;0.1742;0.1889;0.0649;0.0427;0.0153;0.008;0.1599;0.146;0.0306;0.0257;0.0073;0.0669;0.0404;0.0528;0.1318;0.0967;0.0074;0.1742;0.0733;0.0216;0.0112;0.0031;0.008;0.2074;0.0667;0.0109;0.0064;0.0022;0.0338;0.0272;0.0303;0.0748;0.0738;0.0295;0.1742;0.1495;0.0498;0.0247;0.0112;0.0319;0.1988;0.1683;0.0328;0.0171;0.0058;0.0555;0.0451;0.05;0.1122;0.1136;0.0148;0.0435;0.0367;0.0173;0.009;0.002;0.0159;0.0562;0.0571;0.0109;0.0043;0.0015;0.0152;0.0141;0.0146;0.0299;0.0359;;;;;;;;;;;;;;;;;;;;;;;;;;;;;;;;;;;;;;;;;;;;;;;;;;;
country;BB;BRB;Barbados;500.0;1500.0;1500.0;500.0;500.0;500.0;500.0;2000.0;2000.0;500.0;500.0;500.0;5000.0;6000.0;11000.0;3500.0;4500.0;1.0;1.3333;1.3333;1.0;1.0;1.0;1.2;1.2857;500.0;500.0;500.0;500.0;500.0;500.0;500.0;500.0;1500.0;500.0;500.0;500.0;3000.0;4000.0;7000.0;1500.0;2500.0;1.0;1.0;3.0;1.0;1.0;1.0;1.3333;1.6667;500.0;500.0;500.0;500.0;500.0;500.0;500.0;500.0;500.0;500.0;500.0;500.0;3000.0;3000.0;6000.0;1500.0;1500.0;1.0;1.0;1.0;1.0;1.0;1.0;1.0;1.0;2000.0;2000.0;2000.0;2000.0;2000.0;2000.0;2000.0;2000.0;3000.0;2000.0;2000.0;2000.0;12000.0;13000.0;25000.0;6000.0;7000.0;1.0;1.0;1.5;1.0;1.0;1.0;1.0833;1.1667;1000.0;1000.0;1000.0;1000.0;1000.0;1000.0;1000.0;1000.0;2000.0;1000.0;1000.0;1000.0;6000.0;7000.0;13000.0;3000.0;4000.0;1.0;1.0;2.0;1.0;1.0;1.0;1.1667;1.3333;500.0;500.0;1500.0;500.0;500.0;500.0;500.0;1500.0;1500.0;500.0;500.0;500.0;4000.0;5000.0;9000.0;2500.0;3500.0;1.0;3.0;1.0;1.0;1.0;1.0;1.25;1.4;500.0;500.0;500.0;500.0;500.0;500.0;500.0;500.0;500.0;500.0;500.0;500.0;3000.0;3000.0;6000.0;1500.0;1500.0;1.0;1.0;1.0;1.0;1.0;1.0;1.0;1.0;500.0;2000.0;2000.0;500.0;500.0;500.0;500.0;3000.0;4000.0;1500.0;500.0;500.0;6000.0;10000.0;16000.0;4500.0;8500.0;1.0;1.5;2.0;3.0;1.0;1.0;1.6667;1.8889;1.0334;1.3751;1.3113;0.9434;0.9139;0.7882;1.0809;1.2606;1.0334;1.0314;2.9504;0.9434;0.9139;0.7882;1.201;1.6342;1.0334;1.0314;0.9835;0.9434;0.9139;0.7882;0.9007;0.9805;1.0334;1.0314;1.4752;0.9434;0.9139;0.7882;0.9758;1.1439;1.0334;1.0314;1.967;0.9434;0.9139;0.7882;1.0509;1.3073;;;;;;;;;;;;;;;;;;;;;;;;;0.0673;0.1129;0.0826;0.0277;0.0273;0.0136;0.0696;0.1553;0.1083;0.0261;0.0249;0.0107;0.0446;0.0482;0.0465;0.0707;0.0891;0.0673;0.0376;0.0275;0.0277;0.0273;0.0136;0.0696;0.0388;0.0812;0.0261;0.0249;0.0107;0.0268;0.0322;0.0296;0.0303;0.0495;0.0673;0.0376;0.0275;0.0277;0.0273;0.0136;0.0696;0.0388;0.0271;0.0261;0.0249;0.0107;0.0268;0.0241;0.0254;0.0303;0.0297;0.2694;0.1505;0.1101;0.1106;0.1091;0.0544;0.2784;0.1553;0.1624;0.1043;0.0997;0.0429;0.1071;0.1045;0.1057;0.1211;0.1386;0.1347;0.0753;0.055;0.0553;0.0545;0.0272;0.1392;0.0776;0.1083;0.0522;0.0498;0.0215;0.0536;0.0563;0.055;0.0606;0.0792;;;;;;;;;;;;;;;;;;;;;;;;;;;;;;;;;;;;;;;;;;;;;;;;;;;
country;BD;BGD;Bangladesh;500.0;9350500.0;8872500.0;1935000.0;566000.0;862500.0;500.0;3388500.0;3108000.0;731500.0;197500.0;310500.0;21587000.0;7736500.0;29323500.0;20158000.0;7228000.0;1.0;0.3624;0.3503;0.378;0.3489;0.36;0.3584;0.3586;500.0;7563000.0;7733500.0;1755000.0;461500.0;676500.0;500.0;2166000.0;2487000.0;687500.0;161500.0;214000.0;18190000.0;5716500.0;23906500.0;17051500.0;5340500.0;1.0;0.2864;0.3216;0.3917;0.3499;0.3163;0.3143;0.3132;500.0;2059500.0;1609500.0;295000.0;91500.0;135000.0;500.0;685000.0;474000.0;95000.0;27500.0;40500.0;4191000.0;1322500.0;5513500.0;3964000.0;1254000.0;1.0;0.3326;0.2945;0.322;0.3005;0.3;0.3156;0.3163;2000.0;3434500.0;3199000.0;839000.0;270000.0;425000.0;2000.0;1031000.0;923500.0;275500.0;84500.0;135500.0;8169500.0;2452000.0;10621500.0;7472500.0;2230000.0;1.0;0.3002;0.2887;0.3284;0.313;0.3188;0.3001;0.2984;1000.0;2621000.0;2756500.0;628500.0;161000.0;155000.0;1000.0;1400000.0;1222000.0;266500.0;62000.0;63500.0;6323000.0;3015000.0;9338000.0;6006000.0;2888500.0;1.0;0.5341;0.4433;0.424;0.3851;0.4097;0.4768;0.4809;500.0;3952500.0;4072500.0;943500.0;300000.0;470500.0;500.0;1227000.0;1185000.0;300500.0;102500.0;157000.0;9739500.0;2972500.0;12712000.0;8968500.0;2712500.0;1.0;0.3104;0.291;0.3185;0.3417;0.3337;0.3052;0.3024;500.0;2194000.0;1953000.0;449500.0;150500.0;274000.0;500.0;639000.0;559500.0;137500.0;45000.0;86000.0;5021500.0;1467500.0;6489000.0;4596500.0;1336000.0;1.0;0.2912;0.2865;0.3059;0.299;0.3139;0.2922;0.2907;500.0;10794500.0;11058000.0;2358500.0;559500.0;791000.0;500.0;4249500.0;4387000.0;1135000.0;235500.0;293500.0;25562000.0;10301000.0;35863000.0;24211000.0;9771500.0;1.0;0.3937;0.3967;0.4812;0.4209;0.371;0.403;0.4036;1.0238;0.314;0.2993;0.3591;0.3453;0.363;0.335;0.3183;1.0238;0.2482;0.2748;0.3721;0.3463;0.319;0.2938;0.278;1.0238;0.2882;0.2516;0.3059;0.2974;0.3025;0.295;0.2807;1.0238;0.2601;0.2466;0.312;0.3098;0.3215;0.2805;0.2648;1.0238;0.4628;0.3787;0.4028;0.3811;0.4132;0.4457;0.4268;;;;;;;;;;;;;;;;;;;;;;;;;0.0001;0.8909;0.6972;0.1694;0.0713;0.0789;0.0001;0.2797;0.2087;0.0608;0.0246;0.0287;0.3569;0.1196;0.2343;0.5818;0.1852;0.0001;0.7206;0.6077;0.1536;0.0582;0.0619;0.0001;0.1788;0.167;0.0572;0.0201;0.0198;0.3008;0.0884;0.191;0.4922;0.1368;0.0001;0.1962;0.1265;0.0258;0.0115;0.0124;0.0001;0.0566;0.0318;0.0079;0.0034;0.0037;0.0693;0.0204;0.044;0.1144;0.0321;0.0003;0.3272;0.2514;0.0734;0.034;0.0389;0.0003;0.0851;0.062;0.0229;0.0105;0.0125;0.1351;0.0379;0.0849;0.2157;0.0571;0.0001;0.2497;0.2166;0.055;0.0203;0.0142;0.0001;0.1156;0.082;0.0222;0.0077;0.0059;0.1046;0.0466;0.0746;0.1734;0.074;;;;;;;;;;;;;;;;;;;;;;;;;;;;;;;;;;;;;;;;;;;;;;;;;;;
country;BE;BEL;Belgium;500.0;231000.0;328500.0;168500.0;115000.0;66000.0;500.0;343000.0;446500.0;244000.0;170500.0;112500.0;909500.0;1317000.0;2226500.0;728000.0;1033500.0;1.0;1.4848;1.3592;1.4481;1.4826;1.7045;1.448;1.4196;500.0;227000.0;323000.0;166000.0;113000.0;64000.0;500.0;330500.0;430500.0;229500.0;160500.0;105000.0;893500.0;1256500.0;2150000.0;716000.0;990500.0;1.0;1.4559;1.3328;1.3825;1.4204;1.6406;1.4063;1.3834;500.0;215000.0;274000.0;127500.0;87500.0;45500.0;500.0;308500.0;342000.0;172500.0;119500.0;71500.0;750000.0;1014500.0;1764500.0;616500.0;823000.0;1.0;1.4349;1.2482;1.3529;1.3657;1.5714;1.3527;1.335;2000.0;413000.0;579500.0;283500.0;196500.0;109000.0;2000.0;590500.0;761000.0;389500.0;271000.0;169500.0;1583500.0;2183500.0;3767000.0;1276000.0;1741000.0;1.0;1.4298;1.3132;1.3739;1.3791;1.555;1.3789;1.3644;1000.0;80000.0;210000.0;156500.0;94500.0;49500.0;1000.0;173000.0;341500.0;216500.0;138500.0;78500.0;591500.0;949000.0;1540500.0;446500.0;731000.0;1.0;2.1625;1.6262;1.3834;1.4656;1.5859;1.6044;1.6372;500.0;218500.0;315000.0;162000.0;111500.0;62500.0;500.0;317000.0;428500.0;230500.0;161000.0;102500.0;870000.0;1240000.0;2110000.0;695500.0;976000.0;1.0;1.4508;1.3603;1.4228;1.4439;1.64;1.4253;1.4033;500.0;235500.0;337000.0;134000.0;89500.0;48500.0;500.0;366000.0;481500.0;186500.0;123500.0;77000.0;845000.0;1235000.0;2080000.0;706500.0;1034000.0;1.0;1.5541;1.4288;1.3918;1.3799;1.5876;1.4615;1.4636;500.0;239500.0;339500.0;175000.0;118000.0;66000.0;500.0;362500.0;471500.0;256000.0;175000.0;111500.0;938500.0;1377000.0;2315500.0;754000.0;1090000.0;1.0;1.5136;1.3888;1.4629;1.4831;1.6894;1.4672;1.4456;1.048;1.5484;1.3663;1.4468;1.5105;1.4941;1.3887;1.436;1.048;1.5183;1.3398;1.3813;1.4472;1.4381;1.3487;1.3994;1.048;1.4964;1.2547;1.3517;1.3914;1.3775;1.2973;1.3504;1.048;1.4911;1.3201;1.3727;1.4051;1.3631;1.3224;1.3801;1.048;2.2552;1.6347;1.3822;1.4932;1.3902;1.5387;1.6561;;;;;;;;;;;;;;;;;;;;;;;;;0.0018;0.4881;0.4386;0.2219;0.1489;0.0362;0.0019;0.7559;0.5993;0.3211;0.2249;0.0541;0.1874;0.2603;0.2246;0.3674;0.5276;0.0018;0.4797;0.4313;0.2186;0.1463;0.0351;0.0019;0.7284;0.5778;0.302;0.2117;0.0505;0.1841;0.2483;0.2169;0.3614;0.5057;0.0018;0.4543;0.3658;0.1679;0.1133;0.025;0.0019;0.6799;0.459;0.227;0.1576;0.0344;0.1545;0.2005;0.178;0.3111;0.4202;0.0072;0.8727;0.7738;0.3734;0.2544;0.0598;0.0076;1.3013;1.0214;0.5125;0.3575;0.0815;0.3263;0.4315;0.38;0.644;0.8888;0.0036;0.1691;0.2804;0.2061;0.1224;0.0272;0.0038;0.3813;0.4583;0.2849;0.1827;0.0378;0.1219;0.1875;0.1554;0.2253;0.3732;;;;;;;;;;;;;;;;;;;;;;;;;;;;;;;;;;;;;;;;;;;;;;;;;;;
country;BG;BGR;Bulgaria;500.0;110500.0;209500.0;127000.0;94000.0;70500.0;500.0;189500.0;315000.0;174000.0;138500.0;131500.0;612000.0;949000.0;1561000.0;447000.0;678500.0;1.0;1.7149;1.5036;1.3701;1.4734;1.8652;1.5507;1.5179;500.0;106000.0;202000.0;126000.0;91500.0;67500.0;500.0;176000.0;296000.0;173500.0;137500.0;128000.0;593500.0;911500.0;1505000.0;434000.0;645500.0;1.0;1.6604;1.4653;1.377;1.5027;1.8963;1.5358;1.4873;500.0;99500.0;169000.0;96500.0;69000.0;51500.0;500.0;164000.0;260500.0;143500.0;109500.0;102500.0;486000.0;780500.0;1266500.0;365000.0;568000.0;1.0;1.6482;1.5414;1.487;1.587;1.9903;1.606;1.5562;2000.0;163000.0;281500.0;163000.0;116000.0;79500.0;2000.0;287500.0;451000.0;232500.0;168500.0;144000.0;805000.0;1285500.0;2090500.0;607500.0;971000.0;1.0;1.7638;1.6021;1.4264;1.4526;1.8113;1.5969;1.5984;1000.0;62500.0;130500.0;75500.0;33000.0;21000.0;1000.0;144000.0;308000.0;173500.0;77000.0;50000.0;323500.0;753500.0;1077000.0;268500.0;625500.0;1.0;2.304;2.3602;2.298;2.3333;2.381;2.3292;2.3296;500.0;90500.0;172000.0;103500.0;75000.0;54000.0;500.0;148500.0;250500.0;137500.0;106000.0;96500.0;495500.0;739500.0;1235000.0;366000.0;536500.0;1.0;1.6409;1.4564;1.3285;1.4133;1.787;1.4924;1.4658;500.0;70500.0;130500.0;87000.0;65000.0;46000.0;500.0;121500.0;198000.0;117000.0;94000.0;84000.0;399500.0;615000.0;1014500.0;288000.0;436500.0;1.0;1.7234;1.5172;1.3448;1.4462;1.8261;1.5394;1.5156;500.0;115000.0;219000.0;136000.0;97500.0;72500.0;500.0;204000.0;345500.0;200500.0;153000.0;139500.0;640500.0;1043000.0;1683500.0;470000.0;750000.0;1.0;1.7739;1.5776;1.4743;1.5692;1.9241;1.6284;1.5957;1.0608;1.8128;1.5884;1.4614;1.5299;1.4043;1.428;1.6107;1.0608;1.7552;1.548;1.4688;1.5603;1.4277;1.4143;1.5782;1.0608;1.7423;1.6284;1.5861;1.6478;1.4985;1.479;1.6513;1.0608;1.8645;1.6925;1.5215;1.5083;1.3637;1.4706;1.6961;1.0608;2.4355;2.4933;2.4512;2.4227;1.7927;2.1449;2.472;;;;;;;;;;;;;;;;;;;;;;;;;0.0036;0.4855;0.5283;0.2517;0.1759;0.069;0.0038;0.8801;0.8392;0.3679;0.2691;0.0969;0.2167;0.3094;0.2649;0.396;0.6379;0.0036;0.4657;0.5094;0.2497;0.1712;0.066;0.0038;0.8174;0.7886;0.3668;0.2671;0.0943;0.2101;0.2972;0.2554;0.3845;0.6069;0.0036;0.4371;0.4262;0.1913;0.1291;0.0504;0.0038;0.7617;0.694;0.3034;0.2127;0.0755;0.1721;0.2545;0.215;0.3234;0.534;0.0143;0.7161;0.7099;0.3231;0.217;0.0778;0.0152;1.3352;1.2015;0.4915;0.3274;0.1061;0.285;0.4191;0.3548;0.5382;0.9129;0.0072;0.2746;0.3291;0.1496;0.0617;0.0205;0.0076;0.6688;0.8205;0.3668;0.1496;0.0368;0.1145;0.2457;0.1828;0.2379;0.5881;;;;;;;;;;;;;;;;;;;;;;;;;;;;;;;;;;;;;;;;;;;;;;;;;;;
country;BH;BHR;Bahrain;500.0;97000.0;235000.0;128000.0;48500.0;29000.0;500.0;70500.0;158000.0;74000.0;32500.0;20500.0;538000.0;356000.0;894000.0;460000.0;302500.0;1.0;0.7268;0.6723;0.5781;0.6701;0.7069;0.6617;0.6576;500.0;100500.0;243000.0;130500.0;49500.0;30500.0;500.0;74000.0;159500.0;73500.0;32000.0;21500.0;554500.0;361000.0;915500.0;474000.0;307000.0;1.0;0.7363;0.6564;0.5632;0.6465;0.7049;0.651;0.6477;500.0;78000.0;159500.0;80500.0;30500.0;18000.0;500.0;61500.0;115000.0;52000.0;20500.0;12500.0;367000.0;262000.0;629000.0;318000.0;228500.0;1.0;0.7885;0.721;0.646;0.6721;0.6944;0.7139;0.7186;2000.0;104000.0;252500.0;129500.0;53500.0;34000.0;2000.0;97500.0;212000.0;92000.0;38000.0;24500.0;575500.0;466000.0;1041500.0;486000.0;401500.0;1.0;0.9375;0.8396;0.7104;0.7103;0.7206;0.8097;0.8261;1000.0;45500.0;107500.0;58500.0;21000.0;14500.0;1000.0;42500.0;98500.0;43500.0;15500.0;10000.0;248000.0;211000.0;459000.0;211500.0;184500.0;1.0;0.9341;0.9163;0.7436;0.7381;0.6897;0.8508;0.8723;500.0;101000.0;248000.0;134500.0;51500.0;32000.0;500.0;77000.0;165000.0;77500.0;34000.0;22500.0;567500.0;376500.0;944000.0;483500.0;319500.0;1.0;0.7624;0.6653;0.5762;0.6602;0.7031;0.6634;0.6608;500.0;23500.0;40500.0;22000.0;9500.0;6000.0;500.0;15000.0;30500.0;11000.0;6000.0;4500.0;102000.0;67500.0;169500.0;86000.0;56500.0;1.0;0.6383;0.7531;0.5;0.6316;0.75;0.6618;0.657;500.0;112500.0;270500.0;145000.0;54500.0;33500.0;500.0;84000.0;177500.0;84000.0;36500.0;24000.0;616500.0;406500.0;1023000.0;528000.0;345500.0;1.0;0.7467;0.6562;0.5793;0.6697;0.7164;0.6594;0.6544;1.0028;1.1618;1.2936;1.3728;1.283;0.8933;1.2051;1.3369;1.0028;1.177;1.263;1.3374;1.2378;0.8908;1.1856;1.3167;1.0028;1.2604;1.3873;1.5341;1.2868;0.8775;1.3001;1.4609;1.0028;1.4986;1.6155;1.687;1.3599;0.9107;1.4746;1.6794;1.0028;1.4931;1.7631;1.7659;1.4132;0.8716;1.5494;1.7733;;;;;;;;;;;;;;;;;;;;;;;;;0.0148;1.1071;1.0277;0.5016;0.3744;0.3342;0.0148;1.2862;1.3295;0.6886;0.4803;0.2985;0.6548;0.7891;0.7024;0.8049;1.076;0.0148;1.1471;1.0627;0.5114;0.3821;0.3515;0.0148;1.35;1.3421;0.6839;0.4729;0.3131;0.6749;0.8001;0.7193;0.8294;1.092;0.0148;0.8903;0.6975;0.3154;0.2354;0.2074;0.0148;1.122;0.9677;0.4839;0.303;0.182;0.4467;0.5807;0.4942;0.5565;0.8128;0.0592;1.187;1.1042;0.5074;0.4129;0.3918;0.0593;1.7787;1.7839;0.8561;0.5616;0.3568;0.7004;1.0329;0.8183;0.8504;1.4282;0.0296;0.5193;0.4701;0.2292;0.1621;0.1671;0.0297;0.7753;0.8288;0.4048;0.2291;0.1456;0.3018;0.4677;0.3606;0.3701;0.6563;;;;;;;;;;;;;;;;;;;;;;;;;;;;;;;;;;;;;;;;;;;;;;;;;;;
country;BL;BLM;Saint Barthélemy;500.0;500.0;500.0;500.0;500.0;500.0;500.0;500.0;500.0;500.0;500.0;500.0;3000.0;3000.0;6000.0;1500.0;1500.0;1.0;1.0;1.0;1.0;1.0;1.0;1.0;1.0;500.0;500.0;500.0;500.0;500.0;500.0;500.0;500.0;500.0;500.0;500.0;500.0;3000.0;3000.0;6000.0;1500.0;1500.0;1.0;1.0;1.0;1.0;1.0;1.0;1.0;1.0;500.0;500.0;500.0;500.0;500.0;500.0;500.0;500.0;500.0;500.0;500.0;500.0;3000.0;3000.0;6000.0;1500.0;1500.0;1.0;1.0;1.0;1.0;1.0;1.0;1.0;1.0;2000.0;2000.0;2000.0;2000.0;2000.0;2000.0;2000.0;2000.0;2000.0;2000.0;2000.0;2000.0;12000.0;12000.0;24000.0;6000.0;6000.0;1.0;1.0;1.0;1.0;1.0;1.0;1.0;1.0;1000.0;1000.0;1000.0;1000.0;1000.0;1000.0;1000.0;1000.0;1000.0;1000.0;1000.0;1000.0;6000.0;6000.0;12000.0;3000.0;3000.0;1.0;1.0;1.0;1.0;1.0;1.0;1.0;1.0;500.0;500.0;500.0;500.0;500.0;500.0;500.0;500.0;500.0;500.0;500.0;500.0;3000.0;3000.0;6000.0;1500.0;1500.0;1.0;1.0;1.0;1.0;1.0;1.0;1.0;1.0;500.0;500.0;500.0;500.0;500.0;500.0;500.0;500.0;500.0;500.0;500.0;500.0;3000.0;3000.0;6000.0;1500.0;1500.0;1.0;1.0;1.0;1.0;1.0;1.0;1.0;1.0;500.0;500.0;500.0;500.0;500.0;500.0;500.0;500.0;500.0;500.0;500.0;500.0;3000.0;3000.0;6000.0;1500.0;1500.0;1.0;1.0;1.0;1.0;1.0;1.0;1.0;1.0;1.0404;0.9956;0.8218;0.7658;0.8666;0.8179;0.8502;0.8428;1.0404;0.9956;0.8218;0.7658;0.8666;0.8179;0.8502;0.8428;1.0404;0.9956;0.8218;0.7658;0.8666;0.8179;0.8502;0.8428;1.0404;0.9956;0.8218;0.7658;0.8666;0.8179;0.8502;0.8428;1.0404;0.9956;0.8218;0.7658;0.8666;0.8179;0.8502;0.8428;;;;;;;;;;;;;;;;;;;;;;;;;1.4925;1.0965;0.9346;0.8945;0.7474;0.3274;1.5528;1.0917;0.768;0.6849;0.6477;0.2678;0.7351;0.625;0.6756;0.9677;0.8157;1.4925;1.0965;0.9346;0.8945;0.7474;0.3274;1.5528;1.0917;0.768;0.6849;0.6477;0.2678;0.7351;0.625;0.6756;0.9677;0.8157;1.4925;1.0965;0.9346;0.8945;0.7474;0.3274;1.5528;1.0917;0.768;0.6849;0.6477;0.2678;0.7351;0.625;0.6756;0.9677;0.8157;5.9701;4.386;3.7383;3.5778;2.9895;1.3098;6.2112;4.3668;3.0722;2.7397;2.5907;1.0712;2.9405;2.5;2.7024;3.871;3.2626;2.9851;2.193;1.8692;1.7889;1.4948;0.6549;3.1056;2.1834;1.5361;1.3699;1.2953;0.5356;1.4702;1.25;1.3512;1.9355;1.6313;;;;;;;;;;;;;;;;;;;;;;;;;;;;;;;;;;;;;;;;;;;;;;;;;;;
country;BM;BMU;Bermuda;500.0;500.0;1500.0;500.0;500.0;500.0;500.0;500.0;1500.0;500.0;500.0;500.0;4000.0;4000.0;8000.0;2500.0;2500.0;1.0;1.0;1.0;1.0;1.0;1.0;1.0;1.0;500.0;500.0;1500.0;500.0;500.0;500.0;500.0;500.0;1500.0;500.0;500.0;500.0;4000.0;4000.0;8000.0;2500.0;2500.0;1.0;1.0;1.0;1.0;1.0;1.0;1.0;1.0;500.0;500.0;500.0;500.0;500.0;500.0;500.0;500.0;500.0;500.0;500.0;500.0;3000.0;3000.0;6000.0;1500.0;1500.0;1.0;1.0;1.0;1.0;1.0;1.0;1.0;1.0;2000.0;2000.0;3000.0;2000.0;2000.0;2000.0;2000.0;2000.0;3000.0;2000.0;2000.0;2000.0;13000.0;13000.0;26000.0;7000.0;7000.0;1.0;1.0;1.0;1.0;1.0;1.0;1.0;1.0;1000.0;1000.0;1000.0;1000.0;1000.0;1000.0;1000.0;1000.0;2000.0;1000.0;1000.0;1000.0;6000.0;7000.0;13000.0;3000.0;4000.0;1.0;1.0;2.0;1.0;1.0;1.0;1.1667;1.3333;500.0;500.0;1500.0;500.0;500.0;500.0;500.0;500.0;1500.0;500.0;500.0;500.0;4000.0;4000.0;8000.0;2500.0;2500.0;1.0;1.0;1.0;1.0;1.0;1.0;1.0;1.0;500.0;500.0;1500.0;500.0;500.0;500.0;500.0;500.0;500.0;500.0;500.0;500.0;4000.0;3000.0;7000.0;2500.0;1500.0;1.0;1.0;0.3333;1.0;1.0;1.0;0.75;0.6;500.0;500.0;1500.0;500.0;500.0;500.0;500.0;500.0;2000.0;1500.0;500.0;500.0;4000.0;5500.0;9500.0;2500.0;4000.0;1.0;1.0;1.3333;3.0;1.0;1.0;1.375;1.6;1.1033;1.0222;0.9672;0.983;1.1013;0.8452;0.9475;0.9866;1.1033;1.0222;0.9672;0.983;1.1013;0.8452;0.9475;0.9866;1.1033;1.0222;0.9672;0.983;1.1013;0.8452;0.9475;0.9866;1.1033;1.0222;0.9672;0.983;1.1013;0.8452;0.9475;0.9866;1.1033;1.0222;1.9344;0.983;1.1013;0.8452;1.1055;1.3154;;;;;;;;;;;;;;;;;;;;;;;;;0.3544;0.2083;0.4459;0.1139;0.0989;0.0463;0.3909;0.2129;0.4313;0.1119;0.109;0.0391;0.1459;0.1382;0.142;0.2462;0.2429;0.3544;0.2083;0.4459;0.1139;0.0989;0.0463;0.3909;0.2129;0.4313;0.1119;0.109;0.0391;0.1459;0.1382;0.142;0.2462;0.2429;0.3544;0.2083;0.1486;0.1139;0.0989;0.0463;0.3909;0.2129;0.1438;0.1119;0.109;0.0391;0.1094;0.1037;0.1065;0.1477;0.1457;1.4174;0.8333;0.8918;0.4555;0.3957;0.1852;1.5637;0.8518;0.8626;0.4477;0.4358;0.1566;0.4741;0.4493;0.4614;0.6893;0.6801;0.7087;0.4167;0.2973;0.2277;0.1979;0.0926;0.7819;0.4259;0.575;0.2239;0.2179;0.0783;0.2188;0.2419;0.2307;0.2954;0.3886;;;;;;;;;;;;;;;;;;;;;;;;;;;;;;;;;;;;;;;;;;;;;;;;;;;
country;BO;BOL;Bolivia (Plurinational State of);500.0;932000.0;1323000.0;603000.0;273500.0;186000.0;500.0;905000.0;1218500.0;581500.0;301500.0;263000.0;3318000.0;3270000.0;6588000.0;2858000.0;2705000.0;1.0;0.971;0.921;0.9643;1.1024;1.414;0.9855;0.9465;500.0;900500.0;1323000.0;588500.0;270500.0;189500.0;500.0;877000.0;1192000.0;563000.0;298500.0;268500.0;3272500.0;3199500.0;6472000.0;2812000.0;2632000.0;1.0;0.9739;0.901;0.9567;1.1035;1.4169;0.9777;0.936;500.0;816000.0;1178500.0;546000.0;252500.0;175000.0;500.0;811500.0;1118500.0;539000.0;286000.0;256000.0;2968500.0;3011500.0;5980000.0;2540500.0;2469000.0;1.0;0.9945;0.9491;0.9872;1.1327;1.4629;1.0145;0.9719;2000.0;969500.0;1373500.0;659000.0;304000.0;182000.0;2000.0;1139500.0;1534500.0;733500.0;365000.0;259500.0;3490000.0;4034000.0;7524000.0;3002000.0;3407500.0;1.0;1.1753;1.1172;1.1131;1.2007;1.4258;1.1559;1.1351;1000.0;173500.0;269000.0;122500.0;49500.0;29000.0;1000.0;275500.0;393500.0;175500.0;65000.0;45000.0;644500.0;955500.0;1600000.0;565000.0;844500.0;1.0;1.5879;1.4628;1.4327;1.3131;1.5517;1.4825;1.4947;500.0;701500.0;935000.0;420500.0;187000.0;120500.0;500.0;700500.0;897500.0;415000.0;219500.0;186000.0;2365000.0;2419000.0;4784000.0;2057000.0;2013000.0;1.0;0.9986;0.9599;0.9869;1.1738;1.5436;1.0228;0.9786;500.0;494000.0;663000.0;274000.0;124500.0;84000.0;500.0;543000.0;659500.0;280500.0;152500.0;119500.0;1640000.0;1755500.0;3395500.0;1431000.0;1483000.0;1.0;1.0992;0.9947;1.0237;1.2249;1.4226;1.0704;1.0363;500.0;815000.0;1236500.0;558500.0;252000.0;149500.0;500.0;826000.0;1162500.0;550500.0;290500.0;234000.0;3012000.0;3064000.0;6076000.0;2610000.0;2539000.0;1.0;1.0135;0.9402;0.9857;1.1528;1.5652;1.0173;0.9728;1.0314;0.9945;0.9354;0.9785;1.1038;1.2419;0.9783;0.9635;1.0314;0.9974;0.9151;0.9708;1.1049;1.2444;0.9705;0.9528;1.0314;1.0185;0.9639;1.0017;1.1342;1.2848;1.007;0.9893;1.0314;1.2037;1.1347;1.1295;1.2023;1.2522;1.1474;1.1554;1.0314;1.6263;1.4857;1.4538;1.3148;1.3628;1.4716;1.5215;;;;;;;;;;;;;;;;;;;;;;;;;0.001;1.1719;1.2863;0.7631;0.4779;0.2763;0.0011;1.1654;1.2032;0.7468;0.5275;0.3431;0.7645;0.748;0.7562;1.0934;1.0534;0.001;1.1323;1.2863;0.7448;0.4727;0.2815;0.0011;1.1294;1.177;0.723;0.5223;0.3503;0.754;0.7318;0.7429;1.0758;1.025;0.001;1.026;1.1458;0.691;0.4412;0.26;0.0011;1.045;1.1045;0.6922;0.5004;0.334;0.684;0.6888;0.6864;0.9719;0.9615;0.0042;1.219;1.3354;0.834;0.5312;0.2704;0.0043;1.4674;1.5152;0.942;0.6386;0.3386;0.8042;0.9227;0.8637;1.1484;1.327;0.0021;0.2182;0.2615;0.155;0.0865;0.0431;0.0021;0.3548;0.3886;0.2254;0.1137;0.0587;0.1485;0.2186;0.1837;0.2161;0.3289;;;;;;;;;;;;;;;;;;;;;;;;;;;;;;;;;;;;;;;;;;;;;;;;;;;
country;BQ;BES;Caribbean Netherlands;500.0;1500.0;500.0;500.0;500.0;500.0;500.0;500.0;1500.0;500.0;500.0;500.0;4000.0;4000.0;8000.0;2500.0;2500.0;1.0;0.3333;3.0;1.0;1.0;1.0;1.0;1.0;500.0;500.0;500.0;500.0;500.0;500.0;500.0;500.0;500.0;500.0;500.0;500.0;3000.0;3000.0;6000.0;1500.0;1500.0;1.0;1.0;1.0;1.0;1.0;1.0;1.0;1.0;500.0;500.0;500.0;500.0;500.0;500.0;500.0;500.0;500.0;500.0;500.0;500.0;3000.0;3000.0;6000.0;1500.0;1500.0;1.0;1.0;1.0;1.0;1.0;1.0;1.0;1.0;2000.0;2000.0;2000.0;2000.0;2000.0;2000.0;2000.0;2000.0;2000.0;2000.0;2000.0;2000.0;12000.0;12000.0;24000.0;6000.0;6000.0;1.0;1.0;1.0;1.0;1.0;1.0;1.0;1.0;1000.0;1000.0;1000.0;1000.0;1000.0;1000.0;1000.0;1000.0;2000.0;1000.0;1000.0;1000.0;6000.0;7000.0;13000.0;3000.0;4000.0;1.0;1.0;2.0;1.0;1.0;1.0;1.1667;1.3333;500.0;500.0;500.0;500.0;500.0;500.0;500.0;500.0;1500.0;500.0;500.0;500.0;3000.0;4000.0;7000.0;1500.0;2500.0;1.0;1.0;3.0;1.0;1.0;1.0;1.3333;1.6667;500.0;500.0;500.0;500.0;500.0;500.0;500.0;500.0;500.0;500.0;500.0;500.0;3000.0;3000.0;6000.0;1500.0;1500.0;1.0;1.0;1.0;1.0;1.0;1.0;1.0;1.0;500.0;1500.0;1500.0;1500.0;500.0;500.0;500.0;500.0;2500.0;1500.0;500.0;500.0;6000.0;6000.0;12000.0;4500.0;4500.0;1.0;0.3333;1.6667;1.0;1.0;1.0;1.0;1.0;1.0908;0.352;3.1632;1.0815;1.0812;1.0718;1.0718;1.0661;1.0908;1.0561;1.0544;1.0815;1.0812;1.0718;1.0718;1.0661;1.0908;1.0561;1.0544;1.0815;1.0812;1.0718;1.0718;1.0661;1.0908;1.0561;1.0544;1.0815;1.0812;1.0718;1.0718;1.0661;1.0908;1.0561;2.1088;1.0815;1.0812;1.0718;1.2505;1.4214;;;;;;;;;;;;;;;;;;;;;;;;;0.7704;1.5015;0.2222;0.2084;0.2263;0.1124;0.8403;0.5285;0.7029;0.2254;0.2447;0.1205;0.3088;0.331;0.3195;0.4426;0.4719;0.7704;0.5005;0.2222;0.2084;0.2263;0.1124;0.8403;0.5285;0.2343;0.2254;0.2447;0.1205;0.2316;0.2482;0.2396;0.2656;0.2831;0.7704;0.5005;0.2222;0.2084;0.2263;0.1124;0.8403;0.5285;0.2343;0.2254;0.2447;0.1205;0.2316;0.2482;0.2396;0.2656;0.2831;3.0817;2.002;0.8889;0.8337;0.9054;0.4496;3.3613;2.1142;0.9372;0.9017;0.979;0.4819;0.9264;0.9929;0.9585;1.0623;1.1325;1.5408;1.001;0.4444;0.4168;0.4527;0.2248;1.6807;1.0571;0.9372;0.4509;0.4895;0.241;0.4632;0.5792;0.5192;0.5312;0.755;;;;;;;;;;;;;;;;;;;;;;;;;;;;;;;;;;;;;;;;;;;;;;;;;;;
country;BR;BRA;Brazil;500.0;8221500.0;11616000.0;6752500.0;4322500.0;3693000.0;500.0;9904000.0;12435000.0;6219000.0;4143500.0;4202000.0;34606000.0;36904000.0;71510000.0;26590000.0;28558000.0;1.0;1.2046;1.0705;0.921;0.9586;1.1378;1.0664;1.074;500.0;8274000.0;11839500.0;7185000.0;4837500.0;4268000.0;500.0;9818500.0;12443000.0;6593500.0;4737500.0;5096500.0;36404500.0;38689500.0;75094000.0;27298500.0;28855000.0;1.0;1.1867;1.051;0.9177;0.9793;1.1941;1.0628;1.057;500.0;6460500.0;8106000.0;4278500.0;2738000.0;2233000.0;500.0;8198500.0;8901500.0;3963000.0;2576000.0;2476000.0;23816500.0;26115500.0;49932000.0;18845000.0;21063000.0;1.0;1.269;1.0981;0.9263;0.9408;1.1088;1.0965;1.1177;2000.0;10136500.0;13913000.0;8594500.0;5780000.0;4758000.0;2000.0;13556500.0;15651000.0;8043000.0;5584500.0;5407500.0;43184000.0;48244500.0;91428500.0;32644000.0;37250500.0;1.0;1.3374;1.1249;0.9358;0.9662;1.1365;1.1172;1.1411;1000.0;4575500.0;7613500.0;4295500.0;2251000.0;1880500.0;1000.0;7660000.0;10076500.0;4818500.0;2543000.0;2464500.0;20617000.0;27563500.0;48180500.0;16484500.0;22555000.0;1.0;1.6741;1.3235;1.1218;1.1297;1.3106;1.3369;1.3683;500.0;6097000.0;9042000.0;5235000.0;3608500.0;3387000.0;500.0;7665000.0;9854000.0;4805000.0;3375000.0;3857500.0;27370000.0;29557000.0;56927000.0;20374000.0;22324000.0;1.0;1.2572;1.0898;0.9179;0.9353;1.1389;1.0799;1.0957;500.0;5334000.0;7325000.0;4088500.0;2690500.0;2372500.0;500.0;6997500.0;8254000.0;3858500.0;2720500.0;2850500.0;21811000.0;24681500.0;46492500.0;16747500.0;19110000.0;1.0;1.3119;1.1268;0.9437;1.0112;1.2015;1.1316;1.1411;500.0;8872500.0;12581500.0;7148000.0;4677500.0;4179500.0;500.0;10457000.0;13281000.0;6576000.0;4582500.0;4932500.0;37459500.0;39829500.0;77289000.0;28602000.0;30314000.0;1.0;1.1786;1.0556;0.92;0.9797;1.1802;1.0633;1.0599;1.039;1.2385;1.0774;0.9029;0.9117;0.9622;1.0171;1.0762;1.039;1.2201;1.0578;0.8997;0.9314;1.0098;1.0136;1.0591;1.039;1.3048;1.1052;0.9081;0.8948;0.9377;1.0458;1.1199;1.039;1.3751;1.1321;0.9175;0.919;0.9611;1.0655;1.1434;1.039;1.7213;1.332;1.0998;1.0745;1.1083;1.2751;1.371;;;;;;;;;;;;;;;;;;;;;;;;;0.0001;0.7258;0.7099;0.4119;0.3266;0.1825;0.0001;0.899;0.7649;0.3719;0.2978;0.1756;0.4138;0.4208;0.4174;0.6032;0.6491;0.0001;0.7305;0.7236;0.4383;0.3656;0.2109;0.0001;0.8912;0.7654;0.3943;0.3405;0.213;0.4353;0.4412;0.4383;0.6193;0.6558;0.0001;0.5704;0.4954;0.261;0.2069;0.1103;0.0001;0.7442;0.5475;0.237;0.1851;0.1035;0.2848;0.2978;0.2914;0.4275;0.4787;0.0003;0.8949;0.8503;0.5242;0.4368;0.2351;0.0003;1.2305;0.9627;0.481;0.4014;0.226;0.5163;0.5501;0.5336;0.7405;0.8467;0.0002;0.404;0.4653;0.262;0.1701;0.0929;0.0002;0.6953;0.6198;0.2881;0.1828;0.103;0.2465;0.3143;0.2812;0.3739;0.5127;;;;;;;;;;;;;;;;;;;;;;;;;;;;;;;;;;;;;;;;;;;;;;;;;;;
country;BS;BHS;The Bahamas;500.0;6000.0;11500.0;5000.0;2500.0;1500.0;500.0;6500.0;13000.0;5000.0;2500.0;1500.0;27000.0;29000.0;56000.0;22500.0;24500.0;1.0;1.0833;1.1304;1.0;1.0;1.0;1.0741;1.0889;500.0;4500.0;8500.0;3500.0;2000.0;500.0;500.0;5000.0;8500.0;3000.0;1500.0;1500.0;19500.0;20000.0;39500.0;16500.0;16500.0;1.0;1.1111;1.0;0.8571;0.75;3.0;1.0256;1.0;500.0;1500.0;4000.0;1500.0;500.0;500.0;500.0;2500.0;4000.0;2500.0;1500.0;500.0;8500.0;11500.0;20000.0;7000.0;9000.0;1.0;1.6667;1.0;1.6667;3.0;1.0;1.3529;1.2857;2000.0;7000.0;14000.0;5500.0;3500.0;2000.0;2000.0;9500.0;17500.0;7000.0;4000.0;3500.0;34000.0;43500.0;77500.0;26500.0;34000.0;1.0;1.3571;1.25;1.2727;1.1429;1.75;1.2794;1.283;1000.0;2000.0;4500.0;2000.0;1000.0;1000.0;1000.0;4500.0;9000.0;3500.0;1000.0;1000.0;11500.0;20000.0;31500.0;8500.0;17000.0;1.0;2.25;2.0;1.75;1.0;1.0;1.7391;2.0;500.0;3500.0;8500.0;3500.0;2500.0;500.0;500.0;4000.0;9500.0;4000.0;1500.0;1500.0;19000.0;21000.0;40000.0;15500.0;17500.0;1.0;1.1429;1.1176;1.1429;0.6;3.0;1.1053;1.129;500.0;3000.0;6500.0;2000.0;1500.0;500.0;500.0;3000.0;6000.0;2000.0;1500.0;500.0;14000.0;13500.0;27500.0;11500.0;11000.0;1.0;1.0;0.9231;1.0;1.0;1.0;0.9643;0.9565;500.0;7500.0;15000.0;5000.0;3000.0;1500.0;500.0;9500.0;18500.0;7000.0;3000.0;2000.0;32500.0;40500.0;73000.0;27500.0;35000.0;1.0;1.2667;1.2333;1.4;1.0;1.3333;1.2462;1.2727;1.0134;1.0693;1.0665;0.8969;0.8963;0.7997;0.9623;1.0207;1.0134;1.0967;0.9435;0.7687;0.6722;2.399;0.9188;0.9374;1.0134;1.6451;0.9435;1.4948;2.6889;0.7997;1.2121;1.2052;1.0134;1.3396;1.1794;1.1414;1.0244;1.3994;1.1462;1.2027;1.0134;2.2209;1.887;1.5695;0.8963;0.7997;1.5581;1.8748;;;;;;;;;;;;;;;;;;;;;;;;;0.0435;0.3016;0.3604;0.1868;0.0962;0.0374;0.0441;0.3225;0.3844;0.1675;0.0862;0.0299;0.1729;0.1664;0.1695;0.2864;0.2923;0.0435;0.2262;0.2664;0.1308;0.077;0.0125;0.0441;0.2481;0.2513;0.1005;0.0517;0.0299;0.1249;0.1148;0.1196;0.21;0.1969;0.0435;0.0754;0.1254;0.056;0.0192;0.0125;0.0441;0.1241;0.1183;0.0838;0.0517;0.01;0.0544;0.066;0.0605;0.0891;0.1074;0.1741;0.3519;0.4387;0.2055;0.1347;0.0499;0.1765;0.4714;0.5174;0.2346;0.138;0.0698;0.2178;0.2496;0.2346;0.3373;0.4056;0.0871;0.1005;0.141;0.0747;0.0385;0.0249;0.0882;0.2233;0.2661;0.1173;0.0345;0.02;0.0737;0.1148;0.0953;0.1082;0.2028;;;;;;;;;;;;;;;;;;;;;;;;;;;;;;;;;;;;;;;;;;;;;;;;;;;
country;BY;BLR;Belarus;500.0;482000.0;798000.0;495000.0;277500.0;220500.0;500.0;483000.0;638500.0;378500.0;263000.0;310500.0;2273500.0;2074000.0;4347500.0;1775000.0;1500000.0;1.0;1.0021;0.8001;0.7646;0.9477;1.4082;0.9122;0.8451;500.0;421500.0;816500.0;532500.0;304000.0;224000.0;500.0;430500.0;686000.0;445000.0;312000.0;315000.0;2299000.0;2189000.0;4488000.0;1770500.0;1561500.0;1.0;1.0214;0.8402;0.8357;1.0263;1.4062;0.9522;0.882;500.0;381500.0;603500.0;292000.0;144000.0;124000.0;500.0;473000.0;624000.0;314000.0;179500.0;185000.0;1545500.0;1776000.0;3321500.0;1277000.0;1411000.0;1.0;1.2398;1.034;1.0753;1.2465;1.4919;1.1491;1.1049;2000.0;395500.0;608000.0;381500.0;254000.0;151000.0;2000.0;563000.0;665500.0;374000.0;358500.0;228000.0;1792000.0;2191000.0;3983000.0;1385000.0;1602500.0;1.0;1.4235;1.0946;0.9803;1.4114;1.5099;1.2227;1.157;1000.0;75000.0;254000.0;173500.0;82500.0;63000.0;1000.0;172000.0;358000.0;204500.0;118000.0;113000.0;649000.0;966500.0;1615500.0;502500.0;734500.0;1.0;2.2933;1.4094;1.1787;1.4303;1.7937;1.4892;1.4617;500.0;237500.0;475500.0;409000.0;204000.0;158500.0;500.0;283000.0;425000.0;345000.0;196000.0;225000.0;1485000.0;1474500.0;2959500.0;1122000.0;1053000.0;1.0;1.1916;0.8938;0.8435;0.9608;1.4196;0.9929;0.9385;500.0;415000.0;679500.0;405000.0;221000.0;102500.0;500.0;456000.0;602000.0;351500.0;239500.0;158500.0;1823500.0;1808000.0;3631500.0;1499500.0;1409500.0;1.0;1.0988;0.8859;0.8679;1.0837;1.5463;0.9915;0.94;500.0;571500.0;961500.0;562000.0;307000.0;238500.0;500.0;592000.0;832000.0;479500.0;325000.0;362500.0;2641000.0;2591500.0;5232500.0;2095000.0;1903500.0;1.0;1.0359;0.8653;0.8532;1.0586;1.5199;0.9813;0.9086;1.0565;1.064;0.839;0.7688;0.8516;0.8779;0.7677;0.8718;1.0565;1.0845;0.8811;0.8403;0.9223;0.8766;0.8013;0.9098;1.0565;1.3164;1.0843;1.0812;1.1201;0.9301;0.967;1.1398;1.0565;1.5115;1.1479;0.9857;1.2683;0.9413;1.0289;1.1935;1.0565;2.435;1.478;1.1852;1.2853;1.1182;1.2532;1.5078;;;;;;;;;;;;;;;;;;;;;;;;;0.0025;1.54;1.3137;0.6833;0.4714;0.2023;0.0026;1.6386;1.1023;0.5254;0.4015;0.1776;0.6452;0.4953;0.5638;1.0792;0.9408;0.0025;1.3467;1.3442;0.7351;0.5164;0.2055;0.0026;1.4605;1.1844;0.6177;0.4763;0.1802;0.6525;0.5228;0.5821;1.0764;0.9794;0.0025;1.2189;0.9935;0.4031;0.2446;0.1138;0.0026;1.6047;1.0773;0.4359;0.274;0.1058;0.4386;0.4242;0.4308;0.7764;0.885;0.01;1.2636;1.0009;0.5267;0.4315;0.1386;0.0106;1.91;1.149;0.5192;0.5472;0.1304;0.5086;0.5233;0.5166;0.842;1.0051;0.005;0.2396;0.4182;0.2395;0.1401;0.0578;0.0053;0.5835;0.6181;0.2839;0.1801;0.0646;0.1842;0.2308;0.2095;0.3055;0.4607;;;;;;;;;;;;;;;;;;;;;;;;;;;;;;;;;;;;;;;;;;;;;;;;;;;
country;BZ;BLZ;Belize;500.0;4000.0;3000.0;1500.0;500.0;500.0;500.0;3500.0;6000.0;1500.0;500.0;500.0;10000.0;12500.0;22500.0;8500.0;11000.0;1.0;0.875;2.0;1.0;1.0;1.0;1.25;1.2941;500.0;2500.0;2500.0;1500.0;500.0;500.0;500.0;2000.0;3000.0;1500.0;500.0;0.0;8000.0;7500.0;15500.0;6500.0;6500.0;1.0;0.8;1.2;1.0;1.0;0.0;0.9375;1.0;500.0;1500.0;1500.0;500.0;500.0;500.0;500.0;500.0;2000.0;500.0;500.0;500.0;5000.0;4500.0;9500.0;3500.0;3000.0;1.0;0.3333;1.3333;1.0;1.0;1.0;0.9;0.8571;2000.0;3000.0;3000.0;2000.0;2000.0;2000.0;2000.0;3000.0;5000.0;2000.0;2000.0;2000.0;14000.0;16000.0;30000.0;8000.0;10000.0;1.0;1.0;1.6667;1.0;1.0;1.0;1.1429;1.25;1000.0;1000.0;2000.0;1000.0;1000.0;1000.0;1000.0;2500.0;4000.0;1000.0;1000.0;1000.0;7000.0;10500.0;17500.0;4000.0;7500.0;1.0;2.5;2.0;1.0;1.0;1.0;1.5;1.875;500.0;2000.0;2500.0;1500.0;500.0;500.0;500.0;2000.0;3500.0;500.0;500.0;500.0;7500.0;7500.0;15000.0;6000.0;6000.0;1.0;1.0;1.4;0.3333;1.0;1.0;1.0;1.0;500.0;1500.0;1500.0;500.0;500.0;500.0;500.0;500.0;2500.0;500.0;500.0;500.0;5000.0;5000.0;10000.0;3500.0;3500.0;1.0;0.3333;1.6667;1.0;1.0;1.0;1.0;1.0;500.0;5000.0;5000.0;2500.0;500.0;500.0;500.0;6500.0;8500.0;3500.0;1500.0;500.0;14000.0;21000.0;35000.0;12500.0;18500.0;1.0;1.3;1.7;1.4;3.0;1.0;1.5;1.48;1.0371;0.9068;2.0797;0.9993;0.9693;0.9624;1.2621;1.3282;1.0371;0.8291;1.2478;0.9993;0.9693;0.0;0.9466;1.0264;1.0371;0.3454;1.3864;0.9993;0.9693;0.9624;0.9087;0.8797;1.0371;1.0364;1.7331;0.9993;0.9693;0.9624;1.154;1.283;1.0371;2.5909;2.0797;0.9993;0.9693;0.9624;1.5145;1.9245;;;;;;;;;;;;;;;;;;;;;;;;;0.0318;0.1401;0.0795;0.053;0.0249;0.0221;0.0329;0.127;0.1653;0.053;0.0241;0.0213;0.0653;0.0825;0.0739;0.0899;0.1194;0.0318;0.0875;0.0663;0.053;0.0249;0.0221;0.0329;0.0726;0.0827;0.053;0.0241;0.0;0.0523;0.0495;0.0509;0.0687;0.0705;0.0318;0.0525;0.0398;0.0177;0.0249;0.0221;0.0329;0.0181;0.0551;0.0177;0.0241;0.0213;0.0327;0.0297;0.0312;0.037;0.0326;0.127;0.105;0.0795;0.0707;0.0995;0.0884;0.1317;0.1089;0.1378;0.0706;0.0964;0.0851;0.0915;0.1056;0.0985;0.0846;0.1085;0.0635;0.035;0.053;0.0353;0.0497;0.0442;0.0659;0.0907;0.1102;0.0353;0.0482;0.0426;0.0457;0.0693;0.0574;0.0423;0.0814;;;;;;;;;;;;;;;;;;;;;;;;;;;;;;;;;;;;;;;;;;;;;;;;;;;
country;CA;CAN;Canada;500.0;1254000.0;2079500.0;908500.0;516500.0;398000.0;500.0;1474000.0;2207000.0;855000.0;507000.0;443500.0;5157000.0;5487000.0;10644000.0;4242000.0;4536000.0;1.0;1.1754;1.0613;0.9411;0.9816;1.1143;1.064;1.0693;500.0;1188500.0;2029500.0;873000.0;501500.0;375000.0;500.0;1423500.0;2185000.0;831500.0;498500.0;422000.0;4968000.0;5361000.0;10329000.0;4091000.0;4440000.0;1.0;1.1977;1.0766;0.9525;0.994;1.1253;1.0791;1.0853;500.0;859000.0;1192500.0;490500.0;293000.0;232000.0;500.0;1099500.0;1339500.0;468500.0;279000.0;252000.0;3067500.0;3439000.0;6506500.0;2542000.0;2907500.0;1.0;1.28;1.1233;0.9551;0.9522;1.0862;1.1211;1.1438;2000.0;1853500.0;3147000.0;1305000.0;809500.0;635500.0;2000.0;2632000.0;4159500.0;1541500.0;907000.0;764000.0;7752500.0;10006000.0;17758500.0;6305500.0;8333000.0;1.0;1.42;1.3217;1.1812;1.1204;1.2022;1.2907;1.3215;1000.0;377500.0;1177500.0;508500.0;181000.0;150000.0;1000.0;941000.0;1755500.0;673500.0;271500.0;222000.0;2395500.0;3864500.0;6260000.0;2063500.0;3370000.0;1.0;2.4927;1.4909;1.3245;1.5;1.48;1.6132;1.6331;500.0;1046000.0;1783000.0;780500.0;459500.0;370500.0;500.0;1302500.0;2006000.0;769000.0;465000.0;419500.0;4440000.0;4962500.0;9402500.0;3609500.0;4077500.0;1.0;1.2452;1.1251;0.9853;1.012;1.1323;1.1177;1.1297;500.0;870500.0;1633000.0;678000.0;404000.0;252500.0;500.0;1131500.0;1915000.0;707500.0;419500.0;318500.0;3838500.0;4492500.0;8331000.0;3181500.0;3754000.0;1.0;1.2998;1.1727;1.0435;1.0384;1.2614;1.1704;1.1799;500.0;1296000.0;2209000.0;935000.0;521500.0;395000.0;500.0;1542500.0;2354000.0;896000.0;528500.0;450500.0;5357000.0;5772000.0;11129000.0;4440000.0;4792500.0;1.0;1.1902;1.0656;0.9583;1.0134;1.1405;1.0775;1.0794;1.0337;1.2409;1.1262;0.9438;0.9634;1.0075;1.039;1.1095;1.0337;1.2645;1.1424;0.9553;0.9756;1.0175;1.0537;1.1261;1.0337;1.3514;1.192;0.9579;0.9345;0.9821;1.0947;1.1868;1.0337;1.4992;1.4025;1.1846;1.0996;1.087;1.2603;1.3711;1.0337;2.6317;1.582;1.3284;1.4722;1.3382;1.5752;1.6944;;;;;;;;;;;;;;;;;;;;;;;;;0.0006;0.7361;0.7333;0.3402;0.2143;0.0658;0.0006;0.9134;0.8258;0.321;0.2065;0.0663;0.312;0.3241;0.3181;0.5883;0.6527;0.0006;0.6977;0.7156;0.3269;0.2081;0.062;0.0006;0.8821;0.8176;0.3122;0.203;0.063;0.3005;0.3167;0.3087;0.5674;0.6389;0.0006;0.5042;0.4205;0.1837;0.1216;0.0383;0.0006;0.6814;0.5012;0.1759;0.1136;0.0376;0.1856;0.2031;0.1944;0.3526;0.4184;0.0023;1.088;1.1097;0.4886;0.3359;0.105;0.0024;1.631;1.5563;0.5788;0.3694;0.1141;0.469;0.591;0.5307;0.8745;1.1991;0.0012;0.2216;0.4152;0.1904;0.0751;0.0248;0.0012;0.5831;0.6568;0.2529;0.1106;0.0332;0.1449;0.2283;0.1871;0.2862;0.4849;;;;;;;;;;;;;;;;;;;;;;;;;;;;;;;;;;;;;;;;;;;;;;;;;;;
country;CD;COD;Congo (Democratic Republic of the);500.0;28500.0;38500.0;11500.0;4000.0;2500.0;500.0;27000.0;35000.0;9500.0;4000.0;4000.0;85500.0;80000.0;165500.0;78500.0;71500.0;1.0;0.9474;0.9091;0.8261;1.0;1.6;0.9357;0.9108;500.0;15000.0;21000.0;5000.0;2000.0;1500.0;500.0;10500.0;13000.0;3500.0;2000.0;1500.0;45000.0;31000.0;76000.0;41000.0;27000.0;1.0;0.7;0.619;0.7;1.0;1.0;0.6889;0.6585;500.0;12000.0;14000.0;3500.0;1500.0;500.0;500.0;9500.0;11500.0;3000.0;1500.0;1500.0;32000.0;27500.0;59500.0;29500.0;24000.0;1.0;0.7917;0.8214;0.8571;1.0;3.0;0.8594;0.8136;2000.0;15000.0;21000.0;6000.0;3000.0;2000.0;2000.0;14000.0;17500.0;5000.0;3000.0;3000.0;49000.0;44500.0;93500.0;42000.0;36500.0;1.0;0.9333;0.8333;0.8333;1.0;1.5;0.9082;0.869;1000.0;9000.0;17500.0;4500.0;1000.0;1000.0;1000.0;16500.0;25000.0;7000.0;2000.0;2000.0;34000.0;53500.0;87500.0;31000.0;48500.0;1.0;1.8333;1.4286;1.5556;2.0;2.0;1.5735;1.5645;500.0;9500.0;18000.0;6000.0;2500.0;1500.0;500.0;8000.0;13000.0;5000.0;2000.0;1500.0;38000.0;30000.0;68000.0;33500.0;26000.0;1.0;0.8421;0.7222;0.8333;0.8;1.0;0.7895;0.7761;500.0;5000.0;8500.0;2000.0;500.0;500.0;500.0;5000.0;6000.0;1500.0;500.0;500.0;17000.0;14000.0;31000.0;15500.0;12500.0;1.0;1.0;0.7059;0.75;1.0;1.0;0.8235;0.8065;500.0;29500.0;42000.0;11500.0;4000.0;2500.0;500.0;36500.0;44000.0;9500.0;3000.0;3500.0;90000.0;97000.0;187000.0;83000.0;90000.0;1.0;1.2373;1.0476;0.8261;0.75;1.4;1.0778;1.0843;0.9962;0.9411;0.8955;0.8064;0.9498;1.4033;0.907;0.8979;0.9962;0.6953;0.6097;0.6833;0.9498;0.877;0.6678;0.6492;0.9962;0.7864;0.8091;0.8367;0.9498;2.6311;0.8331;0.8021;0.9962;0.9271;0.8208;0.8135;0.9498;1.3156;0.8804;0.8567;0.9962;1.8211;1.4072;1.5185;1.8995;1.7541;1.5253;1.5423;;;;;;;;;;;;;;;;;;;;;;;;;0.0001;0.0044;0.0056;0.0026;0.0014;0.0007;0.0001;0.0041;0.005;0.0021;0.0013;0.001;0.003;0.0027;0.0028;0.0044;0.0039;0.0001;0.0023;0.003;0.0011;0.0007;0.0004;0.0001;0.0016;0.0019;0.0008;0.0006;0.0004;0.0016;0.001;0.0013;0.0023;0.0015;0.0001;0.0018;0.002;0.0008;0.0005;0.0001;0.0001;0.0014;0.0016;0.0007;0.0005;0.0004;0.0011;0.0009;0.001;0.0017;0.0013;0.0004;0.0023;0.003;0.0013;0.001;0.0006;0.0004;0.0021;0.0025;0.0011;0.001;0.0008;0.0017;0.0015;0.0016;0.0024;0.002;0.0002;0.0014;0.0025;0.001;0.0003;0.0003;0.0002;0.0025;0.0036;0.0015;0.0006;0.0005;0.0012;0.0018;0.0015;0.0017;0.0027;;;;;;;;;;;;;;;;;;;;;;;;;;;;;;;;;;;;;;;;;;;;;;;;;;;
country;CH;CHE;Switzerland;500.0;127500.0;196000.0;105000.0;80500.0;42000.0;500.0;192500.0;264000.0;139500.0;116000.0;67000.0;551500.0;779500.0;1331000.0;428500.0;596000.0;1.0;1.5098;1.3469;1.3286;1.441;1.5952;1.4134;1.3909;500.0;125000.0;193000.0;103000.0;79500.0;41500.0;500.0;184000.0;251000.0;132500.0;112000.0;65000.0;542500.0;745000.0;1287500.0;421000.0;567500.0;1.0;1.472;1.3005;1.2864;1.4088;1.5663;1.3733;1.348;500.0;122000.0;181000.0;90500.0;68500.0;36000.0;500.0;179500.0;237000.0;116500.0;96000.0;54500.0;498500.0;684000.0;1182500.0;393500.0;533000.0;1.0;1.4713;1.3094;1.2873;1.4015;1.5139;1.3721;1.3545;2000.0;304500.0;465000.0;244500.0;190000.0;100000.0;2000.0;441500.0;601500.0;316500.0;263000.0;156000.0;1306000.0;1780500.0;3086500.0;1014000.0;1359500.0;1.0;1.4499;1.2935;1.2945;1.3842;1.56;1.3633;1.3407;1000.0;75500.0;118000.0;69500.0;45500.0;22000.0;1000.0;127000.0;191500.0;104000.0;73500.0;33500.0;331500.0;530500.0;862000.0;263000.0;422500.0;1.0;1.6821;1.6229;1.4964;1.6154;1.5227;1.6003;1.6065;500.0;119500.0;186500.0;99000.0;76000.0;39500.0;500.0;176000.0;246500.0;128000.0;106500.0;61500.0;521000.0;719000.0;1240000.0;405000.0;550500.0;1.0;1.4728;1.3217;1.2929;1.4013;1.557;1.38;1.3593;500.0;103000.0;154500.0;81000.0;64000.0;35000.0;500.0;147500.0;197000.0;102000.0;87500.0;55000.0;438000.0;589500.0;1027500.0;338500.0;446500.0;1.0;1.432;1.2751;1.2593;1.3672;1.5714;1.3459;1.3191;500.0;130500.0;202500.0;108500.0;83500.0;43500.0;500.0;201500.0;279500.0;149500.0;124500.0;70500.0;569000.0;826000.0;1395000.0;441500.0;630500.0;1.0;1.5441;1.3802;1.3779;1.491;1.6207;1.4517;1.4281;1.0604;1.6129;1.3947;1.3545;1.4515;1.4289;1.3787;1.4403;1.0604;1.5725;1.3467;1.3114;1.419;1.403;1.3395;1.3959;1.0604;1.5717;1.3559;1.3124;1.4117;1.3561;1.3384;1.4026;1.0604;1.5489;1.3394;1.3197;1.3942;1.3973;1.3298;1.3883;1.0604;1.7969;1.6805;1.5255;1.6271;1.3639;1.561;1.6636;;;;;;;;;;;;;;;;;;;;;;;;;0.0028;0.3904;0.3291;0.1654;0.1295;0.0301;0.003;0.6296;0.459;0.224;0.1879;0.043;0.147;0.2026;0.1751;0.2752;0.3964;0.0028;0.3827;0.324;0.1622;0.1279;0.0297;0.003;0.6018;0.4364;0.2128;0.1814;0.0417;0.1446;0.1936;0.1694;0.2704;0.3774;0.0028;0.3735;0.3039;0.1426;0.1102;0.0258;0.003;0.5871;0.412;0.1871;0.1555;0.0349;0.1328;0.1778;0.1556;0.2527;0.3545;0.0113;0.9323;0.7807;0.3851;0.3056;0.0716;0.012;1.4439;1.0457;0.5082;0.4261;0.1;0.348;0.4628;0.4061;0.6512;0.9041;0.0056;0.2312;0.1981;0.1095;0.0732;0.0158;0.006;0.4154;0.3329;0.167;0.1191;0.0215;0.0883;0.1379;0.1134;0.1689;0.281;;;;;;;;;;;;;;;;;;;;;;;;;;;;;;;;;;;;;;;;;;;;;;;;;;;
country;CL;CHL;Chile;500.0;911000.0;1724000.0;997500.0;592000.0;486000.0;500.0;1028500.0;1796500.0;915000.0;597500.0;601500.0;4711000.0;4939500.0;9650500.0;3632500.0;3740000.0;1.0;1.129;1.0421;0.9173;1.0093;1.2377;1.0485;1.0296;500.0;946000.0;1865000.0;1064000.0;639000.0;568500.0;500.0;1065500.0;1914000.0;966000.0;644000.0;720500.0;5083000.0;5310500.0;10393500.0;3875000.0;3945500.0;1.0;1.1263;1.0263;0.9079;1.0078;1.2674;1.0448;1.0182;500.0;875000.0;1552000.0;874000.0;534000.0;412000.0;500.0;1017500.0;1661500.0;835000.0;546000.0;517000.0;4247500.0;4577500.0;8825000.0;3301000.0;3514000.0;1.0;1.1629;1.0706;0.9554;1.0225;1.2549;1.0777;1.0645;2000.0;1032000.0;2067500.0;1221000.0;779500.0;705500.0;2000.0;1247500.0;2325500.0;1252500.0;835500.0;925500.0;5807500.0;6588500.0;12396000.0;4320500.0;4825500.0;1.0;1.2088;1.1248;1.0258;1.0718;1.3118;1.1345;1.1169;1000.0;412000.0;1229500.0;674000.0;329500.0;219000.0;1000.0;854500.0;1607000.0;787000.0;423000.0;412000.0;2865000.0;4084500.0;6949500.0;2315500.0;3248500.0;1.0;2.074;1.307;1.1677;1.2838;1.8813;1.4257;1.4029;500.0;876000.0;1669500.0;965000.0;574000.0;508500.0;500.0;1003500.0;1752500.0;886000.0;583000.0;642000.0;4593500.0;4867500.0;9461000.0;3510500.0;3642000.0;1.0;1.1455;1.0497;0.9181;1.0157;1.2625;1.0596;1.0375;500.0;690500.0;1285000.0;617000.0;353000.0;283500.0;500.0;838500.0;1403000.0;606000.0;377500.0;384000.0;3229500.0;3609500.0;6839000.0;2592500.0;2847500.0;1.0;1.2143;1.0918;0.9822;1.0694;1.3545;1.1177;1.0984;500.0;1056500.0;2112000.0;1162000.0;675000.0;609000.0;500.0;1183000.0;2112000.0;1055000.0;682000.0;777000.0;5615000.0;5809500.0;11424500.0;4330500.0;4350000.0;1.0;1.1197;1.0;0.9079;1.0104;1.2759;1.0346;1.0045;1.0414;1.1621;1.0674;0.9333;1.0078;1.0996;1.0258;1.0532;1.0414;1.1593;1.0512;0.9237;1.0063;1.126;1.0222;1.0415;1.0414;1.197;1.0966;0.972;1.021;1.1149;1.0544;1.0889;1.0414;1.2443;1.1521;1.0436;1.0702;1.1654;1.11;1.1425;1.0414;2.1348;1.3387;1.188;1.2819;1.6714;1.3949;1.435;;;;;;;;;;;;;;;;;;;;;;;;;0.001;0.9606;1.0569;0.682;0.4595;0.2123;0.0011;1.1163;1.128;0.6364;0.463;0.2335;0.5809;0.5959;0.5885;0.8986;0.9464;0.001;0.9975;1.1433;0.7274;0.4959;0.2484;0.0011;1.1565;1.2018;0.6719;0.4991;0.2797;0.6268;0.6406;0.6338;0.9586;0.9985;0.001;0.9226;0.9515;0.5975;0.4144;0.18;0.0011;1.1044;1.0433;0.5808;0.4231;0.2007;0.5237;0.5522;0.5381;0.8166;0.8893;0.0041;1.0882;1.2675;0.8348;0.605;0.3082;0.0042;1.354;1.4602;0.8712;0.6475;0.3592;0.7161;0.7948;0.7559;1.0689;1.2211;0.002;0.4344;0.7538;0.4608;0.2557;0.0957;0.0021;0.9274;1.0091;0.5474;0.3278;0.1599;0.3533;0.4927;0.4238;0.5728;0.8221;;;;;;;;;;;;;;;;;;;;;;;;;;;;;;;;;;;;;;;;;;;;;;;;;;;
country;CO;COL;Colombia;500.0;2947000.0;4288500.0;2062500.0;1029500.0;803500.0;500.0;3089500.0;4401500.0;2002500.0;1076000.0;1004000.0;11131500.0;11574000.0;22705500.0;9298000.0;9493500.0;1.0;1.0484;1.0263;0.9709;1.0452;1.2495;1.0398;1.021;500.0;2755000.0;4191500.0;2047000.0;1042500.0;792000.0;500.0;2883500.0;4242000.0;1964000.0;1077500.0;995000.0;10828500.0;11162500.0;21991000.0;8993500.0;9089500.0;1.0;1.0466;1.012;0.9595;1.0336;1.2563;1.0308;1.0107;500.0;2556000.0;3527500.0;1707000.0;857000.0;618500.0;500.0;2808500.0;3829500.0;1744000.0;928000.0;782500.0;9266500.0;10093000.0;19359500.0;7790500.0;8382000.0;1.0;1.0988;1.0856;1.0217;1.0828;1.2652;1.0892;1.0759;2000.0;4101000.0;5474500.0;2488000.0;1203500.0;831000.0;2000.0;4937500.0;6693000.0;2982500.0;1459500.0;1139500.0;14100000.0;17214000.0;31314000.0;12063500.0;14613000.0;1.0;1.204;1.2226;1.1988;1.2127;1.3712;1.2209;1.2113;1000.0;2605000.0;3995500.0;1800500.0;797500.0;589500.0;1000.0;3077500.0;4798500.0;2112000.0;930500.0;802500.0;9789000.0;11722000.0;21511000.0;8401000.0;9988000.0;1.0;1.1814;1.201;1.173;1.1668;1.3613;1.1975;1.1889;500.0;2816000.0;4372500.0;2124000.0;1122500.0;890500.0;500.0;2994000.0;4447000.0;2055000.0;1138500.0;1084000.0;11326000.0;11719000.0;23045000.0;9312500.0;9496000.0;1.0;1.0632;1.017;0.9675;1.0143;1.2173;1.0347;1.0197;500.0;1697000.0;2466500.0;1132500.0;607000.0;498500.0;500.0;2002000.0;2766000.0;1193500.0;688000.0;677500.0;6402000.0;7327500.0;13729500.0;5296000.0;5961500.0;1.0;1.1797;1.1214;1.0539;1.1334;1.3591;1.1446;1.1257;500.0;3367000.0;5344000.0;2482500.0;1227000.0;989500.0;500.0;3504500.0;5264000.0;2390000.0;1296500.0;1258500.0;13410500.0;13714000.0;27124500.0;11193500.0;11158500.0;1.0;1.0408;0.985;0.9627;1.0566;1.2719;1.0226;0.9969;1.0416;1.074;1.0284;0.9535;0.9886;1.0668;0.9968;1.0222;1.0416;1.0721;1.014;0.9423;0.9777;1.0726;0.9882;1.0119;1.0416;1.1256;1.0878;1.0034;1.0242;1.0802;1.0442;1.0772;1.0416;1.2334;1.2251;1.1774;1.1471;1.1707;1.1705;1.2128;1.0416;1.2102;1.2034;1.152;1.1037;1.1622;1.148;1.1903;;;;;;;;;;;;;;;;;;;;;;;;;0.0003;0.9541;0.9597;0.5509;0.3411;0.1737;0.0003;1.0246;0.987;0.5253;0.3372;0.1853;0.5415;0.5397;0.5406;0.8228;0.8411;0.0003;0.892;0.938;0.5468;0.3454;0.1712;0.0003;0.9563;0.9512;0.5152;0.3376;0.1837;0.5268;0.5205;0.5236;0.7958;0.8053;0.0003;0.8275;0.7894;0.456;0.2839;0.1337;0.0003;0.9314;0.8587;0.4575;0.2908;0.1444;0.4508;0.4707;0.4609;0.6894;0.7426;0.0012;1.3277;1.2251;0.6646;0.3987;0.1797;0.0013;1.6375;1.5008;0.7824;0.4573;0.2103;0.6859;0.8028;0.7456;1.0675;1.2947;0.0006;0.8434;0.8941;0.481;0.2642;0.1274;0.0006;1.0206;1.076;0.5541;0.2916;0.1481;0.4762;0.5466;0.5122;0.7434;0.8849;;;;;;;;;;;;;;;;;;;;;;;;;;;;;;;;;;;;;;;;;;;;;;;;;;;
country;CR;CRI;Costa Rica;500.0;278500.0;515000.0;291500.0;144000.0;104000.0;500.0;311500.0;511500.0;278000.0;149000.0;133500.0;1333500.0;1384000.0;2717500.0;1085000.0;1101000.0;1.0;1.1185;0.9932;0.9537;1.0347;1.2837;1.0379;1.0147;500.0;263000.0;515000.0;291500.0;144000.0;106000.0;500.0;300500.0;509500.0;274000.0;149500.0;139000.0;1320000.0;1373000.0;2693000.0;1069500.0;1084000.0;1.0;1.1426;0.9893;0.94;1.0382;1.3113;1.0402;1.0136;500.0;266000.0;474000.0;261500.0;134500.0;96000.0;500.0;302500.0;482000.0;258000.0;143000.0;124000.0;1232500.0;1310000.0;2542500.0;1001500.0;1042500.0;1.0;1.1372;1.0169;0.9866;1.0632;1.2917;1.0629;1.0409;2000.0;374500.0;691000.0;398500.0;202500.0;135500.0;2000.0;536500.0;849500.0;450500.0;233500.0;185000.0;1804000.0;2257000.0;4061000.0;1464000.0;1836500.0;1.0;1.4326;1.2294;1.1305;1.1531;1.3653;1.2511;1.2544;1000.0;280500.0;538000.0;303500.0;73500.0;51000.0;1000.0;359000.0;602500.0;324500.0;90000.0;73000.0;1247500.0;1450000.0;2697500.0;1122000.0;1286000.0;1.0;1.2799;1.1199;1.0692;1.2245;1.4314;1.1623;1.1462;500.0;240500.0;434000.0;252500.0;117500.0;83000.0;500.0;277000.0;443000.0;241500.0;124000.0;113000.0;1128000.0;1199000.0;2327000.0;927000.0;961500.0;1.0;1.1518;1.0207;0.9564;1.0553;1.3614;1.0629;1.0372;500.0;159500.0;456500.0;258500.0;135000.0;55000.0;500.0;212000.0;465000.0;251500.0;143000.0;71500.0;1065000.0;1143500.0;2208500.0;874500.0;928500.0;1.0;1.3292;1.0186;0.9729;1.0593;1.3;1.0737;1.0617;500.0;310500.0;601500.0;336000.0;162500.0;126000.0;500.0;343500.0;579500.0;312500.0;170500.0;165000.0;1537000.0;1571500.0;3108500.0;1248000.0;1235500.0;1.0;1.1063;0.9634;0.9301;1.0492;1.3095;1.0224;0.99;1.0437;1.1647;1.0214;0.9485;0.9629;1.1103;0.9996;1.034;1.0437;1.1898;1.0174;0.9349;0.9661;1.1341;1.0018;1.0329;1.0437;1.1842;1.0458;0.9812;0.9894;1.1172;1.0237;1.0607;1.0437;1.4918;1.2643;1.1243;1.0731;1.1809;1.205;1.2783;1.0437;1.3328;1.1517;1.0634;1.1395;1.238;1.1194;1.168;;;;;;;;;;;;;;;;;;;;;;;;;0.0034;1.0259;1.2425;0.755;0.4845;0.1969;0.0035;1.195;1.2691;0.7161;0.4665;0.2186;0.652;0.6517;0.6519;1.0121;1.0467;0.0034;0.9688;1.2425;0.755;0.4845;0.2007;0.0035;1.1528;1.2641;0.7058;0.4681;0.2276;0.6454;0.6465;0.646;0.9977;1.0305;0.0034;0.9799;1.1436;0.6773;0.4525;0.1818;0.0035;1.1605;1.1959;0.6646;0.4477;0.2031;0.6026;0.6169;0.6099;0.9342;0.991;0.0135;1.3796;1.6672;1.0322;0.6813;0.2566;0.0141;2.0582;2.1076;1.1605;0.7311;0.303;0.8821;1.0628;0.9741;1.3657;1.7459;0.0068;1.0333;1.298;0.7861;0.2473;0.0966;0.0071;1.3772;1.4948;0.8359;0.2818;0.1195;0.61;0.6828;0.6471;1.0466;1.2225;;;;;;;;;;;;;;;;;;;;;;;;;;;;;;;;;;;;;;;;;;;;;;;;;;;
country;CU;CUB;Cuba;500.0;500.0;500.0;500.0;500.0;500.0;500.0;500.0;500.0;500.0;500.0;500.0;3000.0;3000.0;6000.0;1500.0;1500.0;1.0;1.0;1.0;1.0;1.0;1.0;1.0;1.0;500.0;500.0;500.0;500.0;500.0;500.0;500.0;500.0;500.0;500.0;500.0;500.0;3000.0;3000.0;6000.0;1500.0;1500.0;1.0;1.0;1.0;1.0;1.0;1.0;1.0;1.0;500.0;500.0;500.0;500.0;500.0;500.0;500.0;500.0;500.0;500.0;500.0;500.0;3000.0;3000.0;6000.0;1500.0;1500.0;1.0;1.0;1.0;1.0;1.0;1.0;1.0;1.0;2000.0;2000.0;2000.0;2000.0;2000.0;2000.0;2000.0;2000.0;2000.0;2000.0;2000.0;2000.0;12000.0;12000.0;24000.0;6000.0;6000.0;1.0;1.0;1.0;1.0;1.0;1.0;1.0;1.0;1000.0;1000.0;1000.0;1000.0;1000.0;1000.0;1000.0;1000.0;1000.0;1000.0;1000.0;1000.0;6000.0;6000.0;12000.0;3000.0;3000.0;1.0;1.0;1.0;1.0;1.0;1.0;1.0;1.0;500.0;500.0;500.0;500.0;500.0;500.0;500.0;500.0;500.0;500.0;500.0;500.0;3000.0;3000.0;6000.0;1500.0;1500.0;1.0;1.0;1.0;1.0;1.0;1.0;1.0;1.0;500.0;500.0;500.0;500.0;500.0;500.0;500.0;500.0;500.0;500.0;500.0;500.0;3000.0;3000.0;6000.0;1500.0;1500.0;1.0;1.0;1.0;1.0;1.0;1.0;1.0;1.0;500.0;500.0;500.0;500.0;500.0;500.0;500.0;500.0;500.0;500.0;500.0;500.0;3000.0;3000.0;6000.0;1500.0;1500.0;1.0;1.0;1.0;1.0;1.0;1.0;1.0;1.0;1.0504;1.0465;1.0561;1.0401;0.9661;0.8607;0.9602;1.0479;1.0504;1.0465;1.0561;1.0401;0.9661;0.8607;0.9602;1.0479;1.0504;1.0465;1.0561;1.0401;0.9661;0.8607;0.9602;1.0479;1.0504;1.0465;1.0561;1.0401;0.9661;0.8607;0.9602;1.0479;1.0504;1.0465;1.0561;1.0401;0.9661;0.8607;0.9602;1.0479;;;;;;;;;;;;;;;;;;;;;;;;;0.0021;0.001;0.0007;0.0007;0.0006;0.0003;0.0022;0.0011;0.0007;0.0008;0.0006;0.0003;0.0006;0.0006;0.0006;0.0008;0.0008;0.0021;0.001;0.0007;0.0007;0.0006;0.0003;0.0022;0.0011;0.0007;0.0008;0.0006;0.0003;0.0006;0.0006;0.0006;0.0008;0.0008;0.0021;0.001;0.0007;0.0007;0.0006;0.0003;0.0022;0.0011;0.0007;0.0008;0.0006;0.0003;0.0006;0.0006;0.0006;0.0008;0.0008;0.0085;0.0042;0.0027;0.0029;0.0023;0.0012;0.0089;0.0044;0.0028;0.003;0.0022;0.0011;0.0026;0.0025;0.0025;0.0031;0.0033;0.0042;0.0021;0.0013;0.0015;0.0012;0.0006;0.0044;0.0022;0.0014;0.0015;0.0011;0.0005;0.0013;0.0012;0.0013;0.0016;0.0016;;;;;;;;;;;;;;;;;;;;;;;;;;;;;;;;;;;;;;;;;;;;;;;;;;;
country;CV;CPV;Cabo Verde;500.0;1500.0;1500.0;500.0;500.0;500.0;500.0;500.0;1500.0;500.0;500.0;500.0;5000.0;4000.0;9000.0;3500.0;2500.0;1.0;0.3333;1.0;1.0;1.0;1.0;0.8;0.7143;500.0;1500.0;1500.0;500.0;500.0;500.0;500.0;1500.0;1500.0;500.0;500.0;500.0;5000.0;5000.0;10000.0;3500.0;3500.0;1.0;1.0;1.0;1.0;1.0;1.0;1.0;1.0;500.0;500.0;500.0;500.0;500.0;500.0;500.0;500.0;500.0;500.0;500.0;500.0;3000.0;3000.0;6000.0;1500.0;1500.0;1.0;1.0;1.0;1.0;1.0;1.0;1.0;1.0;2000.0;2000.0;2000.0;2000.0;2000.0;2000.0;2000.0;2000.0;2000.0;2000.0;2000.0;2000.0;12000.0;12000.0;24000.0;6000.0;6000.0;1.0;1.0;1.0;1.0;1.0;1.0;1.0;1.0;1000.0;1000.0;1000.0;1000.0;1000.0;1000.0;1000.0;1000.0;1000.0;1000.0;1000.0;1000.0;6000.0;6000.0;12000.0;3000.0;3000.0;1.0;1.0;1.0;1.0;1.0;1.0;1.0;1.0;500.0;500.0;1500.0;500.0;500.0;500.0;500.0;500.0;500.0;500.0;500.0;500.0;4000.0;3000.0;7000.0;2500.0;1500.0;1.0;1.0;0.3333;1.0;1.0;1.0;0.75;0.6;500.0;500.0;500.0;500.0;500.0;500.0;500.0;500.0;500.0;500.0;500.0;500.0;3000.0;3000.0;6000.0;1500.0;1500.0;1.0;1.0;1.0;1.0;1.0;1.0;1.0;1.0;500.0;2000.0;1500.0;1500.0;500.0;500.0;500.0;2500.0;2000.0;500.0;500.0;500.0;6500.0;6500.0;13000.0;5000.0;5000.0;1.0;1.25;1.3333;0.3333;1.0;1.0;1.0;1.0;1.08;0.3786;1.0806;1.1052;1.0782;0.7803;0.8225;0.7878;1.08;1.136;1.0806;1.1052;1.0782;0.7803;1.0281;1.1029;1.08;1.136;1.0806;1.1052;1.0782;0.7803;1.0281;1.1029;1.08;1.136;1.0806;1.1052;1.0782;0.7803;1.0281;1.1029;1.08;1.136;1.0806;1.1052;1.0782;0.7803;1.0281;1.1029;;;;;;;;;;;;;;;;;;;;;;;;;0.0249;0.0472;0.0309;0.0126;0.0194;0.0154;0.0269;0.0179;0.0334;0.0139;0.021;0.012;0.0252;0.0207;0.023;0.0291;0.023;0.0249;0.0472;0.0309;0.0126;0.0194;0.0154;0.0269;0.0536;0.0334;0.0139;0.021;0.012;0.0252;0.0259;0.0256;0.0291;0.0321;0.0249;0.0157;0.0103;0.0126;0.0194;0.0154;0.0269;0.0179;0.0111;0.0139;0.021;0.012;0.0151;0.0155;0.0153;0.0125;0.0138;0.0998;0.063;0.0412;0.0502;0.0778;0.0616;0.1078;0.0715;0.0445;0.0555;0.0838;0.048;0.0605;0.0622;0.0613;0.05;0.0551;0.0499;0.0315;0.0206;0.0251;0.0389;0.0308;0.0539;0.0358;0.0223;0.0278;0.0419;0.024;0.0303;0.0311;0.0307;0.025;0.0276;;;;;;;;;;;;;;;;;;;;;;;;;;;;;;;;;;;;;;;;;;;;;;;;;;;
country;CW;CUW;Curaçao;500.0;1500.0;2500.0;500.0;500.0;500.0;500.0;1500.0;3000.0;1500.0;500.0;500.0;6000.0;7500.0;13500.0;4500.0;6000.0;1.0;1.0;1.2;3.0;1.0;1.0;1.25;1.3333;500.0;1500.0;2500.0;500.0;500.0;500.0;500.0;1500.0;2000.0;500.0;500.0;500.0;6000.0;5500.0;11500.0;4500.0;4000.0;1.0;1.0;0.8;1.0;1.0;1.0;0.9167;0.8889;500.0;500.0;1500.0;500.0;500.0;500.0;500.0;500.0;1500.0;500.0;500.0;500.0;4000.0;4000.0;8000.0;2500.0;2500.0;1.0;1.0;1.0;1.0;1.0;1.0;1.0;1.0;2000.0;3000.0;3000.0;2000.0;2000.0;2000.0;2000.0;2000.0;4000.0;2000.0;2000.0;2000.0;14000.0;14000.0;28000.0;8000.0;8000.0;1.0;0.6667;1.3333;1.0;1.0;1.0;1.0;1.0;1000.0;1000.0;2000.0;1000.0;1000.0;1000.0;1000.0;1000.0;2000.0;1000.0;1000.0;1000.0;7000.0;7000.0;14000.0;4000.0;4000.0;1.0;1.0;1.0;1.0;1.0;1.0;1.0;1.0;500.0;1500.0;2500.0;500.0;500.0;500.0;500.0;1500.0;2500.0;500.0;500.0;500.0;6000.0;6000.0;12000.0;4500.0;4500.0;1.0;1.0;1.0;1.0;1.0;1.0;1.0;1.0;500.0;1500.0;1500.0;500.0;500.0;500.0;500.0;500.0;1500.0;500.0;500.0;500.0;5000.0;4000.0;9000.0;3500.0;2500.0;1.0;0.3333;1.0;1.0;1.0;1.0;0.8;0.7143;500.0;2000.0;3500.0;500.0;500.0;500.0;500.0;2000.0;3000.0;1500.0;500.0;500.0;7500.0;8000.0;15500.0;6000.0;6500.0;1.0;1.0;0.8571;3.0;1.0;1.0;1.0667;1.0833;1.0299;1.1406;1.4114;2.9245;0.8252;0.6768;1.1083;1.4647;1.0299;1.1406;0.941;0.9748;0.8252;0.6768;0.8127;0.9765;1.0299;1.1406;1.1762;0.9748;0.8252;0.6768;0.8866;1.0985;1.0299;0.7605;1.5682;0.9748;0.8252;0.6768;0.8866;1.0985;1.0299;1.1406;1.1762;0.9748;0.8252;0.6768;0.8866;1.0985;;;;;;;;;;;;;;;;;;;;;;;;;0.1189;0.1584;0.1523;0.0442;0.0463;0.0223;0.1225;0.1807;0.2149;0.1293;0.0382;0.0151;0.0804;0.0891;0.085;0.121;0.1772;0.1189;0.1584;0.1523;0.0442;0.0463;0.0223;0.1225;0.1807;0.1433;0.0431;0.0382;0.0151;0.0804;0.0653;0.0724;0.121;0.1181;0.1189;0.0528;0.0914;0.0442;0.0463;0.0223;0.1225;0.0602;0.1074;0.0431;0.0382;0.0151;0.0536;0.0475;0.0504;0.0672;0.0738;0.4756;0.3168;0.1827;0.1768;0.1851;0.0891;0.4898;0.2409;0.2865;0.1724;0.1528;0.0603;0.1875;0.1663;0.1763;0.2151;0.2362;0.2378;0.1056;0.1218;0.0884;0.0926;0.0446;0.2449;0.1205;0.1433;0.0862;0.0764;0.0302;0.0938;0.0831;0.0881;0.1075;0.1181;;;;;;;;;;;;;;;;;;;;;;;;;;;;;;;;;;;;;;;;;;;;;;;;;;;
country;CZ;CZE;Czechia;500.0;123000.0;182000.0;65000.0;46000.0;26000.0;500.0;211500.0;247000.0;90500.0;68500.0;43500.0;442500.0;661500.0;1104000.0;370000.0;549000.0;1.0;1.7195;1.3571;1.3923;1.4891;1.6731;1.4949;1.4838;500.0;121500.0;179500.0;64000.0;47000.0;27000.0;500.0;206000.0;238500.0;88000.0;69500.0;45000.0;439500.0;647500.0;1087000.0;365000.0;532500.0;1.0;1.6955;1.3287;1.375;1.4787;1.6667;1.4733;1.4589;500.0;111500.0;163000.0;57500.0;41500.0;23000.0;500.0;187000.0;213000.0;76000.0;57500.0;36500.0;397000.0;570500.0;967500.0;332000.0;476000.0;1.0;1.6771;1.3067;1.3217;1.3855;1.587;1.437;1.4337;2000.0;185500.0;289000.0;110500.0;80500.0;44500.0;2000.0;336000.0;402000.0;153500.0;117500.0;73500.0;712000.0;1084500.0;1796500.0;585000.0;891500.0;1.0;1.8113;1.391;1.3891;1.4596;1.6517;1.5232;1.5239;1000.0;54000.0;82500.0;28500.0;19500.0;10500.0;1000.0;114500.0;143500.0;52500.0;41500.0;21000.0;196000.0;374000.0;570000.0;165000.0;310500.0;1.0;2.1204;1.7394;1.8421;2.1282;2.0;1.9082;1.8818;500.0;110500.0;170500.0;60500.0;44000.0;24000.0;500.0;183500.0;223500.0;80500.0;63000.0;39500.0;410000.0;590500.0;1000500.0;341500.0;487500.0;1.0;1.6606;1.3109;1.3306;1.4318;1.6458;1.4402;1.4275;500.0;64500.0;143000.0;51500.0;38000.0;21500.0;500.0;145000.0;180500.0;67000.0;53000.0;34000.0;319000.0;480000.0;799000.0;259000.0;392500.0;1.0;2.2481;1.2622;1.301;1.3947;1.5814;1.5047;1.5154;500.0;125000.0;189500.0;68500.0;48500.0;26000.0;500.0;216000.0;265500.0;98500.0;75000.0;45000.0;458000.0;700500.0;1158500.0;383000.0;580000.0;1.0;1.728;1.4011;1.438;1.5464;1.7308;1.5295;1.5144;1.045;1.7956;1.4428;1.4923;1.5642;1.3687;1.4356;1.5772;1.045;1.7706;1.4126;1.4737;1.5533;1.3635;1.4149;1.5507;1.045;1.7514;1.3892;1.4166;1.4554;1.2983;1.38;1.5239;1.045;1.8915;1.4788;1.4889;1.5332;1.3512;1.4628;1.6198;1.045;2.2143;1.8492;1.9744;2.2355;1.6361;1.8325;2.0002;;;;;;;;;;;;;;;;;;;;;;;;;0.0021;0.3188;0.2671;0.081;0.054;0.0166;0.0022;0.5725;0.3854;0.1209;0.0845;0.0227;0.0978;0.1403;0.1195;0.1979;0.3121;0.0021;0.3149;0.2635;0.0797;0.0552;0.0172;0.0022;0.5576;0.3721;0.1175;0.0857;0.0235;0.0971;0.1374;0.1176;0.1952;0.3027;0.0021;0.289;0.2392;0.0716;0.0487;0.0147;0.0022;0.5062;0.3324;0.1015;0.0709;0.0191;0.0877;0.121;0.1047;0.1776;0.2706;0.0084;0.4808;0.4242;0.1377;0.0945;0.0284;0.0088;0.9095;0.6273;0.205;0.1449;0.0384;0.1573;0.2301;0.1944;0.3129;0.5068;0.0042;0.14;0.1211;0.0355;0.0229;0.0067;0.0044;0.3099;0.2239;0.0701;0.0512;0.011;0.0433;0.0793;0.0617;0.0883;0.1765;;;;;;;;;;;;;;;;;;;;;;;;;;;;;;;;;;;;;;;;;;;;;;;;;;;
country;DE;DEU;Germany;500.0;1080500.0;1793000.0;977000.0;625000.0;424000.0;500.0;1471000.0;2134000.0;1435000.0;984000.0;770500.0;4900000.0;6795000.0;11695000.0;3850500.0;5040000.0;1.0;1.3614;1.1902;1.4688;1.5744;1.8172;1.3867;1.3089;500.0;1040500.0;1763000.0;961500.0;619500.0;425500.0;500.0;1357000.0;2020500.0;1350500.0;943500.0;765000.0;4810500.0;6437000.0;11247500.0;3765000.0;4728000.0;1.0;1.3042;1.1461;1.4046;1.523;1.7979;1.3381;1.2558;500.0;904000.0;1349500.0;658000.0;409500.0;270500.0;500.0;1155000.0;1438000.0;863000.0;579500.0;436500.0;3592000.0;4472500.0;8064500.0;2911500.0;3456000.0;1.0;1.2777;1.0656;1.3116;1.4151;1.6137;1.2451;1.187;2000.0;2334500.0;3680500.0;1857500.0;1254000.0;892000.0;2000.0;3127000.0;4315000.0;2646000.0;1894000.0;1544500.0;10020500.0;13528500.0;23549000.0;7872500.0;10088000.0;1.0;1.3395;1.1724;1.4245;1.5104;1.7315;1.3501;1.2814;1000.0;491500.0;915500.0;528000.0;357500.0;197000.0;1000.0;919000.0;1408000.0;934500.0;599000.0;345000.0;2490500.0;4206500.0;6697000.0;1935000.0;3261500.0;1.0;1.8698;1.538;1.7699;1.6755;1.7513;1.689;1.6855;500.0;920500.0;1588500.0;860500.0;558500.0;390500.0;500.0;1182500.0;1777500.0;1173500.0;829500.0;689500.0;4319000.0;5653000.0;9972000.0;3369500.0;4133500.0;1.0;1.2846;1.119;1.3637;1.4852;1.7657;1.3089;1.2267;500.0;928500.0;1552500.0;858000.0;566500.0;393000.0;500.0;1210500.0;1739000.0;1188500.0;864000.0;712000.0;4299000.0;5714500.0;10013500.0;3339000.0;4138000.0;1.0;1.3037;1.1201;1.3852;1.5252;1.8117;1.3293;1.2393;500.0;1092500.0;1815000.0;987500.0;629500.0;427000.0;500.0;1486500.0;2177000.0;1467000.0;1008000.0;794500.0;4952000.0;6933500.0;11885500.0;3895000.0;5130500.0;1.0;1.3606;1.1994;1.4856;1.6013;1.8607;1.4001;1.3172;1.0602;1.4758;1.2849;1.513;1.5861;1.5774;1.3363;1.3882;1.0602;1.4138;1.2373;1.4468;1.5344;1.5607;1.2895;1.3318;1.0602;1.385;1.1504;1.3511;1.4256;1.4008;1.1999;1.2589;1.0602;1.452;1.2657;1.4673;1.5217;1.503;1.3011;1.359;1.0602;2.0269;1.6604;1.8231;1.688;1.5202;1.6276;1.7876;;;;;;;;;;;;;;;;;;;;;;;;;0.0003;0.3517;0.3317;0.1788;0.1137;0.0282;0.0003;0.519;0.4262;0.2705;0.1803;0.0445;0.136;0.1817;0.1593;0.2762;0.3834;0.0003;0.3386;0.3261;0.176;0.1127;0.0283;0.0003;0.4788;0.4035;0.2546;0.1729;0.0442;0.1335;0.1722;0.1532;0.2701;0.3596;0.0003;0.2942;0.2496;0.1204;0.0745;0.018;0.0003;0.4075;0.2872;0.1627;0.1062;0.0252;0.0997;0.1196;0.1098;0.2088;0.2629;0.0013;0.7598;0.6809;0.34;0.2281;0.0594;0.0014;1.1032;0.8617;0.4988;0.3471;0.0892;0.2781;0.3618;0.3207;0.5647;0.7674;0.0006;0.16;0.1694;0.0966;0.065;0.0131;0.0007;0.3242;0.2812;0.1762;0.1098;0.0199;0.0691;0.1125;0.0912;0.1388;0.2481;;;;;;;;;;;;;;;;;;;;;;;;;;;;;;;;;;;;;;;;;;;;;;;;;;;
country;DJ;DJI;Djibouti;500.0;2000.0;3000.0;500.0;500.0;500.0;500.0;1500.0;1500.0;500.0;500.0;500.0;7000.0;5000.0;12000.0;5500.0;3500.0;1.0;0.75;0.5;1.0;1.0;1.0;0.7143;0.6364;500.0;1500.0;2500.0;500.0;500.0;500.0;500.0;1500.0;1500.0;500.0;500.0;500.0;6000.0;5000.0;11000.0;4500.0;3500.0;1.0;1.0;0.6;1.0;1.0;1.0;0.8333;0.7778;500.0;1500.0;1500.0;500.0;500.0;500.0;500.0;500.0;1500.0;500.0;500.0;500.0;5000.0;4000.0;9000.0;3500.0;2500.0;1.0;0.3333;1.0;1.0;1.0;1.0;0.8;0.7143;2000.0;3000.0;3000.0;2000.0;2000.0;2000.0;2000.0;2000.0;2000.0;2000.0;2000.0;2000.0;14000.0;12000.0;26000.0;8000.0;6000.0;1.0;0.6667;0.6667;1.0;1.0;1.0;0.8571;0.75;1000.0;1000.0;1000.0;1000.0;1000.0;1000.0;1000.0;1000.0;2000.0;1000.0;1000.0;1000.0;6000.0;7000.0;13000.0;3000.0;4000.0;1.0;1.0;2.0;1.0;1.0;1.0;1.1667;1.3333;500.0;1500.0;2000.0;500.0;500.0;500.0;500.0;500.0;1500.0;500.0;500.0;500.0;5500.0;4000.0;9500.0;4000.0;2500.0;1.0;0.3333;0.75;1.0;1.0;1.0;0.7273;0.625;500.0;500.0;1500.0;500.0;500.0;500.0;500.0;500.0;500.0;500.0;500.0;500.0;4000.0;3000.0;7000.0;2500.0;1500.0;1.0;1.0;0.3333;1.0;1.0;1.0;0.75;0.6;500.0;2500.0;4000.0;500.0;500.0;500.0;500.0;2000.0;2500.0;500.0;500.0;500.0;8500.0;6500.0;15000.0;7000.0;5000.0;1.0;0.8;0.625;1.0;1.0;1.0;0.7647;0.7143;1.0162;0.7561;0.498;0.9738;0.9455;0.8639;0.6916;0.632;1.0162;1.0082;0.5976;0.9738;0.9455;0.8639;0.8068;0.7724;1.0162;0.336;0.9959;0.9738;0.9455;0.8639;0.7746;0.7093;1.0162;0.6721;0.664;0.9738;0.9455;0.8639;0.8299;0.7448;1.0162;1.0082;1.9918;0.9738;0.9455;0.8639;1.1296;1.324;;;;;;;;;;;;;;;;;;;;;;;;;0.0108;0.0253;0.0323;0.0068;0.0088;0.0087;0.0109;0.0191;0.0161;0.0066;0.0083;0.0075;0.0172;0.0119;0.0145;0.0224;0.0141;0.0108;0.019;0.0269;0.0068;0.0088;0.0087;0.0109;0.0191;0.0161;0.0066;0.0083;0.0075;0.0148;0.0119;0.0133;0.0183;0.0141;0.0108;0.019;0.0161;0.0068;0.0088;0.0087;0.0109;0.0064;0.0161;0.0066;0.0083;0.0075;0.0123;0.0095;0.0109;0.0142;0.0101;0.0431;0.038;0.0323;0.0271;0.0352;0.0348;0.0438;0.0255;0.0214;0.0264;0.0332;0.03;0.0344;0.0286;0.0315;0.0325;0.0242;0.0215;0.0127;0.0108;0.0135;0.0176;0.0174;0.0219;0.0128;0.0214;0.0132;0.0166;0.015;0.0148;0.0167;0.0157;0.0122;0.0162;;;;;;;;;;;;;;;;;;;;;;;;;;;;;;;;;;;;;;;;;;;;;;;;;;;
country;DK;DNK;Denmark;500.0;118500.0;147500.0;47000.0;31000.0;17500.0;500.0;183500.0;195000.0;63000.0;45500.0;27500.0;362000.0;515000.0;877000.0;313000.0;441500.0;1.0;1.5485;1.322;1.3404;1.4677;1.5714;1.4227;1.4105;500.0;115000.0;146500.0;47500.0;31000.0;17000.0;500.0;174000.0;189500.0;61000.0;44000.0;27000.0;357500.0;496000.0;853500.0;309000.0;424500.0;1.0;1.513;1.2935;1.2842;1.4194;1.5882;1.3874;1.3738;500.0;108500.0;122500.0;36000.0;25000.0;14000.0;500.0;166000.0;151500.0;43000.0;32500.0;20500.0;306500.0;414000.0;720500.0;267000.0;360500.0;1.0;1.53;1.2367;1.1944;1.3;1.4643;1.3507;1.3502;2000.0;211000.0;277000.0;94500.0;64000.0;36500.0;2000.0;343500.0;395000.0;130000.0;94500.0;59000.0;685000.0;1024000.0;1709000.0;582500.0;868500.0;1.0;1.628;1.426;1.3757;1.4766;1.6164;1.4949;1.491;1000.0;85500.0;111000.0;37000.0;18500.0;8500.0;1000.0;126000.0;159500.0;51000.0;34500.0;20000.0;261500.0;392000.0;653500.0;233500.0;336500.0;1.0;1.4737;1.4369;1.3784;1.8649;2.3529;1.499;1.4411;500.0;112000.0;142000.0;45000.0;29500.0;17000.0;500.0;170500.0;184000.0;57000.0;42000.0;26500.0;346000.0;480500.0;826500.0;299000.0;411500.0;1.0;1.5223;1.2958;1.2667;1.4237;1.5588;1.3887;1.3763;500.0;100500.0;124000.0;38000.0;26000.0;15000.0;500.0;153000.0;156500.0;46000.0;35000.0;22500.0;304000.0;413500.0;717500.0;262500.0;355500.0;1.0;1.5224;1.2621;1.2105;1.3462;1.5;1.3602;1.3543;500.0;120500.0;152500.0;49500.0;32500.0;18000.0;500.0;191000.0;208000.0;68000.0;48500.0;28500.0;373500.0;544500.0;918000.0;322500.0;467000.0;1.0;1.5851;1.3639;1.3737;1.4923;1.5833;1.4578;1.4481;1.0484;1.6072;1.3744;1.3643;1.4658;1.4278;1.3904;1.4552;1.0484;1.5703;1.3447;1.3071;1.4176;1.443;1.3559;1.4173;1.0484;1.588;1.2857;1.2157;1.2983;1.3305;1.3201;1.393;1.0484;1.6897;1.4825;1.4002;1.4747;1.4687;1.461;1.5382;1.0484;1.5295;1.4938;1.403;1.8625;2.1378;1.465;1.4867;;;;;;;;;;;;;;;;;;;;;;;;;0.0035;0.4519;0.3595;0.1348;0.0802;0.0185;0.0037;0.7263;0.4941;0.1839;0.1176;0.0263;0.1449;0.2015;0.1735;0.3065;0.446;0.0035;0.4385;0.3571;0.1362;0.0802;0.0179;0.0037;0.6887;0.4802;0.1781;0.1137;0.0259;0.1431;0.194;0.1689;0.3026;0.4289;0.0035;0.4137;0.2986;0.1033;0.0647;0.0148;0.0037;0.657;0.3839;0.1255;0.084;0.0196;0.1227;0.1619;0.1425;0.2615;0.3642;0.014;0.8046;0.6752;0.271;0.1656;0.0385;0.0147;1.3595;1.001;0.3795;0.2442;0.0565;0.2742;0.4006;0.3381;0.5704;0.8774;0.007;0.326;0.2706;0.1061;0.0479;0.009;0.0074;0.4987;0.4042;0.1489;0.0891;0.0192;0.1047;0.1533;0.1293;0.2287;0.3399;;;;;;;;;;;;;;;;;;;;;;;;;;;;;;;;;;;;;;;;;;;;;;;;;;;
country;DM;DMA;Dominica;500.0;500.0;500.0;500.0;500.0;500.0;500.0;500.0;500.0;500.0;500.0;500.0;3000.0;3000.0;6000.0;1500.0;1500.0;1.0;1.0;1.0;1.0;1.0;1.0;1.0;1.0;500.0;500.0;500.0;500.0;500.0;500.0;500.0;500.0;500.0;500.0;500.0;500.0;3000.0;3000.0;6000.0;1500.0;1500.0;1.0;1.0;1.0;1.0;1.0;1.0;1.0;1.0;500.0;500.0;500.0;500.0;500.0;500.0;500.0;500.0;500.0;500.0;500.0;500.0;3000.0;3000.0;6000.0;1500.0;1500.0;1.0;1.0;1.0;1.0;1.0;1.0;1.0;1.0;2000.0;2000.0;2000.0;2000.0;2000.0;2000.0;2000.0;2000.0;2000.0;2000.0;2000.0;2000.0;12000.0;12000.0;24000.0;6000.0;6000.0;1.0;1.0;1.0;1.0;1.0;1.0;1.0;1.0;1000.0;1000.0;1000.0;1000.0;1000.0;1000.0;1000.0;1000.0;1000.0;1000.0;1000.0;1000.0;6000.0;6000.0;12000.0;3000.0;3000.0;1.0;1.0;1.0;1.0;1.0;1.0;1.0;1.0;500.0;500.0;500.0;500.0;500.0;500.0;500.0;500.0;500.0;500.0;500.0;500.0;3000.0;3000.0;6000.0;1500.0;1500.0;1.0;1.0;1.0;1.0;1.0;1.0;1.0;1.0;500.0;500.0;500.0;500.0;500.0;500.0;500.0;500.0;500.0;500.0;500.0;500.0;3000.0;3000.0;6000.0;1500.0;1500.0;1.0;1.0;1.0;1.0;1.0;1.0;1.0;1.0;500.0;500.0;500.0;500.0;500.0;500.0;500.0;500.0;1500.0;500.0;500.0;500.0;3000.0;4000.0;7000.0;1500.0;2500.0;1.0;1.0;3.0;1.0;1.0;1.0;1.3333;1.6667;0.941;1.0047;1.0084;1.0453;1.0401;0.975;1.0043;1.0203;0.941;1.0047;1.0084;1.0453;1.0401;0.975;1.0043;1.0203;0.941;1.0047;1.0084;1.0453;1.0401;0.975;1.0043;1.0203;0.941;1.0047;1.0084;1.0453;1.0401;0.975;1.0043;1.0203;0.941;1.0047;1.0084;1.0453;1.0401;0.975;1.0043;1.0203;;;;;;;;;;;;;;;;;;;;;;;;;0.2957;0.1577;0.0924;0.105;0.1122;0.0604;0.2782;0.1585;0.0932;0.1097;0.1167;0.0589;0.1081;0.1085;0.1083;0.1124;0.1147;0.2957;0.1577;0.0924;0.105;0.1122;0.0604;0.2782;0.1585;0.0932;0.1097;0.1167;0.0589;0.1081;0.1085;0.1083;0.1124;0.1147;0.2957;0.1577;0.0924;0.105;0.1122;0.0604;0.2782;0.1585;0.0932;0.1097;0.1167;0.0589;0.1081;0.1085;0.1083;0.1124;0.1147;1.1827;0.6309;0.3697;0.4199;0.4489;0.2417;1.113;0.6339;0.3728;0.4389;0.467;0.2357;0.4322;0.4341;0.4332;0.4497;0.4588;0.5914;0.3155;0.1848;0.21;0.2245;0.1209;0.5565;0.317;0.1864;0.2194;0.2335;0.1178;0.2161;0.2171;0.2166;0.2248;0.2294;;;;;;;;;;;;;;;;;;;;;;;;;;;;;;;;;;;;;;;;;;;;;;;;;;;
country;DO;DOM;Dominican Republic;500.0;676000.0;1002000.0;434500.0;188500.0;145000.0;500.0;654000.0;952500.0;388500.0;187500.0;175000.0;2446500.0;2358000.0;4804500.0;2112500.0;1995000.0;1.0;0.9675;0.9506;0.8941;0.9947;1.2069;0.9638;0.9444;500.0;667500.0;1041500.0;440500.0;187000.0;139500.0;500.0;652500.0;971500.0;387500.0;186000.0;167500.0;2476500.0;2365500.0;4842000.0;2149500.0;2011500.0;1.0;0.9775;0.9328;0.8797;0.9947;1.2007;0.9552;0.9358;500.0;499500.0;749000.0;325000.0;141500.0;106000.0;500.0;526000.0;777000.0;307000.0;148000.0;128500.0;1821500.0;1887000.0;3708500.0;1573500.0;1610000.0;1.0;1.0531;1.0374;0.9446;1.0459;1.2123;1.036;1.0232;2000.0;967500.0;1390500.0;529000.0;222000.0;152500.0;2000.0;1024500.0;1475500.0;533000.0;238000.0;183000.0;3263500.0;3456000.0;6719500.0;2887000.0;3033000.0;1.0;1.0589;1.0611;1.0076;1.0721;1.2;1.059;1.0506;1000.0;599000.0;880500.0;380000.0;145500.0;106000.0;1000.0;627500.0;915500.0;361500.0;153500.0;131000.0;2112000.0;2190000.0;4302000.0;1859500.0;1904500.0;1.0;1.0476;1.0398;0.9513;1.055;1.2358;1.0369;1.0242;500.0;415500.0;659500.0;274000.0;110500.0;82500.0;500.0;438000.0;654500.0;247500.0;109500.0;100500.0;1542500.0;1550500.0;3093000.0;1349000.0;1340000.0;1.0;1.0542;0.9924;0.9033;0.991;1.2182;1.0052;0.9933;500.0;227000.0;308500.0;125000.0;60500.0;51000.0;500.0;252000.0;308500.0;116000.0;58500.0;63000.0;772500.0;798500.0;1571000.0;660500.0;676500.0;1.0;1.1101;1.0;0.928;0.9669;1.2353;1.0337;1.0242;500.0;745000.0;1183500.0;493500.0;209500.0;160500.0;500.0;718000.0;1094000.0;435000.0;208500.0;194000.0;2792500.0;2650000.0;5442500.0;2422000.0;2247000.0;1.0;0.9638;0.9244;0.8815;0.9952;1.2087;0.949;0.9277;1.0428;1.003;0.9692;0.8927;0.9605;1.0176;0.9376;0.9611;1.0428;1.0134;0.9511;0.8783;0.9605;1.0124;0.9293;0.9524;1.0428;1.0917;1.0577;0.9431;1.0099;1.0222;1.0079;1.0413;1.0428;1.0978;1.0819;1.006;1.0352;1.0118;1.0303;1.0692;1.0428;1.086;1.0602;0.9498;1.0187;1.042;1.0088;1.0423;;;;;;;;;;;;;;;;;;;;;;;;;0.0013;0.9784;1.0982;0.5835;0.3167;0.1778;0.0013;0.9813;1.0644;0.5209;0.3042;0.1809;0.5886;0.5519;0.57;0.8997;0.8647;0.0013;0.9661;1.1415;0.5916;0.3142;0.171;0.0013;0.9791;1.0856;0.5195;0.3018;0.1731;0.5958;0.5537;0.5744;0.9155;0.8718;0.0013;0.7229;0.8209;0.4365;0.2377;0.1299;0.0013;0.7893;0.8683;0.4116;0.2401;0.1328;0.4382;0.4417;0.44;0.6701;0.6978;0.005;1.4003;1.524;0.7104;0.373;0.1869;0.0052;1.5373;1.6488;0.7146;0.3861;0.1891;0.7851;0.8089;0.7972;1.2296;1.3146;0.0025;0.8669;0.965;0.5103;0.2445;0.1299;0.0026;0.9416;1.023;0.4847;0.249;0.1354;0.5081;0.5126;0.5104;0.792;0.8255;;;;;;;;;;;;;;;;;;;;;;;;;;;;;;;;;;;;;;;;;;;;;;;;;;;
country;DZ;DZA;Algeria;500.0;2175000.0;4147000.0;1966000.0;709500.0;479500.0;500.0;1427000.0;2318000.0;1011000.0;395000.0;315000.0;9477500.0;5466500.0;14944000.0;8288000.0;4756000.0;1.0;0.6561;0.559;0.5142;0.5567;0.6569;0.5768;0.5738;500.0;1297500.0;2522000.0;1141500.0;397000.0;283000.0;500.0;827500.0;1408500.0;546000.0;215000.0;185000.0;5641500.0;3182500.0;8824000.0;4961000.0;2782000.0;1.0;0.6378;0.5585;0.4783;0.5416;0.6537;0.5641;0.5608;500.0;797000.0;1205000.0;520500.0;205000.0;143000.0;500.0;550500.0;722500.0;288500.0;119500.0;101500.0;2871000.0;1783000.0;4654000.0;2522500.0;1561500.0;1.0;0.6907;0.5996;0.5543;0.5829;0.7098;0.621;0.619;2000.0;1175500.0;1887000.0;824500.0;328000.0;261500.0;2000.0;724000.0;1047500.0;406000.0;177500.0;160000.0;4478500.0;2517000.0;6995500.0;3887000.0;2177500.0;1.0;0.6159;0.5551;0.4924;0.5412;0.6119;0.562;0.5602;1000.0;505000.0;1262500.0;652000.0;215500.0;138500.0;1000.0;584000.0;1028500.0;432500.0;119500.0;91000.0;2774500.0;2256500.0;5031000.0;2419500.0;2045000.0;1.0;1.1564;0.8147;0.6633;0.5545;0.657;0.8133;0.8452;500.0;1390500.0;2443000.0;1179500.0;444000.0;322500.0;500.0;957500.0;1332500.0;550000.0;235000.0;212500.0;5780000.0;3288000.0;9068000.0;5013000.0;2840000.0;1.0;0.6886;0.5454;0.4663;0.5293;0.6589;0.5689;0.5665;500.0;516000.0;821500.0;371000.0;146000.0;105000.0;500.0;406500.0;563000.0;217000.0;93500.0;75000.0;1960000.0;1355500.0;3315500.0;1708500.0;1186500.0;1.0;0.7878;0.6853;0.5849;0.6404;0.7143;0.6916;0.6945;500.0;1853000.0;3362000.0;1597500.0;587000.0;419500.0;500.0;1321500.0;2048000.0;863000.0;345000.0;304500.0;7819500.0;4882500.0;12702000.0;6812500.0;4232500.0;1.0;0.7132;0.6092;0.5402;0.5877;0.7259;0.6244;0.6213;1.0464;0.6804;0.5969;0.5439;0.5838;0.6512;0.6007;0.6064;1.0464;0.6614;0.5964;0.5059;0.568;0.6481;0.5875;0.5927;1.0464;0.7163;0.6403;0.5863;0.6113;0.7037;0.6467;0.6542;1.0464;0.6387;0.5927;0.5208;0.5675;0.6066;0.5853;0.5921;1.0464;1.1992;0.8699;0.7016;0.5815;0.6513;0.847;0.8933;;;;;;;;;;;;;;;;;;;;;;;;;0.0003;1.0524;1.1753;0.5352;0.2664;0.1517;0.0003;0.7161;0.7015;0.2911;0.1555;0.0988;0.5711;0.3431;0.4594;0.8942;0.5423;0.0003;0.6278;0.7147;0.3107;0.149;0.0895;0.0003;0.4152;0.4262;0.1572;0.0846;0.058;0.34;0.1997;0.2713;0.5352;0.3172;0.0003;0.3857;0.3415;0.1417;0.077;0.0452;0.0003;0.2762;0.2186;0.0831;0.047;0.0318;0.173;0.1119;0.1431;0.2721;0.178;0.0013;0.5688;0.5348;0.2244;0.1231;0.0827;0.0014;0.3633;0.317;0.1169;0.0699;0.0502;0.2699;0.158;0.2151;0.4194;0.2483;0.0007;0.2444;0.3578;0.1775;0.0809;0.0438;0.0007;0.2931;0.3112;0.1245;0.047;0.0285;0.1672;0.1416;0.1547;0.261;0.2332;;;;;;;;;;;;;;;;;;;;;;;;;;;;;;;;;;;;;;;;;;;;;;;;;;;
country;EC;ECU;Ecuador;500.0;1393500.0;2005000.0;1075000.0;548500.0;400500.0;500.0;1439500.0;2028500.0;1039500.0;594500.0;548000.0;5423000.0;5650500.0;11073500.0;4473500.0;4507500.0;1.0;1.033;1.0117;0.967;1.0839;1.3683;1.042;1.0076;500.0;1376000.0;2111000.0;1116000.0;578500.0;435000.0;500.0;1420500.0;2091500.0;1065000.0;628500.0;597000.0;5617000.0;5803000.0;11420000.0;4603000.0;4577000.0;1.0;1.0323;0.9908;0.9543;1.0864;1.3724;1.0331;0.9944;500.0;1376000.0;1945000.0;1034000.0;535000.0;390500.0;500.0;1433000.0;1977000.0;1009000.0;586000.0;546000.0;5281000.0;5551500.0;10832500.0;4355000.0;4419000.0;1.0;1.0414;1.0165;0.9758;1.0953;1.3982;1.0512;1.0147;2000.0;1730000.0;2377500.0;1261500.0;594500.0;368000.0;2000.0;1913500.0;2654000.0;1343000.0;669500.0;534000.0;6333500.0;7116000.0;13449500.0;5369000.0;5910500.0;1.0;1.1061;1.1163;1.0646;1.1262;1.4511;1.1235;1.1009;1000.0;848500.0;1453000.0;735500.0;299000.0;156500.0;1000.0;1119000.0;1720000.0;818000.0;358500.0;239500.0;3493500.0;4256000.0;7749500.0;3037000.0;3657000.0;1.0;1.3188;1.1838;1.1122;1.199;1.5304;1.2183;1.2041;500.0;1272000.0;1839500.0;987500.0;518000.0;383000.0;500.0;1316500.0;1863000.0;946500.0;557000.0;529500.0;5000500.0;5213000.0;10213500.0;4099000.0;4126000.0;1.0;1.035;1.0128;0.9585;1.0753;1.3825;1.0425;1.0066;500.0;714500.0;1156000.0;620500.0;332500.0;166000.0;500.0;788500.0;1178000.0;604000.0;356500.0;224000.0;2990000.0;3151500.0;6141500.0;2491000.0;2570500.0;1.0;1.1036;1.019;0.9734;1.0722;1.3494;1.054;1.0319;500.0;1599000.0;2275000.0;1164000.0;583500.0;444000.0;500.0;1628500.0;2222500.0;1118500.0;645000.0;609500.0;6066000.0;6224500.0;12290500.0;5038000.0;4969500.0;1.0;1.0184;0.9769;0.9609;1.1054;1.3727;1.0261;0.9864;1.0412;1.0683;1.0288;0.9634;1.054;1.1938;1.0215;1.0226;1.0412;1.0675;1.0075;0.9508;1.0564;1.1973;1.0127;1.0092;1.0412;1.0769;1.0337;0.9722;1.0651;1.2199;1.0305;1.0298;1.0412;1.1438;1.1351;1.0607;1.0951;1.266;1.1014;1.1173;1.0412;1.3638;1.2038;1.1081;1.1659;1.3352;1.1943;1.2221;;;;;;;;;;;;;;;;;;;;;;;;;0.0008;1.2506;1.3336;0.8587;0.5754;0.3049;0.0008;1.3359;1.3719;0.8273;0.6064;0.364;0.7998;0.8169;0.8084;1.156;1.1822;0.0008;1.2349;1.4041;0.8914;0.6068;0.3312;0.0008;1.3183;1.4146;0.8476;0.6411;0.3966;0.8284;0.8389;0.8337;1.1895;1.2005;0.0008;1.2349;1.2937;0.8259;0.5612;0.2973;0.0008;1.3299;1.3371;0.803;0.5977;0.3627;0.7788;0.8025;0.7908;1.1254;1.159;0.0031;1.5526;1.5813;1.0077;0.6236;0.2802;0.0032;1.7758;1.795;1.0688;0.6829;0.3547;0.934;1.0287;0.9818;1.3874;1.5502;0.0016;0.7615;0.9664;0.5875;0.3136;0.1192;0.0016;1.0385;1.1633;0.651;0.3657;0.1591;0.5152;0.6153;0.5657;0.7848;0.9592;;;;;;;;;;;;;;;;;;;;;;;;;;;;;;;;;;;;;;;;;;;;;;;;;;;
country;EE;EST;Estonia;500.0;22000.0;33500.0;21500.0;9500.0;7000.0;500.0;38000.0;47000.0;30500.0;14500.0;14000.0;94000.0;144500.0;238500.0;77000.0;115500.0;1.0;1.7273;1.403;1.4186;1.5263;2.0;1.5372;1.5;500.0;20500.0;32000.0;20500.0;9500.0;7000.0;500.0;34000.0;43000.0;28500.0;14000.0;14000.0;90000.0;134000.0;224000.0;73000.0;105500.0;1.0;1.6585;1.3438;1.3902;1.4737;2.0;1.4889;1.4452;500.0;21500.0;32000.0;19500.0;9500.0;6000.0;500.0;36500.0;43500.0;27500.0;13500.0;11500.0;89000.0;133000.0;222000.0;73000.0;107500.0;1.0;1.6977;1.3594;1.4103;1.4211;1.9167;1.4944;1.4726;2000.0;39000.0;58000.0;39000.0;19000.0;14500.0;2000.0;74000.0;92000.0;58000.0;30000.0;28000.0;171500.0;284000.0;455500.0;136000.0;224000.0;1.0;1.8974;1.5862;1.4872;1.5789;1.931;1.656;1.6471;1000.0;4500.0;11000.0;7000.0;3000.0;2000.0;1000.0;9000.0;16000.0;10000.0;5000.0;3500.0;28500.0;44500.0;73000.0;22500.0;35000.0;1.0;2.0;1.4545;1.4286;1.6667;1.75;1.5614;1.5556;500.0;21000.0;32000.0;21000.0;9500.0;7500.0;500.0;35000.0;44000.0;30500.0;15000.0;15000.0;91500.0;140000.0;231500.0;74000.0;109500.0;1.0;1.6667;1.375;1.4524;1.5789;2.0;1.5301;1.4797;500.0;15000.0;23000.0;14000.0;7000.0;5500.0;500.0;30500.0;35000.0;22000.0;11500.0;12000.0;65000.0;111500.0;176500.0;52000.0;87500.0;1.0;2.0333;1.5217;1.5714;1.6429;2.1818;1.7154;1.6827;500.0;22000.0;33500.0;21500.0;10500.0;7500.0;500.0;38000.0;47000.0;32500.0;15000.0;15000.0;95500.0;148000.0;243500.0;77000.0;117500.0;1.0;1.7273;1.403;1.5116;1.4286;2.0;1.5497;1.526;1.0651;1.8006;1.528;1.5351;1.5548;1.309;1.352;1.615;1.0651;1.7289;1.4635;1.5044;1.5012;1.309;1.3095;1.556;1.0651;1.7697;1.4805;1.5261;1.4476;1.2545;1.3143;1.5855;1.0651;1.9779;1.7275;1.6093;1.6083;1.2638;1.4565;1.7734;1.0651;2.0849;1.5841;1.5459;1.6978;1.1454;1.3733;1.6748;;;;;;;;;;;;;;;;;;;;;;;;;0.0158;0.4696;0.3766;0.2092;0.1014;0.0388;0.0168;0.8456;0.5754;0.3212;0.1577;0.0508;0.1727;0.2335;0.2051;0.3228;0.5213;0.0158;0.4376;0.3597;0.1995;0.1014;0.0388;0.0168;0.7566;0.5264;0.3002;0.1523;0.0508;0.1654;0.2166;0.1926;0.306;0.4761;0.0158;0.459;0.3597;0.1898;0.1014;0.0333;0.0168;0.8122;0.5325;0.2896;0.1468;0.0417;0.1636;0.215;0.1909;0.306;0.4852;0.0633;0.8325;0.652;0.3796;0.2029;0.0804;0.0674;1.6467;1.1263;0.6108;0.3263;0.1016;0.3152;0.459;0.3917;0.5701;1.0109;0.0316;0.0961;0.1237;0.0681;0.032;0.0111;0.0337;0.2003;0.1959;0.1053;0.0544;0.0127;0.0524;0.0719;0.0628;0.0943;0.158;;;;;;;;;;;;;;;;;;;;;;;;;;;;;;;;;;;;;;;;;;;;;;;;;;;
country;EG;EGY;Egypt;500.0;6119500.0;7388500.0;2761500.0;926000.0;773000.0;500.0;3924000.0;4303000.0;1608500.0;586000.0;518500.0;17969000.0;10940500.0;28909500.0;16269500.0;9835500.0;1.0;0.6412;0.5824;0.5825;0.6328;0.6708;0.6089;0.6045;500.0;6092000.0;7617500.0;2816000.0;930500.0;720500.0;500.0;3863000.0;4433500.0;1637000.0;575000.0;475000.0;18177000.0;10984000.0;29161000.0;16525500.0;9933500.0;1.0;0.6341;0.582;0.5813;0.6179;0.6593;0.6043;0.6011;500.0;3374000.0;3418500.0;1156500.0;393000.0;349500.0;500.0;2150500.0;2071500.0;667500.0;244000.0;222500.0;8692000.0;5356500.0;14048500.0;7949000.0;4889500.0;1.0;0.6374;0.606;0.5772;0.6209;0.6366;0.6163;0.6151;2000.0;3196500.0;4095000.0;1588500.0;547500.0;391000.0;2000.0;2143000.0;2407500.0;814000.0;328500.0;233500.0;9820500.0;5928500.0;15749000.0;8880000.0;5364500.0;1.0;0.6704;0.5879;0.5124;0.6;0.5972;0.6037;0.6041;1000.0;1458500.0;2571500.0;903000.0;251500.0;187500.0;1000.0;2297000.0;3233000.0;1097000.0;256500.0;189000.0;5373000.0;7073500.0;12446500.0;4933000.0;6627000.0;1.0;1.5749;1.2572;1.2148;1.0199;1.008;1.3165;1.3434;500.0;4917000.0;6225000.0;2337000.0;807500.0;667000.0;500.0;3253500.0;3685000.0;1319500.0;495000.0;434000.0;14954000.0;9187500.0;24141500.0;13479000.0;8258000.0;1.0;0.6617;0.592;0.5646;0.613;0.6507;0.6144;0.6127;500.0;773500.0;831000.0;319500.0;124000.0;111500.0;500.0;477500.0;479000.0;173000.0;77000.0;71500.0;2160000.0;1278500.0;3438500.0;1924000.0;1129500.0;1.0;0.6173;0.5764;0.5415;0.621;0.6413;0.5919;0.5871;500.0;7460500.0;9554000.0;3517500.0;1104000.0;895000.0;500.0;4868000.0;5741500.0;2245000.0;727500.0;630500.0;22531500.0;14213000.0;36744500.0;20532000.0;12854500.0;1.0;0.6525;0.601;0.6382;0.659;0.7045;0.6308;0.6261;1.046;0.6695;0.6072;0.5973;0.6555;0.582;0.6134;0.6271;1.046;0.662;0.6068;0.5961;0.64;0.5721;0.6087;0.6235;1.046;0.6655;0.6318;0.5919;0.6432;0.5524;0.6208;0.6381;1.046;0.6999;0.613;0.5254;0.6215;0.5182;0.6081;0.6267;1.046;1.6443;1.3108;1.2457;1.0565;0.8746;1.3262;1.3936;;;;;;;;;;;;;;;;;;;;;;;;;0.0001;0.8879;0.8354;0.3612;0.1668;0.1256;0.0001;0.5944;0.5072;0.2158;0.1093;0.0731;0.4552;0.2792;0.3676;0.6958;0.4364;0.0001;0.8839;0.8613;0.3684;0.1676;0.1171;0.0001;0.5852;0.5226;0.2196;0.1073;0.067;0.4605;0.2803;0.3708;0.7068;0.4407;0.0001;0.4895;0.3865;0.1513;0.0708;0.0568;0.0001;0.3258;0.2442;0.0895;0.0455;0.0314;0.2202;0.1367;0.1786;0.34;0.2169;0.0005;0.4638;0.463;0.2078;0.0986;0.0635;0.0005;0.3246;0.2838;0.1092;0.0613;0.0329;0.2488;0.1513;0.2002;0.3798;0.238;0.0002;0.2116;0.2907;0.1181;0.0453;0.0305;0.0002;0.348;0.3811;0.1471;0.0478;0.0267;0.1361;0.1805;0.1582;0.211;0.294;;;;;;;;;;;;;;;;;;;;;;;;;;;;;;;;;;;;;;;;;;;;;;;;;;;
country;ER;ERI;Eritrea;500.0;500.0;500.0;500.0;500.0;500.0;500.0;500.0;500.0;500.0;500.0;500.0;3000.0;3000.0;6000.0;1500.0;1500.0;1.0;1.0;1.0;1.0;1.0;1.0;1.0;1.0;500.0;500.0;500.0;500.0;500.0;500.0;500.0;500.0;500.0;500.0;500.0;500.0;3000.0;3000.0;6000.0;1500.0;1500.0;1.0;1.0;1.0;1.0;1.0;1.0;1.0;1.0;500.0;500.0;500.0;500.0;500.0;500.0;500.0;500.0;500.0;500.0;500.0;500.0;3000.0;3000.0;6000.0;1500.0;1500.0;1.0;1.0;1.0;1.0;1.0;1.0;1.0;1.0;2000.0;2000.0;2000.0;2000.0;2000.0;2000.0;2000.0;2000.0;2000.0;2000.0;2000.0;2000.0;12000.0;12000.0;24000.0;6000.0;6000.0;1.0;1.0;1.0;1.0;1.0;1.0;1.0;1.0;1000.0;1000.0;1000.0;1000.0;1000.0;1000.0;1000.0;1000.0;1000.0;1000.0;1000.0;1000.0;6000.0;6000.0;12000.0;3000.0;3000.0;1.0;1.0;1.0;1.0;1.0;1.0;1.0;1.0;500.0;500.0;500.0;500.0;500.0;500.0;500.0;500.0;500.0;500.0;500.0;500.0;3000.0;3000.0;6000.0;1500.0;1500.0;1.0;1.0;1.0;1.0;1.0;1.0;1.0;1.0;500.0;500.0;500.0;500.0;500.0;500.0;500.0;500.0;500.0;500.0;500.0;500.0;3000.0;3000.0;6000.0;1500.0;1500.0;1.0;1.0;1.0;1.0;1.0;1.0;1.0;1.0;500.0;500.0;500.0;500.0;500.0;500.0;500.0;500.0;500.0;500.0;500.0;500.0;3000.0;3000.0;6000.0;1500.0;1500.0;1.0;1.0;1.0;1.0;1.0;1.0;1.0;1.0;1.0137;1.0125;1.0059;0.9437;0.8642;0.7807;0.9483;0.9933;1.0137;1.0125;1.0059;0.9437;0.8642;0.7807;0.9483;0.9933;1.0137;1.0125;1.0059;0.9437;0.8642;0.7807;0.9483;0.9933;1.0137;1.0125;1.0059;0.9437;0.8642;0.7807;0.9483;0.9933;1.0137;1.0125;1.0059;0.9437;0.8642;0.7807;0.9483;0.9933;;;;;;;;;;;;;;;;;;;;;;;;;0.0029;0.002;0.0021;0.0034;0.0044;0.0037;0.0029;0.002;0.0021;0.0032;0.0038;0.0029;0.0028;0.0027;0.0027;0.0023;0.0023;0.0029;0.002;0.0021;0.0034;0.0044;0.0037;0.0029;0.002;0.0021;0.0032;0.0038;0.0029;0.0028;0.0027;0.0027;0.0023;0.0023;0.0029;0.002;0.0021;0.0034;0.0044;0.0037;0.0029;0.002;0.0021;0.0032;0.0038;0.0029;0.0028;0.0027;0.0027;0.0023;0.0023;0.0116;0.0079;0.0083;0.0135;0.0177;0.0147;0.0117;0.008;0.0084;0.0127;0.0153;0.0115;0.0113;0.0107;0.011;0.0093;0.0093;0.0058;0.0039;0.0042;0.0068;0.0089;0.0073;0.0059;0.004;0.0042;0.0064;0.0077;0.0057;0.0056;0.0053;0.0055;0.0047;0.0046;;;;;;;;;;;;;;;;;;;;;;;;;;;;;;;;;;;;;;;;;;;;;;;;;;;
country;ES;ESP;Spain;500.0;1051500.0;1585000.0;885000.0;820500.0;540500.0;500.0;1153500.0;1422500.0;1370500.0;1397000.0;1118500.0;4883000.0;6462500.0;11345500.0;3521500.0;3946500.0;1.0;1.097;0.8975;1.5486;1.7026;2.0694;1.3235;1.1207;500.0;1029500.0;1581500.0;890500.0;834000.0;568000.0;500.0;1078500.0;1369000.0;1346000.0;1395000.0;1177000.0;4904000.0;6366000.0;11270000.0;3501500.0;3793500.0;1.0;1.0476;0.8656;1.5115;1.6727;2.0722;1.2981;1.0834;500.0;983000.0;1414000.0;748000.0;684000.0;430500.0;500.0;1027000.0;1211500.0;1067000.0;1083500.0;849500.0;4260000.0;5239000.0;9499000.0;3145000.0;3305500.0;1.0;1.0448;0.8568;1.4265;1.5841;1.9733;1.2298;1.051;2000.0;1494500.0;2176500.0;1089000.0;1004000.0;652000.0;2000.0;1419000.0;1675000.0;1440500.0;1447000.0;1200000.0;6418000.0;7183500.0;13601500.0;4760000.0;4534500.0;1.0;0.9495;0.7696;1.3228;1.4412;1.8405;1.1193;0.9526;1000.0;547000.0;849000.0;462000.0;345500.0;198000.0;1000.0;600000.0;776000.0;663000.0;531000.0;374000.0;2402500.0;2945000.0;5347500.0;1858000.0;2039000.0;1.0;1.0969;0.914;1.4351;1.5369;1.8889;1.2258;1.0974;500.0;968000.0;1473500.0;824000.0;775000.0;509500.0;500.0;1011500.0;1276000.0;1227000.0;1279000.0;1035000.0;4550500.0;5829000.0;10379500.0;3265500.0;3514500.0;1.0;1.0449;0.866;1.4891;1.6503;2.0314;1.281;1.0763;500.0;913000.0;1408000.0;768500.0;738500.0;480500.0;500.0;944000.0;1221000.0;1147000.0;1233000.0;997000.0;4309000.0;5542500.0;9851500.0;3089500.0;3312000.0;1.0;1.034;0.8672;1.4925;1.6696;2.0749;1.2863;1.072;500.0;1044500.0;1586000.0;881500.0;824000.0;541500.0;500.0;1123000.0;1413500.0;1360500.0;1411500.0;1139500.0;4878000.0;6448500.0;11326500.0;3512000.0;3897000.0;1.0;1.0752;0.8912;1.5434;1.713;2.1043;1.322;1.1096;1.0583;1.1655;0.9201;1.5701;1.7393;1.7494;1.2598;1.1524;1.0583;1.113;0.8874;1.5325;1.7088;1.7518;1.2356;1.114;1.0583;1.1101;0.8784;1.4463;1.6182;1.6682;1.1706;1.0807;1.0583;1.0088;0.789;1.3412;1.4723;1.5559;1.0654;0.9795;1.0583;1.1654;0.9371;1.455;1.57;1.5968;1.1668;1.1284;;;;;;;;;;;;;;;;;;;;;;;;;0.0005;0.5973;0.591;0.2598;0.2074;0.0709;0.0005;0.6961;0.5437;0.4079;0.3608;0.124;0.2384;0.3004;0.2702;0.4487;0.517;0.0005;0.5848;0.5897;0.2614;0.2108;0.0745;0.0005;0.6509;0.5233;0.4006;0.3602;0.1305;0.2395;0.2959;0.2684;0.4461;0.497;0.0005;0.5584;0.5272;0.2196;0.1729;0.0565;0.0005;0.6198;0.4631;0.3176;0.2798;0.0942;0.208;0.2435;0.2262;0.4007;0.433;0.0019;0.8489;0.8115;0.3197;0.2538;0.0855;0.002;0.8564;0.6402;0.4287;0.3737;0.1331;0.3134;0.3339;0.3239;0.6064;0.5941;0.001;0.3107;0.3165;0.1356;0.0873;0.026;0.001;0.3621;0.2966;0.1973;0.1371;0.0415;0.1173;0.1369;0.1273;0.2367;0.2671;;;;;;;;;;;;;;;;;;;;;;;;;;;;;;;;;;;;;;;;;;;;;;;;;;;
country;FI;FIN;Finland;500.0;105000.0;153000.0;56000.0;34000.0;27000.0;500.0;156000.0;191500.0;74000.0;49500.0;43000.0;375500.0;514500.0;890000.0;314000.0;421500.0;1.0;1.4857;1.2516;1.3214;1.4559;1.5926;1.3702;1.3424;500.0;103000.0;154000.0;58000.0;36000.0;28500.0;500.0;149500.0;195000.0;78000.0;52500.0;45000.0;380000.0;520500.0;900500.0;315000.0;422500.0;1.0;1.4515;1.2662;1.3448;1.4583;1.5789;1.3697;1.3413;500.0;100500.0;141500.0;45000.0;28000.0;20500.0;500.0;146000.0;170500.0;55000.0;36000.0;28500.0;336000.0;436500.0;772500.0;287000.0;371500.0;1.0;1.4527;1.2049;1.2222;1.2857;1.3902;1.2991;1.2944;2000.0;178500.0;272500.0;102500.0;61500.0;47000.0;2000.0;270000.0;367500.0;143500.0;93500.0;75000.0;664000.0;951500.0;1615500.0;553500.0;781000.0;1.0;1.5126;1.3486;1.4;1.5203;1.5957;1.433;1.411;1000.0;8000.0;37000.0;16500.0;3500.0;2500.0;1000.0;33000.0;170500.0;61000.0;15500.0;9000.0;68500.0;290000.0;358500.0;61500.0;264500.0;1.0;4.125;4.6081;3.697;4.4286;3.6;4.2336;4.3008;500.0;104000.0;155000.0;58000.0;35000.0;28000.0;500.0;154000.0;198500.0;79500.0;52000.0;45000.0;380500.0;529500.0;910000.0;317000.0;432000.0;1.0;1.4808;1.2806;1.3707;1.4857;1.6071;1.3916;1.3628;500.0;92500.0;130500.0;44000.0;28000.0;22500.0;500.0;137500.0;170500.0;60500.0;42500.0;36000.0;318000.0;447500.0;765500.0;267000.0;368500.0;1.0;1.4865;1.3065;1.375;1.5179;1.6;1.4072;1.3801;500.0;109500.0;162500.0;60500.0;37500.0;29500.0;500.0;169500.0;218000.0;86000.0;57500.0;48000.0;400000.0;579500.0;979500.0;332500.0;473500.0;1.0;1.5479;1.3415;1.4215;1.5333;1.6271;1.4488;1.4241;1.044;1.5755;1.3338;1.4104;1.5081;1.3632;1.3242;1.4298;1.044;1.5392;1.3493;1.4354;1.5106;1.3515;1.3238;1.4286;1.044;1.5405;1.284;1.3045;1.3318;1.1899;1.2555;1.3786;1.044;1.604;1.4371;1.4943;1.5748;1.3658;1.3849;1.5028;1.044;4.3743;4.9106;3.946;4.5873;3.0814;4.0916;4.5807;;;;;;;;;;;;;;;;;;;;;;;;;0.0039;0.4789;0.4162;0.1504;0.1003;0.0288;0.0041;0.7545;0.5551;0.2121;0.1513;0.0392;0.1588;0.2103;0.185;0.3274;0.468;0.0039;0.4698;0.4189;0.1558;0.1062;0.0304;0.0041;0.7231;0.5653;0.2236;0.1605;0.0411;0.1607;0.2128;0.1872;0.3284;0.4691;0.0039;0.4584;0.3849;0.1209;0.0826;0.0219;0.0041;0.7061;0.4942;0.1577;0.11;0.026;0.1421;0.1785;0.1606;0.2992;0.4125;0.0157;0.8141;0.7413;0.2753;0.1815;0.0501;0.0164;1.3059;1.0653;0.4114;0.2858;0.0684;0.2809;0.389;0.3359;0.577;0.8672;0.0078;0.0365;0.1006;0.0443;0.0103;0.0027;0.0082;0.1596;0.4942;0.1749;0.0474;0.0082;0.029;0.1186;0.0745;0.0641;0.2937;;;;;;;;;;;;;;;;;;;;;;;;;;;;;;;;;;;;;;;;;;;;;;;;;;;
country;FO;FRO;Faroe Islands;500.0;500.0;500.0;500.0;500.0;500.0;500.0;500.0;500.0;500.0;500.0;500.0;3000.0;3000.0;6000.0;1500.0;1500.0;1.0;1.0;1.0;1.0;1.0;1.0;1.0;1.0;500.0;500.0;500.0;500.0;500.0;500.0;500.0;500.0;500.0;500.0;500.0;500.0;3000.0;3000.0;6000.0;1500.0;1500.0;1.0;1.0;1.0;1.0;1.0;1.0;1.0;1.0;500.0;500.0;500.0;500.0;500.0;500.0;500.0;500.0;500.0;500.0;500.0;500.0;3000.0;3000.0;6000.0;1500.0;1500.0;1.0;1.0;1.0;1.0;1.0;1.0;1.0;1.0;2000.0;2000.0;2000.0;2000.0;2000.0;2000.0;2000.0;2000.0;2000.0;2000.0;2000.0;2000.0;12000.0;12000.0;24000.0;6000.0;6000.0;1.0;1.0;1.0;1.0;1.0;1.0;1.0;1.0;1000.0;1000.0;1000.0;1000.0;1000.0;1000.0;1000.0;1000.0;1000.0;1000.0;1000.0;1000.0;6000.0;6000.0;12000.0;3000.0;3000.0;1.0;1.0;1.0;1.0;1.0;1.0;1.0;1.0;500.0;500.0;500.0;500.0;500.0;500.0;500.0;500.0;500.0;500.0;500.0;500.0;3000.0;3000.0;6000.0;1500.0;1500.0;1.0;1.0;1.0;1.0;1.0;1.0;1.0;1.0;500.0;500.0;500.0;500.0;500.0;500.0;500.0;500.0;500.0;500.0;500.0;500.0;3000.0;3000.0;6000.0;1500.0;1500.0;1.0;1.0;1.0;1.0;1.0;1.0;1.0;1.0;500.0;500.0;500.0;500.0;500.0;500.0;500.0;500.0;500.0;500.0;500.0;500.0;3000.0;3000.0;6000.0;1500.0;1500.0;1.0;1.0;1.0;1.0;1.0;1.0;1.0;1.0;1.0294;1.1391;1.153;1.1122;1.1482;0.9998;1.0775;1.1343;1.0294;1.1391;1.153;1.1122;1.1482;0.9998;1.0775;1.1343;1.0294;1.1391;1.153;1.1122;1.1482;0.9998;1.0775;1.1343;1.0294;1.1391;1.153;1.1122;1.1482;0.9998;1.0775;1.1343;1.0294;1.1391;1.153;1.1122;1.1482;0.9998;1.0775;1.1343;;;;;;;;;;;;;;;;;;;;;;;;;0.3245;0.189;0.1411;0.1445;0.1403;0.0617;0.334;0.2153;0.1627;0.1607;0.1611;0.0616;0.1312;0.1414;0.1361;0.1555;0.1763;0.3245;0.189;0.1411;0.1445;0.1403;0.0617;0.334;0.2153;0.1627;0.1607;0.1611;0.0616;0.1312;0.1414;0.1361;0.1555;0.1763;0.3245;0.189;0.1411;0.1445;0.1403;0.0617;0.334;0.2153;0.1627;0.1607;0.1611;0.0616;0.1312;0.1414;0.1361;0.1555;0.1763;1.2979;0.7561;0.5645;0.578;0.5612;0.2466;1.336;0.8613;0.6508;0.6429;0.6443;0.2466;0.5249;0.5656;0.5445;0.6219;0.7054;0.6489;0.3781;0.2822;0.289;0.2806;0.1233;0.668;0.4307;0.3254;0.3214;0.3222;0.1233;0.2624;0.2828;0.2722;0.3109;0.3527;;;;;;;;;;;;;;;;;;;;;;;;;;;;;;;;;;;;;;;;;;;;;;;;;;;
country;FR;FRA;France;500.0;1522000.0;2278500.0;1131500.0;738000.0;463000.0;500.0;1806500.0;2163000.0;1840500.0;1317000.0;916000.0;6133500.0;8043500.0;14177000.0;4932000.0;5810000.0;1.0;1.1869;0.9493;1.6266;1.7846;1.9784;1.3114;1.178;500.0;1402500.0;2107000.0;1008000.0;665000.0;419500.0;500.0;1544000.0;1846000.0;1467500.0;1089500.0;791500.0;5602500.0;6739000.0;12341500.0;4517500.0;4857500.0;1.0;1.1009;0.8761;1.4559;1.6383;1.8868;1.2029;1.0753;500.0;1319500.0;1612500.0;732500.0;499000.0;304000.0;500.0;1460500.0;1408500.0;1066000.0;774000.0;523000.0;4468000.0;5232500.0;9700500.0;3664500.0;3935000.0;1.0;1.1069;0.8735;1.4553;1.5511;1.7204;1.1711;1.0738;2000.0;3036000.0;4304500.0;1967500.0;1391000.0;892500.0;2000.0;3451500.0;3980000.0;3002000.0;2276000.0;1638500.0;11593500.0;14350000.0;25943500.0;9308000.0;10433500.0;1.0;1.1369;0.9246;1.5258;1.6362;1.8359;1.2378;1.1209;1000.0;535000.0;985500.0;509500.0;278500.0;183000.0;1000.0;962000.0;1347000.0;982500.0;543000.0;368500.0;2492500.0;4204000.0;6696500.0;2030000.0;3291500.0;1.0;1.7981;1.3668;1.9284;1.9497;2.0137;1.6867;1.6214;500.0;1360500.0;2044000.0;986000.0;640500.0;398000.0;500.0;1522500.0;1840500.0;1479000.0;1059500.0;738000.0;5429500.0;6640000.0;12069500.0;4390500.0;4842000.0;1.0;1.1191;0.9004;1.5;1.6542;1.8543;1.2229;1.1028;500.0;1265000.0;1903000.0;869500.0;589500.0;368500.0;500.0;1424000.0;1710500.0;1320500.0;999500.0;700500.0;4996000.0;6155500.0;11151500.0;4037500.0;4455000.0;1.0;1.1257;0.8988;1.5187;1.6955;1.9009;1.2321;1.1034;500.0;1464000.0;2202000.0;1076000.0;695000.0;433000.0;500.0;1685000.0;2048500.0;1701500.0;1213000.0;850500.0;5870500.0;7499000.0;13369500.0;4742000.0;5435000.0;1.0;1.151;0.9303;1.5813;1.7453;1.9642;1.2774;1.1461;1.0535;1.249;0.9466;1.5639;1.7402;1.6236;1.2084;1.1751;1.0535;1.1585;0.8737;1.3998;1.5976;1.5485;1.1085;1.0726;1.0535;1.1648;0.8711;1.3992;1.5125;1.4119;1.0792;1.0711;1.0535;1.1964;0.922;1.467;1.5955;1.5067;1.1406;1.1181;1.0535;1.8921;1.363;1.8541;1.9012;1.6526;1.5543;1.6174;;;;;;;;;;;;;;;;;;;;;;;;;0.0003;0.5251;0.5992;0.2838;0.1752;0.0452;0.0003;0.6559;0.5673;0.4438;0.3048;0.0734;0.2285;0.2762;0.2533;0.4614;0.5422;0.0003;0.4839;0.5541;0.2528;0.1578;0.0409;0.0003;0.5606;0.4841;0.3538;0.2522;0.0634;0.2087;0.2314;0.2205;0.4227;0.4533;0.0003;0.4552;0.4241;0.1837;0.1184;0.0297;0.0003;0.5303;0.3694;0.257;0.1791;0.0419;0.1665;0.1796;0.1733;0.3428;0.3672;0.0012;1.0475;1.132;0.4934;0.3301;0.0871;0.0012;1.2531;1.0438;0.7238;0.5268;0.1312;0.432;0.4927;0.4636;0.8708;0.9737;0.0006;0.1846;0.2592;0.1278;0.0661;0.0179;0.0006;0.3493;0.3533;0.2369;0.1257;0.0295;0.0929;0.1443;0.1197;0.1899;0.3072;;;;;;;;;;;;;;;;;;;;;;;;;;;;;;;;;;;;;;;;;;;;;;;;;;;
country;GB;GBR;United Kingdom;500.0;1731500.0;2358500.0;1208500.0;714000.0;469500.0;500.0;1917000.0;2559000.0;1968000.0;1283000.0;888500.0;6482500.0;8616000.0;15098500.0;5298500.0;6444000.0;1.0;1.1071;1.085;1.6285;1.7969;1.8924;1.3291;1.2162;500.0;1627500.0;2238000.0;1142000.0;687000.0;475000.0;500.0;1675000.0;2247500.0;1700500.0;1142500.0;857500.0;6170000.0;7623500.0;13793500.0;5007500.0;5623000.0;1.0;1.0292;1.0042;1.4891;1.663;1.8053;1.2356;1.1229;500.0;1422000.0;1741500.0;798000.0;480500.0;306000.0;500.0;1472000.0;1689500.0;1106000.0;723000.0;480500.0;4748500.0;5471500.0;10220000.0;3961500.0;4267500.0;1.0;1.0352;0.9701;1.386;1.5047;1.5703;1.1523;1.0772;2000.0;3397000.0;4513500.0;2169500.0;1321000.0;896500.0;2000.0;3519500.0;4675500.0;3346000.0;2210000.0;1570000.0;12299500.0;15323000.0;27622500.0;10080000.0;11541000.0;1.0;1.0361;1.0359;1.5423;1.673;1.7513;1.2458;1.1449;1000.0;1006000.0;1628000.0;803500.0;466000.0;306500.0;1000.0;1225500.0;1774000.0;1233000.0;741500.0;531000.0;4211000.0;5506000.0;9717000.0;3437500.0;4232500.0;1.0;1.2182;1.0897;1.5345;1.5912;1.7325;1.3075;1.2313;500.0;1654000.0;2249500.0;1129000.0;675500.0;457500.0;500.0;1751500.0;2352000.0;1754000.0;1168500.0;846000.0;6166000.0;7872500.0;14038500.0;5032500.0;5857500.0;1.0;1.0589;1.0456;1.5536;1.7298;1.8492;1.2768;1.1639;500.0;1438500.0;1964000.0;978500.0;598500.0;415500.0;500.0;1484000.0;2012500.0;1515000.0;1054000.0;799500.0;5395500.0;6865500.0;12261000.0;4381000.0;5011500.0;1.0;1.0316;1.0247;1.5483;1.7611;1.9242;1.2724;1.1439;500.0;1736000.0;2357500.0;1203000.0;709500.0;481500.0;500.0;1894000.0;2531500.0;1935000.0;1276000.0;933500.0;6488000.0;8570500.0;15058500.0;5296500.0;6360500.0;1.0;1.091;1.0738;1.6085;1.7984;1.9387;1.321;1.2009;1.0514;1.1725;1.1176;1.5988;1.7321;1.65;1.2681;1.2381;1.0514;1.09;1.0344;1.4619;1.603;1.5741;1.1789;1.1431;1.0514;1.0964;0.9993;1.3607;1.4505;1.3692;1.0994;1.0966;1.0514;1.0973;1.0671;1.5141;1.6127;1.527;1.1886;1.1655;1.0514;1.2902;1.1225;1.5065;1.5338;1.5106;1.2475;1.2535;;;;;;;;;;;;;;;;;;;;;;;;;0.0003;0.6056;0.5111;0.2712;0.165;0.0467;0.0003;0.7101;0.5712;0.4335;0.2859;0.0771;0.2318;0.2939;0.2635;0.4441;0.5499;0.0003;0.5692;0.4849;0.2562;0.1588;0.0473;0.0003;0.6205;0.5016;0.3746;0.2546;0.0744;0.2206;0.26;0.2408;0.4197;0.4798;0.0003;0.4974;0.3774;0.1791;0.1111;0.0305;0.0003;0.5453;0.3771;0.2436;0.1611;0.0417;0.1698;0.1866;0.1784;0.332;0.3641;0.0012;1.1882;0.978;0.4868;0.3054;0.0892;0.0013;1.3038;1.0436;0.7371;0.4924;0.1362;0.4397;0.5227;0.4822;0.8449;0.9848;0.0006;0.3519;0.3528;0.1803;0.1077;0.0305;0.0006;0.454;0.396;0.2716;0.1652;0.0461;0.1505;0.1878;0.1696;0.2881;0.3612;;;;;;;;;;;;;;;;;;;;;;;;;;;;;;;;;;;;;;;;;;;;;;;;;;;
country;GD;GRD;Grenada;500.0;500.0;500.0;500.0;500.0;500.0;500.0;500.0;1500.0;500.0;500.0;500.0;3000.0;4000.0;7000.0;1500.0;2500.0;1.0;1.0;3.0;1.0;1.0;1.0;1.3333;1.6667;500.0;500.0;500.0;500.0;500.0;500.0;500.0;500.0;500.0;500.0;500.0;500.0;3000.0;3000.0;6000.0;1500.0;1500.0;1.0;1.0;1.0;1.0;1.0;1.0;1.0;1.0;500.0;500.0;500.0;500.0;500.0;500.0;500.0;500.0;500.0;500.0;500.0;500.0;3000.0;3000.0;6000.0;1500.0;1500.0;1.0;1.0;1.0;1.0;1.0;1.0;1.0;1.0;2000.0;2000.0;2000.0;2000.0;2000.0;2000.0;2000.0;2000.0;2000.0;2000.0;2000.0;2000.0;12000.0;12000.0;24000.0;6000.0;6000.0;1.0;1.0;1.0;1.0;1.0;1.0;1.0;1.0;1000.0;1000.0;1000.0;1000.0;1000.0;1000.0;1000.0;1000.0;1000.0;1000.0;1000.0;1000.0;6000.0;6000.0;12000.0;3000.0;3000.0;1.0;1.0;1.0;1.0;1.0;1.0;1.0;1.0;500.0;500.0;500.0;500.0;500.0;500.0;500.0;500.0;1500.0;500.0;500.0;500.0;3000.0;4000.0;7000.0;1500.0;2500.0;1.0;1.0;3.0;1.0;1.0;1.0;1.3333;1.6667;500.0;500.0;500.0;500.0;500.0;500.0;500.0;500.0;500.0;500.0;500.0;500.0;3000.0;3000.0;6000.0;1500.0;1500.0;1.0;1.0;1.0;1.0;1.0;1.0;1.0;1.0;500.0;500.0;500.0;500.0;500.0;500.0;500.0;500.0;2000.0;500.0;500.0;500.0;3000.0;4500.0;7500.0;1500.0;3000.0;1.0;1.0;4.0;1.0;1.0;1.0;1.5;2.0;1.0435;1.042;3.1088;1.0093;1.0688;0.9138;1.3349;1.7131;1.0435;1.042;1.0363;1.0093;1.0688;0.9138;1.0012;1.0279;1.0435;1.042;1.0363;1.0093;1.0688;0.9138;1.0012;1.0279;1.0435;1.042;1.0363;1.0093;1.0688;0.9138;1.0012;1.0279;1.0435;1.042;1.0363;1.0093;1.0688;0.9138;1.0012;1.0279;;;;;;;;;;;;;;;;;;;;;;;;;0.1419;0.0818;0.0495;0.0555;0.0786;0.0398;0.1481;0.0853;0.1539;0.056;0.084;0.0363;0.0629;0.084;0.0734;0.0595;0.1019;0.1419;0.0818;0.0495;0.0555;0.0786;0.0398;0.1481;0.0853;0.0513;0.056;0.084;0.0363;0.0629;0.063;0.063;0.0595;0.0611;0.1419;0.0818;0.0495;0.0555;0.0786;0.0398;0.1481;0.0853;0.0513;0.056;0.084;0.0363;0.0629;0.063;0.063;0.0595;0.0611;0.5675;0.3274;0.198;0.2219;0.3143;0.1591;0.5922;0.3411;0.2052;0.224;0.3359;0.1454;0.2517;0.2519;0.2518;0.2379;0.2445;0.2838;0.1637;0.099;0.111;0.1571;0.0795;0.2961;0.1706;0.1026;0.112;0.168;0.0727;0.1258;0.126;0.1259;0.1189;0.1222;;;;;;;;;;;;;;;;;;;;;;;;;;;;;;;;;;;;;;;;;;;;;;;;;;;
country;GE;GEO;Georgia;500.0;63000.0;127000.0;75000.0;37000.0;31500.0;500.0;66000.0;121500.0;59000.0;31500.0;34000.0;334000.0;312500.0;646500.0;265000.0;246500.0;1.0;1.0476;0.9567;0.7867;0.8514;1.0794;0.9356;0.9302;500.0;117000.0;186000.0;82500.0;39500.0;38500.0;500.0;121500.0;185000.0;71000.0;33500.0;41500.0;464000.0;453000.0;917000.0;385500.0;377500.0;1.0;1.0385;0.9946;0.8606;0.8481;1.0779;0.9763;0.9792;500.0;43000.0;72500.0;33500.0;16000.0;14500.0;500.0;57000.0;83000.0;31500.0;14000.0;18000.0;180000.0;204000.0;384000.0;149000.0;171500.0;1.0;1.3256;1.1448;0.9403;0.875;1.2414;1.1333;1.151;2000.0;21500.0;43000.0;20500.0;8500.0;7000.0;2000.0;28500.0;40000.0;14500.0;7500.0;9000.0;102500.0;101500.0;204000.0;85000.0;83000.0;1.0;1.3256;0.9302;0.7073;0.8824;1.2857;0.9902;0.9765;1000.0;54500.0;78000.0;27000.0;12000.0;12000.0;1000.0;45500.0;69000.0;24500.0;9500.0;11000.0;184500.0;160500.0;345000.0;159500.0;139000.0;1.0;0.8349;0.8846;0.9074;0.7917;0.9167;0.8699;0.8715;500.0;38000.0;71000.0;46000.0;23000.0;17500.0;500.0;46500.0;72000.0;29500.0;15000.0;16500.0;196000.0;180000.0;376000.0;155000.0;148000.0;1.0;1.2237;1.0141;0.6413;0.6522;0.9429;0.9184;0.9548;500.0;55000.0;90500.0;46500.0;22500.0;6500.0;500.0;62000.0;93500.0;39500.0;20500.0;8500.0;221500.0;224500.0;446000.0;192000.0;195000.0;1.0;1.1273;1.0331;0.8495;0.9111;1.3077;1.0135;1.0156;500.0;75000.0;130500.0;64000.0;32000.0;28500.0;500.0;93500.0;141500.0;60500.0;31500.0;33000.0;330500.0;360500.0;691000.0;269500.0;295500.0;1.0;1.2467;1.0843;0.9453;0.9844;1.1579;1.0908;1.0965;1.0554;1.1138;0.9446;0.7322;0.7301;0.6814;0.7771;0.9119;1.0554;1.1041;0.982;0.801;0.7273;0.6804;0.8109;0.9599;1.0554;1.4093;1.1303;0.8752;0.7504;0.7836;0.9413;1.1283;1.0554;1.4093;0.9184;0.6583;0.7567;0.8116;0.8224;0.9573;1.0554;0.8876;0.8734;0.8446;0.6789;0.5787;0.7225;0.8543;;;;;;;;;;;;;;;;;;;;;;;;;0.0053;0.4111;0.4972;0.2902;0.1717;0.0772;0.0056;0.4579;0.4697;0.2125;0.1254;0.0526;0.2411;0.1874;0.2118;0.3973;0.3623;0.0053;0.7635;0.7282;0.3193;0.1833;0.0944;0.0056;0.8429;0.7151;0.2557;0.1333;0.0642;0.335;0.2716;0.3004;0.5779;0.5548;0.0053;0.2806;0.2838;0.1296;0.0743;0.0355;0.0056;0.3954;0.3208;0.1135;0.0557;0.0278;0.1299;0.1223;0.1258;0.2234;0.252;0.0211;0.1403;0.1683;0.0793;0.0394;0.0172;0.0223;0.1977;0.1546;0.0522;0.0299;0.0139;0.074;0.0609;0.0668;0.1274;0.122;0.0106;0.3556;0.3054;0.1045;0.0557;0.0294;0.0112;0.3156;0.2667;0.0883;0.0378;0.017;0.1332;0.0962;0.113;0.2391;0.2043;;;;;;;;;;;;;;;;;;;;;;;;;;;;;;;;;;;;;;;;;;;;;;;;;;;
country;GF;GUF;French Guiana;500.0;1500.0;1500.0;500.0;500.0;500.0;500.0;2000.0;2500.0;1500.0;500.0;500.0;5000.0;7500.0;12500.0;3500.0;6000.0;1.0;1.3333;1.6667;3.0;1.0;1.0;1.5;1.7143;500.0;500.0;500.0;500.0;500.0;500.0;500.0;500.0;1500.0;500.0;500.0;500.0;3000.0;4000.0;7000.0;1500.0;2500.0;1.0;1.0;3.0;1.0;1.0;1.0;1.3333;1.6667;500.0;500.0;500.0;500.0;500.0;500.0;500.0;1500.0;1500.0;500.0;500.0;500.0;3000.0;5000.0;8000.0;1500.0;3500.0;1.0;3.0;3.0;1.0;1.0;1.0;1.6667;2.3333;2000.0;2000.0;2000.0;2000.0;2000.0;2000.0;2000.0;3000.0;4000.0;2000.0;2000.0;2000.0;12000.0;15000.0;27000.0;6000.0;9000.0;1.0;1.5;2.0;1.0;1.0;1.0;1.25;1.5;1000.0;1000.0;1000.0;1000.0;1000.0;1000.0;1000.0;1000.0;2000.0;1000.0;1000.0;1000.0;6000.0;7000.0;13000.0;3000.0;4000.0;1.0;1.0;2.0;1.0;1.0;1.0;1.1667;1.3333;500.0;500.0;500.0;500.0;500.0;500.0;500.0;1500.0;1500.0;500.0;500.0;500.0;3000.0;5000.0;8000.0;1500.0;3500.0;1.0;3.0;3.0;1.0;1.0;1.0;1.6667;2.3333;500.0;500.0;500.0;500.0;500.0;500.0;500.0;500.0;1500.0;500.0;500.0;500.0;3000.0;4000.0;7000.0;1500.0;2500.0;1.0;1.0;3.0;1.0;1.0;1.0;1.3333;1.6667;500.0;1500.0;1500.0;500.0;500.0;500.0;500.0;3000.0;3500.0;2500.0;500.0;500.0;5000.0;10500.0;15500.0;3500.0;9000.0;1.0;2.0;2.3333;5.0;1.0;1.0;2.1;2.5714;1.0142;1.2579;1.395;2.5499;0.8794;0.9254;1.3492;1.4946;1.0142;0.9435;2.5109;0.85;0.8794;0.9254;1.1992;1.4531;1.0142;2.8305;2.5109;0.85;0.8794;0.9254;1.4991;2.0343;1.0142;1.4152;1.6739;0.85;0.8794;0.9254;1.1243;1.3078;1.0142;0.9435;1.6739;0.85;0.8794;0.9254;1.0494;1.1624;;;;;;;;;;;;;;;;;;;;;;;;;0.0407;0.0932;0.0823;0.0277;0.0337;0.0233;0.0413;0.1172;0.1149;0.0707;0.0296;0.0216;0.0496;0.0669;0.0587;0.0669;0.0999;0.0407;0.0311;0.0274;0.0277;0.0337;0.0233;0.0413;0.0293;0.0689;0.0236;0.0296;0.0216;0.0297;0.0357;0.0329;0.0287;0.0416;0.0407;0.0311;0.0274;0.0277;0.0337;0.0233;0.0413;0.0879;0.0689;0.0236;0.0296;0.0216;0.0297;0.0446;0.0376;0.0287;0.0583;0.1629;0.1242;0.1098;0.111;0.1348;0.0934;0.1652;0.1758;0.1838;0.0943;0.1186;0.0864;0.119;0.1337;0.1267;0.1146;0.1499;0.0814;0.0621;0.0549;0.0555;0.0674;0.0467;0.0826;0.0586;0.0919;0.0472;0.0593;0.0432;0.0595;0.0624;0.061;0.0573;0.0666;;;;;;;;;;;;;;;;;;;;;;;;;;;;;;;;;;;;;;;;;;;;;;;;;;;
country;GG;GGY;Guernsey;500.0;500.0;1500.0;500.0;500.0;500.0;500.0;500.0;500.0;500.0;500.0;500.0;4000.0;3000.0;7000.0;2500.0;1500.0;1.0;1.0;0.3333;1.0;1.0;1.0;0.75;0.6;500.0;500.0;500.0;500.0;500.0;500.0;500.0;500.0;500.0;500.0;500.0;500.0;3000.0;3000.0;6000.0;1500.0;1500.0;1.0;1.0;1.0;1.0;1.0;1.0;1.0;1.0;500.0;500.0;500.0;500.0;500.0;500.0;500.0;500.0;500.0;500.0;500.0;500.0;3000.0;3000.0;6000.0;1500.0;1500.0;1.0;1.0;1.0;1.0;1.0;1.0;1.0;1.0;2000.0;2000.0;2000.0;2000.0;2000.0;2000.0;2000.0;2000.0;2000.0;2000.0;2000.0;2000.0;12000.0;12000.0;24000.0;6000.0;6000.0;1.0;1.0;1.0;1.0;1.0;1.0;1.0;1.0;1000.0;1000.0;1000.0;1000.0;1000.0;1000.0;1000.0;1000.0;1000.0;1000.0;1000.0;1000.0;6000.0;6000.0;12000.0;3000.0;3000.0;1.0;1.0;1.0;1.0;1.0;1.0;1.0;1.0;500.0;500.0;500.0;500.0;500.0;500.0;500.0;500.0;500.0;500.0;500.0;500.0;3000.0;3000.0;6000.0;1500.0;1500.0;1.0;1.0;1.0;1.0;1.0;1.0;1.0;1.0;500.0;500.0;500.0;500.0;500.0;500.0;500.0;500.0;500.0;500.0;500.0;500.0;3000.0;3000.0;6000.0;1500.0;1500.0;1.0;1.0;1.0;1.0;1.0;1.0;1.0;1.0;500.0;500.0;1500.0;500.0;500.0;500.0;500.0;1500.0;500.0;500.0;500.0;500.0;4000.0;4000.0;8000.0;2500.0;2500.0;1.0;3.0;0.3333;1.0;1.0;1.0;1.0;1.0;1.1156;1.0419;0.3483;1.0442;0.9438;0.894;0.7247;0.6264;1.1156;1.0419;1.045;1.0442;0.9438;0.894;0.9663;1.044;1.1156;1.0419;1.045;1.0442;0.9438;0.894;0.9663;1.044;1.1156;1.0419;1.045;1.0442;0.9438;0.894;0.9663;1.044;1.1156;1.0419;1.045;1.0442;0.9438;0.894;0.9663;1.044;;;;;;;;;;;;;;;;;;;;;;;;;0.3647;0.2011;0.3717;0.1201;0.1154;0.0462;0.4068;0.2096;0.1295;0.1254;0.1089;0.0413;0.1469;0.1065;0.1264;0.234;0.1465;0.3647;0.2011;0.1239;0.1201;0.1154;0.0462;0.4068;0.2096;0.1295;0.1254;0.1089;0.0413;0.1102;0.1065;0.1083;0.1404;0.1465;0.3647;0.2011;0.1239;0.1201;0.1154;0.0462;0.4068;0.2096;0.1295;0.1254;0.1089;0.0413;0.1102;0.1065;0.1083;0.1404;0.1465;1.4588;0.8045;0.4955;0.4803;0.4616;0.1846;1.6273;0.8382;0.5179;0.5015;0.4356;0.165;0.4408;0.4259;0.4332;0.5615;0.5862;0.7294;0.4023;0.2478;0.2402;0.2308;0.0923;0.8137;0.4191;0.2589;0.2508;0.2178;0.0825;0.2204;0.213;0.2166;0.2807;0.2931;;;;;;;;;;;;;;;;;;;;;;;;;;;;;;;;;;;;;;;;;;;;;;;;;;;
country;GI;GIB;Gibraltar;500.0;500.0;1500.0;500.0;500.0;500.0;500.0;1500.0;1500.0;500.0;500.0;500.0;4000.0;5000.0;9000.0;2500.0;3500.0;1.0;3.0;1.0;1.0;1.0;1.0;1.25;1.4;500.0;500.0;1500.0;500.0;500.0;500.0;500.0;1500.0;1500.0;500.0;500.0;500.0;4000.0;5000.0;9000.0;2500.0;3500.0;1.0;3.0;1.0;1.0;1.0;1.0;1.25;1.4;500.0;500.0;500.0;500.0;500.0;500.0;500.0;1500.0;1500.0;500.0;500.0;500.0;3000.0;5000.0;8000.0;1500.0;3500.0;1.0;3.0;3.0;1.0;1.0;1.0;1.6667;2.3333;2000.0;2000.0;2000.0;2000.0;2000.0;2000.0;2000.0;2000.0;3000.0;2000.0;2000.0;2000.0;12000.0;13000.0;25000.0;6000.0;7000.0;1.0;1.0;1.5;1.0;1.0;1.0;1.0833;1.1667;1000.0;1000.0;1000.0;1000.0;1000.0;1000.0;1000.0;1000.0;1000.0;1000.0;1000.0;1000.0;6000.0;6000.0;12000.0;3000.0;3000.0;1.0;1.0;1.0;1.0;1.0;1.0;1.0;1.0;500.0;500.0;1500.0;500.0;500.0;500.0;500.0;1500.0;1500.0;500.0;500.0;500.0;4000.0;5000.0;9000.0;2500.0;3500.0;1.0;3.0;1.0;1.0;1.0;1.0;1.25;1.4;500.0;500.0;500.0;500.0;500.0;500.0;500.0;1500.0;500.0;500.0;500.0;500.0;3000.0;4000.0;7000.0;1500.0;2500.0;1.0;3.0;1.0;1.0;1.0;1.0;1.3333;1.6667;500.0;500.0;1500.0;500.0;500.0;500.0;500.0;1500.0;2000.0;500.0;500.0;500.0;4000.0;5500.0;9500.0;2500.0;4000.0;1.0;3.0;1.3333;1.0;1.0;1.0;1.375;1.6;1.0318;3.1381;1.017;1.01;0.9897;0.9108;1.2201;1.4297;1.0318;3.1381;1.017;1.01;0.9897;0.9108;1.2201;1.4297;1.0318;3.1381;3.051;1.01;0.9897;0.9108;1.6268;2.3829;1.0318;1.046;1.5255;1.01;0.9897;0.9108;1.0574;1.1915;1.0318;1.046;1.017;1.01;0.9897;0.9108;0.9761;1.0212;;;;;;;;;;;;;;;;;;;;;;;;;0.5302;0.2973;0.5959;0.1912;0.2001;0.0927;0.547;0.9328;0.6061;0.1931;0.198;0.0845;0.2556;0.3119;0.2841;0.3669;0.5246;0.5302;0.2973;0.5959;0.1912;0.2001;0.0927;0.547;0.9328;0.6061;0.1931;0.198;0.0845;0.2556;0.3119;0.2841;0.3669;0.5246;0.5302;0.2973;0.1986;0.1912;0.2001;0.0927;0.547;0.9328;0.6061;0.1931;0.198;0.0845;0.1917;0.3119;0.2525;0.2201;0.5246;2.1209;1.1891;0.7946;0.7648;0.8003;0.371;2.1882;1.2438;1.2121;0.7725;0.7921;0.3379;0.7669;0.811;0.7892;0.8805;1.0492;1.0604;0.5945;0.3973;0.3824;0.4002;0.1855;1.0941;0.6219;0.404;0.3862;0.396;0.1689;0.3835;0.3743;0.3788;0.4403;0.4496;;;;;;;;;;;;;;;;;;;;;;;;;;;;;;;;;;;;;;;;;;;;;;;;;;;
country;GL;GRL;Greenland;500.0;500.0;500.0;500.0;500.0;500.0;500.0;500.0;500.0;500.0;500.0;500.0;3000.0;3000.0;6000.0;1500.0;1500.0;1.0;1.0;1.0;1.0;1.0;1.0;1.0;1.0;500.0;500.0;500.0;500.0;500.0;500.0;500.0;500.0;500.0;500.0;500.0;500.0;3000.0;3000.0;6000.0;1500.0;1500.0;1.0;1.0;1.0;1.0;1.0;1.0;1.0;1.0;500.0;500.0;500.0;500.0;500.0;500.0;500.0;500.0;500.0;500.0;500.0;500.0;3000.0;3000.0;6000.0;1500.0;1500.0;1.0;1.0;1.0;1.0;1.0;1.0;1.0;1.0;2000.0;2000.0;2000.0;2000.0;2000.0;2000.0;2000.0;2000.0;2000.0;2000.0;2000.0;2000.0;12000.0;12000.0;24000.0;6000.0;6000.0;1.0;1.0;1.0;1.0;1.0;1.0;1.0;1.0;1000.0;1000.0;1000.0;1000.0;1000.0;1000.0;1000.0;1000.0;1000.0;1000.0;1000.0;1000.0;6000.0;6000.0;12000.0;3000.0;3000.0;1.0;1.0;1.0;1.0;1.0;1.0;1.0;1.0;500.0;500.0;500.0;500.0;500.0;500.0;500.0;500.0;500.0;500.0;500.0;500.0;3000.0;3000.0;6000.0;1500.0;1500.0;1.0;1.0;1.0;1.0;1.0;1.0;1.0;1.0;500.0;500.0;500.0;500.0;500.0;500.0;500.0;500.0;500.0;500.0;500.0;500.0;3000.0;3000.0;6000.0;1500.0;1500.0;1.0;1.0;1.0;1.0;1.0;1.0;1.0;1.0;500.0;500.0;500.0;500.0;500.0;500.0;500.0;500.0;1500.0;500.0;500.0;500.0;3000.0;4000.0;7000.0;1500.0;2500.0;1.0;1.0;3.0;1.0;1.0;1.0;1.3333;1.6667;1.0593;1.0506;1.0487;1.125;1.228;1.1827;1.1273;1.0752;1.0593;1.0506;1.0487;1.125;1.228;1.1827;1.1273;1.0752;1.0593;1.0506;1.0487;1.125;1.228;1.1827;1.1273;1.0752;1.0593;1.0506;1.0487;1.125;1.228;1.1827;1.1273;1.0752;1.0593;1.0506;1.0487;1.125;1.228;1.1827;1.1273;1.0752;;;;;;;;;;;;;;;;;;;;;;;;;0.3458;0.193;0.1063;0.124;0.144;0.0655;0.3663;0.2028;0.1115;0.1395;0.1768;0.0775;0.1257;0.1417;0.1332;0.1325;0.1424;0.3458;0.193;0.1063;0.124;0.144;0.0655;0.3663;0.2028;0.1115;0.1395;0.1768;0.0775;0.1257;0.1417;0.1332;0.1325;0.1424;0.3458;0.193;0.1063;0.124;0.144;0.0655;0.3663;0.2028;0.1115;0.1395;0.1768;0.0775;0.1257;0.1417;0.1332;0.1325;0.1424;1.3831;0.7719;0.4254;0.4962;0.5759;0.2621;1.4652;0.811;0.446;0.5582;0.7072;0.31;0.5027;0.5667;0.5327;0.5298;0.5696;0.6916;0.386;0.2127;0.2481;0.2879;0.1311;0.7326;0.4055;0.223;0.2791;0.3536;0.155;0.2513;0.2833;0.2664;0.2649;0.2848;;;;;;;;;;;;;;;;;;;;;;;;;;;;;;;;;;;;;;;;;;;;;;;;;;;
country;GN;GIN;Guinea;500.0;172000.0;146000.0;47000.0;13500.0;11000.0;500.0;82500.0;92500.0;31000.0;9500.0;8000.0;390000.0;224000.0;614000.0;365000.0;206000.0;1.0;0.4797;0.6336;0.6596;0.7037;0.7273;0.5744;0.5644;500.0;85000.0;77500.0;22500.0;5500.0;4000.0;500.0;40500.0;47000.0;15000.0;3000.0;4000.0;195000.0;110000.0;305000.0;185000.0;102500.0;1.0;0.4765;0.6065;0.6667;0.5455;1.0;0.5641;0.5541;500.0;76000.0;53000.0;11500.0;3000.0;2500.0;500.0;34000.0;31500.0;7500.0;2500.0;2000.0;146500.0;78000.0;224500.0;140500.0;73000.0;1.0;0.4474;0.5943;0.6522;0.8333;0.8;0.5324;0.5196;2000.0;142000.0;124000.0;36500.0;11000.0;10000.0;2000.0;61000.0;73500.0;26500.0;8000.0;8000.0;325500.0;179000.0;504500.0;302500.0;161000.0;1.0;0.4296;0.5927;0.726;0.7273;0.8;0.5499;0.5322;1000.0;53000.0;56500.0;15500.0;3500.0;3000.0;1000.0;27500.0;42000.0;15500.0;3500.0;3000.0;132500.0;92500.0;225000.0;125000.0;85000.0;1.0;0.5189;0.7434;1.0;1.0;1.0;0.6981;0.68;500.0;92500.0;81500.0;21500.0;5000.0;4000.0;500.0;27000.0;39500.0;12000.0;2500.0;3000.0;205000.0;84500.0;289500.0;195500.0;78500.0;1.0;0.2919;0.4847;0.5581;0.5;0.75;0.4122;0.4015;500.0;99500.0;78500.0;21000.0;5000.0;4000.0;500.0;27000.0;34000.0;11500.0;2000.0;2500.0;208500.0;77500.0;286000.0;199000.0;72500.0;1.0;0.2714;0.4331;0.5476;0.4;0.625;0.3717;0.3643;500.0;171500.0;182500.0;62500.0;15000.0;12000.0;500.0;74000.0;120500.0;48000.0;11500.0;10500.0;444000.0;265000.0;709000.0;416500.0;242500.0;1.0;0.4315;0.6603;0.768;0.7667;0.875;0.5968;0.5822;1.0262;0.4906;0.6326;0.5997;0.5842;0.5617;0.5429;0.5556;1.0262;0.4874;0.6055;0.6061;0.4528;0.7723;0.5332;0.5455;1.0262;0.4576;0.5934;0.593;0.6918;0.6179;0.5032;0.5115;1.0262;0.4394;0.5918;0.6601;0.6038;0.6179;0.5198;0.5239;1.0262;0.5307;0.7422;0.9092;0.8302;0.7723;0.6598;0.6694;;;;;;;;;;;;;;;;;;;;;;;;;0.0008;0.1749;0.1338;0.0747;0.0348;0.0233;0.0008;0.0858;0.0847;0.0448;0.0204;0.0131;0.0926;0.0502;0.0708;0.135;0.075;0.0008;0.0864;0.071;0.0358;0.0142;0.0085;0.0008;0.0421;0.043;0.0217;0.0064;0.0066;0.0463;0.0247;0.0352;0.0684;0.0373;0.0008;0.0773;0.0486;0.0183;0.0077;0.0053;0.0008;0.0354;0.0288;0.0108;0.0054;0.0033;0.0348;0.0175;0.0259;0.052;0.0266;0.0031;0.1444;0.1137;0.058;0.0284;0.0212;0.0031;0.0634;0.0673;0.0383;0.0171;0.0131;0.0772;0.0402;0.0582;0.1119;0.0586;0.0015;0.0539;0.0518;0.0246;0.009;0.0064;0.0016;0.0286;0.0384;0.0224;0.0075;0.0049;0.0314;0.0207;0.0259;0.0462;0.031;;;;;;;;;;;;;;;;;;;;;;;;;;;;;;;;;;;;;;;;;;;;;;;;;;;
country;GP;GLP;Guadeloupe;500.0;2500.0;3500.0;1500.0;1500.0;1500.0;500.0;5000.0;7500.0;4000.0;2000.0;2500.0;11000.0;21500.0;32500.0;7500.0;16500.0;1.0;2.0;2.1429;2.6667;1.3333;1.6667;1.9545;2.2;500.0;1500.0;1500.0;500.0;500.0;500.0;500.0;2500.0;3500.0;1500.0;500.0;1500.0;5000.0;10000.0;15000.0;3500.0;7500.0;1.0;1.6667;2.3333;3.0;1.0;3.0;2.0;2.1429;500.0;1500.0;1500.0;500.0;500.0;500.0;500.0;2500.0;3000.0;1500.0;500.0;500.0;5000.0;8500.0;13500.0;3500.0;7000.0;1.0;1.6667;2.0;3.0;1.0;1.0;1.7;2.0;2000.0;3000.0;4000.0;2000.0;2000.0;2000.0;2000.0;5000.0;6500.0;3000.0;2000.0;3000.0;15000.0;21500.0;36500.0;9000.0;14500.0;1.0;1.6667;1.625;1.5;1.0;1.5;1.4333;1.6111;1000.0;1000.0;1000.0;1000.0;1000.0;1000.0;1000.0;2000.0;3500.0;2000.0;1000.0;1000.0;6000.0;10500.0;16500.0;3000.0;7500.0;1.0;2.0;3.5;2.0;1.0;1.0;1.75;2.5;500.0;1500.0;2000.0;500.0;500.0;500.0;500.0;2500.0;4000.0;1500.0;500.0;1500.0;5500.0;10500.0;16000.0;4000.0;8000.0;1.0;1.6667;2.0;3.0;1.0;3.0;1.9091;2.0;500.0;1500.0;1500.0;500.0;500.0;500.0;500.0;2000.0;3000.0;1500.0;500.0;500.0;5000.0;8000.0;13000.0;3500.0;6500.0;1.0;1.3333;2.0;3.0;1.0;1.0;1.6;1.8571;500.0;3500.0;5000.0;2500.0;1500.0;1500.0;500.0;8500.0;12000.0;6000.0;4000.0;5000.0;14500.0;36000.0;50500.0;11000.0;26500.0;1.0;2.4286;2.4;2.4;2.6667;3.3333;2.4828;2.4091;1.0757;2.0914;1.6869;1.8116;0.9791;1.3072;1.5605;1.7732;1.0757;1.7429;1.8368;2.038;0.7344;2.3529;1.5968;1.7272;1.0757;1.7429;1.5744;2.038;0.7344;0.7843;1.3573;1.612;1.0757;1.7429;1.2792;1.019;0.7344;1.1765;1.1444;1.2985;1.0757;2.0914;2.7553;1.3587;0.7344;0.7843;1.3972;2.015;;;;;;;;;;;;;;;;;;;;;;;;;0.0482;0.1758;0.2307;0.0964;0.0673;0.0233;0.0519;0.3676;0.3892;0.1747;0.0659;0.0305;0.0775;0.121;0.1017;0.1668;0.2958;0.0482;0.1055;0.0989;0.0321;0.0224;0.0078;0.0519;0.1838;0.1816;0.0655;0.0165;0.0183;0.0352;0.0563;0.0469;0.0779;0.1345;0.0482;0.1055;0.0989;0.0321;0.0224;0.0078;0.0519;0.1838;0.1557;0.0655;0.0165;0.0061;0.0352;0.0478;0.0422;0.0779;0.1255;0.193;0.2109;0.2637;0.1286;0.0898;0.0311;0.2076;0.3676;0.3373;0.131;0.0659;0.0366;0.1057;0.121;0.1142;0.2002;0.26;0.0965;0.0703;0.0659;0.0643;0.0449;0.0155;0.1038;0.147;0.1816;0.0873;0.033;0.0122;0.0423;0.0591;0.0516;0.0667;0.1345;;;;;;;;;;;;;;;;;;;;;;;;;;;;;;;;;;;;;;;;;;;;;;;;;;;
country;GQ;GNQ;Equatorial Guinea;500.0;500.0;2000.0;500.0;500.0;500.0;500.0;500.0;1500.0;500.0;500.0;500.0;4500.0;4000.0;8500.0;3000.0;2500.0;1.0;1.0;0.75;1.0;1.0;1.0;0.8889;0.8333;500.0;500.0;1500.0;500.0;500.0;500.0;500.0;500.0;500.0;500.0;500.0;500.0;4000.0;3000.0;7000.0;2500.0;1500.0;1.0;1.0;0.3333;1.0;1.0;1.0;0.75;0.6;500.0;500.0;500.0;500.0;500.0;500.0;500.0;500.0;500.0;500.0;500.0;500.0;3000.0;3000.0;6000.0;1500.0;1500.0;1.0;1.0;1.0;1.0;1.0;1.0;1.0;1.0;2000.0;2000.0;3000.0;2000.0;2000.0;2000.0;2000.0;2000.0;2000.0;2000.0;2000.0;2000.0;13000.0;12000.0;25000.0;7000.0;6000.0;1.0;1.0;0.6667;1.0;1.0;1.0;0.9231;0.8571;1000.0;1000.0;2000.0;1000.0;1000.0;1000.0;1000.0;1000.0;1000.0;1000.0;1000.0;1000.0;7000.0;6000.0;13000.0;4000.0;3000.0;1.0;1.0;0.5;1.0;1.0;1.0;0.8571;0.75;500.0;500.0;1500.0;500.0;500.0;500.0;500.0;500.0;500.0;500.0;500.0;500.0;4000.0;3000.0;7000.0;2500.0;1500.0;1.0;1.0;0.3333;1.0;1.0;1.0;0.75;0.6;500.0;500.0;500.0;500.0;500.0;500.0;500.0;500.0;500.0;500.0;500.0;500.0;3000.0;3000.0;6000.0;1500.0;1500.0;1.0;1.0;1.0;1.0;1.0;1.0;1.0;1.0;500.0;1500.0;2500.0;500.0;500.0;500.0;500.0;1500.0;1500.0;500.0;500.0;500.0;6000.0;5000.0;11000.0;4500.0;3500.0;1.0;1.0;0.6;1.0;1.0;1.0;0.8333;0.7778;1.0141;1.0929;0.8934;1.386;1.3515;1.0154;1.0479;1.018;1.0141;1.0929;0.397;1.386;1.3515;1.0154;0.8841;0.733;1.0141;1.0929;1.1912;1.386;1.3515;1.0154;1.1788;1.2216;1.0141;1.0929;0.7942;1.386;1.3515;1.0154;1.0882;1.047;1.0141;1.0929;0.5956;1.386;1.3515;1.0154;1.0104;0.9162;;;;;;;;;;;;;;;;;;;;;;;;;0.0069;0.0047;0.0132;0.0036;0.0057;0.0061;0.007;0.0052;0.0118;0.005;0.0077;0.0062;0.0071;0.0074;0.0072;0.0076;0.0077;0.0069;0.0047;0.0099;0.0036;0.0057;0.0061;0.007;0.0052;0.0039;0.005;0.0077;0.0062;0.0063;0.0056;0.0059;0.0063;0.0046;0.0069;0.0047;0.0033;0.0036;0.0057;0.0061;0.007;0.0052;0.0039;0.005;0.0077;0.0062;0.0047;0.0056;0.0051;0.0038;0.0046;0.0276;0.019;0.0198;0.0146;0.0227;0.0243;0.028;0.0207;0.0157;0.0202;0.0307;0.0247;0.0204;0.0222;0.0212;0.0178;0.0186;0.0138;0.0095;0.0132;0.0073;0.0114;0.0121;0.014;0.0104;0.0079;0.0101;0.0154;0.0123;0.011;0.0111;0.011;0.0101;0.0093;;;;;;;;;;;;;;;;;;;;;;;;;;;;;;;;;;;;;;;;;;;;;;;;;;;
country;GR;GRC;Greece;500.0;180500.0;356000.0;207500.0;172000.0;129500.0;500.0;281500.0;521500.0;297500.0;268500.0;232000.0;1046000.0;1601500.0;2647500.0;744000.0;1100500.0;1.0;1.5596;1.4649;1.4337;1.561;1.7915;1.5311;1.4792;500.0;176000.0;356000.0;212500.0;177500.0;135000.0;500.0;269500.0;517000.0;306000.0;279000.0;245000.0;1057500.0;1617000.0;2674500.0;744500.0;1092500.0;1.0;1.5312;1.4522;1.44;1.5718;1.8148;1.5291;1.4674;500.0;165000.0;310500.0;171000.0;141000.0;98500.0;500.0;251500.0;449500.0;233000.0;206000.0;166000.0;886500.0;1306500.0;2193000.0;646500.0;934000.0;1.0;1.5242;1.4477;1.3626;1.461;1.6853;1.4738;1.4447;2000.0;355000.0;699000.0;394000.0;302500.0;229000.0;2000.0;561000.0;1211500.0;612500.0;512000.0;425000.0;1981500.0;3324000.0;5305500.0;1448000.0;2385000.0;1.0;1.5803;1.7332;1.5546;1.6926;1.8559;1.6775;1.6471;1000.0;77000.0;181000.0;109500.0;88500.0;68000.0;1000.0;180500.0;413500.0;220000.0;165500.0;133500.0;525000.0;1114000.0;1639000.0;367500.0;814000.0;1.0;2.3442;2.2845;2.0091;1.8701;1.9632;2.1219;2.215;500.0;177000.0;351500.0;210500.0;175000.0;129500.0;500.0;274000.0;519500.0;308500.0;280500.0;237000.0;1044000.0;1620000.0;2664000.0;739000.0;1102000.0;1.0;1.548;1.478;1.4656;1.6029;1.8301;1.5517;1.4912;500.0;127000.0;262500.0;167000.0;149500.0;114000.0;500.0;205000.0;408500.0;246000.0;241500.0;206000.0;820500.0;1307500.0;2128000.0;556500.0;859500.0;1.0;1.6142;1.5562;1.4731;1.6154;1.807;1.5935;1.5445;500.0;183000.0;366500.0;222500.0;185000.0;140500.0;500.0;291500.0;558000.0;343500.0;307000.0;263000.0;1098000.0;1763500.0;2861500.0;772000.0;1193000.0;1.0;1.5929;1.5225;1.5438;1.6595;1.8719;1.6061;1.5453;1.0652;1.721;1.5584;1.431;1.4895;1.4497;1.4136;1.5437;1.0652;1.6897;1.5449;1.4373;1.4998;1.4685;1.4118;1.5314;1.0652;1.682;1.5401;1.36;1.3941;1.3637;1.3607;1.5077;1.0652;1.7439;1.8438;1.5517;1.6151;1.5018;1.5488;1.719;1.0652;2.5868;2.4303;2.0053;1.7844;1.5886;1.9591;2.3116;;;;;;;;;;;;;;;;;;;;;;;;;0.0023;0.4693;0.6399;0.3014;0.2234;0.0754;0.0024;0.8076;0.9973;0.4313;0.3328;0.1092;0.2411;0.3408;0.2929;0.4566;0.7049;0.0023;0.4576;0.6399;0.3087;0.2306;0.0786;0.0024;0.7732;0.9887;0.4436;0.3458;0.1154;0.2437;0.3441;0.2959;0.4569;0.6998;0.0023;0.429;0.5581;0.2484;0.1832;0.0573;0.0024;0.7215;0.8596;0.3378;0.2554;0.0782;0.2043;0.278;0.2426;0.3968;0.5982;0.009;0.9229;1.2565;0.5723;0.393;0.1333;0.0096;1.6095;2.3169;0.888;0.6347;0.2001;0.4566;0.7073;0.587;0.8887;1.5276;0.0045;0.2002;0.3254;0.1591;0.115;0.0396;0.0048;0.5178;0.7908;0.319;0.2052;0.0629;0.121;0.237;0.1813;0.2255;0.5214;;;;;;;;;;;;;;;;;;;;;;;;;;;;;;;;;;;;;;;;;;;;;;;;;;;
country;GT;GTM;Guatemala;500.0;1354000.0;1726000.0;716000.0;298500.0;239500.0;500.0;1280500.0;1626500.0;646500.0;314000.0;280500.0;4334500.0;4148500.0;8483000.0;3796000.0;3553500.0;1.0;0.9457;0.9424;0.9029;1.0519;1.1712;0.9571;0.9361;500.0;1296000.0;1722500.0;705000.0;292000.0;233000.0;500.0;1233000.0;1614000.0;636000.0;302000.0;275000.0;4249000.0;4060500.0;8309500.0;3723500.0;3483000.0;1.0;0.9514;0.937;0.9021;1.0342;1.1803;0.9556;0.9354;500.0;1114500.0;1424000.0;593000.0;232500.0;177000.0;500.0;1074000.0;1365000.0;538000.0;244000.0;208500.0;3541500.0;3430000.0;6971500.0;3131500.0;2977000.0;1.0;0.9637;0.9586;0.9073;1.0495;1.178;0.9685;0.9507;2000.0;1965500.0;2525500.0;1056500.0;399500.0;295500.0;2000.0;1952000.0;2512000.0;987500.0;412000.0;322500.0;6244500.0;6188000.0;12432500.0;5547500.0;5451500.0;1.0;0.9931;0.9947;0.9347;1.0313;1.0914;0.991;0.9827;1000.0;706000.0;1229000.0;494500.0;85500.0;72500.0;1000.0;1352000.0;1689500.0;672500.0;101500.0;88500.0;2588500.0;3905000.0;6493500.0;2429500.0;3714000.0;1.0;1.915;1.3747;1.36;1.1871;1.2207;1.5086;1.5287;500.0;1226500.0;1629500.0;616000.0;237500.0;196000.0;500.0;1183500.0;1537500.0;549000.0;243500.0;232000.0;3906000.0;3746000.0;7652000.0;3472000.0;3270000.0;1.0;0.9649;0.9435;0.8912;1.0253;1.1837;0.959;0.9418;500.0;386000.0;1384000.0;581500.0;256000.0;77000.0;500.0;388500.0;1315000.0;537500.0;276500.0;94500.0;2685000.0;2612500.0;5297500.0;2351500.0;2241000.0;1.0;1.0065;0.9501;0.9243;1.0801;1.2273;0.973;0.953;500.0;1568500.0;2147000.0;852500.0;350500.0;278000.0;500.0;1498000.0;1963000.0;767500.0;366000.0;328500.0;5197000.0;4923500.0;10120500.0;4568000.0;4228500.0;1.0;0.9551;0.9143;0.9003;1.0442;1.1817;0.9474;0.9257;1.0238;0.9641;0.9486;0.8814;0.9399;0.9569;0.9231;0.9382;1.0238;0.9699;0.9431;0.8806;0.9241;0.9643;0.9217;0.9375;1.0238;0.9825;0.9649;0.8857;0.9377;0.9624;0.9341;0.9528;1.0238;1.0124;1.0012;0.9124;0.9215;0.8917;0.9558;0.9849;1.0238;1.9523;1.3837;1.3276;1.0607;0.9973;1.4551;1.5321;;;;;;;;;;;;;;;;;;;;;;;;;0.0007;1.0386;1.1007;0.6616;0.461;0.3051;0.0007;1.0014;1.044;0.5832;0.4333;0.2919;0.7044;0.6503;0.6769;0.9601;0.9007;0.0007;0.9941;1.0985;0.6515;0.451;0.2968;0.0007;0.9642;1.036;0.5737;0.4167;0.2862;0.6905;0.6365;0.663;0.9417;0.8828;0.0007;0.8549;0.9081;0.548;0.3591;0.2255;0.0007;0.8399;0.8762;0.4853;0.3367;0.217;0.5756;0.5377;0.5563;0.792;0.7546;0.0026;1.5077;1.6106;0.9763;0.617;0.3764;0.0027;1.5265;1.6124;0.8908;0.5685;0.3356;1.0149;0.97;0.992;1.4031;1.3818;0.0013;0.5416;0.7838;0.457;0.132;0.0924;0.0013;1.0573;1.0845;0.6066;0.1401;0.0921;0.4207;0.6121;0.5181;0.6145;0.9414;;;;;;;;;;;;;;;;;;;;;;;;;;;;;;;;;;;;;;;;;;;;;;;;;;;
country;GW;GNB;Guinea-Bissau;500.0;3000.0;3500.0;500.0;500.0;500.0;500.0;1500.0;1500.0;500.0;500.0;500.0;8500.0;5000.0;13500.0;7000.0;3500.0;1.0;0.5;0.4286;1.0;1.0;1.0;0.5882;0.5;500.0;1500.0;2000.0;500.0;500.0;500.0;500.0;500.0;500.0;500.0;500.0;500.0;5500.0;3000.0;8500.0;4000.0;1500.0;1.0;0.3333;0.25;1.0;1.0;1.0;0.5455;0.375;500.0;500.0;500.0;500.0;500.0;500.0;500.0;500.0;500.0;500.0;500.0;500.0;3000.0;3000.0;6000.0;1500.0;1500.0;1.0;1.0;1.0;1.0;1.0;1.0;1.0;1.0;2000.0;3000.0;3000.0;2000.0;2000.0;2000.0;2000.0;2000.0;2000.0;2000.0;2000.0;2000.0;14000.0;12000.0;26000.0;8000.0;6000.0;1.0;0.6667;0.6667;1.0;1.0;1.0;0.8571;0.75;1000.0;2000.0;2000.0;1000.0;1000.0;1000.0;1000.0;1000.0;2000.0;1000.0;1000.0;1000.0;8000.0;7000.0;15000.0;5000.0;4000.0;1.0;0.5;1.0;1.0;1.0;1.0;0.875;0.8;500.0;1500.0;2000.0;500.0;500.0;500.0;500.0;500.0;500.0;500.0;500.0;500.0;5500.0;3000.0;8500.0;4000.0;1500.0;1.0;0.3333;0.25;1.0;1.0;1.0;0.5455;0.375;500.0;500.0;1500.0;500.0;500.0;500.0;500.0;500.0;500.0;500.0;500.0;500.0;4000.0;3000.0;7000.0;2500.0;1500.0;1.0;1.0;0.3333;1.0;1.0;1.0;0.75;0.6;500.0;3000.0;4000.0;500.0;500.0;500.0;500.0;2500.0;2500.0;500.0;500.0;500.0;9000.0;7000.0;16000.0;7500.0;5500.0;1.0;0.8333;0.625;1.0;1.0;1.0;0.7778;0.7333;1.0169;0.5051;0.4274;0.9786;0.893;0.692;0.5575;0.4982;1.0169;0.3367;0.2493;0.9786;0.893;0.692;0.5171;0.3736;1.0169;1.0101;0.9971;0.9786;0.893;0.692;0.9479;0.9963;1.0169;0.6734;0.6648;0.9786;0.893;0.692;0.8124;0.7472;1.0169;0.5051;0.9971;0.9786;0.893;0.692;0.8294;0.7971;;;;;;;;;;;;;;;;;;;;;;;;;0.0051;0.0207;0.0218;0.0043;0.007;0.0081;0.0052;0.0105;0.0093;0.0042;0.0062;0.0056;0.013;0.0073;0.0101;0.0166;0.0083;0.0051;0.0104;0.0124;0.0043;0.007;0.0081;0.0052;0.0035;0.0031;0.0042;0.0062;0.0056;0.0084;0.0044;0.0063;0.0095;0.0035;0.0051;0.0035;0.0031;0.0043;0.007;0.0081;0.0052;0.0035;0.0031;0.0042;0.0062;0.0056;0.0046;0.0044;0.0045;0.0036;0.0035;0.0206;0.0207;0.0187;0.0173;0.0279;0.0326;0.0209;0.0139;0.0124;0.0169;0.0249;0.0225;0.0215;0.0175;0.0194;0.019;0.0142;0.0103;0.0138;0.0124;0.0087;0.0139;0.0163;0.0105;0.007;0.0124;0.0085;0.0124;0.0113;0.0123;0.0102;0.0112;0.0119;0.0095;;;;;;;;;;;;;;;;;;;;;;;;;;;;;;;;;;;;;;;;;;;;;;;;;;;
country;HK;HKG;Hong Kong;500.0;15000.0;23000.0;10500.0;3000.0;2000.0;500.0;17500.0;29000.0;16000.0;4000.0;2000.0;54000.0;69000.0;123000.0;48500.0;62500.0;1.0;1.1667;1.2609;1.5238;1.3333;1.0;1.2778;1.2887;500.0;13000.0;21000.0;8500.0;2500.0;1500.0;500.0;14000.0;20500.0;7000.0;1500.0;1500.0;47000.0;45000.0;92000.0;42500.0;41500.0;1.0;1.0769;0.9762;0.8235;0.6;1.0;0.9574;0.9765;500.0;10500.0;13000.0;5500.0;1500.0;1500.0;500.0;12000.0;14000.0;5000.0;1500.0;1500.0;32500.0;34500.0;67000.0;29000.0;31000.0;1.0;1.1429;1.0769;0.9091;1.0;1.0;1.0615;1.069;2000.0;19500.0;24000.0;9500.0;3000.0;3000.0;2000.0;24000.0;26000.0;7500.0;3000.0;3000.0;61000.0;65500.0;126500.0;53000.0;57500.0;1.0;1.2308;1.0833;0.7895;1.0;1.0;1.0738;1.0849;1000.0;8000.0;14000.0;5500.0;2000.0;1000.0;1000.0;12000.0;23500.0;13000.0;3500.0;1000.0;31500.0;54000.0;85500.0;27500.0;48500.0;1.0;1.5;1.6786;2.3636;1.75;1.0;1.7143;1.7636;500.0;11500.0;18500.0;6500.0;2000.0;1500.0;500.0;14000.0;18500.0;6500.0;1500.0;1500.0;40500.0;42500.0;83000.0;36500.0;39000.0;1.0;1.2174;1.0;1.0;0.75;1.0;1.0494;1.0685;500.0;9500.0;14000.0;5000.0;1500.0;1500.0;500.0;11000.0;14000.0;6000.0;1500.0;500.0;32000.0;33500.0;65500.0;28500.0;31000.0;1.0;1.1579;1.0;1.2;1.0;0.3333;1.0469;1.0877;500.0;17000.0;26000.0;12000.0;3000.0;2500.0;500.0;20500.0;35000.0;19500.0;5500.0;2500.0;61000.0;83500.0;144500.0;55000.0;75000.0;1.0;1.2059;1.3462;1.625;1.8333;1.0;1.3689;1.3636;1.0269;1.1538;1.0462;0.9811;0.9196;0.8713;1.0225;0.9804;1.0269;1.065;0.81;0.5302;0.4138;0.8713;0.7661;0.7429;1.0269;1.1302;0.8935;0.5853;0.6897;0.8713;0.8494;0.8133;1.0269;1.2172;0.8989;0.5083;0.6897;0.8713;0.8592;0.8254;1.0269;1.4834;1.3928;1.5218;1.207;0.8713;1.3718;1.3418;;;;;;;;;;;;;;;;;;;;;;;;;0.0043;0.074;0.0526;0.023;0.0064;0.0015;0.0044;0.0854;0.055;0.0225;0.0059;0.0013;0.0181;0.0185;0.0183;0.0442;0.0433;0.0043;0.0642;0.048;0.0186;0.0053;0.0012;0.0044;0.0683;0.0389;0.0099;0.0022;0.001;0.0158;0.0121;0.0137;0.0387;0.0288;0.0043;0.0518;0.0297;0.012;0.0032;0.0012;0.0044;0.0586;0.0266;0.007;0.0022;0.001;0.0109;0.0093;0.01;0.0264;0.0215;0.0171;0.0963;0.0549;0.0208;0.0064;0.0023;0.0176;0.1172;0.0493;0.0106;0.0044;0.002;0.0205;0.0176;0.0189;0.0483;0.0399;0.0086;0.0395;0.032;0.012;0.0043;0.0008;0.0088;0.0586;0.0446;0.0183;0.0052;0.0007;0.0106;0.0145;0.0128;0.0251;0.0336;;;;;;;;;;;;;;;;;;;;;;;;;;;;;;;;;;;;;;;;;;;;;;;;;;;
country;HN;HND;Honduras;500.0;182500.0;247000.0;97500.0;43000.0;35000.0;500.0;186000.0;252500.0;103000.0;50500.0;44000.0;605500.0;636500.0;1242000.0;527000.0;541500.0;1.0;1.0192;1.0223;1.0564;1.1744;1.2571;1.0512;1.0275;500.0;72000.0;98500.0;39500.0;19500.0;15000.0;500.0;60500.0;80500.0;35000.0;19000.0;17500.0;245000.0;213000.0;458000.0;210000.0;176000.0;1.0;0.8403;0.8173;0.8861;0.9744;1.1667;0.8694;0.8381;500.0;29000.0;37500.0;15000.0;7500.0;5000.0;500.0;50500.0;71500.0;31500.0;11500.0;7500.0;94500.0;173000.0;267500.0;81500.0;153500.0;1.0;1.7414;1.9067;2.1;1.5333;1.5;1.8307;1.8834;2000.0;63000.0;87500.0;35500.0;19500.0;15000.0;2000.0;64500.0;87000.0;37500.0;24500.0;18500.0;222500.0;234000.0;456500.0;186000.0;189000.0;1.0;1.0238;0.9943;1.0563;1.2564;1.2333;1.0517;1.0161;1000.0;21000.0;30500.0;13000.0;5500.0;4500.0;1000.0;56500.0;92500.0;34000.0;12000.0;7500.0;75500.0;203500.0;279000.0;64500.0;183000.0;1.0;2.6905;3.0328;2.6154;2.1818;1.6667;2.6954;2.8372;500.0;228000.0;310500.0;125000.0;55000.0;39500.0;500.0;238500.0;328500.0;130500.0;61500.0;49500.0;758500.0;809000.0;1567500.0;663500.0;697500.0;1.0;1.0461;1.058;1.044;1.1182;1.2532;1.0666;1.0512;500.0;38500.0;51000.0;17000.0;8000.0;5500.0;500.0;41500.0;45000.0;17000.0;9500.0;7000.0;120500.0;120500.0;241000.0;106500.0;103500.0;1.0;1.0779;0.8824;1.0;1.1875;1.2727;1.0;0.9718;500.0;277500.0;363500.0;132000.0;59500.0;43000.0;500.0;289500.0;374000.0;144000.0;69000.0;55000.0;876000.0;932000.0;1808000.0;773000.0;807500.0;1.0;1.0432;1.0289;1.0909;1.1597;1.2791;1.0639;1.0446;1.0485;1.0636;1.0553;1.0736;1.1431;1.0779;1.0517;1.0594;1.0485;0.8769;0.8437;0.9005;0.9484;1.0003;0.8698;0.8641;1.0485;1.8172;1.9683;2.1341;1.4924;1.2861;1.8316;1.9418;1.0485;1.0684;1.0264;1.0735;1.2229;1.0574;1.0522;1.0476;1.0485;2.8076;3.1308;2.6579;2.1236;1.429;2.6967;2.9253;;;;;;;;;;;;;;;;;;;;;;;;;0.0011;0.2424;0.2679;0.138;0.0938;0.0754;0.0012;0.2578;0.2828;0.1482;0.1073;0.0813;0.1619;0.1703;0.1661;0.2213;0.2344;0.0011;0.0956;0.1069;0.0559;0.0426;0.0323;0.0012;0.0838;0.0902;0.0504;0.0404;0.0323;0.0655;0.057;0.0613;0.0882;0.0762;0.0011;0.0385;0.0407;0.0212;0.0164;0.0108;0.0012;0.07;0.0801;0.0453;0.0244;0.0139;0.0253;0.0463;0.0358;0.0342;0.0665;0.0046;0.0837;0.0949;0.0503;0.0426;0.0323;0.0048;0.0894;0.0974;0.0539;0.052;0.0342;0.0595;0.0626;0.0611;0.0781;0.0818;0.0023;0.0279;0.0331;0.0184;0.012;0.0097;0.0024;0.0783;0.1036;0.0489;0.0255;0.0139;0.0202;0.0545;0.0373;0.0271;0.0792;;;;;;;;;;;;;;;;;;;;;;;;;;;;;;;;;;;;;;;;;;;;;;;;;;;
country;HR;HRV;Croatia;500.0;59500.0;116000.0;50500.0;36000.0;27500.0;500.0;100500.0;170500.0;73500.0;54000.0;46500.0;290000.0;445500.0;735500.0;226000.0;344500.0;1.0;1.6891;1.4698;1.4554;1.5;1.6909;1.5362;1.5243;500.0;58500.0;115000.0;49500.0;36000.0;28500.0;500.0;97000.0;167500.0;71500.0;54000.0;49500.0;288000.0;440000.0;728000.0;223000.0;336000.0;1.0;1.6581;1.4565;1.4444;1.5;1.7368;1.5278;1.5067;500.0;46000.0;78000.0;32000.0;23500.0;18000.0;500.0;74000.0;110500.0;44000.0;33000.0;28500.0;198000.0;290500.0;488500.0;156000.0;228500.0;1.0;1.6087;1.4167;1.375;1.4043;1.5833;1.4672;1.4647;2000.0;91000.0;163500.0;74500.0;58000.0;45500.0;2000.0;164000.0;260500.0;114500.0;87000.0;76000.0;434500.0;704000.0;1138500.0;329000.0;539000.0;1.0;1.8022;1.5933;1.5369;1.5;1.6703;1.6203;1.6383;1000.0;14500.0;30500.0;14500.0;11000.0;8500.0;1000.0;59000.0;109000.0;41000.0;28500.0;16500.0;80000.0;255000.0;335000.0;59500.0;209000.0;1.0;4.069;3.5738;2.8276;2.5909;1.9412;3.1875;3.5126;500.0;55000.0;103000.0;44500.0;33000.0;25000.0;500.0;91500.0;146000.0;63000.0;48000.0;42000.0;261000.0;391000.0;652000.0;202500.0;300500.0;1.0;1.6636;1.4175;1.4157;1.4545;1.68;1.4981;1.484;500.0;47500.0;88500.0;39500.0;30500.0;22000.0;500.0;78500.0;126000.0;56500.0;45000.0;37000.0;228500.0;343500.0;572000.0;175500.0;261000.0;1.0;1.6526;1.4237;1.4304;1.4754;1.6818;1.5033;1.4872;500.0;61500.0;119500.0;52500.0;38500.0;29000.0;500.0;104000.0;179000.0;80500.0;59000.0;51000.0;301500.0;474000.0;775500.0;233500.0;363500.0;1.0;1.6911;1.4979;1.5333;1.5325;1.7586;1.5721;1.5567;1.0554;1.7899;1.5514;1.5012;1.4933;1.3081;1.4022;1.5946;1.0554;1.757;1.5374;1.4898;1.4933;1.3436;1.3945;1.5762;1.0554;1.7047;1.4954;1.4183;1.398;1.2249;1.3392;1.5323;1.0554;1.9097;1.6818;1.5853;1.4933;1.2922;1.4789;1.7139;1.0554;4.3118;3.7722;2.9166;2.5793;1.5018;2.9094;3.6747;;;;;;;;;;;;;;;;;;;;;;;;;0.0059;0.4155;0.5229;0.1891;0.1352;0.0433;0.0063;0.7436;0.8112;0.2839;0.2019;0.0567;0.1793;0.2514;0.217;0.3575;0.5702;0.0059;0.4085;0.5183;0.1854;0.1352;0.0449;0.0063;0.7177;0.7969;0.2762;0.2019;0.0603;0.1781;0.2483;0.2148;0.3528;0.5561;0.0059;0.3212;0.3516;0.1198;0.0883;0.0284;0.0063;0.5475;0.5257;0.17;0.1234;0.0347;0.1224;0.164;0.1441;0.2468;0.3782;0.0237;0.6354;0.737;0.279;0.2179;0.0717;0.025;1.2134;1.2394;0.4423;0.3253;0.0926;0.2687;0.3973;0.3359;0.5205;0.8921;0.0119;0.1012;0.1375;0.0543;0.0413;0.0134;0.0125;0.4365;0.5186;0.1584;0.1066;0.0201;0.0495;0.1439;0.0988;0.0941;0.3459;;;;;;;;;;;;;;;;;;;;;;;;;;;;;;;;;;;;;;;;;;;;;;;;;;;
country;HT;HTI;Haiti;500.0;138500.0;123000.0;44000.0;16000.0;13000.0;500.0;113000.0;108500.0;36000.0;13500.0;10500.0;335000.0;282000.0;617000.0;305500.0;257500.0;1.0;0.8159;0.8821;0.8182;0.8438;0.8077;0.8418;0.8429;500.0;58500.0;53000.0;15500.0;4000.0;4000.0;500.0;43000.0;43000.0;11500.0;3500.0;2500.0;135500.0;104000.0;239500.0;127000.0;97500.0;1.0;0.735;0.8113;0.7419;0.875;0.625;0.7675;0.7677;500.0;61500.0;54000.0;16000.0;7000.0;4000.0;500.0;63000.0;67000.0;18000.0;7000.0;5000.0;143000.0;160500.0;303500.0;131500.0;148000.0;1.0;1.0244;1.2407;1.125;1.0;1.25;1.1224;1.1255;2000.0;82500.0;75500.0;22500.0;7500.0;6500.0;2000.0;75500.0;68500.0;18000.0;6500.0;5500.0;196500.0;176000.0;372500.0;180500.0;162000.0;1.0;0.9152;0.9073;0.8;0.8667;0.8462;0.8957;0.8975;1000.0;26500.0;33500.0;11000.0;2000.0;2000.0;1000.0;30000.0;38000.0;11000.0;2500.0;2000.0;76000.0;84500.0;160500.0;71000.0;79000.0;1.0;1.1321;1.1343;1.0;1.25;1.0;1.1118;1.1127;500.0;65000.0;63000.0;18500.0;5000.0;5000.0;500.0;51500.0;52000.0;15000.0;4000.0;3000.0;157000.0;126000.0;283000.0;146500.0;118500.0;1.0;0.7923;0.8254;0.8108;0.8;0.6;0.8025;0.8089;500.0;44000.0;40500.0;12000.0;3500.0;3500.0;500.0;35000.0;33000.0;8500.0;2500.0;2000.0;104000.0;81500.0;185500.0;96500.0;76500.0;1.0;0.7955;0.8148;0.7083;0.7143;0.5714;0.7837;0.7927;500.0;120500.0;113000.0;35000.0;12500.0;10000.0;500.0;102500.0;103500.0;30500.0;10500.0;7500.0;291500.0;255000.0;546500.0;268500.0;236500.0;1.0;0.8506;0.9159;0.8714;0.84;0.75;0.8748;0.8808;1.0118;0.8189;0.8767;0.8056;0.8128;0.6713;0.8135;0.838;1.0118;0.7377;0.8063;0.7304;0.8429;0.5195;0.7417;0.7632;1.0118;1.0282;1.2331;1.1076;0.9633;1.039;1.0847;1.1189;1.0118;0.9186;0.9017;0.7876;0.8349;0.7033;0.8656;0.8922;1.0118;1.1363;1.1273;0.9845;1.2041;0.8312;1.0744;1.1062;;;;;;;;;;;;;;;;;;;;;;;;;0.0011;0.1791;0.1265;0.06;0.0319;0.0238;0.0011;0.1467;0.1109;0.0483;0.0259;0.016;0.0838;0.0682;0.0759;0.1232;0.1033;0.0011;0.0757;0.0545;0.0211;0.008;0.0073;0.0011;0.0558;0.0439;0.0154;0.0067;0.0038;0.0339;0.0251;0.0294;0.0512;0.0391;0.0011;0.0795;0.0555;0.0218;0.014;0.0073;0.0011;0.0818;0.0685;0.0242;0.0134;0.0076;0.0358;0.0388;0.0373;0.053;0.0594;0.0042;0.1067;0.0776;0.0307;0.0149;0.0119;0.0043;0.098;0.07;0.0242;0.0125;0.0084;0.0492;0.0426;0.0458;0.0728;0.065;0.0021;0.0343;0.0345;0.015;0.004;0.0037;0.0021;0.0389;0.0388;0.0148;0.0048;0.003;0.019;0.0204;0.0197;0.0286;0.0317;;;;;;;;;;;;;;;;;;;;;;;;;;;;;;;;;;;;;;;;;;;;;;;;;;;
country;HU;HUN;Hungary;500.0;135000.0;299500.0;135000.0;137000.0;69000.0;500.0;225000.0;426000.0;179500.0;207000.0;125000.0;776000.0;1163000.0;1939000.0;569500.0;830500.0;1.0;1.6667;1.4224;1.3296;1.5109;1.8116;1.4987;1.4583;500.0;136500.0;294000.0;133500.0;136000.0;68500.0;500.0;226000.0;411000.0;175000.0;207000.0;125000.0;769000.0;1144500.0;1913500.0;564000.0;812000.0;1.0;1.6557;1.398;1.3109;1.5221;1.8248;1.4883;1.4397;500.0;127500.0;261500.0;117500.0;112000.0;50500.0;500.0;207000.0;370500.0;156000.0;167000.0;88500.0;669500.0;989500.0;1659000.0;506500.0;733500.0;1.0;1.6235;1.4168;1.3277;1.4911;1.7525;1.478;1.4482;2000.0;196500.0;433500.0;195500.0;196500.0;97500.0;2000.0;346500.0;658000.0;269000.0;302500.0;176000.0;1121500.0;1754000.0;2875500.0;825500.0;1273500.0;1.0;1.7634;1.5179;1.376;1.5394;1.8051;1.564;1.5427;1000.0;46500.0;128500.0;62500.0;44500.0;20000.0;1000.0;122000.0;297000.0;124000.0;98500.0;49000.0;303000.0;691500.0;994500.0;237500.0;543000.0;1.0;2.6237;2.3113;1.984;2.2135;2.45;2.2822;2.2863;500.0;128500.0;285000.0;130500.0;132500.0;66000.0;500.0;209500.0;403000.0;172000.0;201500.0;118500.0;743000.0;1105000.0;1848000.0;544000.0;784500.0;1.0;1.6304;1.414;1.318;1.5208;1.7955;1.4872;1.4421;500.0;129500.0;288000.0;124000.0;115000.0;56000.0;500.0;213000.0;411500.0;167000.0;183000.0;103000.0;713000.0;1078000.0;1791000.0;541500.0;791500.0;1.0;1.6448;1.4288;1.3468;1.5913;1.8393;1.5119;1.4617;500.0;139500.0;309000.0;142000.0;148000.0;74000.0;500.0;235000.0;452000.0;197500.0;242500.0;143000.0;813000.0;1270500.0;2083500.0;590500.0;884500.0;1.0;1.6846;1.4628;1.3908;1.6385;1.9324;1.5627;1.4979;1.0537;1.7626;1.5208;1.38;1.5243;1.2898;1.353;1.5367;1.0537;1.751;1.4947;1.3606;1.5356;1.2992;1.3436;1.5171;1.0537;1.7169;1.5148;1.378;1.5043;1.2477;1.3343;1.526;1.0537;1.8648;1.6229;1.4281;1.5531;1.2851;1.4119;1.6256;1.0537;2.7746;2.4712;2.0592;2.2332;1.7443;2.0603;2.4092;;;;;;;;;;;;;;;;;;;;;;;;;0.0024;0.3759;0.4723;0.1974;0.176;0.0526;0.0026;0.6625;0.7182;0.2725;0.2683;0.0678;0.1953;0.2642;0.2315;0.3396;0.5218;0.0024;0.3801;0.4636;0.1953;0.1747;0.0522;0.0026;0.6655;0.6929;0.2657;0.2683;0.0678;0.1935;0.26;0.2284;0.3363;0.5102;0.0024;0.355;0.4123;0.1718;0.1439;0.0385;0.0026;0.6095;0.6246;0.2368;0.2165;0.048;0.1685;0.2248;0.1981;0.302;0.4609;0.0097;0.5471;0.6835;0.2859;0.2525;0.0743;0.0102;1.0203;1.1093;0.4083;0.3921;0.0955;0.2822;0.3984;0.3433;0.4922;0.8002;0.0048;0.1295;0.2026;0.0914;0.0572;0.0152;0.0051;0.3592;0.5007;0.1882;0.1277;0.0266;0.0762;0.1571;0.1187;0.1416;0.3412;;;;;;;;;;;;;;;;;;;;;;;;;;;;;;;;;;;;;;;;;;;;;;;;;;;
country;ID;IDN;Indonesia;500.0;17309500.0;28329500.0;10910500.0;4566500.0;3077000.0;500.0;25279500.0;37181000.0;14174000.0;6506500.0;4628000.0;64193500.0;87769500.0;151963000.0;56549500.0;76634500.0;1.0;1.4604;1.3124;1.2991;1.4248;1.5041;1.3673;1.3552;500.0;14811500.0;24499500.0;9548000.0;3752000.0;2680500.0;500.0;19313000.0;28978000.0;11143500.0;4937000.0;3876500.0;55292000.0;68248500.0;123540500.0;48859000.0;59434500.0;1.0;1.3039;1.1828;1.1671;1.3158;1.4462;1.2343;1.2164;500.0;11209500.0;15888500.0;5542000.0;2166000.0;1656500.0;500.0;14512000.0;18319500.0;6096000.0;2553500.0;2259500.0;36463000.0;43741000.0;80204000.0;32640000.0;38927500.0;1.0;1.2946;1.153;1.1;1.1789;1.364;1.1996;1.1926;2000.0;14727000.0;22704500.0;8534000.0;4120000.0;3147500.0;2000.0;22065000.0;31658500.0;11326000.0;5865500.0;4800000.0;53235000.0;75717000.0;128952000.0;45965500.0;65049500.0;1.0;1.4983;1.3944;1.3272;1.4237;1.525;1.4223;1.4152;1000.0;11167500.0;22352000.0;8629500.0;3196500.0;2259000.0;1000.0;20938500.0;36526000.0;13730500.0;5726500.0;3789500.0;47605500.0;80712000.0;128317500.0;42149000.0;71195000.0;1.0;1.8749;1.6341;1.5911;1.7915;1.6775;1.6954;1.6891;500.0;10798500.0;18854000.0;6813000.0;2724000.0;1992000.0;500.0;14989500.0;23473000.0;8156000.0;3478000.0;2817500.0;41182000.0;52914500.0;94096500.0;36465500.0;46618500.0;1.0;1.3881;1.245;1.1971;1.2768;1.4144;1.2849;1.2784;500.0;11214000.0;17047500.0;6367500.0;2145000.0;1532000.0;500.0;15333000.0;19083500.0;7017500.0;3037500.0;2136000.0;38306500.0;46608000.0;84914500.0;34629000.0;41434000.0;1.0;1.3673;1.1194;1.1021;1.4161;1.3943;1.2167;1.1965;500.0;18115000.0;30468000.0;11805000.0;4966000.0;3595500.0;500.0;26646000.0;41077500.0;15895000.0;7335000.0;5676000.0;68950000.0;96630000.0;165580000.0;60388000.0;83618500.0;1.0;1.4709;1.3482;1.3465;1.477;1.5786;1.4015;1.3847;1.0531;1.5358;1.375;1.3429;1.4257;1.2951;1.3621;1.4145;1.0531;1.3712;1.2392;1.2064;1.3166;1.2452;1.2296;1.2696;1.0531;1.3614;1.208;1.1371;1.1796;1.1744;1.1951;1.2448;1.0531;1.5757;1.4609;1.3719;1.4246;1.3131;1.4169;1.4771;1.0531;1.9717;1.712;1.6447;1.7926;1.4444;1.689;1.763;;;;;;;;;;;;;;;;;;;;;;;;;0.0001;1.0934;1.2909;0.5187;0.2571;0.1477;0.0001;1.6793;1.775;0.6966;0.3666;0.1913;0.5998;0.817;0.7086;0.9616;1.36;0.0001;0.9356;1.1164;0.4539;0.2113;0.1287;0.0001;1.283;1.3834;0.5476;0.2782;0.1602;0.5166;0.6353;0.5761;0.8308;1.0548;0.0001;0.7081;0.724;0.2635;0.122;0.0795;0.0001;0.964;0.8746;0.2996;0.1439;0.0934;0.3407;0.4072;0.374;0.555;0.6908;0.0002;0.9303;1.0346;0.4057;0.232;0.1511;0.0002;1.4658;1.5114;0.5566;0.3305;0.1984;0.4974;0.7048;0.6013;0.7816;1.1544;0.0001;0.7054;1.0185;0.4103;0.18;0.1084;0.0001;1.3909;1.7437;0.6748;0.3226;0.1566;0.4448;0.7513;0.5983;0.7167;1.2635;;;;;;;;;;;;;;;;;;;;;;;;;;;;;;;;;;;;;;;;;;;;;;;;;;;
country;IE;IRL;Ireland;500.0;135000.0;205000.0;92000.0;78500.0;45000.0;500.0;238000.0;313000.0;157500.0;138500.0;82000.0;556000.0;929500.0;1485500.0;432000.0;708500.0;1.0;1.763;1.5268;1.712;1.7643;1.8222;1.6718;1.64;500.0;122500.0;193000.0;86000.0;73500.0;43000.0;500.0;200500.0;276000.0;137000.0;122000.0;75000.0;518500.0;811000.0;1329500.0;401500.0;613500.0;1.0;1.6367;1.4301;1.593;1.6599;1.7442;1.5641;1.528;500.0;123500.0;171000.0;71500.0;61000.0;34000.0;500.0;208000.0;239500.0;106000.0;94000.0;56000.0;461500.0;704000.0;1165500.0;366000.0;553500.0;1.0;1.6842;1.4006;1.4825;1.541;1.6471;1.5255;1.5123;2000.0;302000.0;455000.0;183500.0;156000.0;90000.0;2000.0;509500.0;688000.0;306000.0;252000.0;150000.0;1188500.0;1907500.0;3096000.0;940500.0;1503500.0;1.0;1.6871;1.5121;1.6676;1.6154;1.6667;1.605;1.5986;1000.0;66500.0;185000.0;94000.0;72000.0;40000.0;1000.0;183500.0;277500.0;146500.0;109500.0;66000.0;458500.0;784000.0;1242500.0;345500.0;607500.0;1.0;2.7594;1.5;1.5585;1.5208;1.65;1.7099;1.7583;500.0;123000.0;191500.0;85000.0;72000.0;41500.0;500.0;205000.0;280500.0;138000.0;119500.0;74000.0;513500.0;817500.0;1331000.0;399500.0;623500.0;1.0;1.6667;1.4648;1.6235;1.6597;1.7831;1.592;1.5607;500.0;111500.0;175000.0;76000.0;67000.0;39500.0;500.0;186000.0;256000.0;126500.0;113500.0;72000.0;469500.0;754500.0;1224000.0;362500.0;568500.0;1.0;1.6682;1.4629;1.6645;1.694;1.8228;1.607;1.5683;500.0;135000.0;202500.0;90500.0;75000.0;42500.0;500.0;240500.0;306000.0;151500.0;129000.0;77000.0;546000.0;904500.0;1450500.0;428000.0;698000.0;1.0;1.7815;1.5111;1.674;1.72;1.8118;1.6566;1.6308;1.0506;1.8232;1.5379;1.5972;1.7338;1.6805;1.616;1.6105;1.0506;1.6926;1.4405;1.4861;1.6312;1.6086;1.5119;1.5005;1.0506;1.7417;1.4108;1.3831;1.5143;1.519;1.4746;1.4851;1.0506;1.7447;1.5231;1.5557;1.5875;1.5371;1.5515;1.5699;1.0506;2.8536;1.5109;1.454;1.4945;1.5217;1.6529;1.7267;;;;;;;;;;;;;;;;;;;;;;;;;0.0035;0.5735;0.6594;0.2461;0.2181;0.0679;0.0036;1.0455;1.0141;0.393;0.3782;0.1142;0.2665;0.4306;0.3499;0.4695;0.7561;0.0035;0.5204;0.6208;0.23;0.2043;0.0649;0.0036;0.8808;0.8942;0.3419;0.3332;0.1044;0.2485;0.3757;0.3132;0.4363;0.6547;0.0035;0.5246;0.55;0.1912;0.1695;0.0513;0.0036;0.9137;0.776;0.2645;0.2567;0.078;0.2212;0.3261;0.2745;0.3978;0.5907;0.0139;1.2828;1.4636;0.4908;0.4335;0.1359;0.0146;2.2382;2.2291;0.7636;0.6882;0.2088;0.5696;0.8836;0.7293;1.0221;1.6045;0.0069;0.2825;0.5951;0.2514;0.2001;0.0604;0.0073;0.8061;0.8991;0.3656;0.299;0.0919;0.2197;0.3632;0.2927;0.3755;0.6483;;;;;;;;;;;;;;;;;;;;;;;;;;;;;;;;;;;;;;;;;;;;;;;;;;;
country;IL;ISR;Israel;500.0;408500.0;665000.0;288500.0;158500.0;155000.0;500.0;380500.0;524000.0;212500.0;134000.0;155000.0;1676000.0;1406500.0;3082500.0;1362000.0;1117000.0;1.0;0.9315;0.788;0.7366;0.8454;1.0;0.8392;0.8201;500.0;394000.0;668000.0;294000.0;164500.0;159500.0;500.0;363000.0;518000.0;209000.0;138000.0;160500.0;1680500.0;1389000.0;3069500.0;1356000.0;1090000.0;1.0;0.9213;0.7754;0.7109;0.8389;1.0063;0.8265;0.8038;500.0;376000.0;585000.0;230500.0;128500.0;116500.0;500.0;360500.0;469500.0;175000.0;107500.0;114000.0;1437000.0;1227000.0;2664000.0;1191500.0;1005000.0;1.0;0.9588;0.8026;0.7592;0.8366;0.9785;0.8539;0.8435;2000.0;681500.0;1075000.0;436500.0;244500.0;216500.0;2000.0;646000.0;864500.0;331500.0;207500.0;212000.0;2656000.0;2263500.0;4919500.0;2193000.0;1842000.0;1.0;0.9479;0.8042;0.7595;0.8487;0.9792;0.8522;0.8399;1000.0;286500.0;598500.0;242500.0;123500.0;92000.0;1000.0;316500.0;549000.0;211000.0;126500.0;142500.0;1344000.0;1346500.0;2690500.0;1127500.0;1076500.0;1.0;1.1047;0.9173;0.8701;1.0243;1.5489;1.0019;0.9548;500.0;343000.0;571000.0;240500.0;133000.0;125000.0;500.0;320500.0;445500.0;175000.0;110500.0;124000.0;1413000.0;1176000.0;2589000.0;1154500.0;941000.0;1.0;0.9344;0.7802;0.7277;0.8308;0.992;0.8323;0.8151;500.0;279500.0;448000.0;190500.0;108500.0;101500.0;500.0;266000.0;335000.0;132500.0;85000.0;97000.0;1128500.0;916000.0;2044500.0;918000.0;733500.0;1.0;0.9517;0.7478;0.6955;0.7834;0.9557;0.8117;0.799;500.0;417000.0;697500.0;296500.0;164000.0;157000.0;500.0;389000.0;549500.0;218500.0;139500.0;162500.0;1732500.0;1459500.0;3192000.0;1411000.0;1157000.0;1.0;0.9329;0.7878;0.7369;0.8506;1.035;0.8424;0.82;1.0501;0.9725;0.8107;0.7326;0.8274;0.857;0.8133;0.8377;1.0501;0.9619;0.7977;0.707;0.821;0.8624;0.8009;0.821;1.0501;1.001;0.8257;0.755;0.8188;0.8385;0.8275;0.8616;1.0501;0.9897;0.8274;0.7553;0.8306;0.8391;0.8259;0.8579;1.0501;1.1534;0.9437;0.8653;1.0024;1.3274;0.9709;0.9753;;;;;;;;;;;;;;;;;;;;;;;;;0.0016;0.8236;1.0712;0.5133;0.3233;0.1776;0.0017;0.801;0.8684;0.376;0.2675;0.1522;0.501;0.4074;0.4535;0.8113;0.6796;0.0016;0.7944;1.076;0.5231;0.3355;0.1827;0.0017;0.7641;0.8585;0.3699;0.2755;0.1576;0.5023;0.4024;0.4515;0.8077;0.6632;0.0016;0.7581;0.9423;0.4101;0.2621;0.1335;0.0017;0.7589;0.7781;0.3097;0.2146;0.1119;0.4295;0.3554;0.3919;0.7097;0.6115;0.0066;1.3741;1.7317;0.7767;0.4987;0.248;0.0069;1.3599;1.4327;0.5866;0.4142;0.2081;0.7939;0.6557;0.7237;1.3063;1.1208;0.0033;0.5777;0.9641;0.4315;0.2519;0.1054;0.0035;0.6663;0.9099;0.3734;0.2525;0.1399;0.4017;0.39;0.3958;0.6716;0.655;;;;;;;;;;;;;;;;;;;;;;;;;;;;;;;;;;;;;;;;;;;;;;;;;;;
country;IM;IMN;Isle of Man;500.0;500.0;1500.0;500.0;500.0;500.0;500.0;1500.0;1500.0;500.0;500.0;500.0;4000.0;5000.0;9000.0;2500.0;3500.0;1.0;3.0;1.0;1.0;1.0;1.0;1.25;1.4;500.0;500.0;1500.0;500.0;500.0;500.0;500.0;1500.0;500.0;500.0;500.0;500.0;4000.0;4000.0;8000.0;2500.0;2500.0;1.0;3.0;0.3333;1.0;1.0;1.0;1.0;1.0;500.0;500.0;1500.0;500.0;500.0;500.0;500.0;1500.0;500.0;500.0;500.0;500.0;4000.0;4000.0;8000.0;2500.0;2500.0;1.0;3.0;0.3333;1.0;1.0;1.0;1.0;1.0;2000.0;2000.0;3000.0;2000.0;2000.0;2000.0;2000.0;3000.0;2000.0;2000.0;2000.0;2000.0;13000.0;13000.0;26000.0;7000.0;7000.0;1.0;1.5;0.6667;1.0;1.0;1.0;1.0;1.0;1000.0;1000.0;1000.0;1000.0;1000.0;1000.0;1000.0;1000.0;1000.0;1000.0;1000.0;1000.0;6000.0;6000.0;12000.0;3000.0;3000.0;1.0;1.0;1.0;1.0;1.0;1.0;1.0;1.0;500.0;500.0;1500.0;500.0;500.0;500.0;500.0;1500.0;500.0;500.0;500.0;500.0;4000.0;4000.0;8000.0;2500.0;2500.0;1.0;3.0;0.3333;1.0;1.0;1.0;1.0;1.0;500.0;500.0;1500.0;500.0;500.0;500.0;500.0;1500.0;500.0;500.0;500.0;500.0;4000.0;4000.0;8000.0;2500.0;2500.0;1.0;3.0;0.3333;1.0;1.0;1.0;1.0;1.0;500.0;500.0;2000.0;500.0;500.0;500.0;500.0;2000.0;1500.0;500.0;500.0;500.0;4500.0;5500.0;10000.0;3000.0;4000.0;1.0;4.0;0.75;1.0;1.0;1.0;1.2222;1.3333;1.1212;3.3256;0.9915;0.9496;0.9754;0.934;1.216;1.4017;1.1212;3.3256;0.3305;0.9496;0.9754;0.934;0.9728;1.0012;1.1212;3.3256;0.3305;0.9496;0.9754;0.934;0.9728;1.0012;1.1212;1.6628;0.661;0.9496;0.9754;0.934;0.9728;1.0012;1.1212;1.1085;0.9915;0.9496;0.9754;0.934;0.9728;1.0012;;;;;;;;;;;;;;;;;;;;;;;;;0.2585;0.1545;0.3318;0.101;0.0834;0.0328;0.2899;0.5137;0.3289;0.0959;0.0814;0.0306;0.1115;0.1356;0.1237;0.1967;0.2757;0.2585;0.1545;0.3318;0.101;0.0834;0.0328;0.2899;0.5137;0.1096;0.0959;0.0814;0.0306;0.1115;0.1084;0.1099;0.1967;0.1969;0.2585;0.1545;0.3318;0.101;0.0834;0.0328;0.2899;0.5137;0.1096;0.0959;0.0814;0.0306;0.1115;0.1084;0.1099;0.1967;0.1969;1.0341;0.6179;0.6636;0.404;0.3336;0.1312;1.1594;1.0274;0.4386;0.3836;0.3254;0.1225;0.3623;0.3524;0.3573;0.5508;0.5514;0.5171;0.3089;0.2212;0.202;0.1668;0.0656;0.5797;0.3425;0.2193;0.1918;0.1627;0.0613;0.1672;0.1627;0.1649;0.2361;0.2363;;;;;;;;;;;;;;;;;;;;;;;;;;;;;;;;;;;;;;;;;;;;;;;;;;;
country;IN;IND;India;500.0;500.0;500.0;500.0;500.0;500.0;500.0;500.0;500.0;500.0;500.0;500.0;3000.0;3000.0;6000.0;1500.0;1500.0;1.0;1.0;1.0;1.0;1.0;1.0;1.0;1.0;500.0;500.0;500.0;500.0;500.0;500.0;500.0;500.0;500.0;500.0;500.0;500.0;3000.0;3000.0;6000.0;1500.0;1500.0;1.0;1.0;1.0;1.0;1.0;1.0;1.0;1.0;500.0;500.0;500.0;500.0;500.0;500.0;500.0;500.0;500.0;500.0;500.0;500.0;3000.0;3000.0;6000.0;1500.0;1500.0;1.0;1.0;1.0;1.0;1.0;1.0;1.0;1.0;2000.0;2000.0;2000.0;2000.0;2000.0;2000.0;2000.0;2000.0;2000.0;2000.0;2000.0;2000.0;12000.0;12000.0;24000.0;6000.0;6000.0;1.0;1.0;1.0;1.0;1.0;1.0;1.0;1.0;1000.0;1000.0;1000.0;1000.0;1000.0;1000.0;1000.0;1000.0;1000.0;1000.0;1000.0;1000.0;6000.0;6000.0;12000.0;3000.0;3000.0;1.0;1.0;1.0;1.0;1.0;1.0;1.0;1.0;500.0;500.0;500.0;500.0;500.0;500.0;500.0;500.0;500.0;500.0;500.0;500.0;3000.0;3000.0;6000.0;1500.0;1500.0;1.0;1.0;1.0;1.0;1.0;1.0;1.0;1.0;500.0;500.0;500.0;500.0;500.0;500.0;500.0;500.0;500.0;500.0;500.0;500.0;3000.0;3000.0;6000.0;1500.0;1500.0;1.0;1.0;1.0;1.0;1.0;1.0;1.0;1.0;500.0;500.0;500.0;500.0;500.0;500.0;500.0;500.0;500.0;500.0;500.0;500.0;3000.0;3000.0;6000.0;1500.0;1500.0;1.0;1.0;1.0;1.0;1.0;1.0;1.0;1.0;1.1001;1.1028;1.0922;1.0781;1.0455;0.9605;1.0588;1.0905;1.1001;1.1028;1.0922;1.0781;1.0455;0.9605;1.0588;1.0905;1.1001;1.1028;1.0922;1.0781;1.0455;0.9605;1.0588;1.0905;1.1001;1.1028;1.0922;1.0781;1.0455;0.9605;1.0588;1.0905;1.1001;1.1028;1.0922;1.0781;1.0455;0.9605;1.0588;1.0905;;;;;;;;;;;;;;;;;;;;;;;;;0.0;0.0;0.0;0.0;0.0;0.0;0.0;0.0;0.0;0.0;0.0;0.0;0.0;0.0;0.0;0.0;0.0;0.0;0.0;0.0;0.0;0.0;0.0;0.0;0.0;0.0;0.0;0.0;0.0;0.0;0.0;0.0;0.0;0.0;0.0;0.0;0.0;0.0;0.0;0.0;0.0;0.0;0.0;0.0;0.0;0.0;0.0;0.0;0.0;0.0;0.0;0.0;0.0;0.0;0.0;0.0;0.0;0.0;0.0;0.0;0.0;0.0;0.0;0.0;0.0;0.0;0.0;0.0;0.0;0.0;0.0;0.0;0.0;0.0;0.0;0.0;0.0;0.0;0.0;0.0;0.0;0.0;0.0;0.0;0.0;;;;;;;;;;;;;;;;;;;;;;;;;;;;;;;;;;;;;;;;;;;;;;;;;;;
country;IQ;IRQ;Iraq;500.0;4835000.0;8253000.0;3071500.0;1256000.0;1190500.0;500.0;2725000.0;4519000.0;1519500.0;631000.0;658000.0;18606500.0;10053000.0;28659500.0;16159500.0;8763500.0;1.0;0.5636;0.5476;0.4947;0.5024;0.5527;0.5403;0.5423;500.0;3508500.0;6193000.0;2282500.0;922000.0;851500.0;500.0;1658500.0;2984000.0;988000.0;433500.0;428500.0;13758000.0;6493000.0;20251000.0;11984000.0;5630500.0;1.0;0.4727;0.4818;0.4329;0.4702;0.5032;0.4719;0.4698;500.0;3181000.0;4641500.0;1692500.0;700500.0;672000.0;500.0;1733000.0;2500500.0;829500.0;351000.0;357000.0;10888000.0;5771500.0;16659500.0;9515000.0;5063000.0;1.0;0.5448;0.5387;0.4901;0.5011;0.5312;0.5301;0.5321;2000.0;3042500.0;5071500.0;1982500.0;840500.0;769500.0;2000.0;1759500.0;2870000.0;949000.0;415500.0;414500.0;11708500.0;6410500.0;18119000.0;10096500.0;5578500.0;1.0;0.5783;0.5659;0.4787;0.4943;0.5387;0.5475;0.5525;1000.0;1670000.0;3537500.0;1424500.0;544500.0;425500.0;1000.0;1296500.0;2369000.0;810000.0;313500.0;257000.0;7603000.0;5047000.0;12650000.0;6632000.0;4475500.0;1.0;0.7763;0.6697;0.5686;0.5758;0.604;0.6638;0.6748;500.0;2898000.0;4716000.0;1811500.0;752500.0;676000.0;500.0;1548500.0;2426500.0;813500.0;357500.0;354000.0;10854500.0;5500500.0;16355000.0;9425500.0;4788500.0;1.0;0.5343;0.5145;0.4491;0.4751;0.5237;0.5067;0.508;500.0;1411500.0;2226000.0;899000.0;370500.0;347500.0;500.0;720000.0;1040500.0;345000.0;148500.0;157500.0;5255000.0;2412000.0;7667000.0;4536500.0;2105500.0;1.0;0.5101;0.4674;0.3838;0.4008;0.4532;0.459;0.4641;500.0;4634000.0;8002500.0;2971500.0;1179500.0;1118500.0;500.0;2612500.0;4405000.0;1495000.0;605000.0;621000.0;17906500.0;9739000.0;27645500.0;15608000.0;8512500.0;1.0;0.5638;0.5505;0.5031;0.5129;0.5552;0.5439;0.5454;1.0488;0.5876;0.561;0.4916;0.4806;0.4291;0.531;0.554;1.0488;0.4929;0.4935;0.4302;0.4498;0.3907;0.4637;0.48;1.0488;0.568;0.5518;0.487;0.4794;0.4124;0.5209;0.5436;1.0488;0.603;0.5797;0.4757;0.4729;0.4182;0.538;0.5645;1.0488;0.8094;0.686;0.565;0.5508;0.4689;0.6523;0.6894;;;;;;;;;;;;;;;;;;;;;;;;;0.0003;1.5987;2.3541;1.236;0.6997;0.7572;0.0003;0.9394;1.3204;0.6076;0.3363;0.3249;1.2975;0.6889;0.9906;1.7925;0.9932;0.0003;1.1601;1.7665;0.9185;0.5136;0.5416;0.0003;0.5718;0.8719;0.3951;0.231;0.2116;0.9594;0.445;0.6999;1.3293;0.6381;0.0003;1.0518;1.3239;0.6811;0.3902;0.4274;0.0003;0.5974;0.7306;0.3317;0.187;0.1763;0.7593;0.3955;0.5758;1.0554;0.5738;0.001;1.006;1.4466;0.7978;0.4682;0.4895;0.0011;0.6066;0.8386;0.3795;0.2214;0.2047;0.8165;0.4393;0.6263;1.1199;0.6322;0.0005;0.5522;1.009;0.5732;0.3033;0.2706;0.0005;0.447;0.6922;0.3239;0.1671;0.1269;0.5302;0.3459;0.4372;0.7357;0.5072;;;;;;;;;;;;;;;;;;;;;;;;;;;;;;;;;;;;;;;;;;;;;;;;;;;
country;IS;ISL;Iceland;500.0;2500.0;4000.0;1500.0;500.0;500.0;500.0;4000.0;5000.0;2500.0;500.0;500.0;9500.0;13000.0;22500.0;8000.0;11500.0;1.0;1.6;1.25;1.6667;1.0;1.0;1.3684;1.4375;500.0;1500.0;3000.0;1500.0;500.0;500.0;500.0;2000.0;3000.0;1500.0;500.0;500.0;7500.0;8000.0;15500.0;6000.0;6500.0;1.0;1.3333;1.0;1.0;1.0;1.0;1.0667;1.0833;500.0;1500.0;1500.0;500.0;500.0;500.0;500.0;2000.0;2000.0;500.0;500.0;500.0;5000.0;6000.0;11000.0;3500.0;4500.0;1.0;1.3333;1.3333;1.0;1.0;1.0;1.2;1.2857;2000.0;3000.0;4500.0;3000.0;2000.0;2000.0;2000.0;5000.0;6000.0;3000.0;2000.0;2000.0;16500.0;20000.0;36500.0;10500.0;14000.0;1.0;1.6667;1.3333;1.0;1.0;1.0;1.2121;1.3333;1000.0;1000.0;1000.0;1000.0;1000.0;1000.0;1000.0;1000.0;2500.0;1000.0;1000.0;1000.0;6000.0;7500.0;13500.0;3000.0;4500.0;1.0;1.0;2.5;1.0;1.0;1.0;1.25;1.5;500.0;1500.0;2500.0;1500.0;500.0;500.0;500.0;2500.0;4000.0;1500.0;500.0;500.0;7000.0;9500.0;16500.0;5500.0;8000.0;1.0;1.6667;1.6;1.0;1.0;1.0;1.3571;1.4545;500.0;500.0;1500.0;500.0;500.0;500.0;500.0;1500.0;2500.0;500.0;500.0;500.0;4000.0;6000.0;10000.0;2500.0;4500.0;1.0;3.0;1.6667;1.0;1.0;1.0;1.5;1.8;500.0;3000.0;5000.0;2000.0;500.0;500.0;500.0;6000.0;7500.0;3500.0;1500.0;500.0;11500.0;19500.0;31000.0;10000.0;17000.0;1.0;2.0;1.5;1.75;3.0;1.0;1.6957;1.7;1.0555;1.6357;1.4037;1.885;1.0732;0.9616;1.4341;1.5833;1.0555;1.363;1.123;1.131;1.0732;0.9616;1.1179;1.1932;1.0555;1.363;1.4972;1.131;1.0732;0.9616;1.2576;1.4161;1.0555;1.7038;1.4972;1.131;1.0732;0.9616;1.2703;1.4686;1.0555;1.0223;2.8074;1.131;1.0732;0.9616;1.31;1.6522;;;;;;;;;;;;;;;;;;;;;;;;;0.0503;0.1404;0.1202;0.0527;0.0209;0.01;0.0531;0.2296;0.1687;0.0994;0.0224;0.0096;0.0581;0.0834;0.0705;0.1006;0.1592;0.0503;0.0842;0.0901;0.0527;0.0209;0.01;0.0531;0.1148;0.1012;0.0596;0.0224;0.0096;0.0459;0.0513;0.0485;0.0754;0.09;0.0503;0.0842;0.0451;0.0176;0.0209;0.01;0.0531;0.1148;0.0675;0.0199;0.0224;0.0096;0.0306;0.0385;0.0344;0.044;0.0623;0.2012;0.1685;0.1352;0.1054;0.0836;0.04;0.2124;0.287;0.2024;0.1192;0.0897;0.0385;0.101;0.1283;0.1143;0.132;0.1938;0.1006;0.0562;0.03;0.0351;0.0418;0.02;0.1062;0.0574;0.0843;0.0397;0.0448;0.0192;0.0367;0.0481;0.0423;0.0377;0.0623;;;;;;;;;;;;;;;;;;;;;;;;;;;;;;;;;;;;;;;;;;;;;;;;;;;
country;IT;ITA;Italy;500.0;1210500.0;1606000.0;888500.0;846000.0;843000.0;500.0;1347000.0;1576000.0;1331500.0;1364000.0;1536500.0;5394500.0;7155500.0;12550000.0;3705000.0;4254500.0;1.0;1.1128;0.9813;1.4986;1.6123;1.8227;1.3264;1.1483;500.0;1134500.0;1459500.0;816000.0;788000.0;801500.0;500.0;1178000.0;1274000.0;1116000.0;1185500.0;1411500.0;5000000.0;6165500.0;11165500.0;3410000.0;3568000.0;1.0;1.0383;0.8729;1.3676;1.5044;1.7611;1.2331;1.0463;500.0;1063000.0;1231500.0;606000.0;543000.0;498500.0;500.0;1117500.0;1099500.0;808000.0;811500.0;857000.0;3942500.0;4694000.0;8636500.0;2900500.0;3025000.0;1.0;1.0513;0.8928;1.3333;1.4945;1.7192;1.1906;1.0429;2000.0;2390000.0;2860000.0;1500500.0;1480000.0;1426500.0;2000.0;2406000.0;2486500.0;2044000.0;2166500.0;2385500.0;9659000.0;11490500.0;21149500.0;6750500.0;6936500.0;1.0;1.0067;0.8694;1.3622;1.4639;1.6723;1.1896;1.0276;1000.0;287500.0;623500.0;386000.0;240000.0;201000.0;1000.0;426000.0;774500.0;683000.0;429000.0;397500.0;1739000.0;2711000.0;4450000.0;1297000.0;1883500.0;1.0;1.4817;1.2422;1.7694;1.7875;1.9776;1.5589;1.4522;500.0;1131500.0;1491500.0;827500.0;789500.0;789500.0;500.0;1197500.0;1393000.0;1187000.0;1221500.0;1399500.0;5030000.0;6399000.0;11429000.0;3450500.0;3777500.0;1.0;1.0583;0.934;1.4344;1.5472;1.7726;1.2722;1.0948;500.0;1041500.0;1379500.0;742500.0;736000.0;732000.0;500.0;1093000.0;1267000.0;1048500.0;1133500.0;1306000.0;4632000.0;5848500.0;10480500.0;3163500.0;3408500.0;1.0;1.0494;0.9184;1.4121;1.5401;1.7842;1.2626;1.0774;500.0;1174000.0;1557500.0;861500.0;824000.0;791500.0;500.0;1264000.0;1486000.0;1273000.0;1317500.0;1436000.0;5209000.0;6777000.0;11986000.0;3593000.0;4023000.0;1.0;1.0767;0.9541;1.4777;1.5989;1.8143;1.301;1.1197;1.0606;1.2043;1.0394;1.5154;1.5871;1.5394;1.2493;1.1998;1.0606;1.1237;0.9246;1.383;1.4809;1.4874;1.1614;1.0932;1.0606;1.1378;0.9457;1.3483;1.4711;1.452;1.1214;1.0896;1.0606;1.0895;0.9209;1.3775;1.441;1.4124;1.1205;1.0737;1.0606;1.6036;1.3158;1.7893;1.7595;1.6703;1.4683;1.5173;;;;;;;;;;;;;;;;;;;;;;;;;0.0004;0.5571;0.4826;0.2454;0.1828;0.0789;0.0004;0.6709;0.5017;0.3719;0.2902;0.1214;0.2105;0.263;0.2376;0.4062;0.4874;0.0004;0.5221;0.4386;0.2254;0.1703;0.075;0.0004;0.5868;0.4055;0.3117;0.2522;0.1115;0.1951;0.2266;0.2114;0.3739;0.4087;0.0004;0.4892;0.3701;0.1674;0.1174;0.0466;0.0004;0.5566;0.35;0.2257;0.1726;0.0677;0.1539;0.1726;0.1635;0.318;0.3465;0.0017;1.0999;0.8595;0.4144;0.3199;0.1334;0.0018;1.1984;0.7915;0.5709;0.4609;0.1885;0.377;0.4224;0.4004;0.7401;0.7946;0.0008;0.1323;0.1874;0.1066;0.0519;0.0188;0.0009;0.2122;0.2465;0.1908;0.0913;0.0314;0.0679;0.0997;0.0842;0.1422;0.2158;;;;;;;;;;;;;;;;;;;;;;;;;;;;;;;;;;;;;;;;;;;;;;;;;;;
country;JE;JEY;Jersey;500.0;500.0;500.0;500.0;500.0;500.0;500.0;1500.0;500.0;500.0;500.0;500.0;3000.0;4000.0;7000.0;1500.0;2500.0;1.0;3.0;1.0;1.0;1.0;1.0;1.3333;1.6667;500.0;500.0;500.0;500.0;500.0;500.0;500.0;1500.0;500.0;500.0;500.0;500.0;3000.0;4000.0;7000.0;1500.0;2500.0;1.0;3.0;1.0;1.0;1.0;1.0;1.3333;1.6667;500.0;500.0;500.0;500.0;500.0;500.0;500.0;500.0;500.0;500.0;500.0;500.0;3000.0;3000.0;6000.0;1500.0;1500.0;1.0;1.0;1.0;1.0;1.0;1.0;1.0;1.0;2000.0;2000.0;2000.0;2000.0;2000.0;2000.0;2000.0;2000.0;2000.0;2000.0;2000.0;2000.0;12000.0;12000.0;24000.0;6000.0;6000.0;1.0;1.0;1.0;1.0;1.0;1.0;1.0;1.0;1000.0;1000.0;1000.0;1000.0;1000.0;1000.0;1000.0;1000.0;1000.0;1000.0;1000.0;1000.0;6000.0;6000.0;12000.0;3000.0;3000.0;1.0;1.0;1.0;1.0;1.0;1.0;1.0;1.0;500.0;500.0;500.0;500.0;500.0;500.0;500.0;1500.0;500.0;500.0;500.0;500.0;3000.0;4000.0;7000.0;1500.0;2500.0;1.0;3.0;1.0;1.0;1.0;1.0;1.3333;1.6667;500.0;500.0;500.0;500.0;500.0;500.0;500.0;500.0;500.0;500.0;500.0;500.0;3000.0;3000.0;6000.0;1500.0;1500.0;1.0;1.0;1.0;1.0;1.0;1.0;1.0;1.0;500.0;1500.0;1500.0;500.0;500.0;500.0;500.0;1500.0;1500.0;500.0;500.0;500.0;5000.0;5000.0;10000.0;3500.0;3500.0;1.0;1.0;1.0;1.0;1.0;1.0;1.0;1.0;0.9824;3.1493;1.0244;0.9944;1.0003;0.8986;1.2867;1.6952;0.9824;3.1493;1.0244;0.9944;1.0003;0.8986;1.2867;1.6952;0.9824;1.0498;1.0244;0.9944;1.0003;0.8986;0.9651;1.0171;0.9824;1.0498;1.0244;0.9944;1.0003;0.8986;0.9651;1.0171;0.9824;1.0498;1.0244;0.9944;1.0003;0.8986;0.9651;1.0171;;;;;;;;;;;;;;;;;;;;;;;;;0.2352;0.1267;0.0793;0.0678;0.0642;0.0304;0.2311;0.399;0.0812;0.0674;0.0643;0.0274;0.0682;0.0878;0.0782;0.0851;0.1443;0.2352;0.1267;0.0793;0.0678;0.0642;0.0304;0.2311;0.399;0.0812;0.0674;0.0643;0.0274;0.0682;0.0878;0.0782;0.0851;0.1443;0.2352;0.1267;0.0793;0.0678;0.0642;0.0304;0.2311;0.133;0.0812;0.0674;0.0643;0.0274;0.0682;0.0659;0.067;0.0851;0.0866;0.9407;0.5068;0.3172;0.2713;0.257;0.1217;0.9242;0.5321;0.3249;0.2698;0.257;0.1094;0.273;0.2634;0.2681;0.3405;0.3463;0.4704;0.2534;0.1586;0.1356;0.1285;0.0609;0.4621;0.266;0.1625;0.1349;0.1285;0.0547;0.1365;0.1317;0.1341;0.1702;0.1731;;;;;;;;;;;;;;;;;;;;;;;;;;;;;;;;;;;;;;;;;;;;;;;;;;;
country;JM;JAM;Jamaica;500.0;120500.0;176000.0;91000.0;42000.0;28000.0;500.0;131500.0;197500.0;94000.0;47500.0;40500.0;458000.0;511500.0;969500.0;387500.0;423000.0;1.0;1.0913;1.1222;1.033;1.131;1.4464;1.1168;1.0916;500.0;64500.0;83000.0;41000.0;19500.0;13000.0;500.0;56000.0;76500.0;39500.0;22000.0;18500.0;221500.0;213000.0;434500.0;188500.0;172000.0;1.0;0.8682;0.9217;0.9634;1.1282;1.4231;0.9616;0.9125;500.0;18000.0;22500.0;8500.0;4500.0;2500.0;500.0;30500.0;41500.0;17500.0;8500.0;6000.0;56500.0;104500.0;161000.0;49000.0;89500.0;1.0;1.6944;1.8444;2.0588;1.8889;2.4;1.8496;1.8265;2000.0;44000.0;63000.0;26500.0;15500.0;10500.0;2000.0;59000.0;79500.0;33000.0;18500.0;14500.0;161500.0;206500.0;368000.0;133500.0;171500.0;1.0;1.3409;1.2619;1.2453;1.1935;1.381;1.2786;1.2846;1000.0;9000.0;13500.0;6500.0;2000.0;1000.0;1000.0;22000.0;36500.0;13000.0;4500.0;3000.0;33000.0;80000.0;113000.0;29000.0;71500.0;1.0;2.4444;2.7037;2.0;2.25;3.0;2.4242;2.4655;500.0;61500.0;89000.0;39500.0;17500.0;10500.0;500.0;81500.0;116000.0;50500.0;22000.0;15500.0;218500.0;286000.0;504500.0;190000.0;248000.0;1.0;1.3252;1.3034;1.2785;1.2571;1.4762;1.3089;1.3053;500.0;18000.0;20500.0;7000.0;3500.0;2000.0;500.0;18500.0;22000.0;8000.0;3500.0;3000.0;51500.0;55500.0;107000.0;45500.0;48500.0;1.0;1.0278;1.0732;1.1429;1.0;1.5;1.0777;1.0659;500.0;73000.0;103000.0;45000.0;23000.0;13000.0;500.0;98000.0;135500.0;59000.0;27500.0;21500.0;257500.0;342000.0;599500.0;221000.0;292500.0;1.0;1.3425;1.3155;1.3111;1.1957;1.6538;1.3282;1.3235;1.0349;1.1287;1.158;1.0574;1.0776;1.173;1.0804;1.124;1.0349;0.8979;0.9511;0.9862;1.0749;1.1541;0.9303;0.9396;1.0349;1.7524;1.9032;2.1075;1.7996;1.9463;1.7893;1.8807;1.0349;1.3868;1.3021;1.2747;1.1371;1.1199;1.2369;1.3227;1.0349;2.5281;2.7899;2.0473;2.1437;2.4329;2.3452;2.5386;;;;;;;;;;;;;;;;;;;;;;;;;0.0055;0.7046;0.6606;0.4069;0.2468;0.1245;0.0057;0.7952;0.7649;0.4303;0.2659;0.1461;0.3991;0.4312;0.4154;0.5862;0.6589;0.0055;0.3771;0.3115;0.1833;0.1146;0.0578;0.0057;0.3386;0.2963;0.1808;0.1232;0.0667;0.193;0.1796;0.1862;0.2851;0.2679;0.0055;0.1052;0.0844;0.038;0.0264;0.0111;0.0057;0.1844;0.1607;0.0801;0.0476;0.0216;0.0492;0.0881;0.069;0.0741;0.1394;0.0219;0.2573;0.2365;0.1185;0.0911;0.0467;0.0227;0.3568;0.3079;0.1511;0.1036;0.0523;0.1407;0.1741;0.1577;0.2019;0.2671;0.0109;0.0526;0.0507;0.0291;0.0118;0.0044;0.0113;0.133;0.1414;0.0595;0.0252;0.0108;0.0288;0.0674;0.0484;0.0439;0.1114;;;;;;;;;;;;;;;;;;;;;;;;;;;;;;;;;;;;;;;;;;;;;;;;;;;
country;JO;JOR;Jordan;500.0;142000.0;257000.0;119500.0;49500.0;33500.0;500.0;113500.0;189500.0;76000.0;32000.0;23000.0;602000.0;434500.0;1036500.0;518500.0;379000.0;1.0;0.7993;0.7374;0.636;0.6465;0.6866;0.7218;0.731;500.0;117000.0;303500.0;136500.0;54000.0;36000.0;500.0;76500.0;207000.0;81500.0;33000.0;22500.0;647500.0;421000.0;1068500.0;557000.0;365000.0;1.0;0.6538;0.682;0.5971;0.6111;0.625;0.6502;0.6553;500.0;76500.0;91500.0;44000.0;20500.0;14000.0;500.0;68500.0;75000.0;28500.0;13000.0;8500.0;247000.0;194000.0;441000.0;212000.0;172000.0;1.0;0.8954;0.8197;0.6477;0.6341;0.6071;0.7854;0.8113;2000.0;141000.0;252500.0;124000.0;55000.0;36000.0;2000.0;121500.0;199500.0;79000.0;30000.0;23000.0;610500.0;455000.0;1065500.0;517500.0;400000.0;1.0;0.8617;0.7901;0.6371;0.5455;0.6389;0.7453;0.7729;1000.0;40000.0;79000.0;43500.0;17500.0;13000.0;1000.0;41000.0;78500.0;35500.0;12000.0;9000.0;194000.0;177000.0;371000.0;162500.0;155000.0;1.0;1.025;0.9937;0.8161;0.6857;0.6923;0.9124;0.9538;500.0;113000.0;263000.0;122000.0;49500.0;29500.0;500.0;91500.0;197500.0;78000.0;32000.0;20500.0;577500.0;420000.0;997500.0;498000.0;367000.0;1.0;0.8097;0.751;0.6393;0.6465;0.6949;0.7273;0.7369;500.0;35000.0;60500.0;29500.0;12000.0;7000.0;500.0;32500.0;49500.0;18000.0;7500.0;5000.0;144500.0;113000.0;257500.0;125000.0;100000.0;1.0;0.9286;0.8182;0.6102;0.625;0.7143;0.782;0.8;500.0;130500.0;222500.0;103500.0;41500.0;27500.0;500.0;110500.0;177000.0;70500.0;29500.0;19500.0;526000.0;407500.0;933500.0;456500.0;358000.0;1.0;0.8467;0.7955;0.6812;0.7108;0.7091;0.7747;0.7842;1.0021;0.8167;0.8301;0.7116;0.7331;0.7135;0.779;0.7984;1.0021;0.668;0.7678;0.668;0.6929;0.6495;0.7017;0.7157;1.0021;0.9149;0.9228;0.7247;0.719;0.6309;0.8476;0.8861;1.0021;0.8805;0.8895;0.7128;0.6186;0.6639;0.8043;0.8441;1.0021;1.0473;1.1187;0.9131;0.7775;0.7194;0.9847;1.0417;;;;;;;;;;;;;;;;;;;;;;;;;0.0011;0.201;0.2536;0.1535;0.0832;0.0553;0.0011;0.1641;0.2105;0.1092;0.061;0.0394;0.1448;0.1128;0.1294;0.2075;0.1657;0.0011;0.1656;0.2995;0.1753;0.0907;0.0594;0.0011;0.1106;0.23;0.1171;0.0629;0.0386;0.1558;0.1093;0.1334;0.2229;0.1596;0.0011;0.1083;0.0903;0.0565;0.0344;0.0231;0.0011;0.099;0.0833;0.041;0.0248;0.0146;0.0594;0.0504;0.0551;0.0849;0.0752;0.0044;0.1995;0.2492;0.1593;0.0924;0.0594;0.0044;0.1757;0.2216;0.1135;0.0572;0.0394;0.1469;0.1181;0.133;0.2071;0.1749;0.0022;0.0566;0.078;0.0559;0.0294;0.0215;0.0022;0.0593;0.0872;0.051;0.0229;0.0154;0.0467;0.0459;0.0463;0.065;0.0678;;;;;;;;;;;;;;;;;;;;;;;;;;;;;;;;;;;;;;;;;;;;;;;;;;;
country;JP;JPN;Japan;500.0;2624000.0;3729500.0;2209500.0;1869500.0;1169500.0;500.0;3690500.0;4513000.0;2346500.0;2154500.0;1778500.0;11602500.0;14483500.0;26086000.0;8563000.0;10550000.0;1.0;1.4064;1.2101;1.062;1.1524;1.5207;1.2483;1.232;500.0;2328500.0;3339500.0;1917000.0;1699500.0;1085000.0;500.0;3221500.0;3934000.0;1964000.0;1912500.0;1628000.0;10370000.0;12660500.0;23030500.0;7585000.0;9119500.0;1.0;1.3835;1.178;1.0245;1.1253;1.5005;1.2209;1.2023;500.0;1540500.0;1721500.0;880500.0;666500.0;386000.0;500.0;2169500.0;2140500.0;980500.0;818000.0;611500.0;5195500.0;6720500.0;11916000.0;4142500.0;5290500.0;1.0;1.4083;1.2434;1.1136;1.2273;1.5842;1.2935;1.2771;2000.0;2657500.0;3207500.0;1430000.0;1217000.0;975000.0;2000.0;3741500.0;3874500.0;1571500.0;1443500.0;1416000.0;9489000.0;12049000.0;21538000.0;7295000.0;9187500.0;1.0;1.4079;1.208;1.099;1.1861;1.4523;1.2698;1.2594;1000.0;528500.0;970000.0;496500.0;325500.0;296500.0;1000.0;1417500.0;1976000.0;932500.0;503000.0;613000.0;2618000.0;5443000.0;8061000.0;1995000.0;4326000.0;1.0;2.6821;2.0371;1.8781;1.5453;2.0675;2.0791;2.1684;500.0;2114000.0;2836500.0;1600500.0;1438500.0;954000.0;500.0;2985000.0;3403000.0;1619500.0;1576500.0;1398000.0;8944000.0;10982500.0;19926500.0;6551000.0;8007500.0;1.0;1.412;1.1997;1.0119;1.0959;1.4654;1.2279;1.2223;500.0;1417000.0;1965000.0;1029500.0;765000.0;549500.0;500.0;1822500.0;2199500.0;1013500.0;934500.0;916000.0;5726500.0;6886500.0;12613000.0;4411500.0;5035500.0;1.0;1.2862;1.1193;0.9845;1.2216;1.667;1.2026;1.1414;500.0;2475000.0;3646500.0;2077500.0;1760500.0;1094000.0;500.0;3528000.0;4439500.0;2244000.0;2056000.0;1744000.0;11054000.0;14012000.0;25066000.0;8199000.0;10211500.0;1.0;1.4255;1.2175;1.0801;1.1679;1.5941;1.2676;1.2455;1.0594;1.4806;1.2595;1.0883;1.1751;1.2907;1.1759;1.2775;1.0594;1.4565;1.2261;1.0499;1.1474;1.2736;1.1501;1.2467;1.0594;1.4826;1.2941;1.1412;1.2515;1.3446;1.2184;1.3242;1.0594;1.4822;1.2573;1.1263;1.2094;1.2326;1.1961;1.3059;1.0594;2.8236;2.1202;1.9247;1.5757;1.7548;1.9585;2.2484;;;;;;;;;;;;;;;;;;;;;;;;;0.0002;0.6084;0.5972;0.2967;0.195;0.0487;0.0002;0.9008;0.7521;0.3229;0.2292;0.0629;0.2153;0.2531;0.2347;0.4756;0.6076;0.0002;0.5399;0.5347;0.2574;0.1773;0.0452;0.0002;0.7864;0.6556;0.2703;0.2034;0.0576;0.1924;0.2212;0.2072;0.4213;0.5252;0.0002;0.3572;0.2756;0.1182;0.0695;0.0161;0.0002;0.5296;0.3567;0.1349;0.087;0.0216;0.0964;0.1174;0.1072;0.2301;0.3047;0.0009;0.6162;0.5136;0.192;0.127;0.0406;0.0009;0.9133;0.6457;0.2163;0.1536;0.0501;0.176;0.2106;0.1938;0.4052;0.5291;0.0004;0.1225;0.1553;0.0667;0.034;0.0124;0.0005;0.346;0.3293;0.1283;0.0535;0.0217;0.0486;0.0951;0.0725;0.1108;0.2491;;;;;;;;;;;;;;;;;;;;;;;;;;;;;;;;;;;;;;;;;;;;;;;;;;;
country;KE;KEN;Kenya;500.0;2358500.0;2785000.0;1056500.0;329000.0;198000.0;500.0;1996000.0;2056000.0;871000.0;288500.0;202000.0;6727500.0;5414000.0;12141500.0;6200000.0;4923000.0;1.0;0.8463;0.7382;0.8244;0.8769;1.0202;0.8048;0.794;500.0;1836500.0;2465000.0;924000.0;278500.0;145000.0;500.0;1380500.0;1725000.0;707500.0;227500.0;134000.0;5649500.0;4175000.0;9824500.0;5225500.0;3813000.0;1.0;0.7517;0.6998;0.7657;0.8169;0.9241;0.739;0.7297;500.0;1359500.0;1446500.0;479500.0;150500.0;90500.0;500.0;1217500.0;1101500.0;391000.0;129500.0;84000.0;3527000.0;2924000.0;6451000.0;3285500.0;2710000.0;1.0;0.8955;0.7615;0.8154;0.8605;0.9282;0.829;0.8248;2000.0;2148000.0;2411500.0;1105500.0;386000.0;226000.0;2000.0;1946000.0;1996500.0;966500.0;350500.0;242500.0;6279000.0;5504000.0;11783000.0;5665000.0;4909000.0;1.0;0.906;0.8279;0.8743;0.908;1.073;0.8766;0.8665;1000.0;545000.0;691000.0;252000.0;68500.0;35000.0;1000.0;595500.0;799000.0;248500.0;62000.0;38500.0;1592500.0;1744500.0;3337000.0;1488000.0;1643000.0;1.0;1.0927;1.1563;0.9861;0.9051;1.1;1.0954;1.1042;500.0;1944000.0;2407000.0;863000.0;269500.0;152500.0;500.0;1617500.0;1796500.0;681500.0;225500.0;147500.0;5636500.0;4469000.0;10105500.0;5214000.0;4095500.0;1.0;0.832;0.7464;0.7897;0.8367;0.9672;0.7929;0.7855;500.0;367000.0;303000.0;80500.0;23000.0;17000.0;500.0;233000.0;177500.0;50500.0;15500.0;12000.0;791000.0;489000.0;1280000.0;750500.0;461000.0;1.0;0.6349;0.5858;0.6273;0.6739;0.7059;0.6182;0.6143;500.0;2374000.0;3011000.0;1097500.0;329500.0;180500.0;500.0;1944000.0;2270500.0;923000.0;293500.0;182500.0;6993000.0;5614000.0;12607000.0;6482500.0;5137500.0;1.0;0.8189;0.7541;0.841;0.8907;1.0111;0.8028;0.7925;1.0017;0.8217;0.7118;0.852;0.8876;0.8783;0.7856;0.7823;1.0017;0.7298;0.6748;0.7913;0.8268;0.7956;0.7213;0.7189;1.0017;0.8694;0.7343;0.8427;0.871;0.7991;0.8092;0.8126;1.0017;0.8796;0.7983;0.9036;0.919;0.9238;0.8556;0.8537;1.0017;1.0609;1.1149;1.0191;0.9161;0.9471;1.0692;1.0879;;;;;;;;;;;;;;;;;;;;;;;;;0.0002;0.6213;0.6698;0.3355;0.1652;0.1095;0.0002;0.5105;0.4768;0.2859;0.1466;0.0962;0.3841;0.3017;0.3424;0.5584;0.4369;0.0002;0.4838;0.5928;0.2934;0.1399;0.0802;0.0002;0.3531;0.4;0.2322;0.1156;0.0638;0.3225;0.2327;0.2771;0.4706;0.3384;0.0002;0.3581;0.3479;0.1523;0.0756;0.05;0.0002;0.3114;0.2554;0.1283;0.0658;0.04;0.2014;0.1629;0.1819;0.2959;0.2405;0.0008;0.5658;0.58;0.3511;0.1938;0.125;0.0008;0.4977;0.463;0.3172;0.1781;0.1155;0.3585;0.3067;0.3323;0.5102;0.4356;0.0004;0.1436;0.1662;0.08;0.0344;0.0194;0.0004;0.1523;0.1853;0.0816;0.0315;0.0183;0.0909;0.0972;0.0941;0.134;0.1458;;;;;;;;;;;;;;;;;;;;;;;;;;;;;;;;;;;;;;;;;;;;;;;;;;;
country;KH;KHM;Cambodia;500.0;1467500.0;1908500.0;587500.0;167000.0;199500.0;500.0;1066500.0;1329500.0;400500.0;111500.0;144000.0;4330500.0;3052500.0;7383000.0;3963500.0;2796500.0;1.0;0.7267;0.6966;0.6817;0.6677;0.7218;0.7049;0.7056;500.0;1697500.0;2193000.0;667000.0;185000.0;220000.0;500.0;1159000.0;1467000.0;438000.0;119000.0;156000.0;4963000.0;3339500.0;8302500.0;4557500.0;3064000.0;1.0;0.6828;0.6689;0.6567;0.6432;0.7091;0.6729;0.6723;500.0;685000.0;774000.0;256000.0;78000.0;86500.0;500.0;477000.0;505000.0;149000.0;45500.0;60500.0;1880000.0;1237500.0;3117500.0;1715000.0;1131000.0;1.0;0.6964;0.6525;0.582;0.5833;0.6994;0.6582;0.6595;2000.0;688500.0;856500.0;288500.0;77500.0;83000.0;2000.0;541000.0;647500.0;176500.0;46000.0;63000.0;1996000.0;1476000.0;3472000.0;1833500.0;1365000.0;1.0;0.7858;0.756;0.6118;0.5935;0.759;0.7395;0.7445;1000.0;1032000.0;1343000.0;379000.0;91000.0;81000.0;1000.0;1058000.0;1688500.0;451000.0;79000.0;82000.0;2927000.0;3359500.0;6286500.0;2754000.0;3197500.0;1.0;1.0252;1.2573;1.19;0.8681;1.0123;1.1478;1.161;500.0;1380500.0;1717500.0;518500.0;128000.0;162500.0;500.0;971000.0;1162500.0;330500.0;78500.0;112500.0;3907500.0;2655500.0;6563000.0;3616500.0;2464000.0;1.0;0.7034;0.6769;0.6374;0.6133;0.6923;0.6796;0.6813;500.0;416000.0;443000.0;134000.0;40500.0;53000.0;500.0;303000.0;300500.0;75000.0;24000.0;37500.0;1087000.0;740500.0;1827500.0;993000.0;678500.0;1.0;0.7284;0.6783;0.5597;0.5926;0.7075;0.6812;0.6833;500.0;1877000.0;2461500.0;737000.0;198000.0;207500.0;500.0;1368500.0;1835000.0;549500.0;139000.0;160500.0;5481500.0;4053000.0;9534500.0;5075500.0;3753000.0;1.0;0.7291;0.7455;0.7456;0.702;0.7735;0.7394;0.7394;1.0424;0.7262;0.6727;0.6618;0.6194;0.5323;0.6543;0.689;1.0424;0.6823;0.6459;0.6376;0.5967;0.5229;0.6246;0.6565;1.0424;0.6959;0.6301;0.565;0.5411;0.5158;0.611;0.644;1.0424;0.7853;0.73;0.594;0.5506;0.5597;0.6864;0.727;1.0424;1.0245;1.2141;1.1553;0.8054;0.7465;1.0654;1.1337;;;;;;;;;;;;;;;;;;;;;;;;;0.0007;1.4883;1.391;0.4767;0.2271;0.2055;0.0008;1.0808;0.9357;0.3155;0.1406;0.1094;0.725;0.4743;0.595;1.1039;0.7605;0.0007;1.7215;1.5983;0.5412;0.2515;0.2266;0.0008;1.1746;1.0325;0.345;0.1501;0.1185;0.8308;0.5189;0.6691;1.2693;0.8333;0.0007;0.6947;0.5641;0.2077;0.1061;0.0891;0.0008;0.4834;0.3554;0.1174;0.0574;0.046;0.3147;0.1923;0.2512;0.4776;0.3076;0.003;0.6982;0.6242;0.2341;0.1054;0.0855;0.0031;0.5483;0.4557;0.139;0.058;0.0479;0.3341;0.2294;0.2798;0.5106;0.3712;0.0015;1.0466;0.9788;0.3075;0.1237;0.0834;0.0015;1.0722;1.1884;0.3553;0.0997;0.0623;0.49;0.522;0.5066;0.767;0.8696;;;;;;;;;;;;;;;;;;;;;;;;;;;;;;;;;;;;;;;;;;;;;;;;;;;
country;KM;COM;Comoros;500.0;500.0;500.0;500.0;500.0;500.0;500.0;500.0;500.0;500.0;500.0;500.0;3000.0;3000.0;6000.0;1500.0;1500.0;1.0;1.0;1.0;1.0;1.0;1.0;1.0;1.0;500.0;500.0;500.0;500.0;500.0;500.0;500.0;500.0;500.0;500.0;500.0;500.0;3000.0;3000.0;6000.0;1500.0;1500.0;1.0;1.0;1.0;1.0;1.0;1.0;1.0;1.0;500.0;500.0;500.0;500.0;500.0;500.0;500.0;500.0;500.0;500.0;500.0;500.0;3000.0;3000.0;6000.0;1500.0;1500.0;1.0;1.0;1.0;1.0;1.0;1.0;1.0;1.0;2000.0;2000.0;2000.0;2000.0;2000.0;2000.0;2000.0;2000.0;2000.0;2000.0;2000.0;2000.0;12000.0;12000.0;24000.0;6000.0;6000.0;1.0;1.0;1.0;1.0;1.0;1.0;1.0;1.0;1000.0;1000.0;1000.0;1000.0;1000.0;1000.0;1000.0;1000.0;1000.0;1000.0;1000.0;1000.0;6000.0;6000.0;12000.0;3000.0;3000.0;1.0;1.0;1.0;1.0;1.0;1.0;1.0;1.0;500.0;500.0;500.0;500.0;500.0;500.0;500.0;500.0;500.0;500.0;500.0;500.0;3000.0;3000.0;6000.0;1500.0;1500.0;1.0;1.0;1.0;1.0;1.0;1.0;1.0;1.0;500.0;500.0;500.0;500.0;500.0;500.0;500.0;500.0;500.0;500.0;500.0;500.0;3000.0;3000.0;6000.0;1500.0;1500.0;1.0;1.0;1.0;1.0;1.0;1.0;1.0;1.0;500.0;500.0;500.0;500.0;500.0;500.0;500.0;500.0;500.0;500.0;500.0;500.0;3000.0;3000.0;6000.0;1500.0;1500.0;1.0;1.0;1.0;1.0;1.0;1.0;1.0;1.0;1.0531;1.0322;0.9438;1.0211;1.076;0.9278;1.0024;0.9961;1.0531;1.0322;0.9438;1.0211;1.076;0.9278;1.0024;0.9961;1.0531;1.0322;0.9438;1.0211;1.076;0.9278;1.0024;0.9961;1.0531;1.0322;0.9438;1.0211;1.076;0.9278;1.0024;0.9961;1.0531;1.0322;0.9438;1.0211;1.076;0.9278;1.0024;0.9961;;;;;;;;;;;;;;;;;;;;;;;;;0.0138;0.009;0.0087;0.01;0.0143;0.013;0.0145;0.0092;0.0082;0.0103;0.0154;0.0121;0.011;0.011;0.011;0.0092;0.0092;0.0138;0.009;0.0087;0.01;0.0143;0.013;0.0145;0.0092;0.0082;0.0103;0.0154;0.0121;0.011;0.011;0.011;0.0092;0.0092;0.0138;0.009;0.0087;0.01;0.0143;0.013;0.0145;0.0092;0.0082;0.0103;0.0154;0.0121;0.011;0.011;0.011;0.0092;0.0092;0.0552;0.0358;0.0349;0.0402;0.0572;0.0521;0.0581;0.037;0.0329;0.041;0.0616;0.0484;0.044;0.0441;0.0441;0.0368;0.0367;0.0276;0.0179;0.0174;0.0201;0.0286;0.0261;0.0291;0.0185;0.0165;0.0205;0.0308;0.0242;0.022;0.0221;0.022;0.0184;0.0183;;;;;;;;;;;;;;;;;;;;;;;;;;;;;;;;;;;;;;;;;;;;;;;;;;;
country;KN;KNA;St. Kitts & Nevis;500.0;500.0;500.0;500.0;500.0;500.0;500.0;500.0;1500.0;500.0;500.0;500.0;3000.0;4000.0;7000.0;1500.0;2500.0;1.0;1.0;3.0;1.0;1.0;1.0;1.3333;1.6667;500.0;500.0;500.0;500.0;500.0;500.0;500.0;500.0;500.0;500.0;500.0;500.0;3000.0;3000.0;6000.0;1500.0;1500.0;1.0;1.0;1.0;1.0;1.0;1.0;1.0;1.0;500.0;500.0;500.0;500.0;500.0;500.0;500.0;500.0;500.0;500.0;500.0;500.0;3000.0;3000.0;6000.0;1500.0;1500.0;1.0;1.0;1.0;1.0;1.0;1.0;1.0;1.0;2000.0;2000.0;2000.0;2000.0;2000.0;2000.0;2000.0;2000.0;2000.0;2000.0;2000.0;2000.0;12000.0;12000.0;24000.0;6000.0;6000.0;1.0;1.0;1.0;1.0;1.0;1.0;1.0;1.0;1000.0;1000.0;1000.0;1000.0;1000.0;1000.0;1000.0;1000.0;1000.0;1000.0;1000.0;1000.0;6000.0;6000.0;12000.0;3000.0;3000.0;1.0;1.0;1.0;1.0;1.0;1.0;1.0;1.0;500.0;500.0;500.0;500.0;500.0;500.0;500.0;500.0;500.0;500.0;500.0;500.0;3000.0;3000.0;6000.0;1500.0;1500.0;1.0;1.0;1.0;1.0;1.0;1.0;1.0;1.0;500.0;500.0;500.0;500.0;500.0;500.0;500.0;500.0;500.0;500.0;500.0;500.0;3000.0;3000.0;6000.0;1500.0;1500.0;1.0;1.0;1.0;1.0;1.0;1.0;1.0;1.0;500.0;500.0;500.0;500.0;500.0;500.0;500.0;1500.0;1500.0;500.0;500.0;500.0;3000.0;5000.0;8000.0;1500.0;3500.0;1.0;3.0;3.0;1.0;1.0;1.0;1.6667;2.3333;0.9091;0.9314;2.7975;0.8734;0.9579;0.8753;1.2098;1.5155;0.9091;0.9314;0.9325;0.8734;0.9579;0.8753;0.9074;0.9093;0.9091;0.9314;0.9325;0.8734;0.9579;0.8753;0.9074;0.9093;0.9091;0.9314;0.9325;0.8734;0.9579;0.8753;0.9074;0.9093;0.9091;0.9314;0.9325;0.8734;0.9579;0.8753;0.9074;0.9093;;;;;;;;;;;;;;;;;;;;;;;;;0.4132;0.2247;0.1419;0.1455;0.1637;0.1005;0.3757;0.2093;0.3969;0.1271;0.1568;0.088;0.1628;0.197;0.1807;0.1633;0.2475;0.4132;0.2247;0.1419;0.1455;0.1637;0.1005;0.3757;0.2093;0.1323;0.1271;0.1568;0.088;0.1628;0.1477;0.1549;0.1633;0.1485;0.4132;0.2247;0.1419;0.1455;0.1637;0.1005;0.3757;0.2093;0.1323;0.1271;0.1568;0.088;0.1628;0.1477;0.1549;0.1633;0.1485;1.6529;0.8989;0.5675;0.5821;0.6547;0.4021;1.5026;0.8372;0.5292;0.5084;0.6272;0.3519;0.6513;0.591;0.6197;0.6532;0.5939;0.8264;0.4494;0.2838;0.291;0.3273;0.201;0.7513;0.4186;0.2646;0.2542;0.3136;0.176;0.3257;0.2955;0.3098;0.3266;0.297;;;;;;;;;;;;;;;;;;;;;;;;;;;;;;;;;;;;;;;;;;;;;;;;;;;
country;KR;KOR;Korea;500.0;424000.0;777500.0;554000.0;538500.0;474000.0;500.0;647000.0;815000.0;489500.0;488500.0;627500.0;2768500.0;3068000.0;5836500.0;1755500.0;1951500.0;1.0;1.5259;1.0482;0.8836;0.9071;1.3238;1.1082;1.1116;500.0;298500.0;713000.0;557500.0;590500.0;534000.0;500.0;357000.0;656000.0;474000.0;535000.0;730500.0;2694000.0;2753000.0;5447000.0;1569000.0;1487000.0;1.0;1.196;0.9201;0.8502;0.906;1.368;1.0219;0.9477;500.0;299500.0;468500.0;335000.0;380500.0;334000.0;500.0;463000.0;516000.0;327000.0;373000.0;454000.0;1818000.0;2133500.0;3951500.0;1103000.0;1306000.0;1.0;1.5459;1.1014;0.9761;0.9803;1.3593;1.1735;1.184;2000.0;506000.0;889000.0;682000.0;759000.0;703000.0;2000.0;921000.0;1080000.0;637000.0;699500.0;951500.0;3541000.0;4291000.0;7832000.0;2077000.0;2638000.0;1.0;1.8202;1.2148;0.934;0.9216;1.3535;1.2118;1.2701;1000.0;78500.0;162500.0;130000.0;158000.0;126000.0;1000.0;122500.0;236500.0;168500.0;160000.0;175000.0;656000.0;863500.0;1519500.0;371000.0;527500.0;1.0;1.5605;1.4554;1.2962;1.0127;1.3889;1.3163;1.4218;500.0;292000.0;537000.0;394000.0;402000.0;325000.0;500.0;406500.0;520500.0;320500.0;339000.0;413000.0;1950500.0;2000000.0;3950500.0;1223000.0;1247500.0;1.0;1.3921;0.9693;0.8135;0.8433;1.2708;1.0254;1.02;500.0;173000.0;335000.0;257000.0;249500.0;156500.0;500.0;234500.0;336000.0;217000.0;222000.0;223000.0;1171500.0;1233000.0;2404500.0;765000.0;787500.0;1.0;1.3555;1.003;0.8444;0.8898;1.4249;1.0525;1.0294;500.0;451500.0;846500.0;596500.0;549000.0;463500.0;500.0;698000.0;909500.0;538000.0;533000.0;673000.0;2907500.0;3352000.0;6259500.0;1894500.0;2145500.0;1.0;1.546;1.0744;0.9019;0.9709;1.452;1.1529;1.1325;1.066;1.6568;1.1907;0.943;0.9285;1.1472;1.0969;1.2194;1.066;1.2986;1.0452;0.9074;0.9274;1.1855;1.0115;1.0396;1.066;1.6785;1.2512;1.0417;1.0035;1.178;1.1615;1.2988;1.066;1.9763;1.38;0.9968;0.9434;1.173;1.1994;1.3933;1.066;1.6944;1.6533;1.3834;1.0366;1.2037;1.3029;1.5597;;;;;;;;;;;;;;;;;;;;;;;;;0.0005;0.203;0.2065;0.1434;0.1252;0.0582;0.0006;0.3364;0.2458;0.1352;0.1163;0.0668;0.1199;0.1315;0.1257;0.1807;0.2203;0.0005;0.1429;0.1893;0.1443;0.1373;0.0656;0.0006;0.1856;0.1979;0.131;0.1274;0.0778;0.1167;0.118;0.1173;0.1615;0.1679;0.0005;0.1434;0.1244;0.0867;0.0885;0.041;0.0006;0.2407;0.1557;0.0903;0.0888;0.0483;0.0787;0.0914;0.0851;0.1135;0.1474;0.0021;0.2423;0.2361;0.1766;0.1765;0.0863;0.0023;0.4788;0.3258;0.176;0.1665;0.1013;0.1533;0.1839;0.1687;0.2138;0.2978;0.0011;0.0376;0.0432;0.0337;0.0367;0.0155;0.0011;0.0637;0.0713;0.0466;0.0381;0.0186;0.0284;0.037;0.0327;0.0382;0.0596;;;;;;;;;;;;;;;;;;;;;;;;;;;;;;;;;;;;;;;;;;;;;;;;;;;
country;KW;KWT;Kuwait;500.0;248500.0;827500.0;501000.0;200500.0;103500.0;500.0;199500.0;547000.0;297000.0;132500.0;79500.0;1881500.0;1256000.0;3137500.0;1577000.0;1043500.0;1.0;0.8028;0.661;0.5928;0.6608;0.7681;0.6676;0.6617;500.0;230500.0;808000.0;501500.0;195000.0;97500.0;500.0;180500.0;499500.0;272000.0;123000.0;71500.0;1833000.0;1147000.0;2980000.0;1540000.0;952000.0;1.0;0.7831;0.6182;0.5424;0.6308;0.7333;0.6258;0.6182;500.0;275000.0;736000.0;458500.0;178000.0;92500.0;500.0;219000.0;498000.0;269000.0;115000.0;70500.0;1740500.0;1172000.0;2912500.0;1469500.0;986000.0;1.0;0.7964;0.6766;0.5867;0.6461;0.7622;0.6734;0.671;2000.0;414500.0;1343500.0;836000.0;349500.0;188500.0;2000.0;371500.0;973500.0;491000.0;216500.0;140500.0;3134000.0;2195000.0;5329000.0;2594000.0;1836000.0;1.0;0.8963;0.7246;0.5873;0.6195;0.7454;0.7004;0.7078;1000.0;176000.0;578000.0;357500.0;144500.0;57500.0;1000.0;172500.0;504500.0;263500.0;106000.0;61000.0;1314500.0;1108500.0;2423000.0;1111500.0;940500.0;1.0;0.9801;0.8728;0.7371;0.7336;1.0609;0.8433;0.8462;500.0;224500.0;754000.0;457000.0;179000.0;90500.0;500.0;186000.0;499500.0;262000.0;112500.0;69500.0;1705500.0;1130000.0;2835500.0;1435500.0;947500.0;1.0;0.8285;0.6625;0.5733;0.6285;0.768;0.6626;0.66;500.0;134000.0;266000.0;168000.0;79500.0;45000.0;500.0;125000.0;187500.0;90500.0;44000.0;33000.0;693000.0;480500.0;1173500.0;568000.0;403000.0;1.0;0.9328;0.7049;0.5387;0.5535;0.7333;0.6934;0.7095;500.0;300500.0;997500.0;584000.0;221500.0;112500.0;500.0;238000.0;644000.0;346500.0;146000.0;86500.0;2216500.0;1461500.0;3678000.0;1882000.0;1228500.0;1.0;0.792;0.6456;0.5933;0.6591;0.7689;0.6594;0.6528;1.0581;0.9006;1.2888;1.1526;1.2419;1.1885;1.1532;1.1925;1.0581;0.8785;1.2053;1.0546;1.1855;1.1346;1.081;1.1141;1.0581;0.8934;1.3192;1.1408;1.2142;1.1793;1.1632;1.2092;1.0581;1.0055;1.4128;1.1419;1.1643;1.1533;1.2099;1.2755;1.0581;1.0995;1.7017;1.4332;1.3787;1.6415;1.4567;1.525;;;;;;;;;;;;;;;;;;;;;;;;;0.0043;1.4138;1.2862;0.6324;0.408;0.3668;0.0045;1.2733;1.6577;0.7289;0.5068;0.4359;0.7521;0.8672;0.7943;0.9786;1.1671;0.0043;1.3114;1.2559;0.633;0.3968;0.3455;0.0045;1.1521;1.5138;0.6675;0.4704;0.3921;0.7327;0.792;0.7544;0.9557;1.0647;0.0043;1.5645;1.144;0.5787;0.3622;0.3278;0.0045;1.3978;1.5092;0.6601;0.4398;0.3866;0.6957;0.8092;0.7373;0.9119;1.1028;0.0171;2.3582;2.0882;1.0552;0.7112;0.668;0.0181;2.3712;2.9503;1.2049;0.828;0.7704;1.2527;1.5156;1.3491;1.6098;2.0534;0.0086;1.0013;0.8984;0.4512;0.2941;0.2038;0.0091;1.101;1.5289;0.6466;0.4054;0.3345;0.5254;0.7654;0.6134;0.6898;1.0519;;;;;;;;;;;;;;;;;;;;;;;;;;;;;;;;;;;;;;;;;;;;;;;;;;;
country;KY;CYM;Cayman Islands;500.0;500.0;1500.0;500.0;500.0;500.0;500.0;500.0;1500.0;500.0;500.0;500.0;4000.0;4000.0;8000.0;2500.0;2500.0;1.0;1.0;1.0;1.0;1.0;1.0;1.0;1.0;500.0;500.0;500.0;500.0;500.0;500.0;500.0;500.0;500.0;500.0;500.0;500.0;3000.0;3000.0;6000.0;1500.0;1500.0;1.0;1.0;1.0;1.0;1.0;1.0;1.0;1.0;500.0;500.0;500.0;500.0;500.0;500.0;500.0;500.0;500.0;500.0;500.0;500.0;3000.0;3000.0;6000.0;1500.0;1500.0;1.0;1.0;1.0;1.0;1.0;1.0;1.0;1.0;2000.0;2000.0;2000.0;2000.0;2000.0;2000.0;2000.0;2000.0;2000.0;2000.0;2000.0;2000.0;12000.0;12000.0;24000.0;6000.0;6000.0;1.0;1.0;1.0;1.0;1.0;1.0;1.0;1.0;1000.0;1000.0;1000.0;1000.0;1000.0;1000.0;1000.0;1000.0;1000.0;1000.0;1000.0;1000.0;6000.0;6000.0;12000.0;3000.0;3000.0;1.0;1.0;1.0;1.0;1.0;1.0;1.0;1.0;500.0;500.0;500.0;500.0;500.0;500.0;500.0;500.0;500.0;500.0;500.0;500.0;3000.0;3000.0;6000.0;1500.0;1500.0;1.0;1.0;1.0;1.0;1.0;1.0;1.0;1.0;500.0;500.0;500.0;500.0;500.0;500.0;500.0;500.0;500.0;500.0;500.0;500.0;3000.0;3000.0;6000.0;1500.0;1500.0;1.0;1.0;1.0;1.0;1.0;1.0;1.0;1.0;500.0;500.0;2000.0;500.0;500.0;500.0;500.0;1500.0;1500.0;500.0;500.0;500.0;4500.0;5000.0;9500.0;3000.0;3500.0;1.0;3.0;0.75;1.0;1.0;1.0;1.1111;1.1667;1.029;1.0147;1.0116;1.0286;1.0452;0.9462;1.007;1.0198;1.029;1.0147;1.0116;1.0286;1.0452;0.9462;1.007;1.0198;1.029;1.0147;1.0116;1.0286;1.0452;0.9462;1.007;1.0198;1.029;1.0147;1.0116;1.0286;1.0452;0.9462;1.007;1.0198;1.029;1.0147;1.0116;1.0286;1.0452;0.9462;1.007;1.0198;;;;;;;;;;;;;;;;;;;;;;;;;0.3277;0.1954;0.2509;0.0708;0.0774;0.0697;0.3372;0.1983;0.2538;0.0728;0.0809;0.066;0.1301;0.131;0.1305;0.1602;0.1634;0.3277;0.1954;0.0836;0.0708;0.0774;0.0697;0.3372;0.1983;0.0846;0.0728;0.0809;0.066;0.0975;0.0982;0.0979;0.0961;0.098;0.3277;0.1954;0.0836;0.0708;0.0774;0.0697;0.3372;0.1983;0.0846;0.0728;0.0809;0.066;0.0975;0.0982;0.0979;0.0961;0.098;1.3106;0.7816;0.3345;0.2832;0.3097;0.2788;1.3486;0.793;0.3384;0.2912;0.3237;0.2638;0.3902;0.3929;0.3915;0.3846;0.3922;0.6553;0.3908;0.1673;0.1416;0.1549;0.1394;0.6743;0.3965;0.1692;0.1456;0.1619;0.1319;0.1951;0.1965;0.1958;0.1923;0.1961;;;;;;;;;;;;;;;;;;;;;;;;;;;;;;;;;;;;;;;;;;;;;;;;;;;
country;KZ;KAZ;Kazakhstan;500.0;1421500.0;2268500.0;1316500.0;708000.0;512500.0;500.0;1502000.0;1842000.0;1008500.0;656000.0;650500.0;6227500.0;5659500.0;11887000.0;5006500.0;4352500.0;1.0;1.0566;0.812;0.766;0.9266;1.2693;0.9088;0.8694;500.0;1355000.0;2167500.0;1286500.0;688000.0;493500.0;500.0;1381000.0;1723000.0;982000.0;637000.0;628500.0;5991000.0;5352000.0;11343000.0;4809000.0;4086000.0;1.0;1.0192;0.7949;0.7633;0.9259;1.2736;0.8933;0.8497;500.0;1408500.0;2186000.0;1267500.0;687000.0;525000.0;500.0;1533000.0;1847000.0;1019500.0;655000.0;673500.0;6074500.0;5728500.0;11803000.0;4862000.0;4399500.0;1.0;1.0884;0.8449;0.8043;0.9534;1.2829;0.943;0.9049;2000.0;1960000.0;3214500.0;1889000.0;1008000.0;712500.0;2000.0;2269500.0;2825500.0;1528500.0;986000.0;909000.0;8786000.0;8520500.0;17306500.0;7063500.0;6623500.0;1.0;1.1579;0.879;0.8092;0.9782;1.2758;0.9698;0.9377;1000.0;533000.0;927500.0;501000.0;188000.0;96000.0;1000.0;1105000.0;1691000.0;863500.0;428500.0;187000.0;2246500.0;4276000.0;6522500.0;1961500.0;3659500.0;1.0;2.0732;1.8232;1.7236;2.2793;1.9479;1.9034;1.8657;500.0;1130500.0;1818500.0;1060500.0;548000.0;347500.0;500.0;1222500.0;1518000.0;805000.0;498000.0;433000.0;4905500.0;4477000.0;9382500.0;4009500.0;3545500.0;1.0;1.0814;0.8348;0.7591;0.9088;1.246;0.9126;0.8843;500.0;369500.0;1645000.0;928500.0;496000.0;136000.0;500.0;624000.0;1365000.0;701500.0;463000.0;179500.0;3575500.0;3333500.0;6909000.0;2943000.0;2690500.0;1.0;1.6888;0.8298;0.7555;0.9335;1.3199;0.9323;0.9142;500.0;1665000.0;2639500.0;1463500.0;746000.0;545000.0;500.0;1730500.0;2159500.0;1157000.0;716000.0;710500.0;7059500.0;6474000.0;13533500.0;5768000.0;5047000.0;1.0;1.0393;0.8181;0.7906;0.9598;1.3037;0.9171;0.875;1.0476;1.0997;0.8332;0.7607;0.8405;0.8837;0.8306;0.884;1.0476;1.0608;0.8156;0.758;0.8398;0.8867;0.8165;0.864;1.0476;1.1328;0.8669;0.7987;0.8648;0.8931;0.8619;0.9201;1.0476;1.2051;0.9019;0.8036;0.8873;0.8882;0.8864;0.9534;1.0476;2.1578;1.8707;1.7116;2.0674;1.3561;1.7397;1.897;;;;;;;;;;;;;;;;;;;;;;;;;0.0008;1.6282;1.5151;0.9354;0.6673;0.3505;0.0008;1.7906;1.2623;0.7116;0.5608;0.3097;0.8952;0.7436;0.816;1.3253;1.1715;0.0008;1.5521;1.4476;0.9141;0.6485;0.3375;0.0008;1.6463;1.1807;0.6929;0.5446;0.2992;0.8612;0.7032;0.7786;1.273;1.0998;0.0008;1.6133;1.46;0.9006;0.6475;0.359;0.0008;1.8275;1.2657;0.7194;0.5599;0.3206;0.8732;0.7526;0.8102;1.287;1.1842;0.0031;2.245;2.1469;1.3422;0.9501;0.4873;0.0032;2.7055;1.9363;1.0785;0.8429;0.4328;1.263;1.1194;1.188;1.8698;1.7828;0.0015;0.6105;0.6195;0.356;0.1772;0.0657;0.0016;1.3173;1.1588;0.6093;0.3663;0.089;0.3229;0.5618;0.4477;0.5192;0.985;;;;;;;;;;;;;;;;;;;;;;;;;;;;;;;;;;;;;;;;;;;;;;;;;;;
country;LB;LBN;Lebanon;500.0;405000.0;687500.0;335000.0;158500.0;139500.0;500.0;315000.0;510500.0;226000.0;113000.0;122000.0;1726000.0;1287000.0;3013000.0;1427500.0;1051500.0;1.0;0.7778;0.7425;0.6746;0.7129;0.8746;0.7457;0.7366;500.0;343500.0;618500.0;300500.0;135000.0;118500.0;500.0;221000.0;406000.0;175000.0;87000.0;93500.0;1516500.0;983000.0;2499500.0;1262500.0;802000.0;1.0;0.6434;0.6564;0.5824;0.6444;0.789;0.6482;0.6352;500.0;257500.0;383000.0;152500.0;67000.0;56000.0;500.0;229500.0;309500.0;111500.0;48500.0;46000.0;916500.0;745500.0;1662000.0;793000.0;650500.0;1.0;0.8913;0.8081;0.7311;0.7239;0.8214;0.8134;0.8203;2000.0;417500.0;674000.0;323000.0;147500.0;131500.0;2000.0;351500.0;525500.0;223500.0;113000.0;115500.0;1695500.0;1331000.0;3026500.0;1414500.0;1100500.0;1.0;0.8419;0.7797;0.692;0.7661;0.8783;0.785;0.778;1000.0;194000.0;384500.0;293500.0;135000.0;115500.0;1000.0;177500.0;333000.0;194500.0;93500.0;96500.0;1123500.0;896000.0;2019500.0;872000.0;705000.0;1.0;0.9149;0.8661;0.6627;0.6926;0.8355;0.7975;0.8085;500.0;267000.0;437000.0;219000.0;104000.0;94500.0;500.0;220000.0;335000.0;144000.0;73000.0;80500.0;1122000.0;853000.0;1975000.0;923000.0;699000.0;1.0;0.824;0.7666;0.6575;0.7019;0.8519;0.7602;0.7573;500.0;151500.0;241500.0;123000.0;60500.0;54500.0;500.0;119500.0;170500.0;74500.0;40500.0;41500.0;631500.0;447000.0;1078500.0;516000.0;364500.0;1.0;0.7888;0.706;0.6057;0.6694;0.7615;0.7078;0.7064;500.0;417000.0;712000.0;352000.0;167000.0;146000.0;500.0;330500.0;536000.0;236000.0;123000.0;130500.0;1794500.0;1356500.0;3151000.0;1481000.0;1102500.0;1.0;0.7926;0.7528;0.6705;0.7365;0.8938;0.7559;0.7444;1.0769;0.8565;0.6436;0.5966;0.6169;0.7274;0.6801;0.693;1.0769;0.7085;0.569;0.515;0.5576;0.6562;0.5912;0.5976;1.0769;0.9815;0.7005;0.6465;0.6264;0.6831;0.7418;0.7718;1.0769;0.9271;0.6759;0.612;0.6629;0.7305;0.7159;0.732;1.0769;1.0075;0.7508;0.586;0.5993;0.6949;0.7273;0.7607;;;;;;;;;;;;;;;;;;;;;;;;;0.0023;1.1528;1.9541;1.0123;0.5307;0.2748;0.0025;0.9874;1.2578;0.604;0.3274;0.1999;0.8383;0.5701;0.698;1.3805;0.9567;0.0023;0.9777;1.758;0.9081;0.452;0.2334;0.0025;0.6927;1.0003;0.4677;0.2521;0.1532;0.7365;0.4354;0.579;1.2209;0.7297;0.0023;0.733;1.0886;0.4608;0.2243;0.1103;0.0025;0.7194;0.7626;0.298;0.1405;0.0754;0.4451;0.3302;0.385;0.7669;0.5919;0.0091;1.1884;1.9157;0.9761;0.4939;0.2591;0.0098;1.1018;1.2948;0.5973;0.3274;0.1892;0.8234;0.5896;0.7011;1.3679;1.0013;0.0046;0.5522;1.0929;0.8869;0.452;0.2275;0.0049;0.5564;0.8205;0.5198;0.2709;0.1581;0.5456;0.3969;0.4678;0.8433;0.6414;;;;;;;;;;;;;;;;;;;;;;;;;;;;;;;;;;;;;;;;;;;;;;;;;;;
country;LC;LCA;Saint Lucia;500.0;500.0;1500.0;500.0;500.0;500.0;500.0;2000.0;2500.0;500.0;500.0;500.0;4000.0;6500.0;10500.0;2500.0;5000.0;1.0;4.0;1.6667;1.0;1.0;1.0;1.625;2.0;500.0;500.0;500.0;500.0;500.0;500.0;500.0;1500.0;1500.0;500.0;500.0;500.0;3000.0;5000.0;8000.0;1500.0;3500.0;1.0;3.0;3.0;1.0;1.0;1.0;1.6667;2.3333;500.0;500.0;500.0;500.0;500.0;500.0;500.0;500.0;500.0;500.0;500.0;500.0;3000.0;3000.0;6000.0;1500.0;1500.0;1.0;1.0;1.0;1.0;1.0;1.0;1.0;1.0;2000.0;2000.0;3000.0;2000.0;2000.0;2000.0;2000.0;3000.0;3000.0;2000.0;2000.0;2000.0;13000.0;14000.0;27000.0;7000.0;8000.0;1.0;1.5;1.0;1.0;1.0;1.0;1.0769;1.1429;1000.0;1000.0;1000.0;1000.0;1000.0;1000.0;1000.0;1000.0;2000.0;1000.0;1000.0;1000.0;6000.0;7000.0;13000.0;3000.0;4000.0;1.0;1.0;2.0;1.0;1.0;1.0;1.1667;1.3333;500.0;500.0;1500.0;500.0;500.0;500.0;500.0;1500.0;1500.0;500.0;500.0;500.0;4000.0;5000.0;9000.0;2500.0;3500.0;1.0;3.0;1.0;1.0;1.0;1.0;1.25;1.4;500.0;500.0;500.0;500.0;500.0;500.0;500.0;500.0;500.0;500.0;500.0;500.0;3000.0;3000.0;6000.0;1500.0;1500.0;1.0;1.0;1.0;1.0;1.0;1.0;1.0;1.0;500.0;500.0;2000.0;500.0;500.0;500.0;500.0;3000.0;3000.0;500.0;500.0;500.0;4500.0;8000.0;12500.0;3000.0;6500.0;1.0;6.0;1.5;1.0;1.0;1.0;1.7778;2.1667;1.0543;4.1297;1.7207;0.9911;0.9646;0.8501;1.5728;2.0356;1.0543;3.0973;3.0973;0.9911;0.9646;0.8501;1.6131;2.3749;1.0543;1.0324;1.0324;0.9911;0.9646;0.8501;0.9679;1.0178;1.0543;1.5486;1.0324;0.9911;0.9646;0.8501;1.0423;1.1633;1.0543;1.0324;2.0648;0.9911;0.9646;0.8501;1.1292;1.357;;;;;;;;;;;;;;;;;;;;;;;;;0.0987;0.0502;0.0935;0.0367;0.0419;0.0298;0.1041;0.2072;0.1608;0.0364;0.0404;0.0254;0.0545;0.0857;0.0704;0.0631;0.1284;0.0987;0.0502;0.0312;0.0367;0.0419;0.0298;0.1041;0.1554;0.0965;0.0364;0.0404;0.0254;0.0409;0.0659;0.0536;0.0379;0.0899;0.0987;0.0502;0.0312;0.0367;0.0419;0.0298;0.1041;0.0518;0.0322;0.0364;0.0404;0.0254;0.0409;0.0396;0.0402;0.0379;0.0385;0.3948;0.2007;0.1869;0.147;0.1675;0.1193;0.4162;0.3108;0.193;0.1457;0.1615;0.1014;0.1771;0.1846;0.1809;0.1767;0.2055;0.1974;0.1003;0.0623;0.0735;0.0837;0.0597;0.2081;0.1036;0.1287;0.0728;0.0808;0.0507;0.0817;0.0923;0.0871;0.0757;0.1028;;;;;;;;;;;;;;;;;;;;;;;;;;;;;;;;;;;;;;;;;;;;;;;;;;;
country;LI;LIE;Liechtenstein;500.0;500.0;500.0;500.0;500.0;500.0;500.0;500.0;500.0;500.0;500.0;500.0;3000.0;3000.0;6000.0;1500.0;1500.0;1.0;1.0;1.0;1.0;1.0;1.0;1.0;1.0;500.0;500.0;500.0;500.0;500.0;500.0;500.0;500.0;500.0;500.0;500.0;500.0;3000.0;3000.0;6000.0;1500.0;1500.0;1.0;1.0;1.0;1.0;1.0;1.0;1.0;1.0;500.0;500.0;500.0;500.0;500.0;500.0;500.0;500.0;500.0;500.0;500.0;500.0;3000.0;3000.0;6000.0;1500.0;1500.0;1.0;1.0;1.0;1.0;1.0;1.0;1.0;1.0;2000.0;2000.0;2000.0;2000.0;2000.0;2000.0;2000.0;2000.0;2000.0;2000.0;2000.0;2000.0;12000.0;12000.0;24000.0;6000.0;6000.0;1.0;1.0;1.0;1.0;1.0;1.0;1.0;1.0;1000.0;1000.0;1000.0;1000.0;1000.0;1000.0;1000.0;1000.0;1000.0;1000.0;1000.0;1000.0;6000.0;6000.0;12000.0;3000.0;3000.0;1.0;1.0;1.0;1.0;1.0;1.0;1.0;1.0;500.0;500.0;500.0;500.0;500.0;500.0;500.0;500.0;500.0;500.0;500.0;500.0;3000.0;3000.0;6000.0;1500.0;1500.0;1.0;1.0;1.0;1.0;1.0;1.0;1.0;1.0;500.0;500.0;500.0;500.0;500.0;500.0;500.0;500.0;500.0;500.0;500.0;500.0;3000.0;3000.0;6000.0;1500.0;1500.0;1.0;1.0;1.0;1.0;1.0;1.0;1.0;1.0;500.0;500.0;500.0;500.0;500.0;500.0;500.0;500.0;500.0;500.0;500.0;500.0;3000.0;3000.0;6000.0;1500.0;1500.0;1.0;1.0;1.0;1.0;1.0;1.0;1.0;1.0;1.0824;1.0055;1.0501;0.9697;0.9935;0.9108;0.9677;1.0076;1.0824;1.0055;1.0501;0.9697;0.9935;0.9108;0.9677;1.0076;1.0824;1.0055;1.0501;0.9697;0.9935;0.9108;0.9677;1.0076;1.0824;1.0055;1.0501;0.9697;0.9935;0.9108;0.9677;1.0076;1.0824;1.0055;1.0501;0.9697;0.9935;0.9108;0.9677;1.0076;;;;;;;;;;;;;;;;;;;;;;;;;0.6234;0.3427;0.2021;0.1998;0.1717;0.0752;0.6748;0.3446;0.2122;0.1937;0.1706;0.0685;0.1786;0.1728;0.1756;0.2331;0.2348;0.6234;0.3427;0.2021;0.1998;0.1717;0.0752;0.6748;0.3446;0.2122;0.1937;0.1706;0.0685;0.1786;0.1728;0.1756;0.2331;0.2348;0.6234;0.3427;0.2021;0.1998;0.1717;0.0752;0.6748;0.3446;0.2122;0.1937;0.1706;0.0685;0.1786;0.1728;0.1756;0.2331;0.2348;2.4938;1.3708;0.8084;0.799;0.6868;0.3008;2.6991;1.3784;0.8489;0.7749;0.6824;0.274;0.7143;0.6912;0.7026;0.9323;0.9393;1.2469;0.6854;0.4042;0.3995;0.3434;0.1504;1.3495;0.6892;0.4244;0.3874;0.3412;0.137;0.3572;0.3456;0.3513;0.4661;0.4696;;;;;;;;;;;;;;;;;;;;;;;;;;;;;;;;;;;;;;;;;;;;;;;;;;;
country;LK;LKA;Sri Lanka;500.0;782500.0;906000.0;348000.0;118000.0;59500.0;500.0;443000.0;539500.0;192000.0;75000.0;47500.0;2214500.0;1297500.0;3512000.0;2036500.0;1174500.0;1.0;0.5661;0.5955;0.5517;0.6356;0.7983;0.5859;0.5767;500.0;781500.0;886000.0;324000.0;118500.0;51500.0;500.0;441500.0;536000.0;174000.0;72000.0;42000.0;2162000.0;1266000.0;3428000.0;1991500.0;1151500.0;1.0;0.5649;0.605;0.537;0.6076;0.8155;0.5856;0.5782;500.0;726000.0;645000.0;215000.0;85000.0;37500.0;500.0;421500.0;400500.0;118500.0;53500.0;33000.0;1709000.0;1027500.0;2736500.0;1586000.0;940500.0;1.0;0.5806;0.6209;0.5512;0.6294;0.88;0.6012;0.593;2000.0;502000.0;524500.0;203500.0;77500.0;46000.0;2000.0;333500.0;353500.0;109000.0;47500.0;32500.0;1355500.0;878000.0;2233500.0;1230000.0;796000.0;1.0;0.6643;0.674;0.5356;0.6129;0.7065;0.6477;0.6472;1000.0;159000.0;564000.0;212500.0;71500.0;14000.0;1000.0;111500.0;411500.0;134500.0;50000.0;10000.0;1022000.0;718500.0;1740500.0;935500.0;657500.0;1.0;0.7013;0.7296;0.6329;0.6993;0.7143;0.703;0.7028;500.0;842000.0;887500.0;351500.0;128500.0;65000.0;500.0;496000.0;559000.0;205000.0;84000.0;55000.0;2275000.0;1399500.0;3674500.0;2081000.0;1260000.0;1.0;0.5891;0.6299;0.5832;0.6537;0.8462;0.6152;0.6055;500.0;166000.0;170000.0;68000.0;26000.0;13000.0;500.0;81500.0;84000.0;36000.0;16000.0;9500.0;443500.0;227500.0;671000.0;404000.0;201500.0;1.0;0.491;0.4941;0.5294;0.6154;0.7308;0.513;0.4988;500.0;1072000.0;1176000.0;422500.0;146000.0;69500.0;500.0;637500.0;779500.0;262500.0;102000.0;63500.0;2886500.0;1845500.0;4732000.0;2670500.0;1679500.0;1.0;0.5947;0.6628;0.6213;0.6986;0.9137;0.6394;0.6289;1.0218;0.5807;0.5814;0.5135;0.5899;0.6256;0.5348;0.5607;1.0218;0.5794;0.5906;0.4998;0.564;0.6391;0.5346;0.5622;1.0218;0.5955;0.6062;0.513;0.5842;0.6896;0.5488;0.5766;1.0218;0.6814;0.658;0.4985;0.5689;0.5536;0.5912;0.6293;1.0218;0.7194;0.7123;0.5891;0.6491;0.5598;0.6417;0.6833;;;;;;;;;;;;;;;;;;;;;;;;;0.0007;0.6481;0.569;0.2242;0.0886;0.0268;0.0007;0.3764;0.3308;0.1151;0.0522;0.0167;0.2562;0.1371;0.1939;0.468;0.2624;0.0007;0.6472;0.5565;0.2087;0.0889;0.0232;0.0007;0.3751;0.3287;0.1043;0.0502;0.0148;0.2502;0.1337;0.1893;0.4576;0.2573;0.0007;0.6013;0.4051;0.1385;0.0638;0.0169;0.0007;0.3581;0.2456;0.0711;0.0373;0.0116;0.1978;0.1085;0.1511;0.3645;0.2101;0.0027;0.4158;0.3294;0.1311;0.0582;0.0207;0.0028;0.2833;0.2168;0.0654;0.0331;0.0115;0.1569;0.0927;0.1233;0.2826;0.1779;0.0014;0.1317;0.3542;0.1369;0.0537;0.0063;0.0014;0.0947;0.2523;0.0807;0.0348;0.0035;0.1183;0.0759;0.0961;0.215;0.1469;;;;;;;;;;;;;;;;;;;;;;;;;;;;;;;;;;;;;;;;;;;;;;;;;;;
country;LT;LTU;Lithuania;500.0;46000.0;95000.0;48500.0;24000.0;20500.0;500.0;86000.0;132500.0;61500.0;33500.0;35000.0;234500.0;349000.0;583500.0;189500.0;280000.0;1.0;1.8696;1.3947;1.268;1.3958;1.7073;1.4883;1.4776;500.0;44000.0;95000.0;49500.0;25500.0;21000.0;500.0;81500.0;130500.0;63500.0;37000.0;37500.0;235500.0;350500.0;586000.0;188500.0;275500.0;1.0;1.8523;1.3737;1.2828;1.451;1.7857;1.4883;1.4615;500.0;44000.0;89500.0;44000.0;22500.0;18000.0;500.0;82000.0;126000.0;58500.0;34000.0;32500.0;218500.0;333500.0;552000.0;177500.0;266500.0;1.0;1.8636;1.4078;1.3295;1.5111;1.8056;1.5263;1.5014;2000.0;70000.0;146500.0;76000.0;41000.0;34000.0;2000.0;145500.0;232500.0;102500.0;59500.0;61000.0;369500.0;603000.0;972500.0;292500.0;480500.0;1.0;2.0786;1.587;1.3487;1.4512;1.7941;1.6319;1.6427;1000.0;18500.0;37000.0;18000.0;7500.0;5000.0;1000.0;36500.0;71000.0;34500.0;12000.0;10000.0;87000.0;165000.0;252000.0;73500.0;142000.0;1.0;1.973;1.9189;1.9167;1.6;2.0;1.8966;1.932;500.0;41500.0;90500.0;47500.0;25000.0;21500.0;500.0;76000.0;123000.0;59500.0;36000.0;39000.0;226500.0;334000.0;560500.0;179500.0;258500.0;1.0;1.8313;1.3591;1.2526;1.44;1.814;1.4746;1.4401;500.0;29500.0;69500.0;36500.0;19500.0;14000.0;500.0;55000.0;92000.0;43000.0;26500.0;25000.0;169500.0;242000.0;411500.0;135500.0;190000.0;1.0;1.8644;1.3237;1.1781;1.359;1.7857;1.4277;1.4022;500.0;46000.0;96000.0;50500.0;26500.0;23000.0;500.0;86000.0;136000.0;66000.0;39500.0;42000.0;242500.0;370000.0;612500.0;192500.0;288000.0;1.0;1.8696;1.4167;1.3069;1.4906;1.8261;1.5258;1.4961;1.0369;1.9606;1.5554;1.4176;1.3551;1.0855;1.2906;1.6273;1.0369;1.9424;1.532;1.4341;1.4087;1.1354;1.2906;1.6096;1.0369;1.9543;1.57;1.4863;1.4671;1.148;1.3235;1.6535;1.0369;2.1797;1.7698;1.5078;1.4089;1.1407;1.4151;1.8091;1.0369;2.069;2.14;2.1428;1.5534;1.2716;1.6446;2.1278;;;;;;;;;;;;;;;;;;;;;;;;;0.009;0.4214;0.4628;0.2472;0.1263;0.0541;0.0094;0.8263;0.7199;0.3505;0.1712;0.0587;0.2066;0.2667;0.2388;0.3711;0.6039;0.009;0.4031;0.4628;0.2523;0.1342;0.0554;0.0094;0.783;0.709;0.3619;0.189;0.0629;0.2075;0.2678;0.2398;0.3692;0.5942;0.009;0.4031;0.436;0.2243;0.1184;0.0475;0.0094;0.7878;0.6845;0.3334;0.1737;0.0545;0.1925;0.2548;0.2259;0.3476;0.5748;0.0362;0.6413;0.7137;0.3874;0.2158;0.0897;0.0375;1.3979;1.2631;0.5841;0.304;0.1023;0.3256;0.4607;0.398;0.5729;1.0364;0.0181;0.1695;0.1803;0.0918;0.0395;0.0132;0.0188;0.3507;0.3857;0.1966;0.0613;0.0168;0.0767;0.1261;0.1031;0.144;0.3063;;;;;;;;;;;;;;;;;;;;;;;;;;;;;;;;;;;;;;;;;;;;;;;;;;;
country;LU;LUX;Luxembourg;500.0;8000.0;16000.0;8500.0;5500.0;3000.0;500.0;11500.0;20500.0;11000.0;7500.0;4500.0;41500.0;55500.0;97000.0;32500.0;43000.0;1.0;1.4375;1.2812;1.2941;1.3636;1.5;1.3373;1.3231;500.0;4000.0;7000.0;4000.0;2500.0;1500.0;500.0;5000.0;7500.0;3500.0;2500.0;1500.0;19500.0;20500.0;40000.0;15000.0;16000.0;1.0;1.25;1.0714;0.875;1.0;1.0;1.0513;1.0667;500.0;3000.0;5000.0;2000.0;1500.0;500.0;500.0;5000.0;6000.0;2500.0;1500.0;1500.0;12500.0;17000.0;29500.0;10000.0;13500.0;1.0;1.6667;1.2;1.25;1.0;3.0;1.36;1.35;2000.0;9500.0;16000.0;8500.0;5500.0;3500.0;2000.0;14000.0;22000.0;10500.0;8500.0;5000.0;45000.0;62000.0;107000.0;34000.0;46500.0;1.0;1.4737;1.375;1.2353;1.5455;1.4286;1.3778;1.3676;1000.0;1000.0;2000.0;1000.0;1000.0;1000.0;1000.0;2500.0;4500.0;2000.0;1000.0;1000.0;7000.0;12000.0;19000.0;4000.0;9000.0;1.0;2.5;2.25;2.0;1.0;1.0;1.7143;2.25;500.0;5000.0;9500.0;5000.0;3500.0;2000.0;500.0;8000.0;13000.0;7000.0;5000.0;3000.0;25500.0;36500.0;62000.0;19500.0;28000.0;1.0;1.6;1.3684;1.4;1.4286;1.5;1.4314;1.4359;500.0;4000.0;7500.0;3000.0;2000.0;1500.0;500.0;7500.0;10500.0;5000.0;3000.0;2000.0;18500.0;28500.0;47000.0;14500.0;23000.0;1.0;1.875;1.4;1.6667;1.5;1.3333;1.5405;1.5862;500.0;7500.0;14000.0;7000.0;4000.0;2500.0;500.0;11500.0;19500.0;9500.0;6000.0;4000.0;35500.0;51000.0;86500.0;28500.0;40500.0;1.0;1.5333;1.3929;1.3571;1.5;1.6;1.4366;1.4211;1.0654;1.5394;1.345;1.3154;1.4296;1.401;1.347;1.3769;1.0654;1.3386;1.1247;0.8894;1.0484;0.934;1.0589;1.1101;1.0654;1.7849;1.2597;1.2706;1.0484;2.8019;1.3699;1.4049;1.0654;1.5782;1.4434;1.2556;1.6204;1.3343;1.3878;1.4232;1.0654;2.6772;2.362;2.0329;1.0484;0.934;1.7267;2.3416;;;;;;;;;;;;;;;;;;;;;;;;;0.0352;0.2941;0.3002;0.1649;0.1138;0.0341;0.0375;0.4526;0.4037;0.2169;0.1627;0.0478;0.1468;0.1978;0.1722;0.2461;0.3389;0.0352;0.147;0.1313;0.0776;0.0517;0.017;0.0375;0.1968;0.1477;0.069;0.0542;0.0159;0.069;0.0731;0.071;0.1136;0.1261;0.0352;0.1103;0.0938;0.0388;0.031;0.0057;0.0375;0.1968;0.1182;0.0493;0.0325;0.0159;0.0442;0.0606;0.0524;0.0757;0.1064;0.1407;0.3492;0.3002;0.1649;0.1138;0.0398;0.1499;0.5511;0.4333;0.207;0.1844;0.0531;0.1592;0.221;0.19;0.2575;0.3664;0.0703;0.0368;0.0375;0.0194;0.0207;0.0114;0.0749;0.0984;0.0886;0.0394;0.0217;0.0106;0.0248;0.0428;0.0337;0.0303;0.0709;;;;;;;;;;;;;;;;;;;;;;;;;;;;;;;;;;;;;;;;;;;;;;;;;;;
country;LV;LVA;Latvia;500.0;34000.0;57500.0;45000.0;29500.0;26500.0;500.0;56500.0;80500.0;61500.0;47000.0;58500.0;193000.0;304500.0;497500.0;136500.0;198500.0;1.0;1.6618;1.4;1.3667;1.5932;2.2075;1.5777;1.4542;500.0;32500.0;56000.0;44000.0;29500.0;27500.0;500.0;53000.0;78000.0;60500.0;47000.0;61000.0;190000.0;300000.0;490000.0;132500.0;191500.0;1.0;1.6308;1.3929;1.375;1.5932;2.2182;1.5789;1.4453;500.0;32500.0;51500.0;36000.0;23000.0;19500.0;500.0;52500.0;70500.0;48500.0;36000.0;43000.0;163000.0;251000.0;414000.0;120000.0;171500.0;1.0;1.6154;1.3689;1.3472;1.5652;2.2051;1.5399;1.4292;2000.0;54500.0;97500.0;75500.0;52500.0;43000.0;2000.0;99000.0;145500.0;106500.0;83000.0;94500.0;325000.0;530500.0;855500.0;227500.0;351000.0;1.0;1.8165;1.4923;1.4106;1.581;2.1977;1.6323;1.5429;1000.0;6500.0;14500.0;10500.0;5500.0;4500.0;1000.0;16000.0;30000.0;20000.0;10500.0;10500.0;42500.0;88000.0;130500.0;31500.0;66000.0;1.0;2.4615;2.069;1.9048;1.9091;2.3333;2.0706;2.0952;500.0;32000.0;55000.0;43500.0;29500.0;26500.0;500.0;52000.0;76000.0;59500.0;46000.0;58500.0;187000.0;292500.0;479500.0;130500.0;187500.0;1.0;1.625;1.3818;1.3678;1.5593;2.2075;1.5642;1.4368;500.0;25000.0;49500.0;38500.0;26000.0;20500.0;500.0;43000.0;67500.0;51500.0;39500.0;45500.0;160000.0;247500.0;407500.0;113000.0;162000.0;1.0;1.72;1.3636;1.3377;1.5192;2.2195;1.5469;1.4336;500.0;34000.0;57000.0;44500.0;30500.0;28500.0;500.0;56500.0;80500.0;62000.0;48000.0;63000.0;195000.0;310500.0;505500.0;135500.0;199000.0;1.0;1.6618;1.4123;1.3933;1.5738;2.2105;1.5923;1.4686;1.0445;1.7559;1.5057;1.4071;1.4869;1.3604;1.3106;1.5293;1.0445;1.7232;1.4981;1.4156;1.4869;1.367;1.3116;1.5199;1.0445;1.7069;1.4723;1.387;1.4608;1.3589;1.2792;1.503;1.0445;1.9194;1.605;1.4523;1.4755;1.3543;1.356;1.6226;1.0445;2.6009;2.2252;1.9611;1.7817;1.4379;1.7201;2.2034;;;;;;;;;;;;;;;;;;;;;;;;;0.0118;0.5375;0.5008;0.3379;0.2377;0.1051;0.0123;0.9439;0.7541;0.4754;0.3534;0.143;0.2644;0.3466;0.3093;0.4386;0.6707;0.0118;0.5138;0.4878;0.3304;0.2377;0.1091;0.0123;0.8854;0.7307;0.4677;0.3534;0.1491;0.2603;0.3414;0.3046;0.4257;0.647;0.0118;0.5138;0.4486;0.2703;0.1853;0.0774;0.0123;0.877;0.6604;0.3749;0.2707;0.1051;0.2233;0.2857;0.2574;0.3856;0.5795;0.0472;0.8617;0.8492;0.5669;0.423;0.1706;0.0493;1.6539;1.363;0.8233;0.6241;0.231;0.4453;0.6038;0.5319;0.7309;1.1859;0.0236;0.1028;0.1263;0.0788;0.0443;0.0179;0.0246;0.2673;0.281;0.1546;0.0789;0.0257;0.0582;0.1002;0.0811;0.1012;0.223;;;;;;;;;;;;;;;;;;;;;;;;;;;;;;;;;;;;;;;;;;;;;;;;;;;
country;LY;LBY;Libya;500.0;173000.0;250500.0;94000.0;35000.0;29500.0;500.0;81500.0;107500.0;46000.0;18000.0;13500.0;582500.0;267000.0;849500.0;517500.0;235000.0;1.0;0.4711;0.4291;0.4894;0.5143;0.4576;0.4584;0.4541;500.0;81000.0;115000.0;43000.0;15000.0;12000.0;500.0;28500.0;39500.0;18500.0;8000.0;6000.0;266500.0;101000.0;367500.0;239000.0;86500.0;1.0;0.3519;0.3435;0.4302;0.5333;0.5;0.379;0.3619;500.0;42500.0;56000.0;16500.0;6000.0;6000.0;500.0;23000.0;33500.0;12500.0;3500.0;2000.0;127500.0;75000.0;202500.0;115000.0;69000.0;1.0;0.5412;0.5982;0.7576;0.5833;0.3333;0.5882;0.6;2000.0;40000.0;58500.0;24000.0;6500.0;4000.0;2000.0;20000.0;34500.0;15000.0;4000.0;3000.0;135000.0;78500.0;213500.0;122500.0;69500.0;1.0;0.5;0.5897;0.625;0.6154;0.75;0.5815;0.5673;1000.0;180000.0;262000.0;87500.0;32000.0;24500.0;1000.0;153500.0;197500.0;73000.0;23500.0;16500.0;587000.0;465000.0;1052000.0;529500.0;424000.0;1.0;0.8528;0.7538;0.8343;0.7344;0.6735;0.7922;0.8008;500.0;148500.0;207000.0;77500.0;27500.0;25000.0;500.0;86000.0;104000.0;43000.0;16000.0;13000.0;486000.0;262500.0;748500.0;433000.0;233000.0;1.0;0.5791;0.5024;0.5548;0.5818;0.52;0.5401;0.5381;500.0;18500.0;25000.0;8500.0;3000.0;2500.0;500.0;7500.0;9000.0;3000.0;1500.0;500.0;58000.0;22000.0;80000.0;52000.0;19500.0;1.0;0.4054;0.36;0.3529;0.5;0.2;0.3793;0.375;500.0;190500.0;256000.0;96000.0;34000.0;28500.0;500.0;157000.0;186000.0;72000.0;25000.0;16500.0;605500.0;457000.0;1062500.0;542500.0;415000.0;1.0;0.8241;0.7266;0.75;0.7353;0.5789;0.7547;0.765;1.0645;0.4947;0.4506;0.516;0.5296;0.4226;0.4709;0.4775;1.0645;0.3696;0.3607;0.4536;0.5491;0.4617;0.3894;0.3806;1.0645;0.5684;0.6282;0.7987;0.6006;0.3078;0.6043;0.631;1.0645;0.5251;0.6192;0.6589;0.6336;0.6926;0.5974;0.5966;1.0645;0.8956;0.7916;0.8796;0.7562;0.6219;0.8138;0.8421;;;;;;;;;;;;;;;;;;;;;;;;;0.0018;0.401;0.4607;0.1662;0.0733;0.0713;0.0019;0.1984;0.2076;0.0857;0.0388;0.0301;0.2147;0.1011;0.1587;0.3358;0.1604;0.0018;0.1878;0.2115;0.076;0.0314;0.029;0.0019;0.0694;0.0763;0.0345;0.0172;0.0134;0.0982;0.0382;0.0686;0.1551;0.059;0.0018;0.0985;0.103;0.0292;0.0126;0.0145;0.0019;0.056;0.0647;0.0233;0.0075;0.0045;0.047;0.0284;0.0378;0.0746;0.0471;0.0071;0.0927;0.1076;0.0424;0.0136;0.0097;0.0076;0.0487;0.0666;0.028;0.0086;0.0067;0.0498;0.0297;0.0399;0.0795;0.0474;0.0036;0.4172;0.4818;0.1547;0.067;0.0592;0.0038;0.3737;0.3814;0.136;0.0507;0.0368;0.2164;0.1761;0.1965;0.3436;0.2894;;;;;;;;;;;;;;;;;;;;;;;;;;;;;;;;;;;;;;;;;;;;;;;;;;;
country;MA;MAR;Morocco;500.0;1137000.0;2097000.0;1115000.0;480500.0;390500.0;500.0;1159500.0;1786000.0;855500.0;405000.0;412000.0;5220500.0;4618500.0;9839000.0;4349000.0;3801000.0;1.0;1.0198;0.8517;0.7673;0.8429;1.0551;0.8847;0.874;500.0;922500.0;1812500.0;946000.0;404000.0;314000.0;500.0;1017500.0;1632500.0;759500.0;353000.0;324000.0;4399500.0;4087000.0;8486500.0;3681000.0;3409500.0;1.0;1.103;0.9007;0.8029;0.8738;1.0318;0.929;0.9262;500.0;885000.0;1157000.0;479000.0;253500.0;206000.0;500.0;1058500.0;1278000.0;484000.0;238500.0;236000.0;2981000.0;3295500.0;6276500.0;2521000.0;2820500.0;1.0;1.196;1.1046;1.0104;0.9408;1.1456;1.1055;1.1188;2000.0;826500.0;1386500.0;717500.0;368000.0;300000.0;2000.0;1240500.0;1694500.0;720500.0;354500.0;338000.0;3600500.0;4350000.0;7950500.0;2930500.0;3655500.0;1.0;1.5009;1.2221;1.0042;0.9633;1.1267;1.2082;1.2474;1000.0;416500.0;1089000.0;528500.0;160000.0;116500.0;1000.0;593500.0;1121000.0;455500.0;131500.0;124000.0;2311500.0;2426500.0;4738000.0;2034000.0;2170000.0;1.0;1.425;1.0294;0.8619;0.8219;1.0644;1.0498;1.0669;500.0;1027500.0;1874000.0;998500.0;438000.0;350500.0;500.0;1078500.0;1631500.0;763000.0;362000.0;368500.0;4689000.0;4204000.0;8893000.0;3900000.0;3473000.0;1.0;1.0496;0.8706;0.7641;0.8265;1.0514;0.8966;0.8905;500.0;202500.0;412500.0;245000.0;125000.0;96000.0;500.0;226000.0;307000.0;154000.0;86000.0;93000.0;1081500.0;866500.0;1948000.0;860000.0;687000.0;1.0;1.116;0.7442;0.6286;0.688;0.9688;0.8012;0.7988;500.0;1268500.0;2377000.0;1190500.0;512500.0;405000.0;500.0;1333500.0;2049500.0;967000.0;458500.0;451500.0;5754000.0;5260500.0;11014500.0;4836000.0;4350000.0;1.0;1.0512;0.8622;0.8123;0.8946;1.1148;0.9142;0.8995;1.0476;1.0722;0.8886;0.7758;0.8394;0.9902;0.8916;0.9037;1.0476;1.1597;0.9397;0.8118;0.8701;0.9684;0.9362;0.9577;1.0476;1.2575;1.1524;1.0216;0.9369;1.0752;1.1141;1.1569;1.0476;1.5781;1.275;1.0154;0.9593;1.0574;1.2176;1.2898;1.0476;1.4983;1.074;0.8715;0.8185;0.999;1.0579;1.1032;;;;;;;;;;;;;;;;;;;;;;;;;0.0004;0.5388;0.7084;0.4118;0.2253;0.13;0.0004;0.5777;0.6295;0.3195;0.1892;0.1287;0.367;0.3272;0.3472;0.5592;0.5053;0.0004;0.4371;0.6123;0.3494;0.1895;0.1045;0.0004;0.5069;0.5754;0.2837;0.1649;0.1012;0.3093;0.2895;0.2994;0.4733;0.4533;0.0004;0.4194;0.3909;0.1769;0.1189;0.0686;0.0004;0.5274;0.4505;0.1808;0.1114;0.0737;0.2096;0.2335;0.2215;0.3241;0.375;0.0015;0.3916;0.4684;0.265;0.1726;0.0998;0.0016;0.618;0.5973;0.2691;0.1656;0.1056;0.2531;0.3082;0.2805;0.3768;0.486;0.0008;0.1974;0.3679;0.1952;0.075;0.0388;0.0008;0.2957;0.3951;0.1701;0.0614;0.0387;0.1625;0.1719;0.1672;0.2615;0.2885;;;;;;;;;;;;;;;;;;;;;;;;;;;;;;;;;;;;;;;;;;;;;;;;;;;
country;MC;MCO;Monaco;500.0;500.0;1500.0;500.0;500.0;500.0;500.0;1500.0;1500.0;500.0;500.0;500.0;4000.0;5000.0;9000.0;2500.0;3500.0;1.0;3.0;1.0;1.0;1.0;1.0;1.25;1.4;500.0;500.0;1500.0;500.0;500.0;500.0;500.0;1500.0;1500.0;500.0;500.0;500.0;4000.0;5000.0;9000.0;2500.0;3500.0;1.0;3.0;1.0;1.0;1.0;1.0;1.25;1.4;500.0;500.0;1500.0;500.0;500.0;500.0;500.0;1500.0;500.0;500.0;500.0;500.0;4000.0;4000.0;8000.0;2500.0;2500.0;1.0;3.0;0.3333;1.0;1.0;1.0;1.0;1.0;2000.0;2000.0;2000.0;2000.0;2000.0;2000.0;2000.0;3000.0;2000.0;2000.0;2000.0;2000.0;12000.0;13000.0;25000.0;6000.0;7000.0;1.0;1.5;1.0;1.0;1.0;1.0;1.0833;1.1667;1000.0;1000.0;1000.0;1000.0;1000.0;1000.0;1000.0;1000.0;1000.0;1000.0;1000.0;1000.0;6000.0;6000.0;12000.0;3000.0;3000.0;1.0;1.0;1.0;1.0;1.0;1.0;1.0;1.0;500.0;500.0;1500.0;500.0;500.0;500.0;500.0;1500.0;1500.0;500.0;500.0;500.0;4000.0;5000.0;9000.0;2500.0;3500.0;1.0;3.0;1.0;1.0;1.0;1.0;1.25;1.4;500.0;500.0;500.0;500.0;500.0;500.0;500.0;500.0;500.0;500.0;500.0;500.0;3000.0;3000.0;6000.0;1500.0;1500.0;1.0;1.0;1.0;1.0;1.0;1.0;1.0;1.0;500.0;500.0;1500.0;500.0;500.0;500.0;500.0;1500.0;1500.0;500.0;500.0;500.0;4000.0;5000.0;9000.0;2500.0;3500.0;1.0;3.0;1.0;1.0;1.0;1.0;1.25;1.4;1.0692;3.1355;1.0396;0.9249;0.8994;0.9317;1.1881;1.3971;1.0692;3.1355;1.0396;0.9249;0.8994;0.9317;1.1881;1.3971;1.0692;3.1355;0.3465;0.9249;0.8994;0.9317;0.9505;0.9979;1.0692;1.5677;1.0396;0.9249;0.8994;0.9317;1.0297;1.1643;1.0692;1.0452;1.0396;0.9249;0.8994;0.9317;0.9505;0.9979;;;;;;;;;;;;;;;;;;;;;;;;;0.7886;0.3931;0.8287;0.3028;0.2769;0.0523;0.8432;1.2325;0.8616;0.2801;0.249;0.0487;0.239;0.284;0.2621;0.5282;0.7379;0.7886;0.3931;0.8287;0.3028;0.2769;0.0523;0.8432;1.2325;0.8616;0.2801;0.249;0.0487;0.239;0.284;0.2621;0.5282;0.7379;0.7886;0.3931;0.8287;0.3028;0.2769;0.0523;0.8432;1.2325;0.2872;0.2801;0.249;0.0487;0.239;0.2272;0.233;0.5282;0.5271;3.1546;1.5723;1.105;1.2114;1.1074;0.2092;3.3727;2.4651;1.1488;1.1204;0.996;0.1949;0.7171;0.7383;0.728;1.2677;1.4759;1.5773;0.7862;0.5525;0.6057;0.5537;0.1046;1.6863;0.8217;0.5744;0.5602;0.498;0.0974;0.3585;0.3408;0.3494;0.6338;0.6325;;;;;;;;;;;;;;;;;;;;;;;;;;;;;;;;;;;;;;;;;;;;;;;;;;;
country;MD;MDA;Moldova (Republic of);500.0;49500.0;58500.0;23000.0;10500.0;6000.0;500.0;71500.0;57000.0;17500.0;9500.0;8500.0;148000.0;164500.0;312500.0;131000.0;146000.0;1.0;1.4444;0.9744;0.7609;0.9048;1.4167;1.1115;1.1145;500.0;39500.0;47000.0;16000.0;7500.0;4000.0;500.0;53000.0;42000.0;12000.0;6000.0;5000.0;114500.0;118500.0;233000.0;102500.0;107000.0;1.0;1.3418;0.8936;0.75;0.8;1.25;1.0349;1.0439;500.0;34000.0;34000.0;10000.0;5000.0;2500.0;500.0;51500.0;36000.0;8500.0;5000.0;4000.0;86000.0;105500.0;191500.0;78000.0;96000.0;1.0;1.5147;1.0588;0.85;1.0;1.6;1.2267;1.2308;2000.0;57500.0;65000.0;17500.0;7000.0;5500.0;2000.0;87500.0;68000.0;16500.0;7000.0;8000.0;154500.0;189000.0;343500.0;140000.0;172000.0;1.0;1.5217;1.0462;0.9429;1.0;1.4545;1.2233;1.2286;1000.0;18000.0;23000.0;6500.0;2500.0;1000.0;1000.0;31000.0;31000.0;9000.0;3000.0;3000.0;52000.0;78000.0;130000.0;47500.0;71000.0;1.0;1.7222;1.3478;1.3846;1.2;3.0;1.5;1.4947;500.0;37500.0;45000.0;15000.0;7000.0;4000.0;500.0;52500.0;43000.0;12000.0;6000.0;5000.0;109000.0;119000.0;228000.0;97500.0;107500.0;1.0;1.4;0.9556;0.8;0.8571;1.25;1.0917;1.1026;500.0;26000.0;29000.0;7500.0;3000.0;2000.0;500.0;40500.0;29000.0;6000.0;3000.0;3500.0;68000.0;82500.0;150500.0;62500.0;75500.0;1.0;1.5577;1.0;0.8;1.0;1.75;1.2132;1.208;500.0;67000.0;79500.0;30500.0;15000.0;8500.0;500.0;99500.0;88000.0;29500.0;14000.0;12500.0;201000.0;244000.0;445000.0;177000.0;217000.0;1.0;1.4851;1.1069;0.9672;0.9333;1.4706;1.2139;1.226;0.9717;1.4231;0.934;0.7159;0.7657;0.893;0.9034;1.0656;0.9717;1.322;0.8566;0.7056;0.677;0.7879;0.8412;0.9981;0.9717;1.4923;1.015;0.7997;0.8463;1.0086;0.9971;1.1768;0.9717;1.4992;1.0029;0.8871;0.8463;0.9169;0.9943;1.1747;0.9717;1.6967;1.292;1.3027;1.0156;1.8911;1.2192;1.4291;;;;;;;;;;;;;;;;;;;;;;;;;0.0067;0.4644;0.2924;0.1021;0.0602;0.0176;0.0066;0.6608;0.2732;0.0731;0.0461;0.0157;0.1319;0.1192;0.1249;0.2462;0.2624;0.0067;0.3706;0.235;0.071;0.043;0.0117;0.0066;0.4898;0.2013;0.0501;0.0291;0.0092;0.1021;0.0859;0.0931;0.1927;0.1923;0.0067;0.319;0.17;0.0444;0.0287;0.0073;0.0066;0.476;0.1725;0.0355;0.0243;0.0074;0.0767;0.0764;0.0765;0.1466;0.1725;0.027;0.5394;0.3249;0.0776;0.0401;0.0161;0.0262;0.8087;0.3259;0.0689;0.034;0.0148;0.1377;0.137;0.1373;0.2632;0.3091;0.0135;0.1689;0.115;0.0288;0.0143;0.0029;0.0131;0.2865;0.1486;0.0376;0.0146;0.0055;0.0464;0.0565;0.052;0.0893;0.1276;;;;;;;;;;;;;;;;;;;;;;;;;;;;;;;;;;;;;;;;;;;;;;;;;;;
country;ME;MNE;Montenegro;500.0;6000.0;9500.0;4000.0;2000.0;1500.0;500.0;5500.0;9500.0;2500.0;1500.0;1500.0;23500.0;21000.0;44500.0;19500.0;17500.0;1.0;0.9167;1.0;0.625;0.75;1.0;0.8936;0.8974;500.0;4000.0;7500.0;3000.0;1500.0;500.0;500.0;3500.0;6000.0;1500.0;1500.0;1500.0;17000.0;14500.0;31500.0;14500.0;11000.0;1.0;0.875;0.8;0.5;1.0;3.0;0.8529;0.7586;500.0;2500.0;4000.0;1500.0;500.0;500.0;500.0;3000.0;4000.0;500.0;500.0;500.0;9500.0;9000.0;18500.0;8000.0;7500.0;1.0;1.2;1.0;0.3333;1.0;1.0;0.9474;0.9375;2000.0;5000.0;7500.0;3000.0;2000.0;2000.0;2000.0;5500.0;7500.0;3000.0;2000.0;3000.0;21500.0;23000.0;44500.0;15500.0;16000.0;1.0;1.1;1.0;1.0;1.0;1.5;1.0698;1.0323;1000.0;1000.0;3000.0;1000.0;1000.0;1000.0;1000.0;2000.0;4500.0;2000.0;1000.0;1000.0;8000.0;11500.0;19500.0;5000.0;8500.0;1.0;2.0;1.5;2.0;1.0;1.0;1.4375;1.7;500.0;3000.0;5000.0;2500.0;500.0;500.0;500.0;3500.0;5000.0;1500.0;500.0;500.0;12000.0;11500.0;23500.0;10500.0;10000.0;1.0;1.1667;1.0;0.6;1.0;1.0;0.9583;0.9524;500.0;1500.0;3000.0;500.0;500.0;500.0;500.0;1500.0;3000.0;500.0;500.0;500.0;6500.0;6500.0;13000.0;5000.0;5000.0;1.0;1.0;1.0;1.0;1.0;1.0;1.0;1.0;500.0;8500.0;14000.0;6000.0;3000.0;1500.0;500.0;10500.0;16500.0;4000.0;2000.0;2000.0;33500.0;35500.0;69000.0;28500.0;31000.0;1.0;1.2353;1.1786;0.6667;0.6667;1.3333;1.0597;1.0877;1.0544;0.9427;1.0225;0.6135;0.6803;0.7652;0.8035;0.9039;1.0544;0.8998;0.818;0.4908;0.907;2.2957;0.7669;0.7641;1.0544;1.2341;1.0225;0.3271;0.907;0.7652;0.8519;0.9443;1.0544;1.1312;1.0225;0.9815;0.907;1.1478;0.962;1.0398;1.0544;2.0568;1.5337;1.9631;0.907;0.7652;1.2926;1.7123;;;;;;;;;;;;;;;;;;;;;;;;;0.0315;0.2192;0.2454;0.0923;0.0516;0.0182;0.0332;0.2066;0.2509;0.0566;0.0351;0.014;0.0954;0.0767;0.0855;0.1782;0.1611;0.0315;0.1461;0.1937;0.0693;0.0387;0.0061;0.0332;0.1315;0.1585;0.034;0.0351;0.014;0.069;0.0529;0.0606;0.1325;0.1013;0.0315;0.0913;0.1033;0.0346;0.0129;0.0061;0.0332;0.1127;0.1056;0.0113;0.0117;0.0047;0.0386;0.0329;0.0356;0.0731;0.069;0.126;0.1826;0.1937;0.0693;0.0516;0.0243;0.1328;0.2066;0.1981;0.068;0.0468;0.0279;0.0873;0.084;0.0855;0.1417;0.1473;0.063;0.0365;0.0775;0.0231;0.0258;0.0122;0.0664;0.0751;0.1188;0.0453;0.0234;0.0093;0.0325;0.042;0.0375;0.0457;0.0783;;;;;;;;;;;;;;;;;;;;;;;;;;;;;;;;;;;;;;;;;;;;;;;;;;;
country;MF;MAF;Saint Martin (France);500.0;500.0;500.0;500.0;500.0;500.0;500.0;500.0;500.0;500.0;500.0;500.0;3000.0;3000.0;6000.0;1500.0;1500.0;1.0;1.0;1.0;1.0;1.0;1.0;1.0;1.0;500.0;500.0;500.0;500.0;500.0;500.0;500.0;500.0;500.0;500.0;500.0;500.0;3000.0;3000.0;6000.0;1500.0;1500.0;1.0;1.0;1.0;1.0;1.0;1.0;1.0;1.0;500.0;500.0;500.0;500.0;500.0;500.0;500.0;500.0;500.0;500.0;500.0;500.0;3000.0;3000.0;6000.0;1500.0;1500.0;1.0;1.0;1.0;1.0;1.0;1.0;1.0;1.0;2000.0;2000.0;2000.0;2000.0;2000.0;2000.0;2000.0;2000.0;2000.0;2000.0;2000.0;2000.0;12000.0;12000.0;24000.0;6000.0;6000.0;1.0;1.0;1.0;1.0;1.0;1.0;1.0;1.0;1000.0;1000.0;1000.0;1000.0;1000.0;1000.0;1000.0;1000.0;1000.0;1000.0;1000.0;1000.0;6000.0;6000.0;12000.0;3000.0;3000.0;1.0;1.0;1.0;1.0;1.0;1.0;1.0;1.0;500.0;500.0;500.0;500.0;500.0;500.0;500.0;500.0;500.0;500.0;500.0;500.0;3000.0;3000.0;6000.0;1500.0;1500.0;1.0;1.0;1.0;1.0;1.0;1.0;1.0;1.0;500.0;500.0;500.0;500.0;500.0;500.0;500.0;500.0;500.0;500.0;500.0;500.0;3000.0;3000.0;6000.0;1500.0;1500.0;1.0;1.0;1.0;1.0;1.0;1.0;1.0;1.0;500.0;500.0;500.0;500.0;500.0;500.0;500.0;500.0;500.0;500.0;500.0;500.0;3000.0;3000.0;6000.0;1500.0;1500.0;1.0;1.0;1.0;1.0;1.0;1.0;1.0;1.0;1.0406;0.9941;0.816;0.7911;0.8269;0.8302;0.8522;0.8514;1.0406;0.9941;0.816;0.7911;0.8269;0.8302;0.8522;0.8514;1.0406;0.9941;0.816;0.7911;0.8269;0.8302;0.8522;0.8514;1.0406;0.9941;0.816;0.7911;0.8269;0.8302;0.8522;0.8514;1.0406;0.9941;0.816;0.7911;0.8269;0.8302;0.8522;0.8514;;;;;;;;;;;;;;;;;;;;;;;;;0.5741;0.4184;0.3636;0.3404;0.3007;0.1277;0.5974;0.416;0.2967;0.2693;0.2486;0.106;0.2861;0.2438;0.2632;0.3714;0.3162;0.5741;0.4184;0.3636;0.3404;0.3007;0.1277;0.5974;0.416;0.2967;0.2693;0.2486;0.106;0.2861;0.2438;0.2632;0.3714;0.3162;0.5741;0.4184;0.3636;0.3404;0.3007;0.1277;0.5974;0.416;0.2967;0.2693;0.2486;0.106;0.2861;0.2438;0.2632;0.3714;0.3162;2.2962;1.6736;1.4545;1.3615;1.2026;0.511;2.3895;1.6639;1.1869;1.077;0.9945;0.4242;1.1443;0.9751;1.0529;1.4855;1.2648;1.1481;0.8368;0.7273;0.6807;0.6013;0.2555;1.1947;0.8319;0.5935;0.5385;0.4973;0.2121;0.5721;0.4875;0.5265;0.7428;0.6324;;;;;;;;;;;;;;;;;;;;;;;;;;;;;;;;;;;;;;;;;;;;;;;;;;;
country;MK;MKD;Macedonia (the former Yugoslav Republic of);500.0;25000.0;35000.0;15000.0;6000.0;6000.0;500.0;20500.0;27500.0;8500.0;4000.0;5000.0;87500.0;66000.0;153500.0;75000.0;56500.0;1.0;0.82;0.7857;0.5667;0.6667;0.8333;0.7543;0.7533;500.0;11500.0;16500.0;7000.0;4000.0;2000.0;500.0;10500.0;13000.0;3000.0;1500.0;1500.0;41500.0;30000.0;71500.0;35000.0;26500.0;1.0;0.913;0.7879;0.4286;0.375;0.75;0.7229;0.7571;500.0;5000.0;6500.0;2000.0;1500.0;500.0;500.0;5000.0;6000.0;500.0;500.0;500.0;16000.0;13000.0;29000.0;13500.0;11500.0;1.0;1.0;0.9231;0.25;0.3333;1.0;0.8125;0.8519;2000.0;15000.0;20000.0;9000.0;4500.0;5000.0;2000.0;12500.0;18500.0;6500.0;4500.0;4500.0;55500.0;48500.0;104000.0;44000.0;37500.0;1.0;0.8333;0.925;0.7222;1.0;0.9;0.8739;0.8523;1000.0;3500.0;7500.0;3500.0;1000.0;1000.0;1000.0;5500.0;12000.0;3500.0;1000.0;1000.0;17500.0;24000.0;41500.0;14500.0;21000.0;1.0;1.5714;1.6;1.0;1.0;1.0;1.3714;1.4483;500.0;28000.0;41500.0;21500.0;9000.0;8500.0;500.0;27500.0;37000.0;12000.0;6000.0;6500.0;109000.0;89500.0;198500.0;91000.0;76500.0;1.0;0.9821;0.8916;0.5581;0.6667;0.7647;0.8211;0.8407;500.0;4000.0;7500.0;2500.0;1500.0;500.0;500.0;4000.0;5000.0;1500.0;1500.0;500.0;16500.0;13000.0;29500.0;14000.0;10500.0;1.0;1.0;0.6667;0.6;1.0;1.0;0.7879;0.75;500.0;29500.0;43500.0;19500.0;9000.0;7500.0;500.0;36000.0;45000.0;14000.0;6500.0;6000.0;109500.0;108000.0;217500.0;92500.0;95000.0;1.0;1.2203;1.0345;0.7179;0.7222;0.8;0.9863;1.027;1.0267;0.8349;0.804;0.5606;0.6346;0.6864;0.7004;0.7597;1.0267;0.9296;0.8063;0.424;0.3569;0.6177;0.6713;0.7635;1.0267;1.0182;0.9446;0.2473;0.3172;0.8237;0.7545;0.8591;1.0267;0.8485;0.9466;0.7145;0.9518;0.7413;0.8115;0.8595;1.0267;1.6;1.6373;0.9893;0.9518;0.8237;1.2735;1.4606;;;;;;;;;;;;;;;;;;;;;;;;;0.012;0.3317;0.2908;0.1178;0.0492;0.0235;0.0123;0.2769;0.2338;0.066;0.0312;0.0161;0.1178;0.0825;0.0995;0.2321;0.1764;0.012;0.1526;0.1371;0.055;0.0328;0.0078;0.0123;0.1418;0.1105;0.0233;0.0117;0.0048;0.0559;0.0375;0.0464;0.1083;0.0827;0.012;0.0663;0.054;0.0157;0.0123;0.002;0.0123;0.0675;0.051;0.0039;0.0039;0.0016;0.0215;0.0163;0.0188;0.0418;0.0359;0.0479;0.199;0.1662;0.0707;0.0369;0.0196;0.0492;0.1689;0.1573;0.0505;0.0351;0.0145;0.0747;0.0607;0.0674;0.1362;0.1171;0.024;0.0464;0.0623;0.0275;0.0082;0.0039;0.0246;0.0743;0.102;0.0272;0.0078;0.0032;0.0236;0.03;0.0269;0.0449;0.0656;;;;;;;;;;;;;;;;;;;;;;;;;;;;;;;;;;;;;;;;;;;;;;;;;;;
country;MM;MMR;Myanmar;500.0;735000.0;1005000.0;315000.0;114500.0;138500.0;500.0;588500.0;687000.0;202000.0;71500.0;86000.0;2308500.0;1635500.0;3944000.0;2055000.0;1477500.0;1.0;0.8007;0.6836;0.6413;0.6245;0.6209;0.7085;0.719;500.0;293000.0;345000.0;106000.0;38500.0;53500.0;500.0;165500.0;201500.0;60500.0;22500.0;28000.0;836500.0;478500.0;1315000.0;744000.0;427500.0;1.0;0.5648;0.5841;0.5708;0.5844;0.5234;0.572;0.5746;500.0;616000.0;624000.0;200500.0;80500.0;106500.0;500.0;544000.0;494000.0;155000.0;58500.0;70500.0;1628000.0;1322500.0;2950500.0;1440500.0;1193000.0;1.0;0.8831;0.7917;0.7731;0.7267;0.662;0.8123;0.8282;2000.0;420500.0;588500.0;205500.0;80000.0;108500.0;2000.0;305500.0;417000.0;146500.0;58500.0;68000.0;1405000.0;997500.0;2402500.0;1214500.0;869000.0;1.0;0.7265;0.7086;0.7129;0.7312;0.6267;0.71;0.7155;1000.0;310000.0;413000.0;134500.0;42500.0;61000.0;1000.0;387500.0;504000.0;145500.0;41000.0;56500.0;962000.0;1135500.0;2097500.0;857500.0;1037000.0;1.0;1.25;1.2203;1.0818;0.9647;0.9262;1.1804;1.2093;500.0;404000.0;516000.0;168000.0;60500.0;82500.0;500.0;298500.0;316500.0;93000.0;34000.0;47500.0;1231500.0;790000.0;2021500.0;1088000.0;708000.0;1.0;0.7389;0.6134;0.5536;0.562;0.5758;0.6415;0.6507;500.0;206000.0;271500.0;85500.0;32500.0;48500.0;500.0;160500.0;190500.0;53500.0;21000.0;29500.0;644500.0;455500.0;1100000.0;563000.0;404500.0;1.0;0.7791;0.7017;0.6257;0.6462;0.6082;0.7067;0.7185;500.0;1139000.0;1388000.0;428500.0;147000.0;197500.0;500.0;875000.0;1046500.0;319500.0;116000.0;139000.0;3300500.0;2496500.0;5797000.0;2955500.0;2241000.0;1.0;0.7682;0.754;0.7456;0.7891;0.7038;0.7564;0.7582;1.0467;0.832;0.7004;0.6463;0.6083;0.5158;0.6902;0.7352;1.0467;0.5869;0.5985;0.5752;0.5693;0.4348;0.5572;0.5876;1.0467;0.9176;0.8112;0.7791;0.7079;0.5499;0.7913;0.8469;1.0467;0.7549;0.726;0.7184;0.7123;0.5206;0.6917;0.7317;1.0467;1.2988;1.2503;1.0902;0.9397;0.7694;1.1499;1.2366;;;;;;;;;;;;;;;;;;;;;;;;;0.0003;0.2286;0.231;0.0784;0.0355;0.0356;0.0003;0.1902;0.1618;0.0507;0.0216;0.0183;0.1126;0.0777;0.0949;0.1774;0.1305;0.0003;0.0911;0.0793;0.0264;0.0119;0.0137;0.0003;0.0535;0.0474;0.0152;0.0068;0.006;0.0408;0.0227;0.0317;0.0642;0.0377;0.0003;0.1916;0.1434;0.0499;0.025;0.0274;0.0003;0.1758;0.1163;0.0389;0.0177;0.015;0.0794;0.0628;0.071;0.1244;0.1053;0.0011;0.1308;0.1352;0.0512;0.0248;0.0279;0.0012;0.0987;0.0982;0.0368;0.0177;0.0145;0.0685;0.0474;0.0578;0.1049;0.0767;0.0006;0.0964;0.0949;0.0335;0.0132;0.0157;0.0006;0.1252;0.1187;0.0365;0.0124;0.0121;0.0469;0.054;0.0505;0.074;0.0916;;;;;;;;;;;;;;;;;;;;;;;;;;;;;;;;;;;;;;;;;;;;;;;;;;;
country;MO;MAC;Macao;500.0;1500.0;3000.0;1500.0;500.0;500.0;500.0;2000.0;5000.0;3000.0;500.0;500.0;7500.0;11500.0;19000.0;6000.0;10000.0;1.0;1.3333;1.6667;2.0;1.0;1.0;1.5333;1.6667;500.0;500.0;2500.0;1500.0;500.0;500.0;500.0;1500.0;3000.0;1500.0;500.0;500.0;6000.0;7500.0;13500.0;4500.0;6000.0;1.0;3.0;1.2;1.0;1.0;1.0;1.25;1.3333;500.0;500.0;1500.0;500.0;500.0;500.0;500.0;500.0;2000.0;500.0;500.0;500.0;4000.0;4500.0;8500.0;2500.0;3000.0;1.0;1.0;1.3333;1.0;1.0;1.0;1.125;1.2;2000.0;2000.0;3000.0;2000.0;2000.0;2000.0;2000.0;2000.0;3000.0;3000.0;2000.0;2000.0;13000.0;14000.0;27000.0;7000.0;8000.0;1.0;1.0;1.0;1.5;1.0;1.0;1.0769;1.1429;1000.0;1000.0;2500.0;1000.0;1000.0;1000.0;1000.0;1000.0;4000.0;3000.0;1000.0;1000.0;7500.0;11000.0;18500.0;4500.0;8000.0;1.0;1.0;1.6;3.0;1.0;1.0;1.4667;1.7778;500.0;500.0;2500.0;1500.0;500.0;500.0;500.0;500.0;2500.0;1500.0;500.0;500.0;6000.0;6000.0;12000.0;4500.0;4500.0;1.0;1.0;1.0;1.0;1.0;1.0;1.0;1.0;500.0;500.0;1500.0;500.0;500.0;500.0;500.0;500.0;1500.0;1500.0;500.0;500.0;4000.0;5000.0;9000.0;2500.0;3500.0;1.0;1.0;1.0;3.0;1.0;1.0;1.25;1.4;500.0;1500.0;4000.0;2500.0;500.0;500.0;500.0;2000.0;7000.0;4000.0;1500.0;500.0;9500.0;15500.0;25000.0;8000.0;13000.0;1.0;1.3333;1.75;1.6;3.0;1.0;1.6316;1.625;0.9856;1.0897;1.4623;1.6239;0.7543;0.8455;1.2753;1.3992;0.9856;2.452;1.0528;0.812;0.7543;0.8455;1.0397;1.1193;0.9856;0.8173;1.1698;0.812;0.7543;0.8455;0.9357;1.0074;0.9856;0.8173;0.8773;1.2179;0.7543;0.8455;0.8957;0.9595;0.9856;0.8173;1.4038;2.4359;0.7543;0.8455;1.2199;1.4924;;;;;;;;;;;;;;;;;;;;;;;;;0.0441;0.0622;0.0511;0.0271;0.0115;0.0058;0.0435;0.0678;0.0747;0.044;0.0087;0.0049;0.0269;0.0343;0.0309;0.0434;0.0608;0.0441;0.0207;0.0426;0.0271;0.0115;0.0058;0.0435;0.0509;0.0448;0.022;0.0087;0.0049;0.0215;0.0224;0.022;0.0326;0.0365;0.0441;0.0207;0.0256;0.009;0.0115;0.0058;0.0435;0.017;0.0299;0.0073;0.0087;0.0049;0.0143;0.0134;0.0138;0.0181;0.0182;0.1764;0.083;0.0511;0.0362;0.0461;0.0233;0.1739;0.0678;0.0448;0.044;0.0348;0.0197;0.0466;0.0418;0.044;0.0507;0.0486;0.0882;0.0415;0.0426;0.0181;0.0231;0.0116;0.0869;0.0339;0.0598;0.044;0.0174;0.0098;0.0269;0.0328;0.0301;0.0326;0.0486;;;;;;;;;;;;;;;;;;;;;;;;;;;;;;;;;;;;;;;;;;;;;;;;;;;
country;MQ;MTQ;Martinique;500.0;1500.0;2000.0;500.0;500.0;500.0;500.0;3500.0;4000.0;1500.0;500.0;500.0;5500.0;10500.0;16000.0;4000.0;9000.0;1.0;2.3333;2.0;3.0;1.0;1.0;1.9091;2.25;500.0;1500.0;1500.0;500.0;500.0;500.0;500.0;2000.0;2500.0;500.0;500.0;500.0;5000.0;6500.0;11500.0;3500.0;5000.0;1.0;1.3333;1.6667;1.0;1.0;1.0;1.3;1.4286;500.0;1500.0;1500.0;500.0;500.0;500.0;500.0;2000.0;2000.0;500.0;500.0;500.0;5000.0;6000.0;11000.0;3500.0;4500.0;1.0;1.3333;1.3333;1.0;1.0;1.0;1.2;1.2857;2000.0;3000.0;3000.0;2000.0;2000.0;2000.0;2000.0;4500.0;4500.0;2000.0;2000.0;2000.0;14000.0;17000.0;31000.0;8000.0;11000.0;1.0;1.5;1.5;1.0;1.0;1.0;1.2143;1.375;1000.0;1000.0;1000.0;1000.0;1000.0;1000.0;1000.0;2000.0;2500.0;1000.0;1000.0;1000.0;6000.0;8500.0;14500.0;3000.0;5500.0;1.0;2.0;2.5;1.0;1.0;1.0;1.4167;1.8333;500.0;1500.0;1500.0;500.0;500.0;500.0;500.0;2000.0;2500.0;500.0;500.0;500.0;5000.0;6500.0;11500.0;3500.0;5000.0;1.0;1.3333;1.6667;1.0;1.0;1.0;1.3;1.4286;500.0;500.0;500.0;500.0;500.0;500.0;500.0;1500.0;2000.0;500.0;500.0;500.0;3000.0;5500.0;8500.0;1500.0;4000.0;1.0;3.0;4.0;1.0;1.0;1.0;1.8333;2.6667;500.0;2000.0;2500.0;500.0;500.0;500.0;500.0;6000.0;6000.0;2500.0;1500.0;500.0;6500.0;17000.0;23500.0;5000.0;14500.0;1.0;3.0;2.4;5.0;3.0;1.0;2.6154;2.9;1.053;2.3691;1.5674;2.1269;0.7591;0.8007;1.5438;1.8194;1.053;1.3537;1.3062;0.709;0.7591;0.8007;1.0513;1.1552;1.053;1.3537;1.0449;0.709;0.7591;0.8007;0.9704;1.0396;1.053;1.523;1.1755;0.709;0.7591;0.8007;0.982;1.1118;1.053;2.0307;1.9592;0.709;0.7591;0.8007;1.1456;1.4824;;;;;;;;;;;;;;;;;;;;;;;;;0.0588;0.1231;0.1434;0.0345;0.0245;0.0078;0.0619;0.2915;0.2248;0.0734;0.0186;0.0062;0.0411;0.0635;0.0535;0.0984;0.1791;0.0588;0.1231;0.1076;0.0345;0.0245;0.0078;0.0619;0.1666;0.1405;0.0245;0.0186;0.0062;0.0374;0.0393;0.0385;0.0861;0.0995;0.0588;0.1231;0.1076;0.0345;0.0245;0.0078;0.0619;0.1666;0.1124;0.0245;0.0186;0.0062;0.0374;0.0363;0.0368;0.0861;0.0896;0.235;0.2461;0.2151;0.138;0.098;0.0312;0.2475;0.3748;0.2529;0.0978;0.0744;0.025;0.1047;0.1028;0.1037;0.1969;0.2189;0.1175;0.082;0.0717;0.069;0.049;0.0156;0.1237;0.1666;0.1405;0.0489;0.0372;0.0125;0.0449;0.0514;0.0485;0.0738;0.1095;;;;;;;;;;;;;;;;;;;;;;;;;;;;;;;;;;;;;;;;;;;;;;;;;;;
country;MR;MRT;Mauritania;500.0;71500.0;81000.0;22500.0;7000.0;7000.0;500.0;31500.0;37500.0;9500.0;4000.0;2500.0;189500.0;85500.0;275000.0;175000.0;78500.0;1.0;0.4406;0.463;0.4222;0.5714;0.3571;0.4512;0.4486;500.0;16000.0;17500.0;5000.0;1500.0;2000.0;500.0;6500.0;8000.0;2000.0;500.0;500.0;42500.0;18000.0;60500.0;38500.0;16500.0;1.0;0.4062;0.4571;0.4;0.3333;0.25;0.4235;0.4286;500.0;21000.0;22500.0;4000.0;1500.0;1500.0;500.0;9500.0;8500.0;1500.0;500.0;500.0;51000.0;21000.0;72000.0;47500.0;19500.0;1.0;0.4524;0.3778;0.375;0.3333;0.3333;0.4118;0.4105;2000.0;13000.0;15500.0;4500.0;3000.0;3000.0;2000.0;6500.0;9500.0;3000.0;2000.0;2000.0;41000.0;25000.0;66000.0;33000.0;19000.0;1.0;0.5;0.6129;0.6667;0.6667;0.6667;0.6098;0.5758;1000.0;21000.0;25500.0;8000.0;3500.0;2000.0;1000.0;13500.0;18500.0;5500.0;2000.0;2000.0;61000.0;42500.0;103500.0;54500.0;37500.0;1.0;0.6429;0.7255;0.6875;0.5714;1.0;0.6967;0.6881;500.0;34000.0;31500.0;7500.0;2500.0;3000.0;500.0;14000.0;14000.0;3000.0;1500.0;500.0;79000.0;33500.0;112500.0;73000.0;31000.0;1.0;0.4118;0.4444;0.4;0.6;0.1667;0.4241;0.4247;500.0;3000.0;5000.0;500.0;500.0;500.0;500.0;1500.0;2500.0;500.0;500.0;500.0;10000.0;6000.0;16000.0;8500.0;4500.0;1.0;0.5;0.5;1.0;1.0;1.0;0.6;0.5294;500.0;88500.0;90500.0;23000.0;7500.0;6500.0;500.0;48500.0;50500.0;12000.0;4000.0;3500.0;216500.0;119000.0;335500.0;202000.0;111000.0;1.0;0.548;0.558;0.5217;0.5333;0.5385;0.5497;0.5495;1.0024;0.4218;0.4218;0.3696;0.4956;0.312;0.4145;0.4116;1.0024;0.3889;0.4164;0.3501;0.2891;0.2184;0.3891;0.3932;1.0024;0.4331;0.3442;0.3283;0.2891;0.2912;0.3783;0.3766;1.0024;0.4787;0.5583;0.5836;0.5783;0.5825;0.5602;0.5283;1.0024;0.6155;0.6609;0.6018;0.4956;0.8737;0.6401;0.6313;;;;;;;;;;;;;;;;;;;;;;;;;0.0022;0.2297;0.2495;0.1016;0.0468;0.0411;0.0022;0.0969;0.1052;0.0375;0.0232;0.0128;0.1351;0.056;0.0939;0.2041;0.084;0.0022;0.0514;0.0539;0.0226;0.01;0.0117;0.0022;0.02;0.0224;0.0079;0.0029;0.0026;0.0303;0.0118;0.0207;0.0449;0.0177;0.0022;0.0675;0.0693;0.0181;0.01;0.0088;0.0022;0.0292;0.0238;0.0059;0.0029;0.0026;0.0364;0.0138;0.0246;0.0554;0.0209;0.0089;0.0418;0.0477;0.0203;0.02;0.0176;0.0089;0.02;0.0267;0.0119;0.0116;0.0103;0.0292;0.0164;0.0225;0.0385;0.0203;0.0044;0.0675;0.0785;0.0361;0.0234;0.0117;0.0045;0.0415;0.0519;0.0217;0.0116;0.0103;0.0435;0.0278;0.0353;0.0636;0.0401;;;;;;;;;;;;;;;;;;;;;;;;;;;;;;;;;;;;;;;;;;;;;;;;;;;
country;MS;MSR;Montserrat;500.0;500.0;500.0;500.0;500.0;500.0;500.0;500.0;500.0;500.0;500.0;500.0;3000.0;3000.0;6000.0;1500.0;1500.0;1.0;1.0;1.0;1.0;1.0;1.0;1.0;1.0;500.0;500.0;500.0;500.0;500.0;500.0;500.0;500.0;500.0;500.0;500.0;500.0;3000.0;3000.0;6000.0;1500.0;1500.0;1.0;1.0;1.0;1.0;1.0;1.0;1.0;1.0;500.0;500.0;500.0;500.0;500.0;500.0;500.0;500.0;500.0;500.0;500.0;500.0;3000.0;3000.0;6000.0;1500.0;1500.0;1.0;1.0;1.0;1.0;1.0;1.0;1.0;1.0;2000.0;2000.0;2000.0;2000.0;2000.0;2000.0;2000.0;2000.0;2000.0;2000.0;2000.0;2000.0;12000.0;12000.0;24000.0;6000.0;6000.0;1.0;1.0;1.0;1.0;1.0;1.0;1.0;1.0;1000.0;1000.0;1000.0;1000.0;1000.0;1000.0;1000.0;1000.0;1000.0;1000.0;1000.0;1000.0;6000.0;6000.0;12000.0;3000.0;3000.0;1.0;1.0;1.0;1.0;1.0;1.0;1.0;1.0;500.0;500.0;500.0;500.0;500.0;500.0;500.0;500.0;500.0;500.0;500.0;500.0;3000.0;3000.0;6000.0;1500.0;1500.0;1.0;1.0;1.0;1.0;1.0;1.0;1.0;1.0;500.0;500.0;500.0;500.0;500.0;500.0;500.0;500.0;500.0;500.0;500.0;500.0;3000.0;3000.0;6000.0;1500.0;1500.0;1.0;1.0;1.0;1.0;1.0;1.0;1.0;1.0;500.0;500.0;500.0;500.0;500.0;500.0;500.0;500.0;500.0;500.0;500.0;500.0;3000.0;3000.0;6000.0;1500.0;1500.0;1.0;1.0;1.0;1.0;1.0;1.0;1.0;1.0;1.16;1.04;0.9752;0.8997;1.0;1.0798;1.0222;0.9568;1.16;1.04;0.9752;0.8997;1.0;1.0798;1.0222;0.9568;1.16;1.04;0.9752;0.8997;1.0;1.0798;1.0222;0.9568;1.16;1.04;0.9752;0.8997;1.0;1.0798;1.0222;0.9568;1.16;1.04;0.9752;0.8997;1.0;1.0798;1.0222;0.9568;;;;;;;;;;;;;;;;;;;;;;;;;4.3103;3.2051;1.8116;1.7986;1.7007;0.6485;5.0;3.3333;1.7668;1.6181;1.7007;0.7003;1.5865;1.6216;1.6038;2.1127;2.0216;4.3103;3.2051;1.8116;1.7986;1.7007;0.6485;5.0;3.3333;1.7668;1.6181;1.7007;0.7003;1.5865;1.6216;1.6038;2.1127;2.0216;4.3103;3.2051;1.8116;1.7986;1.7007;0.6485;5.0;3.3333;1.7668;1.6181;1.7007;0.7003;1.5865;1.6216;1.6038;2.1127;2.0216;17.2414;12.8205;7.2464;7.1942;6.8027;2.594;20.0;13.3333;7.0671;6.4725;6.8027;2.8011;6.3458;6.4865;6.4154;8.4507;8.0863;8.6207;6.4103;3.6232;3.5971;3.4014;1.297;10.0;6.6667;3.5336;3.2362;3.4014;1.4006;3.1729;3.2432;3.2077;4.2254;4.0431;;;;;;;;;;;;;;;;;;;;;;;;;;;;;;;;;;;;;;;;;;;;;;;;;;;
country;MT;MLT;Malta;500.0;3000.0;6000.0;3000.0;2000.0;1500.0;500.0;5000.0;8500.0;3500.0;2500.0;1500.0;16000.0;21500.0;37500.0;12000.0;17000.0;1.0;1.6667;1.4167;1.1667;1.25;1.0;1.3438;1.4167;500.0;2500.0;5000.0;2000.0;1500.0;500.0;500.0;4000.0;5000.0;2000.0;1500.0;1500.0;12000.0;14500.0;26500.0;9500.0;11000.0;1.0;1.6;1.0;1.0;1.0;3.0;1.2083;1.1579;500.0;2000.0;3000.0;1500.0;500.0;500.0;500.0;3500.0;4000.0;1500.0;500.0;500.0;8000.0;10500.0;18500.0;6500.0;9000.0;1.0;1.75;1.3333;1.0;1.0;1.0;1.3125;1.3846;2000.0;4500.0;7000.0;3000.0;3000.0;2000.0;2000.0;7500.0;10000.0;4000.0;3000.0;2000.0;21500.0;28500.0;50000.0;14500.0;21500.0;1.0;1.6667;1.4286;1.3333;1.0;1.0;1.3256;1.4828;1000.0;1000.0;2000.0;1000.0;1000.0;1000.0;1000.0;2500.0;4000.0;2000.0;1000.0;1000.0;7000.0;11500.0;18500.0;4000.0;8500.0;1.0;2.5;2.0;2.0;1.0;1.0;1.6429;2.125;500.0;2500.0;5000.0;2000.0;1500.0;500.0;500.0;4000.0;6500.0;2500.0;2000.0;1500.0;12000.0;17000.0;29000.0;9500.0;13000.0;1.0;1.6;1.3;1.25;1.3333;3.0;1.4167;1.3684;500.0;2000.0;3000.0;1500.0;500.0;500.0;500.0;3000.0;4500.0;1500.0;1500.0;500.0;8000.0;11500.0;19500.0;6500.0;9000.0;1.0;1.5;1.5;1.0;3.0;1.0;1.4375;1.3846;500.0;4000.0;7000.0;3000.0;2000.0;1500.0;500.0;7000.0;11500.0;5000.0;3500.0;1500.0;18000.0;29000.0;47000.0;14000.0;23500.0;1.0;1.75;1.6429;1.6667;1.75;1.0;1.6111;1.6786;1.0919;1.8799;1.73;1.4043;1.4248;0.9215;1.4513;1.6971;1.0919;1.8046;1.2212;1.2037;1.1399;2.7645;1.305;1.387;1.0919;1.9738;1.6282;1.2037;1.1399;0.9215;1.4175;1.6586;1.0919;1.8799;1.7445;1.6048;1.1399;0.9215;1.4317;1.7762;1.0919;2.8198;2.4423;2.4073;1.1399;0.9215;1.7744;2.5455;;;;;;;;;;;;;;;;;;;;;;;;;0.054;0.158;0.12;0.0624;0.0553;0.0191;0.059;0.2969;0.2076;0.0876;0.0788;0.0176;0.0664;0.0963;0.0808;0.1025;0.174;0.054;0.1316;0.1;0.0416;0.0415;0.0064;0.059;0.2376;0.1221;0.0501;0.0473;0.0176;0.0498;0.065;0.0571;0.0812;0.1126;0.054;0.1053;0.06;0.0312;0.0138;0.0064;0.059;0.2079;0.0977;0.0376;0.0158;0.0059;0.0332;0.047;0.0398;0.0555;0.0921;0.2162;0.2369;0.14;0.0624;0.083;0.0254;0.236;0.4454;0.2442;0.1002;0.0946;0.0234;0.0892;0.1277;0.1077;0.1239;0.22;0.1081;0.0527;0.04;0.0208;0.0277;0.0127;0.118;0.1485;0.0977;0.0501;0.0315;0.0117;0.029;0.0515;0.0398;0.0342;0.087;;;;;;;;;;;;;;;;;;;;;;;;;;;;;;;;;;;;;;;;;;;;;;;;;;;
country;MX;MEX;Mexico;500.0;7074000.0;10825000.0;4448500.0;2158500.0;1451500.0;500.0;8092500.0;11945000.0;4864000.0;2597000.0;1976000.0;25958000.0;29475000.0;55433000.0;22347500.0;24901500.0;1.0;1.144;1.1035;1.0934;1.2032;1.3614;1.1355;1.1143;500.0;8197000.0;13579500.0;5668000.0;2817000.0;1896000.0;500.0;9128500.0;14070500.0;5879500.0;3287000.0;2572000.0;32158000.0;34938000.0;67096000.0;27444500.0;29078500.0;1.0;1.1136;1.0362;1.0373;1.1668;1.3565;1.0864;1.0595;500.0;6345000.0;8842000.0;3385000.0;1656000.0;1113500.0;500.0;7382000.0;9882500.0;3668500.0;1924000.0;1456000.0;21342000.0;24313500.0;45655500.0;18572000.0;20933000.0;1.0;1.1634;1.1177;1.0838;1.1618;1.3076;1.1392;1.1271;2000.0;7524500.0;12238500.0;4709000.0;2277000.0;1613000.0;2000.0;10678000.0;15577500.0;5849000.0;2869500.0;2240000.0;28364000.0;37216000.0;65580000.0;24472000.0;32104500.0;1.0;1.4191;1.2728;1.2421;1.2602;1.3887;1.3121;1.3119;1000.0;6195500.0;9762500.0;3767000.0;1811000.0;1328500.0;1000.0;8115500.0;11938000.0;4531000.0;2391000.0;1930500.0;22865500.0;28907000.0;51772500.0;19725000.0;24584500.0;1.0;1.3099;1.2228;1.2028;1.3203;1.4531;1.2642;1.2464;500.0;7088500.0;11347500.0;4525000.0;2171500.0;1444000.0;500.0;8198000.0;12228500.0;4798500.0;2557000.0;1960500.0;26577000.0;29743000.0;56320000.0;22961000.0;25225000.0;1.0;1.1565;1.0776;1.0604;1.1775;1.3577;1.1191;1.0986;500.0;5935500.0;9258500.0;3547000.0;1716000.0;1241000.0;500.0;7060500.0;10241500.0;3888000.0;2094000.0;1717000.0;21698500.0;25001500.0;46700000.0;18741000.0;21190000.0;1.0;1.1895;1.1062;1.0961;1.2203;1.3836;1.1522;1.1307;500.0;8485000.0;14181500.0;5739500.0;2815000.0;1908500.0;500.0;9505000.0;14627000.0;6009500.0;3334000.0;2647000.0;33130000.0;36123000.0;69253000.0;28406000.0;30141500.0;1.0;1.1202;1.0314;1.047;1.1844;1.387;1.0903;1.0611;1.0318;1.1622;1.0645;0.963;1.0249;1.131;1.0392;1.0589;1.0318;1.1314;0.9996;0.9136;0.9939;1.1269;0.9942;1.0068;1.0318;1.182;1.0782;0.9546;0.9896;1.0863;1.0426;1.0711;1.0318;1.4417;1.2279;1.094;1.0734;1.1537;1.2008;1.2467;1.0318;1.3308;1.1796;1.0594;1.1246;1.2072;1.157;1.1845;;;;;;;;;;;;;;;;;;;;;;;;;0.0001;0.9073;1.0613;0.5354;0.3141;0.1516;0.0001;1.0545;1.1298;0.5156;0.3219;0.1714;0.5489;0.5704;0.5602;0.8496;0.8996;0.0001;1.0513;1.3314;0.6822;0.4099;0.198;0.0001;1.1895;1.3309;0.6233;0.4074;0.2231;0.68;0.6762;0.678;1.0433;1.0505;0.0001;0.8138;0.8669;0.4074;0.241;0.1163;0.0001;0.9619;0.9347;0.3889;0.2385;0.1263;0.4513;0.4705;0.4614;0.706;0.7563;0.0004;0.9651;1.1999;0.5668;0.3313;0.1684;0.0005;1.3914;1.4734;0.6201;0.3557;0.1943;0.5998;0.7202;0.6627;0.9303;1.1598;0.0002;0.7946;0.9571;0.4534;0.2635;0.1387;0.0002;1.0575;1.1292;0.4803;0.2964;0.1675;0.4835;0.5594;0.5232;0.7499;0.8882;;;;;;;;;;;;;;;;;;;;;;;;;;;;;;;;;;;;;;;;;;;;;;;;;;;
country;MY;MYS;Malaysia;500.0;2655000.0;4687500.0;2483000.0;1114000.0;901500.0;500.0;2876000.0;4312000.0;2503000.0;1297000.0;1175000.0;11841500.0;12163500.0;24005000.0;9825500.0;9691000.0;1.0;1.0832;0.9199;1.0081;1.1643;1.3034;1.0272;0.9863;500.0;2269500.0;4253000.0;2175000.0;970500.0;774000.0;500.0;2199500.0;3539000.0;1908500.0;977500.0;904000.0;10442500.0;9529000.0;19971500.0;8697500.0;7647000.0;1.0;0.9692;0.8321;0.8775;1.0072;1.168;0.9125;0.8792;500.0;1859500.0;2782000.0;1447000.0;660500.0;550500.0;500.0;1935000.0;2496000.0;1480500.0;697500.0;611500.0;7300000.0;7221000.0;14521000.0;6088500.0;5911500.0;1.0;1.0406;0.8972;1.0232;1.056;1.1108;0.9892;0.9709;2000.0;3383000.0;5462500.0;2883500.0;1363500.0;1213500.0;2000.0;3395000.0;4672000.0;2590500.0;1410000.0;1503500.0;14308000.0;13573000.0;27881000.0;11729000.0;10657500.0;1.0;1.0035;0.8553;0.8984;1.0341;1.239;0.9486;0.9086;1000.0;2029500.0;4329000.0;2291000.0;899500.0;726500.0;1000.0;2290500.0;4509000.0;2512500.0;1111500.0;997500.0;10276500.0;11422000.0;21698500.0;8649500.0;9312000.0;1.0;1.1286;1.0416;1.0967;1.2357;1.373;1.1115;1.0766;500.0;2186500.0;3812000.0;1923000.0;874000.0;734000.0;500.0;2301500.0;3315000.0;1790500.0;923000.0;900500.0;9530000.0;9231000.0;18761000.0;7921500.0;7407000.0;1.0;1.0526;0.8696;0.9311;1.0561;1.2268;0.9686;0.9351;500.0;1756000.0;3104000.0;1655000.0;783500.0;649500.0;500.0;1830500.0;2626000.0;1501500.0;853500.0;802500.0;7948500.0;7614500.0;15563000.0;6515000.0;5958000.0;1.0;1.0424;0.846;0.9073;1.0893;1.2356;0.958;0.9145;500.0;2796000.0;5146500.0;2760500.0;1248000.0;1041500.0;500.0;3077000.0;4824000.0;2818500.0;1498500.0;1449500.0;12993000.0;13668000.0;26661000.0;10703000.0;10719500.0;1.0;1.1005;0.9373;1.021;1.2007;1.3917;1.052;1.0015;1.0824;1.2213;1.1086;1.1817;1.2643;1.2724;1.1423;1.1565;1.0824;1.0928;1.0028;1.0286;1.0937;1.1402;1.0148;1.031;1.0824;1.1733;1.0812;1.1994;1.1467;1.0843;1.1001;1.1385;1.0824;1.1315;1.0307;1.0531;1.1229;1.2095;1.0549;1.0654;1.0824;1.2725;1.2552;1.2855;1.3418;1.3403;1.2361;1.2624;;;;;;;;;;;;;;;;;;;;;;;;;0.0004;1.1687;1.3704;0.8215;0.5586;0.3383;0.0005;1.4273;1.5192;0.9707;0.7062;0.4304;0.8156;0.9316;0.8705;1.1274;1.304;0.0004;0.999;1.2433;0.7196;0.4866;0.2904;0.0005;1.0916;1.2468;0.7402;0.5323;0.3311;0.7192;0.7298;0.7242;0.998;1.029;0.0004;0.8185;0.8133;0.4788;0.3312;0.2066;0.0005;0.9603;0.8794;0.5742;0.3798;0.224;0.5028;0.5531;0.5266;0.6986;0.7954;0.0017;1.4891;1.5969;0.954;0.6837;0.4553;0.0019;1.6849;1.646;1.0047;0.7678;0.5507;0.9855;1.0396;1.0111;1.3459;1.434;0.0009;0.8933;1.2656;0.758;0.451;0.2726;0.0009;1.1367;1.5886;0.9744;0.6052;0.3654;0.7078;0.8748;0.7869;0.9925;1.253;;;;;;;;;;;;;;;;;;;;;;;;;;;;;;;;;;;;;;;;;;;;;;;;;;;
country;MZ;MOZ;Mozambique;500.0;39000.0;60500.0;25000.0;7500.0;4000.0;500.0;38000.0;40500.0;15000.0;4000.0;2500.0;136500.0;100500.0;237000.0;124500.0;93500.0;1.0;0.9744;0.6694;0.6;0.5333;0.625;0.7363;0.751;500.0;11500.0;18000.0;8000.0;3000.0;1500.0;500.0;12000.0;18000.0;7000.0;2500.0;1500.0;42500.0;41500.0;84000.0;37500.0;37000.0;1.0;1.0435;1.0;0.875;0.8333;1.0;0.9765;0.9867;500.0;29000.0;32000.0;11000.0;3500.0;1500.0;500.0;38000.0;38000.0;13000.0;3500.0;2000.0;77500.0;95000.0;172500.0;72000.0;89000.0;1.0;1.3103;1.1875;1.1818;1.0;1.3333;1.2258;1.2361;2000.0;23500.0;26000.0;13000.0;5500.0;4000.0;2000.0;25500.0;31500.0;12000.0;4500.0;3500.0;74000.0;79000.0;153000.0;62500.0;69000.0;1.0;1.0851;1.2115;0.9231;0.8182;0.875;1.0676;1.104;1000.0;7500.0;12000.0;4500.0;2000.0;1000.0;1000.0;16500.0;20000.0;7000.0;2000.0;1000.0;28000.0;47500.0;75500.0;24000.0;43500.0;1.0;2.2;1.6667;1.5556;1.0;1.0;1.6964;1.8125;500.0;25500.0;28500.0;11000.0;4000.0;1500.0;500.0;26500.0;26000.0;9500.0;2500.0;1500.0;71000.0;66500.0;137500.0;65000.0;62000.0;1.0;1.0392;0.9123;0.8636;0.625;1.0;0.9366;0.9538;500.0;7500.0;9000.0;4000.0;1500.0;500.0;500.0;5000.0;6000.0;2500.0;500.0;500.0;23000.0;15000.0;38000.0;20500.0;13500.0;1.0;0.6667;0.6667;0.625;0.3333;1.0;0.6522;0.6585;500.0;45000.0;49500.0;18000.0;5000.0;3000.0;500.0;60500.0;59500.0;19500.0;6000.0;2500.0;121000.0;148500.0;269500.0;112500.0;139500.0;1.0;1.3444;1.202;1.0833;1.2;0.8333;1.2273;1.24;0.9992;0.9592;0.6334;0.5175;0.4504;0.3631;0.6579;0.7046;0.9992;1.0273;0.9463;0.7546;0.7037;0.581;0.8725;0.9257;0.9992;1.2899;1.1237;1.0192;0.8445;0.7746;1.0952;1.1597;0.9992;1.0682;1.1464;0.7961;0.691;0.5084;0.9539;1.0357;0.9992;2.1658;1.5771;1.3416;0.8445;0.581;1.5157;1.7004;;;;;;;;;;;;;;;;;;;;;;;;;0.0003;0.0176;0.0265;0.0177;0.0087;0.0055;0.0003;0.0169;0.0168;0.0092;0.0039;0.002;0.0152;0.01;0.0124;0.0211;0.0149;0.0003;0.0052;0.0079;0.0057;0.0035;0.0021;0.0003;0.0053;0.0075;0.0043;0.0024;0.0012;0.0047;0.0041;0.0044;0.0063;0.0059;0.0003;0.0131;0.014;0.0078;0.0041;0.0021;0.0003;0.0169;0.0158;0.008;0.0034;0.0016;0.0086;0.0094;0.009;0.0122;0.0141;0.0013;0.0106;0.0114;0.0092;0.0064;0.0055;0.0013;0.0113;0.0131;0.0073;0.0044;0.0028;0.0082;0.0078;0.008;0.0106;0.011;0.0007;0.0034;0.0053;0.0032;0.0023;0.0014;0.0007;0.0073;0.0083;0.0043;0.002;0.0008;0.0031;0.0047;0.004;0.0041;0.0069;;;;;;;;;;;;;;;;;;;;;;;;;;;;;;;;;;;;;;;;;;;;;;;;;;;
country;NG;NGA;Nigeria;500.0;5317000.0;7224000.0;2856000.0;1009500.0;813500.0;500.0;4146500.0;5257000.0;2279500.0;779500.0;603000.0;17220500.0;13066000.0;30286500.0;15397000.0;11683000.0;1.0;0.7799;0.7277;0.7981;0.7722;0.7412;0.7587;0.7588;500.0;4322500.0;5414000.0;1935000.0;691500.0;515500.0;500.0;3234000.0;3768500.0;1398500.0;502500.0;342500.0;12879000.0;9246500.0;22125500.0;11671500.0;8401000.0;1.0;0.7482;0.6961;0.7227;0.7267;0.6644;0.718;0.7198;500.0;2212000.0;2469500.0;851500.0;314000.0;218500.0;500.0;2141500.0;2172500.0;689500.0;254000.0;166000.0;6066000.0;5424000.0;11490000.0;5533000.0;5003500.0;1.0;0.9681;0.8797;0.8097;0.8089;0.7597;0.8942;0.9043;2000.0;5185000.0;6618000.0;2576000.0;964500.0;675500.0;2000.0;4486000.0;5109000.0;2081000.0;816000.0;582500.0;16021000.0;13076500.0;29097500.0;14379000.0;11676000.0;1.0;0.8652;0.772;0.8078;0.846;0.8623;0.8162;0.812;1000.0;743500.0;1451000.0;556000.0;144000.0;91500.0;1000.0;1036000.0;2475000.0;804500.0;135000.0;82000.0;2987000.0;4533500.0;7520500.0;2750500.0;4315500.0;1.0;1.3934;1.7057;1.4469;0.9375;0.8962;1.5177;1.569;500.0;1566000.0;2021500.0;671000.0;264000.0;178500.0;500.0;1077500.0;1255000.0;390500.0;167000.0;109500.0;4701500.0;3000000.0;7701500.0;4258500.0;2723000.0;1.0;0.6881;0.6208;0.582;0.6326;0.6134;0.6381;0.6394;500.0;507000.0;525000.0;146000.0;52500.0;48000.0;500.0;306000.0;250500.0;61500.0;25500.0;20500.0;1279000.0;664500.0;1943500.0;1178000.0;618000.0;1.0;0.6036;0.4771;0.4212;0.4857;0.4271;0.5195;0.5246;500.0;4094500.0;5197500.0;1948500.0;686000.0;399000.0;500.0;3352500.0;3951500.0;1589500.0;546500.0;320500.0;12326000.0;9761000.0;22087000.0;11240500.0;8893500.0;1.0;0.8188;0.7603;0.8158;0.7966;0.8033;0.7919;0.7912;1.0378;0.809;0.7507;0.8166;0.779;0.6937;0.7724;0.7826;1.0378;0.7761;0.7181;0.7395;0.7331;0.6218;0.731;0.7424;1.0378;1.0043;0.9075;0.8285;0.816;0.711;0.9104;0.9327;1.0378;0.8975;0.7964;0.8266;0.8534;0.807;0.831;0.8375;1.0378;1.4454;1.7595;1.4805;0.9457;0.8387;1.5452;1.6182;;;;;;;;;;;;;;;;;;;;;;;;;0.0;0.3469;0.454;0.2445;0.131;0.1049;0.0;0.2806;0.3408;0.1996;0.1021;0.0727;0.2493;0.1926;0.2212;0.3587;0.2807;0.0;0.282;0.3402;0.1656;0.0897;0.0665;0.0;0.2189;0.2443;0.1225;0.0658;0.0413;0.1865;0.1363;0.1616;0.2719;0.2018;0.0;0.1443;0.1552;0.0729;0.0407;0.0282;0.0;0.1449;0.1408;0.0604;0.0333;0.02;0.0878;0.08;0.0839;0.1289;0.1202;0.0002;0.3383;0.4159;0.2205;0.1252;0.0871;0.0002;0.3036;0.3312;0.1823;0.1068;0.0703;0.232;0.1928;0.2126;0.335;0.2805;0.0001;0.0485;0.0912;0.0476;0.0187;0.0118;0.0001;0.0701;0.1604;0.0705;0.0177;0.0099;0.0433;0.0668;0.0549;0.0641;0.1037;;;;;;;;;;;;;;;;;;;;;;;;;;;;;;;;;;;;;;;;;;;;;;;;;;;
country;NI;NIC;Nicaragua;500.0;115000.0;144000.0;66500.0;28000.0;24500.0;500.0;106000.0;140500.0;64500.0;29500.0;29500.0;378500.0;370500.0;749000.0;325500.0;311000.0;1.0;0.9217;0.9757;0.9699;1.0536;1.2041;0.9789;0.9555;500.0;23000.0;44000.0;24000.0;10500.0;6000.0;500.0;13000.0;27500.0;16000.0;10500.0;6000.0;108000.0;73500.0;181500.0;91000.0;56500.0;1.0;0.5652;0.625;0.6667;1.0;1.0;0.6806;0.6209;500.0;96000.0;74500.0;29500.0;13500.0;13000.0;500.0;76500.0;78500.0;30500.0;13000.0;14000.0;227000.0;213000.0;440000.0;200000.0;185500.0;1.0;0.7969;1.0537;1.0339;0.963;1.0769;0.9383;0.9275;2000.0;40000.0;49500.0;26500.0;15500.0;13500.0;2000.0;39000.0;45500.0;26000.0;18500.0;19000.0;147000.0;150000.0;297000.0;116000.0;110500.0;1.0;0.975;0.9192;0.9811;1.1935;1.4074;1.0204;0.9526;1000.0;32000.0;47000.0;21500.0;7500.0;6500.0;1000.0;57500.0;79000.0;34500.0;11000.0;11000.0;115500.0;194000.0;309500.0;100500.0;171000.0;1.0;1.7969;1.6809;1.6047;1.4667;1.6923;1.6797;1.7015;500.0;136500.0;174000.0;80500.0;35000.0;29500.0;500.0;131500.0;166500.0;75000.0;37000.0;35000.0;456000.0;445500.0;901500.0;391000.0;373000.0;1.0;0.9634;0.9569;0.9317;1.0571;1.1864;0.977;0.954;500.0;38500.0;48500.0;19500.0;9000.0;8500.0;500.0;46000.0;49500.0;22500.0;10500.0;10500.0;124500.0;139500.0;264000.0;106500.0;118000.0;1.0;1.1948;1.0206;1.1538;1.1667;1.2353;1.1205;1.108;500.0;158500.0;223000.0;96000.0;41500.0;35000.0;500.0;179500.0;252000.0;109500.0;51000.0;48500.0;554500.0;641000.0;1195500.0;477500.0;541000.0;1.0;1.1325;1.13;1.1406;1.2289;1.3857;1.156;1.133;1.0276;0.9451;0.9735;0.8966;0.9748;0.9403;0.9245;0.9385;1.0276;0.5796;0.6236;0.6163;0.9252;0.7809;0.6428;0.6099;1.0276;0.8172;1.0513;0.9558;0.891;0.8409;0.8862;0.911;1.0276;0.9998;0.9171;0.907;1.1043;1.099;0.9637;0.9357;1.0276;1.8426;1.677;1.4835;1.3571;1.3215;1.5864;1.6713;;;;;;;;;;;;;;;;;;;;;;;;;0.0019;0.2611;0.2473;0.1503;0.0883;0.0721;0.0019;0.2468;0.2407;0.1348;0.086;0.0678;0.1585;0.1466;0.1524;0.2221;0.2085;0.0019;0.0522;0.0756;0.0542;0.0331;0.0177;0.0019;0.0303;0.0471;0.0334;0.0306;0.0138;0.0452;0.0291;0.0369;0.0621;0.0379;0.0019;0.2179;0.1279;0.0667;0.0426;0.0383;0.0019;0.1781;0.1345;0.0637;0.0379;0.0322;0.0951;0.0843;0.0895;0.1365;0.1243;0.0075;0.0908;0.085;0.0599;0.0489;0.0397;0.0077;0.0908;0.078;0.0543;0.054;0.0437;0.0616;0.0593;0.0604;0.0792;0.0741;0.0038;0.0726;0.0807;0.0486;0.0236;0.0191;0.0039;0.1339;0.1353;0.0721;0.0321;0.0253;0.0484;0.0767;0.063;0.0686;0.1146;;;;;;;;;;;;;;;;;;;;;;;;;;;;;;;;;;;;;;;;;;;;;;;;;;;
country;NL;NLD;Netherlands;500.0;359500.0;540500.0;248000.0;146000.0;106500.0;500.0;565500.0;767000.0;400500.0;231000.0;176000.0;1401000.0;2140500.0;3541500.0;1148000.0;1733000.0;1.0;1.573;1.4191;1.6149;1.5822;1.6526;1.5278;1.5096;500.0;324000.0;499000.0;235000.0;140500.0;95000.0;500.0;465000.0;639000.0;349500.0;208500.0;142000.0;1294000.0;1804500.0;3098500.0;1058000.0;1453500.0;1.0;1.4352;1.2806;1.4872;1.484;1.4947;1.3945;1.3738;500.0;327500.0;452000.0;189500.0;111500.0;70500.0;500.0;493000.0;585000.0;280500.0;168500.0;111000.0;1151500.0;1638500.0;2790000.0;969000.0;1358500.0;1.0;1.5053;1.2942;1.4802;1.5112;1.5745;1.4229;1.402;2000.0;619500.0;922000.0;402000.0;253000.0;179500.0;2000.0;936500.0;1306500.0;628500.0;394500.0;287000.0;2378000.0;3555000.0;5933000.0;1943500.0;2871500.0;1.0;1.5117;1.417;1.5634;1.5593;1.5989;1.495;1.4775;1000.0;268500.0;440000.0;148500.0;84000.0;52500.0;1000.0;431000.0;701000.0;279500.0;140000.0;84500.0;994500.0;1637000.0;2631500.0;857000.0;1411500.0;1.0;1.6052;1.5932;1.8822;1.6667;1.6095;1.6461;1.647;500.0;335000.0;515000.0;234000.0;141500.0;99500.0;500.0;510500.0;730500.0;373000.0;224000.0;162500.0;1325500.0;2001000.0;3326500.0;1084000.0;1614000.0;1.0;1.5239;1.4184;1.594;1.583;1.6332;1.5096;1.4889;500.0;289000.0;453000.0;196000.0;117500.0;85000.0;500.0;453000.0;646000.0;303500.0;182000.0;138500.0;1141000.0;1723500.0;2864500.0;938000.0;1402500.0;1.0;1.5675;1.426;1.5485;1.5489;1.6294;1.5105;1.4952;500.0;361000.0;550500.0;255000.0;149500.0;109500.0;500.0;575500.0;804000.0;434000.0;249500.0;192500.0;1426000.0;2256000.0;3682000.0;1166500.0;1813500.0;1.0;1.5942;1.4605;1.702;1.6689;1.758;1.582;1.5547;1.0458;1.6275;1.4562;1.6312;1.5718;1.5156;1.4918;1.5437;1.0458;1.4849;1.3141;1.5022;1.4743;1.3708;1.3617;1.4048;1.0458;1.5575;1.3281;1.4952;1.5013;1.444;1.3894;1.4337;1.0458;1.5641;1.4541;1.5792;1.5491;1.4663;1.4598;1.5109;1.0458;1.6608;1.6349;1.9012;1.6558;1.4761;1.6074;1.6842;;;;;;;;;;;;;;;;;;;;;;;;;0.0012;0.4396;0.4435;0.2239;0.1246;0.0365;0.0013;0.7155;0.6458;0.3652;0.1958;0.0553;0.1834;0.2736;0.229;0.3651;0.5636;0.0012;0.3962;0.4094;0.2121;0.1199;0.0325;0.0013;0.5883;0.538;0.3187;0.1767;0.0446;0.1694;0.2306;0.2004;0.3365;0.4727;0.0012;0.4005;0.3709;0.1711;0.0951;0.0241;0.0013;0.6237;0.4925;0.2558;0.1428;0.0349;0.1507;0.2094;0.1804;0.3082;0.4418;0.0049;0.7575;0.7565;0.3629;0.2159;0.0615;0.0052;1.1848;1.1;0.5731;0.3344;0.0902;0.3113;0.4544;0.3837;0.6181;0.9339;0.0025;0.3283;0.361;0.1341;0.0717;0.018;0.0026;0.5453;0.5902;0.2549;0.1187;0.0265;0.1302;0.2092;0.1702;0.2725;0.459;;;;;;;;;;;;;;;;;;;;;;;;;;;;;;;;;;;;;;;;;;;;;;;;;;;
country;NO;NOR;Norway;500.0;133500.0;157000.0;69500.0;46500.0;24000.0;500.0;192000.0;199500.0;93000.0;69500.0;39500.0;431000.0;594000.0;1025000.0;360000.0;484500.0;1.0;1.4382;1.2707;1.3381;1.4946;1.6458;1.3782;1.3458;500.0;131500.0;158000.0;70500.0;47500.0;25000.0;500.0;187000.0;203000.0;95000.0;72500.0;42000.0;433000.0;600000.0;1033000.0;360000.0;485000.0;1.0;1.4221;1.2848;1.3475;1.5263;1.68;1.3857;1.3472;500.0;135000.0;154000.0;65000.0;40500.0;21500.0;500.0;195000.0;194500.0;83000.0;58000.0;33000.0;416500.0;564000.0;980500.0;354000.0;472500.0;1.0;1.4444;1.263;1.2769;1.4321;1.5349;1.3541;1.3347;2000.0;264000.0;298500.0;123500.0;83500.0;44000.0;2000.0;403500.0;420000.0;177500.0;125500.0;73000.0;815500.0;1201500.0;2017000.0;686000.0;1001000.0;1.0;1.5284;1.407;1.4372;1.503;1.6591;1.4733;1.4592;1000.0;31500.0;62500.0;31000.0;20000.0;8500.0;1000.0;115000.0;153500.0;67000.0;43000.0;19500.0;154500.0;399000.0;553500.0;125000.0;335500.0;1.0;3.6508;2.456;2.1613;2.15;2.2941;2.5825;2.684;500.0;127000.0;155000.0;69500.0;47000.0;25000.0;500.0;178500.0;199500.0;94000.0;72000.0;42000.0;424000.0;586500.0;1010500.0;351500.0;472000.0;1.0;1.4055;1.2871;1.3525;1.5319;1.68;1.3833;1.3428;500.0;100500.0;126500.0;53000.0;37000.0;20500.0;500.0;137000.0;145000.0;63000.0;50500.0;32500.0;338000.0;428500.0;766500.0;280000.0;345000.0;1.0;1.3632;1.1462;1.1887;1.3649;1.5854;1.2678;1.2321;500.0;137000.0;164000.0;74500.0;49500.0;26000.0;500.0;203000.0;219500.0;107000.0;79500.0;44000.0;451500.0;653500.0;1105000.0;375500.0;529500.0;1.0;1.4818;1.3384;1.4362;1.6061;1.6923;1.4474;1.4101;1.0564;1.5219;1.3299;1.4007;1.557;1.5503;1.3896;1.4123;1.0564;1.5049;1.3446;1.4106;1.5901;1.5825;1.3972;1.4138;1.0564;1.5285;1.3218;1.3366;1.4919;1.4458;1.3653;1.4007;1.0564;1.6174;1.4725;1.5044;1.5658;1.5628;1.4855;1.5313;1.0564;3.8633;2.5704;2.2624;2.2398;2.161;2.6039;2.8167;;;;;;;;;;;;;;;;;;;;;;;;;0.0037;0.5606;0.4026;0.1866;0.1232;0.0294;0.0039;0.8532;0.5355;0.2614;0.1918;0.0456;0.185;0.2571;0.2209;0.3598;0.5082;0.0037;0.5522;0.4052;0.1893;0.1258;0.0306;0.0039;0.831;0.5448;0.267;0.2;0.0485;0.1859;0.2597;0.2226;0.3598;0.5087;0.0037;0.5669;0.3949;0.1745;0.1073;0.0263;0.0039;0.8665;0.522;0.2333;0.16;0.0381;0.1788;0.2441;0.2113;0.3538;0.4956;0.0148;1.1085;0.7655;0.3316;0.2212;0.0539;0.0156;1.793;1.1273;0.4989;0.3463;0.0843;0.3501;0.5201;0.4347;0.6856;1.0499;0.0074;0.1323;0.1603;0.0832;0.053;0.0104;0.0078;0.511;0.412;0.1883;0.1186;0.0225;0.0663;0.1727;0.1193;0.1249;0.3519;;;;;;;;;;;;;;;;;;;;;;;;;;;;;;;;;;;;;;;;;;;;;;;;;;;
country;NZ;NZL;New Zealand;500.0;201500.0;300500.0;114500.0;51500.0;38000.0;500.0;244000.0;315000.0;112500.0;55000.0;42000.0;706500.0;769000.0;1475500.0;616500.0;671500.0;1.0;1.2109;1.0483;0.9825;1.068;1.1053;1.0885;1.0892;500.0;181500.0;264000.0;102000.0;44000.0;31500.0;500.0;221500.0;280500.0;99500.0;48000.0;35000.0;623500.0;685000.0;1308500.0;547500.0;601500.0;1.0;1.2204;1.0625;0.9755;1.0909;1.1111;1.0986;1.0986;500.0;165000.0;198500.0;71500.0;32000.0;25000.0;500.0;208500.0;225000.0;73000.0;36500.0;28000.0;492500.0;571500.0;1064000.0;435000.0;506500.0;1.0;1.2636;1.1335;1.021;1.1406;1.12;1.1604;1.1644;2000.0;355000.0;480500.0;172500.0;83500.0;60500.0;2000.0;461500.0;565000.0;197500.0;98500.0;67000.0;1154000.0;1391500.0;2545500.0;1008000.0;1224000.0;1.0;1.3;1.1759;1.1449;1.1796;1.1074;1.2058;1.2143;1000.0;65500.0;104500.0;48000.0;21500.0;17000.0;1000.0;134500.0;194500.0;75500.0;33000.0;25000.0;257500.0;463500.0;721000.0;218000.0;404500.0;1.0;2.0534;1.8612;1.5729;1.5349;1.4706;1.8;1.8555;500.0;173000.0;260500.0;99500.0;45000.0;32000.0;500.0;217500.0;285000.0;99500.0;47000.0;36000.0;610500.0;685500.0;1296000.0;533000.0;602000.0;1.0;1.2572;1.094;1.0;1.0444;1.125;1.1229;1.1295;500.0;143000.0;219500.0;79500.0;33000.0;22500.0;500.0;182500.0;243000.0;83000.0;36000.0;25000.0;498000.0;570000.0;1068000.0;442000.0;508500.0;1.0;1.2762;1.1071;1.044;1.0909;1.1111;1.1446;1.1505;500.0;212500.0;312500.0;116500.0;50500.0;36500.0;500.0;256000.0;325000.0;114000.0;55000.0;40500.0;729000.0;791000.0;1520000.0;641500.0;695000.0;1.0;1.2047;1.04;0.9785;1.0891;1.1096;1.085;1.0834;1.0555;1.2825;1.0852;0.9661;1.0269;1.0026;1.0595;1.1131;1.0555;1.2925;1.0999;0.9592;1.0489;1.0079;1.0693;1.1227;1.0555;1.3383;1.1734;1.0039;1.0967;1.016;1.1295;1.19;1.0555;1.3768;1.2173;1.1258;1.1342;1.0045;1.1736;1.241;1.0555;2.1748;1.9267;1.5466;1.4759;1.334;1.752;1.8963;;;;;;;;;;;;;;;;;;;;;;;;;0.0037;0.8646;0.7894;0.3442;0.1624;0.0538;0.0039;1.1089;0.8566;0.3326;0.1668;0.054;0.3358;0.3558;0.3459;0.6514;0.7251;0.0037;0.7788;0.6935;0.3067;0.1388;0.0446;0.0039;1.0066;0.7628;0.2941;0.1456;0.045;0.2964;0.3169;0.3068;0.5785;0.6495;0.0037;0.708;0.5214;0.215;0.1009;0.0354;0.0039;0.9475;0.6118;0.2158;0.1107;0.036;0.2341;0.2644;0.2495;0.4597;0.5469;0.0149;1.5232;1.2622;0.5186;0.2633;0.0857;0.0157;2.0973;1.5364;0.5839;0.2987;0.0861;0.5485;0.6438;0.5968;1.0651;1.3217;0.0074;0.281;0.2745;0.1443;0.0678;0.0241;0.0078;0.6112;0.5289;0.2232;0.1001;0.0321;0.1224;0.2144;0.169;0.2304;0.4368;;;;;;;;;;;;;;;;;;;;;;;;;;;;;;;;;;;;;;;;;;;;;;;;;;;
country;OM;OMN;Oman;500.0;236500.0;579000.0;262000.0;80500.0;46000.0;500.0;188500.0;334500.0;126500.0;46500.0;30500.0;1204500.0;727000.0;1931500.0;1077500.0;649500.0;1.0;0.797;0.5777;0.4828;0.5776;0.663;0.6036;0.6028;500.0;216000.0;558500.0;266500.0;82000.0;47000.0;500.0;165000.0;303500.0;125000.0;45500.0;30500.0;1170500.0;670000.0;1840500.0;1041000.0;593500.0;1.0;0.7639;0.5434;0.469;0.5549;0.6489;0.5724;0.5701;500.0;194000.0;360500.0;157500.0;53500.0;28500.0;500.0;161500.0;227000.0;81500.0;31500.0;20500.0;794500.0;522500.0;1317000.0;712000.0;470000.0;1.0;0.8325;0.6297;0.5175;0.5888;0.7193;0.6576;0.6601;2000.0;230000.0;621000.0;310500.0;105500.0;54000.0;2000.0;190000.0;379500.0;147500.0;58000.0;31500.0;1323000.0;808500.0;2131500.0;1161500.0;717000.0;1.0;0.8261;0.6111;0.475;0.5498;0.5833;0.6111;0.6173;1000.0;90500.0;216000.0;114500.0;31000.0;11000.0;1000.0;114500.0;205500.0;77000.0;18000.0;8000.0;464000.0;424000.0;888000.0;421000.0;397000.0;1.0;1.2652;0.9514;0.6725;0.5806;0.7273;0.9138;0.943;500.0;239500.0;638500.0;289500.0;88500.0;51000.0;500.0;194000.0;375000.0;144500.0;51000.0;34000.0;1307500.0;799000.0;2106500.0;1167500.0;713500.0;1.0;0.81;0.5873;0.4991;0.5763;0.6667;0.6111;0.6111;500.0;34000.0;101500.0;66000.0;25000.0;10500.0;500.0;21500.0;41000.0;20500.0;9000.0;4500.0;237500.0;97000.0;334500.0;201500.0;83000.0;1.0;0.6324;0.4039;0.3106;0.36;0.4286;0.4084;0.4119;500.0;252000.0;620000.0;278500.0;79500.0;43500.0;500.0;201500.0;361500.0;139500.0;45500.0;28500.0;1274000.0;777000.0;2051000.0;1150500.0;702500.0;1.0;0.7996;0.5831;0.5009;0.5723;0.6552;0.6099;0.6106;1.0481;1.2315;1.3265;1.0828;1.1695;0.8273;1.1523;1.2747;1.0481;1.1803;1.2478;1.0518;1.1235;0.8097;1.0928;1.2055;1.0481;1.2863;1.4459;1.1606;1.1921;0.8976;1.2554;1.3959;1.0481;1.2764;1.4032;1.0653;1.1132;0.7279;1.1667;1.3053;1.0481;1.9549;2.1846;1.5082;1.1755;0.9075;1.7446;1.9941;;;;;;;;;;;;;;;;;;;;;;;;;0.0042;0.8195;0.7034;0.3628;0.2548;0.2487;0.0044;1.0092;0.933;0.3928;0.298;0.2057;0.4908;0.5655;0.5165;0.5875;0.7489;0.0042;0.7484;0.6785;0.369;0.2595;0.2541;0.0044;0.8834;0.8466;0.3882;0.2916;0.2057;0.4769;0.5212;0.4921;0.5676;0.6843;0.0042;0.6722;0.438;0.2181;0.1693;0.1541;0.0044;0.8646;0.6332;0.2531;0.2019;0.1383;0.3237;0.4064;0.3522;0.3882;0.5419;0.0168;0.7969;0.7544;0.4299;0.3339;0.2919;0.0176;1.0172;1.0586;0.458;0.3717;0.2125;0.5391;0.6289;0.57;0.6333;0.8267;0.0084;0.3136;0.2624;0.1585;0.0981;0.0595;0.0088;0.613;0.5732;0.2391;0.1153;0.054;0.1891;0.3298;0.2374;0.2296;0.4577;;;;;;;;;;;;;;;;;;;;;;;;;;;;;;;;;;;;;;;;;;;;;;;;;;;
country;PA;PAN;Panama;500.0;261500.0;421000.0;223000.0;120500.0;84000.0;500.0;261500.0;387000.0;190500.0;111000.0;98500.0;1110500.0;1049000.0;2159500.0;905500.0;839000.0;1.0;1.0;0.9192;0.8543;0.9212;1.1726;0.9446;0.9266;500.0;264000.0;446000.0;241500.0;130500.0;96000.0;500.0;269500.0;407000.0;203000.0;123500.0;117000.0;1178500.0;1120500.0;2299000.0;951500.0;879500.0;1.0;1.0208;0.9126;0.8406;0.9464;1.2188;0.9508;0.9243;500.0;245000.0;402000.0;219500.0;121500.0;86000.0;500.0;257000.0;377000.0;188500.0;115000.0;103000.0;1074500.0;1041000.0;2115500.0;866500.0;822500.0;1.0;1.049;0.9378;0.8588;0.9465;1.1977;0.9688;0.9492;2000.0;323500.0;526000.0;322000.0;178000.0;114500.0;2000.0;373000.0;556000.0;301000.0;178000.0;137000.0;1466000.0;1547000.0;3013000.0;1171500.0;1230000.0;1.0;1.153;1.057;0.9348;1.0;1.1965;1.0553;1.0499;1000.0;163000.0;341500.0;174500.0;33500.0;17500.0;1000.0;313500.0;470000.0;228500.0;42000.0;26000.0;731000.0;1081000.0;1812000.0;679000.0;1012000.0;1.0;1.9233;1.3763;1.3095;1.2537;1.4857;1.4788;1.4904;500.0;277000.0;459500.0;243500.0;129500.0;96500.0;500.0;283000.0;417000.0;203000.0;123000.0;118500.0;1206500.0;1145000.0;2351500.0;980000.0;903000.0;1.0;1.0217;0.9075;0.8337;0.9498;1.228;0.949;0.9214;500.0;90500.0;379500.0;198500.0;88000.0;41500.0;500.0;96500.0;357000.0;167500.0;83500.0;51000.0;798500.0;756000.0;1554500.0;668500.0;621000.0;1.0;1.0663;0.9407;0.8438;0.9489;1.2289;0.9468;0.9289;500.0;298500.0;506000.0;261500.0;139500.0;103500.0;500.0;305000.0;453000.0;223000.0;133000.0;129500.0;1309500.0;1244000.0;2553500.0;1066000.0;981000.0;1.0;1.0218;0.8953;0.8528;0.9534;1.2512;0.95;0.9203;1.0441;1.0386;0.9382;0.862;0.9101;1.0389;0.9304;0.9467;1.0441;1.0602;0.9314;0.8481;0.935;1.0798;0.9365;0.9443;1.0441;1.0895;0.9571;0.8665;0.9351;1.0611;0.9542;0.9698;1.0441;1.1975;1.0788;0.9432;0.9879;1.0601;1.0394;1.0726;1.0441;1.9976;1.4047;1.3213;1.2386;1.3163;1.4565;1.5227;;;;;;;;;;;;;;;;;;;;;;;;;0.0033;1.0325;1.2405;0.7337;0.4663;0.2266;0.0035;1.0724;1.1638;0.6324;0.4244;0.2354;0.663;0.6169;0.6398;1.0099;0.956;0.0033;1.0424;1.3141;0.7946;0.505;0.259;0.0035;1.1052;1.224;0.6739;0.4721;0.2796;0.7036;0.6589;0.6811;1.0612;1.0022;0.0033;0.9674;1.1845;0.7222;0.4701;0.232;0.0035;1.054;1.1337;0.6258;0.4397;0.2462;0.6415;0.6122;0.6267;0.9664;0.9372;0.0134;1.2773;1.5498;1.0594;0.6888;0.3089;0.014;1.5297;1.672;0.9993;0.6805;0.3274;0.8752;0.9097;0.8926;1.3066;1.4016;0.0067;0.6436;1.0062;0.5741;0.1296;0.0472;0.007;1.2857;1.4134;0.7586;0.1606;0.0621;0.4364;0.6357;0.5368;0.7573;1.1532;;;;;;;;;;;;;;;;;;;;;;;;;;;;;;;;;;;;;;;;;;;;;;;;;;;
country;PE;PER;Peru;500.0;2338000.0;3662000.0;1936500.0;919500.0;639000.0;500.0;2508500.0;3686000.0;1890500.0;1052000.0;935000.0;9495500.0;10072500.0;19568000.0;7936500.0;8085000.0;1.0;1.0729;1.0066;0.9762;1.1441;1.4632;1.0608;1.0187;500.0;2264000.0;3759500.0;1998000.0;968500.0;666500.0;500.0;2388000.0;3772500.0;1951500.0;1106000.0;974000.0;9657000.0;10192500.0;19849500.0;8021500.0;8112000.0;1.0;1.0548;1.0035;0.9767;1.142;1.4614;1.0555;1.0113;500.0;2586500.0;3998500.0;2039500.0;943000.0;649500.0;500.0;2774000.0;3978500.0;1996500.0;1082000.0;953000.0;10217500.0;10784500.0;21002000.0;8624500.0;8749000.0;1.0;1.0725;0.995;0.9789;1.1474;1.4673;1.0555;1.0144;2000.0;2697000.0;4232500.0;2285000.0;1071500.0;635500.0;2000.0;3111000.0;4835000.0;2520500.0;1296000.0;945500.0;10923500.0;12710000.0;23633500.0;9214500.0;10466500.0;1.0;1.1535;1.1424;1.1031;1.2095;1.4878;1.1635;1.1359;1000.0;1563500.0;3224000.0;1619000.0;509000.0;219000.0;1000.0;2173000.0;3531500.0;1734000.0;741500.0;454000.0;7135500.0;8635000.0;15770500.0;6406500.0;7438500.0;1.0;1.3898;1.0954;1.071;1.4568;2.0731;1.2101;1.1611;500.0;2212500.0;3674000.0;1955000.0;795000.0;524000.0;500.0;2419500.0;3747500.0;1941500.0;915000.0;787000.0;9161000.0;9811000.0;18972000.0;7841500.0;8108500.0;1.0;1.0936;1.02;0.9931;1.1509;1.5019;1.071;1.034;500.0;893000.0;1875000.0;908500.0;445000.0;243500.0;500.0;1102500.0;2046500.0;974000.0;567000.0;390500.0;4365500.0;5081000.0;9446500.0;3676500.0;4123000.0;1.0;1.2346;1.0915;1.0721;1.2742;1.6037;1.1639;1.1214;500.0;2600500.0;4176500.0;2118500.0;1005000.0;691500.0;500.0;2776500.0;4119500.0;2067000.0;1144500.0;1018000.0;10592500.0;11126000.0;21718500.0;8895500.0;8963000.0;1.0;1.0677;0.9864;0.9757;1.1388;1.4722;1.0504;1.0076;1.0298;1.0811;0.975;0.9599;1.1554;1.3409;1.0359;1.0027;1.0298;1.0629;0.972;0.9604;1.1533;1.3393;1.0308;0.9954;1.0298;1.0807;0.9638;0.9625;1.1588;1.3447;1.0308;0.9984;1.0298;1.1623;1.1065;1.0847;1.2215;1.3635;1.1362;1.118;1.0298;1.4004;1.061;1.0531;1.4712;1.8998;1.1817;1.1428;;;;;;;;;;;;;;;;;;;;;;;;;0.0004;1.1916;1.3606;0.8253;0.4782;0.2341;0.0004;1.2883;1.3265;0.7923;0.5525;0.3139;0.7401;0.7667;0.7536;1.1338;1.1368;0.0004;1.1538;1.3968;0.8515;0.5037;0.2442;0.0004;1.2264;1.3576;0.8178;0.5809;0.327;0.7527;0.7758;0.7644;1.1459;1.1406;0.0004;1.3182;1.4856;0.8692;0.4904;0.238;0.0004;1.4246;1.4318;0.8367;0.5683;0.32;0.7964;0.8209;0.8088;1.2321;1.2301;0.0017;1.3745;1.5726;0.9739;0.5573;0.2328;0.0017;1.5977;1.74;1.0563;0.6807;0.3175;0.8514;0.9674;0.9101;1.3164;1.4716;0.0008;0.7968;1.1979;0.69;0.2647;0.0802;0.0009;1.116;1.2709;0.7267;0.3894;0.1524;0.5562;0.6573;0.6073;0.9152;1.0459;;;;;;;;;;;;;;;;;;;;;;;;;;;;;;;;;;;;;;;;;;;;;;;;;;;
country;PF;PYF;French Polynesia;500.0;1500.0;2000.0;1500.0;500.0;500.0;500.0;1500.0;2500.0;500.0;500.0;500.0;6500.0;6000.0;12500.0;5000.0;4500.0;1.0;1.0;1.25;0.3333;1.0;1.0;0.9231;0.9;500.0;1500.0;1500.0;500.0;500.0;500.0;500.0;1500.0;1500.0;500.0;500.0;500.0;5000.0;5000.0;10000.0;3500.0;3500.0;1.0;1.0;1.0;1.0;1.0;1.0;1.0;1.0;500.0;1500.0;500.0;500.0;500.0;500.0;500.0;500.0;500.0;500.0;500.0;500.0;4000.0;3000.0;7000.0;2500.0;1500.0;1.0;0.3333;1.0;1.0;1.0;1.0;0.75;0.6;2000.0;2000.0;2000.0;2000.0;2000.0;2000.0;2000.0;3000.0;3000.0;2000.0;2000.0;2000.0;12000.0;14000.0;26000.0;6000.0;8000.0;1.0;1.5;1.5;1.0;1.0;1.0;1.1667;1.3333;1000.0;1000.0;1000.0;1000.0;1000.0;1000.0;1000.0;1000.0;2000.0;1000.0;1000.0;1000.0;6000.0;7000.0;13000.0;3000.0;4000.0;1.0;1.0;2.0;1.0;1.0;1.0;1.1667;1.3333;500.0;500.0;1500.0;500.0;500.0;500.0;500.0;1500.0;1500.0;500.0;500.0;500.0;4000.0;5000.0;9000.0;2500.0;3500.0;1.0;3.0;1.0;1.0;1.0;1.0;1.25;1.4;500.0;500.0;500.0;500.0;500.0;500.0;500.0;500.0;500.0;500.0;500.0;500.0;3000.0;3000.0;6000.0;1500.0;1500.0;1.0;1.0;1.0;1.0;1.0;1.0;1.0;1.0;500.0;2500.0;3000.0;1500.0;500.0;500.0;500.0;3000.0;4000.0;2000.0;500.0;500.0;8500.0;10500.0;19000.0;7000.0;9000.0;1.0;1.2;1.3333;1.3333;1.0;1.0;1.2353;1.2857;1.0478;1.0429;1.2621;0.3284;1.0328;1.0053;0.9368;0.9079;1.0478;1.0429;1.0097;0.9853;1.0328;1.0053;1.0148;1.0088;1.0478;0.3476;1.0097;0.9853;1.0328;1.0053;0.7611;0.6053;1.0478;1.5643;1.5145;0.9853;1.0328;1.0053;1.184;1.345;1.0478;1.0429;2.0194;0.9853;1.0328;1.0053;1.184;1.345;;;;;;;;;;;;;;;;;;;;;;;;;0.0557;0.1007;0.1003;0.0709;0.0255;0.0162;0.0584;0.105;0.1266;0.0233;0.0264;0.0163;0.0564;0.0528;0.0546;0.0893;0.0811;0.0557;0.1007;0.0752;0.0236;0.0255;0.0162;0.0584;0.105;0.0759;0.0233;0.0264;0.0163;0.0434;0.044;0.0437;0.0625;0.063;0.0557;0.1007;0.0251;0.0236;0.0255;0.0162;0.0584;0.035;0.0253;0.0233;0.0264;0.0163;0.0347;0.0264;0.0306;0.0446;0.027;0.223;0.1342;0.1003;0.0945;0.1022;0.065;0.2336;0.21;0.1519;0.0931;0.1055;0.0653;0.1041;0.1232;0.1136;0.1071;0.1441;0.1115;0.0671;0.0501;0.0473;0.0511;0.0325;0.1168;0.07;0.1013;0.0466;0.0528;0.0327;0.052;0.0616;0.0568;0.0536;0.0721;;;;;;;;;;;;;;;;;;;;;;;;;;;;;;;;;;;;;;;;;;;;;;;;;;;
country;PH;PHL;Philippines;500.0;7388000.0;8447000.0;2946000.0;1188500.0;1041000.0;500.0;8987000.0;10391500.0;3636500.0;1623000.0;1427000.0;21011000.0;26065500.0;47076500.0;18781000.0;23015000.0;1.0;1.2164;1.2302;1.2344;1.3656;1.3708;1.2406;1.2254;500.0;5794000.0;6813500.0;2204000.0;740500.0;719500.0;500.0;6178000.0;7711500.0;2432000.0;852000.0;886500.0;16272000.0;18060500.0;34332500.0;14811500.0;16321500.0;1.0;1.0663;1.1318;1.1034;1.1506;1.2321;1.1099;1.1019;500.0;2800500.0;2298500.0;768000.0;317500.0;344000.0;500.0;3667000.0;3039500.0;943000.0;406500.0;439500.0;6529000.0;8496000.0;15025000.0;5867000.0;7649500.0;1.0;1.3094;1.3224;1.2279;1.2803;1.2776;1.3013;1.3038;2000.0;10069000.0;11596000.0;3782000.0;1594000.0;1687500.0;2000.0;11455000.0;13339500.0;4157500.0;1878500.0;2090000.0;28730500.0;32922500.0;61653000.0;25447000.0;28952000.0;1.0;1.1377;1.1504;1.0993;1.1785;1.2385;1.1459;1.1377;1000.0;5533000.0;6835500.0;2354500.0;784500.0;699500.0;1000.0;8629000.0;10134000.0;3325000.0;1132000.0;1012000.0;16208000.0;24233000.0;40441000.0;14723000.0;22088000.0;1.0;1.5596;1.4826;1.4122;1.443;1.4467;1.4951;1.5002;500.0;4518500.0;5367000.0;1689500.0;676000.0;665000.0;500.0;5318500.0;6037500.0;1778000.0;755000.0;796000.0;12916500.0;14685500.0;27602000.0;11575000.0;13134000.0;1.0;1.177;1.1249;1.0524;1.1169;1.197;1.137;1.1347;500.0;4870500.0;5579500.0;1884000.0;793000.0;613500.0;500.0;5726500.0;6320500.0;2089500.0;999500.0;817500.0;13741000.0;15954000.0;29695000.0;12334000.0;14136500.0;1.0;1.1758;1.1328;1.1091;1.2604;1.3325;1.1611;1.1461;500.0;8425000.0;10081500.0;3476000.0;1387000.0;1227000.0;500.0;10152500.0;12185000.0;4241500.0;1861500.0;1705000.0;24597000.0;30146000.0;54743000.0;21982500.0;26579000.0;1.0;1.205;1.2086;1.2202;1.3421;1.3896;1.2256;1.2091;1.0272;1.2333;1.2556;1.2573;1.3532;1.1281;1.2154;1.2474;1.0272;1.0811;1.1551;1.1239;1.1401;1.014;1.0874;1.1216;1.0272;1.3276;1.3497;1.2507;1.2686;1.0514;1.2749;1.3272;1.0272;1.1535;1.1741;1.1197;1.1678;1.0193;1.1227;1.1581;1.0272;1.5813;1.5132;1.4384;1.4298;1.1906;1.4648;1.5271;;;;;;;;;;;;;;;;;;;;;;;;;0.0001;0.9725;0.8688;0.3917;0.2124;0.1643;0.0001;1.1995;1.0908;0.4924;0.2874;0.1853;0.5079;0.6173;0.5632;0.756;0.9431;0.0001;0.7627;0.7008;0.293;0.1323;0.1135;0.0001;0.8246;0.8095;0.3293;0.1509;0.1151;0.3933;0.4277;0.4107;0.5962;0.6688;0.0001;0.3686;0.2364;0.1021;0.0567;0.0543;0.0001;0.4894;0.3191;0.1277;0.072;0.0571;0.1578;0.2012;0.1797;0.2362;0.3135;0.0004;1.3255;1.1926;0.5028;0.2849;0.2663;0.0004;1.5289;1.4002;0.563;0.3327;0.2714;0.6945;0.7797;0.7375;1.0244;1.1864;0.0002;0.7283;0.703;0.313;0.1402;0.1104;0.0002;1.1517;1.0637;0.4502;0.2005;0.1314;0.3918;0.5739;0.4838;0.5927;0.9051;;;;;;;;;;;;;;;;;;;;;;;;;;;;;;;;;;;;;;;;;;;;;;;;;;;
country;PK;PAK;Pakistan;500.0;14677500.0;16961500.0;5069500.0;1571500.0;1718500.0;500.0;5659500.0;6621000.0;1971000.0;614000.0;645000.0;39999000.0;15511000.0;55510000.0;36708500.0;14251500.0;1.0;0.3856;0.3904;0.3888;0.3907;0.3753;0.3878;0.3882;500.0;13230500.0;16011500.0;4807000.0;1417500.0;1532500.0;500.0;4732500.0;5960500.0;1868500.0;537500.0;552500.0;36999500.0;13652000.0;50651500.0;34049000.0;12561500.0;1.0;0.3577;0.3723;0.3887;0.3792;0.3605;0.369;0.3689;500.0;6826000.0;6908000.0;1692000.0;480500.0;548000.0;500.0;2301500.0;2251500.0;562000.0;165000.0;189500.0;16455000.0;5470000.0;21925000.0;15426000.0;5115000.0;1.0;0.3372;0.3259;0.3322;0.3434;0.3458;0.3324;0.3316;2000.0;10412500.0;17337500.0;5524500.0;1758500.0;1165500.0;2000.0;4155000.0;6553500.0;2004500.0;624000.0;418500.0;36200500.0;13757500.0;49958000.0;33274500.0;12713000.0;1.0;0.399;0.378;0.3628;0.3548;0.3591;0.38;0.3821;1000.0;4534500.0;6512000.0;1998000.0;535000.0;535000.0;1000.0;3935500.0;5021500.0;1149500.0;292500.0;226000.0;14115500.0;10626000.0;24741500.0;13044500.0;10106500.0;1.0;0.8679;0.7711;0.5753;0.5467;0.4224;0.7528;0.7748;500.0;7318500.0;9620500.0;2976000.0;946000.0;1126000.0;500.0;2241500.0;3200000.0;1045000.0;347000.0;398500.0;21987500.0;7232500.0;29220000.0;19915000.0;6486500.0;1.0;0.3063;0.3326;0.3511;0.3668;0.3539;0.3289;0.3257;500.0;3046000.0;3460500.0;1092500.0;374000.0;498000.0;500.0;849500.0;969500.0;324500.0;114500.0;151500.0;8471500.0;2410000.0;10881500.0;7599000.0;2143500.0;1.0;0.2789;0.2802;0.297;0.3061;0.3042;0.2845;0.2821;500.0;14982500.0;18304500.0;5394000.0;1597500.0;1401500.0;500.0;5837000.0;7915000.0;2430500.0;670500.0;591000.0;41680500.0;17444500.0;59125000.0;38681000.0;16182500.0;1.0;0.3896;0.4324;0.4506;0.4197;0.4217;0.4185;0.4184;1.0573;0.4083;0.4141;0.4009;0.3949;0.3479;0.3989;0.4083;1.0573;0.3787;0.3949;0.4008;0.3833;0.3342;0.3796;0.388;1.0573;0.357;0.3457;0.3425;0.3471;0.3206;0.3419;0.3488;1.0573;0.4224;0.4009;0.3741;0.3586;0.3329;0.3909;0.4019;1.0573;0.9189;0.8179;0.5932;0.5526;0.3916;0.7744;0.8149;;;;;;;;;;;;;;;;;;;;;;;;;0.0;0.866;0.8853;0.3702;0.1716;0.1539;0.0;0.3536;0.3666;0.1484;0.0677;0.0535;0.4931;0.1967;0.347;0.7371;0.301;0.0;0.7806;0.8357;0.351;0.1547;0.1372;0.0;0.2957;0.33;0.1407;0.0593;0.0459;0.4561;0.1731;0.3166;0.6837;0.2653;0.0;0.4028;0.3606;0.1235;0.0525;0.0491;0.0;0.1438;0.1246;0.0423;0.0182;0.0157;0.2028;0.0694;0.137;0.3097;0.108;0.0002;0.6144;0.9049;0.4034;0.192;0.1044;0.0002;0.2596;0.3628;0.1509;0.0689;0.0347;0.4462;0.1745;0.3123;0.6681;0.2685;0.0001;0.2676;0.3399;0.1459;0.0584;0.0479;0.0001;0.2459;0.278;0.0865;0.0323;0.0188;0.174;0.1347;0.1547;0.2619;0.2134;;;;;;;;;;;;;;;;;;;;;;;;;;;;;;;;;;;;;;;;;;;;;;;;;;;
country;PL;POL;Poland;500.0;586000.0;1151500.0;541500.0;340500.0;169500.0;500.0;845000.0;1273500.0;792500.0;553000.0;322000.0;2789500.0;3786500.0;6576000.0;2279000.0;2911000.0;1.0;1.442;1.1059;1.4635;1.6241;1.8997;1.3574;1.2773;500.0;585000.0;1140500.0;533000.0;347500.0;176000.0;500.0;818000.0;1216500.0;741500.0;556000.0;339500.0;2782500.0;3672000.0;6454500.0;2258500.0;2776000.0;1.0;1.3983;1.0666;1.3912;1.6;1.929;1.3197;1.2291;500.0;540500.0;952500.0;403000.0;249000.0;127000.0;500.0;757500.0;1010500.0;556500.0;368000.0;225000.0;2272500.0;2918000.0;5190500.0;1896000.0;2324500.0;1.0;1.4015;1.0609;1.3809;1.4779;1.7717;1.284;1.226;2000.0;838500.0;1624000.0;767500.0;524500.0;284500.0;2000.0;1284000.0;1920000.0;1123000.0;820000.0;539000.0;4041000.0;5688000.0;9729000.0;3230000.0;4327000.0;1.0;1.5313;1.1823;1.4632;1.5634;1.8946;1.4076;1.3396;1000.0;264000.0;757500.0;258500.0;150000.0;80500.0;1000.0;580000.0;1035500.0;583000.0;422500.0;197500.0;1511500.0;2819500.0;4331000.0;1280000.0;2198500.0;1.0;2.197;1.367;2.2553;2.8167;2.4534;1.8654;1.7176;500.0;549500.0;1092000.0;510500.0;326000.0;165000.0;500.0;769500.0;1178500.0;723000.0;526500.0;315000.0;2643500.0;3513000.0;6156500.0;2152000.0;2671000.0;1.0;1.4004;1.0792;1.4163;1.615;1.9091;1.3289;1.2412;500.0;575000.0;1148000.0;517500.0;342000.0;178500.0;500.0;814000.0;1286000.0;747000.0;566000.0;353000.0;2761500.0;3766500.0;6528000.0;2240500.0;2847000.0;1.0;1.4157;1.1202;1.4435;1.655;1.9776;1.3639;1.2707;500.0;597500.0;1176000.0;555000.0;348500.0;176000.0;500.0;868500.0;1323000.0;823500.0;575000.0;345000.0;2853500.0;3935500.0;6789000.0;2328500.0;3015000.0;1.0;1.4536;1.125;1.4838;1.6499;1.9602;1.3792;1.2948;1.0514;1.5077;1.1547;1.5086;1.6308;1.446;1.2524;1.3262;1.0514;1.462;1.1137;1.4341;1.6066;1.4683;1.2177;1.2762;1.0514;1.4654;1.1078;1.4235;1.484;1.3485;1.1847;1.273;1.0514;1.6011;1.2345;1.5083;1.5698;1.4421;1.2988;1.3909;1.0514;2.2972;1.4274;2.3248;2.8283;1.8674;1.7212;1.7834;;;;;;;;;;;;;;;;;;;;;;;;;0.0006;0.4362;0.4427;0.1653;0.1277;0.0321;0.0006;0.6576;0.5112;0.2494;0.2083;0.0464;0.1744;0.2184;0.1973;0.3156;0.4186;0.0006;0.4354;0.4385;0.1627;0.1303;0.0333;0.0006;0.6366;0.4884;0.2333;0.2094;0.0489;0.1739;0.2118;0.1936;0.3128;0.3992;0.0006;0.4023;0.3662;0.123;0.0934;0.024;0.0006;0.5895;0.4057;0.1751;0.1386;0.0324;0.1421;0.1683;0.1557;0.2626;0.3343;0.0024;0.6241;0.6243;0.2343;0.1967;0.0538;0.0025;0.9993;0.7708;0.3534;0.3088;0.0777;0.2526;0.3281;0.2919;0.4473;0.6222;0.0012;0.1965;0.2912;0.0789;0.0563;0.0152;0.0013;0.4514;0.4157;0.1834;0.1591;0.0285;0.0945;0.1626;0.1299;0.1773;0.3161;;;;;;;;;;;;;;;;;;;;;;;;;;;;;;;;;;;;;;;;;;;;;;;;;;;
country;PM;SPM;Saint Pierre and Miquelon;500.0;500.0;500.0;500.0;500.0;500.0;500.0;500.0;500.0;500.0;500.0;500.0;3000.0;3000.0;6000.0;1500.0;1500.0;1.0;1.0;1.0;1.0;1.0;1.0;1.0;1.0;500.0;500.0;500.0;500.0;500.0;500.0;500.0;500.0;500.0;500.0;500.0;500.0;3000.0;3000.0;6000.0;1500.0;1500.0;1.0;1.0;1.0;1.0;1.0;1.0;1.0;1.0;500.0;500.0;500.0;500.0;500.0;500.0;500.0;500.0;500.0;500.0;500.0;500.0;3000.0;3000.0;6000.0;1500.0;1500.0;1.0;1.0;1.0;1.0;1.0;1.0;1.0;1.0;2000.0;2000.0;2000.0;2000.0;2000.0;2000.0;2000.0;2000.0;2000.0;2000.0;2000.0;2000.0;12000.0;12000.0;24000.0;6000.0;6000.0;1.0;1.0;1.0;1.0;1.0;1.0;1.0;1.0;1000.0;1000.0;1000.0;1000.0;1000.0;1000.0;1000.0;1000.0;1000.0;1000.0;1000.0;1000.0;6000.0;6000.0;12000.0;3000.0;3000.0;1.0;1.0;1.0;1.0;1.0;1.0;1.0;1.0;500.0;500.0;500.0;500.0;500.0;500.0;500.0;500.0;500.0;500.0;500.0;500.0;3000.0;3000.0;6000.0;1500.0;1500.0;1.0;1.0;1.0;1.0;1.0;1.0;1.0;1.0;500.0;500.0;500.0;500.0;500.0;500.0;500.0;500.0;500.0;500.0;500.0;500.0;3000.0;3000.0;6000.0;1500.0;1500.0;1.0;1.0;1.0;1.0;1.0;1.0;1.0;1.0;500.0;500.0;500.0;500.0;500.0;500.0;500.0;500.0;500.0;500.0;500.0;500.0;3000.0;3000.0;6000.0;1500.0;1500.0;1.0;1.0;1.0;1.0;1.0;1.0;1.0;1.0;1.0254;1.2418;0.9846;1.0055;0.9714;0.9161;0.9737;1.0452;1.0254;1.2418;0.9846;1.0055;0.9714;0.9161;0.9737;1.0452;1.0254;1.2418;0.9846;1.0055;0.9714;0.9161;0.9737;1.0452;1.0254;1.2418;0.9846;1.0055;0.9714;0.9161;0.9737;1.0452;1.0254;1.2418;0.9846;1.0055;0.9714;0.9161;0.9737;1.0452;;;;;;;;;;;;;;;;;;;;;;;;;3.1056;2.6316;1.9455;1.3774;1.0504;0.5035;3.1847;3.268;1.9157;1.385;1.0204;0.4613;1.2295;1.1971;1.2131;1.8519;1.9355;3.1056;2.6316;1.9455;1.3774;1.0504;0.5035;3.1847;3.268;1.9157;1.385;1.0204;0.4613;1.2295;1.1971;1.2131;1.8519;1.9355;3.1056;2.6316;1.9455;1.3774;1.0504;0.5035;3.1847;3.268;1.9157;1.385;1.0204;0.4613;1.2295;1.1971;1.2131;1.8519;1.9355;12.4224;10.5263;7.7821;5.5096;4.2017;2.0141;12.7389;13.0719;7.6628;5.5402;4.0816;1.845;4.918;4.7885;4.8524;7.4074;7.7419;6.2112;5.2632;3.8911;2.7548;2.1008;1.007;6.3694;6.5359;3.8314;2.7701;2.0408;0.9225;2.459;2.3943;2.4262;3.7037;3.871;;;;;;;;;;;;;;;;;;;;;;;;;;;;;;;;;;;;;;;;;;;;;;;;;;;
country;PR;PRI;Puerto Rico;500.0;37000.0;112000.0;86000.0;50500.0;55000.0;500.0;78000.0;122000.0;95500.0;64000.0;51500.0;341000.0;411500.0;752500.0;235000.0;295500.0;1.0;2.1081;1.0893;1.1105;1.2673;0.9364;1.2067;1.2574;500.0;35000.0;106500.0;80500.0;47000.0;50500.0;500.0;76000.0;117000.0;89500.0;59500.0;46000.0;320000.0;388500.0;708500.0;222000.0;282500.0;1.0;2.1714;1.0986;1.1118;1.266;0.9109;1.2141;1.2725;500.0;28500.0;82500.0;62000.0;34000.0;30500.0;500.0;68500.0;102000.0;75000.0;48500.0;29500.0;238000.0;324000.0;562000.0;173000.0;245500.0;1.0;2.4035;1.2364;1.2097;1.4265;0.9672;1.3613;1.4191;2000.0;56000.0;165500.0;122500.0;71000.0;69000.0;2000.0;133500.0;199500.0;150500.0;103500.0;66500.0;486000.0;655500.0;1141500.0;344000.0;483500.0;1.0;2.3839;1.2054;1.2286;1.4577;0.9638;1.3488;1.4055;1000.0;10500.0;36500.0;27000.0;11500.0;11000.0;1000.0;44500.0;71000.0;49000.0;25500.0;14500.0;97500.0;205500.0;303000.0;74000.0;164500.0;1.0;4.2381;1.9452;1.8148;2.2174;1.3182;2.1077;2.223;500.0;31500.0;95500.0;69500.0;35000.0;34000.0;500.0;72000.0;110500.0;82000.0;48500.0;32500.0;266000.0;346000.0;612000.0;196500.0;264500.0;1.0;2.2857;1.1571;1.1799;1.3857;0.9559;1.3008;1.3461;500.0;25000.0;69000.0;48500.0;23500.0;22000.0;500.0;61000.0;82000.0;58000.0;35000.0;21500.0;188500.0;258000.0;446500.0;142500.0;201000.0;1.0;2.44;1.1884;1.1959;1.4894;0.9773;1.3687;1.4105;500.0;36000.0;107500.0;78000.0;42000.0;43000.0;500.0;77500.0;118500.0;88500.0;56000.0;40500.0;307000.0;381500.0;688500.0;221500.0;284500.0;1.0;2.1528;1.1023;1.1346;1.3333;0.9419;1.2427;1.2844;1.0562;2.1686;1.0249;0.9886;1.1372;0.7392;1.0532;1.1879;1.0562;2.2337;1.0337;0.9898;1.136;0.7191;1.0597;1.2022;1.0562;2.4725;1.1633;1.0769;1.2801;0.7635;1.1882;1.3407;1.0562;2.4523;1.1342;1.0937;1.3081;0.7608;1.1773;1.3278;1.0562;4.3597;1.8303;1.6156;1.9898;1.0406;1.8397;2.1001;;;;;;;;;;;;;;;;;;;;;;;;;0.0066;0.2526;0.6022;0.4705;0.2471;0.1005;0.007;0.5477;0.6172;0.4651;0.281;0.0743;0.254;0.2675;0.2612;0.4561;0.5418;0.0066;0.2389;0.5726;0.4404;0.2299;0.0923;0.007;0.5337;0.5919;0.4359;0.2612;0.0663;0.2384;0.2526;0.246;0.4308;0.5179;0.0066;0.1945;0.4436;0.3392;0.1663;0.0557;0.007;0.481;0.516;0.3653;0.2129;0.0425;0.1773;0.2107;0.1951;0.3357;0.4501;0.0265;0.3823;0.8898;0.6702;0.3474;0.126;0.028;0.9374;1.0092;0.733;0.4544;0.0959;0.362;0.4262;0.3963;0.6676;0.8865;0.0133;0.0717;0.1962;0.1477;0.0563;0.0201;0.014;0.3125;0.3592;0.2386;0.1119;0.0209;0.0726;0.1336;0.1052;0.1436;0.3016;;;;;;;;;;;;;;;;;;;;;;;;;;;;;;;;;;;;;;;;;;;;;;;;;;;
country;PS;PSE;Palestine, State of;500.0;209500.0;343000.0;128500.0;52000.0;48000.0;500.0;139500.0;187000.0;63000.0;23500.0;26000.0;781500.0;439500.0;1221000.0;681000.0;389500.0;1.0;0.6659;0.5452;0.4903;0.4519;0.5417;0.5624;0.572;500.0;197500.0;349500.0;129500.0;52500.0;46500.0;500.0;126000.0;183000.0;61500.0;23000.0;24500.0;776000.0;418500.0;1194500.0;676500.0;370500.0;1.0;0.638;0.5236;0.4749;0.4381;0.5269;0.5393;0.5477;500.0;139500.0;221000.0;76000.0;31500.0;28500.0;500.0;97000.0;119500.0;39500.0;14000.0;14000.0;497000.0;284500.0;781500.0;436500.0;256000.0;1.0;0.6953;0.5407;0.5197;0.4444;0.4912;0.5724;0.5865;2000.0;206000.0;350000.0;134000.0;54500.0;47000.0;2000.0;146500.0;194000.0;68000.0;23000.0;24000.0;793500.0;457500.0;1251000.0;690000.0;408500.0;1.0;0.7112;0.5543;0.5075;0.422;0.5106;0.5766;0.592;1000.0;87000.0;211500.0;79000.0;29500.0;20000.0;1000.0;83000.0;155500.0;52000.0;15500.0;14000.0;428000.0;321000.0;749000.0;377500.0;290500.0;1.0;0.954;0.7352;0.6582;0.5254;0.7;0.75;0.7695;500.0;171000.0;308500.0;116500.0;48000.0;43500.0;500.0;114000.0;164000.0;56000.0;22500.0;23000.0;688000.0;380000.0;1068000.0;596000.0;334000.0;1.0;0.6667;0.5316;0.4807;0.4688;0.5287;0.5523;0.5604;500.0;85000.0;152000.0;51000.0;21500.0;20500.0;500.0;59500.0;76000.0;22500.0;8500.0;10500.0;330500.0;177500.0;508000.0;288000.0;158000.0;1.0;0.7;0.5;0.4412;0.3953;0.5122;0.5371;0.5486;500.0;247000.0;425000.0;151500.0;58500.0;52500.0;500.0;169500.0;241500.0;78500.0;27500.0;29500.0;935000.0;547000.0;1482000.0;823500.0;489500.0;1.0;0.6862;0.5682;0.5182;0.4701;0.5619;0.585;0.5944;0.992;0.6505;0.5401;0.4741;0.417;0.4812;0.5413;0.5605;0.992;0.6233;0.5187;0.4592;0.4042;0.4681;0.5191;0.5366;0.992;0.6793;0.5357;0.5026;0.41;0.4364;0.551;0.5747;0.992;0.6948;0.5491;0.4908;0.3894;0.4536;0.555;0.5801;0.992;0.932;0.7284;0.6365;0.4848;0.6218;0.7219;0.754;;;;;;;;;;;;;;;;;;;;;;;;;0.0022;0.6136;0.7938;0.4481;0.2915;0.2268;0.0022;0.3991;0.4287;0.2124;0.1216;0.1091;0.4659;0.2522;0.357;0.6422;0.3599;0.0022;0.5784;0.8088;0.4515;0.2943;0.2198;0.0022;0.3605;0.4196;0.2074;0.119;0.1028;0.4627;0.2402;0.3493;0.638;0.3423;0.0022;0.4086;0.5114;0.265;0.1766;0.1347;0.0022;0.2775;0.274;0.1332;0.0724;0.0588;0.2963;0.1633;0.2285;0.4117;0.2365;0.0088;0.6033;0.81;0.4672;0.3056;0.2221;0.0087;0.4192;0.4448;0.2293;0.119;0.1008;0.4731;0.2625;0.3658;0.6507;0.3775;0.0044;0.2548;0.4895;0.2755;0.1654;0.0945;0.0044;0.2375;0.3565;0.1753;0.0802;0.0588;0.2552;0.1842;0.219;0.356;0.2684;;;;;;;;;;;;;;;;;;;;;;;;;;;;;;;;;;;;;;;;;;;;;;;;;;;
country;PT;PRT;Portugal;500.0;169500.0;317000.0;163000.0;119500.0;77000.0;500.0;273000.0;463000.0;243500.0;192500.0;144000.0;846500.0;1316500.0;2163000.0;649500.0;979500.0;1.0;1.6106;1.4606;1.4939;1.6109;1.8701;1.5552;1.5081;500.0;177500.0;330500.0;174000.0;123500.0;79500.0;500.0;286500.0;483500.0;264000.0;198500.0;151000.0;885500.0;1384000.0;2269500.0;682000.0;1034000.0;1.0;1.6141;1.4629;1.5172;1.6073;1.8994;1.563;1.5161;500.0;145000.0;215000.0;108500.0;88000.0;48000.0;500.0;227000.0;299500.0;145000.0;131500.0;82500.0;605000.0;886000.0;1491000.0;468500.0;671500.0;1.0;1.5655;1.393;1.3364;1.4943;1.7188;1.4645;1.4333;2000.0;234000.0;429500.0;196500.0;147000.0;93500.0;2000.0;503500.0;843500.0;335000.0;241000.0;166500.0;1102500.0;2091500.0;3194000.0;860000.0;1682000.0;1.0;2.1517;1.9639;1.7048;1.6395;1.7807;1.8971;1.9558;1000.0;83000.0;144000.0;76500.0;54500.0;33000.0;1000.0;178000.0;318000.0;157500.0;116000.0;66000.0;392000.0;836500.0;1228500.0;303500.0;653500.0;1.0;2.1446;2.2083;2.0588;2.1284;2.0;2.1339;2.1532;500.0;168000.0;308500.0;157500.0;111500.0;69500.0;500.0;270500.0;447000.0;232000.0;176500.0;126500.0;815500.0;1253000.0;2068500.0;634000.0;949500.0;1.0;1.6101;1.4489;1.473;1.583;1.8201;1.5365;1.4976;500.0;137000.0;269500.0;134000.0;100500.0;58500.0;500.0;213500.0;372000.0;185000.0;153500.0;105000.0;700000.0;1029500.0;1729500.0;540500.0;770500.0;1.0;1.5584;1.3803;1.3806;1.5274;1.7949;1.4707;1.4255;500.0;175000.0;322000.0;165000.0;120500.0;77500.0;500.0;285000.0;475500.0;248500.0;195000.0;147500.0;860500.0;1352000.0;2212500.0;662000.0;1009000.0;1.0;1.6286;1.4767;1.5061;1.6183;1.9032;1.5712;1.5242;1.0438;1.6868;1.4904;1.4132;1.479;1.4841;1.3877;1.5007;1.0438;1.6905;1.4928;1.4352;1.4757;1.5073;1.3947;1.5087;1.0438;1.6396;1.4214;1.2642;1.3719;1.364;1.3068;1.4263;1.0438;2.2536;2.004;1.6127;1.5052;1.4131;1.6928;1.9463;1.0438;2.2461;2.2534;1.9476;1.9541;1.5872;1.9041;2.1427;;;;;;;;;;;;;;;;;;;;;;;;;0.0024;0.4269;0.5644;0.2506;0.1579;0.0439;0.0025;0.7201;0.8412;0.3542;0.2336;0.0652;0.1955;0.2713;0.2356;0.4036;0.6057;0.0024;0.4471;0.5884;0.2675;0.1632;0.0453;0.0025;0.7558;0.8784;0.384;0.2409;0.0683;0.2045;0.2852;0.2472;0.4238;0.6394;0.0024;0.3652;0.3828;0.1668;0.1163;0.0274;0.0025;0.5988;0.5441;0.2109;0.1596;0.0373;0.1397;0.1826;0.1624;0.2912;0.4153;0.0095;0.5894;0.7647;0.3021;0.1943;0.0533;0.0099;1.3282;1.5324;0.4872;0.2925;0.0754;0.2546;0.431;0.3478;0.5344;1.0402;0.0047;0.209;0.2564;0.1176;0.072;0.0188;0.005;0.4695;0.5777;0.2291;0.1408;0.0299;0.0905;0.1724;0.1338;0.1886;0.4041;;;;;;;;;;;;;;;;;;;;;;;;;;;;;;;;;;;;;;;;;;;;;;;;;;;
country;PY;PRY;Paraguay;500.0;435000.0;619500.0;333500.0;148500.0;105000.0;500.0;417000.0;565000.0;276000.0;139500.0;123000.0;1642000.0;1521000.0;3163000.0;1388000.0;1258000.0;1.0;0.9586;0.912;0.8276;0.9394;1.1714;0.9263;0.9063;500.0;379500.0;552000.0;297000.0;139500.0;100500.0;500.0;354000.0;481500.0;238000.0;125500.0;121500.0;1469000.0;1321000.0;2790000.0;1228500.0;1073500.0;1.0;0.9328;0.8723;0.8013;0.8996;1.209;0.8993;0.8738;500.0;363500.0;509500.0;269500.0;119000.0;81000.0;500.0;358500.0;484000.0;224000.0;110500.0;99000.0;1343000.0;1276500.0;2619500.0;1142500.0;1066500.0;1.0;0.9862;0.95;0.8312;0.9286;1.2222;0.9505;0.9335;2000.0;568500.0;758000.0;380000.0;156000.0;96000.0;2000.0;600000.0;785000.0;370500.0;168000.0;118500.0;1960500.0;2044000.0;4004500.0;1706500.0;1755500.0;1.0;1.0554;1.0356;0.975;1.0769;1.2344;1.0426;1.0287;1000.0;96500.0;145500.0;82000.0;36500.0;21500.0;1000.0;152500.0;209000.0;99000.0;44500.0;33000.0;383000.0;539000.0;922000.0;324000.0;460500.0;1.0;1.5803;1.4364;1.2073;1.2192;1.5349;1.4073;1.4213;500.0;279500.0;321000.0;164000.0;73000.0;48500.0;500.0;249000.0;299500.0;131500.0;66500.0;62500.0;886500.0;809500.0;1696000.0;764500.0;680000.0;1.0;0.8909;0.933;0.8018;0.911;1.2887;0.9131;0.8895;500.0;256000.0;304000.0;147000.0;66000.0;44500.0;500.0;267000.0;294500.0;121500.0;59500.0;50500.0;818000.0;793500.0;1611500.0;707000.0;683000.0;1.0;1.043;0.9688;0.8265;0.9015;1.1348;0.97;0.9661;500.0;466500.0;715000.0;369000.0;143500.0;98500.0;500.0;455000.0;644500.0;303000.0;136000.0;120500.0;1793000.0;1659500.0;3452500.0;1550500.0;1402500.0;1.0;0.9753;0.9014;0.8211;0.9477;1.2234;0.9255;0.9045;1.0431;0.9941;0.9351;0.8417;0.9365;1.0147;0.9189;0.9298;1.0431;0.9673;0.8944;0.8149;0.8968;1.0473;0.8921;0.8965;1.0431;1.0227;0.9741;0.8453;0.9257;1.0587;0.9429;0.9577;1.0431;1.0945;1.0618;0.9916;1.0736;1.0693;1.0342;1.0554;1.0431;1.6388;1.4728;1.2278;1.2154;1.3296;1.396;1.4582;;;;;;;;;;;;;;;;;;;;;;;;;0.0021;1.039;1.0465;0.714;0.4616;0.2446;0.0022;1.0329;0.9786;0.6009;0.4323;0.2482;0.665;0.6111;0.638;0.9393;0.8734;0.0021;0.9064;0.9325;0.6358;0.4336;0.2341;0.0022;0.8768;0.834;0.5182;0.3889;0.2452;0.595;0.5307;0.5627;0.8313;0.7453;0.0021;0.8682;0.8607;0.577;0.3699;0.1887;0.0022;0.888;0.8383;0.4877;0.3424;0.1998;0.5439;0.5129;0.5283;0.7731;0.7404;0.0083;1.3578;1.2805;0.8135;0.4849;0.2236;0.0087;1.4861;1.3597;0.8066;0.5206;0.2391;0.794;0.8212;0.8077;1.1548;1.2188;0.0042;0.2305;0.2458;0.1755;0.1135;0.0501;0.0043;0.3777;0.362;0.2155;0.1379;0.0666;0.1551;0.2166;0.186;0.2192;0.3197;;;;;;;;;;;;;;;;;;;;;;;;;;;;;;;;;;;;;;;;;;;;;;;;;;;
country;QA;QAT;Qatar;500.0;272500.0;700500.0;352500.0;114000.0;57000.0;500.0;124000.0;331500.0;165000.0;56000.0;33500.0;1497000.0;710500.0;2207500.0;1325500.0;620500.0;1.0;0.455;0.4732;0.4681;0.4912;0.5877;0.4746;0.4681;500.0;238500.0;621500.0;311500.0;99500.0;50500.0;500.0;104000.0;277500.0;136500.0;45000.0;28000.0;1322000.0;591500.0;1913500.0;1171500.0;518000.0;1.0;0.4361;0.4465;0.4382;0.4523;0.5545;0.4474;0.4422;500.0;209500.0;467500.0;225000.0;71500.0;35000.0;500.0;96500.0;232500.0;108500.0;35000.0;20000.0;1009000.0;493000.0;1502000.0;902000.0;437500.0;1.0;0.4606;0.4973;0.4822;0.4895;0.5714;0.4886;0.485;2000.0;380500.0;929000.0;463000.0;160500.0;86000.0;2000.0;193500.0;485500.0;221000.0;77500.0;48000.0;2021000.0;1027500.0;3048500.0;1772500.0;900000.0;1.0;0.5085;0.5226;0.4773;0.4829;0.5581;0.5084;0.5078;1000.0;179000.0;455000.0;233000.0;77500.0;35500.0;1000.0;94500.0;258000.0;122000.0;39000.0;23500.0;981000.0;538000.0;1519000.0;867000.0;474500.0;1.0;0.5279;0.567;0.5236;0.5032;0.662;0.5484;0.5473;500.0;258500.0;662000.0;332500.0;107000.0;51500.0;500.0;118500.0;306000.0;148500.0;49500.0;29500.0;1412000.0;652500.0;2064500.0;1253000.0;573000.0;1.0;0.4584;0.4622;0.4466;0.4626;0.5728;0.4621;0.4573;500.0;74000.0;171500.0;87000.0;31500.0;17500.0;500.0;40500.0;96000.0;45000.0;17000.0;11500.0;382000.0;210500.0;592500.0;332500.0;181500.0;1.0;0.5473;0.5598;0.5172;0.5397;0.6571;0.551;0.5459;500.0;299500.0;748500.0;370500.0;111500.0;56000.0;500.0;136000.0;353500.0;173000.0;54000.0;32500.0;1586500.0;749500.0;2336000.0;1418500.0;662500.0;1.0;0.4541;0.4723;0.4669;0.4843;0.5804;0.4724;0.467;1.0943;1.0927;1.6106;1.5656;1.6158;1.306;1.4282;1.5154;1.0943;1.0473;1.5197;1.4656;1.4878;1.2322;1.3464;1.4315;1.0943;1.1061;1.6926;1.6127;1.6102;1.2698;1.4704;1.5701;1.0943;1.2212;1.7788;1.5963;1.5885;1.2402;1.5299;1.6439;1.0943;1.2678;1.9299;1.7512;1.6553;1.4711;1.6503;1.7718;;;;;;;;;;;;;;;;;;;;;;;;;0.0105;1.7998;1.0426;0.5676;0.405;0.4749;0.0115;1.967;1.6794;0.8884;0.6545;0.6202;0.7906;1.1292;0.8751;0.9177;1.3908;0.0105;1.5753;0.925;0.5016;0.3535;0.4207;0.0115;1.6497;1.4059;0.7349;0.526;0.5184;0.6982;0.9401;0.7585;0.8111;1.161;0.0105;1.3837;0.6958;0.3623;0.254;0.2916;0.0115;1.5307;1.1779;0.5842;0.4091;0.3703;0.5329;0.7835;0.5954;0.6245;0.9806;0.042;2.5132;1.3827;0.7455;0.5702;0.7165;0.046;3.0694;2.4596;1.1899;0.9058;0.8886;1.0674;1.633;1.2084;1.2272;2.0172;0.021;1.1823;0.6772;0.3752;0.2753;0.2957;0.023;1.499;1.3071;0.6569;0.4558;0.4351;0.5181;0.855;0.6021;0.6003;1.0635;;;;;;;;;;;;;;;;;;;;;;;;;;;;;;;;;;;;;;;;;;;;;;;;;;;
country;RO;ROU;Romania;500.0;298000.0;714000.0;466000.0;385000.0;299500.0;500.0;449500.0;673500.0;633000.0;587000.0;555000.0;2163000.0;2898500.0;5061500.0;1478000.0;1756000.0;1.0;1.5084;0.9433;1.3584;1.5247;1.8531;1.34;1.1881;500.0;293000.0;713500.0;469500.0;389500.0;289500.0;500.0;424000.0;661500.0;632000.0;595000.0;534000.0;2155500.0;2847000.0;5002500.0;1476000.0;1717500.0;1.0;1.4471;0.9271;1.3461;1.5276;1.8446;1.3208;1.1636;500.0;259500.0;559500.0;338500.0;266000.0;192500.0;500.0;382500.0;528500.0;456000.0;393000.0;354000.0;1616500.0;2114500.0;3731000.0;1157500.0;1367000.0;1.0;1.474;0.9446;1.3471;1.4774;1.839;1.3081;1.181;2000.0;408000.0;941500.0;626500.0;509000.0;399500.0;2000.0;617500.0;926000.0;874000.0;787000.0;750000.0;2886500.0;3956500.0;6843000.0;1976000.0;2417500.0;1.0;1.5135;0.9835;1.3951;1.5462;1.8773;1.3707;1.2234;1000.0;159500.0;427000.0;290000.0;179000.0;107500.0;1000.0;312500.0;506000.0;461000.0;290500.0;214000.0;1164000.0;1785000.0;2949000.0;876500.0;1279500.0;1.0;1.9592;1.185;1.5897;1.6229;1.9907;1.5335;1.4598;500.0;277500.0;666000.0;433500.0;359500.0;274000.0;500.0;406000.0;609500.0;570500.0;537000.0;507000.0;2011000.0;2630500.0;4641500.0;1377000.0;1586000.0;1.0;1.4631;0.9152;1.316;1.4937;1.8504;1.3081;1.1518;500.0;274000.0;665000.0;440500.0;376000.0;281500.0;500.0;399500.0;617500.0;596000.0;584000.0;533000.0;2037500.0;2730500.0;4768000.0;1379500.0;1613000.0;1.0;1.458;0.9286;1.353;1.5532;1.8934;1.3401;1.1693;500.0;304000.0;727000.0;475000.0;403000.0;320500.0;500.0;461000.0;694000.0;659500.0;637000.0;616000.0;2230000.0;3068000.0;5298000.0;1506000.0;1814500.0;1.0;1.5164;0.9546;1.3884;1.5806;1.922;1.3758;1.2048;1.0418;1.5717;0.9935;1.4527;1.5531;1.3768;1.2354;1.2563;1.0418;1.5079;0.9764;1.4395;1.5561;1.3705;1.2177;1.2304;1.0418;1.5359;0.9948;1.4406;1.5049;1.3664;1.206;1.2488;1.0418;1.5771;1.0358;1.4919;1.575;1.3948;1.2637;1.2936;1.0418;2.0415;1.248;1.7;1.6532;1.4791;1.4138;1.5436;;;;;;;;;;;;;;;;;;;;;;;;;0.0011;0.4099;0.6219;0.3381;0.2453;0.1168;0.0012;0.6443;0.6179;0.4911;0.381;0.1608;0.276;0.341;0.3099;0.4543;0.5708;0.0011;0.4031;0.6215;0.3406;0.2482;0.1129;0.0012;0.6077;0.6069;0.4904;0.3861;0.1547;0.2751;0.335;0.3062;0.4537;0.5583;0.0011;0.357;0.4874;0.2456;0.1695;0.0751;0.0012;0.5482;0.4848;0.3538;0.2551;0.1026;0.2063;0.2488;0.2284;0.3558;0.4443;0.0045;0.5613;0.8201;0.4545;0.3243;0.1558;0.0046;0.8851;0.8495;0.6781;0.5108;0.2173;0.3684;0.4655;0.4189;0.6074;0.7858;0.0022;0.2194;0.3719;0.2104;0.114;0.0419;0.0023;0.4479;0.4642;0.3577;0.1885;0.062;0.1486;0.21;0.1805;0.2694;0.4159;;;;;;;;;;;;;;;;;;;;;;;;;;;;;;;;;;;;;;;;;;;;;;;;;;;
country;RS;SRB;Serbia;500.0;247000.0;399500.0;191500.0;100500.0;69500.0;500.0;258000.0;360500.0;138500.0;78500.0;63500.0;1008500.0;899500.0;1908000.0;838000.0;757000.0;1.0;1.0445;0.9024;0.7232;0.7811;0.9137;0.8919;0.9033;500.0;217500.0;363000.0;160500.0;95000.0;62000.0;500.0;227000.0;319500.0;111500.0;71500.0;55500.0;898500.0;785500.0;1684000.0;741000.0;658000.0;1.0;1.0437;0.8802;0.6947;0.7526;0.8952;0.8742;0.888;500.0;168000.0;239500.0;89500.0;49000.0;36000.0;500.0;184000.0;223000.0;64000.0;37500.0;30500.0;582500.0;539500.0;1122000.0;497000.0;471000.0;1.0;1.0952;0.9311;0.7151;0.7653;0.8472;0.9262;0.9477;2000.0;300500.0;427000.0;185000.0;123000.0;94000.0;2000.0;354500.0;455000.0;168500.0;106000.0;84500.0;1131500.0;1170500.0;2302000.0;912500.0;978000.0;1.0;1.1797;1.0656;0.9108;0.8618;0.8989;1.0345;1.0718;1000.0;62000.0;157500.0;85500.0;57000.0;44500.0;1000.0;113500.0;195500.0;83500.0;58000.0;50500.0;407500.0;502000.0;909500.0;305000.0;392500.0;1.0;1.8306;1.2413;0.9766;1.0175;1.1348;1.2319;1.2869;500.0;165000.0;256000.0;111000.0;65000.0;47500.0;500.0;181500.0;233000.0;82000.0;50500.0;43500.0;645000.0;591000.0;1236000.0;532000.0;496500.0;1.0;1.1;0.9102;0.7387;0.7769;0.9158;0.9163;0.9333;500.0;67500.0;101500.0;50500.0;38000.0;26000.0;500.0;92000.0;126000.0;51500.0;36000.0;28000.0;284000.0;334000.0;618000.0;219500.0;269500.0;1.0;1.363;1.2414;1.0198;0.9474;1.0769;1.1761;1.2278;500.0;262000.0;453500.0;214500.0;127000.0;82000.0;500.0;272000.0;401500.0;151500.0;98000.0;76500.0;1139500.0;1000000.0;2139500.0;930000.0;825000.0;1.0;1.0382;0.8853;0.7063;0.7717;0.9329;0.8776;0.8871;0.9993;1.0367;0.8988;0.7062;0.7412;0.7101;0.7933;0.8915;0.9993;1.0359;0.8767;0.6784;0.7142;0.6957;0.7776;0.8764;0.9993;1.087;0.9274;0.6983;0.7262;0.6584;0.8238;0.9354;0.9993;1.1709;1.0614;0.8894;0.8178;0.6986;0.9201;1.0578;0.9993;1.817;1.2364;0.9536;0.9656;0.8819;1.0957;1.2701;;;;;;;;;;;;;;;;;;;;;;;;;0.0037;1.0044;0.9949;0.4116;0.2194;0.0654;0.0037;1.0412;0.8942;0.2907;0.1626;0.0465;0.3644;0.2891;0.3245;0.7531;0.6715;0.0037;0.8844;0.904;0.345;0.2074;0.0584;0.0037;0.9161;0.7925;0.234;0.1481;0.0406;0.3246;0.2524;0.2864;0.6659;0.5837;0.0037;0.6831;0.5964;0.1924;0.107;0.0339;0.0037;0.7426;0.5531;0.1343;0.0777;0.0223;0.2105;0.1734;0.1908;0.4467;0.4178;0.0149;1.2219;1.0634;0.3977;0.2686;0.0885;0.0148;1.4307;1.1286;0.3537;0.2196;0.0618;0.4088;0.3762;0.3915;0.8201;0.8675;0.0074;0.2521;0.3922;0.1838;0.1245;0.0419;0.0074;0.4581;0.4849;0.1753;0.1202;0.0369;0.1472;0.1613;0.1547;0.2741;0.3482;;;;;;;;;;;;;;;;;;;;;;;;;;;;;;;;;;;;;;;;;;;;;;;;;;;
country;RU;RUS;Russia;500.0;1447000.0;2116000.0;1931000.0;1281000.0;1132500.0;500.0;2008000.0;2070500.0;1595000.0;1354000.0;1925000.0;7908000.0;8953000.0;16861000.0;5494000.0;5673500.0;1.0;1.3877;0.9785;0.826;1.057;1.6998;1.1321;1.0327;500.0;803000.0;917500.0;257500.0;110500.0;93000.0;500.0;1298500.0;1031000.0;272000.0;112500.0;137000.0;2182000.0;2851500.0;5033500.0;1978000.0;2601500.0;1.0;1.6171;1.1237;1.0563;1.0181;1.4731;1.3068;1.3152;500.0;870500.0;925000.0;415000.0;209500.0;176500.0;500.0;1452500.0;1198500.0;589500.0;375000.0;372500.0;2597000.0;3988500.0;6585500.0;2210500.0;3240500.0;1.0;1.6686;1.2957;1.4205;1.79;2.1105;1.5358;1.466;2000.0;1313500.0;1396000.0;392000.0;209000.0;243500.0;2000.0;2307000.0;1784500.0;456000.0;257500.0;478500.0;3556000.0;5285500.0;8841500.0;3101500.0;4547500.0;1.0;1.7564;1.2783;1.1633;1.2321;1.9651;1.4864;1.4662;1000.0;574000.0;784500.0;394500.0;197500.0;193500.0;1000.0;1135000.0;1220500.0;581000.0;368000.0;539500.0;2145000.0;3845000.0;5990000.0;1753000.0;2936500.0;1.0;1.9774;1.5558;1.4728;1.8633;2.7881;1.7925;1.6751;500.0;744000.0;827500.0;271500.0;131500.0;111500.0;500.0;1272000.0;981500.0;255000.0;116000.0;150500.0;2086500.0;2775500.0;4862000.0;1843000.0;2508500.0;1.0;1.7097;1.1861;0.9392;0.8821;1.3498;1.3302;1.3611;500.0;814000.0;933000.0;363000.0;165000.0;159000.0;500.0;1309500.0;1130000.0;449000.0;259000.0;309500.0;2434500.0;3457500.0;5892000.0;2110000.0;2888500.0;1.0;1.6087;1.2111;1.2369;1.5697;1.9465;1.4202;1.369;500.0;1789500.0;2538000.0;2006500.0;1320500.0;1257000.0;500.0;2573000.0;2743500.0;1973000.0;1610500.0;2333000.0;8912000.0;11233500.0;20145500.0;6334000.0;7289500.0;1.0;1.4378;1.081;0.9833;1.2196;1.856;1.2605;1.1509;1.0465;1.444;1.0012;0.803;0.9525;1.0458;0.9445;1.0358;1.0465;1.6827;1.1498;1.0268;0.9175;0.9063;1.0903;1.3192;1.0465;1.7363;1.3258;1.3809;1.613;1.2984;1.2813;1.4704;1.0465;1.8277;1.308;1.1308;1.1103;1.209;1.2401;1.4706;1.0465;2.0576;1.5919;1.4317;1.6791;1.7153;1.4955;1.6801;;;;;;;;;;;;;;;;;;;;;;;;;0.0002;0.2814;0.2196;0.1631;0.1395;0.0694;0.0002;0.4064;0.2199;0.131;0.1328;0.0725;0.1429;0.1349;0.1385;0.2064;0.2138;0.0002;0.1562;0.0952;0.0218;0.012;0.0057;0.0002;0.2628;0.1095;0.0223;0.011;0.0052;0.0394;0.043;0.0414;0.0743;0.098;0.0002;0.1693;0.096;0.0351;0.0228;0.0108;0.0002;0.294;0.1273;0.0484;0.0368;0.014;0.0469;0.0601;0.0541;0.0831;0.1221;0.0006;0.2555;0.1449;0.0331;0.0228;0.0149;0.0006;0.4669;0.1895;0.0374;0.0253;0.018;0.0642;0.0797;0.0726;0.1165;0.1714;0.0003;0.1116;0.0814;0.0333;0.0215;0.0119;0.0003;0.2297;0.1296;0.0477;0.0361;0.0203;0.0388;0.058;0.0492;0.0659;0.1107;;;;;;;;;;;;;;;;;;;;;;;;;;;;;;;;;;;;;;;;;;;;;;;;;;;
country;SA;SAU;Saudi Arabia;500.0;3393000.0;9018500.0;3880500.0;1257000.0;1035000.0;500.0;2402500.0;5664500.0;2142500.0;747000.0;816000.0;18584500.0;11773000.0;30357500.0;16292000.0;10209500.0;1.0;0.7081;0.6281;0.5521;0.5943;0.7884;0.6335;0.6267;500.0;3183000.0;8659500.0;3743500.0;1220500.0;991500.0;500.0;2240500.0;5367000.0;2024000.0;716000.0;777500.0;17798500.0;11125500.0;28924000.0;15586000.0;9631500.0;1.0;0.7039;0.6198;0.5407;0.5866;0.7842;0.6251;0.618;500.0;2868500.0;7284000.0;3075000.0;1006000.0;845000.0;500.0;2074000.0;4813500.0;1763500.0;593000.0;664500.0;15079000.0;9909000.0;24988000.0;13227500.0;8651000.0;1.0;0.723;0.6608;0.5735;0.5895;0.7864;0.6571;0.654;2000.0;4342000.0;12044000.0;5504000.0;1938000.0;1674500.0;2000.0;3583500.0;8568000.0;3215500.0;1140000.0;1406500.0;25504500.0;17915500.0;43420000.0;21890000.0;15367000.0;1.0;0.8253;0.7114;0.5842;0.5882;0.84;0.7024;0.702;1000.0;1727500.0;5249000.0;2334500.0;749000.0;616500.0;1000.0;1763500.0;4723500.0;1763500.0;504500.0;578500.0;10677500.0;9334500.0;20012000.0;9311000.0;8250500.0;1.0;1.0208;0.8999;0.7554;0.6736;0.9384;0.8742;0.8861;500.0;3332500.0;8829500.0;3793500.0;1227500.0;998500.0;500.0;2372000.0;5567500.0;2100500.0;726500.0;795000.0;18182000.0;11562000.0;29744000.0;15955500.0;10040000.0;1.0;0.7118;0.6306;0.5537;0.5919;0.7962;0.6359;0.6293;500.0;1109000.0;2939500.0;1355000.0;500500.0;424500.0;500.0;989500.0;2193000.0;763500.0;263000.0;333000.0;6329000.0;4542500.0;10871500.0;5403500.0;3946000.0;1.0;0.8922;0.746;0.5635;0.5255;0.7845;0.7177;0.7303;500.0;3732500.0;9761000.0;4109500.0;1311500.0;1078500.0;500.0;2672000.0;6215000.0;2341500.0;795500.0;867000.0;19993500.0;12891500.0;32885000.0;17603000.0;11228500.0;1.0;0.7159;0.6367;0.5698;0.6066;0.8039;0.6448;0.6379;1.0303;0.9069;1.2049;1.1792;1.2211;1.2254;1.106;1.1478;1.0303;0.9015;1.189;1.1548;1.2053;1.2188;1.0913;1.1319;1.0303;0.926;1.2676;1.2249;1.2112;1.2223;1.1472;1.1978;1.0303;1.057;1.3647;1.2478;1.2085;1.3056;1.2263;1.2857;1.0303;1.3074;1.7263;1.6134;1.384;1.4585;1.5262;1.6229;;;;;;;;;;;;;;;;;;;;;;;;;0.0005;1.7268;1.8196;0.8897;0.5507;0.6451;0.0005;1.566;2.1923;1.0491;0.6724;0.7905;1.1515;1.2734;1.1959;1.444;1.6574;0.0005;1.6199;1.7471;0.8583;0.5347;0.618;0.0005;1.4604;2.0772;0.9911;0.6445;0.7532;1.1028;1.2034;1.1394;1.3814;1.5635;0.0005;1.4598;1.4696;0.705;0.4407;0.5267;0.0005;1.3519;1.863;0.8635;0.5338;0.6437;0.9343;1.0718;0.9844;1.1724;1.4044;0.0021;2.2097;2.43;1.262;0.849;1.0437;0.0021;2.3358;3.3161;1.5745;1.0261;1.3625;1.5802;1.9379;1.7105;1.9401;2.4946;0.001;0.8792;1.059;0.5353;0.3281;0.3842;0.0011;1.1495;1.8281;0.8635;0.4541;0.5604;0.6616;1.0097;0.7883;0.8252;1.3393;;;;;;;;;;;;;;;;;;;;;;;;;;;;;;;;;;;;;;;;;;;;;;;;;;;
country;SD;SDN;Sudan;500.0;254500.0;288000.0;83000.0;27500.0;24000.0;500.0;77000.0;90500.0;26500.0;10000.0;10500.0;677500.0;215000.0;892500.0;625500.0;194000.0;1.0;0.3026;0.3142;0.3193;0.3636;0.4375;0.3173;0.3102;500.0;237000.0;277500.0;83500.0;26500.0;21500.0;500.0;80500.0;99500.0;31000.0;10500.0;11000.0;646500.0;233000.0;879500.0;598000.0;211000.0;1.0;0.3397;0.3586;0.3713;0.3962;0.5116;0.3604;0.3528;500.0;49500.0;58500.0;18000.0;5000.0;4000.0;500.0;21500.0;24000.0;6000.0;1500.0;2000.0;135500.0;55500.0;191000.0;126000.0;51500.0;1.0;0.4343;0.4103;0.3333;0.3;0.5;0.4096;0.4087;2000.0;103500.0;132000.0;47000.0;22000.0;17500.0;2000.0;33500.0;50500.0;12500.0;7500.0;7500.0;324000.0;113500.0;437500.0;282500.0;96500.0;1.0;0.3237;0.3826;0.266;0.3409;0.4286;0.3503;0.3416;1000.0;37000.0;89000.0;29000.0;5500.0;5500.0;1000.0;22500.0;43500.0;11500.0;3000.0;3000.0;167000.0;84500.0;251500.0;155000.0;77500.0;1.0;0.6081;0.4888;0.3966;0.5455;0.5455;0.506;0.5;500.0;117000.0;162000.0;50500.0;15000.0;14000.0;500.0;34000.0;48000.0;12500.0;4500.0;4000.0;359000.0;103500.0;462500.0;329500.0;94500.0;1.0;0.2906;0.2963;0.2475;0.3;0.2857;0.2883;0.2868;500.0;120500.0;169500.0;46000.0;17000.0;16000.0;500.0;32000.0;43000.0;11000.0;4500.0;5000.0;369500.0;96000.0;465500.0;336000.0;86000.0;1.0;0.2656;0.2537;0.2391;0.2647;0.3125;0.2598;0.256;500.0;302500.0;387000.0;109500.0;34000.0;24000.0;500.0;112000.0;134000.0;33000.0;10500.0;8500.0;857500.0;298500.0;1156000.0;799000.0;279000.0;1.0;0.3702;0.3463;0.3014;0.3088;0.3542;0.3481;0.3492;1.0194;0.306;0.3062;0.2811;0.3035;0.4291;0.3041;0.2986;1.0194;0.3435;0.3495;0.3268;0.3307;0.5018;0.3454;0.3396;1.0194;0.4392;0.3999;0.2934;0.2504;0.4904;0.3926;0.3934;1.0194;0.3274;0.3729;0.2342;0.2845;0.4204;0.3358;0.3288;1.0194;0.615;0.4764;0.3491;0.4553;0.535;0.485;0.4813;;;;;;;;;;;;;;;;;;;;;;;;;0.0002;0.0731;0.0783;0.0366;0.0186;0.0127;0.0002;0.0224;0.024;0.0103;0.0056;0.0055;0.045;0.0137;0.029;0.0663;0.0198;0.0002;0.0681;0.0754;0.0368;0.0179;0.0114;0.0002;0.0234;0.0264;0.012;0.0059;0.0057;0.0429;0.0148;0.0286;0.0634;0.0215;0.0002;0.0142;0.0159;0.0079;0.0034;0.0021;0.0002;0.0062;0.0064;0.0023;0.0008;0.001;0.009;0.0035;0.0062;0.0134;0.0053;0.0009;0.0297;0.0359;0.0207;0.0148;0.0093;0.0009;0.0097;0.0134;0.0049;0.0042;0.0039;0.0215;0.0072;0.0142;0.03;0.0099;0.0004;0.0106;0.0242;0.0128;0.0037;0.0029;0.0004;0.0065;0.0115;0.0045;0.0017;0.0016;0.0111;0.0054;0.0082;0.0164;0.0079;;;;;;;;;;;;;;;;;;;;;;;;;;;;;;;;;;;;;;;;;;;;;;;;;;;
country;SE;SWE;Sweden;500.0;237500.0;333000.0;145000.0;78500.0;59500.0;500.0;377000.0;441500.0;215000.0;123000.0;96500.0;854000.0;1253500.0;2107500.0;715500.0;1033500.0;1.0;1.5874;1.3258;1.4828;1.5669;1.6218;1.4678;1.4444;500.0;222500.0;321500.0;138500.0;76000.0;60500.0;500.0;335000.0;411500.0;194000.0;114000.0;96000.0;819500.0;1151000.0;1970500.0;682500.0;940500.0;1.0;1.5056;1.2799;1.4007;1.5;1.5868;1.4045;1.378;500.0;226000.0;301500.0;121000.0;66000.0;50500.0;500.0;351000.0;385000.0;167500.0;98000.0;76500.0;765500.0;1078500.0;1844000.0;648500.0;903500.0;1.0;1.5531;1.2769;1.3843;1.4848;1.5149;1.4089;1.3932;2000.0;428000.0;637000.0;285500.0;160500.0;123000.0;2000.0;706000.0;869000.0;416500.0;246000.0;190000.0;1636000.0;2429500.0;4065500.0;1350500.0;1991500.0;1.0;1.6495;1.3642;1.4588;1.5327;1.5447;1.485;1.4746;1000.0;160000.0;244500.0;102000.0;35500.0;24500.0;1000.0;262500.0;389000.0;173000.0;66500.0;42500.0;567500.0;934500.0;1502000.0;506500.0;824500.0;1.0;1.6406;1.591;1.6961;1.8732;1.7347;1.6467;1.6278;500.0;224000.0;318500.0;136000.0;75000.0;59000.0;500.0;345000.0;415000.0;194000.0;114000.0;94000.0;813000.0;1162500.0;1975500.0;678500.0;954000.0;1.0;1.5402;1.303;1.4265;1.52;1.5932;1.4299;1.406;500.0;218500.0;310500.0;132000.0;72500.0;57000.0;500.0;339500.0;404000.0;188000.0;111500.0;91000.0;791000.0;1134500.0;1925500.0;661000.0;931500.0;1.0;1.5538;1.3011;1.4242;1.5379;1.5965;1.4343;1.4092;500.0;242500.0;341500.0;150500.0;81000.0;64000.0;500.0;391500.0;463000.0;230500.0;130500.0;106000.0;880000.0;1322000.0;2202000.0;734500.0;1085000.0;1.0;1.6144;1.3558;1.5316;1.6111;1.6562;1.5023;1.4772;1.0612;1.7618;1.4019;1.5613;1.6142;1.5061;1.4765;1.5418;1.0612;1.671;1.3534;1.4749;1.5453;1.4736;1.4128;1.471;1.0612;1.7238;1.3502;1.4576;1.5296;1.4069;1.4173;1.4872;1.0612;1.8307;1.4425;1.5361;1.579;1.4345;1.4938;1.5741;1.0612;1.8209;1.6824;1.7859;1.9297;1.611;1.6565;1.7376;;;;;;;;;;;;;;;;;;;;;;;;;0.002;0.5488;0.4476;0.2106;0.1178;0.0363;0.0021;0.9669;0.6275;0.3288;0.1901;0.0547;0.1931;0.2852;0.239;0.3836;0.5915;0.002;0.5142;0.4322;0.2012;0.114;0.0369;0.0021;0.8592;0.5849;0.2967;0.1762;0.0544;0.1853;0.2618;0.2235;0.3659;0.5383;0.002;0.5223;0.4053;0.1757;0.099;0.0308;0.0021;0.9002;0.5472;0.2562;0.1515;0.0434;0.1731;0.2453;0.2091;0.3477;0.5171;0.0079;0.9891;0.8563;0.4147;0.2408;0.0751;0.0084;1.8107;1.2352;0.637;0.3803;0.1077;0.37;0.5527;0.461;0.7241;1.1397;0.004;0.3697;0.3287;0.1481;0.0533;0.015;0.0042;0.6732;0.5529;0.2646;0.1028;0.0241;0.1283;0.2126;0.1703;0.2716;0.4719;;;;;;;;;;;;;;;;;;;;;;;;;;;;;;;;;;;;;;;;;;;;;;;;;;;
country;SG;SGP;Singapore;500.0;237000.0;535000.0;307500.0;161500.0;133500.0;500.0;246500.0;488000.0;256000.0;136000.0;139500.0;1375000.0;1266500.0;2641500.0;1079500.0;990500.0;1.0;1.0401;0.9121;0.8325;0.8421;1.0449;0.9211;0.9176;500.0;214000.0;511500.0;294000.0;156000.0;130500.0;500.0;218000.0;455000.0;235000.0;123500.0;130500.0;1306500.0;1162500.0;2469000.0;1019500.0;908000.0;1.0;1.0187;0.8895;0.7993;0.7917;1.0;0.8898;0.8906;500.0;201500.0;404000.0;228500.0;131000.0;117000.0;500.0;213000.0;369000.0;180500.0;99500.0;117500.0;1082500.0;980000.0;2062500.0;834000.0;762500.0;1.0;1.0571;0.9134;0.7899;0.7595;1.0043;0.9053;0.9143;2000.0;495500.0;999000.0;572000.0;327000.0;298000.0;2000.0;504000.0;897500.0;447000.0;250000.0;303500.0;2693500.0;2404000.0;5097500.0;2066500.0;1848500.0;1.0;1.0172;0.8984;0.7815;0.7645;1.0185;0.8925;0.8945;1000.0;99000.0;268500.0;173500.0;75500.0;60000.0;1000.0;129000.0;299500.0;161500.0;62000.0;62500.0;677500.0;715500.0;1393000.0;541000.0;590000.0;1.0;1.303;1.1155;0.9308;0.8212;1.0417;1.0561;1.0906;500.0;218000.0;516000.0;301500.0;164000.0;139500.0;500.0;229500.0;473000.0;252000.0;135000.0;147000.0;1339500.0;1237000.0;2576500.0;1035500.0;954500.0;1.0;1.0528;0.9167;0.8358;0.8232;1.0538;0.9235;0.9218;500.0;153000.0;314000.0;177500.0;95000.0;77000.0;500.0;164000.0;286500.0;135000.0;71500.0;72500.0;817000.0;730000.0;1547000.0;644500.0;585500.0;1.0;1.0719;0.9124;0.7606;0.7526;0.9416;0.8935;0.9085;500.0;248500.0;566500.0;328500.0;176000.0;154000.0;500.0;258500.0;521500.0;285000.0;157000.0;168500.0;1474000.0;1391000.0;2865000.0;1143500.0;1065000.0;1.0;1.0402;0.9206;0.8676;0.892;1.0942;0.9437;0.9314;1.1358;1.2797;1.0783;0.8917;0.8699;0.9706;0.9886;1.0629;1.1358;1.2533;1.0515;0.8561;0.8179;0.9289;0.955;1.0316;1.1358;1.3006;1.0798;0.8461;0.7846;0.9329;0.9717;1.0591;1.1358;1.2515;1.0621;0.8371;0.7898;0.9461;0.9579;1.0361;1.1358;1.6031;1.3187;0.997;0.8483;0.9677;1.1335;1.2633;;;;;;;;;;;;;;;;;;;;;;;;;0.0035;0.5759;0.8519;0.6836;0.4443;0.2011;0.004;0.7368;0.9186;0.6096;0.3865;0.1952;0.5172;0.5113;0.5143;0.7248;0.7704;0.0035;0.52;0.8145;0.6536;0.4292;0.1966;0.004;0.6517;0.8565;0.5596;0.351;0.1826;0.4914;0.4693;0.4808;0.6845;0.7062;0.0035;0.4896;0.6433;0.508;0.3604;0.1762;0.004;0.6367;0.6946;0.4298;0.2828;0.1644;0.4072;0.3956;0.4016;0.56;0.5931;0.0141;1.204;1.5908;1.2717;0.8997;0.4489;0.016;1.5066;1.6895;1.0644;0.7106;0.4247;1.0131;0.9705;0.9926;1.3875;1.4377;0.007;0.2405;0.4276;0.3857;0.2077;0.0904;0.008;0.3856;0.5638;0.3846;0.1762;0.0875;0.2548;0.2888;0.2712;0.3632;0.4589;;;;;;;;;;;;;;;;;;;;;;;;;;;;;;;;;;;;;;;;;;;;;;;;;;;
country;SI;SVN;Slovenia;500.0;30500.0;54000.0;22500.0;19500.0;10500.0;500.0;51500.0;72500.0;26500.0;25000.0;16500.0;137500.0;192500.0;330000.0;107000.0;150500.0;1.0;1.6885;1.3426;1.1778;1.2821;1.5714;1.4;1.4065;500.0;28500.0;53000.0;23000.0;20500.0;11500.0;500.0;47000.0;69500.0;26500.0;26000.0;18000.0;137000.0;187500.0;324500.0;104500.0;143000.0;1.0;1.6491;1.3113;1.1522;1.2683;1.5652;1.3686;1.3684;500.0;27500.0;46000.0;19500.0;16000.0;8500.0;500.0;45000.0;60500.0;22500.0;20500.0;13500.0;118000.0;162500.0;280500.0;93000.0;128000.0;1.0;1.6364;1.3152;1.1538;1.2812;1.5882;1.3771;1.3763;2000.0;52000.0;90000.0;40000.0;38000.0;21000.0;2000.0;97500.0;133000.0;51000.0;50000.0;33500.0;243000.0;367000.0;610000.0;182000.0;281500.0;1.0;1.875;1.4778;1.275;1.3158;1.5952;1.5103;1.5467;1000.0;7000.0;18500.0;8500.0;6500.0;3500.0;1000.0;16000.0;40500.0;14500.0;11500.0;5500.0;45000.0;89000.0;134000.0;34000.0;71000.0;1.0;2.2857;2.1892;1.7059;1.7692;1.5714;1.9778;2.0882;500.0;27000.0;48000.0;20500.0;17500.0;9500.0;500.0;45000.0;62000.0;23000.0;21500.0;15000.0;123000.0;167000.0;290000.0;95500.0;130000.0;1.0;1.6667;1.2917;1.122;1.2286;1.5789;1.3577;1.3613;500.0;20500.0;38500.0;18000.0;16000.0;9000.0;500.0;36000.0;53500.0;21500.0;21500.0;15000.0;102500.0;148000.0;250500.0;77000.0;111000.0;1.0;1.7561;1.3896;1.1944;1.3438;1.6667;1.4439;1.4416;500.0;30500.0;54500.0;23000.0;21500.0;11500.0;500.0;51500.0;74000.0;28000.0;28000.0;18500.0;141500.0;200500.0;342000.0;108000.0;153500.0;1.0;1.6885;1.3578;1.2174;1.3023;1.6087;1.417;1.4213;1.0396;1.8221;1.5538;1.3334;1.3992;1.3512;1.4015;1.5893;1.0396;1.7795;1.5175;1.3044;1.3842;1.3458;1.3701;1.5462;1.0396;1.7658;1.522;1.3062;1.3982;1.3656;1.3786;1.5551;1.0396;2.0233;1.7102;1.4435;1.436;1.3716;1.512;1.7477;1.0396;2.4665;2.5335;1.9313;1.9308;1.3512;1.98;2.3595;;;;;;;;;;;;;;;;;;;;;;;;;0.0117;0.4226;0.4145;0.1378;0.1224;0.0305;0.0121;0.77;0.644;0.1837;0.1713;0.0413;0.1508;0.2114;0.1811;0.2925;0.4649;0.0117;0.3948;0.4068;0.1408;0.1287;0.0335;0.0121;0.7027;0.6173;0.1837;0.1782;0.045;0.1503;0.2059;0.1781;0.2857;0.4418;0.0117;0.381;0.3531;0.1194;0.1005;0.0247;0.0121;0.6728;0.5374;0.156;0.1405;0.0338;0.1294;0.1785;0.1539;0.2543;0.3954;0.0467;0.7204;0.6908;0.2449;0.2386;0.0611;0.0486;1.4577;1.1814;0.3536;0.3426;0.0838;0.2666;0.403;0.3348;0.4976;0.8696;0.0234;0.097;0.142;0.0521;0.0408;0.0102;0.0243;0.2392;0.3597;0.1005;0.0788;0.0138;0.0494;0.0977;0.0735;0.093;0.2193;;;;;;;;;;;;;;;;;;;;;;;;;;;;;;;;;;;;;;;;;;;;;;;;;;;
country;SJ;SJM;Svalbard and Jan Mayen;500.0;500.0;500.0;500.0;500.0;500.0;500.0;500.0;500.0;500.0;500.0;500.0;3000.0;3000.0;6000.0;1500.0;1500.0;1.0;1.0;1.0;1.0;1.0;1.0;1.0;1.0;500.0;500.0;500.0;500.0;500.0;500.0;500.0;500.0;500.0;500.0;500.0;500.0;3000.0;3000.0;6000.0;1500.0;1500.0;1.0;1.0;1.0;1.0;1.0;1.0;1.0;1.0;500.0;500.0;500.0;500.0;500.0;500.0;500.0;500.0;500.0;500.0;500.0;500.0;3000.0;3000.0;6000.0;1500.0;1500.0;1.0;1.0;1.0;1.0;1.0;1.0;1.0;1.0;2000.0;2000.0;2000.0;2000.0;2000.0;2000.0;2000.0;2000.0;2000.0;2000.0;2000.0;2000.0;12000.0;12000.0;24000.0;6000.0;6000.0;1.0;1.0;1.0;1.0;1.0;1.0;1.0;1.0;1000.0;1000.0;1000.0;1000.0;1000.0;1000.0;1000.0;1000.0;1000.0;1000.0;1000.0;1000.0;6000.0;6000.0;12000.0;3000.0;3000.0;1.0;1.0;1.0;1.0;1.0;1.0;1.0;1.0;500.0;500.0;500.0;500.0;500.0;500.0;500.0;500.0;500.0;500.0;500.0;500.0;3000.0;3000.0;6000.0;1500.0;1500.0;1.0;1.0;1.0;1.0;1.0;1.0;1.0;1.0;500.0;500.0;500.0;500.0;500.0;500.0;500.0;500.0;500.0;500.0;500.0;500.0;3000.0;3000.0;6000.0;1500.0;1500.0;1.0;1.0;1.0;1.0;1.0;1.0;1.0;1.0;500.0;500.0;500.0;500.0;500.0;500.0;500.0;500.0;500.0;500.0;500.0;500.0;3000.0;3000.0;6000.0;1500.0;1500.0;1.0;1.0;1.0;1.0;1.0;1.0;1.0;1.0;;;;;;;;;;;;;;;;;;;;;;;;;;;;;;;;;;;;;;;;;;;;;;;;;;;;;;;;;;;;;;;;;;;;;;;;;;;;;;;;;;;;;;;;;;;;;;;;;;;;;;;;;;;;;;;;;;;;;;;;;;;;;;;;;;;;;;;;;;;;;;;;;;;;;;;;;;;;;;;;;;;;;;;;;;;;;;;;;;;;;;;;;;;;;;;;;;;;;;;;
country;SK;SVK;Slovakia;500.0;58500.0;102500.0;45000.0;26000.0;16500.0;500.0;103000.0;146000.0;61000.0;36000.0;27500.0;249000.0;374000.0;623000.0;206000.0;310000.0;1.0;1.7607;1.4244;1.3556;1.3846;1.6667;1.502;1.5049;500.0;58000.0;101500.0;45000.0;26000.0;16500.0;500.0;101500.0;144000.0;59500.0;36500.0;27500.0;247500.0;369500.0;617000.0;204500.0;305000.0;1.0;1.75;1.4187;1.3222;1.4038;1.6667;1.4929;1.4914;500.0;51500.0;73000.0;25500.0;15000.0;9000.0;500.0;85500.0;97000.0;34000.0;19500.0;14000.0;174500.0;250500.0;425000.0;150000.0;216500.0;1.0;1.6602;1.3288;1.3333;1.3;1.5556;1.4355;1.4433;2000.0;115500.0;210000.0;92000.0;56000.0;35500.0;2000.0;212500.0;308500.0;127500.0;78000.0;58000.0;511000.0;786500.0;1297500.0;417500.0;648500.0;1.0;1.8398;1.469;1.3859;1.3929;1.6338;1.5391;1.5533;1000.0;6500.0;12000.0;6500.0;4500.0;2000.0;1000.0;12000.0;19000.0;8500.0;5000.0;3000.0;32500.0;48500.0;81000.0;25000.0;39500.0;1.0;1.8462;1.5833;1.3077;1.1111;1.5;1.4923;1.58;500.0;49500.0;91000.0;40500.0;24000.0;15000.0;500.0;81500.0;121500.0;50500.0;31500.0;24000.0;220500.0;309500.0;530000.0;181000.0;253500.0;1.0;1.6465;1.3352;1.2469;1.3125;1.6;1.4036;1.4006;500.0;26000.0;45500.0;23500.0;16000.0;10500.0;500.0;46500.0;63000.0;29000.0;20500.0;16500.0;122000.0;176000.0;298000.0;95000.0;138500.0;1.0;1.7885;1.3846;1.234;1.2812;1.5714;1.4426;1.4579;500.0;59500.0;105000.0;47000.0;27000.0;17000.0;500.0;105500.0;153000.0;64000.0;37500.0;28500.0;256000.0;389000.0;645000.0;211500.0;322500.0;1.0;1.7731;1.4571;1.3617;1.3889;1.6765;1.5195;1.5248;1.0572;1.852;1.487;1.4265;1.4238;1.2886;1.4091;1.579;1.0572;1.8407;1.4811;1.3914;1.4435;1.2886;1.4006;1.5648;1.0572;1.7463;1.3872;1.403;1.3368;1.2027;1.3467;1.5143;1.0572;1.9352;1.5336;1.4584;1.4323;1.2632;1.4439;1.6297;1.0572;1.9419;1.6529;1.3761;1.1425;1.1597;1.4;1.6577;;;;;;;;;;;;;;;;;;;;;;;;;0.0044;0.2999;0.2801;0.0994;0.0632;0.0225;0.0046;0.5555;0.4166;0.1418;0.09;0.029;0.1096;0.1544;0.1327;0.2032;0.3209;0.0044;0.2974;0.2774;0.0994;0.0632;0.0225;0.0046;0.5474;0.4108;0.1383;0.0912;0.029;0.1089;0.1526;0.1314;0.2017;0.3157;0.0044;0.2641;0.1995;0.0563;0.0365;0.0123;0.0046;0.4611;0.2768;0.079;0.0487;0.0148;0.0768;0.1034;0.0905;0.148;0.2241;0.0174;0.5922;0.574;0.2032;0.1361;0.0485;0.0184;1.146;0.8802;0.2963;0.195;0.0612;0.2249;0.3247;0.2764;0.4119;0.6712;0.0087;0.0333;0.0328;0.0144;0.0109;0.0027;0.0092;0.0647;0.0542;0.0198;0.0125;0.0032;0.0143;0.02;0.0173;0.0247;0.0409;;;;;;;;;;;;;;;;;;;;;;;;;;;;;;;;;;;;;;;;;;;;;;;;;;;
country;SM;SMR;San Marino;500.0;500.0;500.0;500.0;500.0;500.0;500.0;500.0;500.0;500.0;500.0;500.0;3000.0;3000.0;6000.0;1500.0;1500.0;1.0;1.0;1.0;1.0;1.0;1.0;1.0;1.0;500.0;500.0;500.0;500.0;500.0;500.0;500.0;500.0;500.0;500.0;500.0;500.0;3000.0;3000.0;6000.0;1500.0;1500.0;1.0;1.0;1.0;1.0;1.0;1.0;1.0;1.0;500.0;500.0;500.0;500.0;500.0;500.0;500.0;500.0;500.0;500.0;500.0;500.0;3000.0;3000.0;6000.0;1500.0;1500.0;1.0;1.0;1.0;1.0;1.0;1.0;1.0;1.0;2000.0;2000.0;2000.0;2000.0;2000.0;2000.0;2000.0;2000.0;2000.0;2000.0;2000.0;2000.0;12000.0;12000.0;24000.0;6000.0;6000.0;1.0;1.0;1.0;1.0;1.0;1.0;1.0;1.0;1000.0;1000.0;1000.0;1000.0;1000.0;1000.0;1000.0;1000.0;1000.0;1000.0;1000.0;1000.0;6000.0;6000.0;12000.0;3000.0;3000.0;1.0;1.0;1.0;1.0;1.0;1.0;1.0;1.0;500.0;500.0;500.0;500.0;500.0;500.0;500.0;500.0;500.0;500.0;500.0;500.0;3000.0;3000.0;6000.0;1500.0;1500.0;1.0;1.0;1.0;1.0;1.0;1.0;1.0;1.0;500.0;500.0;500.0;500.0;500.0;500.0;500.0;500.0;500.0;500.0;500.0;500.0;3000.0;3000.0;6000.0;1500.0;1500.0;1.0;1.0;1.0;1.0;1.0;1.0;1.0;1.0;500.0;500.0;500.0;500.0;500.0;500.0;500.0;500.0;500.0;500.0;500.0;500.0;3000.0;3000.0;6000.0;1500.0;1500.0;1.0;1.0;1.0;1.0;1.0;1.0;1.0;1.0;1.1085;1.0842;1.0157;0.9295;0.9584;0.9163;0.9584;0.9953;1.1085;1.0842;1.0157;0.9295;0.9584;0.9163;0.9584;0.9953;1.1085;1.0842;1.0157;0.9295;0.9584;0.9163;0.9584;0.9953;1.1085;1.0842;1.0157;0.9295;0.9584;0.9163;0.9584;0.9953;1.1085;1.0842;1.0157;0.9295;0.9584;0.9163;0.9584;0.9953;;;;;;;;;;;;;;;;;;;;;;;;;0.6897;0.3885;0.2976;0.2545;0.1762;0.0818;0.7645;0.4212;0.3023;0.2365;0.1689;0.0749;0.2054;0.1968;0.201;0.3041;0.3027;0.6897;0.3885;0.2976;0.2545;0.1762;0.0818;0.7645;0.4212;0.3023;0.2365;0.1689;0.0749;0.2054;0.1968;0.201;0.3041;0.3027;0.6897;0.3885;0.2976;0.2545;0.1762;0.0818;0.7645;0.4212;0.3023;0.2365;0.1689;0.0749;0.2054;0.1968;0.201;0.3041;0.3027;2.7586;1.554;1.1905;1.0178;0.705;0.3271;3.0581;1.6849;1.2092;0.9461;0.6757;0.2997;0.8214;0.7872;0.804;1.2165;1.2109;1.3793;0.777;0.5952;0.5089;0.3525;0.1635;1.5291;0.8425;0.6046;0.473;0.3378;0.1498;0.4107;0.3936;0.402;0.6083;0.6054;;;;;;;;;;;;;;;;;;;;;;;;;;;;;;;;;;;;;;;;;;;;;;;;;;;
country;SO;SOM;Somalia;500.0;47000.0;80500.0;19500.0;7500.0;16500.0;500.0;29500.0;39500.0;8500.0;2500.0;7000.0;171500.0;87500.0;259000.0;147000.0;77500.0;1.0;0.6277;0.4907;0.4359;0.3333;0.4242;0.5102;0.5272;500.0;14000.0;21000.0;5000.0;2000.0;3000.0;500.0;7500.0;9500.0;1500.0;500.0;1500.0;45500.0;21000.0;66500.0;40000.0;18500.0;1.0;0.5357;0.4524;0.3;0.25;0.5;0.4615;0.4625;500.0;36000.0;46000.0;9500.0;4000.0;9500.0;500.0;21000.0;23000.0;4000.0;1500.0;4500.0;105500.0;54500.0;160000.0;91500.0;48000.0;1.0;0.5833;0.5;0.4211;0.375;0.4737;0.5166;0.5246;2000.0;24000.0;38500.0;10000.0;4500.0;7500.0;2000.0;19500.0;26500.0;5500.0;3000.0;5000.0;86500.0;61500.0;148000.0;72500.0;51500.0;1.0;0.8125;0.6883;0.55;0.6667;0.6667;0.711;0.7103;1000.0;11500.0;17500.0;4500.0;2000.0;3500.0;1000.0;14500.0;20000.0;3500.0;2000.0;3500.0;40000.0;44500.0;84500.0;33500.0;38000.0;1.0;1.2609;1.1429;0.7778;1.0;1.0;1.1125;1.1343;500.0;23000.0;37500.0;8500.0;4000.0;7000.0;500.0;15500.0;18500.0;4000.0;1500.0;3500.0;80500.0;43500.0;124000.0;69000.0;38000.0;1.0;0.6739;0.4933;0.4706;0.375;0.5;0.5404;0.5507;500.0;4000.0;6500.0;1500.0;500.0;1500.0;500.0;2500.0;4000.0;500.0;500.0;500.0;14500.0;8500.0;23000.0;12000.0;7000.0;1.0;0.625;0.6154;0.3333;1.0;0.3333;0.5862;0.5833;500.0;81500.0;109500.0;26000.0;8500.0;19500.0;500.0;73500.0;79500.0;14000.0;4000.0;12500.0;245500.0;184000.0;429500.0;217000.0;167000.0;1.0;0.9018;0.726;0.5385;0.4706;0.641;0.7495;0.7696;1.0269;0.6391;0.4917;0.4279;0.3164;0.3619;0.5021;0.5288;1.0269;0.5455;0.4533;0.2945;0.2373;0.4266;0.4542;0.4639;1.0269;0.5939;0.501;0.4134;0.356;0.4042;0.5084;0.5262;1.0269;0.8273;0.6897;0.5399;0.633;0.5689;0.6997;0.7124;1.0269;1.2839;1.1452;0.7635;0.9494;0.8532;1.0949;1.1377;;;;;;;;;;;;;;;;;;;;;;;;;0.0006;0.0387;0.0692;0.0249;0.0156;0.033;0.0006;0.0247;0.034;0.0107;0.0049;0.012;0.0345;0.0173;0.0258;0.0465;0.0246;0.0006;0.0115;0.0181;0.0064;0.0042;0.006;0.0006;0.0063;0.0082;0.0019;0.001;0.0026;0.0091;0.0042;0.0066;0.0127;0.0059;0.0006;0.0296;0.0395;0.0121;0.0083;0.019;0.0006;0.0176;0.0198;0.005;0.003;0.0077;0.0212;0.0108;0.0159;0.029;0.0152;0.0024;0.0198;0.0331;0.0128;0.0094;0.015;0.0025;0.0163;0.0228;0.0069;0.0059;0.0085;0.0174;0.0122;0.0147;0.0229;0.0163;0.0012;0.0095;0.015;0.0058;0.0042;0.007;0.0012;0.0122;0.0172;0.0044;0.0039;0.006;0.008;0.0088;0.0084;0.0106;0.0121;;;;;;;;;;;;;;;;;;;;;;;;;;;;;;;;;;;;;;;;;;;;;;;;;;;
country;SS;SSD;South Sudan;500.0;6000.0;10500.0;4000.0;500.0;500.0;500.0;2000.0;4000.0;1500.0;500.0;500.0;22000.0;9000.0;31000.0;20500.0;7500.0;1.0;0.3333;0.381;0.375;1.0;1.0;0.4091;0.3659;500.0;4000.0;8500.0;2500.0;500.0;500.0;500.0;1500.0;3000.0;500.0;500.0;500.0;16500.0;6500.0;23000.0;15000.0;5000.0;1.0;0.375;0.3529;0.2;1.0;1.0;0.3939;0.3333;500.0;3000.0;4000.0;1500.0;500.0;500.0;500.0;500.0;2000.0;500.0;500.0;500.0;10000.0;4500.0;14500.0;8500.0;3000.0;1.0;0.1667;0.5;0.3333;1.0;1.0;0.45;0.3529;2000.0;5000.0;7500.0;3500.0;2000.0;2000.0;2000.0;2000.0;3000.0;2000.0;2000.0;2000.0;22000.0;13000.0;35000.0;16000.0;7000.0;1.0;0.4;0.4;0.5714;1.0;1.0;0.5909;0.4375;1000.0;1000.0;3000.0;1000.0;1000.0;1000.0;1000.0;1000.0;2000.0;1000.0;1000.0;1000.0;8000.0;7000.0;15000.0;5000.0;4000.0;1.0;1.0;0.6667;1.0;1.0;1.0;0.875;0.8;500.0;3000.0;7000.0;2500.0;500.0;500.0;500.0;1500.0;2500.0;500.0;500.0;500.0;14000.0;6000.0;20000.0;12500.0;4500.0;1.0;0.5;0.3571;0.2;1.0;1.0;0.4286;0.36;500.0;2500.0;4000.0;1500.0;500.0;500.0;500.0;500.0;1500.0;500.0;500.0;500.0;9500.0;4000.0;13500.0;8000.0;2500.0;1.0;0.2;0.375;0.3333;1.0;1.0;0.4211;0.3125;500.0;7000.0;11500.0;3000.0;1500.0;500.0;500.0;2500.0;5500.0;1500.0;500.0;500.0;24000.0;11000.0;35000.0;21500.0;9500.0;1.0;0.3571;0.4783;0.5;0.3333;1.0;0.4583;0.4419;1.0179;0.3384;0.367;0.3353;0.8792;0.7833;0.3831;0.3521;1.0179;0.3808;0.3399;0.1788;0.8792;0.7833;0.3688;0.3208;1.0179;0.1693;0.4816;0.298;0.8792;0.7833;0.4213;0.3396;1.0179;0.4062;0.3853;0.511;0.8792;0.7833;0.5533;0.421;1.0179;1.0154;0.6422;0.8942;0.8792;0.7833;0.8193;0.7699;;;;;;;;;;;;;;;;;;;;;;;;;0.0008;0.0075;0.0171;0.0072;0.0011;0.0014;0.0009;0.0026;0.0063;0.0024;0.001;0.0011;0.0065;0.0025;0.0045;0.0105;0.0037;0.0008;0.005;0.0138;0.0045;0.0011;0.0014;0.0009;0.0019;0.0047;0.0008;0.001;0.0011;0.0049;0.0018;0.0033;0.0076;0.0025;0.0008;0.0038;0.0065;0.0027;0.0011;0.0014;0.0009;0.0006;0.0031;0.0008;0.001;0.0011;0.003;0.0013;0.0021;0.0043;0.0015;0.0034;0.0063;0.0122;0.0063;0.0045;0.0055;0.0034;0.0026;0.0047;0.0032;0.0039;0.0043;0.0065;0.0036;0.005;0.0082;0.0034;0.0017;0.0013;0.0049;0.0018;0.0022;0.0027;0.0017;0.0013;0.0031;0.0016;0.002;0.0021;0.0024;0.0019;0.0022;0.0025;0.002;;;;;;;;;;;;;;;;;;;;;;;;;;;;;;;;;;;;;;;;;;;;;;;;;;;
country;ST;STP;Sao Tome and Principe;500.0;500.0;500.0;500.0;500.0;500.0;500.0;500.0;500.0;500.0;500.0;500.0;3000.0;3000.0;6000.0;1500.0;1500.0;1.0;1.0;1.0;1.0;1.0;1.0;1.0;1.0;500.0;500.0;500.0;500.0;500.0;500.0;500.0;500.0;500.0;500.0;500.0;500.0;3000.0;3000.0;6000.0;1500.0;1500.0;1.0;1.0;1.0;1.0;1.0;1.0;1.0;1.0;500.0;500.0;500.0;500.0;500.0;500.0;500.0;500.0;500.0;500.0;500.0;500.0;3000.0;3000.0;6000.0;1500.0;1500.0;1.0;1.0;1.0;1.0;1.0;1.0;1.0;1.0;2000.0;2000.0;2000.0;2000.0;2000.0;2000.0;2000.0;2000.0;2000.0;2000.0;2000.0;2000.0;12000.0;12000.0;24000.0;6000.0;6000.0;1.0;1.0;1.0;1.0;1.0;1.0;1.0;1.0;1000.0;1000.0;1000.0;1000.0;1000.0;1000.0;1000.0;1000.0;1000.0;1000.0;1000.0;1000.0;6000.0;6000.0;12000.0;3000.0;3000.0;1.0;1.0;1.0;1.0;1.0;1.0;1.0;1.0;500.0;500.0;500.0;500.0;500.0;500.0;500.0;500.0;500.0;500.0;500.0;500.0;3000.0;3000.0;6000.0;1500.0;1500.0;1.0;1.0;1.0;1.0;1.0;1.0;1.0;1.0;500.0;500.0;500.0;500.0;500.0;500.0;500.0;500.0;500.0;500.0;500.0;500.0;3000.0;3000.0;6000.0;1500.0;1500.0;1.0;1.0;1.0;1.0;1.0;1.0;1.0;1.0;500.0;500.0;500.0;500.0;500.0;500.0;500.0;500.0;500.0;500.0;500.0;500.0;3000.0;3000.0;6000.0;1500.0;1500.0;1.0;1.0;1.0;1.0;1.0;1.0;1.0;1.0;0.9922;0.9618;0.9791;0.9943;1.0575;0.8988;0.9779;0.9775;0.9922;0.9618;0.9791;0.9943;1.0575;0.8988;0.9779;0.9775;0.9922;0.9618;0.9791;0.9943;1.0575;0.8988;0.9779;0.9775;0.9922;0.9618;0.9791;0.9943;1.0575;0.8988;0.9779;0.9775;0.9922;0.9618;0.9791;0.9943;1.0575;0.8988;0.9779;0.9775;;;;;;;;;;;;;;;;;;;;;;;;;0.0453;0.0332;0.0339;0.0385;0.055;0.0535;0.0449;0.032;0.0332;0.0383;0.0582;0.0481;0.0415;0.0406;0.041;0.0351;0.0343;0.0453;0.0332;0.0339;0.0385;0.055;0.0535;0.0449;0.032;0.0332;0.0383;0.0582;0.0481;0.0415;0.0406;0.041;0.0351;0.0343;0.0453;0.0332;0.0339;0.0385;0.055;0.0535;0.0449;0.032;0.0332;0.0383;0.0582;0.0481;0.0415;0.0406;0.041;0.0351;0.0343;0.181;0.133;0.1355;0.154;0.22;0.2139;0.1796;0.1279;0.1327;0.1532;0.2326;0.1923;0.166;0.1624;0.1642;0.1402;0.1371;0.0905;0.0665;0.0678;0.077;0.11;0.107;0.0898;0.0639;0.0663;0.0766;0.1163;0.0961;0.083;0.0812;0.0821;0.0701;0.0685;;;;;;;;;;;;;;;;;;;;;;;;;;;;;;;;;;;;;;;;;;;;;;;;;;;
country;SV;SLV;El Salvador;500.0;104000.0;170000.0;74000.0;39500.0;31500.0;500.0;114000.0;181500.0;79500.0;43000.0;39500.0;419500.0;458000.0;877500.0;348000.0;375000.0;1.0;1.0962;1.0676;1.0743;1.0886;1.254;1.0918;1.0776;500.0;56000.0;68500.0;30500.0;15000.0;9500.0;500.0;61500.0;60500.0;25500.0;13000.0;10500.0;180000.0;171500.0;351500.0;155000.0;147500.0;1.0;1.0982;0.8832;0.8361;0.8667;1.1053;0.9528;0.9516;500.0;52000.0;70500.0;24000.0;12500.0;6500.0;500.0;79500.0;126000.0;41500.0;19500.0;11500.0;166000.0;278500.0;444500.0;146500.0;247000.0;1.0;1.5288;1.7872;1.7292;1.56;1.7692;1.6777;1.686;2000.0;33000.0;70000.0;40500.0;24500.0;17500.0;2000.0;39500.0;83500.0;44000.0;26500.0;24500.0;187500.0;220000.0;407500.0;143500.0;167000.0;1.0;1.197;1.1929;1.0864;1.0816;1.4;1.1733;1.1638;1000.0;19000.0;38500.0;18500.0;6500.0;4500.0;1000.0;46500.0;102000.0;39000.0;13000.0;8000.0;88000.0;209500.0;297500.0;76000.0;187500.0;1.0;2.4474;2.6494;2.1081;2.0;1.7778;2.3807;2.4671;500.0;111500.0;168500.0;74000.0;34000.0;25000.0;500.0;132000.0;184000.0;69500.0;37500.0;31000.0;413500.0;454500.0;868000.0;354000.0;385500.0;1.0;1.1839;1.092;0.9392;1.1029;1.24;1.0992;1.089;500.0;32000.0;44000.0;17000.0;6500.0;6000.0;500.0;45000.0;58500.0;17500.0;10500.0;9000.0;106000.0;141000.0;247000.0;93000.0;121000.0;1.0;1.4062;1.3295;1.0294;1.6154;1.5;1.3302;1.3011;500.0;175000.0;270500.0;120500.0;57000.0;43000.0;500.0;210500.0;336000.0;137000.0;75000.0;58000.0;666500.0;817000.0;1483500.0;566000.0;683500.0;1.0;1.2029;1.2421;1.1369;1.3158;1.3488;1.2258;1.2076;1.0679;1.1529;1.0717;0.8476;0.7716;0.8342;0.9414;1.0274;1.0679;1.155;0.8866;0.6597;0.6143;0.7353;0.8215;0.9072;1.0679;1.6079;1.794;1.3644;1.1057;1.177;1.4465;1.6074;1.0679;1.2589;1.1975;0.8572;0.7666;0.9313;1.0116;1.1095;1.0679;2.574;2.6595;1.6633;1.4175;1.1827;2.0527;2.3521;;;;;;;;;;;;;;;;;;;;;;;;;0.0022;0.2349;0.3025;0.2212;0.1483;0.081;0.0023;0.2708;0.3242;0.1875;0.1144;0.0676;0.1884;0.1774;0.1825;0.2599;0.267;0.0022;0.1265;0.1219;0.0912;0.0563;0.0244;0.0023;0.1461;0.1081;0.0602;0.0346;0.018;0.0808;0.0664;0.0731;0.1157;0.105;0.0022;0.1175;0.1254;0.0717;0.0469;0.0167;0.0023;0.1889;0.225;0.0979;0.0519;0.0197;0.0746;0.1079;0.0924;0.1094;0.1758;0.0086;0.0745;0.1245;0.1211;0.092;0.045;0.0092;0.0938;0.1491;0.1038;0.0705;0.0419;0.0842;0.0852;0.0847;0.1072;0.1189;0.0043;0.0429;0.0685;0.0553;0.0244;0.0116;0.0046;0.1105;0.1822;0.092;0.0346;0.0137;0.0395;0.0811;0.0619;0.0568;0.1335;;;;;;;;;;;;;;;;;;;;;;;;;;;;;;;;;;;;;;;;;;;;;;;;;;;
country;SX;SXM;Sint Maarten (Dutch part);500.0;500.0;500.0;500.0;500.0;500.0;500.0;500.0;500.0;500.0;500.0;500.0;3000.0;3000.0;6000.0;1500.0;1500.0;1.0;1.0;1.0;1.0;1.0;1.0;1.0;1.0;500.0;500.0;500.0;500.0;500.0;500.0;500.0;500.0;500.0;500.0;500.0;500.0;3000.0;3000.0;6000.0;1500.0;1500.0;1.0;1.0;1.0;1.0;1.0;1.0;1.0;1.0;500.0;500.0;500.0;500.0;500.0;500.0;500.0;500.0;500.0;500.0;500.0;500.0;3000.0;3000.0;6000.0;1500.0;1500.0;1.0;1.0;1.0;1.0;1.0;1.0;1.0;1.0;2000.0;2000.0;2000.0;2000.0;2000.0;2000.0;2000.0;2000.0;2000.0;2000.0;2000.0;2000.0;12000.0;12000.0;24000.0;6000.0;6000.0;1.0;1.0;1.0;1.0;1.0;1.0;1.0;1.0;1000.0;1000.0;1000.0;1000.0;1000.0;1000.0;1000.0;1000.0;1000.0;1000.0;1000.0;1000.0;6000.0;6000.0;12000.0;3000.0;3000.0;1.0;1.0;1.0;1.0;1.0;1.0;1.0;1.0;500.0;500.0;500.0;500.0;500.0;500.0;500.0;500.0;500.0;500.0;500.0;500.0;3000.0;3000.0;6000.0;1500.0;1500.0;1.0;1.0;1.0;1.0;1.0;1.0;1.0;1.0;500.0;500.0;500.0;500.0;500.0;500.0;500.0;500.0;500.0;500.0;500.0;500.0;3000.0;3000.0;6000.0;1500.0;1500.0;1.0;1.0;1.0;1.0;1.0;1.0;1.0;1.0;500.0;500.0;500.0;500.0;500.0;500.0;500.0;500.0;500.0;500.0;500.0;500.0;3000.0;3000.0;6000.0;1500.0;1500.0;1.0;1.0;1.0;1.0;1.0;1.0;1.0;1.0;1.1222;0.9563;0.8328;0.8389;0.8879;0.9736;0.9177;0.8602;1.1222;0.9563;0.8328;0.8389;0.8879;0.9736;0.9177;0.8602;1.1222;0.9563;0.8328;0.8389;0.8879;0.9736;0.9177;0.8602;1.1222;0.9563;0.8328;0.8389;0.8879;0.9736;0.9177;0.8602;1.1222;0.9563;0.8328;0.8389;0.8879;0.9736;0.9177;0.8602;;;;;;;;;;;;;;;;;;;;;;;;;0.439;0.3358;0.2144;0.1736;0.1482;0.0812;0.4926;0.3211;0.1786;0.1456;0.1316;0.0791;0.1727;0.1585;0.1653;0.2238;0.1926;0.439;0.3358;0.2144;0.1736;0.1482;0.0812;0.4926;0.3211;0.1786;0.1456;0.1316;0.0791;0.1727;0.1585;0.1653;0.2238;0.1926;0.439;0.3358;0.2144;0.1736;0.1482;0.0812;0.4926;0.3211;0.1786;0.1456;0.1316;0.0791;0.1727;0.1585;0.1653;0.2238;0.1926;1.7559;1.3432;0.8576;0.6944;0.5929;0.3249;1.9704;1.2845;0.7143;0.5826;0.5265;0.3163;0.6909;0.634;0.6612;0.8954;0.7702;0.878;0.6716;0.4288;0.3472;0.2965;0.1624;0.9852;0.6423;0.3571;0.2913;0.2632;0.1582;0.3454;0.317;0.3306;0.4477;0.3851;;;;;;;;;;;;;;;;;;;;;;;;;;;;;;;;;;;;;;;;;;;;;;;;;;;
country;SY;SYR;Syria;500.0;6000.0;6500.0;2500.0;500.0;500.0;500.0;2500.0;2500.0;500.0;500.0;500.0;16500.0;7000.0;23500.0;15000.0;5500.0;1.0;0.4167;0.3846;0.2;1.0;1.0;0.4242;0.3667;500.0;5500.0;6500.0;2000.0;500.0;500.0;500.0;2500.0;2500.0;500.0;500.0;500.0;15500.0;7000.0;22500.0;14000.0;5500.0;1.0;0.4545;0.3846;0.25;1.0;1.0;0.4516;0.3929;500.0;3500.0;3500.0;1500.0;500.0;500.0;500.0;1500.0;1500.0;500.0;500.0;500.0;10000.0;5000.0;15000.0;8500.0;3500.0;1.0;0.4286;0.4286;0.3333;1.0;1.0;0.5;0.4118;2000.0;5500.0;7000.0;2000.0;2000.0;2000.0;2000.0;3000.0;3000.0;2000.0;2000.0;2000.0;20500.0;14000.0;34500.0;14500.0;8000.0;1.0;0.5455;0.4286;1.0;1.0;1.0;0.6829;0.5517;1000.0;2500.0;3500.0;1000.0;1000.0;1000.0;1000.0;2000.0;2000.0;1000.0;1000.0;1000.0;10000.0;8000.0;18000.0;7000.0;5000.0;1.0;0.8;0.5714;1.0;1.0;1.0;0.8;0.7143;500.0;4000.0;5000.0;2000.0;500.0;500.0;500.0;2000.0;2000.0;500.0;500.0;500.0;12500.0;6000.0;18500.0;11000.0;4500.0;1.0;0.5;0.4;0.25;1.0;1.0;0.48;0.4091;500.0;2500.0;3000.0;500.0;500.0;500.0;500.0;1500.0;1500.0;500.0;500.0;500.0;7500.0;5000.0;12500.0;6000.0;3500.0;1.0;0.6;0.5;1.0;1.0;1.0;0.6667;0.5833;500.0;6500.0;7000.0;2500.0;500.0;500.0;500.0;3000.0;2500.0;1500.0;500.0;500.0;17500.0;8500.0;26000.0;16000.0;7000.0;1.0;0.4615;0.3571;0.6;1.0;1.0;0.4857;0.4375;1.0432;0.4289;0.4002;0.1941;0.9267;0.8425;0.416;0.3729;1.0432;0.4678;0.4002;0.2426;0.9267;0.8425;0.4428;0.3995;1.0432;0.4412;0.4459;0.3234;0.9267;0.8425;0.4903;0.4187;1.0432;0.5615;0.4459;0.9704;0.9267;0.8425;0.6696;0.561;1.0432;0.8235;0.5945;0.9704;0.9267;0.8425;0.7845;0.7263;;;;;;;;;;;;;;;;;;;;;;;;;0.0004;0.0032;0.0038;0.0019;0.0005;0.0004;0.0004;0.0014;0.0015;0.0004;0.0005;0.0004;0.002;0.0008;0.0014;0.0031;0.0011;0.0004;0.0029;0.0038;0.0016;0.0005;0.0004;0.0004;0.0014;0.0015;0.0004;0.0005;0.0004;0.0019;0.0008;0.0014;0.0029;0.0011;0.0004;0.0019;0.0021;0.0012;0.0005;0.0004;0.0004;0.0008;0.0009;0.0004;0.0005;0.0004;0.0012;0.0006;0.0009;0.0017;0.0007;0.0017;0.0029;0.0041;0.0016;0.002;0.0018;0.0018;0.0016;0.0018;0.0015;0.0019;0.0015;0.0025;0.0017;0.0021;0.003;0.0017;0.0009;0.0013;0.0021;0.0008;0.001;0.0009;0.0009;0.0011;0.0012;0.0008;0.0009;0.0007;0.0012;0.001;0.0011;0.0014;0.001;;;;;;;;;;;;;;;;;;;;;;;;;;;;;;;;;;;;;;;;;;;;;;;;;;;
country;TC;TCA;Turks and Caicos Islands;500.0;2000.0;4000.0;1500.0;500.0;500.0;500.0;2000.0;3000.0;2000.0;500.0;500.0;9000.0;8500.0;17500.0;7500.0;7000.0;1.0;1.0;0.75;1.3333;1.0;1.0;0.9444;0.9333;500.0;1500.0;1500.0;500.0;500.0;500.0;500.0;500.0;1500.0;500.0;500.0;500.0;5000.0;4000.0;9000.0;3500.0;2500.0;1.0;0.3333;1.0;1.0;1.0;1.0;0.8;0.7143;500.0;500.0;500.0;500.0;500.0;500.0;500.0;500.0;500.0;500.0;500.0;500.0;3000.0;3000.0;6000.0;1500.0;1500.0;1.0;1.0;1.0;1.0;1.0;1.0;1.0;1.0;2000.0;3000.0;4500.0;3000.0;2000.0;2000.0;2000.0;2000.0;4000.0;3500.0;2000.0;2000.0;16500.0;15500.0;32000.0;10500.0;9500.0;1.0;0.6667;0.8889;1.1667;1.0;1.0;0.9394;0.9048;1000.0;1000.0;1000.0;1000.0;1000.0;1000.0;1000.0;1000.0;2000.0;1000.0;1000.0;1000.0;6000.0;7000.0;13000.0;3000.0;4000.0;1.0;1.0;2.0;1.0;1.0;1.0;1.1667;1.3333;500.0;3000.0;6000.0;3000.0;1500.0;500.0;500.0;3000.0;6000.0;3500.0;1500.0;1500.0;14500.0;16000.0;30500.0;12000.0;12500.0;1.0;1.0;1.0;1.1667;1.0;3.0;1.1034;1.0417;500.0;1500.0;1500.0;500.0;500.0;500.0;500.0;500.0;1500.0;1500.0;500.0;500.0;5000.0;5000.0;10000.0;3500.0;3500.0;1.0;0.3333;1.0;3.0;1.0;1.0;1.0;1.0;500.0;3000.0;6000.0;3000.0;1500.0;500.0;500.0;3000.0;6000.0;4000.0;1500.0;1500.0;14500.0;16500.0;31000.0;12000.0;13000.0;1.0;1.0;1.0;1.3333;1.0;3.0;1.1379;1.0833;0.8482;0.848;0.7655;1.5252;1.164;0.9113;0.956;0.9648;0.8482;0.2826;1.0206;1.1439;1.164;0.9113;0.8098;0.7384;0.8482;0.848;1.0206;1.1439;1.164;0.9113;1.0122;1.0337;0.8482;0.5654;0.9072;1.3346;1.164;0.9113;0.9509;0.9353;0.8482;0.848;2.0412;1.1439;1.164;0.9113;1.181;1.3782;;;;;;;;;;;;;;;;;;;;;;;;;0.5325;1.1377;1.1554;0.337;0.1227;0.1007;0.4517;0.9648;0.8844;0.514;0.1428;0.0918;0.458;0.4379;0.448;0.7755;0.7482;0.5325;0.8532;0.4333;0.1123;0.1227;0.1007;0.4517;0.2412;0.4422;0.1285;0.1428;0.0918;0.2545;0.2061;0.2304;0.3619;0.2672;0.5325;0.2844;0.1444;0.1123;0.1227;0.1007;0.4517;0.2412;0.1474;0.1285;0.1428;0.0918;0.1527;0.1546;0.1536;0.1551;0.1603;2.1299;1.7065;1.2998;0.674;0.4908;0.4029;1.8067;0.9648;1.1792;0.8995;0.5713;0.3672;0.8397;0.7985;0.8193;1.0857;1.0154;1.065;0.5688;0.2889;0.2247;0.2454;0.2015;0.9033;0.4824;0.5896;0.257;0.2856;0.1836;0.3054;0.3606;0.3328;0.3102;0.4275;;;;;;;;;;;;;;;;;;;;;;;;;;;;;;;;;;;;;;;;;;;;;;;;;;;
country;TD;TCD;Chad;500.0;161000.0;198000.0;52000.0;12500.0;18000.0;500.0;44000.0;70500.0;20500.0;5000.0;5000.0;442000.0;145500.0;587500.0;411000.0;135000.0;1.0;0.2733;0.3561;0.3942;0.4;0.2778;0.3292;0.3285;500.0;85000.0;138500.0;34500.0;8500.0;12000.0;500.0;20500.0;45000.0;16000.0;4000.0;3000.0;279000.0;89000.0;368000.0;258000.0;81500.0;1.0;0.2412;0.3249;0.4638;0.4706;0.25;0.319;0.3159;500.0;69000.0;77000.0;18000.0;4000.0;7500.0;500.0;17000.0;19500.0;6000.0;1500.0;1500.0;176000.0;46000.0;222000.0;164000.0;42500.0;1.0;0.2464;0.2532;0.3333;0.375;0.2;0.2614;0.2591;2000.0;122000.0;158500.0;43500.0;11000.0;15000.0;2000.0;31000.0;56500.0;22000.0;5500.0;6000.0;352000.0;123000.0;475000.0;324000.0;109500.0;1.0;0.2541;0.3565;0.5057;0.5;0.4;0.3494;0.338;1000.0;46000.0;91500.0;24500.0;4500.0;7500.0;1000.0;16500.0;42500.0;14500.0;3000.0;2000.0;175000.0;79500.0;254500.0;162000.0;73500.0;1.0;0.3587;0.4645;0.5918;0.6667;0.2667;0.4543;0.4537;500.0;111500.0;146000.0;39500.0;8500.0;13000.0;500.0;26500.0;43000.0;14000.0;4000.0;3000.0;319000.0;91000.0;410000.0;297000.0;83500.0;1.0;0.2377;0.2945;0.3544;0.4706;0.2308;0.2853;0.2811;500.0;92500.0;131500.0;31500.0;7000.0;11500.0;500.0;22000.0;44000.0;14000.0;2500.0;2500.0;274500.0;85500.0;360000.0;255500.0;80000.0;1.0;0.2378;0.3346;0.4444;0.3571;0.2174;0.3115;0.3131;500.0;157000.0;202500.0;51000.0;11500.0;16500.0;500.0;46000.0;78000.0;25000.0;5000.0;4000.0;439000.0;158500.0;597500.0;410500.0;149000.0;1.0;0.293;0.3852;0.4902;0.4348;0.2424;0.361;0.363;1.0291;0.2788;0.3575;0.3864;0.3828;0.2427;0.3257;0.3298;1.0291;0.246;0.3261;0.4547;0.4504;0.2184;0.3157;0.3171;1.0291;0.2513;0.2542;0.3267;0.3589;0.1747;0.2587;0.2601;1.0291;0.2592;0.3579;0.4957;0.4785;0.3494;0.3457;0.3393;1.0291;0.3659;0.4663;0.5801;0.6381;0.233;0.4495;0.4555;;;;;;;;;;;;;;;;;;;;;;;;;0.0006;0.1314;0.1597;0.0658;0.0232;0.0383;0.0006;0.0366;0.0571;0.0254;0.0089;0.0093;0.0859;0.028;0.0568;0.1262;0.0416;0.0006;0.0694;0.1117;0.0437;0.0158;0.0255;0.0006;0.0171;0.0364;0.0198;0.0071;0.0056;0.0542;0.0171;0.0356;0.0792;0.0251;0.0006;0.0563;0.0621;0.0228;0.0074;0.0159;0.0006;0.0141;0.0158;0.0074;0.0027;0.0028;0.0342;0.0088;0.0214;0.0504;0.0131;0.0023;0.0995;0.1278;0.055;0.0204;0.0319;0.0023;0.0258;0.0457;0.0273;0.0098;0.0111;0.0684;0.0236;0.0459;0.0995;0.0338;0.0011;0.0375;0.0738;0.031;0.0083;0.0159;0.0012;0.0137;0.0344;0.018;0.0053;0.0037;0.034;0.0153;0.0246;0.0498;0.0227;;;;;;;;;;;;;;;;;;;;;;;;;;;;;;;;;;;;;;;;;;;;;;;;;;;
country;TF;ATF;French Southern Territories;500.0;500.0;500.0;500.0;500.0;500.0;500.0;500.0;500.0;500.0;500.0;500.0;3000.0;3000.0;6000.0;1500.0;1500.0;1.0;1.0;1.0;1.0;1.0;1.0;1.0;1.0;500.0;500.0;500.0;500.0;500.0;500.0;500.0;500.0;500.0;500.0;500.0;500.0;3000.0;3000.0;6000.0;1500.0;1500.0;1.0;1.0;1.0;1.0;1.0;1.0;1.0;1.0;500.0;500.0;500.0;500.0;500.0;500.0;500.0;500.0;500.0;500.0;500.0;500.0;3000.0;3000.0;6000.0;1500.0;1500.0;1.0;1.0;1.0;1.0;1.0;1.0;1.0;1.0;2000.0;2000.0;2000.0;2000.0;2000.0;2000.0;2000.0;2000.0;2000.0;2000.0;2000.0;2000.0;12000.0;12000.0;24000.0;6000.0;6000.0;1.0;1.0;1.0;1.0;1.0;1.0;1.0;1.0;1000.0;1000.0;1000.0;1000.0;1000.0;1000.0;1000.0;1000.0;1000.0;1000.0;1000.0;1000.0;6000.0;6000.0;12000.0;3000.0;3000.0;1.0;1.0;1.0;1.0;1.0;1.0;1.0;1.0;500.0;500.0;500.0;500.0;500.0;500.0;500.0;500.0;500.0;500.0;500.0;500.0;3000.0;3000.0;6000.0;1500.0;1500.0;1.0;1.0;1.0;1.0;1.0;1.0;1.0;1.0;500.0;500.0;500.0;500.0;500.0;500.0;500.0;500.0;500.0;500.0;500.0;500.0;3000.0;3000.0;6000.0;1500.0;1500.0;1.0;1.0;1.0;1.0;1.0;1.0;1.0;1.0;500.0;500.0;500.0;500.0;500.0;500.0;500.0;500.0;500.0;500.0;500.0;500.0;3000.0;3000.0;6000.0;1500.0;1500.0;1.0;1.0;1.0;1.0;1.0;1.0;1.0;1.0;;;;;;;;;;;;;;;;;;;;;;;;;;;;;;;;;;;;;;;;;;;;;;;;;;;;;;;;;;;;;;;;;;;;;;;;;;;;;;;;;;;;;;;;;;;;;;;;;;;;;;;;;;;;;;;;;;;;;;;;;;;;;;;;;;;;;;;;;;;;;;;;;;;;;;;;;;;;;;;;;;;;;;;;;;;;;;;;;;;;;;;;;;;;;;;;;;;;;;;;
country;TH;THA;Thailand;500.0;4048500.0;7575500.0;3949500.0;2078000.0;2103000.0;500.0;4399500.0;8625000.0;4804000.0;2865000.0;3097500.0;19755000.0;23791500.0;43546500.0;15573500.0;17828500.0;1.0;1.0867;1.1385;1.2164;1.3787;1.4729;1.2043;1.1448;500.0;3078000.0;6369500.0;3229500.0;1689000.0;1481500.0;500.0;2901500.0;6441000.0;3404500.0;2044000.0;1840500.0;15848000.0;16632000.0;32480000.0;12677000.0;12747000.0;1.0;0.9427;1.0112;1.0542;1.2102;1.2423;1.0495;1.0055;500.0;2798500.0;3611000.0;1705000.0;894000.0;888000.0;500.0;2845500.0;3896000.0;1821500.0;1001500.0;1121500.0;9897000.0;10686500.0;20583500.0;8114500.0;8563000.0;1.0;1.0168;1.0789;1.0683;1.1202;1.263;1.0798;1.0553;2000.0;3278000.0;3721000.0;1822000.0;1036000.0;1005000.0;2000.0;2315500.0;3415000.0;1624000.0;1015000.0;1027000.0;10864000.0;9398500.0;20262500.0;8821000.0;7354500.0;1.0;0.7064;0.9178;0.8913;0.9797;1.0219;0.8651;0.8337;1000.0;3282500.0;6818500.0;3454000.0;1477000.0;1569500.0;1000.0;4005500.0;8312500.0;4525500.0;2217500.0;2318500.0;16602500.0;21380500.0;37983000.0;13555000.0;16843500.0;1.0;1.2203;1.2191;1.3102;1.5014;1.4772;1.2878;1.2426;500.0;3397500.0;5888500.0;2845000.0;1448500.0;1603000.0;500.0;3554000.0;6378000.0;3180500.0;1806500.0;2164000.0;15183000.0;17083500.0;32266500.0;12131000.0;13112500.0;1.0;1.0461;1.0831;1.1179;1.2472;1.35;1.1252;1.0809;500.0;3452500.0;6299000.0;3187500.0;1690500.0;1795000.0;500.0;3569000.0;6731500.0;3633000.0;2219000.0;2548500.0;16425000.0;18701500.0;35126500.0;12939000.0;13933500.0;1.0;1.0337;1.0687;1.1398;1.3126;1.4198;1.1386;1.0769;500.0;4407000.0;8337000.0;4286000.0;2226000.0;2265000.0;500.0;4759500.0;9429500.0;5249500.0;3119500.0;3410500.0;21521500.0;25969000.0;47490500.0;17030000.0;19438500.0;1.0;1.08;1.131;1.2248;1.4014;1.5057;1.2067;1.1414;1.0562;1.1444;1.1601;1.1988;1.2752;1.216;1.1263;1.1607;1.0562;0.9927;1.0304;1.0389;1.1193;1.0256;0.9815;1.0195;1.0562;1.0708;1.0993;1.0528;1.0361;1.0427;1.0098;1.07;1.0562;0.7439;0.9352;0.8784;0.9061;0.8436;0.809;0.8453;1.0562;1.2851;1.2422;1.2912;1.3886;1.2195;1.2043;1.2599;;;;;;;;;;;;;;;;;;;;;;;;;0.0003;1.2118;1.4628;0.7592;0.3995;0.2313;0.0003;1.3867;1.697;0.9101;0.5095;0.2813;0.6635;0.7474;0.7069;1.1349;1.3173;0.0003;0.9213;1.2299;0.6208;0.3247;0.1629;0.0003;0.9145;1.2673;0.6449;0.3635;0.1671;0.5323;0.5225;0.5272;0.9238;0.9418;0.0003;0.8376;0.6973;0.3277;0.1719;0.0977;0.0003;0.8969;0.7665;0.3451;0.1781;0.1018;0.3324;0.3357;0.3341;0.5913;0.6327;0.0011;0.9812;0.7185;0.3502;0.1992;0.1105;0.0012;0.7298;0.6719;0.3076;0.1805;0.0933;0.3649;0.2952;0.3289;0.6428;0.5434;0.0006;0.9825;1.3166;0.6639;0.284;0.1726;0.0006;1.2625;1.6355;0.8573;0.3943;0.2105;0.5577;0.6716;0.6165;0.9878;1.2445;;;;;;;;;;;;;;;;;;;;;;;;;;;;;;;;;;;;;;;;;;;;;;;;;;;
country;TN;TUN;Tunisia;500.0;73000.0;126000.0;68500.0;26000.0;18500.0;500.0;64000.0;95000.0;40500.0;16000.0;18000.0;312500.0;234000.0;546500.0;267500.0;199500.0;1.0;0.8767;0.754;0.5912;0.6154;0.973;0.7488;0.7458;500.0;9500.0;17500.0;9500.0;3500.0;3500.0;500.0;8000.0;15000.0;5000.0;2000.0;3500.0;44000.0;34000.0;78000.0;36500.0;28000.0;1.0;0.8421;0.8571;0.5263;0.5714;1.0;0.7727;0.7671;500.0;33500.0;48500.0;23000.0;7000.0;8000.0;500.0;30500.0;42500.0;17000.0;7000.0;7500.0;120500.0;105000.0;225500.0;105000.0;90000.0;1.0;0.9104;0.8763;0.7391;1.0;0.9375;0.8714;0.8571;2000.0;21500.0;33000.0;18000.0;5500.0;4500.0;2000.0;14500.0;26000.0;9500.0;3500.0;3500.0;84500.0;59000.0;143500.0;72500.0;50000.0;1.0;0.6744;0.7879;0.5278;0.6364;0.7778;0.6982;0.6897;1000.0;9000.0;19500.0;12000.0;3500.0;3000.0;1000.0;15500.0;38500.0;17500.0;4000.0;3500.0;48000.0;80000.0;128000.0;40500.0;71500.0;1.0;1.7222;1.9744;1.4583;1.1429;1.1667;1.6667;1.7654;500.0;77000.0;122000.0;67500.0;23000.0;18500.0;500.0;67000.0;101500.0;35000.0;14000.0;15000.0;308500.0;233000.0;541500.0;266500.0;203500.0;1.0;0.8701;0.832;0.5185;0.6087;0.8108;0.7553;0.7636;500.0;14000.0;21500.0;12500.0;4000.0;3000.0;500.0;10500.0;13500.0;5000.0;1500.0;2500.0;55500.0;33500.0;89000.0;48000.0;29000.0;1.0;0.75;0.6279;0.4;0.375;0.8333;0.6036;0.6042;500.0;91500.0;143000.0;78000.0;27500.0;20500.0;500.0;117500.0;177500.0;73000.0;28500.0;25000.0;361000.0;422000.0;783000.0;312500.0;368000.0;1.0;1.2842;1.2413;0.9359;1.0364;1.2195;1.169;1.1776;1.0708;0.919;0.7403;0.5474;0.5863;0.864;0.7155;0.7269;1.0708;0.8827;0.8415;0.4873;0.5444;0.888;0.7384;0.7477;1.0708;0.9543;0.8604;0.6843;0.9527;0.8325;0.8327;0.8354;1.0708;0.7069;0.7736;0.4887;0.6063;0.6907;0.6672;0.6722;1.0708;1.8052;1.9385;1.3502;1.0889;1.0361;1.5926;1.7207;;;;;;;;;;;;;;;;;;;;;;;;;0.0014;0.1263;0.1398;0.0767;0.0353;0.0169;0.0015;0.1161;0.1035;0.042;0.0207;0.0146;0.0684;0.0489;0.0584;0.1127;0.082;0.0014;0.0164;0.0194;0.0106;0.0048;0.0032;0.0015;0.0145;0.0163;0.0052;0.0026;0.0028;0.0096;0.0071;0.0083;0.0154;0.0115;0.0014;0.058;0.0538;0.0257;0.0095;0.0073;0.0015;0.0553;0.0463;0.0176;0.0091;0.0061;0.0264;0.0219;0.0241;0.0443;0.037;0.0055;0.0372;0.0366;0.0201;0.0075;0.0041;0.0059;0.0263;0.0283;0.0098;0.0045;0.0028;0.0185;0.0123;0.0153;0.0306;0.0205;0.0027;0.0156;0.0216;0.0134;0.0048;0.0027;0.0029;0.0281;0.0419;0.0181;0.0052;0.0028;0.0105;0.0167;0.0137;0.0171;0.0294;;;;;;;;;;;;;;;;;;;;;;;;;;;;;;;;;;;;;;;;;;;;;;;;;;;
country;TR;TUR;Turkey;500.0;4869500.0;7739500.0;3685000.0;2012000.0;1304500.0;500.0;4208000.0;5233000.0;1865000.0;984000.0;808500.0;19611000.0;13099000.0;32710000.0;16294000.0;11306000.0;1.0;0.8642;0.6761;0.5061;0.4891;0.6198;0.6679;0.6939;500.0;4861500.0;8048000.0;3920500.0;2142000.0;1410500.0;500.0;4238000.0;5453500.0;2007000.0;1061500.0;891500.0;20383000.0;13652000.0;34035000.0;16830000.0;11698500.0;1.0;0.8717;0.6776;0.5119;0.4956;0.632;0.6698;0.6951;500.0;2755000.0;3716000.0;1818000.0;1069500.0;769500.0;500.0;2631500.0;2683000.0;932000.0;512500.0;477000.0;10128500.0;7236500.0;17365000.0;8289000.0;6246500.0;1.0;0.9552;0.722;0.5127;0.4792;0.6199;0.7145;0.7536;2000.0;5395500.0;8744500.0;4046000.0;2223500.0;1300000.0;2000.0;5050000.0;6079500.0;2034500.0;1032000.0;782500.0;21711500.0;14980500.0;36692000.0;18186000.0;13164000.0;1.0;0.936;0.6952;0.5028;0.4641;0.6019;0.69;0.7239;1000.0;2526500.0;6693500.0;3323000.0;1323000.0;569000.0;1000.0;2861500.0;4875000.0;1730000.0;641000.0;353500.0;14436000.0;10462000.0;24898000.0;12543000.0;9466500.0;1.0;1.1326;0.7283;0.5206;0.4845;0.6213;0.7247;0.7547;500.0;3551500.0;6180500.0;3120500.0;1736000.0;1137500.0;500.0;3372500.0;4411000.0;1579000.0;842000.0;720500.0;15726500.0;10925500.0;26652000.0;12852500.0;9362500.0;1.0;0.9496;0.7137;0.506;0.485;0.6334;0.6947;0.7285;500.0;3017000.0;6073000.0;3083000.0;1281500.0;744000.0;500.0;2879500.0;4283000.0;1530500.0;606000.0;458500.0;14199000.0;9758000.0;23957000.0;12173000.0;8693000.0;1.0;0.9544;0.7053;0.4964;0.4729;0.6163;0.6872;0.7141;500.0;5126500.0;8451000.0;3992500.0;2104000.0;1350500.0;500.0;4492000.0;5758500.0;2068500.0;1045000.0;856000.0;21025000.0;14220500.0;35245500.0;17570000.0;12319000.0;1.0;0.8762;0.6814;0.5181;0.4967;0.6338;0.6764;0.7011;1.0405;0.9013;0.7032;0.5151;0.4918;0.5429;0.6597;0.7165;1.0405;0.9092;0.7047;0.521;0.4983;0.5536;0.6615;0.7178;1.0405;0.9962;0.7509;0.5218;0.4818;0.543;0.7057;0.7782;1.0405;0.9762;0.723;0.5118;0.4666;0.5272;0.6815;0.7475;1.0405;1.1813;0.7575;0.5299;0.4871;0.5442;0.7158;0.7793;;;;;;;;;;;;;;;;;;;;;;;;;0.0002;1.0094;1.1327;0.5519;0.3682;0.1623;0.0002;0.9098;0.7965;0.2843;0.181;0.0881;0.5698;0.3759;0.4723;0.8887;0.6368;0.0002;1.0078;1.1778;0.5871;0.392;0.1755;0.0002;0.9163;0.8301;0.3059;0.1953;0.0972;0.5922;0.3918;0.4914;0.9179;0.6589;0.0002;0.5711;0.5438;0.2723;0.1957;0.0957;0.0002;0.5689;0.4084;0.1421;0.0943;0.052;0.2943;0.2077;0.2507;0.4521;0.3518;0.0008;1.1184;1.2797;0.6059;0.4069;0.1617;0.0008;1.0918;0.9254;0.3101;0.1899;0.0853;0.6308;0.4299;0.5297;0.9919;0.7414;0.0004;0.5237;0.9796;0.4977;0.2421;0.0708;0.0004;0.6187;0.742;0.2637;0.1179;0.0385;0.4194;0.3002;0.3595;0.6841;0.5332;;;;;;;;;;;;;;;;;;;;;;;;;;;;;;;;;;;;;;;;;;;;;;;;;;;
country;TT;TTO;Trinidad and Tobago;500.0;46000.0;79000.0;57500.0;35000.0;23000.0;500.0;57500.0;86500.0;59500.0;38500.0;35000.0;241000.0;277500.0;518500.0;182500.0;203500.0;1.0;1.25;1.0949;1.0348;1.1;1.5217;1.1515;1.1151;500.0;21500.0;41000.0;33500.0;21000.0;15000.0;500.0;24000.0;42500.0;34000.0;22500.0;22500.0;132500.0;146000.0;278500.0;96000.0;100500.0;1.0;1.1163;1.0366;1.0149;1.0714;1.5;1.1019;1.0469;500.0;24000.0;38500.0;29500.0;18500.0;11500.0;500.0;36000.0;52500.0;40500.0;26500.0;21500.0;122500.0;177500.0;300000.0;92000.0;129000.0;1.0;1.5;1.3636;1.3729;1.4324;1.8696;1.449;1.4022;2000.0;24000.0;44500.0;38500.0;28500.0;21000.0;2000.0;38000.0;63500.0;49000.0;33000.0;34500.0;158500.0;220000.0;378500.0;107000.0;150500.0;1.0;1.5833;1.427;1.2727;1.1579;1.6429;1.388;1.4065;1000.0;7500.0;14000.0;11000.0;6000.0;4500.0;1000.0;19500.0;28500.0;16500.0;7500.0;6500.0;44000.0;79500.0;123500.0;32500.0;64500.0;1.0;2.6;2.0357;1.5;1.25;1.4444;1.8068;1.9846;500.0;27000.0;45000.0;31500.0;19500.0;11500.0;500.0;42500.0;61500.0;38500.0;25000.0;19500.0;135000.0;187500.0;322500.0;103500.0;142500.0;1.0;1.5741;1.3667;1.2222;1.2821;1.6957;1.3889;1.3768;500.0;11500.0;20500.0;16000.0;9500.0;6500.0;500.0;17000.0;22500.0;16500.0;10500.0;10000.0;64500.0;77000.0;141500.0;48000.0;56000.0;1.0;1.4783;1.0976;1.0312;1.1053;1.5385;1.1938;1.1667;500.0;41500.0;71000.0;52000.0;29500.0;19500.0;500.0;56500.0;84000.0;57000.0;36000.0;30500.0;214000.0;264500.0;478500.0;164500.0;197500.0;1.0;1.3614;1.1831;1.0962;1.2203;1.5641;1.236;1.2006;1.0405;1.309;1.1326;1.0468;1.0957;1.2846;1.1137;1.1456;1.0405;1.169;1.0723;1.0267;1.0672;1.2663;1.0658;1.0755;1.0405;1.5708;1.4106;1.3889;1.4268;1.5783;1.4015;1.4405;1.0405;1.6581;1.4762;1.2875;1.1534;1.3869;1.3425;1.4449;1.0405;2.7228;2.1058;1.5175;1.2451;1.2193;1.7476;2.0388;;;;;;;;;;;;;;;;;;;;;;;;;0.013;0.6794;0.7004;0.4352;0.3578;0.1403;0.0135;0.8893;0.7932;0.4556;0.392;0.1803;0.3932;0.4379;0.4159;0.5837;0.6687;0.013;0.3175;0.3635;0.2535;0.2147;0.0915;0.0135;0.3712;0.3897;0.2603;0.2291;0.1159;0.2162;0.2304;0.2234;0.3071;0.3303;0.013;0.3545;0.3413;0.2233;0.1891;0.0702;0.0135;0.5568;0.4814;0.3101;0.2698;0.1107;0.1999;0.2801;0.2406;0.2943;0.4239;0.0518;0.3545;0.3945;0.2914;0.2913;0.1281;0.0539;0.5877;0.5823;0.3752;0.336;0.1777;0.2586;0.3471;0.3036;0.3422;0.4946;0.0259;0.1108;0.1241;0.0832;0.0613;0.0275;0.027;0.3016;0.2614;0.1263;0.0764;0.0335;0.0718;0.1254;0.0991;0.104;0.212;;;;;;;;;;;;;;;;;;;;;;;;;;;;;;;;;;;;;;;;;;;;;;;;;;;
country;TW;TWN;Taiwan;500.0;283500.0;583500.0;415000.0;258500.0;191000.0;500.0;273000.0;518000.0;375000.0;239500.0;209500.0;1732000.0;1615500.0;3347500.0;1282000.0;1166000.0;1.0;0.963;0.8877;0.9036;0.9265;1.0969;0.9327;0.9095;500.0;383500.0;748000.0;491000.0;305000.0;226000.0;500.0;357000.0;649500.0;440500.0;285000.0;254000.0;2154000.0;1986500.0;4140500.0;1622500.0;1447000.0;1.0;0.9309;0.8683;0.8971;0.9344;1.1239;0.9222;0.8918;500.0;199500.0;359500.0;247000.0;168500.0;161500.0;500.0;174000.0;325500.0;234000.0;165000.0;199500.0;1136500.0;1098500.0;2235000.0;806000.0;733500.0;1.0;0.8722;0.9054;0.9474;0.9792;1.2353;0.9666;0.91;2000.0;257000.0;492000.0;373500.0;256500.0;206500.0;2000.0;298500.0;553000.0;442000.0;285500.0;262000.0;1587500.0;1843000.0;3430500.0;1122500.0;1293500.0;1.0;1.1615;1.124;1.1834;1.1131;1.2688;1.1609;1.1523;1000.0;82500.0;239500.0;149500.0;61000.0;44500.0;1000.0;109000.0;267500.0;155500.0;56500.0;48000.0;578000.0;637500.0;1215500.0;471500.0;532000.0;1.0;1.3212;1.1169;1.0401;0.9262;1.0787;1.1029;1.1283;500.0;217000.0;615000.0;426000.0;267000.0;198500.0;500.0;216500.0;537000.0;389500.0;251000.0;220500.0;1724000.0;1615000.0;3339000.0;1258000.0;1143000.0;1.0;0.9977;0.8732;0.9143;0.9401;1.1108;0.9368;0.9086;500.0;96500.0;199500.0;139000.0;96000.0;60500.0;500.0;91500.0;145500.0;102500.0;69500.0;53500.0;592000.0;463000.0;1055000.0;435000.0;339500.0;1.0;0.9482;0.7293;0.7374;0.724;0.8843;0.7821;0.7805;500.0;400500.0;723500.0;510500.0;317000.0;239500.0;500.0;415500.0;690500.0;496500.0;320500.0;285500.0;2191500.0;2209000.0;4400500.0;1634500.0;1602500.0;1.0;1.0375;0.9544;0.9726;1.011;1.1921;1.008;0.9804;1.0941;1.0444;0.9571;0.8993;0.9004;0.9742;0.9064;0.9483;1.0941;1.0095;0.9362;0.8928;0.9081;0.9982;0.8962;0.9298;1.0941;0.9459;0.9762;0.9429;0.9516;1.0972;0.9394;0.9488;1.0941;1.2596;1.2119;1.1777;1.0817;1.1269;1.1282;1.2014;1.0941;1.4328;1.2042;1.0351;0.9001;0.9581;1.0718;1.1764;;;;;;;;;;;;;;;;;;;;;;;;;0.0012;0.3159;0.3596;0.2243;0.1449;0.0523;0.0013;0.3299;0.3442;0.2017;0.1304;0.051;0.1694;0.1535;0.1613;0.2933;0.2782;0.0012;0.4273;0.461;0.2653;0.1709;0.0619;0.0013;0.4314;0.4316;0.2369;0.1552;0.0618;0.2107;0.1888;0.1996;0.3712;0.3452;0.0012;0.2223;0.2216;0.1335;0.0944;0.0443;0.0013;0.2102;0.2163;0.1258;0.0899;0.0486;0.1111;0.1044;0.1077;0.1844;0.175;0.0047;0.2863;0.3032;0.2018;0.1438;0.0566;0.0052;0.3607;0.3675;0.2377;0.1555;0.0638;0.1553;0.1752;0.1654;0.2568;0.3086;0.0024;0.0919;0.1476;0.0808;0.0342;0.0122;0.0026;0.1317;0.1778;0.0836;0.0308;0.0117;0.0565;0.0606;0.0586;0.1079;0.1269;;;;;;;;;;;;;;;;;;;;;;;;;;;;;;;;;;;;;;;;;;;;;;;;;;;
country;UA;UKR;Ukraine;500.0;1016000.0;1910500.0;1211500.0;719500.0;411500.0;500.0;1186000.0;1831500.0;1072500.0;728500.0;541500.0;5269500.0;5360500.0;10630000.0;4138000.0;4090000.0;1.0;1.1673;0.9586;0.8853;1.0125;1.3159;1.0173;0.9884;500.0;910500.0;1243500.0;725000.0;434000.0;311000.0;500.0;1069000.0;1209500.0;663000.0;437500.0;391500.0;3624500.0;3771000.0;7395500.0;2879000.0;2941500.0;1.0;1.1741;0.9727;0.9145;1.0081;1.2588;1.0404;1.0217;500.0;960500.0;1226000.0;670500.0;434000.0;249500.0;500.0;1149500.0;1299500.0;713000.0;512000.0;382500.0;3541000.0;4057000.0;7598000.0;2857000.0;3162000.0;1.0;1.1968;1.06;1.0634;1.1797;1.5331;1.1457;1.1068;2000.0;1429000.0;2408000.0;1391000.0;536500.0;421000.0;2000.0;1790000.0;2478000.0;1343500.0;591000.0;583000.0;6187500.0;6787500.0;12975000.0;5228000.0;5611500.0;1.0;1.2526;1.0291;0.9659;1.1016;1.3848;1.097;1.0734;1000.0;581000.0;888500.0;463500.0;158500.0;93500.0;1000.0;818000.0;1093500.0;579000.0;201500.0;142500.0;2186000.0;2835500.0;5021500.0;1933000.0;2490500.0;1.0;1.4079;1.2307;1.2492;1.2713;1.5241;1.2971;1.2884;500.0;555000.0;904000.0;510500.0;307000.0;242000.0;500.0;743000.0;1046000.0;598000.0;398500.0;380500.0;2519000.0;3166500.0;5685500.0;1969500.0;2387000.0;1.0;1.3387;1.1571;1.1714;1.298;1.5723;1.257;1.212;500.0;705000.0;1283000.0;748000.0;408500.0;302000.0;500.0;859500.0;1306000.0;718000.0;427000.0;412000.0;3447000.0;3723000.0;7170000.0;2736000.0;2883500.0;1.0;1.2191;1.0179;0.9599;1.0453;1.3642;1.0801;1.0539;500.0;1129500.0;2135500.0;1345500.0;761500.0;446500.0;500.0;1324000.0;2061500.0;1220500.0;799500.0;618500.0;5819000.0;6024500.0;11843500.0;4610500.0;4606000.0;1.0;1.1722;0.9653;0.9071;1.0499;1.3852;1.0353;0.999;1.0571;1.2267;1.0047;0.8943;0.9014;0.8406;0.858;1.0189;1.0571;1.2338;1.0195;0.9238;0.8974;0.8041;0.8775;1.0532;1.0571;1.2577;1.111;1.0742;1.0502;0.9793;0.9663;1.1409;1.0571;1.3163;1.0786;0.9758;0.9807;0.8846;0.9253;1.1065;1.0571;1.4795;1.2899;1.2619;1.1318;0.9736;1.094;1.3281;;;;;;;;;;;;;;;;;;;;;;;;;0.0006;0.8297;0.7599;0.3831;0.2899;0.0848;0.0006;1.0178;0.7635;0.3426;0.2613;0.0713;0.3497;0.3;0.3227;0.5996;0.611;0.0006;0.7435;0.4946;0.2293;0.1749;0.0641;0.0006;0.9174;0.5042;0.2118;0.1569;0.0516;0.2405;0.2111;0.2245;0.4172;0.4394;0.0006;0.7844;0.4876;0.212;0.1749;0.0514;0.0006;0.9864;0.5417;0.2278;0.1836;0.0504;0.235;0.2271;0.2307;0.414;0.4723;0.0024;1.1669;0.9577;0.4399;0.2162;0.0868;0.0025;1.5361;1.033;0.4292;0.212;0.0768;0.4106;0.3799;0.3939;0.7576;0.8382;0.0012;0.4745;0.3534;0.1466;0.0639;0.0193;0.0013;0.702;0.4558;0.185;0.0723;0.0188;0.1451;0.1587;0.1525;0.2801;0.372;;;;;;;;;;;;;;;;;;;;;;;;;;;;;;;;;;;;;;;;;;;;;;;;;;;
country;US;USA;United States;500.0;8246000.0;14661500.0;13027000.0;8503000.0;9031500.0;500.0;12009500.0;15030500.0;13368000.0;7836000.0;5977500.0;53469500.0;54222000.0;107691500.0;35934500.0;40408000.0;1.0;1.4564;1.0252;1.0262;0.9216;0.6619;1.0141;1.1245;500.0;7731500.0;13777500.0;12198500.0;8246000.0;9185000.0;500.0;11571000.0;14232000.0;12422000.0;7329500.0;5818000.0;51139000.0;51373000.0;102512000.0;33707500.0;38225000.0;1.0;1.4966;1.033;1.0183;0.8889;0.6334;1.0046;1.134;500.0;6156000.0;9547000.0;7896000.0;4574000.0;4153000.0;500.0;9756000.0;10724000.0;8804000.0;4522500.0;2669500.0;32326500.0;36476500.0;68803000.0;23599000.0;29284000.0;1.0;1.5848;1.1233;1.115;0.9887;0.6428;1.1284;1.2409;2000.0;15420500.0;26068000.0;22679500.0;14648500.0;14975000.0;2000.0;24674500.0;29397000.0;25696500.0;14827000.0;10261500.0;93793500.0;104858500.0;198652000.0;64168000.0;79768000.0;1.0;1.6001;1.1277;1.133;1.0122;0.6852;1.118;1.2431;1000.0;2981000.0;6961500.0;6231000.0;3039000.0;2584000.0;1000.0;9690000.0;13104000.0;10321000.0;4423500.0;2632500.0;21797500.0;40172000.0;61969500.0;16173500.0;33115000.0;1.0;3.2506;1.8824;1.6564;1.4556;1.0188;1.843;2.0475;500.0;6205000.0;11588000.0;9981500.0;6296000.0;6361500.0;500.0;10056000.0;12746000.0;10714000.0;5974000.0;4122500.0;40432500.0;43613000.0;84045500.0;27774500.0;33516000.0;1.0;1.6206;1.0999;1.0734;0.9489;0.648;1.0787;1.2067;500.0;6262000.0;11263500.0;9520500.0;6025000.0;6207500.0;500.0;10229500.0;12706500.0;10473000.0;6069500.0;4369500.0;39279000.0;43848500.0;83127500.0;27046000.0;33409000.0;1.0;1.6336;1.1281;1.1;1.0074;0.7039;1.1163;1.2353;500.0;8133500.0;14457500.0;12539500.0;8010500.0;8507500.0;500.0;12143000.0;15123500.0;13324000.0;7750500.0;6007500.0;51649000.0;54349000.0;105998000.0;35130500.0;40590500.0;1.0;1.493;1.0461;1.0626;0.9675;0.7061;1.0523;1.1554;1.0625;1.5548;1.0981;1.0886;0.9588;0.5987;1.0161;1.1992;1.0625;1.5977;1.1065;1.0802;0.9248;0.5729;1.0066;1.2093;1.0625;1.6919;1.2032;1.1828;1.0286;0.5814;1.1307;1.3233;1.0625;1.7082;1.2079;1.2019;1.0531;0.6198;1.1202;1.3257;1.0625;3.4703;2.0163;1.7571;1.5144;0.9215;1.8467;2.1835;;;;;;;;;;;;;;;;;;;;;;;;;0.0001;0.5107;0.5986;0.5487;0.4011;0.1869;0.0001;0.7941;0.6573;0.5973;0.3846;0.1119;0.3732;0.3792;0.3762;0.5582;0.6693;0.0001;0.4788;0.5625;0.5138;0.389;0.1901;0.0001;0.7651;0.6224;0.555;0.3597;0.1089;0.357;0.3593;0.3581;0.5236;0.6332;0.0001;0.3813;0.3898;0.3326;0.2158;0.0859;0.0001;0.6451;0.469;0.3933;0.2219;0.05;0.2257;0.2551;0.2404;0.3666;0.4851;0.0002;0.9551;1.0643;0.9552;0.691;0.3099;0.0002;1.6315;1.2856;1.1481;0.7276;0.1921;0.6547;0.7334;0.694;0.9967;1.3213;0.0001;0.1846;0.2842;0.2624;0.1433;0.0535;0.0001;0.6407;0.5731;0.4611;0.2171;0.0493;0.1522;0.281;0.2165;0.2512;0.5485;;;;;;;;;;;;;;;;;;;;;;;;;;;;;;;;;;;;;;;;;;;;;;;;;;;
country;UY;URY;Uruguay;500.0;153000.0;243500.0;126500.0;80500.0;71500.0;500.0;172000.0;265000.0;118500.0;84000.0;81000.0;675500.0;721000.0;1396500.0;523000.0;555500.0;1.0;1.1242;1.0883;0.9368;1.0435;1.1329;1.0674;1.0621;500.0;146000.0;241500.0;121500.0;76000.0;65000.0;500.0;163000.0;256500.0;108500.0;75000.0;74000.0;650500.0;677500.0;1328000.0;509000.0;528000.0;1.0;1.1164;1.0621;0.893;0.9868;1.1385;1.0415;1.0373;500.0;130500.0;197500.0;99500.0;66000.0;55000.0;500.0;148500.0;220500.0;95000.0;65500.0;59500.0;549000.0;589500.0;1138500.0;427500.0;464000.0;1.0;1.1379;1.1165;0.9548;0.9924;1.0818;1.0738;1.0854;2000.0;226500.0;391000.0;203500.0;136000.0;122000.0;2000.0;260000.0;445500.0;205000.0;144500.0;139000.0;1081000.0;1196000.0;2277000.0;821000.0;910500.0;1.0;1.1479;1.1394;1.0074;1.0625;1.1393;1.1064;1.109;1000.0;47000.0;174500.0;91000.0;41000.0;36500.0;1000.0;82500.0;238500.0;104500.0;50000.0;44000.0;391000.0;520500.0;911500.0;312500.0;425500.0;1.0;1.7553;1.3668;1.1484;1.2195;1.2055;1.3312;1.3616;500.0;121000.0;206000.0;104000.0;67500.0;58500.0;500.0;140500.0;232500.0;98000.0;69000.0;66500.0;557500.0;607000.0;1164500.0;431000.0;471000.0;1.0;1.1612;1.1286;0.9423;1.0222;1.1368;1.0888;1.0928;500.0;93500.0;148500.0;71500.0;46500.0;41000.0;500.0;109500.0;161500.0;66000.0;46500.0;45000.0;401500.0;429000.0;830500.0;313500.0;337000.0;1.0;1.1711;1.0875;0.9231;1.0;1.0976;1.0685;1.075;500.0;171000.0;288500.0;0.0;90500.0;74000.0;500.0;192500.0;309500.0;135000.0;93500.0;86000.0;624500.0;817000.0;1441500.0;0.0;637000.0;1.0;1.1257;1.0728;inf;1.0331;1.1622;1.3082;inf;1.0474;1.1723;1.1249;0.9413;1.0202;0.8426;0.9815;1.0898;1.0474;1.1641;1.0978;0.8973;0.9648;0.8467;0.9577;1.0643;1.0474;1.1865;1.154;0.9594;0.9703;0.8046;0.9874;1.1137;1.0474;1.197;1.1777;1.0123;1.0388;0.8473;1.0174;1.1379;1.0474;1.8303;1.4127;1.1539;1.1923;0.8965;1.2241;1.3971;;;;;;;;;;;;;;;;;;;;;;;;;0.0052;0.8783;0.964;0.5767;0.3829;0.185;0.0054;1.0296;1.0844;0.5429;0.3906;0.1559;0.5045;0.4951;0.4996;0.8095;0.8822;0.0052;0.8381;0.9561;0.554;0.3615;0.1682;0.0054;0.9757;1.0496;0.4971;0.3488;0.1424;0.4858;0.4652;0.4751;0.7878;0.8385;0.0052;0.7491;0.7819;0.4536;0.3139;0.1423;0.0054;0.8889;0.9023;0.4352;0.3046;0.1145;0.41;0.4048;0.4073;0.6616;0.7368;0.0208;1.3002;1.548;0.9278;0.6469;0.3157;0.0218;1.5563;1.8231;0.9392;0.672;0.2675;0.8073;0.8213;0.8146;1.2707;1.4459;0.0104;0.2698;0.6909;0.4149;0.195;0.0944;0.0109;0.4938;0.976;0.4787;0.2325;0.0847;0.292;0.3574;0.3261;0.4837;0.6757;;;;;;;;;;;;;;;;;;;;;;;;;;;;;;;;;;;;;;;;;;;;;;;;;;;
country;UZ;UZB;Uzbekistan;500.0;27000.0;33000.0;17000.0;5000.0;2000.0;500.0;25000.0;18500.0;7500.0;3000.0;2000.0;84500.0;56500.0;141000.0;77000.0;51000.0;1.0;0.9259;0.5606;0.4412;0.6;1.0;0.6686;0.6623;500.0;22500.0;29500.0;14000.0;4000.0;1500.0;500.0;18500.0;15000.0;6000.0;2500.0;1500.0;72000.0;44000.0;116000.0;66000.0;39500.0;1.0;0.8222;0.5085;0.4286;0.625;1.0;0.6111;0.5985;500.0;13000.0;16000.0;10500.0;3000.0;1500.0;500.0;13000.0;9000.0;4000.0;2000.0;1500.0;44500.0;30000.0;74500.0;39500.0;26000.0;1.0;1.0;0.5625;0.381;0.6667;1.0;0.6742;0.6582;2000.0;22500.0;27000.0;17000.0;5500.0;3000.0;2000.0;22000.0;17000.0;7000.0;3500.0;3000.0;77000.0;54500.0;131500.0;66500.0;46000.0;1.0;0.9778;0.6296;0.4118;0.6364;1.0;0.7078;0.6917;1000.0;5500.0;9000.0;4000.0;1000.0;1000.0;1000.0;8500.0;10000.0;3500.0;2000.0;1000.0;21500.0;26000.0;47500.0;18500.0;22000.0;1.0;1.5455;1.1111;0.875;2.0;1.0;1.2093;1.1892;500.0;17000.0;20500.0;11000.0;3000.0;1500.0;500.0;15000.0;12500.0;5000.0;2000.0;1500.0;53500.0;36500.0;90000.0;48500.0;32500.0;1.0;0.8824;0.6098;0.4545;0.6667;1.0;0.6822;0.6701;500.0;14000.0;19500.0;8000.0;2000.0;500.0;500.0;12500.0;11500.0;4000.0;500.0;500.0;44500.0;29500.0;74000.0;41500.0;28000.0;1.0;0.8929;0.5897;0.5;0.25;1.0;0.6629;0.6747;500.0;35000.0;42500.0;21500.0;5500.0;2500.0;500.0;37500.0;28500.0;11500.0;5000.0;2500.0;107500.0;85500.0;193000.0;99000.0;77500.0;1.0;1.0714;0.6706;0.5349;0.9091;1.0;0.7953;0.7828;1.0561;0.9722;0.5879;0.4577;0.6015;0.8256;0.6651;0.6922;1.0561;0.8633;0.5333;0.4446;0.6266;0.8256;0.6079;0.6255;1.0561;1.05;0.5899;0.3952;0.6684;0.8256;0.6706;0.6879;1.0561;1.0267;0.6603;0.4272;0.638;0.8256;0.7041;0.7229;1.0561;1.6227;1.1653;0.9077;2.005;0.8256;1.2029;1.2429;;;;;;;;;;;;;;;;;;;;;;;;;0.0004;0.015;0.0107;0.0067;0.0028;0.0009;0.0005;0.0146;0.0063;0.0031;0.0017;0.0008;0.0068;0.0045;0.0056;0.0104;0.0072;0.0004;0.0125;0.0096;0.0055;0.0022;0.0007;0.0005;0.0108;0.0051;0.0024;0.0014;0.0006;0.0058;0.0035;0.0046;0.0089;0.0056;0.0004;0.0072;0.0052;0.0041;0.0017;0.0007;0.0005;0.0076;0.0031;0.0016;0.0011;0.0006;0.0036;0.0024;0.003;0.0053;0.0037;0.0018;0.0125;0.0088;0.0067;0.0031;0.0014;0.0018;0.0128;0.0058;0.0028;0.002;0.0012;0.0062;0.0043;0.0052;0.0089;0.0065;0.0009;0.0031;0.0029;0.0016;0.0006;0.0005;0.0009;0.005;0.0034;0.0014;0.0011;0.0004;0.0017;0.0021;0.0019;0.0025;0.0031;;;;;;;;;;;;;;;;;;;;;;;;;;;;;;;;;;;;;;;;;;;;;;;;;;;
country;VC;VCT;St. Vincent & the Grenadines;500.0;500.0;500.0;500.0;500.0;500.0;500.0;500.0;1500.0;500.0;500.0;500.0;3000.0;4000.0;7000.0;1500.0;2500.0;1.0;1.0;3.0;1.0;1.0;1.0;1.3333;1.6667;500.0;500.0;500.0;500.0;500.0;500.0;500.0;500.0;500.0;500.0;500.0;500.0;3000.0;3000.0;6000.0;1500.0;1500.0;1.0;1.0;1.0;1.0;1.0;1.0;1.0;1.0;500.0;500.0;500.0;500.0;500.0;500.0;500.0;500.0;500.0;500.0;500.0;500.0;3000.0;3000.0;6000.0;1500.0;1500.0;1.0;1.0;1.0;1.0;1.0;1.0;1.0;1.0;2000.0;2000.0;2000.0;2000.0;2000.0;2000.0;2000.0;2000.0;2000.0;2000.0;2000.0;2000.0;12000.0;12000.0;24000.0;6000.0;6000.0;1.0;1.0;1.0;1.0;1.0;1.0;1.0;1.0;1000.0;1000.0;1000.0;1000.0;1000.0;1000.0;1000.0;1000.0;1000.0;1000.0;1000.0;1000.0;6000.0;6000.0;12000.0;3000.0;3000.0;1.0;1.0;1.0;1.0;1.0;1.0;1.0;1.0;500.0;500.0;500.0;500.0;500.0;500.0;500.0;500.0;500.0;500.0;500.0;500.0;3000.0;3000.0;6000.0;1500.0;1500.0;1.0;1.0;1.0;1.0;1.0;1.0;1.0;1.0;500.0;500.0;500.0;500.0;500.0;500.0;500.0;500.0;500.0;500.0;500.0;500.0;3000.0;3000.0;6000.0;1500.0;1500.0;1.0;1.0;1.0;1.0;1.0;1.0;1.0;1.0;500.0;500.0;500.0;500.0;500.0;500.0;500.0;500.0;2000.0;500.0;500.0;500.0;3000.0;4500.0;7500.0;1500.0;3000.0;1.0;1.0;4.0;1.0;1.0;1.0;1.5;2.0;1.0635;1.0942;3.1997;1.0038;1.0945;1.0041;1.3928;1.7515;1.0635;1.0942;1.0666;1.0038;1.0945;1.0041;1.0446;1.0509;1.0635;1.0942;1.0666;1.0038;1.0945;1.0041;1.0446;1.0509;1.0635;1.0942;1.0666;1.0038;1.0945;1.0041;1.0446;1.0509;1.0635;1.0942;1.0666;1.0038;1.0945;1.0041;1.0446;1.0509;;;;;;;;;;;;;;;;;;;;;;;;;0.1622;0.0928;0.068;0.073;0.0736;0.0418;0.1725;0.1015;0.2175;0.0733;0.0806;0.042;0.0724;0.1008;0.0863;0.0765;0.1341;0.1622;0.0928;0.068;0.073;0.0736;0.0418;0.1725;0.1015;0.0725;0.0733;0.0806;0.042;0.0724;0.0756;0.074;0.0765;0.0804;0.1622;0.0928;0.068;0.073;0.0736;0.0418;0.1725;0.1015;0.0725;0.0733;0.0806;0.042;0.0724;0.0756;0.074;0.0765;0.0804;0.6489;0.3712;0.2718;0.2919;0.2945;0.1672;0.6901;0.4062;0.2899;0.293;0.3223;0.1679;0.2896;0.3025;0.296;0.3062;0.3218;0.3245;0.1856;0.1359;0.146;0.1473;0.0836;0.3451;0.2031;0.145;0.1465;0.1612;0.0839;0.1448;0.1513;0.148;0.1531;0.1609;;;;;;;;;;;;;;;;;;;;;;;;;;;;;;;;;;;;;;;;;;;;;;;;;;;
country;VE;VEN;Venezuela (Bolivarian Republic of);500.0;159500.0;222000.0;139500.0;81000.0;56500.0;500.0;237500.0;348000.0;201500.0;122500.0;91500.0;659000.0;1001500.0;1660500.0;521000.0;787000.0;1.0;1.489;1.5676;1.4444;1.5123;1.6195;1.5197;1.5106;500.0;67500.0;87500.0;45000.0;25000.0;20500.0;500.0;69000.0;84000.0;37000.0;26000.0;26500.0;246000.0;243000.0;489000.0;200000.0;190000.0;1.0;1.0222;0.96;0.8222;1.04;1.2927;0.9878;0.95;500.0;48500.0;59500.0;30500.0;16000.0;11500.0;500.0;68000.0;89500.0;44000.0;26500.0;19500.0;166500.0;248000.0;414500.0;138500.0;201500.0;1.0;1.4021;1.5042;1.4426;1.6562;1.6957;1.4895;1.4549;2000.0;52500.0;65500.0;34500.0;28500.0;18000.0;2000.0;80000.0;96500.0;44500.0;36500.0;29000.0;201000.0;288500.0;489500.0;152500.0;221000.0;1.0;1.5238;1.4733;1.2899;1.2807;1.6111;1.4353;1.4492;1000.0;44500.0;61000.0;35500.0;17500.0;11500.0;1000.0;115500.0;177000.0;86500.0;41000.0;28000.0;171000.0;449000.0;620000.0;141000.0;379000.0;1.0;2.5955;2.9016;2.4366;2.3429;2.4348;2.6257;2.6879;500.0;58500.0;78500.0;39500.0;20500.0;16000.0;500.0;69500.0;86000.0;39500.0;20500.0;23000.0;213500.0;239000.0;452500.0;176500.0;195000.0;1.0;1.188;1.0955;1.0;1.0;1.4375;1.1194;1.1048;500.0;43500.0;61000.0;36000.0;21500.0;20500.0;500.0;55000.0;68500.0;36000.0;29500.0;28500.0;183000.0;218000.0;401000.0;140500.0;159500.0;1.0;1.2644;1.123;1.0;1.3721;1.3902;1.1913;1.1352;500.0;228000.0;312000.0;175000.0;103000.0;70500.0;500.0;355000.0;497500.0;265000.0;172500.0;124000.0;889000.0;1414500.0;2303500.0;715000.0;1117500.0;1.0;1.557;1.5946;1.5143;1.6748;1.7589;1.5911;1.5629;1.0543;1.6014;1.6038;1.3713;1.4105;1.3379;1.4501;1.5289;1.0543;1.0994;0.9822;0.7806;0.97;1.0679;0.9426;0.9615;1.0543;1.508;1.539;1.3696;1.5447;1.4008;1.4213;1.4726;1.0543;1.6388;1.5074;1.2246;1.1945;1.3309;1.3696;1.4668;1.0543;2.7915;2.9687;2.3133;2.1851;2.0114;2.5054;2.7205;;;;;;;;;;;;;;;;;;;;;;;;;0.0004;0.096;0.1215;0.0785;0.0505;0.0235;0.0005;0.1537;0.1949;0.1076;0.0712;0.0314;0.0633;0.0918;0.0778;0.0989;0.1513;0.0004;0.0406;0.0479;0.0253;0.0156;0.0085;0.0005;0.0447;0.047;0.0198;0.0151;0.0091;0.0236;0.0223;0.0229;0.038;0.0365;0.0004;0.0292;0.0326;0.0172;0.01;0.0048;0.0005;0.044;0.0501;0.0235;0.0154;0.0067;0.016;0.0227;0.0194;0.0263;0.0387;0.0018;0.0316;0.0358;0.0194;0.0178;0.0075;0.0019;0.0518;0.054;0.0238;0.0212;0.01;0.0193;0.0264;0.0229;0.029;0.0425;0.0009;0.0268;0.0334;0.02;0.0109;0.0048;0.0009;0.0748;0.0991;0.0462;0.0238;0.0096;0.0164;0.0411;0.0291;0.0268;0.0728;;;;;;;;;;;;;;;;;;;;;;;;;;;;;;;;;;;;;;;;;;;;;;;;;;;
country;VG;VGB;Virgin Islands (British);500.0;500.0;500.0;500.0;500.0;500.0;500.0;1500.0;2000.0;500.0;500.0;500.0;3000.0;5500.0;8500.0;1500.0;4000.0;1.0;3.0;4.0;1.0;1.0;1.0;1.8333;2.6667;500.0;500.0;500.0;500.0;500.0;500.0;500.0;1500.0;1500.0;500.0;500.0;500.0;3000.0;5000.0;8000.0;1500.0;3500.0;1.0;3.0;3.0;1.0;1.0;1.0;1.6667;2.3333;500.0;500.0;500.0;500.0;500.0;500.0;500.0;1500.0;1500.0;500.0;500.0;500.0;3000.0;5000.0;8000.0;1500.0;3500.0;1.0;3.0;3.0;1.0;1.0;1.0;1.6667;2.3333;2000.0;2000.0;2000.0;2000.0;2000.0;2000.0;2000.0;3000.0;3000.0;2000.0;2000.0;2000.0;12000.0;14000.0;26000.0;6000.0;8000.0;1.0;1.5;1.5;1.0;1.0;1.0;1.1667;1.3333;1000.0;1000.0;1000.0;1000.0;1000.0;1000.0;1000.0;1000.0;1000.0;1000.0;1000.0;1000.0;6000.0;6000.0;12000.0;3000.0;3000.0;1.0;1.0;1.0;1.0;1.0;1.0;1.0;1.0;500.0;500.0;500.0;500.0;500.0;500.0;500.0;1500.0;1500.0;500.0;500.0;500.0;3000.0;5000.0;8000.0;1500.0;3500.0;1.0;3.0;3.0;1.0;1.0;1.0;1.6667;2.3333;500.0;500.0;500.0;500.0;500.0;500.0;500.0;500.0;500.0;500.0;500.0;500.0;3000.0;3000.0;6000.0;1500.0;1500.0;1.0;1.0;1.0;1.0;1.0;1.0;1.0;1.0;500.0;500.0;1500.0;500.0;500.0;500.0;500.0;2000.0;2500.0;500.0;500.0;500.0;4000.0;6500.0;10500.0;2500.0;5000.0;1.0;4.0;1.6667;1.0;1.0;1.0;1.625;2.0;1.0406;2.7881;3.3009;0.823;0.8714;0.8821;1.5938;2.2496;1.0406;2.7881;2.4757;0.823;0.8714;0.8821;1.4489;1.9684;1.0406;2.7881;2.4757;0.823;0.8714;0.8821;1.4489;1.9684;1.0406;1.3941;1.2378;0.823;0.8714;0.8821;1.0143;1.1248;1.0406;0.9294;0.8252;0.823;0.8714;0.8821;0.8693;0.8436;;;;;;;;;;;;;;;;;;;;;;;;;0.4638;0.3141;0.1838;0.1448;0.1724;0.135;0.4826;0.8757;0.6068;0.1191;0.1502;0.1191;0.1942;0.3095;0.2559;0.1931;0.4345;0.4638;0.3141;0.1838;0.1448;0.1724;0.135;0.4826;0.8757;0.4551;0.1191;0.1502;0.1191;0.1942;0.2814;0.2409;0.1931;0.3802;0.4638;0.3141;0.1838;0.1448;0.1724;0.135;0.4826;0.8757;0.4551;0.1191;0.1502;0.1191;0.1942;0.2814;0.2409;0.1931;0.3802;1.8553;1.2563;0.7353;0.579;0.6897;0.5401;1.9305;1.7513;0.9102;0.4765;0.601;0.4764;0.7768;0.7879;0.7828;0.7726;0.869;0.9276;0.6281;0.3676;0.2895;0.3448;0.2701;0.9653;0.5838;0.3034;0.2383;0.3005;0.2382;0.3884;0.3377;0.3613;0.3863;0.3259;;;;;;;;;;;;;;;;;;;;;;;;;;;;;;;;;;;;;;;;;;;;;;;;;;;
country;VI;VIR;United States Virgin Islands;500.0;500.0;2000.0;1500.0;500.0;500.0;500.0;1500.0;2500.0;2000.0;500.0;500.0;5500.0;7500.0;13000.0;4000.0;6000.0;1.0;3.0;1.25;1.3333;1.0;1.0;1.3636;1.5;500.0;500.0;1500.0;1500.0;500.0;500.0;500.0;1500.0;2000.0;1500.0;500.0;500.0;5000.0;6500.0;11500.0;3500.0;5000.0;1.0;3.0;1.3333;1.0;1.0;1.0;1.3;1.4286;500.0;500.0;1500.0;500.0;500.0;500.0;500.0;1500.0;1500.0;1500.0;500.0;500.0;4000.0;6000.0;10000.0;2500.0;4500.0;1.0;3.0;1.0;3.0;1.0;1.0;1.5;1.8;2000.0;2000.0;4000.0;3000.0;2000.0;2000.0;2000.0;4000.0;4500.0;4500.0;2000.0;2000.0;15000.0;19000.0;34000.0;9000.0;13000.0;1.0;2.0;1.125;1.5;1.0;1.0;1.2667;1.4444;1000.0;1000.0;1000.0;1000.0;1000.0;1000.0;1000.0;2000.0;2000.0;2000.0;1000.0;1000.0;6000.0;9000.0;15000.0;3000.0;6000.0;1.0;2.0;2.0;2.0;1.0;1.0;1.5;2.0;500.0;500.0;1500.0;1500.0;500.0;500.0;500.0;1500.0;2000.0;1500.0;500.0;500.0;5000.0;6500.0;11500.0;3500.0;5000.0;1.0;3.0;1.3333;1.0;1.0;1.0;1.3;1.4286;500.0;500.0;1500.0;500.0;500.0;500.0;500.0;1500.0;1500.0;1500.0;500.0;500.0;4000.0;6000.0;10000.0;2500.0;4500.0;1.0;3.0;1.0;3.0;1.0;1.0;1.5;1.8;500.0;500.0;1500.0;1500.0;500.0;500.0;500.0;1500.0;2500.0;2000.0;500.0;500.0;5000.0;7500.0;12500.0;3500.0;6000.0;1.0;3.0;1.6667;1.3333;1.0;1.0;1.5;1.7143;1.0044;3.0659;1.1481;1.2433;0.9498;0.8174;1.2157;1.4244;1.0044;3.0659;1.2246;0.9325;0.9498;0.8174;1.159;1.3566;1.0044;3.0659;0.9184;2.7975;0.9498;0.8174;1.3373;1.7092;1.0044;2.0439;1.0332;1.3987;0.9498;0.8174;1.1293;1.3716;1.0044;2.0439;1.8369;1.865;0.9498;0.8174;1.3373;1.8992;;;;;;;;;;;;;;;;;;;;;;;;;0.242;0.1537;0.4738;0.3155;0.0908;0.0344;0.2431;0.4711;0.544;0.3923;0.0862;0.0281;0.1601;0.1946;0.1783;0.3271;0.4659;0.242;0.1537;0.3554;0.3155;0.0908;0.0344;0.2431;0.4711;0.4352;0.2942;0.0862;0.0281;0.1455;0.1686;0.1577;0.2862;0.3883;0.242;0.1537;0.3554;0.1052;0.0908;0.0344;0.2431;0.4711;0.3264;0.2942;0.0862;0.0281;0.1164;0.1557;0.1372;0.2044;0.3494;0.9681;0.6146;0.9476;0.631;0.363;0.1374;0.9723;1.2563;0.9791;0.8827;0.3448;0.1123;0.4366;0.493;0.4664;0.736;1.0095;0.484;0.3073;0.2369;0.2103;0.1815;0.0687;0.4861;0.6281;0.4352;0.3923;0.1724;0.0562;0.1746;0.2335;0.2058;0.2453;0.4659;;;;;;;;;;;;;;;;;;;;;;;;;;;;;;;;;;;;;;;;;;;;;;;;;;;
country;VN;VNM;Vietnam;500.0;7860500.0;13393500.0;6268000.0;2308500.0;1547500.0;500.0;7345000.0;11272000.0;4657000.0;1857500.0;1384000.0;31378500.0;26516000.0;57894500.0;27522000.0;23274000.0;1.0;0.9344;0.8416;0.743;0.8046;0.8943;0.845;0.8457;500.0;6229500.0;10242000.0;4240500.0;1411000.0;867000.0;500.0;5191000.0;7170500.0;2311000.0;878500.0;631500.0;22990500.0;16183000.0;39173500.0;20712000.0;14672500.0;1.0;0.8333;0.7001;0.545;0.6226;0.7284;0.7039;0.7084;500.0;6041500.0;8250000.0;3384500.0;1233000.0;683500.0;500.0;5475500.0;6741500.0;2317000.0;880500.0;556500.0;19593000.0;15971500.0;35564500.0;17676000.0;14534000.0;1.0;0.9063;0.8172;0.6846;0.7141;0.8142;0.8152;0.8222;2000.0;5301000.0;8203500.0;3908000.0;1395000.0;971000.0;2000.0;4211000.0;6447000.0;2238000.0;920000.0;791000.0;19780500.0;14609000.0;34389500.0;17412500.0;12896000.0;1.0;0.7944;0.7859;0.5727;0.6595;0.8146;0.7386;0.7406;1000.0;6971000.0;12836000.0;6021000.0;1923000.0;1243000.0;1000.0;7363000.0;13026500.0;5300000.0;1730500.0;1211000.0;28995000.0;28632000.0;57627000.0;25828000.0;25689500.0;1.0;1.0562;1.0148;0.8803;0.8999;0.9743;0.9875;0.9946;500.0;5505500.0;8839500.0;3628000.0;1386000.0;966000.0;500.0;5335500.0;7211500.0;2535000.0;1065000.0;863500.0;20325500.0;17011000.0;37336500.0;17973000.0;15082000.0;1.0;0.9691;0.8158;0.6987;0.7684;0.8939;0.8369;0.8391;500.0;5271500.0;8654000.0;4043000.0;1505000.0;926000.0;500.0;4540500.0;6001000.0;2353500.0;1011500.0;727000.0;20400000.0;14634000.0;35034000.0;17968500.0;12895000.0;1.0;0.8613;0.6934;0.5821;0.6721;0.7851;0.7174;0.7176;500.0;8829500.0;15187000.0;6968500.0;2506000.0;1712500.0;500.0;8282000.0;13288000.0;5498000.0;2116000.0;1599500.0;35204000.0;30784000.0;65988000.0;30985000.0;27068000.0;1.0;0.938;0.875;0.789;0.8444;0.934;0.8744;0.8736;1.0228;0.9454;0.8468;0.7396;0.7742;0.6733;0.7878;0.8484;1.0228;0.8431;0.7044;0.5425;0.5991;0.5484;0.6563;0.7107;1.0228;0.9169;0.8222;0.6815;0.6872;0.613;0.76;0.8248;1.0228;0.8037;0.7907;0.5701;0.6346;0.6133;0.6886;0.743;1.0228;1.0686;1.021;0.8763;0.866;0.7335;0.9207;0.9978;;;;;;;;;;;;;;;;;;;;;;;;;0.0002;1.7319;1.6623;0.7972;0.3765;0.1941;0.0002;1.6373;1.4076;0.5896;0.2915;0.1307;0.8362;0.6588;0.7444;1.3453;1.1413;0.0002;1.3726;1.2712;0.5393;0.2301;0.1088;0.0002;1.1571;0.8954;0.2926;0.1379;0.0596;0.6127;0.4021;0.5037;1.0124;0.7195;0.0002;1.3311;1.024;0.4304;0.2011;0.0857;0.0002;1.2206;0.8419;0.2933;0.1382;0.0526;0.5221;0.3968;0.4573;0.864;0.7127;0.0007;1.168;1.0182;0.497;0.2275;0.1218;0.0007;0.9387;0.8051;0.2833;0.1444;0.0747;0.5271;0.363;0.4422;0.8511;0.6324;0.0003;1.5359;1.5932;0.7657;0.3136;0.1559;0.0003;1.6413;1.6267;0.671;0.2716;0.1144;0.7727;0.7113;0.7409;1.2625;1.2597;;;;;;;;;;;;;;;;;;;;;;;;;;;;;;;;;;;;;;;;;;;;;;;;;;;
country;YE;YEM;Yemen;500.0;136000.0;205000.0;65000.0;22000.0;20500.0;500.0;53000.0;70500.0;24000.0;7000.0;7000.0;449000.0;162000.0;611000.0;406000.0;147500.0;1.0;0.3897;0.3439;0.3692;0.3182;0.3415;0.3608;0.3633;500.0;72000.0;133000.0;47000.0;15000.0;12000.0;500.0;28500.0;53500.0;20500.0;6000.0;5000.0;279500.0;114000.0;393500.0;252000.0;102500.0;1.0;0.3958;0.4023;0.4362;0.4;0.4167;0.4079;0.4067;500.0;37500.0;70500.0;25000.0;7000.0;6000.0;500.0;13500.0;24000.0;7500.0;2000.0;1500.0;146500.0;49000.0;195500.0;133000.0;45000.0;1.0;0.36;0.3404;0.3;0.2857;0.25;0.3345;0.3383;2000.0;55000.0;105500.0;42000.0;17500.0;13500.0;2000.0;20000.0;35500.0;13500.0;6500.0;5500.0;235500.0;83000.0;318500.0;202500.0;69000.0;1.0;0.3636;0.3365;0.3214;0.3714;0.4074;0.3524;0.3407;1000.0;26500.0;68000.0;23000.0;5500.0;4500.0;1000.0;21000.0;51000.0;18000.0;3000.0;2000.0;128500.0;96000.0;224500.0;117500.0;90000.0;1.0;0.7925;0.75;0.7826;0.5455;0.4444;0.7471;0.766;500.0;97000.0;159500.0;54000.0;16000.0;14000.0;500.0;29500.0;48500.0;17000.0;4000.0;4000.0;341000.0;103500.0;444500.0;310500.0;95000.0;1.0;0.3041;0.3041;0.3148;0.25;0.2857;0.3035;0.306;500.0;29500.0;65000.0;24500.0;7000.0;6500.0;500.0;8000.0;22000.0;9500.0;2000.0;1500.0;133000.0;43500.0;176500.0;119000.0;39500.0;1.0;0.2712;0.3385;0.3878;0.2857;0.2308;0.3271;0.3319;500.0;164000.0;275000.0;90500.0;25000.0;21000.0;500.0;76500.0;137000.0;48500.0;11500.0;9000.0;576000.0;283000.0;859000.0;529500.0;262000.0;1.0;0.4665;0.4982;0.5359;0.46;0.4286;0.4913;0.4948;1.046;0.4048;0.3514;0.3789;0.3205;0.294;0.3648;0.3737;1.046;0.4111;0.4111;0.4477;0.4029;0.3588;0.4124;0.4183;1.046;0.3739;0.3478;0.3079;0.2878;0.2153;0.3382;0.348;1.046;0.3776;0.3439;0.3299;0.3741;0.3508;0.3563;0.3504;1.046;0.8231;0.7664;0.8032;0.5495;0.3826;0.7553;0.7879;;;;;;;;;;;;;;;;;;;;;;;;;0.0003;0.0526;0.0659;0.0299;0.0179;0.0191;0.0003;0.0213;0.0232;0.0113;0.0057;0.0056;0.0378;0.0138;0.0258;0.0516;0.0193;0.0003;0.0278;0.0427;0.0217;0.0122;0.0112;0.0003;0.0114;0.0176;0.0097;0.0049;0.004;0.0235;0.0097;0.0166;0.032;0.0134;0.0003;0.0145;0.0227;0.0115;0.0057;0.0056;0.0003;0.0054;0.0079;0.0035;0.0016;0.0012;0.0123;0.0042;0.0083;0.0169;0.0059;0.0012;0.0213;0.0339;0.0193;0.0142;0.0125;0.0012;0.008;0.0117;0.0064;0.0053;0.0044;0.0198;0.0071;0.0135;0.0257;0.009;0.0006;0.0102;0.0219;0.0106;0.0045;0.0042;0.0006;0.0084;0.0167;0.0085;0.0025;0.0016;0.0108;0.0082;0.0095;0.0149;0.0118;;;;;;;;;;;;;;;;;;;;;;;;;;;;;;;;;;;;;;;;;;;;;;;;;;;
country;ZA;ZAF;South Africa;500.0;2654000.0;3957000.0;2157500.0;802000.0;426000.0;500.0;2669500.0;3523000.0;1917500.0;817500.0;542000.0;9997000.0;9470000.0;19467000.0;8768500.0;8110000.0;1.0;1.0058;0.8903;0.8888;1.0193;1.2723;0.9473;0.9249;500.0;2618500.0;4400000.0;2457000.0;920000.0;503500.0;500.0;2651500.0;3913000.0;2268000.0;968500.0;659500.0;10899500.0;10461000.0;21360500.0;9475500.0;8832500.0;1.0;1.0126;0.8893;0.9231;1.0527;1.3098;0.9598;0.9321;500.0;1820500.0;2766500.0;1446000.0;531500.0;259000.0;500.0;2017500.0;2663000.0;1358500.0;559500.0;328000.0;6824000.0;6927000.0;13751000.0;6033000.0;6039000.0;1.0;1.1082;0.9626;0.9395;1.0527;1.2664;1.0151;1.001;2000.0;3529500.0;4990000.0;2845000.0;1182000.0;632500.0;2000.0;4157000.0;5089500.0;2662000.0;1216000.0;812500.0;13181000.0;13939000.0;27120000.0;11364500.0;11908500.0;1.0;1.1778;1.0199;0.9357;1.0288;1.2846;1.0575;1.0479;1000.0;1319500.0;1965000.0;1126500.0;414500.0;187500.0;1000.0;2287500.0;3147500.0;1640000.0;604000.0;260500.0;5014000.0;7940500.0;12954500.0;4411000.0;7075000.0;1.0;1.7336;1.6018;1.4558;1.4572;1.3893;1.5837;1.6039;500.0;2004000.0;3134000.0;1757000.0;678000.0;357500.0;500.0;2177500.0;2898500.0;1562000.0;690500.0;452500.0;7931000.0;7781500.0;15712500.0;6895000.0;6638000.0;1.0;1.0866;0.9249;0.889;1.0184;1.2657;0.9811;0.9627;500.0;2111500.0;3132000.0;1713500.0;640500.0;183500.0;500.0;2272000.0;2969500.0;1551000.0;665000.0;226000.0;7781500.0;7684000.0;15465500.0;6957000.0;6792500.0;1.0;1.076;0.9481;0.9052;1.0383;1.2316;0.9875;0.9764;500.0;2763500.0;4303000.0;2298500.0;838000.0;444000.0;500.0;2779500.0;3868500.0;2102000.0;877000.0;580500.0;10647500.0;10208000.0;20855500.0;9365000.0;8750000.0;1.0;1.0058;0.899;0.9145;1.0465;1.3074;0.9587;0.9343;1.0094;1.0267;0.8746;0.8828;0.9333;0.9027;0.8782;0.9209;1.0094;1.0337;0.8736;0.9169;0.9639;0.9293;0.8898;0.9281;1.0094;1.1313;0.9456;0.9332;0.9639;0.8985;0.941;0.9967;1.0094;1.2023;1.0019;0.9294;0.942;0.9114;0.9803;1.0434;1.0094;1.7697;1.5735;1.446;1.3343;0.9857;1.4682;1.597;;;;;;;;;;;;;;;;;;;;;;;;;0.0002;0.7334;0.704;0.4476;0.2679;0.1179;0.0002;0.7531;0.6157;0.3951;0.2501;0.1064;0.4381;0.3848;0.4104;0.6236;0.5744;0.0002;0.7236;0.7828;0.5097;0.3074;0.1394;0.0002;0.748;0.6839;0.4673;0.2963;0.1295;0.4777;0.425;0.4504;0.6739;0.6255;0.0002;0.5031;0.4922;0.3;0.1776;0.0717;0.0002;0.5691;0.4654;0.2799;0.1712;0.0644;0.2991;0.2814;0.2899;0.4291;0.4277;0.0009;0.9754;0.8877;0.5902;0.3949;0.1751;0.0009;1.1727;0.8895;0.5485;0.372;0.1596;0.5777;0.5663;0.5718;0.8083;0.8434;0.0005;0.3646;0.3496;0.2337;0.1385;0.0519;0.0005;0.6453;0.5501;0.3379;0.1848;0.0512;0.2197;0.3226;0.2731;0.3137;0.5011;;;;;;;;;;;;;;;;;;;;;;;;;;;;;;;;;;;;;;;;;;;;;;;;;;;
