,country_code,region_id,region_level,region_name,support_below_18
0,US,4688275,DISTRICT,Edinburg,True
1,US,4835797,DISTRICT,Hartford,True
2,US,5392171,DISTRICT,San Jose,True
3,US,5388881,DISTRICT,Roseville,True
4,GB,2643123,DISTRICT,Manchester,True
5,FR,6456799,DISTRICT,Les Andelys,True
6,US,5405878,DISTRICT,Ventura,True
7,US,4679195,DISTRICT,Carrollton,True
8,US,4149962,DISTRICT,Cape Coral,True
9,US,5487811,DISTRICT,Rio Rancho,True
10,US,4315588,DISTRICT,Baton Rouge,True
11,US,5509403,DISTRICT,North Las Vegas,True
12,IT,2523920,DISTRICT,Palermo,True
13,US,4257227,DISTRICT,Evansville,True
14,US,4710826,DISTRICT,Mesquite,True
15,US,4705349,DISTRICT,Laredo,True
16,US,4250542,DISTRICT,Springfield,True
17,US,4644312,DISTRICT,Murfreesboro,True
18,US,4741752,DISTRICT,Wichita Falls,True
19,US,5406222,DISTRICT,Victorville,True
20,GB,2655237,DISTRICT,Bolton,True
21,US,5577147,DISTRICT,Fort Collins,True
22,US,5350937,DISTRICT,Fresno,True
23,ES,3121424,DISTRICT,Gijón,True
24,FR,3014856,DISTRICT,Grasse,True
25,US,5391710,DISTRICT,San Bernardino,True
26,US,4156404,DISTRICT,Gainesville,True
27,US,4509884,DISTRICT,Dayton,True
28,FR,2973783,DISTRICT,Strasbourg,True
29,US,4942807,DISTRICT,Lynn,True
30,ES,2510911,DISTRICT,Sevilla,True
31,US,116003053,DISTRICT,Louisville,True
32,US,5809844,DISTRICT,Seattle,True
33,US,5140405,DISTRICT,Syracuse,True
34,US,5074472,DISTRICT,Omaha,True
35,US,4119403,DISTRICT,Little Rock,True
36,FR,2984114,DISTRICT,Reims,True
37,US,4719457,DISTRICT,Plano,True
38,FR,2990440,DISTRICT,Nice,True
39,US,116012082,DISTRICT,Indianapolis,True
40,US,4948247,DISTRICT,Quincy,True
41,US,4670300,DISTRICT,Allen,True
42,US,5318313,DISTRICT,Tucson,True
43,US,4951788,DISTRICT,Springfield,True
44,US,5640350,DISTRICT,Billings,True
45,US,4672989,DISTRICT,Beaumont,True
46,US,5282804,DISTRICT,Bridgeport,True
47,US,116009592,DISTRICT,Athens,True
48,US,4936159,DISTRICT,Fall River,True
49,US,4407066,DISTRICT,Saint Louis,True
50,US,5308655,DISTRICT,Phoenix,True
51,US,4391812,DISTRICT,Independence,True
52,US,4685907,DISTRICT,Denton,True
53,ES,3104324,DISTRICT,Zaragoza,True
54,US,4781708,DISTRICT,Richmond,True
55,US,4394870,DISTRICT,Lees Summit,True
56,US,4998830,DISTRICT,Lansing,True
57,US,5780026,DISTRICT,Provo,True
58,US,4076598,DISTRICT,Mobile,True
59,FR,2980291,DISTRICT,Saint-Etienne,True
60,US,4845193,DISTRICT,Waterbury,True
61,FR,2990969,DISTRICT,Nantes,True
62,ES,2520058,DISTRICT,Cartagena,True
63,US,5574991,DISTRICT,Boulder,True
64,US,5059163,DISTRICT,Fargo,True
65,US,4335053,DISTRICT,New Orleans,True
66,US,5367929,DISTRICT,Long Beach,True
67,FR,2995469,DISTRICT,Marseille,True
68,US,5145215,DISTRICT,Yonkers,True
69,US,4167499,DISTRICT,Palm Bay,True
70,US,116026549,DISTRICT,North Charleston,True
71,US,4612862,DISTRICT,Chattanooga,True
72,US,5454711,DISTRICT,Albuquerque,True
73,US,4776222,DISTRICT,Norfolk,True
74,US,5406567,DISTRICT,Visalia,True
75,US,4174715,DISTRICT,Tallahassee,True
76,US,5295903,DISTRICT,Gilbert,True
77,US,4177887,DISTRICT,West Palm Beach,True
78,US,5794245,DISTRICT,Federal Way,True
79,US,4466033,DISTRICT,Fayetteville,True
80,US,4920423,DISTRICT,Fort Wayne,True
81,US,5097529,DISTRICT,Edison,True
82,FR,2998324,DISTRICT,Lille,True
83,FR,3017798,DISTRICT,Forcalquier,True
84,US,4166673,DISTRICT,Ocala,True
85,US,5339631,DISTRICT,Corona,True
86,FR,3003796,DISTRICT,Le Havre,True
87,ES,2509954,DISTRICT,Valencia,True
88,US,5331835,DISTRICT,Burbank,True
89,US,5511077,DISTRICT,Reno,True
90,US,5405228,DISTRICT,Vacaville,True
91,US,5110629,DISTRICT,Buffalo,True
92,US,5323810,DISTRICT,Anaheim,True
93,US,5725846,DISTRICT,Eugene,True
94,US,4726206,DISTRICT,San Antonio,True
95,US,5399020,DISTRICT,Stockton,True
96,US,5037649,DISTRICT,Minneapolis,True
97,IT,3165524,DISTRICT,Turin,True
98,US,5374732,DISTRICT,Moreno Valley,True
99,US,5811696,DISTRICT,Spokane,True
100,FR,2982652,DISTRICT,Rouen,True
101,US,5339840,DISTRICT,Costa Mesa,True
102,US,5808189,DISTRICT,Renton,True
103,US,5231851,DISTRICT,Sioux Falls,True
104,FR,3021372,DISTRICT,Dijon,True
105,US,4347778,DISTRICT,Baltimore,True
106,FR,3030300,DISTRICT,Brest,True
107,US,4703223,DISTRICT,Killeen,True
108,US,4691930,DISTRICT,Fort Worth,True
109,US,5746545,DISTRICT,Portland,True
110,US,4734825,DISTRICT,Sugar Land,True
111,US,5601933,DISTRICT,Nampa,True
112,US,5393180,DISTRICT,Santa Maria,True
113,US,5387428,DISTRICT,Richmond,True
114,GB,2652221,DISTRICT,Coventry,True
115,GB,2644688,DISTRICT,Leeds,True
116,US,5527554,DISTRICT,Odessa,True
117,US,5417598,DISTRICT,Colorado Springs,True
118,US,5405380,DISTRICT,Vallejo,True
119,US,5814616,DISTRICT,Vancouver,True
120,US,5352423,DISTRICT,Glendale,True
121,US,4718097,DISTRICT,Pearland,True
122,FR,3037854,DISTRICT,Amiens,True
123,US,5393287,DISTRICT,Santa Rosa,True
124,US,4700168,DISTRICT,Irving,True
125,US,4076784,DISTRICT,Montgomery,True
126,US,5316428,DISTRICT,Surprise,True
127,US,4469146,DISTRICT,Greensboro,True
128,US,5263045,DISTRICT,Milwaukee,True
129,US,5308480,DISTRICT,Peoria,True
130,US,4613868,DISTRICT,Clarksville,True
131,US,5391811,DISTRICT,San Diego,True
132,US,5261457,DISTRICT,Madison,True
133,ES,2521978,DISTRICT,Alicante,True
134,US,5379439,DISTRICT,Ontario,True
135,US,4409896,DISTRICT,Springfield,True
136,US,116009056,DISTRICT,Honolulu,True
137,US,5786882,DISTRICT,Bellevue,True
138,US,5379513,DISTRICT,Orange,True
139,US,4553433,DISTRICT,Tulsa,True
140,US,4956184,DISTRICT,Worcester,True
141,US,5393049,DISTRICT,Santa Clarita,True
142,US,5011148,DISTRICT,Sterling Heights,True
143,FR,3033123,DISTRICT,Besançon,True
144,US,4381982,DISTRICT,Columbia,True
145,IT,3173435,DISTRICT,Milan,True
146,US,5317058,DISTRICT,Tempe,True
147,US,5375911,DISTRICT,Murrieta,True
148,US,5516233,DISTRICT,Amarillo,True
149,US,116009697,DISTRICT,Augusta,True
150,GB,2641673,DISTRICT,Newcastle upon Tyne,True
151,US,5475352,DISTRICT,Las Cruces,True
152,US,5355933,DISTRICT,Hayward,True
153,US,4699066,DISTRICT,Houston,True
154,FR,2989317,DISTRICT,Orléans,True
155,US,5600685,DISTRICT,Meridian,True
156,US,5750162,DISTRICT,Salem,True
157,US,5304391,DISTRICT,Mesa,True
158,FR,2972191,DISTRICT,Tours,True
159,US,5396003,DISTRICT,Simi Valley,True
160,US,4280539,DISTRICT,Topeka,True
161,US,5347335,DISTRICT,Fairfield,True
162,US,4499612,DISTRICT,Winston Salem,True
163,US,116001239,DISTRICT,Aurora,True
164,US,116016932,DISTRICT,Nashville,True
165,ES,3128760,DISTRICT,Barcelona,True
166,US,5339111,DISTRICT,Concord,True
167,US,4994358,DISTRICT,Grand Rapids,True
168,US,4341513,DISTRICT,Shreveport,True
169,US,4167147,DISTRICT,Orlando,True
170,US,4669635,DISTRICT,Abilene,True
171,US,5345743,DISTRICT,El Monte,True
172,US,5577592,DISTRICT,Greeley,True
173,US,4161438,DISTRICT,Lakeland,True
174,US,4393217,DISTRICT,Kansas City,True
175,US,4907959,DISTRICT,Rockford,True
176,US,4843564,DISTRICT,Stamford,True
177,US,5097598,DISTRICT,Elizabeth,True
178,US,5336269,DISTRICT,Chico,True
179,US,5350734,DISTRICT,Fremont,True
180,US,5327684,DISTRICT,Berkeley,True
181,US,4068590,DISTRICT,Huntsville,True
182,US,5392423,DISTRICT,San Mateo,True
183,FR,3006787,DISTRICT,La Rochelle,True
184,US,4155966,DISTRICT,Fort Lauderdale,True
185,ES,2516326,DISTRICT,Jerez de la Frontera,True
186,US,4487042,DISTRICT,Raleigh,True
187,US,4705692,DISTRICT,League City,True
188,US,5505411,DISTRICT,Henderson,True
189,US,5391295,DISTRICT,Salinas,True
190,US,5402405,DISTRICT,Thousand Oaks,True
191,US,4459467,DISTRICT,Cary,True
192,FR,2992166,DISTRICT,Montpellier,True
193,ES,3119841,DISTRICT,A Coruña,True
194,ES,2518559,DISTRICT,Elche,True
195,US,5403022,DISTRICT,Torrance,True
196,US,5325738,DISTRICT,Bakersfield,True
197,US,5043473,DISTRICT,Rochester,True
198,US,5400075,DISTRICT,Sunnyvale,True
199,US,4717782,DISTRICT,Pasadena,True
200,FR,2983990,DISTRICT,Rennes,True
201,US,4839366,DISTRICT,New Haven,True
202,US,5336899,DISTRICT,Chula Vista,True
203,FR,2969392,DISTRICT,Vichy,True
204,US,5045360,DISTRICT,Saint Paul,True
205,US,5224151,DISTRICT,Providence,True
206,US,5435464,DISTRICT,Pueblo,True
207,FR,3034006,DISTRICT,Beauvais,True
208,US,4531405,DISTRICT,Broken Arrow,True
209,US,4887398,DISTRICT,Chicago,True
210,US,4890864,DISTRICT,Elgin,True
211,US,4693003,DISTRICT,Garland,True
212,US,5799625,DISTRICT,Kent,True
213,US,5793933,DISTRICT,Everett,True
214,US,4782167,DISTRICT,Roanoke,True
215,US,5506956,DISTRICT,Las Vegas,True
216,US,5351247,DISTRICT,Fullerton,True
217,US,5380184,DISTRICT,Oxnard,True
218,US,4297983,DISTRICT,Lexington,True
219,US,4739526,DISTRICT,Waco,True
220,US,4499379,DISTRICT,Wilmington,True
221,US,4560349,DISTRICT,Philadelphia,True
222,US,4464368,DISTRICT,Durham,True
223,US,4683416,DISTRICT,Corpus Christi,True
224,US,5412199,DISTRICT,Arvada,True
225,US,4543762,DISTRICT,Norman,True
226,US,4158476,DISTRICT,Hialeah,True
227,US,5358705,DISTRICT,Huntington Beach,True
228,US,5150529,DISTRICT,Cleveland,True
229,US,4634946,DISTRICT,Knoxville,True
230,US,5731371,DISTRICT,Hillsboro,True
231,ES,2512989,DISTRICT,Palma,True
232,US,4169171,DISTRICT,Port Saint Lucie,True
233,US,4180439,DISTRICT,Atlanta,True
234,US,4509177,DISTRICT,Columbus,True
235,US,4330145,DISTRICT,Lafayette,True
236,US,4722625,DISTRICT,Richardson,True
237,US,4853828,DISTRICT,Des Moines,True
238,US,5206379,DISTRICT,Pittsburgh,True
239,US,5338122,DISTRICT,Clovis,True
240,US,4926563,DISTRICT,South Bend,True
241,US,4049979,DISTRICT,Birmingham,True
242,US,4738214,DISTRICT,Tyler,True
243,GB,3333161,DISTRICT,Kirklees,True
244,US,4508722,DISTRICT,Cincinnati,True
245,US,5100280,DISTRICT,Lakewood,True
246,GB,3333167,DISTRICT,Liverpool,True
247,US,4710178,DISTRICT,McKinney,True
248,US,4694482,DISTRICT,Grand Prairie,True
249,FR,2996944,DISTRICT,Lyon,True
250,FR,3037656,DISTRICT,Angers,True
251,US,5099836,DISTRICT,Jersey City,True
252,US,4281730,DISTRICT,Wichita,True
253,US,5349755,DISTRICT,Fontana,True
254,FR,3014728,DISTRICT,Grenoble,True
255,US,5346827,DISTRICT,Escondido,True
256,ES,2519240,DISTRICT,Córdoba,True
257,GB,2641181,DISTRICT,Norwich,True
258,US,5520993,DISTRICT,El Paso,True
259,US,4990510,DISTRICT,Dearborn,True
260,US,5385955,DISTRICT,Rancho Cucamonga,True
261,ES,3108286,DISTRICT,Terrassa,True
262,US,5401395,DISTRICT,Temecula,True
263,US,5381396,DISTRICT,Pasadena,True
264,US,5346111,DISTRICT,Elk Grove,True
265,US,4221552,DISTRICT,Savannah,True
266,US,4676740,DISTRICT,Brownsville,True
267,ES,2513416,DISTRICT,Murcia,True
268,ES,2515270,DISTRICT,Las Palmas,True
269,US,5145476,DISTRICT,Akron,True
270,FR,2972315,DISTRICT,Toulouse,True
271,US,4684888,DISTRICT,Dallas,True
272,US,5174035,DISTRICT,Toledo,True
273,US,4174757,DISTRICT,Tampa,True
274,US,4544349,DISTRICT,Oklahoma City,True
275,US,5072006,DISTRICT,Lincoln,True
276,US,5368361,DISTRICT,Los Angeles,True
277,US,4692559,DISTRICT,Frisco,True
278,US,4990729,DISTRICT,Detroit,True
279,GB,2655603,DISTRICT,Birmingham,True
280,US,4945121,DISTRICT,New Bedford,True
281,GB,2638077,DISTRICT,Sheffield,True
282,US,4776024,DISTRICT,Newport News,True
283,US,5525577,DISTRICT,Lubbock,True
284,US,5359777,DISTRICT,Irvine,True
285,US,4574324,DISTRICT,Charleston,True
286,US,4160021,DISTRICT,Jacksonville,True
287,ES,3117735,DISTRICT,Madrid,True
288,US,5313457,DISTRICT,Scottsdale,True
289,US,4164138,DISTRICT,Miami,True
290,US,4752186,DISTRICT,Chesapeake,True
291,US,4724129,DISTRICT,Round Rock,True
292,US,5128581,DISTRICT,New York,True
293,US,5780993,DISTRICT,Salt Lake City,True
294,US,5378538,DISTRICT,Oakland,True
295,FR,3031582,DISTRICT,Bordeaux,True
296,FR,2996148,DISTRICT,Mantes-la-Jolie,True
297,US,5879400,DISTRICT,Anchorage,True
298,US,4835654,DISTRICT,Hamden,True
299,US,5378771,DISTRICT,Oceanside,True
300,US,4276614,DISTRICT,Olathe,True
301,US,5392900,DISTRICT,Santa Ana,True
302,ES,3128026,DISTRICT,Bilbao,True
303,US,5341430,DISTRICT,Daly City,True
304,US,5526337,DISTRICT,Midland,True
305,US,4671240,DISTRICT,Arlington,True
306,ES,2514256,DISTRICT,Málaga,True
307,US,4276873,DISTRICT,Overland Park,True
308,US,5364940,DISTRICT,Lancaster,True
309,US,5351515,DISTRICT,Garden Grove,True
310,US,4984247,DISTRICT,Ann Arbor,True
311,IT,3172394,DISTRICT,Naples,True
312,GB,2636531,DISTRICT,Sunderland,True
313,US,5334223,DISTRICT,Carlsbad,True
314,US,4171563,DISTRICT,Saint Petersburg,True
315,US,5373492,DISTRICT,Jurupa Valley,True
316,ES,3104499,DISTRICT,Vitoria,True
317,US,4682464,DISTRICT,College Station,True
318,US,4151316,DISTRICT,Clearwater,True
319,ES,3105976,DISTRICT,Vigo,True
320,IT,3169070,DISTRICT,Rome,True
321,US,4942618,DISTRICT,Lowell,True
322,US,4460243,DISTRICT,Charlotte,True
323,US,5089178,DISTRICT,Manchester,True
324,US,5443910,DISTRICT,Westminster,True
325,US,5254962,DISTRICT,Green Bay,True
326,US,5389489,DISTRICT,Sacramento,True
327,US,4641239,DISTRICT,Memphis,True
328,US,4883817,DISTRICT,Aurora,True
329,US,4575352,DISTRICT,Columbia,True
330,US,4791259,DISTRICT,Virginia Beach,True
331,US,7174565,DISTRICT,Thornton,True
332,US,5384170,DISTRICT,Pomona,True
333,US,5512862,DISTRICT,Sparks,True
334,US,4744091,DISTRICT,Alexandria,True
335,US,5372205,DISTRICT,Menifee,True
336,ES,3129028,DISTRICT,Badalona,True
337,US,4706057,DISTRICT,Lewisville,True
338,US,4905687,DISTRICT,Peoria,True
339,US,116009612,DISTRICT,Macon,True
340,US,4903279,DISTRICT,Naperville,True
341,US,5407933,DISTRICT,West Covina,True
342,US,4762894,DISTRICT,Hampton,True
343,US,4931972,DISTRICT,Cambridge,True
344,US,4471025,DISTRICT,High Point,True
345,US,4930956,DISTRICT,Boston,True
346,US,4188985,DISTRICT,Columbus,True
347,US,5393015,DISTRICT,Santa Clara,True
348,US,5373900,DISTRICT,Modesto,True
349,US,4671654,DISTRICT,Austin,True
350,US,5391959,DISTRICT,San Francisco,True
351,US,5134086,DISTRICT,Rochester,True
352,US,5014051,DISTRICT,Warren,True
353,US,5586437,DISTRICT,Boise,True
354,CR,3624060,COUNTRY,Costa Rica,True
355,US,6252001,COUNTRY,United States,True
356,OM,286963,COUNTRY,Oman,True
357,ES,2510769,COUNTRY,Spain,True
358,AT,2782113,COUNTRY,Austria,True
359,NO,3144096,COUNTRY,Norway,True
360,GB,2635167,COUNTRY,United Kingdom,True
361,AR,3865483,COUNTRY,Argentina,True
362,NG,2328926,COUNTRY,Nigeria,True
363,PY,3437598,COUNTRY,Paraguay,True
364,HU,719819,COUNTRY,Hungary,True
365,IE,2963597,COUNTRY,Ireland,True
366,EG,357994,COUNTRY,Egypt,True
367,AZ,587116,COUNTRY,Azerbaijan,True
368,TR,298795,COUNTRY,Turkey,True
369,UA,690791,COUNTRY,Ukraine,True
370,RO,798549,COUNTRY,Romania,True
371,QA,289688,COUNTRY,Qatar,True
372,DK,2623032,COUNTRY,Denmark,True
373,FR,3017382,COUNTRY,France,True
374,SE,2661886,COUNTRY,Sweden,True
375,ZA,953987,COUNTRY,South Africa,True
376,KZ,1522867,COUNTRY,Kazakhstan,True
377,FI,660013,COUNTRY,Finland,True
378,BY,630336,COUNTRY,Belarus,True
379,IQ,99237,COUNTRY,Iraq,True
380,BO,3923057,COUNTRY,Bolivia,True
381,BD,1210997,COUNTRY,Bangladesh,True
382,CA,6251999,COUNTRY,Canada,True
383,KE,192950,COUNTRY,Kenya,True
384,CZ,3077311,COUNTRY,Czech Republic,True
385,PA,3703430,COUNTRY,Panama,True
386,KR,1835841,COUNTRY,South Korea,True
387,GT,3595528,COUNTRY,Guatemala,True
388,PL,798544,COUNTRY,Poland,True
389,DE,2921044,COUNTRY,Germany,True
390,BE,2802361,COUNTRY,Belgium,True
391,SA,102358,COUNTRY,Saudi Arabia,True
392,LK,1227603,COUNTRY,Sri Lanka,True
393,GR,390903,COUNTRY,Greece,True
394,MX,3996063,COUNTRY,Mexico,True
395,KW,285570,COUNTRY,Kuwait,True
396,IT,3175395,COUNTRY,Italy,True
397,PT,2264397,COUNTRY,Portugal,True
398,UY,3439705,COUNTRY,Uruguay,True
399,BR,3469034,COUNTRY,Brazil,True
400,DZ,2589581,COUNTRY,Algeria,True
401,AE,290557,COUNTRY,United Arab Emirates,True
402,PR,4566966,COUNTRY,Puerto Rico,True
403,JP,1861060,COUNTRY,Japan,True
404,MA,2542007,COUNTRY,Morocco,True
405,PK,1168579,COUNTRY,Pakistan,True
406,LB,272103,COUNTRY,Lebanon,True
407,CH,2658434,COUNTRY,Switzerland,True
408,BH,290291,COUNTRY,Bahrain,True
409,DO,3508796,COUNTRY,Dominican Republic,True
410,NL,2750405,COUNTRY,Netherlands,True
411,RO,671857,PROVINCE,Olt,True
412,TR,323784,PROVINCE,Ankara,True
413,US,600,PROVINCE,"Corpus Christi,DMA®",True
414,KR,1841610,PROVINCE,Gyeonggi,True
415,TR,443186,PROVINCE,Batman,True
416,AT,2763586,PROVINCE,Tyrol,True
417,US,5509151,PROVINCE,Nevada,True
418,KR,1833742,PROVINCE,Ulsan,True
419,DE,2861876,PROVINCE,North Rhine Westphalia,True
420,ES,3336903,PROVINCE,Basque,True
421,NO,3159665,PROVINCE,Viken,True
422,US,565,PROVINCE,"Elmira (Corning),DMA®",True
423,TR,303830,PROVINCE,Nevsehir,True
424,TR,752014,PROVINCE,Amasya,True
425,US,642,PROVINCE,"Lafayette, LA,DMA®",True
426,AT,2769848,PROVINCE,Upper Austria,True
427,BR,3665474,PROVINCE,Acre,True
428,RO,662447,PROVINCE,Vrancea,True
429,TR,748877,PROVINCE,Corum,True
430,IE,2963397,PROVINCE,Kilkenny,True
431,JP,1852553,PROVINCE,Shiga,True
432,JP,1856156,PROVINCE,Nagasaki,True
433,US,5417618,PROVINCE,Colorado,True
434,TR,745042,PROVINCE,Istanbul,True
435,TR,307513,PROVINCE,Kirsehir,True
436,TR,311728,PROVINCE,Mersin,True
437,BR,3451133,PROVINCE,Rio Grande do Sul,True
438,MX,3985605,PROVINCE,San Luis Potosi,True
439,US,698,PROVINCE,"Montgomery-Selma,DMA®",True
440,US,625,PROVINCE,"Waco-Temple-Bryan,DMA®",True
441,IE,2964506,PROVINCE,Dun Laoghaire Rathdown,True
442,AT,2762300,PROVINCE,Vorarlberg,True
443,TR,325361,PROVINCE,Adana,True
444,US,622,PROVINCE,"New Orleans,DMA®",True
445,SE,2712411,PROVINCE,Gavleborg,True
446,DE,2842635,PROVINCE,Saarland,True
447,US,584,PROVINCE,"Charlottesville,DMA®",True
448,RO,673887,PROVINCE,Maramures,True
449,US,4155751,PROVINCE,Florida,True
450,US,687,PROVINCE,"Minot-Bismarck-Dickinson (Williston),DMA®",True
451,US,749,PROVINCE,"Laredo,DMA®",True
452,FR,11071621,PROVINCE,Normandy,True
453,JP,2111888,PROVINCE,Miyagi,True
454,US,635,PROVINCE,"Austin,DMA®",True
455,IT,3165361,PROVINCE,Tuscany,True
456,BD,7671048,PROVINCE,Rangpur,True
457,AE,292933,PROVINCE,Ajman,True
458,EG,360689,PROVINCE,Monufia,True
459,US,5332921,PROVINCE,California,True
460,US,618,PROVINCE,"Houston,DMA®",True
461,CH,2660207,PROVINCE,Jura,True
462,BE,3337388,PROVINCE,Flanders,True
463,IT,3165244,PROVINCE,Trentino South Tyrol,True
464,TR,322164,PROVINCE,Balikesir,True
465,US,510,PROVINCE,"Cleveland-Akron (Canton),DMA®",True
466,MX,3995012,PROVINCE,Nayarit,True
467,US,544,PROVINCE,"Norfolk-Portsmouth-Newport News,DMA®",True
468,DE,2842566,PROVINCE,Saxony,True
469,MX,3531730,PROVINCE,Campeche,True
470,US,501,PROVINCE,"New York,DMA®",True
471,EG,360997,PROVINCE,Giza,True
472,FI,831040,PROVINCE,Paijat Hame,True
473,TR,749778,PROVINCE,Canakkale,True
474,RO,669737,PROVINCE,Prahova,True
475,US,710,PROVINCE,"Hattiesburg-Laurel,DMA®",True
476,US,624,PROVINCE,"Sioux City,DMA®",True
477,MA,11281876,PROVINCE,Fes-Meknes,True
478,US,574,PROVINCE,"Johnstown-Altoona-State College,DMA®",True
479,MX,4005267,PROVINCE,Guanajuato,True
480,DK,6418539,PROVINCE,Central Denmark Region,True
481,DE,2872567,PROVINCE,Mecklenburg Vorpommern,True
482,US,773,PROVINCE,"Grand Junction-Montrose,DMA®",True
483,AT,2781194,PROVINCE,Burgenland,True
484,RO,673612,PROVINCE,Mehedinti,True
485,AR,3838830,PROVINCE,Rio Negro,True
486,BR,3393129,PROVINCE,Para,True
487,TR,303826,PROVINCE,Nigde,True
488,PL,858789,PROVINCE,Podlaskie,True
489,US,800,PROVINCE,"Bakersfield,DMA®",True
490,DK,6418541,PROVINCE,Region Zealand,True
491,SE,2702259,PROVINCE,Kalmar,True
492,US,679,PROVINCE,"Des Moines-Ames,DMA®",True
493,TR,738742,PROVINCE,Tokat,True
494,GB,6269131,PROVINCE,England,True
495,PL,858786,PROVINCE,Lesser Poland,True
496,IT,3170831,PROVINCE,Piedmont,True
497,KR,1843561,PROVINCE,Incheon,True
498,TR,315201,PROVINCE,Eskisehir,True
499,US,543,PROVINCE,"Springfield-Holyoke,DMA®",True
500,IE,2962840,PROVINCE,Longford,True
501,US,512,PROVINCE,"Baltimore,DMA®",True
502,MX,3527213,PROVINCE,Guerrero,True
503,US,821,PROVINCE,"Bend, OR,DMA®",True
504,US,819,PROVINCE,"Seattle-Tacoma,DMA®",True
505,BD,1337211,PROVINCE,Khulna,True
506,US,603,PROVINCE,"Joplin-Pittsburg,DMA®",True
507,US,5090174,PROVINCE,New Hampshire,True
508,PL,858787,PROVINCE,Masovian,True
509,TR,296560,PROVINCE,Yozgat,True
510,US,581,PROVINCE,"Terre Haute,DMA®",True
511,TR,443184,PROVINCE,Igdir,True
512,US,550,PROVINCE,"Wilmington,DMA®",True
513,ZA,967573,PROVINCE,Free State,True
514,KZ,1519922,PROVINCE,Kyzylorda Region,True
515,BR,3392268,PROVINCE,Pernambuco,True
516,IT,3177401,PROVINCE,Emilia Romagna,True
517,SA,105298,PROVINCE,Jazan,True
518,CH,2658664,PROVINCE,Schwyz,True
519,US,5128638,PROVINCE,New York,True
520,EG,358617,PROVINCE,Port Said,True
521,TR,747711,PROVINCE,Edirne,True
522,MX,3982846,PROVINCE,Sonora,True
523,BD,1337179,PROVINCE,Dhaka,True
524,JP,1852442,PROVINCE,Shimane,True
525,US,762,PROVINCE,"Missoula,DMA®",True
526,EG,359171,PROVINCE,Beni Suef,True
527,JP,1855429,PROVINCE,Niigata,True
528,US,5879092,PROVINCE,Alaska,True
529,EG,361849,PROVINCE,Dakahlia,True
530,US,592,PROVINCE,"Gainesville,DMA®",True
531,PT,2264507,PROVINCE,Portalegre,True
532,EG,361370,PROVINCE,El Beheira,True
533,MA,11281881,PROVINCE,Draa-Tafilalet,True
534,KR,1902028,PROVINCE,South Gyeongsang,True
535,SA,108241,PROVINCE,Eastern Region,True
536,EG,359787,PROVINCE,Aswan,True
537,DE,2950157,PROVINCE,Berlin,True
538,US,609,PROVINCE,"St. Louis,DMA®",True
539,US,549,PROVINCE,"Watertown,DMA®",True
540,TR,443189,PROVINCE,Sirnak,True
541,US,4138106,PROVINCE,District of Columbia,True
542,TR,300617,PROVINCE,Sivas,True
543,US,504,PROVINCE,"Philadelphia,DMA®",True
544,FI,830704,PROVINCE,Pirkanmaa,True
545,JP,2113014,PROVINCE,Chiba,True
546,US,724,PROVINCE,"Fargo-Moorhead-Grand Forks,DMA®",True
547,IE,2960964,PROVINCE,Wexford,True
548,SE,3337386,PROVINCE,Vastra Gotaland,True
549,KR,1841808,PROVINCE,Gwangju,True
550,PL,858788,PROVINCE,Subcarpathian,True
551,KZ,1526273,PROVINCE,Astana,True
552,US,521,PROVINCE,"Providence-New Bedford,DMA®",True
553,TR,312394,PROVINCE,Hatay,True
554,TR,740352,PROVINCE,Sakarya,True
555,US,576,PROVINCE,"Salisbury,DMA®",True
556,US,693,PROVINCE,"Little Rock-Pine Bluff,DMA®",True
557,US,790,PROVINCE,"Albuquerque-Santa Fe,DMA®",True
558,US,564,PROVINCE,"Charleston-Huntington,DMA®",True
559,KR,1835224,PROVINCE,Daejeon,True
560,MX,3516458,PROVINCE,Tabasco,True
561,AR,3835868,PROVINCE,Santiago del Estero,True
562,US,5001836,PROVINCE,Michigan,True
563,KZ,1519367,PROVINCE,North Kazakhstan,True
564,AR,3833578,PROVINCE,Tucuman,True
565,TR,862467,PROVINCE,Bartin,True
566,US,541,PROVINCE,"Lexington,DMA®",True
567,SE,2711508,PROVINCE,Gotland,True
568,JP,1851715,PROVINCE,Shizuoka,True
569,AR,3834450,PROVINCE,Tierra del Fuego,True
570,IE,2962793,PROVINCE,Louth,True
571,BD,11287936,PROVINCE,Mymensingh,True
572,US,523,PROVINCE,"Burlington-Plattsburgh,DMA®",True
573,US,673,PROVINCE,"Columbus-Tupelo-West Point-Houston,DMA®",True
574,MX,4014336,PROVINCE,Chihuahua,True
575,US,545,PROVINCE,"Greenville-New Bern-Washington,DMA®",True
576,KZ,1537162,PROVINCE,Almaty Region,True
577,ES,2593112,PROVINCE,Extremadura,True
578,US,5843591,PROVINCE,Wyoming,True
579,RO,672628,PROVINCE,Mures,True
580,IE,2960992,PROVINCE,Waterford City and County,True
581,ES,2519582,PROVINCE,Ceuta,True
582,JP,1848681,PROVINCE,Yamaguchi,True
583,KZ,94600017,PROVINCE,Turkistan Region,True
584,US,764,PROVINCE,"Rapid City,DMA®",True
585,CA,5883102,PROVINCE,Alberta,True
586,ES,2593109,PROVINCE,Andalusia,True
587,SE,2708794,PROVINCE,Halland,True
588,MA,11281882,PROVINCE,Souss-Massa,True
589,US,4826850,PROVINCE,West Virginia,True
590,TR,750510,PROVINCE,Bolu,True
591,IT,3164604,PROVINCE,Veneto,True
592,US,4398678,PROVINCE,Missouri,True
593,CH,2660522,PROVINCE,Grisons,True
594,IE,2965479,PROVINCE,Clare,True
595,MX,3520914,PROVINCE,Queretaro,True
596,BR,3392213,PROVINCE,Piaui,True
597,DK,6418542,PROVINCE,Region of Southern Denmark,True
598,JP,1856210,PROVINCE,Nagano,True
599,TR,321079,PROVINCE,Bingol,True
600,TR,742865,PROVINCE,Kocaeli,True
601,US,744,PROVINCE,"Honolulu,DMA®",True
602,PT,2268404,PROVINCE,Évora,True
603,PT,2268337,PROVINCE,Faro,True
604,RO,667267,PROVINCE,Sibiu,True
605,FI,830685,PROVINCE,Central Finland,True
606,US,702,PROVINCE,"La Crosse-Eau Claire,DMA®",True
607,ES,3336901,PROVINCE,Catalonia,True
608,US,616,PROVINCE,"Kansas City,DMA®",True
609,RO,662893,PROVINCE,Valcea,True
610,US,807,PROVINCE,"San Francisco-Oakland-San Jose,DMA®",True
611,US,537,PROVINCE,"Bangor,DMA®",True
612,US,509,PROVINCE,"Fort Wayne,DMA®",True
613,MX,4019231,PROVINCE,Aguascalientes,True
614,FI,830695,PROVINCE,South Savo,True
615,JP,1853904,PROVINCE,Osaka,True
616,MX,4013513,PROVINCE,Colima,True
617,AR,3836350,PROVINCE,Santa Cruz,True
618,BR,3665361,PROVINCE,Amazonas,True
619,FI,830675,PROVINCE,Central Ostrobothnia,True
620,FR,11071620,PROVINCE,Nouvelle Aquitaine,True
621,SE,604010,PROVINCE,Norrbotten,True
622,GB,2641364,PROVINCE,Northern Ireland,True
623,US,633,PROVINCE,"Odessa-Midland,DMA®",True
624,ES,3336902,PROVINCE,Galicia,True
625,US,802,PROVINCE,"Eureka,DMA®",True
626,US,605,PROVINCE,"Topeka,DMA®",True
627,IE,2961731,PROVINCE,Roscommon,True
628,US,771,PROVINCE,"Yuma-El Centro,DMA®",True
629,TR,325329,PROVINCE,Adiyaman,True
630,RO,675848,PROVINCE,Ialomita,True
631,ZA,972062,PROVINCE,KwaZulu Natal,True
632,RO,665091,PROVINCE,Timis,True
633,DE,2953481,PROVINCE,Baden Wurttemberg,True
634,MA,11281875,PROVINCE,Oriental,True
635,US,4197000,PROVINCE,Georgia,True
636,IE,2964574,PROVINCE,Dublin City,True
637,AR,3435214,PROVINCE,Corrientes,True
638,US,759,PROVINCE,"Cheyenne-Scottsbluff,DMA®",True
639,US,520,PROVINCE,"Augusta-Aiken,DMA®",True
640,TR,750268,PROVINCE,Bursa,True
641,JP,1863501,PROVINCE,Gunma,True
642,US,531,PROVINCE,"Tri-Cities, TN-VA,DMA®",True
643,CA,6087430,PROVINCE,New Brunswick,True
644,US,617,PROVINCE,"Milwaukee,DMA®",True
645,CA,6093943,PROVINCE,Ontario,True
646,EG,352603,PROVINCE,Matrouh,True
647,NO,3145495,PROVINCE,More og Romsdal,True
648,MA,11281874,PROVINCE,Tanger-Tetouan-Al Hoceima,True
649,JP,1850310,PROVINCE,Tochigi,True
650,US,524,PROVINCE,"Atlanta,DMA®",True
651,US,640,PROVINCE,"Memphis,DMA®",True
652,JP,1858419,PROVINCE,Kumamoto,True
653,US,682,PROVINCE,"Davenport-Rock Island-Moline,DMA®",True
654,US,4896861,PROVINCE,Illinois,True
655,TR,743942,PROVINCE,Kars,True
656,IT,3173222,PROVINCE,Molise,True
657,NL,2744011,PROVINCE,Zeeland,True
658,AR,3861887,PROVINCE,Chaco,True
659,TR,316540,PROVINCE,Diyarbakir,True
660,KZ,1518003,PROVINCE,Akmola Region,True
661,AR,3837029,PROVINCE,San Luis,True
662,PT,2593105,PROVINCE,Madeira,True
663,AE,291075,PROVINCE,Ras Al Khaimah,True
664,BR,3474575,PROVINCE,Tocantins,True
665,PT,3411865,PROVINCE,Azores,True
666,CH,2658226,PROVINCE,Uri,True
667,MA,11281879,PROVINCE,Casablanca-Settat,True
668,US,745,PROVINCE,"Fairbanks,DMA®",True
669,SE,2664415,PROVINCE,Vasterbotten,True
670,US,577,PROVINCE,"Wilkes-Barre–Scranton–Hazleton,DMA®",True
671,MX,3527646,PROVINCE,Mexico City,True
672,NL,2751596,PROVINCE,Limburg,True
673,US,810,PROVINCE,"Yakima-Pasco-Richland-Kennewick,DMA®",True
674,MA,11281877,PROVINCE,Rabat-Sale-Kenitra,True
675,TR,311044,PROVINCE,Izmir,True
676,BE,3337387,PROVINCE,Wallonia,True
677,ZA,1085595,PROVINCE,Mpumalanga,True
678,EG,354500,PROVINCE,Kafr El Sheikh,True
679,PL,858790,PROVINCE,Swietokrzyskie,True
680,JP,1849890,PROVINCE,Tottori,True
681,PL,858785,PROVINCE,Lublin,True
682,US,623,PROVINCE,"Dallas-Fort Worth,DMA®",True
683,TR,325163,PROVINCE,Agri,True
684,US,658,PROVINCE,"Green Bay-Appleton,DMA®",True
685,PT,2263478,PROVINCE,Santarém,True
686,US,505,PROVINCE,"Detroit,DMA®",True
687,TR,317106,PROVINCE,Denizli,True
688,TR,315807,PROVINCE,Elazig,True
689,US,538,PROVINCE,"Rochester, NY,DMA®",True
690,BR,3390290,PROVINCE,Rio Grande do Norte,True
691,TR,443187,PROVINCE,Karaman,True
692,TR,443185,PROVINCE,Aksaray,True
693,AT,2766823,PROVINCE,Salzburg,True
694,RO,664517,PROVINCE,Tulcea,True
695,FR,2985244,PROVINCE,Provence Alpes Cote d'Azur,True
696,IE,2961422,PROVINCE,Sligo,True
697,US,4099753,PROVINCE,Arkansas,True
698,KZ,609862,PROVINCE,Atyrau Region,True
699,US,598,PROVINCE,"Clarksburg-Weston,DMA®",True
700,TR,443183,PROVINCE,Osmaniye,True
701,DE,2862926,PROVINCE,Lower Saxony,True
702,RO,685948,PROVINCE,Bacau,True
703,ES,3115609,PROVINCE,Navarre,True
704,TR,862470,PROVINCE,Ardahan,True
705,US,551,PROVINCE,"Lansing,DMA®",True
706,TR,749747,PROVINCE,Cankiri,True
707,SA,108411,PROVINCE,Ar Riyad,True
708,IT,3164857,PROVINCE,Aosta Valley,True
709,RO,675917,PROVINCE,Hunedoara,True
710,EG,361056,PROVINCE,Ismailia,True
711,PK,1164807,PROVINCE,Sindh,True
712,US,573,PROVINCE,"Roanoke-Lynchburg,DMA®",True
713,US,813,PROVINCE,"Medford-Klamath Falls,DMA®",True
714,IT,3169778,PROVINCE,Apulia,True
715,TR,322819,PROVINCE,Aydin,True
716,AR,3838231,PROVINCE,Salta,True
717,RO,686192,PROVINCE,Arges,True
718,ZA,1085596,PROVINCE,Northern Cape,True
719,CH,2661741,PROVINCE,Appenzell Innerrhoden,True
720,NO,11862827,PROVINCE,Trondelag,True
721,RO,865518,PROVINCE,Ilfov,True
722,SE,2703330,PROVINCE,Jamtland,True
723,JP,2113124,PROVINCE,Akita,True
724,JP,1860291,PROVINCE,Kanagawa,True
725,RO,676898,PROVINCE,Gorj,True
726,TR,298845,PROVINCE,Tunceli,True
727,SE,2699767,PROVINCE,Dalarna,True
728,MX,3527115,PROVINCE,Hidalgo,True
729,BR,3407762,PROVINCE,Amapa,True
730,PL,3337499,PROVINCE,West Pomeranian,True
731,NL,3319179,PROVINCE,Flevoland,True
732,TR,740481,PROVINCE,Rize,True
733,PT,2735941,PROVINCE,Porto,True
734,RO,684878,PROVINCE,Bihor,True
735,CH,2661603,PROVINCE,Basel Landschaft,True
736,JP,2112922,PROVINCE,Fukushima,True
737,CA,6113358,PROVINCE,Prince Edward Island,True
738,CH,2660717,PROVINCE,Fribourg,True
739,JP,2112518,PROVINCE,Iwate,True
740,US,557,PROVINCE,"Knoxville,DMA®",True
741,EG,360621,PROVINCE,Qalyubiyya,True
742,FI,831041,PROVINCE,Satakunta,True
743,RO,668248,PROVINCE,Salaj,True
744,DE,2944387,PROVINCE,Bremen,True
745,US,862,PROVINCE,"Sacramento-Stockton-Modesto,DMA®",True
746,US,4544379,PROVINCE,Oklahoma,True
747,US,547,PROVINCE,"Toledo,DMA®",True
748,JP,1850157,PROVINCE,Tokushima,True
749,TR,743165,PROVINCE,Kirklareli,True
750,TR,738926,PROVINCE,Tekirdag,True
751,RO,677104,PROVINCE,Giurgiu,True
752,KR,1845106,PROVINCE,North Chungcheong,True
753,US,626,PROVINCE,"Victoria,DMA®",True
754,SE,2664179,PROVINCE,Vastmanland,True
755,US,507,PROVINCE,"Savannah,DMA®",True
756,US,636,PROVINCE,"Harlingen-Weslaco-Brownsville-McAllen,DMA®",True
757,SE,2686655,PROVINCE,Orebro,True
758,IT,3182306,PROVINCE,Basilicata,True
759,SA,108179,PROVINCE,Aseer,True
760,DE,2838632,PROVINCE,Schleswig Holstein,True
761,AT,2761367,PROVINCE,Vienna,True
762,RO,675810,PROVINCE,Iasi,True
763,CH,2659471,PROVINCE,Nidwalden,True
764,FR,11071624,PROVINCE,Hauts de France,True
765,TR,321122,PROVINCE,Bilecik,True
766,BR,3457419,PROVINCE,Mato Grosso,True
767,EG,347794,PROVINCE,Sohag,True
768,FR,3027939,PROVINCE,Centre Val de Loire,True
769,US,522,PROVINCE,"Columbus, GA (Opelika, AL),DMA®",True
770,SE,3337385,PROVINCE,Skane,True
771,US,639,PROVINCE,"Jackson, TN,DMA®",True
772,US,519,PROVINCE,"Charleston, SC,DMA®",True
773,SA,108933,PROVINCE,Al Qaseem,True
774,MA,11281884,PROVINCE,Guelmim-Oued Noun,True
775,PT,2738782,PROVINCE,Guarda,True
776,US,508,PROVINCE,"Pittsburgh,DMA®",True
777,JP,1849872,PROVINCE,Toyama,True
778,PK,1168878,PROVINCE,Gilgit Baltistan,True
779,US,650,PROVINCE,"Oklahoma City,DMA®",True
780,TR,315367,PROVINCE,Erzurum,True
781,IT,3174976,PROVINCE,Lazio,True
782,US,717,PROVINCE,"Quincy-Hannibal-Keokuk,DMA®",True
783,US,711,PROVINCE,"Meridian,DMA®",True
784,IE,2965534,PROVINCE,Cavan,True
785,AR,3836276,PROVINCE,Santa Fe,True
786,CH,2661602,PROVINCE,Basel Stadt,True
787,US,611,PROVINCE,"Rochestr-Mason City-Austin,DMA®",True
788,NO,3144301,PROVINCE,Nordland,True
789,US,619,PROVINCE,"Springfield, MO,DMA®",True
790,RO,683504,PROVINCE,Bucuresti,True
791,US,828,PROVINCE,"Monterey-Salinas,DMA®",True
792,CH,2658182,PROVINCE,Vaud,True
793,US,662,PROVINCE,"Abilene-Sweetwater,DMA®",True
794,SA,106281,PROVINCE,Hail,True
795,TR,315372,PROVINCE,Erzincan,True
796,GB,2634895,PROVINCE,Wales,True
797,IT,2523119,PROVINCE,Sicily,True
798,FI,830690,PROVINCE,Northern Savonia,True
799,DE,2905330,PROVINCE,Hesse,True
800,US,4142224,PROVINCE,Delaware,True
801,ES,6362988,PROVINCE,Melilla,True
802,EG,361294,PROVINCE,Gharbia,True
803,US,758,PROVINCE,"Idaho Falls-Pocatello (Jackson),DMA®",True
804,US,638,PROVINCE,"St. Joseph,DMA®",True
805,RO,667869,PROVINCE,Satu Mare,True
806,JP,1864226,PROVINCE,Ehime,True
807,IE,2963435,PROVINCE,Kildare,True
808,US,560,PROVINCE,"Raleigh-Durham (Fayetteville),DMA®",True
809,US,628,PROVINCE,"Monroe-El Dorado,DMA®",True
810,US,612,PROVINCE,"Shreveport,DMA®",True
811,US,770,PROVINCE,"Salt Lake City,DMA®",True
812,EG,349401,PROVINCE,North Sinai,True
813,TR,314829,PROVINCE,Gaziantep,True
814,DE,2951839,PROVINCE,Bavaria,True
815,RO,665849,PROVINCE,Suceava,True
816,SA,109470,PROVINCE,Al Jawf,True
817,US,5073708,PROVINCE,Nebraska,True
818,US,766,PROVINCE,"Helena,DMA®",True
819,KR,1841597,PROVINCE,North Gyeongsang,True
820,SA,101627,PROVINCE,Tabuk,True
821,TR,751816,PROVINCE,Artvin,True
822,MX,3523272,PROVINCE,Mexico,True
823,US,811,PROVINCE,"Reno,DMA®",True
824,US,757,PROVINCE,"Boise,DMA®",True
825,MX,3515359,PROVINCE,Tlaxcala,True
826,US,555,PROVINCE,"Syracuse,DMA®",True
827,IE,2964752,PROVINCE,Donegal,True
828,US,5744337,PROVINCE,Oregon,True
829,US,533,PROVINCE,"Hartford-New Haven,DMA®",True
830,AR,3853404,PROVINCE,Jujuy,True
831,TR,740263,PROVINCE,Samsun,True
832,US,652,PROVINCE,"Omaha,DMA®",True
833,US,563,PROVINCE,"Grand Rapids-Kalamazoo-Battle Creek,DMA®",True
834,US,634,PROVINCE,"Amarillo,DMA®",True
835,AR,3433955,PROVINCE,Autonomous City of Buenos Aires,True
836,PT,2267094,PROVINCE,Leiria,True
837,US,4331987,PROVINCE,Louisiana,True
838,US,747,PROVINCE,"Juneau,DMA®",True
839,KZ,1524444,PROVINCE,Jambyl Region,True
840,IE,2960935,PROVINCE,Wicklow,True
841,PT,2262961,PROVINCE,Setúbal,True
842,BR,3395443,PROVINCE,Maranhao,True
843,JP,1853226,PROVINCE,Saitama,True
844,NO,3151864,PROVINCE,Vestland,True
845,US,789,PROVINCE,"Tucson (Sierra Vista),DMA®",True
846,BR,3455077,PROVINCE,Parana,True
847,PL,3337493,PROVINCE,Lodz,True
848,SE,2676207,PROVINCE,Sodermanland,True
849,TR,746878,PROVINCE,Giresun,True
850,IE,2965768,PROVINCE,Carlow,True
851,US,604,PROVINCE,"Columbia-Jefferson City,DMA®",True
852,IE,6693220,PROVINCE,Fingal,True
853,TR,304919,PROVINCE,Malatya,True
854,US,526,PROVINCE,"Utica,DMA®",True
855,KZ,1520239,PROVINCE,Pavlodar Region,True
856,IT,3174004,PROVINCE,Marche,True
857,DK,6418538,PROVINCE,Capital Region of Denmark,True
858,BR,3462372,PROVINCE,Goias,True
859,MA,11281880,PROVINCE,Marrakesh-Safi,True
860,FR,11071623,PROVINCE,Occitania,True
861,US,571,PROVINCE,"Fort Myers-Naples,DMA®",True
862,KR,1835327,PROVINCE,Daegu,True
863,NL,2756631,PROVINCE,Drenthe,True
864,US,736,PROVINCE,"Bowling Green,DMA®",True
865,US,540,PROVINCE,"Traverse City-Cadillac,DMA®",True
866,TR,308463,PROVINCE,Kayseri,True
867,IT,2523228,PROVINCE,Sardinia,True
868,US,570,PROVINCE,"Myrtle Beach-Florence,DMA®",True
869,TR,304794,PROVINCE,Mardin,True
870,TR,320390,PROVINCE,Burdur,True
871,TR,862469,PROVINCE,Yalova,True
872,FI,52300009,PROVINCE,South Ostrobothnia,True
873,US,644,PROVINCE,"Alexandria, LA,DMA®",True
874,US,511,PROVINCE,"Washington (Hagerstown),DMA®",True
875,AE,290595,PROVINCE,Umm Al Quwain,True
876,NL,2745909,PROVINCE,Utrecht,True
877,PT,2267056,PROVINCE,Lisbon,True
878,US,632,PROVINCE,"Paducah-Cape Girardeau-Harrisburg,DMA®",True
879,AR,3430657,PROVINCE,Misiones,True
880,IE,2962568,PROVINCE,Monaghan,True
881,US,671,PROVINCE,"Tulsa,DMA®",True
882,PL,3337495,PROVINCE,Opole,True
883,TR,300821,PROVINCE,Siirt,True
884,MX,3522961,PROVINCE,Morelos,True
885,MX,3983035,PROVINCE,Sinaloa,True
886,DE,2842565,PROVINCE,Saxony Anhalt,True
887,RO,673150,PROVINCE,Calarasi,True
888,US,5481136,PROVINCE,New Mexico,True
889,US,4736286,PROVINCE,Texas,True
890,ZA,1085597,PROVINCE,Limpopo,True
891,JP,1850144,PROVINCE,Tokyo,True
892,BR,3451189,PROVINCE,Rio de Janeiro,True
893,ES,2593110,PROVINCE,Canary,True
894,MX,4017698,PROVINCE,Baja California Sur,True
895,AR,3843122,PROVINCE,Neuquen,True
896,BD,1337200,PROVINCE,Chittagong,True
897,AE,292969,PROVINCE,Abu Dhabi,True
898,FI,830676,PROVINCE,Ostrobothnia,True
899,RO,682714,PROVINCE,Caras-Severin,True
900,BD,1477362,PROVINCE,Sylhet,True
901,AR,3861244,PROVINCE,Chubut,True
902,JP,1862413,PROVINCE,Hiroshima,True
903,RO,683123,PROVINCE,Buzau,True
904,JP,1855608,PROVINCE,Nara,True
905,MA,11281878,PROVINCE,Beni Mellal-Khenifra,True
906,EG,355182,PROVINCE,South Sinai,True
907,RO,684039,PROVINCE,Botosani,True
908,CH,2658372,PROVINCE,Thurgau,True
909,BR,3471168,PROVINCE,Bahia,True
910,JP,1860825,PROVINCE,Kagoshima,True
911,CA,6065171,PROVINCE,Manitoba,True
912,NO,3141558,PROVINCE,Rogaland,True
913,PK,1168873,PROVINCE,Khyber Pakhtunkhwa,True
914,EG,361468,PROVINCE,Red Sea,True
915,TR,737021,PROVINCE,Zonguldak,True
916,US,559,PROVINCE,"Bluefield-Beckley-Oak Hill,DMA®",True
917,US,627,PROVINCE,"Wichita Falls & Lawton,DMA®",True
918,US,596,PROVINCE,"Zanesville,DMA®",True
919,BR,3463504,PROVINCE,Federal District,True
920,US,502,PROVINCE,"Binghamton,DMA®",True
921,KZ,1523401,PROVINCE,Karaganda Region,True
922,US,518,PROVINCE,"Greensboro–High Point–Winston-Salem,DMA®",True
923,RO,680962,PROVINCE,Constanta,True
924,US,767,PROVINCE,"Casper-Riverton,DMA®",True
925,US,503,PROVINCE,"Macon,DMA®",True
926,ES,3117732,PROVINCE,Madrid,True
927,FR,3012874,PROVINCE,Ile de France,True
928,US,676,PROVINCE,"Duluth-Superior, WI,DMA®",True
929,RO,672460,PROVINCE,Neamt,True
930,IE,2963031,PROVINCE,Laois,True
931,FR,11071625,PROVINCE,Auvergne Rhone Alpes,True
932,US,583,PROVINCE,"Alpena,DMA®",True
933,US,5855797,PROVINCE,Hawaii,True
934,TR,741098,PROVINCE,Ordu,True
935,US,647,PROVINCE,"Greenwood-Greenville,DMA®",True
936,US,566,PROVINCE,"Harrisburg-Lancaster-Lebanon-York,DMA®",True
937,NL,2749990,PROVINCE,North Brabant,True
938,EG,350546,PROVINCE,Qena,True
939,US,4921868,PROVINCE,Indiana,True
940,BE,2800867,PROVINCE,Brussels-Capital Region,True
941,BD,1337165,PROVINCE,Rajshahi,True
942,US,752,PROVINCE,"Colorado Springs-Pueblo,DMA®",True
943,CA,6354959,PROVINCE,Newfoundland and Labrador,True
944,CH,2661739,PROVINCE,Appenzell Ausserrhoden,True
945,JP,1863640,PROVINCE,Gifu,True
946,DE,2945356,PROVINCE,Brandenburg,True
947,KR,1843125,PROVINCE,Gangwon,True
948,MX,4004156,PROVINCE,Jalisco,True
949,US,825,PROVINCE,"San Diego,DMA®",True
950,CH,2658821,PROVINCE,St Gallen,True
951,US,754,PROVINCE,"Butte-Bozeman,DMA®",True
952,AE,292673,PROVINCE,Sharjah,True
953,RO,665283,PROVINCE,Teleorman,True
954,US,760,PROVINCE,"Twin Falls,DMA®",True
955,AR,3433896,PROVINCE,Formosa,True
956,US,4829764,PROVINCE,Alabama,True
957,US,755,PROVINCE,"Great Falls,DMA®",True
958,SE,2721357,PROVINCE,Blekinge,True
959,US,5549030,PROVINCE,Utah,True
960,CH,2658205,PROVINCE,Valais,True
961,US,500,PROVINCE,"Portland-Auburn,DMA®",True
962,US,516,PROVINCE,"Erie,DMA®",True
963,TR,862468,PROVINCE,Karabuk,True
964,US,670,PROVINCE,"Fort Smith-Fayetteville-Springdale-Rogers,DMA®",True
965,DK,6418540,PROVINCE,North Jutland Region,True
966,NO,3132064,PROVINCE,Agder,True
967,RO,679134,PROVINCE,Dolj,True
968,AR,3435907,PROVINCE,Buenos Aires Province,True
969,AR,3860255,PROVINCE,Cordoba,True
970,IE,2965140,PROVINCE,Cork County,True
971,FI,830708,PROVINCE,Southwest Finland,True
972,US,561,PROVINCE,"Jacksonville,DMA®",True
973,FI,830703,PROVINCE,Kymenlaakso,True
974,US,4597040,PROVINCE,South Carolina,True
975,KZ,1517381,PROVINCE,East Kazakhstan,True
976,IE,2961191,PROVINCE,Tipperary,True
977,JP,1848938,PROVINCE,Wakayama,True
978,IE,2962187,PROVINCE,Offaly,True
979,JP,1856710,PROVINCE,Miyazaki,True
980,CH,2658370,PROVINCE,Ticino,True
981,FI,830699,PROVINCE,South Karelia,True
982,JP,1863983,PROVINCE,Fukui,True
983,JP,1854345,PROVINCE,Okinawa,True
984,BD,1185286,PROVINCE,Barisal,True
985,FI,830667,PROVINCE,North Ostrobothnia,True
986,TR,443188,PROVINCE,Kirikkale,True
987,JP,2130656,PROVINCE,Aomori,True
988,BR,3463930,PROVINCE,Espirito Santo,True
989,US,5037779,PROVINCE,Minnesota,True
990,US,657,PROVINCE,"Sherman-Ada,DMA®",True
991,CH,2657907,PROVINCE,Zug,True
992,US,686,PROVINCE,"Mobile-Pensacola (Navarre),DMA®",True
993,IT,3181042,PROVINCE,Campania,True
994,JP,1853299,PROVINCE,Saga,True
995,MX,3521082,PROVINCE,Puebla,True
996,US,855,PROVINCE,"Santa Barbara-Santa Maria-San Luis Obispo,DMA®",True
997,US,881,PROVINCE,"Spokane,DMA®",True
998,US,709,PROVINCE,"Tyler-Longview (Lufkin-Nacogdoches),DMA®",True
999,TR,323776,PROVINCE,Antalya,True
1000,US,552,PROVINCE,"Presque Isle,DMA®",True
1001,JP,1854484,PROVINCE,Oita,True
1002,TR,738647,PROVINCE,Trabzon,True
1003,IT,3183560,PROVINCE,Abruzzo,True
1004,IT,3174725,PROVINCE,Liguria,True
1005,SA,109954,PROVINCE,Al Bahah,True
1006,PT,2270984,PROVINCE,Beja,True
1007,ES,3336900,PROVINCE,Castile and Leon,True
1008,ES,3336897,PROVINCE,La Rioja,True
1009,EG,361059,PROVINCE,Alexandria,True
1010,US,5815135,PROVINCE,Washington,True
1011,BR,3447799,PROVINCE,Sergipe,True
1012,BR,3662560,PROVINCE,Roraima,True
1013,EG,7603259,PROVINCE,Luxor,True
1014,PK,1179245,PROVINCE,Federally Administered Tribal Areas,True
1015,IE,2963517,PROVINCE,Kerry,True
1016,EG,359797,PROVINCE,Suez,True
1017,IT,3174618,PROVINCE,Lombardy,True
1018,BR,3924825,PROVINCE,Rondonia,True
1019,PL,3337494,PROVINCE,Lubusz,True
1020,ES,3336899,PROVINCE,Aragon,True
1021,US,751,PROVINCE,"Denver,DMA®",True
1022,BR,3402362,PROVINCE,Ceara,True
1023,NO,9304281,PROVINCE,Innlandet,True
1024,DE,2911297,PROVINCE,Hamburg,True
1025,PT,2740636,PROVINCE,Coimbra,True
1026,IE,2964180,PROVINCE,Galway County,True
1027,MX,3995955,PROVINCE,Michoacan,True
1028,KZ,94600135,PROVINCE,Almaty,True
1029,IE,2960972,PROVINCE,Westmeath,True
1030,TR,306569,PROVINCE,Konya,True
1031,FI,830603,PROVINCE,Lapland,True
1032,PL,3337497,PROVINCE,Silesian,True
1033,JP,2130037,PROVINCE,Hokkaido,True
1034,US,740,PROVINCE,"North Platte,DMA®",True
1035,US,648,PROVINCE,"Champaign-Springfield-Decatur,DMA®",True
1036,US,597,PROVINCE,"Parkersburg,DMA®",True
1037,US,725,PROVINCE,"Sioux Falls(Mitchell),DMA®",True
1038,US,705,PROVINCE,"Wausau-Rhinelander,DMA®",True
1039,FR,11071622,PROVINCE,Grand Est,True
1040,SE,2702976,PROVINCE,Jonkoping,True
1041,TR,862471,PROVINCE,Bayburt,True
1042,CA,5909050,PROVINCE,British Columbia,True
1043,KR,1835847,PROVINCE,Seoul,True
1044,US,542,PROVINCE,"Dayton,DMA®",True
1045,US,5667009,PROVINCE,Montana,True
1046,US,630,PROVINCE,"Birmingham (Anniston-Tuscaloosa),DMA®",True
1047,NL,2743698,PROVINCE,South Holland,True
1048,AT,2770542,PROVINCE,Lower Austria,True
1049,JP,2110554,PROVINCE,Yamagata,True
1050,US,567,PROVINCE,"Greenville-Spartanburg-Asheville-Anderson,DMA®",True
1051,PK,1184196,PROVINCE,Azad Kashmir,True
1052,AE,292224,PROVINCE,Dubai,True
1053,KZ,607847,PROVINCE,West Kazakhstan,True
1054,US,692,PROVINCE,"Beaumont-Port Arthur,DMA®",True
1055,JP,1862047,PROVINCE,Hyogo,True
1056,KR,1845789,PROVINCE,North Jeolla,True
1057,FI,830709,PROVINCE,Uusimaa,True
1058,BR,3457153,PROVINCE,Minas Gerais,True
1059,TR,298298,PROVINCE,Usak,True
1060,US,506,PROVINCE,"Boston (Manchester),DMA®",True
1061,US,5551752,PROVINCE,Arizona,True
1062,AE,292879,PROVINCE,Fujairah,True
1063,US,839,PROVINCE,"Las Vegas,DMA®",True
1064,MX,4011741,PROVINCE,Durango,True
1065,RO,676309,PROVINCE,Harghita,True
1066,US,675,PROVINCE,"Peoria-Bloomington,DMA®",True
1067,TR,743881,PROVINCE,Kastamonu,True
1068,US,746,PROVINCE,"Biloxi-Gulfport,DMA®",True
1069,ZA,1085599,PROVINCE,Western Cape,True
1070,PT,2742610,PROVINCE,Aveiro,True
1071,KR,1846265,PROVINCE,Jeju,True
1072,US,529,PROVINCE,"Louisville,DMA®",True
1073,US,678,PROVINCE,"Wichita-Hutchinson,DMA®",True
1074,ZA,1085594,PROVINCE,Gauteng,True
1075,RO,681290,PROVINCE,Cluj-Napoca,True
1076,US,539,PROVINCE,"Tampa-St. Petersburg (Sarasota),DMA®",True
1077,EG,358044,PROVINCE,Damietta,True
1078,US,517,PROVINCE,"Charlotte,DMA®",True
1079,US,5242283,PROVINCE,Vermont,True
1080,SA,106280,PROVINCE,Hai'l Region,True
1081,SE,2685867,PROVINCE,Ostergotland,True
1082,EG,359781,PROVINCE,Asyut,True
1083,PT,2742031,PROVINCE,Braga,True
1084,MX,3520887,PROVINCE,Quintana Roo,True
1085,PT,2732772,PROVINCE,Viana do Castelo,True
1086,US,6254925,PROVINCE,Kentucky,True
1087,RO,677697,PROVINCE,Galati,True
1088,US,659,PROVINCE,"Nashville,DMA®",True
1089,PL,858791,PROVINCE,Warmian Masurian,True
1090,CH,2659495,PROVINCE,Neuchatel,True
1091,US,6254927,PROVINCE,Pennsylvania,True
1092,CH,2661876,PROVINCE,Aargau,True
1093,BR,3393098,PROVINCE,Paraiba,True
1094,US,669,PROVINCE,"Madison,DMA®",True
1095,RO,663116,PROVINCE,Vaslui,True
1096,TR,304825,PROVINCE,Manisa,True
1097,PL,3337492,PROVINCE,Lower Silesian,True
1098,JP,1857907,PROVINCE,Kyoto,True
1099,US,514,PROVINCE,"Buffalo,DMA®",True
1100,KR,1845105,PROVINCE,South Chungcheong,True
1101,PL,3337496,PROVINCE,Pomeranian,True
1102,SE,2664870,PROVINCE,Vrmland,True
1103,US,820,PROVINCE,"Portland, OR,DMA®",True
1104,RO,684647,PROVINCE,Bistrita-Nasaud,True
1105,US,606,PROVINCE,"Dothan,DMA®",True
1106,US,656,PROVINCE,"Panama City,DMA®",True
1107,TR,298113,PROVINCE,Van,True
1108,US,651,PROVINCE,"Lubbock,DMA®",True
1109,PL,3337498,PROVINCE,Greater Poland,True
1110,US,536,PROVINCE,"Youngstown,DMA®",True
1111,US,661,PROVINCE,"San Angelo,DMA®",True
1112,US,4662168,PROVINCE,Tennessee,True
1113,FR,3023519,PROVINCE,Corsica,True
1114,US,5769223,PROVINCE,South Dakota,True
1115,SE,2673722,PROVINCE,Stockholm,True
1116,BR,3408096,PROVINCE,Alagoas,True
1117,TR,298332,PROVINCE,Sanliurfa,True
1118,US,5596512,PROVINCE,Idaho,True
1119,FR,11071619,PROVINCE,Bourgogne Franche Comte,True
1120,EG,360688,PROVINCE,Minya,True
1121,US,756,PROVINCE,"Billings,DMA®",True
1122,US,4273857,PROVINCE,Kansas,True
1123,RO,679385,PROVINCE,Dambovita,True
1124,US,801,PROVINCE,"Eugene,DMA®",True
1125,DE,2822542,PROVINCE,Thuringia,True
1126,GB,2638360,PROVINCE,Scotland,True
1127,FR,3030293,PROVINCE,Brittany,True
1128,KR,1838519,PROVINCE,Busan,True
1129,AT,2764581,PROVINCE,Styria,True
1130,US,866,PROVINCE,"Fresno-Visalia,DMA®",True
1131,EG,361323,PROVINCE,Faiyum,True
1132,US,722,PROVINCE,"Lincoln-Hastings-Kearney,DMA®",True
1133,US,753,PROVINCE,"Phoenix (Prescott),DMA®",True
1134,US,569,PROVINCE,"Harrisonburg,DMA®",True
1135,US,610,PROVINCE,"Rockford,DMA®",True
1136,US,5224323,PROVINCE,Rhode Island,True
1137,US,530,PROVINCE,"Tallahassee-Thomasville,DMA®",True
1138,US,718,PROVINCE,"Jackson, MS,DMA®",True
1139,CH,2658760,PROVINCE,Schaffhausen,True
1140,CH,2659810,PROVINCE,Lucerne,True
1141,CA,6091530,PROVINCE,Nova Scotia,True
1142,CH,2659315,PROVINCE,Obwalden,True
1143,US,4361885,PROVINCE,Maryland,True
1144,JP,1857352,PROVINCE,Mie,True
1145,US,641,PROVINCE,"San Antonio,DMA®",True
1146,TR,304041,PROVINCE,Mus,True
1147,CH,2660593,PROVINCE,Glarus,True
1148,ZA,1085598,PROVINCE,North West,True
1149,NL,2755249,PROVINCE,Groningen,True
1150,US,535,PROVINCE,"Columbus, OH,DMA®",True
1151,US,734,PROVINCE,"Jonesboro,DMA®",True
1152,BR,3450387,PROVINCE,Santa Catarina,True
1153,RO,683902,PROVINCE,Braila,True
1154,AR,3862286,PROVINCE,Catamarca,True
1155,US,525,PROVINCE,"Albany, GA,DMA®",True
1156,US,743,PROVINCE,"Anchorage,DMA®",True
1157,NL,2748838,PROVINCE,Overijssel,True
1158,US,558,PROVINCE,"Lima,DMA®",True
1159,SE,2664292,PROVINCE,Vasternorrland,True
1160,US,548,PROVINCE,"West Palm Beach-Fort Pierce,DMA®",True
1161,PT,2732264,PROVINCE,Viseu,True
1162,EG,360483,PROVINCE,New Valley,True
1163,MX,4017700,PROVINCE,Baja California,True
1164,US,868,PROVINCE,"Chico-Redding,DMA®",True
1165,RO,680428,PROVINCE,Covasna,True
1166,ES,3114710,PROVINCE,Asturias,True
1167,US,4862182,PROVINCE,Iowa,True
1168,CH,2660645,PROVINCE,Geneva,True
1169,BR,3448433,PROVINCE,Sao Paulo,True
1170,CA,6141242,PROVINCE,Saskatchewan,True
1171,PT,2742026,PROVINCE,Bragança,True
1172,ES,3336898,PROVINCE,Cantabria,True
1173,US,527,PROVINCE,"Indianapolis,DMA®",True
1174,RO,686583,PROVINCE,Alba,True
1175,US,803,PROVINCE,"Los Angeles,DMA®",True
1176,US,631,PROVINCE,"Ottumwa-Kirksville,DMA®",True
1177,DE,2847618,PROVINCE,Rhineland Palatinate,True
1178,CH,2657895,PROVINCE,Zurich,True
1179,AR,3837152,PROVINCE,San Juan,True
1180,TR,311071,PROVINCE,Isparta,True
1181,ES,2513413,PROVINCE,Murcia,True
1182,MX,3531011,PROVINCE,Chiapas,True
1183,NO,3132015,PROVINCE,Vestfold og Telemark,True
1184,US,546,PROVINCE,"Columbia, SC,DMA®",True
1185,IT,3165048,PROVINCE,Umbria,True
1186,TR,739598,PROVINCE,Sinop,True
1187,JP,1854381,PROVINCE,Okayama,True
1188,IE,2962976,PROVINCE,Leitrim,True
1189,CA,6091732,PROVINCE,Nunavut,True
1190,US,6254928,PROVINCE,Virginia,True
1191,CA,6115047,PROVINCE,Quebec,True
1192,US,513,PROVINCE,"Flint-Saginaw-Bay City,DMA®",True
1193,TR,305267,PROVINCE,Kutahya,True
1194,US,691,PROVINCE,"Huntsville-Decatur (Florence),DMA®",True
1195,AT,2774686,PROVINCE,Carinthia,True
1196,SA,109224,PROVINCE,Al Madinah Al Munawwarah,True
1197,NO,3143242,PROVINCE,Oslo,True
1198,US,716,PROVINCE,"Baton Rouge,DMA®",True
1199,NL,2755812,PROVINCE,Friesland,True
1200,KR,1845788,PROVINCE,South Jeolla,True
1201,ES,2593111,PROVINCE,Castilla La Mancha,True
1202,JP,1860834,PROVINCE,Kagawa,True
1203,IT,2525468,PROVINCE,Calabria,True
1204,US,532,PROVINCE,"Albany-Schenectady-Troy,DMA®",True
1205,PL,3337500,PROVINCE,Kuyavian Pomeranian,True
1206,US,575,PROVINCE,"Chattanooga,DMA®",True
1207,US,554,PROVINCE,"Wheeling-Steubenville, OH,DMA®",True
1208,PK,1162015,PROVINCE,Islamabad,True
1209,SA,109579,PROVINCE,Northern Borders,True
1210,ES,2521383,PROVINCE,Balearic,True
1211,US,804,PROVINCE,"Palm Springs,DMA®",True
1212,MX,4013674,PROVINCE,Coahuila,True
1213,FI,830705,PROVINCE,Tavastia Proper,True
1214,TR,325302,PROVINCE,Afyonkarahisar,True
1215,US,553,PROVINCE,"Marquette,DMA®",True
1216,JP,1848649,PROVINCE,Yamanashi,True
1217,NO,3133897,PROVINCE,Troms og Finnmark,True
1218,JP,1859133,PROVINCE,Kochi,True
1219,IE,2962667,PROVINCE,Mayo,True
1220,CH,2661551,PROVINCE,Bern,True
1221,CA,6091069,PROVINCE,Northwest Territories,True
1222,US,5165418,PROVINCE,Ohio,True
1223,JP,1865694,PROVINCE,Aichi,True
1224,SE,2699050,PROVINCE,Kronoberg,True
1225,US,528,PROVINCE,"Miami-Fort Lauderdale,DMA®",True
1226,EG,360631,PROVINCE,Cairo,True
1227,RO,683844,PROVINCE,Brasov,True
1228,IE,2962661,PROVINCE,Meath,True
1229,US,5101760,PROVINCE,New Jersey,True
1230,US,737,PROVINCE,"Mankato,DMA®",True
1231,US,534,PROVINCE,"Orlando-Daytona Beach-Melbourne,DMA®",True
1232,NL,2755634,PROVINCE,Gelderland,True
1233,US,613,PROVINCE,"Minneapolis-St. Paul,DMA®",True
1234,IT,3176525,PROVINCE,Friuli Venezia Giulia,True
1235,RO,686253,PROVINCE,Arad,True
1236,AR,3844419,PROVINCE,Mendoza,True
1237,AR,3849574,PROVINCE,La Pampa,True
1238,PT,2269513,PROVINCE,Castelo Branco,True
1239,US,4971068,PROVINCE,Maine,True
1240,US,602,PROVINCE,"Chicago,DMA®",True
1241,US,798,PROVINCE,"Glendive,DMA®",True
1242,MX,3514211,PROVINCE,Yucatan,True
1243,PK,1167710,PROVINCE,Punjab,True
1244,AR,3848949,PROVINCE,La Rioja,True
1245,CA,6185811,PROVINCE,Yukon,True
1246,NL,2749879,PROVINCE,North Holland,True
1247,KZ,1519928,PROVINCE,Kostanay Region,True
1248,SA,104514,PROVINCE,Makkah Al Mukarramah,True
1249,KR,8394437,PROVINCE,Sejong,True
1250,US,4831725,PROVINCE,Connecticut,True
1251,CH,2658563,PROVINCE,Solothurn,True
1252,US,643,PROVINCE,"Lake Charles,DMA®",True
1253,TR,865521,PROVINCE,Duzce,True
1254,US,4436296,PROVINCE,Mississippi,True
1255,MX,3514780,PROVINCE,Veracruz,True
1256,SA,103628,PROVINCE,Najran,True
1257,US,6254926,PROVINCE,Massachusetts,True
1258,JP,2112669,PROVINCE,Ibaraki,True
1259,TR,304183,PROVINCE,Mugla,True
1260,US,588,PROVINCE,"South Bend-Elkhart,DMA®",True
1261,JP,1861387,PROVINCE,Ishikawa,True
1262,PT,2732437,PROVINCE,Vila Real,True
1263,MA,11281885,PROVINCE,Laayoune-Sakia El Hamra,True
1264,FI,830664,PROVINCE,Kainuu,True
1265,TR,746423,PROVINCE,Gumushane,True
1266,FR,2988289,PROVINCE,Pays de la Loire,True
1267,MX,3516391,PROVINCE,Tamaulipas,True
1268,JP,1863958,PROVINCE,Fukuoka,True
1269,MX,3979840,PROVINCE,Zacatecas,True
1270,TR,443213,PROVINCE,Kilis,True
1271,US,5690763,PROVINCE,North Dakota,True
1272,BR,3457415,PROVINCE,Mato Grosso do Sul,True
1273,US,637,PROVINCE,"Cedar Rapids-Waterloo-Iowa City-Dubuque,DMA®",True
1274,US,765,PROVINCE,"El Paso (Las Cruces),DMA®",True
1275,FI,830686,PROVINCE,North Karelia,True
1276,PK,1183606,PROVINCE,Balochistan,True
1277,US,4482348,PROVINCE,North Carolina,True
1278,US,5279468,PROVINCE,Wisconsin,True
1279,TR,310858,PROVINCE,Kahramanmaras,True
1280,US,515,PROVINCE,"Cincinnati,DMA®",True
1281,IE,2962943,PROVINCE,Limerick City and County,True
1282,US,582,PROVINCE,"Lafayette, IN,DMA®",True
1283,US,649,PROVINCE,"Evansville,DMA®",True
1284,US,556,PROVINCE,"Richmond-Petersburg,DMA®",True
1285,AR,3434137,PROVINCE,Entre Rios,True
1286,KZ,610688,PROVINCE,Aktobe Region,True
1287,IE,6697759,PROVINCE,South Dublin,True
1288,EG,360016,PROVINCE,Sharqia,True
1289,MX,3522509,PROVINCE,Oaxaca,True
1290,TR,321022,PROVINCE,Bitlis,True
1291,MX,3522542,PROVINCE,Nuevo Leon,True
1292,ZA,1085593,PROVINCE,Eastern Cape,True
1293,TR,312888,PROVINCE,Hakkari,True
1294,ES,2593113,PROVINCE,Valencian,True
1295,KZ,608879,PROVINCE,Mangystau Region,True
1296,SE,2666218,PROVINCE,Uppsala,True
1297,BR,3465877,CITY,Coluna,True
1298,MX,8582306,CITY,Madero,True
1299,BR,6317475,CITY,Lindoeste,True
1300,BR,3662155,CITY,Sena Madureira,True
1301,BR,3464630,CITY,Dobrada,True
1302,RO,664806,CITY,Tomnatic,True
1303,TR,302401,CITY,Refahiye,True
1304,SE,2724435,CITY,Astorp,True
1305,MX,8582537,CITY,Santiago Niltepec,True
1306,BR,3460827,CITY,Italva,True
1307,BD,1337168,CITY,Sirajganj,True
1308,BR,3446130,CITY,Tres de Maio,True
1309,MX,3987402,CITY,Tlaltenango de Sanchez Roman,True
1310,MX,3531200,CITY,Chalco de Diaz Covarrubias,True
1311,BR,3462410,CITY,Glicerio,True
1312,BR,3460955,CITY,Itabirinha,True
1313,BR,6323933,CITY,Caldazinha,True
1314,US,5525584,CITY,Lubbock,True
1315,BR,3451772,CITY,Reboucas,True
1316,BR,6318556,CITY,Sao Miguel do Guapore,True
1317,BR,6319966,CITY,Paqueta,True
1318,MX,8582047,CITY,Huehuetla,True
1319,JP,2110850,CITY,Tako,True
1320,NL,2744609,CITY,Weststellingwerf,True
1321,BR,3447533,CITY,Siriri,True
1322,JP,2127822,CITY,Teshikaga,True
1323,MX,8583728,CITY,Ixhuatlan de Madero,True
1324,IT,3175057,CITY,Latina,True
1325,MX,4019039,CITY,Ajuchitlan del Progreso,True
1326,BR,3458219,CITY,Machacalis,True
1327,CA,77400017,CITY,Kitimat Stikine,True
1328,SA,54500011,CITY,Unayzah,True
1329,BR,6318968,CITY,Xinguara,True
1330,JP,1850621,CITY,Tara,True
1331,JP,1861964,CITY,Ichikawa,True
1332,BR,3451242,CITY,Rio Branco do Sul,True
1333,MX,8583716,CITY,Hidalgotitlan,True
1334,BR,6322780,CITY,Foz do Jordao,True
1335,BR,6320031,CITY,Vera Mendes,True
1336,BR,6316431,CITY,Arenopolis,True
1337,BR,3461990,CITY,Guairaca,True
1338,MA,11282175,CITY,Fquih Ben Salah,True
1339,MX,8582062,CITY,Molango,True
1340,DE,2956940,CITY,Altotting,True
1341,BR,3471848,CITY,Aracruz,True
1342,MX,8582055,CITY,Metepec,True
1343,BR,6316567,CITY,Betania do Piaui,True
1344,BR,6317220,CITY,Governador Nunes Freire,True
1345,BR,3457850,CITY,Maragogipe,True
1346,ES,2517115,CITY,Granada,True
1347,MX,8583285,CITY,Lazaro Cardenas,True
1348,NO,54040091,CITY,Gran,True
1349,CA,77400113,CITY,La Co te de Beaupre,True
1350,IT,3170027,CITY,Potenza,True
1351,BR,3470341,CITY,Bastos,True
1352,BR,3411889,CITY,Colmeia,True
1353,MX,3997017,CITY,Luis Moya,True
1354,JP,11611947,CITY,Higashiomi,True
1355,BR,3472265,CITY,Andira,True
1356,BR,3457136,CITY,Mirabela,True
1357,SE,2671530,CITY,Storuman,True
1358,DE,6553132,CITY,Bochum,True
1359,BR,3444876,CITY,Volta Redonda,True
1360,BR,6323826,CITY,Gaucha do Norte,True
1361,IT,3176217,CITY,Genoa,True
1362,JP,1863917,CITY,Fukuyama,True
1363,BR,3456270,CITY,Nordestina,True
1364,BR,6320956,CITY,Matina,True
1365,JP,1907123,CITY,Hasuda,True
1366,RO,10942255,CITY,Gropeni,True
1367,TR,10345207,CITY,Odunpazari,True
1368,SE,2665857,CITY,Vaggeryd,True
1369,BR,3401725,CITY,Coremas,True
1370,BR,3391331,CITY,Barra de Sao Miguel,True
1371,TR,325304,CITY,Afsin,True
1372,BR,3471910,CITY,Apucarana,True
1373,BR,6321227,CITY,Capela Nova,True
1374,BR,3445148,CITY,Vianopolis,True
1375,BR,3388437,CITY,Sao Jose do Campestre,True
1376,BR,3456125,CITY,Nova Prata,True
1377,NL,2745739,CITY,Veere,True
1378,JP,1856569,CITY,Moriyama,True
1379,BR,6319698,CITY,Formosa da Serra Negra,True
1380,EG,52200041,CITY,New Borg El Arab,True
1381,NO,54040022,CITY,Nesodden,True
1382,BR,3456814,CITY,Montes Claros,True
1383,BR,3465459,CITY,Coronel Vivida,True
1384,JP,1857342,CITY,Mifune,True
1385,BR,3451232,CITY,Rio Claro,True
1386,BR,6324314,CITY,Senador Rui Palmeira,True
1387,BR,6320705,CITY,Nossa Senhora Aparecida,True
1388,BR,3445549,CITY,Vargem,True
1389,BR,3471847,CITY,Aracu,True
1390,BD,1337164,CITY,Chapainawabganj,True
1391,BR,3460901,CITY,Itaguacu,True
1392,MX,8583271,CITY,Landa de Matamoros,True
1393,NO,3152624,CITY,Hitra,True
1394,BR,6323519,CITY,Morrinhos do Sul,True
1395,US,4164238,CITY,Miami-Dade,True
1396,BR,3392018,CITY,Pio XII,True
1397,BR,3404231,CITY,Caetes,True
1398,BR,6319205,CITY,Jequia da Praia,True
1399,NL,2747117,CITY,Sluis,True
1400,BR,3411905,CITY,Santa Fe do Araguaia,True
1401,BR,6317027,CITY,Dom Bosco,True
1402,MX,3515040,CITY,Tulum,True
1403,BR,3408272,CITY,Afonso Bezerra,True
1404,BR,3449479,CITY,Santo Antonio do Sudoeste,True
1405,BR,3468904,CITY,Brochier,True
1406,TR,306115,CITY,Kozakli,True
1407,MA,97000154,CITY,Chtouka- Ait Baha,True
1408,KR,1842225,CITY,Gumi,True
1409,PK,1166000,CITY,Sargodha,True
1410,DE,2874242,CITY,Main Kinzig,True
1411,AR,3433899,CITY,Formosa,True
1412,BR,6319750,CITY,Nova Olinda do Maranhao,True
1413,GB,2657060,CITY,Armagh Banbridge and Craigavon,True
1414,BR,3469540,CITY,Boituva,True
1415,TR,745028,CITY,Izmit,True
1416,JP,2112309,CITY,Katsuura,True
1417,BR,3391271,CITY,Prata,True
1418,SE,2664203,CITY,Vastervik,True
1419,MX,3516919,CITY,Tetla de la Solidaridad,True
1420,EG,52200208,CITY,Ras Sedr,True
1421,NO,6453332,CITY,Averoy,True
1422,BR,3461539,CITY,Ibitita,True
1423,BR,50400012,CITY,Santa Rita de Jacutinga,True
1424,BR,3456879,CITY,Monte Alegre de Sergipe,True
1425,AR,3838561,CITY,Rosario de Lerma,True
1426,NO,3135788,CITY,Strand,True
1427,BR,3459776,CITY,Joao Ramalho,True
1428,DE,6557486,CITY,Vechta,True
1429,AR,3433715,CITY,Goya,True
1430,BR,6316989,CITY,Damiao,True
1431,BR,3458330,CITY,Bom Retiro,True
1432,NL,2758104,CITY,Bunschoten,True
1433,BR,6319794,CITY,Sao Domingos do Azeitao,True
1434,JP,1851713,CITY,Shobara,True
1435,IT,3177088,CITY,Ferrara,True
1436,GB,3333216,CITY,Warrington,True
1437,BR,3456530,CITY,Muniz Freire,True
1438,BR,3389023,CITY,Sao Benedito,True
1439,GB,3333230,CITY,Falkirk,True
1440,JP,7418806,CITY,Minamishimabara,True
1441,RO,665009,CITY,Targu Lapus,True
1442,JP,7407413,CITY,Kama,True
1443,BR,3453419,CITY,Planaltina do Parana,True
1444,TR,304081,CITY,Mus,True
1445,JP,1863541,CITY,Gose,True
1446,BR,6319953,CITY,Murici dos Portelas,True
1447,MX,3527186,CITY,Gutierrez Zamora,True
1448,BR,3402211,CITY,Cha Preta,True
1449,BR,3445983,CITY,Tucano,True
1450,JP,2128896,CITY,Noheji,True
1451,NL,54020013,CITY,Texel,True
1452,BR,3465770,CITY,Conceicao da Aparecida,True
1453,SA,32000000285,CITY,Bahrah,True
1454,JP,6822190,CITY,Kurihara,True
1455,NL,2751436,CITY,Lopik,True
1456,BR,3454783,CITY,Patos de Minas,True
1457,NL,2759875,CITY,Alphen aan den Rijn,True
1458,FR,2997857,CITY,Loiret,True
1459,JP,1861838,CITY,Iiyama,True
1460,MX,3981941,CITY,Tepic,True
1461,BR,3452925,CITY,Porto Alegre,True
1462,BR,3465749,CITY,Conceicao do Castelo,True
1463,BR,3466803,CITY,Casca,True
1464,JP,2112297,CITY,Kamogawa,True
1465,ES,6355232,CITY,La Rioja,True
1466,MX,4000900,CITY,La Paz,True
1467,BR,3407703,CITY,Amontada,True
1468,JP,1851100,CITY,Takamatsu,True
1469,PT,8010576,CITY,Sousel,True
1470,MX,3995019,CITY,Navojoa,True
1471,JP,92400044,CITY,Kitahiroshima-shi,True
1472,AR,52000031,CITY,Chivilcoy,True
1473,BR,3473268,CITY,Abadiania,True
1474,CA,5991094,CITY,Kent,True
1475,MX,3980798,CITY,Union de Tula,True
1476,BR,6324180,CITY,Caracarai,True
1477,BR,3457694,CITY,Marilandia do Sul,True
1478,GB,2649889,CITY,Essex,True
1479,BR,3470264,CITY,Bebedouro,True
1480,AR,52000085,CITY,San Vicente,True
1481,JP,1859779,CITY,Katsushika,True
1482,SE,2716437,CITY,Eksjo,True
1483,BR,3467301,CITY,Capetinga,True
1484,JP,7407450,CITY,Miyako,True
1485,DE,3247912,CITY,Bernkastel Wittlich,True
1486,BR,6317574,CITY,Matupa,True
1487,SE,2711509,CITY,Gotland,True
1488,BR,6317616,CITY,Montalvania,True
1489,JP,1853483,CITY,Oyama,True
1490,CA,77400070,CITY,Neepawa,True
1491,GB,11353078,CITY,Mid and East Antrim,True
1492,BR,3450671,CITY,Salinas,True
1493,BR,3447606,CITY,Setubinha,True
1494,BR,6319467,CITY,Sao Caetano de Odivelas,True
1495,BR,6322894,CITY,Nova Prata do Iguacu,True
1496,FR,2996268,CITY,Manche,True
1497,US,5350964,CITY,Fresno,True
1498,IT,3181526,CITY,Brindisi,True
1499,JP,1855078,CITY,Noda,True
1500,SE,2701223,CITY,Katrineholm,True
1501,DE,2934691,CITY,Duisburg,True
1502,TR,315061,CITY,Ezine,True
1503,MX,3530580,CITY,Victoria,True
1504,JP,1861791,CITY,Ikeda,True
1505,ES,6424360,CITY,Balearic Islands,True
1506,ZA,55500005,CITY,King Cetshwayo,True
1507,BR,3394745,CITY,Mocajuba,True
1508,MX,8583250,CITY,Yehualtepec,True
1509,BR,3456313,CITY,Neves Paulista,True
1510,BR,6321595,CITY,Natalandia,True
1511,TR,307654,CITY,Kirikkale,True
1512,NO,54040084,CITY,Sel,True
1513,MX,8582225,CITY,El Oro,True
1514,MX,8583382,CITY,Cajeme,True
1515,BR,6321666,CITY,Piedade de Caratinga,True
1516,BR,3472048,CITY,Antonina,True
1517,BR,3465661,CITY,Congonhinhas,True
1518,PK,1177657,CITY,Gujranwala,True
1519,DE,3220794,CITY,Zollernalb,True
1520,DE,2940204,CITY,Cham,True
1521,JP,7374304,CITY,Kitahiroshima,True
1522,DK,6543950,CITY,Lolland,True
1523,BR,3452774,CITY,Porto Firme,True
1524,BR,3405870,CITY,Belem,True
1525,BR,3458257,CITY,Macambira,True
1526,JP,1853415,CITY,Ranzan,True
1527,BR,6316833,CITY,Catuti,True
1528,BR,3460200,CITY,Jaguariuna,True
1529,BR,3470137,CITY,Belmonte,True
1530,BR,3455769,CITY,Osorio,True
1531,CA,77400043,CITY,Grande Cache,True
1532,TR,8630815,CITY,Mazidagi,True
1533,BR,3387604,CITY,Sirinhaem,True
1534,NO,3149312,CITY,Kristiansund,True
1535,JP,11611946,CITY,Bizen,True
1536,BR,3460899,CITY,Itaguai,True
1537,BR,3451234,CITY,Rio Claro,True
1538,SE,2720501,CITY,Boras,True
1539,JP,1859308,CITY,Kita Ward,True
1540,BR,6320493,CITY,Cha de Alegria,True
1541,GB,3333127,CITY,Blackpool,True
1542,BR,3468349,CITY,Cacule,True
1543,TR,312051,CITY,Hisarcik,True
1544,JP,6822139,CITY,Tonami,True
1545,BR,3465757,CITY,Conceicao de Macabu,True
1546,MX,3483063,CITY,Xicotencatl,True
1547,MX,8581757,CITY,Villa Comaltitlan,True
1548,TR,745664,CITY,Hendek,True
1549,TR,302720,CITY,Pervari,True
1550,MX,8583769,CITY,Papantla,True
1551,JP,1859794,CITY,Katsuragi,True
1552,BR,3453984,CITY,Piata,True
1553,JP,1851348,CITY,Suzuka,True
1554,MA,2541472,CITY,Nador,True
1555,TR,740483,CITY,Rize,True
1556,FR,3013663,CITY,Haut Rhin,True
1557,JP,6822215,CITY,Kaizu,True
1558,MX,8583169,CITY,San Gabriel Chilac,True
1559,MX,4004159,CITY,Xalisco,True
1560,BR,3455189,CITY,Papanduva,True
1561,DE,2911522,CITY,Halle,True
1562,JP,11612327,CITY,Iki Island,True
1563,BR,3469601,CITY,Bocaiuva,True
1564,BR,7932387,CITY,Ipiranga do Norte,True
1565,US,4654962,CITY,Rutherford,True
1566,RO,54440860,CITY,Păunești,True
1567,BR,3461604,CITY,Ibicoara,True
1568,JP,2111220,CITY,Sakura,True
1569,BR,3407357,CITY,Araguaina,True
1570,TR,745076,CITY,Iskilip,True
1571,BR,3397886,CITY,Itaquitinga,True
1572,MX,3518676,CITY,San Juan Guichicovi,True
1573,BR,3445689,CITY,Urucuia,True
1574,BR,3392242,CITY,Petrolina,True
1575,BR,3391040,CITY,Queimadas,True
1576,AR,52000044,CITY,Nueve de Julio,True
1577,PT,2266988,CITY,Loulé,True
1578,DE,2861443,CITY,Oberallgau,True
1579,BR,3469456,CITY,Bom Jardim de Goias,True
1580,BR,3465000,CITY,Cuparaque,True
1581,SA,110336,CITY,Dammam,True
1582,NL,2753439,CITY,Hulst,True
1583,MX,4016722,CITY,Buenaventura,True
1584,TR,740616,CITY,Pendik,True
1585,BD,1337209,CITY,Bagerhat,True
1586,AR,3836772,CITY,San Pedro,True
1587,CA,77400053,CITY,Estevan,True
1588,MX,3518618,CITY,Teotihuacan,True
1589,AR,3838874,CITY,Rio Cuarto,True
1590,MX,8582060,CITY,La Mision,True
1591,PT,2272222,CITY,Albufeira,True
1592,BR,3399518,CITY,Floresta,True
1593,BR,3461860,CITY,Guaratinga,True
1594,MX,8583332,CITY,Tierra Nueva,True
1595,IT,3165924,CITY,Taranto,True
1596,BR,3449521,CITY,Santo Antonio de Jesus,True
1597,BR,3460542,CITY,Itororo,True
1598,BR,6316745,CITY,Campo Novo do Parecis,True
1599,MX,3523240,CITY,Miahuatlan de Porfirio Diaz,True
1600,TR,301975,CITY,Samandag,True
1601,JP,1860533,CITY,Kamikawa,True
1602,NL,2743856,CITY,Zoetermeer,True
1603,BR,6321272,CITY,Chapada Gaucha,True
1604,BR,3456109,CITY,Nova Veneza,True
1605,JP,1857413,CITY,Meiwa,True
1606,BR,3454673,CITY,Paulo de Faria,True
1607,DE,3220999,CITY,Werra Meissner,True
1608,JP,1865290,CITY,Annaka,True
1609,BR,3461620,CITY,Ibia,True
1610,MX,8582350,CITY,Tiquicheo,True
1611,BR,6317428,CITY,Lagoa de Dentro,True
1612,BR,6320252,CITY,Triunfo Potiguar,True
1613,KZ,610611,CITY,Aktobe,True
1614,BR,3395954,CITY,Macurure,True
1615,CH,2659869,CITY,Locarno,True
1616,BR,3461214,CITY,Inhapim,True
1617,BR,3661756,CITY,Uarini,True
1618,TR,322826,CITY,Aydincik,True
1619,MX,3530937,CITY,Chicoloapan de Juarez,True
1620,BR,3388620,CITY,Sao Joao do Jaguaribe,True
1621,BR,6323518,CITY,Monte Alegre dos Campos,True
1622,JP,2111836,CITY,Moka,True
1623,JP,7406325,CITY,Mima,True
1624,BR,6323702,CITY,Vera Cruz,True
1625,SE,2677025,CITY,Skurup,True
1626,MX,3533079,CITY,Aldama,True
1627,BR,3455908,CITY,Oliveira,True
1628,BR,3452502,CITY,Pouso Redondo,True
1629,JP,6822099,CITY,Tsuchiura,True
1630,MX,4017743,CITY,Badiraguato,True
1631,BR,3470075,CITY,Bento de Abreu,True
1632,BR,3473157,CITY,Adamantina,True
1633,BR,3397277,CITY,Joao Pessoa,True
1634,BR,3471335,CITY,Atibaia,True
1635,RO,8334650,CITY,Municipiul Sibiu,True
1636,EG,52200160,CITY,Juhaynah West,True
1637,BR,3449954,CITY,Santana da Boa Vista,True
1638,BR,6322565,CITY,Santopolis do Aguapei,True
1639,BR,3465480,CITY,Coronel Bicaco,True
1640,JP,1858964,CITY,Kokubunji,True
1641,BR,3455461,CITY,Palmares do Sul,True
1642,BR,3448300,CITY,Sao Roque,True
1643,SE,2669047,CITY,Timra,True
1644,MX,3526993,CITY,Huatusco,True
1645,BR,3393900,CITY,Nossa Senhora dos Remedios,True
1646,BR,6318785,CITY,Trairao,True
1647,SE,2674968,CITY,Sotenas,True
1648,BR,3444969,CITY,Visconde do Rio Branco,True
1649,JP,1851454,CITY,Sumida,True
1650,DE,2898321,CITY,Hoxter,True
1651,BR,3446137,CITY,Tres Coroas,True
1652,BR,3406196,CITY,Barreirinhas,True
1653,EG,52200169,CITY,Abu Tesht,True
1654,BR,3470709,CITY,Barra do Garcas,True
1655,NO,3155805,CITY,Giske,True
1656,BR,3449701,CITY,Santo Andre,True
1657,JP,6822098,CITY,Kasumigaura,True
1658,DE,2907201,CITY,Heinsberg,True
1659,DK,6543932,CITY,Ringkøbing-Skjern Municipality,True
1660,BR,6321182,CITY,Bonfim,True
1661,AE,291763,CITY,Kalba,True
1662,MX,3515811,CITY,Tepoztlan,True
1663,US,4617305,CITY,Davidson,True
1664,BR,6323844,CITY,Nova Brasilandia,True
1665,JP,11612332,CITY,Seiyo,True
1666,SE,2664855,CITY,Varnamo,True
1667,ZA,993800,CITY,Johannesburg,True
1668,BR,3389560,CITY,Santa Luzia,True
1669,RO,671746,CITY,Oravita,True
1670,BR,6318882,CITY,Vereda,True
1671,RO,685718,CITY,Balaciu,True
1672,SA,32000000291,CITY,Tubarjal,True
1673,JP,7371223,CITY,Fukusaki,True
1674,MA,11281933,CITY,Guercif,True
1675,ZA,8347375,CITY,Waterberg,True
1676,MX,4006388,CITY,Etchojoa,True
1677,CH,2658576,CITY,Sion,True
1678,BR,3445448,CITY,Varzea Nova,True
1679,BR,6319720,CITY,Jenipapo dos Vieiras,True
1680,TR,749279,CITY,Cerkes,True
1681,MX,3516210,CITY,Teapa,True
1682,CA,6110181,CITY,Pontiac,True
1683,MX,3992599,CITY,Pihuamo,True
1684,BR,3397119,CITY,Jucas,True
1685,BR,3407367,CITY,Aracoiaba,True
1686,CA,77400022,CITY,East Kootenay,True
1687,SE,2678913,CITY,Sjobo,True
1688,MX,3981461,CITY,Tlaquepaque,True
1689,NO,3336587,CITY,Askoy,True
1690,NL,2753801,CITY,Haarlemmermeer,True
1691,AR,52000059,CITY,Salto,True
1692,BR,3389006,CITY,Sao Bento,True
1693,BR,3404833,CITY,Brejo Santo,True
1694,DE,3221073,CITY,Emsland,True
1695,BR,3457952,CITY,Manhuacu,True
1696,JP,7467384,CITY,Ono,True
1697,TR,314826,CITY,Gaziemir,True
1698,TR,304642,CITY,Melikgazi,True
1699,JP,1859319,CITY,Kitakata,True
1700,BR,3457025,CITY,Mococa,True
1701,BR,3461171,CITY,Inubia Paulista,True
1702,BR,3447437,CITY,Socorro,True
1703,BR,3455337,CITY,Palmital,True
1704,BR,3461065,CITY,Ipuiuna,True
1705,DE,6559111,CITY,Wiesbaden,True
1706,BR,3458805,CITY,Laranja da Terra,True
1707,NL,2755434,CITY,Gorinchem,True
1708,BR,3471772,CITY,Ararangua,True
1709,BR,3447839,CITY,Senhor do Bonfim,True
1710,MX,8583066,CITY,Atoyatempan,True
1711,JP,11611939,CITY,Joyo,True
1712,BR,3392010,CITY,Piquet Carneiro,True
1713,MX,3526501,CITY,Jilotepec,True
1714,BR,6319138,CITY,Derrubadas,True
1715,SE,2692613,CITY,Mariestad,True
1716,BR,3395404,CITY,Marco,True
1717,NL,2757850,CITY,Dalfsen,True
1718,JP,6822160,CITY,Fujimi,True
1719,JP,2111834,CITY,Morioka,True
1720,BR,3468864,CITY,Buenopolis,True
1721,SE,2673730,CITY,Stockholm,True
1722,BR,3384983,CITY,Vitorino Freire,True
1723,BR,3390326,CITY,Ribeirao,True
1724,BR,3469310,CITY,Boninal,True
1725,TR,311553,CITY,Ilgin,True
1726,BR,3455152,CITY,Paraguacu Paulista,True
1727,AR,3855065,CITY,General Roca,True
1728,MX,4018584,CITY,Amealco de Bonfil,True
1729,BR,3461499,CITY,Igarapava,True
1730,DE,2928751,CITY,Esslingen,True
1731,CA,77400095,CITY,Minganie Le Golfe du Saint Laurent,True
1732,BR,3471451,CITY,Arraial do Cabo,True
1733,BR,3406844,CITY,Baiao,True
1734,BR,3461981,CITY,Guamiranga,True
1735,MX,8583235,CITY,Tochtepec,True
1736,BR,3470003,CITY,Biguacu,True
1737,BR,3391481,CITY,Poranga,True
1738,BR,3469190,CITY,Boquira,True
1739,MX,8582320,CITY,Panindicuaro,True
1740,NO,3158300,CITY,Elverum,True
1741,BR,3391420,CITY,Porteiras,True
1742,JP,1849299,CITY,Umi,True
1743,BR,3406457,CITY,Barauna,True
1744,SE,2667628,CITY,Tranas,True
1745,DE,3220738,CITY,Heidenheim,True
1746,BR,3460132,CITY,Japeri,True
1747,JP,11749713,CITY,Chiyoda,True
1748,BR,3471381,CITY,Ascurra,True
1749,MX,3514349,CITY,Yajalon,True
1750,RO,675531,CITY,Ion Neculce,True
1751,MX,3980627,CITY,Allende,True
1752,BR,6319017,CITY,Beneditinos,True
1753,PK,50100003,CITY,Shaheed Benazirabad,True
1754,US,5392427,CITY,San Mateo,True
1755,BR,6324097,CITY,Teresina de Goias,True
1756,TR,741771,CITY,Malkara,True
1757,BR,3467042,CITY,Carambei,True
1758,BR,3464720,CITY,Dianopolis,True
1759,NL,2759145,CITY,Bergen op Zoom,True
1760,JP,2110767,CITY,Tokai,True
1761,JP,1849621,CITY,Tsuno,True
1762,BR,6318842,CITY,Urupa,True
1763,BR,3398007,CITY,Isaias Coelho,True
1764,EG,358870,CITY,Biba,True
1765,BR,3469998,CITY,Bilac,True
1766,JP,2112705,CITY,Hitachiota,True
1767,MX,3988050,CITY,Salvatierra,True
1768,TR,299817,CITY,Tarsus,True
1769,TR,750317,CITY,Bulancak,True
1770,BD,1337187,CITY,Madaripur,True
1771,TR,316634,CITY,Dinar,True
1772,TR,744716,CITY,Kandira,True
1773,BR,3388622,CITY,Sao Joao do Cariri,True
1774,JP,6825491,CITY,Myoko,True
1775,MX,4013136,CITY,Colotlan,True
1776,BR,6320010,CITY,Sao Lourenco do Piaui,True
1777,BR,3459722,CITY,Joaquim Tavora,True
1778,NL,54020011,CITY,Utrechtse Heuvelrug,True
1779,NL,11746060,CITY,Hardinxveld Giessendam,True
1780,BR,3449938,CITY,Santana do Itarare,True
1781,DE,2950257,CITY,Bergstrasse,True
1782,BR,3461013,CITY,Irece,True
1783,BR,3398192,CITY,Inhapi,True
1784,BR,3467688,CITY,Campos Altos,True
1785,AR,3839479,CITY,Castellanos,True
1786,BR,3470843,CITY,Barbosa,True
1787,BR,6316411,CITY,Apiacas,True
1788,AT,2778436,CITY,Gmunden,True
1789,BR,3457398,CITY,Mato Verde,True
1790,BR,6322865,CITY,Maripa,True
1791,BR,6317974,CITY,Pintopolis,True
1792,MX,3515807,CITY,Cuautitlan Izcalli,True
1793,BR,3444944,CITY,Vista Alegre do Alto,True
1794,CH,2661881,CITY,Aarau,True
1795,FR,3013737,CITY,Haute Saone,True
1796,RO,669753,CITY,Potlogi,True
1797,MX,8583957,CITY,Uman,True
1798,MX,3532510,CITY,Ayotzintepec,True
1799,BR,6323542,CITY,Novo Machado,True
1800,US,5379524,CITY,Orange,True
1801,JP,1859675,CITY,Kawanishi,True
1802,RO,673881,CITY,Marasesti,True
1803,BR,3389353,CITY,Santarem,True
1804,JP,1848188,CITY,Yoshikawa,True
1805,DE,2831250,CITY,Sonneberg,True
1806,FR,3016194,CITY,Gers,True
1807,JP,1856673,CITY,Mizuho,True
1808,EG,52200144,CITY,Maghagha,True
1809,NL,2745297,CITY,Voorst,True
1810,MX,3526657,CITY,Izucar de Matamoros,True
1811,MX,8582180,CITY,San Sebastian del Oeste,True
1812,BR,3447509,CITY,Sitio do Mato,True
1813,BR,6319873,CITY,Campo Largo do Piaui,True
1814,TR,298433,CITY,Uludere,True
1815,NL,54020021,CITY,Zuidplas,True
1816,BR,3460887,CITY,Itai,True
1817,JP,1859912,CITY,Kashiwara,True
1818,AR,3839307,CITY,Rawson,True
1819,MX,3527656,CITY,Ezequiel Montes,True
1820,BR,3469128,CITY,Botuvera,True
1821,MX,3533475,CITY,Acambay,True
1822,BR,3463698,CITY,Euclides da Cunha,True
1823,BR,3389361,CITY,Santa Quiteria,True
1824,EG,52200201,CITY,Bir al Abd,True
1825,SE,2692570,CITY,Mark,True
1826,BR,3390935,CITY,Quixaba,True
1827,JP,6822170,CITY,Tamura,True
1828,BR,3466837,CITY,Carvalhos,True
1829,JP,92400095,CITY,Shari-cho,True
1830,BR,3969378,CITY,Cacaulandia,True
1831,BR,6319854,CITY,Bertolinia,True
1832,BR,3468893,CITY,Brumado,True
1833,BR,6322311,CITY,Itapirapua Paulista,True
1834,EG,347541,CITY,Tamiya,True
1835,JP,6825500,CITY,Sennan,True
1836,TR,741347,CITY,Nallihan,True
1837,TR,7732712,CITY,Aliaga,True
1838,BR,6319696,CITY,Feira Nova do Maranhao,True
1839,BR,3461724,CITY,Gurupi,True
1840,JP,1863627,CITY,Ginowan,True
1841,BR,3395949,CITY,Madalena,True
1842,GB,3333229,CITY,Edinburgh,True
1843,JP,1850771,CITY,Taku,True
1844,CA,77400003,CITY,Region 1,True
1845,JP,7391349,CITY,Ayagawa,True
1846,AR,3435217,CITY,Capital,True
1847,US,4696376,CITY,Harris,True
1848,BR,3470116,CITY,Belo Vale,True
1849,BR,3407128,CITY,Arneiroz,True
1850,BR,3401703,CITY,Coroata,True
1851,TR,316899,CITY,Derik,True
1852,MX,3515900,CITY,Tepecoacuilco de Trujano,True
1853,BR,6320030,CITY,Varzea Grande,True
1854,SE,2667599,CITY,Tranemo,True
1855,EG,352351,CITY,Minya al Qamh,True
1856,BR,3450202,CITY,Santa Ines,True
1857,NO,3140390,CITY,Sandefjord,True
1858,BR,3469434,CITY,Bom Jesus da Serra,True
1859,BR,3466134,CITY,Cipo,True
1860,ES,3120513,CITY,Huesca,True
1861,DE,2874544,CITY,Magdeburg,True
1862,BR,3446752,CITY,Taquarituba,True
1863,MX,8583338,CITY,Villa de Ramos,True
1864,BR,3465429,CITY,Corrego Fundo,True
1865,MA,2540482,CITY,Oujda-Angad,True
1866,BR,3465338,CITY,Corumbaiba,True
1867,BR,3446065,CITY,Tres Rios,True
1868,BR,6318187,CITY,Rosana,True
1869,BD,51360005,CITY,Netrokona,True
1870,CA,6164647,CITY,Therèse De Blainville,True
1871,TR,315498,CITY,Eregli,True
1872,RO,682685,CITY,Carei,True
1873,BR,3454213,CITY,Penha,True
1874,DE,2807218,CITY,Wittmund,True
1875,BR,6319945,CITY,Matias Olimpio,True
1876,BR,3402591,CITY,Castanhal,True
1877,JP,7447006,CITY,Yamamoto,True
1878,FR,3016670,CITY,Gard,True
1879,SE,2706057,CITY,Hofors,True
1880,BR,3472311,CITY,Amparo,True
1881,BR,3453494,CITY,Piritiba,True
1882,TR,300748,CITY,Sincan,True
1883,BR,3458696,CITY,Lavras,True
1884,EG,362882,CITY,Abu El Matamir,True
1885,CA,77400079,CITY,The Pas,True
1886,BR,3385935,CITY,Tucurui,True
1887,BR,3408132,CITY,Aiuaba,True
1888,TR,321082,CITY,Bingol,True
1889,BR,3396405,CITY,Landri Sales,True
1890,BR,6317342,CITY,Ivinhema,True
1891,MX,3982364,CITY,Tarimoro,True
1892,MX,3998287,CITY,Loreto,True
1893,BR,3461151,CITY,Ipameri,True
1894,BR,3392272,CITY,Peritoro,True
1895,BR,3399679,CITY,Feira Nova,True
1896,BR,6323729,CITY,Bataypora,True
1897,BR,3446922,CITY,Tapejara,True
1898,US,5387890,CITY,Riverside,True
1899,SE,2708665,CITY,Hallefors,True
1900,BR,3400617,CITY,Estreito,True
1901,JP,11611477,CITY,Yamatokoriyama,True
1902,FR,3035691,CITY,Aveyron,True
1903,BR,3470279,CITY,Bauru,True
1904,BR,6318649,CITY,Selviria,True
1905,BR,50400018,CITY,Sao Jeronimo da Serra,True
1906,JP,7407426,CITY,Nakagawa,True
1907,BR,3472208,CITY,Angical,True
1908,MX,3532969,CITY,Altotonga,True
1909,ZA,8347372,CITY,Nkangala,True
1910,BR,3391395,CITY,Porto da Folha,True
1911,TR,301492,CITY,Saruhanli,True
1912,JP,11611632,CITY,Fuchu,True
1913,BR,6316391,CITY,Angelandia,True
1914,MX,8583226,CITY,Tlahuapan,True
1915,MX,3515062,CITY,Tulancingo,True
1916,BR,3445713,CITY,Uruacu,True
1917,GB,2636909,CITY,Stirling,True
1918,BR,3398708,CITY,Granito,True
1919,IE,3310247,CITY,Shannon,True
1920,MX,8583554,CITY,Acultzingo,True
1921,BR,3445534,CITY,Vargem Alta,True
1922,NL,2756539,CITY,Druten,True
1923,BR,6319921,CITY,Jacobina do Piaui,True
1924,JP,2129870,CITY,Iwamizawa,True
1925,NO,3133379,CITY,Ullensvang,True
1926,AR,3832681,CITY,Sarmiento,True
1927,US,4168618,CITY,Pinellas,True
1928,CA,8556034,CITY,Nipissing,True
1929,DE,6553026,CITY,Monchengladbach,True
1930,FR,3038111,CITY,Allier,True
1931,JP,1895695,CITY,Kushima,True
1932,EG,52200133,CITY,Heracleopolis,True
1933,BR,3456292,CITY,Nilo Pecanha,True
1934,IT,3164418,CITY,Vicenza,True
1935,TR,737961,CITY,Korfez,True
1936,BR,3396740,CITY,Lagoa do Ouro,True
1937,RO,668997,CITY,Reghin,True
1938,JP,10630007,CITY,Tsushima,True
1939,MX,8582719,CITY,Centla,True
1940,NO,3148768,CITY,Kvinnherad,True
1941,EG,352733,CITY,Mersa Matruh,True
1942,CA,77400000,CITY,Kivalliq,True
1943,TR,318755,CITY,Cesme,True
1944,BR,3468641,CITY,Cabeceiras,True
1945,BR,3400739,CITY,Esperantinopolis,True
1946,BR,6323716,CITY,Xangri la,True
1947,BR,3470324,CITY,Batatais,True
1948,BR,6319093,CITY,Aracai,True
1949,ZA,8347384,CITY,ZF Mgcawu,True
1950,BR,3459193,CITY,Lagoa dos Patos,True
1951,TR,743882,CITY,Kastamonu,True
1952,TR,742189,CITY,Kure,True
1953,MX,3992857,CITY,Pesqueria,True
1954,MX,3514179,CITY,Zacapoaxtla,True
1955,TR,7733226,CITY,Sabanozu,True
1956,BR,3466522,CITY,Cedral,True
1957,BR,3463237,CITY,Florianopolis,True
1958,BR,3468902,CITY,Brodowski,True
1959,BR,3450950,CITY,Romelandia,True
1960,US,4952349,CITY,Suffolk,True
1961,BR,3462986,CITY,Lucas do Rio Verde,True
1962,JP,1850742,CITY,Tamano,True
1963,DE,2953424,CITY,Bad Kissingen,True
1964,BR,3457585,CITY,Martins Soares,True
1965,BE,2792347,CITY,Limburg,True
1966,JP,2127515,CITY,Wakkanai,True
1967,MX,8583712,CITY,Espinal,True
1968,MA,6547299,CITY,Nouaceur,True
1969,BR,6318281,CITY,Santa Maria do Cambuca,True
1970,JP,1854376,CITY,Okazaki,True
1971,JP,2110460,CITY,Yuzawa,True
1972,BR,6320552,CITY,Oroco,True
1973,BR,3403941,CITY,Cajueiro,True
1974,TR,317241,CITY,Demirci,True
1975,JP,7413153,CITY,Koshi,True
1976,BR,3402429,CITY,Caucaia,True
1977,MX,3520935,CITY,Putla Villa de Guerrero,True
1978,BR,3453303,CITY,Pocos de Caldas,True
1979,JP,1849876,CITY,Toyama,True
1980,TR,752278,CITY,Alaca,True
1981,MX,3995943,CITY,Miguel Auza,True
1982,BR,3466779,CITY,Cascavel,True
1983,SA,10972353,CITY,Baysh,True
1984,BR,3451305,CITY,Ribeiropolis,True
1985,CH,6458781,CITY,March,True
1986,BR,3403127,CITY,Capitao Poco,True
1987,NO,3132176,CITY,Verdal,True
1988,BR,3467686,CITY,Campos Borges,True
1989,BD,1337208,CITY,Narail,True
1990,AR,3427532,CITY,Veinticinco de Mayo,True
1991,BD,1336137,CITY,Barisal,True
1992,BR,3396914,CITY,Lagoa,True
1993,BR,3448651,CITY,Sao Jose do Ouro,True
1994,AE,290594,CITY,Umm Al Quwain,True
1995,JP,1848764,CITY,Yakage,True
1996,DE,3220855,CITY,Amberg Sulzbach,True
1997,JP,1851483,CITY,Suita,True
1998,AR,3859965,CITY,Punilla,True
1999,CA,6167865,CITY,Toronto,True
2000,IT,3182178,CITY,Benevento,True
2001,DE,3302143,CITY,Nordwestmecklenburg,True
2002,RO,662884,CITY,Valcele,True
2003,BR,6322975,CITY,Santa Maria do Oeste,True
2004,US,4291564,CITY,Fayette,True
2005,MX,3522886,CITY,Muna,True
2006,JP,1850263,CITY,Tōgō,True
2007,SE,2706184,CITY,Hjo,True
2008,JP,6822112,CITY,Chikuma,True
2009,MX,8583906,CITY,Maxcanu,True
2010,BR,3393372,CITY,Pacuja,True
2011,DE,6553135,CITY,Hamm,True
2012,DE,2844588,CITY,Rostock,True
2013,BR,3461519,CITY,Icara,True
2014,BR,3460511,CITY,Ituverava,True
2015,JP,92400024,CITY,Tonoshou-cho,True
2016,MX,3982098,CITY,Temascaltepec,True
2017,MX,8583010,CITY,Centro,True
2018,NO,3145375,CITY,Moss,True
2019,GB,11353074,CITY,Ards and North Down,True
2020,DE,2817599,CITY,Verden,True
2021,JP,1850523,CITY,Tateyama,True
2022,BR,3453896,CITY,Pilar do Sul,True
2023,BR,3450920,CITY,Ronda Alta,True
2024,CA,6049019,CITY,Lambton,True
2025,MX,8582172,CITY,San Diego de Alejandria,True
2026,BR,6317991,CITY,Planalto,True
2027,BR,3406503,CITY,Bananeiras,True
2028,BR,3385209,CITY,Verdejante,True
2029,MX,8582099,CITY,Zacualtipan,True
2030,SA,102527,CITY,Sakaka,True
2031,JP,2110480,CITY,Yotsukaido,True
2032,GB,2635028,CITY,Vale of Glamorgan,True
2033,SE,2665171,CITY,Vanersborg,True
2034,BR,3455161,CITY,Para de Minas,True
2035,NO,3143410,CITY,Orland,True
2036,DK,2615876,CITY,Odense,True
2037,MX,8583311,CITY,Moctezuma,True
2038,BR,6321183,CITY,Bonfinopolis de Minas,True
2039,BR,3472248,CITY,Andradina,True
2040,AR,3431356,CITY,Libertador General San Martin,True
2041,BR,3452786,CITY,Porto Esperidiao,True
2042,TR,752284,CITY,Akyurt,True
2043,JP,2128787,CITY,Odate,True
2044,DK,2620046,CITY,Holstebro,True
2045,CA,6101645,CITY,Peterborough,True
2046,BD,1337154,CITY,Thakurgaon,True
2047,JP,1861450,CITY,Ise,True
2048,BR,3447854,CITY,Senador Canedo,True
2049,BR,3463040,CITY,Fortaleza dos Valos,True
2050,BR,6321639,CITY,Passa Vinte,True
2051,TR,7619145,CITY,Sehitkamil,True
2052,CH,2658793,CITY,Sarganserland,True
2053,AR,3860259,CITY,Capital,True
2054,NO,3151770,CITY,Horten,True
2055,BR,3401548,CITY,Crateus,True
2056,SE,2715953,CITY,Eskilstuna,True
2057,TR,6947639,CITY,Basaksehir,True
2058,SE,2686209,CITY,Osby,True
2059,TR,741487,CITY,Mudanya,True
2060,SA,10972295,CITY,Al Ula,True
2061,BR,3402043,CITY,Cocal dos Alves,True
2062,JP,6420601,CITY,Sakae,True
2063,ES,3106671,CITY,Valladolid,True
2064,CA,6119448,CITY,Renfrew,True
2065,BR,3460954,CITY,Itabirito,True
2066,BR,3458852,CITY,Lamim,True
2067,CA,77400020,CITY,Capital,True
2068,MX,8583790,CITY,Sayula,True
2069,RO,665355,CITY,Tecuci,True
2070,BR,3463330,CITY,Firmino Alves,True
2071,BR,3454859,CITY,Passo do Sobrado,True
2072,GB,2649298,CITY,Flintshire,True
2073,MX,3514663,CITY,Alvaro Obregon,True
2074,BR,6317315,CITY,Itaguari,True
2075,JP,1854979,CITY,Nonoichi,True
2076,US,4741751,CITY,Wichita,True
2077,BR,3454819,CITY,Pato Bragado,True
2078,BE,2790469,CITY,Namur,True
2079,SA,54500003,CITY,Wadi Ad Dawasir,True
2080,TR,320857,CITY,Bornova,True
2081,AR,3429439,CITY,Tala,True
2082,BR,3467978,CITY,Cambe,True
2083,BR,3392907,CITY,Pastos Bons,True
2084,TR,309134,CITY,Karkamis,True
2085,BR,6319020,CITY,Dirceu Arcoverde,True
2086,CA,6094817,CITY,Ottawa,True
2087,NL,2755358,CITY,Grave,True
2088,FI,660561,CITY,Porvoo,True
2089,BR,6323797,CITY,Alto Taquari,True
2090,TR,316726,CITY,Dikili,True
2091,BR,3460358,CITY,Jaci,True
2092,SE,2691407,CITY,Monsteras,True
2093,MX,8583640,CITY,Villa de Alvarez,True
2094,CA,5886821,CITY,Argenteuil,True
2095,MX,3530886,CITY,Chilapa de Alvarez,True
2096,BR,3473964,CITY,Guaiba,True
2097,BR,3394326,CITY,Muana,True
2098,BR,3450213,CITY,Santa Helena,True
2099,JP,1856077,CITY,Nagayo,True
2100,BR,3465294,CITY,Cotegipe,True
2101,BR,3463447,CITY,Felisburgo,True
2102,BR,6323429,CITY,Entre Ijuis,True
2103,BR,3385469,CITY,Varzea Alegre,True
2104,JP,6822152,CITY,Urasoe,True
2105,JP,11612454,CITY,Minamiboso,True
2106,US,4676137,CITY,Brazoria,True
2107,BR,3407366,CITY,Aracoiaba,True
2108,KR,1837364,CITY,Siheung,True
2109,BR,3472487,CITY,Alterosa,True
2110,BR,3467530,CITY,Canela,True
2111,BR,3385022,CITY,Viseu,True
2112,MX,8581901,CITY,Manuel Doblado,True
2113,JP,11612487,CITY,Nomi,True
2114,TR,321136,CITY,Bigadic,True
2115,JP,1864223,CITY,Eiheiji,True
2116,BR,3455082,CITY,Paramirim,True
2117,TR,9542422,CITY,Akdeniz,True
2118,BR,3445350,CITY,Venancio Aires,True
2119,BR,3460471,CITY,Jaborandi,True
2120,RO,674230,CITY,Macin,True
2121,BR,6319823,CITY,Tufilandia,True
2122,BR,3389609,CITY,Santa Ines,True
2123,JP,1848776,CITY,Yaita,True
2124,BR,3457113,CITY,Miranda,True
2125,BR,3393174,CITY,Pao de Acucar,True
2126,US,5856194,CITY,Honolulu,True
2127,BR,6319360,CITY,Sao Luiz,True
2128,JP,6822173,CITY,Inabe,True
2129,CA,5909389,CITY,Brome Missisquoi,True
2130,BR,6318970,CITY,Ze Doca,True
2131,NL,2746555,CITY,Echt Susteren,True
2132,BR,3452801,CITY,Porto dos Gauchos,True
2133,BR,3464335,CITY,Elias Fausto,True
2134,ZA,8347352,CITY,Central Karoo,True
2135,JP,7371220,CITY,Taka,True
2136,BR,3395143,CITY,Mataraca,True
2137,BR,3404844,CITY,Brejo dos Santos,True
2138,SE,2686162,CITY,Oskarshamn,True
2139,NL,2746766,CITY,Steenwijkerland,True
2140,BR,3454105,CITY,Periquito,True
2141,JP,1857379,CITY,Mibu,True
2142,NL,2754457,CITY,Hellendoorn,True
2143,US,5392967,CITY,Santa Barbara,True
2144,JP,1851282,CITY,Tadotsu,True
2145,NL,2747169,CITY,Sliedrecht,True
2146,BR,3449433,CITY,Santos,True
2147,BR,3455903,CITY,Oliveira dos Brejinhos,True
2148,JP,1907307,CITY,Kimitsu,True
2149,BR,6322227,CITY,Embu Guacu,True
2150,BR,6319359,CITY,Sao Joao da Baliza,True
2151,BR,3453837,CITY,Pindamonhangaba,True
2152,BR,3457487,CITY,Matelandia,True
2153,BR,3466959,CITY,Careacu,True
2154,BR,6316718,CITY,Campestre de Goias,True
2155,AT,2767511,CITY,Reutte,True
2156,BR,3400969,CITY,Dom Pedro,True
2157,BR,6322957,CITY,Rio Bonito do Iguacu,True
2158,US,5161413,CITY,Lucas,True
2159,BR,3398904,CITY,Goiana,True
2160,JP,1854383,CITY,Okayama,True
2161,MX,3523418,CITY,Mazatan,True
2162,BR,3402787,CITY,Carnaubal,True
2163,SE,2665452,CITY,Vallentuna,True
2164,DE,6557655,CITY,Paderborn,True
2165,MX,8582304,CITY,Jungapeo,True
2166,MX,3533072,CITY,Alfajayucan,True
2167,BR,3393525,CITY,Olivenca,True
2168,BR,3394380,CITY,Morros,True
2169,DE,2934246,CITY,Dusseldorf,True
2170,RO,677790,CITY,Fundulea,True
2171,RO,54440779,CITY,Băbeni,True
2172,DK,2615006,CITY,Randers,True
2173,BR,3398352,CITY,Igarassu,True
2174,BR,3458656,CITY,Leme do Prado,True
2175,SE,2688250,CITY,Norrtalje,True
2176,SE,2679698,CITY,Savsjo,True
2177,ES,3114530,CITY,Palencia,True
2178,ZA,1018725,CITY,Mangaung,True
2179,JP,11611221,CITY,Himi,True
2180,MX,8582408,CITY,Jala,True
2181,BR,3445026,CITY,Vila Velha,True
2182,BR,3446736,CITY,Tarabai,True
2183,AR,3428481,CITY,San Salvador,True
2184,NL,2743608,CITY,Zutphen,True
2185,BR,3661944,CITY,Tefe,True
2186,BR,3397315,CITY,Joao Camara,True
2187,BR,3465764,CITY,Conceicao das Alagoas,True
2188,MX,3532577,CITY,Atotonilco El Grande,True
2189,NO,3135601,CITY,Stryn,True
2190,EG,52200118,CITY,Atfih,True
2191,DE,3220996,CITY,Schwalm Eder,True
2192,RO,672926,CITY,Moinesti,True
2193,BR,3468100,CITY,Caldas Novas,True
2194,BR,6320920,CITY,Jiquirica,True
2195,BR,3464343,CITY,Eldorado,True
2196,MX,3997211,CITY,Los Reyes,True
2197,BR,3450807,CITY,Sabino,True
2198,MX,8582164,CITY,Ojuelos de Jalisco,True
2199,RO,686324,CITY,Anina,True
2200,BR,3456604,CITY,Mucuge,True
2201,CA,5883638,CITY,Algoma,True
2202,JP,2111654,CITY,Nihommatsu,True
2203,FR,3033789,CITY,Territoire de Belfort,True
2204,NO,54040106,CITY,Orkland,True
2205,BR,3450237,CITY,Santa Fe,True
2206,CA,6052881,CITY,Les Laurentides,True
2207,TR,298316,CITY,Urla,True
2208,GB,2647043,CITY,Hertfordshire,True
2209,JP,1849643,CITY,Tsumagoi,True
2210,SA,105072,CITY,Khamis Mushayt,True
2211,AR,3429732,CITY,Libertador General San Martin,True
2212,SA,107304,CITY,Buraydah,True
2213,TR,315530,CITY,Ercis,True
2214,JP,1850207,CITY,Toki,True
2215,BR,3461143,CITY,Ipaussu,True
2216,MX,3516499,CITY,Suchiapa,True
2217,BR,6320372,CITY,Ouro Velho,True
2218,JP,1858067,CITY,Kusatsu,True
2219,JP,7413974,CITY,Kunitomi,True
2220,JP,1852472,CITY,Shimada,True
2221,MX,8581734,CITY,Juarez,True
2222,RO,662334,CITY,Zalău,True
2223,BR,3387437,CITY,Sitio Novo,True
2224,MX,3816739,CITY,Arriaga,True
2225,MX,6942864,CITY,Tenabo,True
2226,TR,750468,CITY,Boyabat,True
2227,TR,7733232,CITY,Yuksekova,True
2228,BD,1337193,CITY,Comilla,True
2229,MX,8582246,CITY,Timilpan,True
2230,BR,6319407,CITY,Goianesia do Para,True
2231,TR,750662,CITY,Beykoz,True
2232,BR,3459440,CITY,Juquia,True
2233,CA,77400051,CITY,Battleford,True
2234,BR,3465517,CITY,Corguinho,True
2235,BR,3471425,CITY,Arroio dos Ratos,True
2236,BR,6320679,CITY,Teotonio Vilela,True
2237,DE,3249067,CITY,Saarpfalz,True
2238,BR,6318329,CITY,Santana do Riacho,True
2239,BR,3451102,CITY,Rio Pardo,True
2240,BR,3406996,CITY,Atalaia,True
2241,EG,358267,CITY,Dairut,True
2242,TR,741438,CITY,Muratli,True
2243,BR,3444982,CITY,Virginopolis,True
2244,JP,7413166,CITY,Mashiki,True
2245,MX,3533378,CITY,Aculco,True
2246,BR,6317600,CITY,Mirante da Serra,True
2247,MX,8582435,CITY,Doctor Arroyo,True
2248,BR,3479314,CITY,Sandolandia,True
2249,BR,3450054,CITY,Santa Mariana,True
2250,BR,3458786,CITY,Laranjal Paulista,True
2251,MX,8583295,CITY,Catorce,True
2252,JP,2110879,CITY,Takanezawa,True
2253,NO,3135137,CITY,Sveio,True
2254,JP,1860871,CITY,Kadoma,True
2255,BR,3444864,CITY,Votuporanga,True
2256,BR,3461089,CITY,Ipora,True
2257,BR,3387663,CITY,Sertania,True
2258,DE,3220888,CITY,Ostallgau,True
2259,CA,77400060,CITY,Swift Current,True
2260,DE,6553136,CITY,Herne,True
2261,FR,3034720,CITY,Bas Rhin,True
2262,BR,6318744,CITY,Tapurah,True
2263,BR,3470353,CITY,Barueri,True
2264,US,4167510,CITY,Palm Beach,True
2265,TR,316475,CITY,Doganhisar,True
2266,SE,2676224,CITY,Soderhamn,True
2267,DK,6543941,CITY,Halsnæs Municipality,True
2268,MA,2549259,CITY,Essaouira Province,True
2269,BR,3461550,CITY,Ibitinga,True
2270,BR,3456199,CITY,Nova Araca,True
2271,BR,3461517,CITY,Icaraima,True
2272,MX,8581861,CITY,General Simon Bolivar,True
2273,MX,8581868,CITY,Mapimi,True
2274,US,4938741,CITY,Hampden,True
2275,BR,3468802,CITY,Buri,True
2276,BR,3469974,CITY,Bituruna,True
2277,BR,3459433,CITY,Juramento,True
2278,BR,3451750,CITY,Recreio,True
2279,AR,3433360,CITY,Ituzaingo,True
2280,BR,3394892,CITY,Miguel Alves,True
2281,MX,8581982,CITY,Martir de Cuilapan,True
2282,BR,3461824,CITY,Guariba,True
2283,SA,105299,CITY,Jazan,True
2284,BR,3664464,CITY,Cruzeiro do Sul,True
2285,JP,7407428,CITY,Shime,True
2286,BR,3472433,CITY,Alto Rio Doce,True
2287,BR,6323310,CITY,Vargem Bonita,True
2288,NO,3162955,CITY,Arendal,True
2289,NO,54040032,CITY,Ullensaker,True
2290,JP,1860773,CITY,Kaita,True
2291,DE,6547393,CITY,Saale Holzland,True
2292,MA,2549340,CITY,Errachidia,True
2293,MX,8581946,CITY,Apaxtla,True
2294,JP,7354049,CITY,Fuso,True
2295,GB,3333176,CITY,North Lincolnshire,True
2296,CA,77400064,CITY,Portage la Prairie,True
2297,BR,6321843,CITY,Sardoa,True
2298,BR,3393536,CITY,Olinda,True
2299,BR,3447718,CITY,Serra Negra,True
2300,BR,6321309,CITY,Corrego Danta,True
2301,BR,3453515,CITY,Piratuba,True
2302,BR,6318315,CITY,Santa Terezinha,True
2303,BR,3466469,CITY,Central,True
2304,BR,3392431,CITY,Pedro II,True
2305,MX,8581882,CITY,San Juan del Rio,True
2306,MX,4006783,CITY,Encarnacion de Diaz,True
2307,JP,1853140,CITY,Sakata,True
2308,BR,3447072,CITY,Taiacu,True
2309,MX,8583650,CITY,Madera,True
2310,AR,3839282,CITY,Realico,True
2311,BR,6317739,CITY,Nova Gloria,True
2312,RO,665359,CITY,Techirghiol,True
2313,BR,3451290,CITY,Rifaina,True
2314,BR,3405993,CITY,Batalha,True
2315,FR,3036965,CITY,Ariege,True
2316,ES,6355236,CITY,Asturias,True
2317,BR,6324203,CITY,Santa Maria de Jetiba,True
2318,AR,52000021,CITY,Campana,True
2319,BR,3456847,CITY,Monte Castelo,True
2320,BR,6317807,CITY,Novorizonte,True
2321,BR,3454032,CITY,Petrolina de Goias,True
2322,JP,1854444,CITY,Ojiya,True
2323,BR,3448905,CITY,Sao Joao Batista do Gloria,True
2324,BR,3461113,CITY,Ipiranga,True
2325,BR,6321300,CITY,Cordisburgo,True
2326,BR,3460812,CITY,Itambe,True
2327,BR,3465748,CITY,Conceicao do Coite,True
2328,BR,3459708,CITY,Jordania,True
2329,JP,1863183,CITY,Hanno,True
2330,GB,2641169,CITY,Nottinghamshire,True
2331,BR,3407693,CITY,Anadia,True
2332,JP,1849160,CITY,Usa,True
2333,BR,6322664,CITY,Altonia,True
2334,BR,6316941,CITY,Cotriguacu,True
2335,BR,3408360,CITY,Acari,True
2336,NL,2753011,CITY,Katwijk,True
2337,SE,2668674,CITY,Tjorn,True
2338,BR,3446465,CITY,Timbo,True
2339,MX,4002224,CITY,Lagos de Moreno,True
2340,KR,1832828,CITY,Yangsan,True
2341,JP,1852517,CITY,Shika,True
2342,JP,1865294,CITY,Anjo,True
2343,BR,3450493,CITY,Sandovalina,True
2344,AR,3838854,CITY,Rio Grande,True
2345,BR,3459869,CITY,Joacaba,True
2346,JP,6822117,CITY,Koka,True
2347,BR,3459344,CITY,Lagamar,True
2348,IT,6955699,CITY,Barletta Andria Trani,True
2349,MX,4005777,CITY,Gomez Farias,True
2350,TR,11282178,CITY,Kartepe,True
2351,BR,3472391,CITY,Amambai,True
2352,MA,2528907,CITY,Tetouan,True
2353,JP,11611487,CITY,Tachikawa,True
2354,BR,3398413,CITY,Ibaretama,True
2355,BR,3401007,CITY,Dois Irmaos do Tocantins,True
2356,BR,6318056,CITY,Presidente Janio Quadros,True
2357,JP,1850203,CITY,Tokigawa,True
2358,CA,6354897,CITY,Rivière du Loup,True
2359,MX,8583270,CITY,Jalpan de Serra,True
2360,SE,2720002,CITY,Bracke,True
2361,MX,3514502,CITY,Xilitla,True
2362,MX,3515384,CITY,Tlapa de Comonfort,True
2363,BR,3468049,CITY,Calmon,True
2364,BR,3450404,CITY,Santa Barbara d'Oeste,True
2365,NL,2756888,CITY,Diemen,True
2366,NL,2755506,CITY,Gilze en Rijen,True
2367,NO,3157781,CITY,Fauske,True
2368,JP,2110755,CITY,Tome,True
2369,BR,3398412,CITY,Ibateguara,True
2370,BR,6320370,CITY,Olho d'Agua,True
2371,BR,3461677,CITY,Hidrolandia,True
2372,BR,3458025,CITY,Manduri,True
2373,MX,4004399,CITY,Imuris,True
2374,BR,3470718,CITY,Barra do Bugres,True
2375,BR,6319691,CITY,Davinopolis,True
2376,NL,2745774,CITY,Veenendaal,True
2377,JP,1853195,CITY,Sakai,True
2378,SE,2686596,CITY,Orkelljunga,True
2379,BR,6323218,CITY,Passo de Torres,True
2380,BR,3455777,CITY,Ortigueira,True
2381,CH,2661834,CITY,Aigle,True
2382,KR,8659213,CITY,Changwon,True
2383,EG,355628,CITY,Edku,True
2384,AR,3436062,CITY,Bella Vista,True
2385,BR,3398402,CITY,Ibicuitinga,True
2386,BR,3468745,CITY,Buriti Alegre,True
2387,TR,320581,CITY,Bozova,True
2388,SA,107312,CITY,Buqayq,True
2389,BR,3449720,CITY,Santo Amaro,True
2390,DE,2844988,CITY,Rosenheim,True
2391,MX,8583335,CITY,Villa de Arriaga,True
2392,DK,6543933,CITY,Norddjurs Municipality,True
2393,BR,3461388,CITY,Imbau,True
2394,BD,1337191,CITY,Habiganj,True
2395,BR,3388781,CITY,Sao Francisco do Piaui,True
2396,BR,3401728,CITY,Coreau,True
2397,IT,3164567,CITY,Verbano Cusio Ossola,True
2398,BR,3469414,CITY,Bom Repouso,True
2399,PT,2267538,CITY,Grândola,True
2400,JP,1853193,CITY,Sakai,True
2401,BR,3448812,CITY,Sao Jorge do Ivai,True
2402,BR,3449293,CITY,Sao Domingos,True
2403,MX,8583579,CITY,Carrillo Puerto,True
2404,CA,5991055,CITY,Kenora,True
2405,RO,681257,CITY,Cobadin,True
2406,RO,662976,CITY,Videle,True
2407,BR,6320910,CITY,Iuiu,True
2408,MX,3522265,CITY,Otumba,True
2409,BR,3398355,CITY,Igaci,True
2410,BR,3452552,CITY,Pote,True
2411,SE,2663536,CITY,Vaxjo,True
2412,MX,4015683,CITY,Canatlan,True
2413,JP,1848313,CITY,Yokosuka,True
2414,US,4898166,CITY,Kane,True
2415,IE,2962841,CITY,Longford,True
2416,BR,3468104,CITY,Caldas,True
2417,BR,3395483,CITY,Maracana,True
2418,BR,3452465,CITY,Praia Grande,True
2419,JP,1854868,CITY,Nyuzen,True
2420,JP,7441809,CITY,Hirono,True
2421,EG,52200114,CITY,Tell El Kebir,True
2422,MX,3521941,CITY,Panuco,True
2423,MX,3531416,CITY,Catemaco,True
2424,BR,6317647,CITY,Morro Agudo de Goias,True
2425,JP,1860191,CITY,Kanie,True
2426,EG,10371150,CITY,Fayed,True
2427,GB,2641581,CITY,Newry Mourne and Down,True
2428,BR,3466898,CITY,Carmopolis,True
2429,BR,6318575,CITY,Sao Pedro do Iguacu,True
2430,BR,3405006,CITY,Braganca,True
2431,BR,3392126,CITY,Pilar,True
2432,BR,3399336,CITY,Francisco Santos,True
2433,MX,3822989,CITY,Jose Maria Morelos,True
2434,JP,1849796,CITY,Tsu,True
2435,SE,2710343,CITY,Grums,True
2436,BR,6316908,CITY,Confresa,True
2437,BR,6319842,CITY,Anisio de Abreu,True
2438,TR,749795,CITY,Can,True
2439,BR,3464422,CITY,Duartina,True
2440,BR,6319846,CITY,Assuncao do Piaui,True
2441,DE,2875115,CITY,Luneburg,True
2442,BR,3408424,CITY,Abaetetuba,True
2443,BR,3465253,CITY,Couto de Magalhaes de Minas,True
2444,BR,3396364,CITY,Lavras da Mangabeira,True
2445,BR,6316561,CITY,Berizal,True
2446,MX,4006702,CITY,Ensenada,True
2447,JP,1856946,CITY,Takachiho,True
2448,MX,8583468,CITY,El Mante,True
2449,BR,3460068,CITY,Jarinu,True
2450,MX,8582336,CITY,Santa Clara del Cobre,True
2451,JP,1856775,CITY,Miyakonojo,True
2452,JP,1856938,CITY,Mitake,True
2453,BR,3406910,CITY,Bacabal,True
2454,BR,3385106,CITY,Vicosa do Ceara,True
2455,BR,6319615,CITY,Sao Bento do Tocantins,True
2456,BR,3457772,CITY,Marechal Candido Rondon,True
2457,BD,1337169,CITY,Pabna,True
2458,BR,3464693,CITY,Divino das Laranjeiras,True
2459,EG,355999,CITY,Hosh Essa,True
2460,SE,2679107,CITY,Simrishamn,True
2461,MX,8582143,CITY,Huejuquilla El Alto,True
2462,JP,92400046,CITY,Hokuto-shi,True
2463,JP,1859462,CITY,Kin,True
2464,BR,3456377,CITY,Natividade,True
2465,IT,6955700,CITY,Monza and Brianza,True
2466,IT,3182882,CITY,Arezzo,True
2467,BR,3404862,CITY,Brejo da Madre de Deus,True
2468,BR,3407407,CITY,Aquiraz,True
2469,US,5799783,CITY,King,True
2470,JP,2129211,CITY,Misawa,True
2471,BR,3400920,CITY,Elesbao Veloso,True
2472,IE,2966837,CITY,Athy,True
2473,RO,666973,CITY,Sânnicolau Mare,True
2474,BR,3468704,CITY,Butia,True
2475,GB,2639494,CITY,Renfrewshire,True
2476,BR,3448200,CITY,Sao Simao,True
2477,MX,3980844,CITY,Tuxpan,True
2478,BR,3457147,CITY,Mineiros,True
2479,BR,6321661,CITY,Perdizes,True
2480,ES,6355233,CITY,Madrid,True
2481,AR,52000064,CITY,Villa Gesell,True
2482,NO,3135381,CITY,Sunndal,True
2483,MA,2550076,CITY,El-Jadida,True
2484,BR,3449062,CITY,Sao Goncalo do Abaete,True
2485,BR,6319397,CITY,Cumaru do Norte,True
2486,BR,3472162,CITY,Anhembi,True
2487,BR,3460136,CITY,Japaratuba,True
2488,BR,3924948,CITY,Ouro Preto do Oeste,True
2489,PT,2739848,CITY,Esposende,True
2490,BR,3461063,CITY,Ipupiara,True
2491,JP,11611486,CITY,Takasago,True
2492,MX,8583352,CITY,Cosala,True
2493,BR,3458826,CITY,Lapa,True
2494,RO,683034,CITY,Calafat,True
2495,AR,52000019,CITY,Tandil,True
2496,BR,3467543,CITY,Candido Godoi,True
2497,MX,8583964,CITY,Apulco,True
2498,ZA,8347342,CITY,Amathole,True
2499,CA,5971840,CITY,Hastings,True
2500,JP,11612339,CITY,Warabi,True
2501,IT,3182712,CITY,Asti,True
2502,BR,3448351,CITY,Sao Pedro da Aldeia,True
2503,BR,3402200,CITY,Chaval,True
2504,BR,3467241,CITY,Capitolio,True
2505,BR,6322796,CITY,Honorio Serpa,True
2506,GB,3333240,CITY,Caerphilly,True
2507,MX,8582327,CITY,Purepero,True
2508,MX,8581783,CITY,La Trinitaria,True
2509,MX,3985797,CITY,San Julian,True
2510,CA,77400083,CITY,Pinawa,True
2511,RO,669289,CITY,Radauti,True
2512,BR,6323799,CITY,Araguaiana,True
2513,JP,6822165,CITY,Tsurugashima,True
2514,MX,8583915,CITY,Panaba,True
2515,BR,3466636,CITY,Catuji,True
2516,TR,744168,CITY,Karamursel,True
2517,BR,3467796,CITY,Campo Belo,True
2518,US,4791271,CITY,Virginia Beach City,True
2519,BR,3451192,CITY,Rio de Contas,True
2520,JP,92400017,CITY,Echizen-shi,True
2521,BR,3450912,CITY,Rondon,True
2522,ZA,55500003,CITY,uMzinyathi,True
2523,BR,3390160,CITY,Russas,True
2524,SE,605859,CITY,Haparanda,True
2525,BR,6316823,CITY,Casserengue,True
2526,JP,1850746,CITY,Tamamura,True
2527,BR,3447205,CITY,Tabapusa,True
2528,US,5739051,CITY,Marion,True
2529,BR,3454632,CITY,Peabiru,True
2530,BR,3454818,CITY,Pato Branco,True
2531,ES,6355230,CITY,Girona,True
2532,KZ,1526395,CITY,Almaty District,True
2533,JP,1926020,CITY,Uwajima,True
2534,BR,3403685,CITY,Camocim de Sao Felix,True
2535,MX,8581888,CITY,Tamazula,True
2536,RO,664271,CITY,Ungheni,True
2537,NL,54020012,CITY,Beemster,True
2538,BR,3448616,CITY,Sao Lourenco,True
2539,CA,77400047,CITY,Lloydminster,True
2540,BR,3444851,CITY,Xambre,True
2541,MX,3532545,CITY,Axochiapan,True
2542,AR,6693229,CITY,San Nicolas,True
2543,SE,2726576,CITY,Almhult,True
2544,RO,685081,CITY,Berca,True
2545,BR,3450843,CITY,Rubiataba,True
2546,BR,6319869,CITY,Caldeirao Grande do Piaui,True
2547,CH,6458860,CITY,Laufenburg,True
2548,BR,3457806,CITY,Maravilhas,True
2549,US,5205788,CITY,Philadelphia,True
2550,MX,8581942,CITY,Ahuacuotzingo,True
2551,JP,7354042,CITY,Higashiura,True
2552,TR,9548477,CITY,Yunusemre,True
2553,BR,3392127,CITY,Pilar,True
2554,US,5101160,CITY,Middlesex,True
2555,BR,3393004,CITY,Paripueira,True
2556,ZA,8347481,CITY,Ekurhuleni,True
2557,US,4634931,CITY,Knox,True
2558,BR,3470065,CITY,Berilo,True
2559,BR,3398485,CITY,Gurinhem,True
2560,TR,300619,CITY,Sivas,True
2561,BR,6316885,CITY,Colniza,True
2562,MX,8583479,CITY,Rio Bravo,True
2563,BR,3457095,CITY,Mirassol,True
2564,AR,52000041,CITY,Chacabuco,True
2565,DE,3221123,CITY,Siegen Wittgenstein,True
2566,BR,3464618,CITY,Dois Corregos,True
2567,TR,315155,CITY,Etimesgut,True
2568,BR,3449505,CITY,Santo Antonio do Jacinto,True
2569,BR,3461588,CITY,Ibipora,True
2570,RO,54440008,CITY,Sebeș,True
2571,US,5392126,CITY,San Joaquin,True
2572,PK,1167528,CITY,Quetta,True
2573,BR,6317358,CITY,Jaiba,True
2574,BR,3455142,CITY,Parai,True
2575,MX,4004092,CITY,Jaral del Progreso,True
2576,BR,3924674,CITY,Xapuri,True
2577,BR,3454847,CITY,Passos,True
2578,DE,6557461,CITY,Cloppenburg,True
2579,BR,3461153,CITY,Ipaba,True
2580,SE,2691459,CITY,Molndal,True
2581,DE,3214107,CITY,Freiburg im Breisgau,True
2582,MX,8583979,CITY,Jalpa,True
2583,NO,3140084,CITY,Sarpsborg,True
2584,JP,1861864,CITY,Iida,True
2585,BR,3388455,CITY,Sao Jose da Lagoa Tapada,True
2586,GB,2641429,CITY,North Northamptonshire,True
2587,RO,54440359,CITY,Jorăști,True
2588,BR,6321191,CITY,Braunas,True
2589,BR,3445453,CITY,Varzea do Poco,True
2590,TR,7732588,CITY,Umraniye,True
2591,AR,3431391,CITY,Leandro N Alem,True
2592,PT,2743292,CITY,Águeda,True
2593,BR,3465700,CITY,Condor,True
2594,JP,1849498,CITY,Ube,True
2595,BR,6316297,CITY,Abel Figueiredo,True
2596,MX,8581865,CITY,Hidalgo,True
2597,PT,2737809,CITY,Mealhada,True
2598,CA,6166142,CITY,Thunder Bay,True
2599,BR,3453597,CITY,Piranga,True
2600,RO,679538,CITY,Deleni,True
2601,BR,3458367,CITY,Luiz Alves,True
2602,BR,3402942,CITY,Caraubas,True
2603,BR,3405162,CITY,Bonito de Santa Fe,True
2604,JP,2112664,CITY,Ichihara,True
2605,JP,1854803,CITY,Obu,True
2606,JP,1854849,CITY,Obama,True
2607,BR,3393832,CITY,Nova Russas,True
2608,RO,54440221,CITY,Costești,True
2609,JP,2111121,CITY,Shichigahama,True
2610,CA,77400102,CITY,L'erable,True
2611,BR,3464009,CITY,Esmeralda,True
2612,JP,1861627,CITY,Inami,True
2613,DE,2923625,CITY,Furstenfeldbruck,True
2614,BR,3925158,CITY,Costa Marques,True
2615,JP,1861641,CITY,Ina,True
2616,JP,2113077,CITY,Asahi,True
2617,TR,321836,CITY,Batman,True
2618,RO,667669,CITY,Schitu,True
2619,MX,3981254,CITY,Torreon,True
2620,JP,1853466,CITY,Oyodo,True
2621,CA,8593709,CITY,Madawaska,True
2622,AT,2775307,CITY,Imst,True
2623,FR,3026644,CITY,Charente Maritime,True
2624,RO,683530,CITY,Bucșani,True
2625,BD,1336135,CITY,Khulna,True
2626,BR,3445728,CITY,Urandi,True
2627,BR,6322513,CITY,Ribeirao Grande,True
2628,TR,751057,CITY,Bartin,True
2629,JP,2111943,CITY,Miharu,True
2630,NO,3143705,CITY,Oksnes,True
2631,MX,3822992,CITY,Benito Juarez,True
2632,BR,3471485,CITY,Armazem,True
2633,BR,8581575,CITY,Balneario Rincao,True
2634,NL,54020007,CITY,Zwartewaterland,True
2635,EG,349158,CITY,Shibin El Kom,True
2636,BR,6317020,CITY,Divinolandia de Minas,True
2637,NL,2751456,CITY,Loon op Zand,True
2638,JP,2110455,CITY,Zaō,True
2639,CA,77400071,CITY,Roblin,True
2640,JP,11612576,CITY,Yoshinogawa,True
2641,BR,3467860,CITY,Campina Verde,True
2642,BD,1337160,CITY,Gaibandha,True
2643,DE,2862620,CITY,Nienburg,True
2644,GB,3333130,CITY,Bracknell Forest,True
2645,JP,1857737,CITY,Makinohara,True
2646,CA,6119131,CITY,Fraser Fort George,True
2647,PT,2732517,CITY,Vila Pouca de Aguiar,True
2648,BR,3451049,CITY,Rio Vermelho,True
2649,DE,3220893,CITY,Main Spessart,True
2650,MX,8583154,CITY,Pahuatlan,True
2651,NO,54040028,CITY,Lorenskog,True
2652,BR,3451263,CITY,Rio Bananal,True
2653,BR,6321612,CITY,Olhos d'Agua,True
2654,NL,2756059,CITY,Epe,True
2655,BR,3468317,CITY,Caetite,True
2656,MX,3515904,CITY,Tepeaca,True
2657,BR,6319725,CITY,Lago do Junco,True
2658,BR,3467536,CITY,Candoi,True
2659,BR,3401511,CITY,Croata,True
2660,BR,3396270,CITY,Limoeiro de Anadia,True
2661,SE,2686246,CITY,Orust,True
2662,BR,50400004,CITY,Brasilia,True
2663,BR,3468562,CITY,Cacapava,True
2664,BR,3405852,CITY,Belem de Sao Francisco,True
2665,DE,6554818,CITY,Mainz,True
2666,JP,6825493,CITY,Tainai,True
2667,MX,3991043,CITY,Ramos Arizpe,True
2668,BR,3389780,CITY,Salvaterra,True
2669,BR,3386445,CITY,Tibau do Sul,True
2670,BR,50400017,CITY,Rio Azul,True
2671,SE,2700960,CITY,Kil,True
2672,BR,3464372,CITY,Durande,True
2673,BR,3393968,CITY,Nazarezinho,True
2674,MX,8583102,CITY,Chilchotla,True
2675,BR,3447059,CITY,Taiobeiras,True
2676,CH,8740968,CITY,Entlebuch,True
2677,GB,7290535,CITY,Central Bedfordshire,True
2678,BR,3449935,CITY,Santana do Manhuacu,True
2679,BR,3457809,CITY,Maravilha,True
2680,JP,1850217,CITY,Tokamachi,True
2681,BR,3466900,CITY,Carmo do Rio Verde,True
2682,JP,7417719,CITY,Toin,True
2683,MX,8581705,CITY,Ixtlahuacan,True
2684,TR,314038,CITY,Golmarmara,True
2685,JP,1860704,CITY,Kakogawa,True
2686,BR,6323146,CITY,Imbuia,True
2687,JP,1854371,CITY,Okegawa,True
2688,BR,3459909,CITY,Jeronimo Monteiro,True
2689,BR,3445156,CITY,Viamao,True
2690,BR,3469149,CITY,Bossoroca,True
2691,MX,3517285,CITY,Tlaxiaco,True
2692,BR,3445854,CITY,Ubaira,True
2693,MX,8583864,CITY,Buctzotz,True
2694,RO,667029,CITY,Sangeorz-Bai,True
2695,SE,2708365,CITY,Halmstad,True
2696,JP,7374300,CITY,Kumano,True
2697,BR,6318738,CITY,Tangara da Serra,True
2698,DE,3247466,CITY,Mainz Bingen,True
2699,DK,6543926,CITY,Jammerbugt Municipality,True
2700,BR,3408071,CITY,Alcantil,True
2701,BR,3466307,CITY,Chapada dos Guimaraes,True
2702,GB,2641235,CITY,Northumberland,True
2703,BR,3402164,CITY,Chorozinho,True
2704,SE,2686380,CITY,Orsa,True
2705,BR,3456873,CITY,Monte Alto,True
2706,CA,6084937,CITY,Muskoka,True
2707,DE,6557453,CITY,Stade,True
2708,JP,11611224,CITY,Takizawa,True
2709,BR,6319247,CITY,Santa Luzia d'Oeste,True
2710,BR,3467319,CITY,Capela,True
2711,BR,3469437,CITY,Bom Jesus da Lapa,True
2712,BR,6319949,CITY,Monsenhor Gil,True
2713,BR,6324249,CITY,Alto Alegre,True
2714,JP,7303003,CITY,Yawatahama,True
2715,BR,3466288,CITY,Doutor Camargo,True
2716,JP,1854384,CITY,Okaya,True
2717,MX,4018435,CITY,San Juanito de Escobedo,True
2718,TR,297899,CITY,Payas,True
2719,BR,6316421,CITY,Araguapaz,True
2720,BR,3386931,CITY,Tamandare,True
2721,NO,3158591,CITY,Eigersund,True
2722,TR,745026,CITY,Iznik,True
2723,US,4682500,CITY,Collin,True
2724,BR,6322871,CITY,Mato Rico,True
2725,JP,7383990,CITY,Ichikikushikino,True
2726,TR,311261,CITY,Inonu,True
2727,NO,3157799,CITY,Farsund,True
2728,DE,2890158,CITY,Kitzingen,True
2729,KR,1846266,CITY,Jeju,True
2730,NO,6453375,CITY,Karmoy,True
2731,BR,6317001,CITY,Deodapolis,True
2732,SE,2670542,CITY,Svalov,True
2733,IT,3164038,CITY,Viterbo,True
2734,NO,3146073,CITY,Meloy,True
2735,TR,739636,CITY,Sile,True
2736,BR,3462419,CITY,Girua,True
2737,RO,686669,CITY,Adjud,True
2738,NL,2759040,CITY,Best,True
2739,BR,3450812,CITY,Sabaudia,True
2740,TR,7932395,CITY,Yahyali,True
2741,GB,7290536,CITY,Cheshire East,True
2742,IE,2961123,CITY,Tralee,True
2743,MX,3514677,CITY,Villaflores,True
2744,RO,676527,CITY,Gura Humorului,True
2745,JP,11612580,CITY,Komae,True
2746,MX,8582093,CITY,Tolcayuca,True
2747,RO,664460,CITY,Turda,True
2748,FR,3019599,CITY,Essonne,True
2749,BR,6323783,CITY,Sao Gabriel do Oeste,True
2750,NL,54020031,CITY,Peel en Maas,True
2751,GB,2633351,CITY,York,True
2752,DK,2613460,CITY,Slagelse,True
2753,NL,2757345,CITY,Delft,True
2754,ES,3111107,CITY,Salamanca,True
2755,BR,3392243,CITY,Jatoba,True
2756,RO,663227,CITY,Vama,True
2757,JP,1864413,CITY,Daito,True
2758,MX,3530589,CITY,Nezahualcoyotl,True
2759,JP,1857871,CITY,Machida,True
2760,BR,3447670,CITY,Serrolandia,True
2761,AR,3435103,CITY,Curuzu Cuatia,True
2762,JP,11611609,CITY,Sagamihara,True
2763,BR,3411915,CITY,Miranorte,True
2764,DE,52060007,CITY,Rosenheim,True
2765,CH,2658969,CITY,Rorschach,True
2766,NO,3143244,CITY,Oslo,True
2767,RO,681827,CITY,Cincu,True
2768,BR,3404355,CITY,Cachoeirinha,True
2769,TR,320437,CITY,Buldan,True
2770,EG,362550,CITY,Abu Hummus,True
2771,BR,3448320,CITY,Sao Romao,True
2772,JP,1855416,CITY,Niimi,True
2773,MX,3996322,CITY,Mazatlan,True
2774,JP,1852646,CITY,Setouchi,True
2775,BR,6316878,CITY,Cocal de Telha,True
2776,BD,1337183,CITY,Munshiganj,True
2777,AR,52000050,CITY,Canuelas,True
2778,BR,6324289,CITY,Erere,True
2779,BR,3459531,CITY,Jussara,True
2780,BR,3456953,CITY,Mombuca,True
2781,AE,51020008,CITY,Sector 8,True
2782,BR,3392916,CITY,Passira,True
2783,PT,2270437,CITY,Caldas da Rainha,True
2784,BR,3453635,CITY,Pirai,True
2785,DE,6553086,CITY,Gelsenkirchen,True
2786,JP,2128931,CITY,Niseko,True
2787,IT,3174945,CITY,Lecco,True
2788,PT,2740637,CITY,Coimbra,True
2789,BR,3456826,CITY,Montenegro,True
2790,BR,3397629,CITY,Japaratinga,True
2791,BR,3449333,CITY,Sao Bras do Suacui,True
2792,BR,6319752,CITY,Olinda Nova do Maranhao,True
2793,EG,52200158,CITY,El Munsha,True
2794,GB,3333231,CITY,Glasgow,True
2795,DE,3249088,CITY,Prignitz,True
2796,JP,11612455,CITY,Oamishirasato,True
2797,BR,6321473,CITY,Itueta,True
2798,BR,3448596,CITY,Sao Lourenco do Sul,True
2799,BR,3397893,CITY,Itacoatiara,True
2800,CH,2661035,CITY,Delemont,True
2801,BR,3386309,CITY,Tocantinopolis,True
2802,TR,50300001,CITY,Altieylul,True
2803,JP,1854162,CITY,Ome,True
2804,MX,3516148,CITY,Tecolutla,True
2805,GB,2650345,CITY,East Riding of Yorkshire,True
2806,CA,6177912,CITY,Wellington,True
2807,GB,2639944,CITY,Powys,True
2808,CA,6072043,CITY,Memphremagog,True
2809,DE,2951825,CITY,Bayreuth,True
2810,JP,1852964,CITY,Sano,True
2811,JP,7451510,CITY,Hirata,True
2812,MX,8581923,CITY,San Diego de la Union,True
2813,BR,3395122,CITY,Matinha,True
2814,US,4574328,CITY,Charleston,True
2815,JP,92400021,CITY,Sakaiminato-shi,True
2816,BR,3386198,CITY,Traipu,True
2817,BR,3462487,CITY,General Salgado,True
2818,BR,3446718,CITY,Taruma,True
2819,TR,738618,CITY,Turhal,True
2820,GB,3333170,CITY,Medway,True
2821,JP,1851368,CITY,Suwa,True
2822,ES,3118528,CITY,Leon,True
2823,JP,2128201,CITY,Shibetsu,True
2824,IT,3174379,CITY,Macerata,True
2825,RO,671590,CITY,Otopeni,True
2826,BR,6319672,CITY,Cajapio,True
2827,BR,3455036,CITY,Paraty,True
2828,MX,3533393,CITY,Altzayanca,True
2829,BR,6320029,CITY,Varzea Branca,True
2830,BR,3448851,CITY,Sao Joao do Triunfo,True
2831,BR,3389671,CITY,Santa Cruz,True
2832,BR,3456115,CITY,Nova Soure,True
2833,BR,3460648,CITY,Itapuranga,True
2834,JP,7281819,CITY,Fujikawaguchiko,True
2835,BR,6320076,CITY,Jijoca de Jericoacoara,True
2836,BR,6319222,CITY,Alto Boa Vista,True
2837,BR,3460748,CITY,Itapecerica da Serra,True
2838,MX,8581789,CITY,Villa Corzo,True
2839,MX,3983631,CITY,Santiago Papasquiaro,True
2840,BR,3401606,CITY,Cortes,True
2841,DE,3221044,CITY,Rotenburg,True
2842,TR,741045,CITY,Orhangazi,True
2843,TR,298299,CITY,Usak,True
2844,BR,3455061,CITY,Paranapanema,True
2845,FR,2984885,CITY,Pyrenees Orientales,True
2846,JP,1852357,CITY,Shimoda,True
2847,BR,6317900,CITY,Pau d'Arco,True
2848,CH,6458748,CITY,Waldenburg,True
2849,MX,3526677,CITY,Santiago Ixtayutla,True
2850,IT,2524881,CITY,Crotone,True
2851,BR,6319471,CITY,Sao Francisco do Para,True
2852,CA,5882131,CITY,Acton,True
2853,NL,2746301,CITY,Tilburg,True
2854,BR,3398399,CITY,Ibirajuba,True
2855,EG,350370,CITY,Quesna,True
2856,BR,3454358,CITY,Pedro Leopoldo,True
2857,TR,323828,CITY,Anamur,True
2858,PT,2735803,CITY,Póvoa de Lanhoso,True
2859,BR,3460785,CITY,Itanhem,True
2860,MX,8583887,CITY,Dzilam Gonzalez,True
2861,BR,6319745,CITY,Mirinzal,True
2862,GB,3333169,CITY,Greater Manchester,True
2863,BR,3388060,CITY,Sao Vicente Ferrer,True
2864,MX,8582601,CITY,Pinos,True
2865,BR,3391556,CITY,Pombos,True
2866,BR,6319452,CITY,Primavera,True
2867,BR,3458112,CITY,Malhada,True
2868,BR,3463376,CITY,Figueira,True
2869,BR,6319310,CITY,Careiro,True
2870,BR,3468535,CITY,Cachoeira,True
2871,PK,1176968,CITY,Hazara,True
2872,BR,3472596,CITY,Alfredo Chaves,True
2873,BR,3394958,CITY,Melgaco,True
2874,BR,6318425,CITY,Sao Francisco do Brejao,True
2875,NL,2755051,CITY,Horst aan de Maas,True
2876,BR,3405738,CITY,Bezerros,True
2877,BR,3404938,CITY,Brejao,True
2878,BR,3469168,CITY,Holambra,True
2879,BR,3455638,CITY,Santa Barbara,True
2880,MX,8581784,CITY,Tumbala,True
2881,MX,8582243,CITY,Texcaltitlan,True
2882,AE,292231,CITY,Dibba Al Fujairah,True
2883,RO,682161,CITY,Cheveresu Mare,True
2884,RO,662651,CITY,Viziru,True
2885,BR,3462580,CITY,Garca,True
2886,JP,7429515,CITY,Mombetsu,True
2887,BR,3456150,CITY,Nova Itarana,True
2888,SE,2686657,CITY,Orebro,True
2889,MX,8583985,CITY,Mazapil,True
2890,BR,6318095,CITY,Quitandinha,True
2891,PT,2732544,CITY,Vila Nova de Gaia,True
2892,ES,3117813,CITY,Lugo,True
2893,BR,3398014,CITY,Irituia,True
2894,BR,3447466,CITY,Sobradinho,True
2895,PT,2734215,CITY,Seia,True
2896,BR,3398344,CITY,Igarape Grande,True
2897,BR,3467553,CITY,Candeias,True
2898,BR,3453242,CITY,Pompeia,True
2899,BR,3391360,CITY,Santana,True
2900,BR,3460967,CITY,Itabera,True
2901,MX,3526603,CITY,Jalpa de Mendez,True
2902,JP,6822100,CITY,Tsukubamirai,True
2903,DE,3247449,CITY,Aachen,True
2904,BR,3969283,CITY,Nova Brasilandia d'Oeste,True
2905,JP,1853662,CITY,Otake,True
2906,BR,3466891,CITY,Carneirinho,True
2907,IT,3167096,CITY,Sassari,True
2908,BR,3464891,CITY,Curvelo,True
2909,JP,7412207,CITY,Kyotamba,True
2910,BR,3398902,CITY,Goianinha,True
2911,MX,3515751,CITY,Tetepango,True
2912,BR,3446598,CITY,Terra Boa,True
2913,BR,3472271,CITY,Andarai,True
2914,BR,3449747,CITY,Santa Vitoria do Palmar,True
2915,NL,2756253,CITY,Eindhoven,True
2916,AR,3864430,CITY,Belen,True
2917,BR,3471830,CITY,Araguari,True
2918,BR,3444843,CITY,Chavantes,True
2919,JP,1864487,CITY,Chūō,True
2920,MX,8582242,CITY,Tenango del Valle,True
2921,JP,1862302,CITY,Hofu,True
2922,BR,3465071,CITY,Cruzilia,True
2923,BR,6320136,CITY,Ceara Mirim,True
2924,CH,6458788,CITY,Zurzach,True
2925,SE,2692868,CITY,Malung Salen,True
2926,CA,6048146,CITY,La Haute Yamaska,True
2927,BR,3459943,CITY,Jequie,True
2928,CA,77400097,CITY,La Vallee de l'Or,True
2929,BR,3449923,CITY,Santanopolis,True
2930,BR,3461469,CITY,Iguai,True
2931,BD,1337161,CITY,Naogaon,True
2932,BR,6319673,CITY,Cajari,True
2933,BR,6320602,CITY,Tacaratu,True
2934,BR,3455298,CITY,Palotina,True
2935,DE,3247462,CITY,Rhein Lahn,True
2936,BR,3402000,CITY,Codo,True
2937,GB,3333186,CITY,Redcar and Cleveland,True
2938,BR,3387258,CITY,Soledade,True
2939,MX,50200004,CITY,Tancitaro,True
2940,JP,1861107,CITY,Izumi,True
2941,RO,11002854,CITY,Maliuc,True
2942,JP,1854405,CITY,Okawa,True
2943,JP,6822186,CITY,Hachimantai,True
2944,TR,741855,CITY,Luleburgaz,True
2945,TR,300377,CITY,Solhan,True
2946,BR,3467677,CITY,Campos Novos,True
2947,BR,3453186,CITY,Ponta Grossa,True
2948,CA,6050628,CITY,La Vallee de la Gatineau,True
2949,BR,3468014,CITY,Camaqua,True
2950,CA,77400030,CITY,Strathmore,True
2951,BR,3466750,CITY,Cassilandia,True
2952,BR,3449851,CITY,Santa Rita do Passa Quatro,True
2953,JP,2129141,CITY,Mori,True
2954,BR,6323726,CITY,Aral Moreira,True
2955,DE,6552298,CITY,Wolfsburg,True
2956,PK,1176615,CITY,Islamabad,True
2957,FR,3013738,CITY,Hautes Alpes,True
2958,JP,1851002,CITY,Takasaki,True
2959,JP,92400068,CITY,Nanporo-cho,True
2960,BR,3466988,CITY,Caratinga,True
2961,TR,739914,CITY,Sebinkarahisar,True
2962,BR,3472603,CITY,Alfenas,True
2963,MX,8583035,CITY,San Juan Bautista Valle Nacional,True
2964,BR,3451478,CITY,Riachao das Neves,True
2965,CA,77400094,CITY,Sept Rivières Caniapiscau,True
2966,BR,3463920,CITY,Esplanada,True
2967,AR,3855221,CITY,Garay,True
2968,MX,8582074,CITY,Santiago de Anaya,True
2969,BR,6323874,CITY,Salto do Ceu,True
2970,TR,305359,CITY,Kusadasi,True
2971,JP,7392560,CITY,Okinoshima,True
2972,BR,3457152,CITY,Minas Novas,True
2973,DE,6552297,CITY,Braunschweig,True
2974,PT,2266865,CITY,Mafra,True
2975,BR,3385745,CITY,Uniao,True
2976,KR,8659239,CITY,Suwon,True
2977,BR,3456285,CITY,Niquelandia,True
2978,MX,3981462,CITY,Tlapehuala,True
2979,DE,2829457,CITY,Starnberg,True
2980,JP,1863713,CITY,Futtsu,True
2981,AR,3853510,CITY,Colon,True
2982,BR,3471807,CITY,Arantina,True
2983,AR,3429886,CITY,Capital,True
2984,US,4392183,CITY,Jackson,True
2985,DE,6553087,CITY,Munster,True
2986,IT,3171179,CITY,Perugia,True
2987,FR,2976082,CITY,Saone et Loire,True
2988,TR,299582,CITY,Tatvan,True
2989,BR,3467524,CITY,Canelinha,True
2990,BR,3461655,CITY,Hortolandia,True
2991,RO,683294,CITY,Bumbesti-Jiu,True
2992,BR,3468232,CITY,Caibate,True
2993,JP,1865309,CITY,Anan,True
2994,NL,2744514,CITY,Wijchen,True
2995,JP,7392551,CITY,Yoshika,True
2996,DE,6558431,CITY,Salzgitter,True
2997,US,4512214,CITY,Franklin,True
2998,BR,3460949,CITY,Itabuna,True
2999,MX,4007676,CITY,Pueblo Nuevo,True
3000,US,4945455,CITY,Norfolk,True
3001,BR,6316674,CITY,Cabo de Santo Agostinho,True
3002,SE,2667253,CITY,Trosa,True
3003,BR,3466395,CITY,Cerro Largo,True
3004,JP,11611931,CITY,Nishitokyo,True
3005,IT,3183298,CITY,Alessandria,True
3006,BR,3390581,CITY,Riachao,True
3007,TR,318581,CITY,Ciftlik,True
3008,SE,606834,CITY,Alvsbyn,True
3009,JP,1848522,CITY,Yao,True
3010,BR,3466171,CITY,Cicero Dantas,True
3011,RO,54440774,CITY,Drăgășani,True
3012,BR,3455785,CITY,Orlandia,True
3013,BR,3388318,CITY,Sao Mateus do Maranhao,True
3014,BR,3391336,CITY,Potengi,True
3015,SE,2723287,CITY,Bastad,True
3016,NO,54040046,CITY,Modum,True
3017,US,4925848,CITY,St Joseph,True
3018,BR,3465927,CITY,Colombo,True
3019,BR,3463900,CITY,Estancia,True
3020,BR,6317871,CITY,Paranatinga,True
3021,BR,3472555,CITY,Almadina,True
3022,JP,1848439,CITY,Yawata,True
3023,MX,3531321,CITY,Cerro Azul,True
3024,MX,3515042,CITY,Tultitlan,True
3025,BR,3406948,CITY,Autazes,True
3026,BR,6318023,CITY,Porteirao,True
3027,JP,1865636,CITY,Aizumi,True
3028,IT,3169361,CITY,Rimini,True
3029,SE,2697720,CITY,Landskrona,True
3030,TR,737723,CITY,Yenice,True
3031,BR,3449529,CITY,Santo Antonio da Platina,True
3032,TR,301209,CITY,Semdinli,True
3033,BR,6323809,CITY,Campo Verde,True
3034,BR,3466537,CITY,Caxias do Sul,True
3035,BR,6317524,CITY,Mara Rosa,True
3036,TR,740006,CITY,Sariyer,True
3037,SA,10972379,CITY,Al Wajh,True
3038,JP,1849372,CITY,Uji,True
3039,TR,308569,CITY,Kayapinar,True
3040,BR,3447262,CITY,Sulina,True
3041,BR,3458266,CITY,Macae,True
3042,MX,8583706,CITY,Chinampa de Gorostiza,True
3043,BR,3396150,CITY,Loreto,True
3044,RO,677880,CITY,Frumusani,True
3045,BR,3385873,CITY,Ubajara,True
3046,JP,6822177,CITY,Tomi,True
3047,JP,1865633,CITY,Aizuwakamatsu,True
3048,BR,3385635,CITY,Uruoca,True
3049,MX,3518723,CITY,San Juan Bautista Tuxtepec,True
3050,US,4888671,CITY,Cook,True
3051,EG,10371148,CITY,Ismailia,True
3052,CH,2661024,CITY,Dielsdorf,True
3053,JP,1852797,CITY,Seiro,True
3054,BR,3448346,CITY,Sao Pedro da Uniao,True
3055,BR,3453286,CITY,Pojuca,True
3056,JP,1856669,CITY,Mizumaki,True
3057,NL,2758401,CITY,Breda,True
3058,BR,3451114,CITY,Rio Novo,True
3059,BR,3404817,CITY,Breves,True
3060,BR,3448879,CITY,Sao Joao del Rei,True
3061,BR,3449099,CITY,Sao Gabriel,True
3062,BD,1337206,CITY,Magura,True
3063,MX,3516683,CITY,Seye,True
3064,BR,3454244,CITY,Pelotas,True
3065,BR,3470073,CITY,Bento Goncalves,True
3066,BR,3454001,CITY,Piacatu,True
3067,TR,317587,CITY,Dargecit,True
3068,DE,2856883,CITY,Osnabruck,True
3069,BR,6316458,CITY,Atilio Vivacqua,True
3070,DE,2891621,CITY,Kempten,True
3071,DE,2879139,CITY,Leipzig,True
3072,TR,740205,CITY,Saray,True
3073,BR,3462376,CITY,Goianira,True
3074,BR,3447660,CITY,Sertaneja,True
3075,GB,3333183,CITY,Portsmouth,True
3076,BR,3391172,CITY,Princesa Isabel,True
3077,BR,3455729,CITY,Ourinhos,True
3078,BR,6320744,CITY,Aracas,True
3079,JP,1856293,CITY,Nabari,True
3080,JP,2130612,CITY,Ashibetsu,True
3081,BR,3460598,CITY,Itatiba,True
3082,MX,4018128,CITY,Arteaga,True
3083,CH,11611651,CITY,Plessur,True
3084,TR,301824,CITY,Sarayonu,True
3085,BD,1337159,CITY,Rangpur,True
3086,BR,3460707,CITY,Itapicuru,True
3087,AR,3837823,CITY,San Cristobal,True
3088,TR,745714,CITY,Havza,True
3089,BR,3466041,CITY,Coaraci,True
3090,BR,3397546,CITY,Jatauba,True
3091,BR,3468551,CITY,Caceres,True
3092,BR,3455416,CITY,Palmeira das Missoes,True
3093,MX,3515428,CITY,Tlalpan,True
3094,BR,3394453,CITY,Moreno,True
3095,MX,3993335,CITY,Parras,True
3096,BR,3393062,CITY,Paramoti,True
3097,BR,3403251,CITY,Canto do Buriti,True
3098,DE,2877550,CITY,Lindau,True
3099,IE,2964405,CITY,Ennis,True
3100,BR,3465154,CITY,Cristinapolis,True
3101,JP,2130404,CITY,Ebetsu,True
3102,BR,3444830,CITY,Xaxim,True
3103,NL,54020005,CITY,Westerveld,True
3104,JP,1852083,CITY,Shinjuku,True
3105,MX,8583606,CITY,General Capeda,True
3106,BR,6316594,CITY,Bodoquena,True
3107,PL,3093133,CITY,Lodz,True
3108,NL,2748254,CITY,Reimerswaal,True
3109,EG,354502,CITY,Kafr El Sheikh,True
3110,JP,6825494,CITY,Uonuma,True
3111,GB,3333129,CITY,"Bournemouth, Christchurch and Poole",True
3112,BR,6321771,CITY,Santa Rita de Ibitipoca,True
3113,BR,3407882,CITY,Altamira,True
3114,BR,3445591,CITY,Valentim Gentil,True
3115,TR,739251,CITY,Suluova,True
3116,BR,6323782,CITY,Santa Rita do Pardo,True
3117,MX,3997000,CITY,Luvianos,True
3118,IT,3165770,CITY,Terni,True
3119,BR,6319684,CITY,Centro Novo do Maranhao,True
3120,BR,3450496,CITY,Sananduva,True
3121,DE,2913555,CITY,Gunzburg,True
3122,BR,3473267,CITY,Abaete,True
3123,CA,6128577,CITY,Rouyn Noranda,True
3124,IT,3181553,CITY,Brescia,True
3125,DE,6547384,CITY,Vogtland,True
3126,BR,3455482,CITY,Palestina,True
3127,IE,52900028,CITY,Laytown-Bettystown,True
3128,MX,8583973,CITY,General Enrique Estrada,True
3129,BR,3455168,CITY,Paracatu,True
3130,BR,3455089,CITY,Paraisopolis,True
3131,DE,2878074,CITY,Lichtenfels,True
3132,BR,6322744,CITY,Coronel Domingos Soares,True
3133,EG,361127,CITY,El Husseiniya,True
3134,BR,3450206,CITY,Santa Helena de Goias,True
3135,NO,54040052,CITY,Jevnaker,True
3136,BR,3469057,CITY,Brasilia de Minas,True
3137,BR,3453605,CITY,Pirajui,True
3138,BR,3467493,CITY,Canitar,True
3139,BR,6321842,CITY,Sapucai Mirim,True
3140,DE,3247914,CITY,Vulkaneifel,True
3141,TR,8632395,CITY,Bozdogan,True
3142,NL,2754697,CITY,Heemskerk,True
3143,KZ,608668,CITY,Oral,True
3144,JP,2130061,CITY,Hiroo,True
3145,BR,3459385,CITY,Juti,True
3146,NL,54020024,CITY,Halderberge,True
3147,PT,2264923,CITY,Peniche,True
3148,BR,3458333,CITY,Luz,True
3149,BR,3389462,CITY,Santa Maria da Boa Vista,True
3150,JP,1858910,CITY,Komatsu,True
3151,BR,3408149,CITY,Aguiar,True
3152,BR,6323340,CITY,Balneario Pinhal,True
3153,BR,3462400,CITY,Glorinha,True
3154,MX,3985035,CITY,San Pedro,True
3155,CH,8260135,CITY,Frutigen Niedersimmental,True
3156,JP,1859175,CITY,Kobayashi,True
3157,BR,6322233,CITY,Estrela do Norte,True
3158,BR,3471868,CITY,Aracariguama,True
3159,BR,3458746,CITY,Laranjeiras do Sul,True
3160,MX,8581800,CITY,Ahumada,True
3161,DE,3220793,CITY,Sigmaringen,True
3162,TR,9548545,CITY,Dulkadiroglu,True
3163,GB,3333141,CITY,Darlington,True
3164,SE,2696334,CITY,Lidingo,True
3165,MX,8584009,CITY,Villa Garcia,True
3166,BR,3408100,CITY,Alagoa Grande,True
3167,BR,3464511,CITY,Dores do Indaia,True
3168,BR,3461750,CITY,Guia Lopes da Laguna,True
3169,MX,4005775,CITY,Gomez Palacio,True
3170,TR,744093,CITY,Karasu,True
3171,MX,3516964,CITY,Santiago Chazumba,True
3172,BD,1337192,CITY,Brahmanbaria,True
3173,BR,3458020,CITY,Manga,True
3174,DE,52060022,CITY,Leipzig,True
3175,JP,6822115,CITY,Ritto,True
3176,BR,3458406,CITY,Louveira,True
3177,BR,3453917,CITY,Piedade dos Gerais,True
3178,JP,1863967,CITY,Fukuoka,True
3179,JP,7407414,CITY,Itoshima,True
3180,BR,3461925,CITY,Guaraci,True
3181,JP,6822183,CITY,Tomisato,True
3182,TR,751864,CITY,Arpacay,True
3183,JP,2111673,CITY,Nasu,True
3184,BR,6319006,CITY,Alto Alegre do Pindare,True
3185,AT,2781680,CITY,Bludenz,True
3186,BR,3449509,CITY,Santo Antonio do Grama,True
3187,BR,3445824,CITY,Uchoa,True
3188,AR,3836277,CITY,La Capital,True
3189,BR,6317665,CITY,Mundo Novo,True
3190,US,5127305,CITY,Monroe,True
3191,FR,3038050,CITY,Alpes de Haute Provence,True
3192,BR,3459743,CITY,Joaquim Felicio,True
3193,JP,92400037,CITY,Takikawa-shi,True
3194,BE,2803138,CITY,Antwerp,True
3195,DE,2821806,CITY,Nordsachsen,True
3196,MX,3532964,CITY,Alvarado,True
3197,DE,52060006,CITY,Munich,True
3198,BR,3462374,CITY,Goias,True
3199,MX,3515544,CITY,Tinum,True
3200,RO,54440363,CITY,Bălești,True
3201,BR,3459435,CITY,Juquitiba,True
3202,JP,1864557,CITY,Chino,True
3203,BR,3456224,CITY,Milagres,True
3204,ES,2515271,CITY,Las Palmas,True
3205,BR,3448071,CITY,Sapezal,True
3206,BR,3459795,CITY,Joao Neiva,True
3207,RO,679901,CITY,Curtici,True
3208,BR,3459094,CITY,Laguna,True
3209,DE,2918987,CITY,Gorlitz,True
3210,SE,2701096,CITY,Kavlinge,True
3211,CA,5983628,CITY,Inverness,True
3212,BR,3462601,CITY,Gandu,True
3213,BR,6317058,CITY,Elisio Medrado,True
3214,SE,2666238,CITY,Upplands Vasby,True
3215,BR,3449176,CITY,Sao Francisco,True
3216,JP,2128382,CITY,Rumoi,True
3217,BR,6321770,CITY,Santa Rita de Minas,True
3218,JP,1859100,CITY,Kofu,True
3219,MX,8583363,CITY,Sinaloa,True
3220,DE,2936213,CITY,Donnersberg,True
3221,BR,3454235,CITY,Penapolis,True
3222,SA,32000000282,CITY,Al Taif,True
3223,BR,3401552,CITY,Craibas,True
3224,BR,3395215,CITY,Massaranduba,True
3225,MX,8583265,CITY,Cadereyta de Montes,True
3226,BR,3460505,CITY,Iuna,True
3227,BR,3448622,CITY,Sao Leopoldo,True
3228,BR,3451107,CITY,Rio Novo do Sul,True
3229,MX,6955083,CITY,Catazaja,True
3230,MA,6547288,CITY,Jerada,True
3231,BR,6320429,CITY,Serido,True
3232,MX,8581991,CITY,Quechultenango,True
3233,JP,1853992,CITY,Onomichi,True
3234,JP,2131612,CITY,Goshogawara,True
3235,BR,3398145,CITY,Ipanguacu,True
3236,BR,3459342,CITY,Lagarto,True
3237,BR,3468615,CITY,Cabo Frio,True
3238,EG,348112,CITY,Sidi Salem,True
3239,DE,2950877,CITY,Berchtesgadener Land,True
3240,SA,10972380,CITY,Duba,True
3241,AR,3860443,CITY,Escalante,True
3242,BR,3473204,CITY,Acegua,True
3243,BR,6318711,CITY,Sonora,True
3244,BR,3471861,CITY,Aracatu,True
3245,BR,3461180,CITY,Inocencia,True
3246,BR,6321668,CITY,Piedade do Rio Grande,True
3247,BR,3464579,CITY,Dois Vizinhos,True
3248,BR,3469994,CITY,Biquinhas,True
3249,BR,6320943,CITY,Maetinga,True
3250,NL,8260050,CITY,Bodegraven Reeuwijk,True
3251,MX,4019869,CITY,Abasolo,True
3252,BR,3466904,CITY,Carmo de Minas,True
3253,MX,3981885,CITY,Tequila,True
3254,BD,1337158,CITY,Kurigram,True
3255,BR,3445781,CITY,Una,True
3256,US,4592843,CITY,Richland,True
3257,DE,6558157,CITY,Reutlingen,True
3258,US,4296212,CITY,Jefferson,True
3259,BR,3456322,CITY,Neropolis,True
3260,MX,3983636,CITY,Santiago Ixcuintla,True
3261,BR,3454530,CITY,Pedra Dourada,True
3262,BR,6319372,CITY,Aurora do Para,True
3263,SA,54500024,CITY,Ahad Al Masarihah,True
3264,BR,3464097,CITY,Entre Rios de Minas,True
3265,BR,3454763,CITY,Patrocinio,True
3266,US,4997130,CITY,Ingham,True
3267,ES,2520597,CITY,Cadiz,True
3268,IE,2962334,CITY,Naas,True
3269,FI,639406,CITY,Riihimaki,True
3270,BR,3448599,CITY,Sao Lourenco da Serra,True
3271,CH,6458742,CITY,Gau,True
3272,JP,2110583,CITY,Yabuki,True
3273,TR,743624,CITY,Kaynasli,True
3274,BR,3455459,CITY,Palmas,True
3275,MX,3514163,CITY,Zacatepec,True
3276,BR,6317379,CITY,Jenipapo de Minas,True
3277,JP,6822211,CITY,Chita,True
3278,CA,6943825,CITY,Bonaventure,True
3279,BR,3393829,CITY,Nova Timboteua,True
3280,BR,3457455,CITY,Matinhos,True
3281,BR,3444992,CITY,Virgem da Lapa,True
3282,BR,3387868,CITY,Serra Caiada,True
3283,EG,52200162,CITY,Tima,True
3284,BR,3393386,CITY,Pacoti,True
3285,MX,8582141,CITY,Hostotipaquillo,True
3286,BR,3401148,CITY,Cururupu,True
3287,BR,3460071,CITY,Jardinopolis,True
3288,BR,3399313,CITY,Frecheirinha,True
3289,BR,3472404,CITY,Alvorada,True
3290,BR,3468295,CITY,Cafelandia,True
3291,CA,5916918,CITY,Cariboo,True
3292,MX,8583405,CITY,Nacozari de Garcia,True
3293,BR,3446599,CITY,Terra Nova,True
3294,JP,1863018,CITY,Hatsukaichi,True
3295,NO,3154084,CITY,Hamar,True
3296,NL,2744332,CITY,Winterswijk,True
3297,GB,3333152,CITY,Hartlepool,True
3298,DK,2619771,CITY,Horsens,True
3299,BR,3453639,CITY,Pirassununga,True
3300,US,4697444,CITY,Hidalgo,True
3301,JP,1849904,CITY,Tosu,True
3302,BR,3446400,CITY,Tobias Barreto,True
3303,BR,3449793,CITY,Santa Rosa de Viterbo,True
3304,BR,3451152,CITY,Rio do Sul,True
3305,BR,3455351,CITY,Palminopolis,True
3306,JP,7451513,CITY,Kagamiishi,True
3307,BR,3450116,CITY,Santa Margarida,True
3308,MA,2544331,CITY,Khenifra,True
3309,BD,1337184,CITY,Gopalganj,True
3310,EG,361330,CITY,El Fashn,True
3311,JP,2127878,CITY,Mutsu,True
3312,JP,1851462,CITY,Sukumo,True
3313,BR,3470878,CITY,Barao de Cocais,True
3314,NO,3133880,CITY,Trondheim,True
3315,BR,3465320,CITY,Cosmopolis,True
3316,TR,740729,CITY,Pamukova,True
3317,BR,6321902,CITY,Uniao de Minas,True
3318,DE,2919054,CITY,Goppingen,True
3319,MX,3979846,CITY,Zacapu,True
3320,GB,11353073,CITY,Derry City and Strabane,True
3321,NL,54020002,CITY,Oldambt,True
3322,PT,2264557,CITY,Ponta Do Sol,True
3323,BR,3471927,CITY,Apiai,True
3324,DK,2613102,CITY,Sønderborg,True
3325,BR,6317503,CITY,Mae do Rio,True
3326,IT,2525447,CITY,Caltanissetta,True
3327,MX,4009697,CITY,El Grullo,True
3328,BR,50400008,CITY,Igapora,True
3329,MX,3981609,CITY,Tijuana,True
3330,US,5790179,CITY,Clark,True
3331,BR,3467546,CITY,Candiba,True
3332,DE,2925910,CITY,Forchheim,True
3333,DK,2614764,CITY,Ringsted,True
3334,CA,6098747,CITY,Parry Sound,True
3335,BR,6319459,CITY,Santa Barbara do Para,True
3336,JP,11612561,CITY,Saikai,True
3337,CH,2659613,CITY,Monthey,True
3338,NL,54020030,CITY,Sittard Geleen,True
3339,SE,2712414,CITY,Gavle,True
3340,NO,54040015,CITY,Rakkestad,True
3341,NL,54020028,CITY,Maasgouw,True
3342,BR,3455414,CITY,Palmeira d'Oeste,True
3343,JP,6822198,CITY,Nikaho,True
3344,BR,3462315,CITY,Governador Valadares,True
3345,FR,2989663,CITY,Oise,True
3346,RO,684110,CITY,Bosia,True
3347,TR,310892,CITY,Kadirli,True
3348,BD,1337163,CITY,Bogra,True
3349,GB,3333207,CITY,Swindon,True
3350,MX,8582132,CITY,Chiquilistlan,True
3351,JP,2130057,CITY,Hirosaki,True
3352,BR,3388613,CITY,Sao Joao do Tigre,True
3353,BR,3462996,CITY,Francisco Beltrsao,True
3354,EG,347634,CITY,Tahta,True
3355,BR,3458036,CITY,Mandirituba,True
3356,BR,6323884,CITY,Uniao do Sul,True
3357,MX,8581974,CITY,Huitzuco de los Figueroa,True
3358,NL,2751738,CITY,Lelystad,True
3359,JP,2128983,CITY,Nayoro,True
3360,TR,741385,CITY,Mustafakemalpasa,True
3361,JP,6822164,CITY,Kitamoto,True
3362,BR,3455139,CITY,Paraibuna,True
3363,BR,3465624,CITY,Contagem,True
3364,JP,1855753,CITY,Nakatsugawa,True
3365,BR,6316876,CITY,Claudia,True
3366,BR,3445651,CITY,Utinga,True
3367,BR,3460755,CITY,Itapebi,True
3368,TR,311665,CITY,Igdir,True
3369,BR,3461368,CITY,Imbituva,True
3370,JP,1849053,CITY,Utsunomiya,True
3371,BR,50400007,CITY,Cordeiros,True
3372,RO,8334672,CITY,Municipiul Galati,True
3373,CA,6128549,CITY,Roussillon,True
3374,EG,361436,CITY,El Balyana,True
3375,SE,2690843,CITY,Munkedal,True
3376,BR,6319380,CITY,Bom Jesus do Tocantins,True
3377,BR,6324149,CITY,Novo Sao Joaquim,True
3378,BR,3455079,CITY,Parana,True
3379,BR,3464809,CITY,Descalvado,True
3380,TR,8074174,CITY,Muratpasa,True
3381,MX,3516271,CITY,Tantoyuca,True
3382,TR,749748,CITY,Cankiri,True
3383,SE,2681825,CITY,Ronneby,True
3384,DE,52060021,CITY,Rostock,True
3385,BR,3465944,CITY,Colatina,True
3386,CA,5978829,CITY,Huron,True
3387,BR,6316837,CITY,Cedral,True
3388,TR,301010,CITY,Seydisehir,True
3389,MX,3517524,CITY,Tecamac,True
3390,JP,1861602,CITY,Inazawa,True
3391,SA,10972274,CITY,Al Mukhwah,True
3392,CA,77400025,CITY,Okanagan Similkameen,True
3393,BR,3444985,CITY,Varginha,True
3394,FR,2994106,CITY,Meuse,True
3395,TR,750605,CITY,Biga,True
3396,BR,6317783,CITY,Novo Horizonte,True
3397,CA,77400036,CITY,Edmonton,True
3398,MX,3998317,CITY,Gabriel Zamora,True
3399,BR,6319663,CITY,Bom Jesus das Selvas,True
3400,RO,676124,CITY,Hodac,True
3401,BR,3388112,CITY,Sao Sebastiao,True
3402,JP,11790342,CITY,Setagaya,True
3403,BR,6319993,CITY,Santa Rosa do Piaui,True
3404,BR,6323869,CITY,Santo Afonso,True
3405,CA,5924614,CITY,Cochrane,True
3406,SE,2689471,CITY,Nora,True
3407,BR,6319269,CITY,Sao Francisco do Guapore,True
3408,JP,7412205,CITY,Seika,True
3409,JP,92400032,CITY,Arao-shi,True
3410,BR,3456866,CITY,Monte Aprazivel,True
3411,US,4737316,CITY,Travis,True
3412,BR,3389389,CITY,Santana de Mangueira,True
3413,MX,4019827,CITY,Acambaro,True
3414,ZA,8347347,CITY,Bojanala Platinum,True
3415,DE,2910830,CITY,Hanover,True
3416,DE,2842632,CITY,Saarlouis,True
3417,CA,5957659,CITY,Fraser Valley,True
3418,BR,3465059,CITY,Cubatao,True
3419,BR,3452381,CITY,Pratania,True
3420,BR,6318880,CITY,Vera Cruz do Oeste,True
3421,BR,3462348,CITY,Goncalves,True
3422,JP,1895599,CITY,Tarumizu,True
3423,AR,3841673,CITY,Pehuenches,True
3424,SE,2699791,CITY,Koping,True
3425,MX,8582373,CITY,Ayala,True
3426,DE,6557541,CITY,Euskirchen,True
3427,MX,8582295,CITY,Huetamo,True
3428,MX,8583127,CITY,Ixtacamaxtitlan,True
3429,AR,3430104,CITY,Paso de los Libres,True
3430,BR,3456234,CITY,Nossa Senhora das Dores,True
3431,SE,2726314,CITY,Alvesta,True
3432,BR,3407977,CITY,Alexandria,True
3433,MX,8581956,CITY,Cocula,True
3434,AR,3836142,CITY,Santa Maria,True
3435,BR,3461506,CITY,Iepe,True
3436,MX,8582221,CITY,Zapotitlan de Vadillo,True
3437,NL,2754064,CITY,Hilversum,True
3438,BR,3454053,CITY,Pescador,True
3439,BR,6317642,CITY,Moreilandia,True
3440,BR,6319350,CITY,Urucurituba,True
3441,BR,3450144,CITY,Santa Luzia,True
3442,CA,77400035,CITY,Lloydminster,True
3443,JP,1861084,CITY,Izumo,True
3444,NO,54040053,CITY,Lunner,True
3445,BR,3445321,CITY,Ventania,True
3446,BR,3465209,CITY,Cravinhos,True
3447,BR,6320726,CITY,Erico Cardoso,True
3448,TR,306041,CITY,Kozluk,True
3449,CA,5881938,CITY,Abitibi Ouest,True
3450,JP,7443159,CITY,Mitane,True
3451,JP,6825489,CITY,Joetsu,True
3452,DE,2933945,CITY,Ebersberg,True
3453,BR,6319908,CITY,Francisco Macedo,True
3454,JP,1853209,CITY,Sakado,True
3455,JP,1857276,CITY,Miki,True
3456,BR,3467003,CITY,Carapebus,True
3457,NL,2743947,CITY,Moerdijk,True
3458,BR,3389815,CITY,Saloa,True
3459,BR,3467717,CITY,Campo Mourao,True
3460,BR,3394539,CITY,Montes Altos,True
3461,DE,6557708,CITY,Unna,True
3462,BR,6321782,CITY,Santo Antonio do Retiro,True
3463,US,4464374,CITY,Durham,True
3464,BR,6321271,CITY,Chapada do Norte,True
3465,MX,8581764,CITY,San Fernando,True
3466,FR,3038422,CITY,Ain,True
3467,BR,3387853,CITY,Serra de Sao Bento,True
3468,EG,52200202,CITY,El Hassana,True
3469,BR,3465527,CITY,Cordeiro,True
3470,BR,3452335,CITY,Presidente Bernardes,True
3471,DE,2825297,CITY,Stuttgart,True
3472,JP,1865714,CITY,Ageo,True
3473,BR,3458494,CITY,Lins,True
3474,BR,6318931,CITY,Vila Rica,True
3475,MX,3514043,CITY,Zempoala,True
3476,JP,7391361,CITY,Shiroishi,True
3477,FR,3019316,CITY,Eure et Loir,True
3478,BR,6319234,CITY,Colorado do Oeste,True
3479,BR,3399179,CITY,Galinhos,True
3480,MX,3986862,CITY,San Ignacio,True
3481,CA,77400031,CITY,Calgary,True
3482,DE,2907669,CITY,Heilbronn,True
3483,MX,3982034,CITY,Teocaltiche,True
3484,BR,3385109,CITY,Vicosa,True
3485,BR,3456474,CITY,Murutinga do Sul,True
3486,CA,77400107,CITY,La Mitis,True
3487,US,4148826,CITY,Brevard,True
3488,MX,4012176,CITY,Culiacan,True
3489,US,4742143,CITY,Williamson,True
3490,DK,2612204,CITY,Struer,True
3491,ZA,8347478,CITY,Tshwane,True
3492,EG,10371120,CITY,Dar El Salam,True
3493,BR,6319069,CITY,Sao Benedito do Sul,True
3494,JP,2110579,CITY,Yachimata,True
3495,TR,747184,CITY,Eyupsultan,True
3496,JP,7424125,CITY,Amakusa,True
3497,BR,3470747,CITY,Barra do Choca,True
3498,TR,738614,CITY,Turkeli,True
3499,GB,3333217,CITY,West Berkshire,True
3500,IE,52900030,CITY,Carrickmacross-Castleblayney,True
3501,BR,3461400,CITY,Ilopolis,True
3502,BR,3385674,CITY,Uruburetama,True
3503,MX,3530513,CITY,Coatzintla,True
3504,DK,2610613,CITY,Vejle,True
3505,MX,8583794,CITY,Soledad de Doblado,True
3506,TR,746426,CITY,Gumushacikoy,True
3507,GB,2635885,CITY,Thurrock,True
3508,NO,3144987,CITY,Narvik,True
3509,RO,684983,CITY,Berteștii de Jos,True
3510,BR,6320310,CITY,Condado,True
3511,NL,2749644,CITY,Oldenzaal,True
3512,JP,11612633,CITY,Unnan,True
3513,TR,9542263,CITY,Toroslar,True
3514,NL,2744483,CITY,Wijk bij Duurstede,True
3515,IT,2524169,CITY,Messina,True
3516,BR,3404972,CITY,Branquinha,True
3517,MX,3523670,CITY,Maltrata,True
3518,TR,312862,CITY,Halfeti,True
3519,EG,361474,CITY,El Badrashein,True
3520,JP,2111824,CITY,Motomiya,True
3521,BR,3464974,CITY,Curitibanos,True
3522,BR,3456820,CITY,Monte Santo,True
3523,MX,3517266,CITY,Santa Maria Colotepec,True
3524,EG,52200119,CITY,Pyramids,True
3525,BR,6318166,CITY,Rio Quente,True
3526,JP,1850745,CITY,Tamana,True
3527,BR,3451138,CITY,Rio Grande,True
3528,BR,3456309,CITY,Nhandeara,True
3529,CA,77400075,CITY,Brandon,True
3530,NL,2750896,CITY,Middelburg,True
3531,EG,52200142,CITY,Abu Qirqas,True
3532,DE,2803460,CITY,Markischer,True
3533,RO,664518,CITY,Tulcea,True
3534,AR,52000051,CITY,Balcarce,True
3535,BR,3387922,CITY,Sento Se,True
3536,BR,6323532,CITY,Nova Esperanca do Sul,True
3537,BR,3460773,CITY,Itapaci,True
3538,JP,11612343,CITY,Akiruno,True
3539,MX,4011703,CITY,Ecuandureo,True
3540,BR,6322248,CITY,Gastao Vidigal,True
3541,BR,3453542,CITY,Pirapozinho,True
3542,BR,3458329,CITY,Luziania,True
3543,BR,3466824,CITY,Casa Branca,True
3544,BR,6318173,CITY,Ritapolis,True
3545,BR,3456696,CITY,Morro do Chapeu,True
3546,BR,6318153,CITY,Rio Branco,True
3547,MX,3516188,CITY,Tecamachalco,True
3548,PT,8010683,CITY,Porto Santo Island,True
3549,BR,6317166,CITY,Frai,True
3550,JP,6825495,CITY,Fujiidera,True
3551,BR,3398584,CITY,Guamare,True
3552,BR,3447997,CITY,Sarandi,True
3553,RO,678306,CITY,Fetesti,True
3554,SE,2701680,CITY,Karlstad,True
3555,BR,3458069,CITY,Mamonas,True
3556,JP,7443158,CITY,Misato,True
3557,SE,8132578,CITY,Ragunda,True
3558,BR,3460553,CITY,Itirapina,True
3559,PT,2742416,CITY,Barcelos,True
3560,JP,1858403,CITY,Kumatori,True
3561,BR,3401205,CITY,Curua,True
3562,DE,6553134,CITY,Hagen,True
3563,BR,6318826,CITY,Ulianopolis,True
3564,MX,3515463,CITY,Tlahuac,True
3565,BR,6318212,CITY,Sanclerlandia,True
3566,BR,3394481,CITY,Moraujo,True
3567,JP,92400103,CITY,Shiraoi-cho,True
3568,BR,3395062,CITY,Maues,True
3569,JP,1863528,CITY,Gotemba,True
3570,BD,1337194,CITY,Chandpur,True
3571,CH,6458869,CITY,Thal,True
3572,BR,3471039,CITY,Balneario Camboriu,True
3573,JP,1856584,CITY,Moriguchi,True
3574,EG,360047,CITY,Ashmoun,True
3575,BR,3401876,CITY,Conceicao,True
3576,DE,3247913,CITY,Bitburg Prum,True
3577,AR,3855353,CITY,Choya,True
3578,MX,8582860,CITY,Santa Cruz Xoxocotlan,True
3579,RO,8334835,CITY,Municipiul Iasi,True
3580,JP,7405236,CITY,Kibichūō,True
3581,BR,3398658,CITY,Groairas,True
3582,BR,6324300,CITY,Potiretama,True
3583,MX,3515696,CITY,Teziutlan,True
3584,DK,2620214,CITY,Hjørring,True
3585,MX,3522507,CITY,Oaxaca,True
3586,BR,6319781,CITY,Ribamar Fiquene,True
3587,KZ,1522203,CITY,Kokshetau,True
3588,BR,3404285,CITY,Cacimbas,True
3589,BR,3449055,CITY,Sao Goncalo dos Campos,True
3590,DE,2803463,CITY,Aichach Friedberg,True
3591,DE,6557392,CITY,Peine,True
3592,BR,3468570,CITY,Cacador,True
3593,SE,2720679,CITY,Bollnas,True
3594,BR,3458591,CITY,Lima Duarte,True
3595,NL,2756430,CITY,Edam Volendam,True
3596,BR,3388376,CITY,Sao Lourenco da Mata,True
3597,NO,6453335,CITY,Midtre Gauldal,True
3598,BR,3461625,CITY,Ibate,True
3599,BR,6317123,CITY,Fazenda Rio Grande,True
3600,BR,3449121,CITY,Sao Francisco de Paula,True
3601,MX,8582421,CITY,Bahia de Banderas,True
3602,BR,3466547,CITY,Caxambu,True
3603,AE,51020011,CITY,Khor Fakkan,True
3604,FR,3013757,CITY,Haute Marne,True
3605,MX,3519228,CITY,San Gabriel Mixtepec,True
3606,NO,3156529,CITY,Fredrikstad,True
3607,US,4834162,CITY,Fairfield,True
3608,TR,7732936,CITY,Battalgazi,True
3609,BR,6319411,CITY,Ipixuna do Para,True
3610,BR,3451706,CITY,Reginopolis,True
3611,BR,3460412,CITY,Jaguare,True
3612,MX,3532497,CITY,Azcapotzalco,True
3613,JP,1854019,CITY,Ono,True
3614,SE,2667303,CITY,Trollhattan,True
3615,BR,3452152,CITY,Quatigua,True
3616,BR,3460127,CITY,Japoata,True
3617,BD,1337203,CITY,Meherpur,True
3618,BR,3468020,CITY,Camapua,True
3619,BR,3397660,CITY,Jaicos,True
3620,EG,360527,CITY,El Quseyya,True
3621,BR,3462536,CITY,Garuva,True
3622,BR,3461465,CITY,Iguape,True
3623,BR,3477430,CITY,Bombinhas,True
3624,BR,3447063,CITY,Taio,True
3625,BR,3458604,CITY,Licinio de Almeida,True
3626,JP,1864652,CITY,Chatan,True
3627,SE,2675416,CITY,Solleftea,True
3628,MX,4019089,CITY,Ahuacatlan,True
3629,MX,3980841,CITY,Tuxpan,True
3630,MX,3996472,CITY,Mascota,True
3631,BR,3460974,CITY,Itabaiana,True
3632,MX,8582285,CITY,Churumuco,True
3633,BR,6317742,CITY,Nova Hartz,True
3634,MX,3516614,CITY,Socoltenango,True
3635,FI,52300001,CITY,Suupohja,True
3636,BR,3471683,CITY,Arcos,True
3637,TR,751952,CITY,Ardahan,True
3638,MX,3533269,CITY,Agua Dulce,True
3639,DE,2847604,CITY,Rhein Sieg,True
3640,BR,3395717,CITY,Mamanguape,True
3641,GB,2635274,CITY,Tyne and Wear,True
3642,BR,3466187,CITY,Chui,True
3643,SE,2694893,CITY,Lindesberg,True
3644,CH,8740969,CITY,Hochdorf,True
3645,TR,300808,CITY,Silifke,True
3646,FR,2971090,CITY,Val de Marne,True
3647,BR,3386528,CITY,Tejucuoca,True
3648,MX,3516053,CITY,Temapache,True
3649,JP,1850752,CITY,Tamaki,True
3650,RO,673652,CITY,Maxineni,True
3651,BR,3411890,CITY,Divinopolis do Tocantins,True
3652,MX,3982589,CITY,Talpa de Allende,True
3653,TR,304854,CITY,Manavgat,True
3654,BR,3463828,CITY,Estiva,True
3655,SA,10972302,CITY,Al Midhnab,True
3656,BR,6323750,CITY,Fatima do Sul,True
3657,MX,3815324,CITY,Huamantla,True
3658,TR,738549,CITY,Tuzla,True
3659,RO,683365,CITY,Buhusi,True
3660,BR,3448667,CITY,Sao Jose do Cedro,True
3661,BR,3388210,CITY,Sao Pedro,True
3662,MX,4018320,CITY,Arcelia,True
3663,BR,3398335,CITY,Iguaraci,True
3664,BR,6324223,CITY,Sao Joao da Fronteira,True
3665,BR,3397174,CITY,Juazeirinho,True
3666,JP,2110927,CITY,Tagajō,True
3667,BR,6321121,CITY,Alto Caparao,True
3668,MX,3985846,CITY,San Juan de Sabinas,True
3669,JP,92400072,CITY,Kuriyama-cho,True
3670,NL,2755619,CITY,Geldrop Mierlo,True
3671,NL,6544261,CITY,Westland,True
3672,MX,4018499,CITY,Angostura,True
3673,BR,3445939,CITY,Tupancireta,True
3674,GB,3333123,CITY,Bath and North East Somerset,True
3675,BR,6318410,CITY,Sao Domingos do Cariri,True
3676,TR,298806,CITY,Turgutlu,True
3677,SE,2720689,CITY,Bollebygd,True
3678,BR,3395380,CITY,Mari,True
3679,BR,3397154,CITY,Juazeiro,True
3680,BR,3407248,CITY,Araripe,True
3681,US,5116642,CITY,Erie,True
3682,SE,2697861,CITY,Laholm,True
3683,BR,3447909,CITY,Seberi,True
3684,US,5229782,CITY,Minnehaha,True
3685,BR,6324002,CITY,Ivolandia,True
3686,RO,671768,CITY,Oradea,True
3687,CH,2661394,CITY,Brig,True
3688,BR,3397230,CITY,Jose de Freitas,True
3689,BR,3408072,CITY,Alcantaras,True
3690,IT,3175120,CITY,L'Aquila,True
3691,BR,6319848,CITY,Barra d'Alcantara,True
3692,ZA,964420,CITY,Nelson Mandela Bay,True
3693,BR,3453807,CITY,Espirito Santo do Pinhal,True
3694,BR,3478424,CITY,Pontal do Parana,True
3695,BR,3463432,CITY,Fernandopolis,True
3696,MX,3514063,CITY,Zapotitlan,True
3697,BR,3467450,CITY,Cansancao,True
3698,JP,1855431,CITY,Niigata,True
3699,BR,3406001,CITY,Batalha,True
3700,MX,3516060,CITY,Teloloapan,True
3701,MX,8581916,CITY,Ocampo,True
3702,BR,6321998,CITY,Vila Valerio,True
3703,BR,6323737,CITY,Caracol,True
3704,JP,2128574,CITY,Otaru,True
3705,BR,3402548,CITY,Castelo do Piaui,True
3706,BR,3450269,CITY,Santa Cruz do Sul,True
3707,BR,6318513,CITY,Sao Jose do Rio Claro,True
3708,MX,8583924,CITY,Santa Elena,True
3709,ZA,8347371,CITY,Gert Sibande,True
3710,DE,2849495,CITY,Regen,True
3711,MX,7778820,CITY,Bolanos,True
3712,BR,3449060,CITY,Sao Goncalo do Para,True
3713,JP,1850498,CITY,Tatsuno,True
3714,BR,3463120,CITY,Formoso,True
3715,BR,3462383,CITY,Goianapolis,True
3716,BR,3398428,CITY,Humberto de Campos,True
3717,CA,5926222,CITY,Columbia Shuswap,True
3718,PK,1164895,CITY,Sibi,True
3719,BR,3445942,CITY,Tupa,True
3720,BR,3458049,CITY,Mandaguari,True
3721,BR,3450058,CITY,Santa Maria do Salto,True
3722,BR,3924872,CITY,Presidente Medici,True
3723,US,4249472,CITY,Sangamon,True
3724,JP,1862636,CITY,Hikone,True
3725,BR,3925227,CITY,Brasileia,True
3726,JP,1857219,CITY,Minabe,True
3727,JP,1864099,CITY,Fujioka,True
3728,JP,11612694,CITY,Asakuchi,True
3729,TR,298435,CITY,Arsuz,True
3730,JP,7417714,CITY,Kiho,True
3731,BR,6317039,CITY,Dormentes,True
3732,BR,6316349,CITY,Alto Alegre do Maranhao,True
3733,CA,77400029,CITY,Hanna,True
3734,DK,2621912,CITY,Frederikssund,True
3735,BR,3664243,CITY,Feijo,True
3736,DE,6620352,CITY,Nordfriesland,True
3737,BR,3459353,CITY,Ladainha,True
3738,MX,8581759,CITY,Rayon,True
3739,JP,7370816,CITY,Tamba,True
3740,RO,681502,CITY,Cisnadie,True
3741,BR,6317211,CITY,Governador Celso Ramos,True
3742,BR,3471758,CITY,Araras,True
3743,MX,3514674,CITY,Gustavo A  Madero,True
3744,BR,6319879,CITY,Caracol,True
3745,DE,2861650,CITY,Nurnberg,True
3746,DE,3302155,CITY,Mansfeld Sudharz,True
3747,DE,6553025,CITY,Krefeld,True
3748,JP,2112989,CITY,Daigo,True
3749,MA,2556569,CITY,Azilal Province,True
3750,RO,663118,CITY,Vaslui,True
3751,DE,2803620,CITY,Zweibrucken,True
3752,JP,2111018,CITY,Shiroi,True
3753,DE,2856505,CITY,Osterholz,True
3754,NO,3160745,CITY,Bomlo,True
3755,RO,669058,CITY,Recas,True
3756,BR,6321599,CITY,Ninheira,True
3757,BR,3401845,CITY,Conceicao do Araguaia,True
3758,BR,6319804,CITY,Sao Jose dos Basilios,True
3759,BR,3404020,CITY,Cajazeiras,True
3760,BR,3448453,CITY,Sao Miguel do Iguacu,True
3761,BR,6321554,CITY,Materlandia,True
3762,PT,2738014,CITY,Maia,True
3763,BR,3388092,CITY,Sao Tome,True
3764,AR,52000060,CITY,La Plata,True
3765,BR,3384987,CITY,Vitoria de Santo Antao,True
3766,EG,347612,CITY,Tala,True
3767,BR,3465642,CITY,Conselheiro Mairinck,True
3768,BR,3448846,CITY,Sao Joao Nepomuceno,True
3769,CA,6051943,CITY,Le Granit,True
3770,US,4674023,CITY,Bexar,True
3771,BR,6316662,CITY,Buriticupu,True
3772,BR,6318414,CITY,Sao Felix do Araguaia,True
3773,BR,3460214,CITY,Jaguariaiva,True
3774,KZ,1524787,CITY,Turkistan,True
3775,US,4657046,CITY,Shelby,True
3776,JP,7372274,CITY,Akitakata,True
3777,BR,3458217,CITY,Machadinho,True
3778,JP,6822218,CITY,Motosu,True
3779,MX,3995647,CITY,Moctezuma,True
3780,BR,3473129,CITY,Afonso Claudio,True
3781,MX,8582441,CITY,General Bravo,True
3782,DE,2892080,CITY,Kaufbeuren,True
3783,BR,6318972,CITY,Zortea,True
3784,NL,2743977,CITY,Zeist,True
3785,BR,3465329,CITY,Coruripe,True
3786,RO,686502,CITY,Alexandria,True
3787,MX,3531576,CITY,Cardenas,True
3788,JP,1852643,CITY,Settsu,True
3789,IT,3170646,CITY,Pisa,True
3790,DE,52060016,CITY,Furth,True
3791,JP,2130137,CITY,Hashikami,True
3792,BR,6320019,CITY,Sigefredo Pacheco,True
3793,PT,2270023,CITY,Cartaxo,True
3794,TR,301827,CITY,Saraykoy,True
3795,JP,1858926,CITY,Komaki,True
3796,BR,3384930,CITY,Xexeu,True
3797,BR,6322483,CITY,Porangaba,True
3798,MX,8583304,CITY,Charcas,True
3799,US,4149007,CITY,Broward,True
3800,CA,6100076,CITY,Peace River,True
3801,JP,1856273,CITY,Nachikatsuura,True
3802,FR,2990371,CITY,Nievre,True
3803,CA,5896497,CITY,Beauharnois Salaberry,True
3804,CA,6052311,CITY,Lennox and Addington,True
3805,BR,6323770,CITY,Nova Andradina,True
3806,BR,3458778,CITY,Laranjeiras,True
3807,NO,3141747,CITY,Risor,True
3808,JP,1862810,CITY,Higashiizu,True
3809,BR,3386467,CITY,Terra Santa,True
3810,MX,6955080,CITY,Bochil,True
3811,TR,315515,CITY,Erdemli,True
3812,TR,9540843,CITY,Tirebolu,True
3813,MX,3515505,CITY,Tizayuca,True
3814,BR,3453150,CITY,Ponta Pora,True
3815,EG,52200184,CITY,El Qoseir,True
3816,BR,3463124,CITY,Formosa do Rio Preto,True
3817,BR,3456166,CITY,Nova Friburgo,True
3818,BR,3388403,CITY,Sao Juliao,True
3819,MX,4004886,CITY,Nogales,True
3820,BR,3448697,CITY,Sao Jose da Barra,True
3821,GB,2651079,CITY,Dorset,True
3822,DE,8648413,CITY,Mecklenburgische Seenplatte,True
3823,JP,1856177,CITY,Nagasaki,True
3824,SA,54500016,CITY,Sarat Abidah,True
3825,SE,2684213,CITY,Perstorp,True
3826,BR,3465758,CITY,Conceicao do Jacuipe,True
3827,BR,3407194,CITY,Areia Branca,True
3828,BR,3466470,CITY,Centenario do Sul,True
3829,BR,3464008,CITY,Esmeraldas,True
3830,CA,5992378,CITY,Kings,True
3831,JP,2110738,CITY,Tone,True
3832,NO,54040048,CITY,Lier,True
3833,MX,8583416,CITY,Sahuaripa,True
3834,BR,3460686,CITY,Itapitanga,True
3835,DE,2831482,CITY,Heide,True
3836,BE,2783770,CITY,West Flanders,True
3837,ES,2521883,CITY,Almeria,True
3838,MX,8581737,CITY,Mapastepec,True
3839,BR,6319812,CITY,Satubinha,True
3840,JP,11611661,CITY,Fukaya,True
3841,GB,2654408,CITY,Buckinghamshire,True
3842,BR,3461528,CITY,Ibiuna,True
3843,GB,2652975,CITY,Clackmannanshire,True
3844,BR,3460148,CITY,Januaria,True
3845,DK,2616933,CITY,Middelfart,True
3846,BR,3456566,CITY,Mulungu do Morro,True
3847,NL,2752923,CITY,Kerkrade,True
3848,JP,6822113,CITY,Murayama,True
3849,JP,6822225,CITY,Yaese,True
3850,CA,5966925,CITY,Grey,True
3851,MX,8583434,CITY,Plutarco Elias Calles,True
3852,ES,2519034,CITY,Cuenca,True
3853,AR,3855075,CITY,Maraco,True
3854,MX,8583225,CITY,Tlachichuca,True
3855,CA,6691320,CITY,Nord du Quebec,True
3856,BR,3393783,CITY,Novo Oriente,True
3857,BR,3394792,CITY,Mirandiba,True
3858,BR,6322776,CITY,Formosa do Oeste,True
3859,BR,6323526,CITY,Nao Me Toque,True
3860,GB,2634354,CITY,West Lothian,True
3861,NL,2746133,CITY,Tubbergen,True
3862,MX,8582307,CITY,Maravatio,True
3863,BR,3460535,CITY,Itu,True
3864,CA,5920264,CITY,Charlotte,True
3865,EG,52200207,CITY,El Tor,True
3866,BR,3467787,CITY,Campo Bonito,True
3867,DE,6547541,CITY,Cottbus,True
3868,GB,2633840,CITY,Windsor and Maidenhead,True
3869,RO,673404,CITY,Mihai Bravu,True
3870,BR,6324076,CITY,Santa Cruz de Goias,True
3871,MX,3533389,CITY,Actopan,True
3872,JP,7412208,CITY,Yosano,True
3873,BR,3397034,CITY,Jurema,True
3874,DE,2821515,CITY,Traunstein,True
3875,PK,1169820,CITY,Multan,True
3876,BR,3465858,CITY,Comercinho,True
3877,JP,7391363,CITY,Ureshino,True
3878,FR,3036264,CITY,Aude,True
3879,BR,3461984,CITY,Guajeru,True
3880,JP,1907309,CITY,Miura,True
3881,MX,8583931,CITY,Teabo,True
3882,JP,1865125,CITY,Arida,True
3883,BR,3460623,CITY,Itarana,True
3884,JP,1926055,CITY,Ozu,True
3885,BR,3394618,CITY,Monsenhor Tabosa,True
3886,BR,3460186,CITY,Jales,True
3887,BR,3452956,CITY,Porteirinha,True
3888,DK,2610319,CITY,Viborg,True
3889,MX,3992619,CITY,Piedras Negras,True
3890,BR,3458142,CITY,Mage,True
3891,SE,2685981,CITY,Osteraker,True
3892,TR,322673,CITY,Ayvalik,True
3893,DE,2929716,CITY,Erding,True
3894,JP,6822219,CITY,Gujo,True
3895,BR,3454680,CITY,Paulistas,True
3896,BR,3469391,CITY,Bom Retiro do Sul,True
3897,MX,4017992,CITY,Atotonilco El Alto,True
3898,BR,6318538,CITY,Sao Luiz do Norte,True
3899,BR,3446392,CITY,Tocantins,True
3900,BR,3446138,CITY,Tres Coracoes,True
3901,BR,6319710,CITY,Guimaraes,True
3902,IT,3183087,CITY,Ancona,True
3903,BR,3454962,CITY,Parnagua,True
3904,BR,3453416,CITY,Planalto,True
3905,MX,3523349,CITY,Merida,True
3906,NL,2754066,CITY,Hilvarenbeek,True
3907,IT,3164697,CITY,Varese,True
3908,JP,2128815,CITY,Obihiro,True
3909,CA,77400072,CITY,Dauphin,True
3910,NO,3154414,CITY,Ha,True
3911,EG,52200194,CITY,Sallum,True
3912,TR,6955677,CITY,Cankaya,True
3913,AR,3834048,CITY,Nueve de Julio,True
3914,SE,2706982,CITY,Hedemora,True
3915,AR,3430598,CITY,Monte Caseros,True
3916,DE,2866064,CITY,Neuburg Schrobenhausen,True
3917,BR,6321855,CITY,Sericita,True
3918,US,4871782,CITY,Polk,True
3919,JP,1848639,CITY,Yamanochi,True
3920,TR,311547,CITY,Ilic,True
3921,BR,3445543,CITY,Vargem Alegre,True
3922,DE,3221075,CITY,Bentheim,True
3923,DK,2610020,CITY,Vordingborg,True
3924,BR,3467975,CITY,Cambira,True
3925,BR,6318522,CITY,Sao Jose dos Quatro Marcos,True
3926,BR,3464687,CITY,Divisa Alegre,True
3927,RO,675918,CITY,Hunedoara,True
3928,BR,3451094,CITY,Rio Pomba,True
3929,BR,6321714,CITY,Riachinho,True
3930,FR,2995603,CITY,Marne,True
3931,ES,2519401,CITY,Ciudad Real,True
3932,BR,6318755,CITY,Teixeira de Freitas,True
3933,TR,301350,CITY,Seferihisar,True
3934,SA,32000000274,CITY,Al Qurayyat,True
3935,BR,3466050,CITY,Clementina,True
3936,BR,6324277,CITY,Aveiro,True
3937,BR,3461973,CITY,Guanambi,True
3938,CA,77400052,CITY,Saskatoon,True
3939,JP,7467387,CITY,Sakai,True
3940,US,5735869,CITY,Lane,True
3941,GB,3333226,CITY,East Ayrshire,True
3942,BR,3471691,CITY,Araxa,True
3943,MX,3983630,CITY,Tangamandapio,True
3944,BR,3403360,CITY,Canhotinho,True
3945,EG,358273,CITY,Dir Mawas,True
3946,BR,3664980,CITY,Boa Vista,True
3947,MX,3982567,CITY,Tamazula,True
3948,MX,3526708,CITY,Ixmiquilpan,True
3949,CA,8556292,CITY,Lanark,True
3950,TR,316284,CITY,Dortyol,True
3951,JP,1859642,CITY,Kawasaki,True
3952,BR,6319997,CITY,Sao Braz do Piaui,True
3953,NL,2744317,CITY,Noord Beveland,True
3954,TR,300371,CITY,Soma,True
3955,JP,1861212,CITY,Iwakuni,True
3956,NL,2750187,CITY,Nieuwkoop,True
3957,BR,3460825,CITY,Itamarandiba,True
3958,BR,3407091,CITY,Aroeiras,True
3959,JP,1849407,CITY,Uenohara,True
3960,BR,3397183,CITY,Juarez Tavora,True
3961,JP,1852736,CITY,Satsumasendai,True
3962,BR,3455655,CITY,Ouvidor,True
3963,BR,3471544,CITY,Argirita,True
3964,BR,6316389,CITY,Anapu,True
3965,BR,3392629,CITY,Pedra Branca,True
3966,MX,8583629,CITY,Sierra Mojada,True
3967,JP,1865638,CITY,Aizubange,True
3968,JP,92400071,CITY,Naganuma-cho,True
3969,CA,6051985,CITY,Le Haut Saint Laurent,True
3970,US,5099357,CITY,Hudson,True
3971,BR,8602146,CITY,Uruara,True
3972,IT,3177837,CITY,Cremona,True
3973,BR,3448656,CITY,Sao Jose do Jacuri,True
3974,FI,9610685,CITY,Southern Pirkanmaa,True
3975,DK,11746890,CITY,Aarhus N,True
3976,MX,3994912,CITY,Nochistlan de Mejia,True
3977,PT,2263823,CITY,Rio Maior,True
3978,JP,1865449,CITY,Aki,True
3979,GB,3333175,CITY,North East Lincolnshire,True
3980,MX,3739628,CITY,Puerto Morelos,True
3981,BR,3392734,CITY,Barra,True
3982,JP,2110774,CITY,Togane,True
3983,BR,3460907,CITY,Itagi,True
3984,TR,7732349,CITY,Osmancik,True
3985,JP,6822199,CITY,Daisen,True
3986,BR,3460981,CITY,Ita,True
3987,MX,8581839,CITY,Ocampo,True
3988,BR,3448519,CITY,Sao Mateus,True
3989,MX,3982065,CITY,Tenamaxtlan,True
3990,AR,3859512,CITY,Ischilin,True
3991,MX,8581825,CITY,Guadalupe,True
3992,DK,2624886,CITY,Aalborg,True
3993,MX,3516385,CITY,Tamazunchale,True
3994,BR,3401188,CITY,Curuca,True
3995,JP,1850311,CITY,Tochigi,True
3996,MA,6547300,CITY,Fes,True
3997,JP,1860034,CITY,Kariya,True
3998,BR,3450963,CITY,Rolante,True
3999,GB,11353070,CITY,Causeway Coast and Glens,True
4000,JP,1861436,CITY,Isesaki,True
4001,MX,8583834,CITY,Totutla,True
4002,CA,77400027,CITY,Lethbridge,True
4003,SA,109953,CITY,Al Bahah,True
4004,IT,3169921,CITY,Prato,True
4005,BR,3471309,CITY,Auriflama,True
4006,JP,1862010,CITY,Ibusuki,True
4007,BR,3459126,CITY,Lagoa Vermelha,True
4008,BR,6317128,CITY,Feira da Mata,True
4009,BR,6323671,CITY,Tiradentes do Sul,True
4010,BR,6320683,CITY,Araua,True
4011,SE,2671221,CITY,Stromsund,True
4012,CA,77400111,CITY,Charlevoix Est,True
4013,BR,6317834,CITY,Pacaja,True
4014,FI,634963,CITY,Tampere,True
4015,MX,3521677,CITY,Penamiller,True
4016,BR,6319868,CITY,Cajueiro da Praia,True
4017,MX,3524744,CITY,Las Margaritas,True
4018,TR,9548074,CITY,Basiskele,True
4019,JP,1859383,CITY,Kishiwada,True
4020,DE,2803558,CITY,Zwickau,True
4021,BR,3388167,CITY,Sao Rafael,True
4022,JP,7453516,CITY,Sakura,True
4023,BR,3462369,CITY,Goioere,True
4024,BR,6319384,CITY,Breu Branco,True
4025,BR,3463741,CITY,Estrela do Norte,True
4026,MX,3526883,CITY,Huitzilac,True
4027,BR,6316490,CITY,Banabuiu,True
4028,BR,3395096,CITY,Matoes,True
4029,EG,362615,CITY,Abu Hammad,True
4030,EG,52200198,CITY,El Arish 2,True
4031,JP,6822192,CITY,Izu,True
4032,JP,2129262,CITY,Memuro,True
4033,AR,3855076,CITY,General Pedernera,True
4034,EG,52200212,CITY,Taba,True
4035,ZA,8347356,CITY,West Coast,True
4036,BR,3460862,CITY,Itaipe,True
4037,BR,3467263,CITY,Capinopolis,True
4038,TR,314133,CITY,Golbasi,True
4039,BR,3397108,CITY,Jucurutu,True
4040,MX,3983138,CITY,Senguio,True
4041,BR,3401060,CITY,Desterro,True
4042,GB,3333165,CITY,Leicester,True
4043,MX,3530367,CITY,Comitan de Dominguez,True
4044,US,4167060,CITY,Orange,True
4045,NL,2746420,CITY,Terneuzen,True
4046,BR,3470684,CITY,Barra do Ribeiro,True
4047,MX,4017924,CITY,Ayutla,True
4048,DE,2936974,CITY,Dillingen,True
4049,AR,3837675,CITY,San Justo,True
4050,CA,5931136,CITY,Cowichan Valley,True
4051,BR,3446634,CITY,Tenente Portela,True
4052,SE,2690960,CITY,Motala,True
4053,BR,6317042,CITY,Douradina,True
4054,DE,6550801,CITY,Meissen,True
4055,BR,3464845,CITY,Delfinopolis,True
4056,JP,1852162,CITY,Shimotsuma,True
4057,BR,6322991,CITY,Sao Jorge do Patrocinio,True
4058,JP,1860588,CITY,Kamigori,True
4059,JP,1857910,CITY,Kyoto,True
4060,BR,6318977,CITY,Sapucaia do Sul,True
4061,JP,6822168,CITY,Sammu,True
4062,BR,3470044,CITY,Betim,True
4063,BR,3451353,CITY,Ribeirao das Neves,True
4064,MX,3516127,CITY,Tecozautla,True
4065,BR,3389655,CITY,Santa Cruz da Baixa Verde,True
4066,US,4127619,CITY,Pulaski,True
4067,BR,6319726,CITY,Lago Verde,True
4068,BR,3472890,CITY,Agua Santa,True
4069,NO,3148129,CITY,Larvik,True
4070,BR,3459372,CITY,Kalore,True
4071,CH,2661129,CITY,Conthey,True
4072,BR,6323842,CITY,Nova Bandeirantes,True
4073,BR,3455742,CITY,Ouricangas,True
4074,US,5490135,CITY,Sandoval,True
4075,TR,300468,CITY,Sogut,True
4076,NO,54040035,CITY,Nannestad,True
4077,MX,4005539,CITY,Guadalajara,True
4078,BR,3447779,CITY,Serra,True
4079,BR,3396048,CITY,Macaiba,True
4080,JP,6822154,CITY,Joso,True
4081,RO,668873,CITY,Ramnicu Sarat,True
4082,BD,1337157,CITY,Lalmonirhat,True
4083,NO,3142396,CITY,Randaberg,True
4084,AR,3431469,CITY,Lavalle,True
4085,BR,6323187,CITY,Major Vieira,True
4086,BR,3460818,CITY,Itamari,True
4087,BR,3461602,CITY,Ibicui,True
4088,CH,2659994,CITY,Lausanne,True
4089,PT,2740761,CITY,Chaves,True
4090,SE,2711537,CITY,Gothenburg,True
4091,JP,1854509,CITY,Oi,True
4092,BR,6319944,CITY,Massape do Piaui,True
4093,RO,671374,CITY,Panticeu,True
4094,FI,632978,CITY,Vaasa,True
4095,NL,6544287,CITY,Noordenveld,True
4096,MX,6942829,CITY,Comondu,True
4097,JP,1863614,CITY,Gobo,True
4098,BR,3458249,CITY,Macarani,True
4099,JP,1859492,CITY,Kikuchi,True
4100,MX,8583663,CITY,Amanalco,True
4101,BR,3448230,CITY,Sao Sebastiao do Alto,True
4102,RO,665004,CITY,Târgu Mureş,True
4103,BR,3389063,CITY,Santo Antonio dos Lopes,True
4104,BR,3461689,CITY,Herculandia,True
4105,AR,3852629,CITY,Banda,True
4106,CA,77400063,CITY,Treherne,True
4107,BR,3461859,CITY,Guaratingueta,True
4108,NO,6453329,CITY,Froya,True
4109,JP,2129002,CITY,Nanae,True
4110,BR,6323259,CITY,Santa Rosa do Sul,True
4111,BR,3456509,CITY,Muqui,True
4112,BR,6321970,CITY,Marataizes,True
4113,BR,6321891,CITY,Tumiritinga,True
4114,BR,6319859,CITY,Bom Principio do Piaui,True
4115,MX,3526756,CITY,Isla Mujeres,True
4116,BR,3390280,CITY,Rio Tinto,True
4117,MX,3526953,CITY,Huejotzingo,True
4118,JP,2110912,CITY,Taiwa,True
4119,ES,2520610,CITY,Caceres,True
4120,BR,3388342,CITY,Sao Luis do Curu,True
4121,IT,3169412,CITY,Rieti,True
4122,TR,7733004,CITY,Sarikaya,True
4123,BR,3465481,CITY,Coronel Barros,True
4124,BR,3448239,CITY,Sao Sebastiao da Bela Vista,True
4125,CA,77400023,CITY,Central Kootenay,True
4126,TR,9565377,CITY,Sur,True
4127,BR,3449707,CITY,Santo Anastacio,True
4128,BR,3411872,CITY,Aparecida do Rio Negro,True
4129,MX,8583877,CITY,Chemax,True
4130,MX,3517251,CITY,Santa Maria Huatulco,True
4131,TR,738803,CITY,Terme,True
4132,BR,6319484,CITY,Tracuateua,True
4133,BR,3391056,CITY,Queimada Nova,True
4134,RO,670889,CITY,Piatra Neamţ,True
4135,BR,3464801,CITY,Descanso,True
4136,SA,10972376,CITY,Sharurah,True
4137,RO,678660,CITY,Dumitra,True
4138,BR,3467467,CITY,Canoas,True
4139,MX,8581973,CITY,Huamuxtitlan,True
4140,JP,1907148,CITY,Fussa,True
4141,BR,3449519,CITY,Santo Antonio de Padua,True
4142,JP,1855694,CITY,Namerikawa,True
4143,BR,3462439,CITY,Erechim,True
4144,MX,8583172,CITY,San Jeronimo Xayacatlan,True
4145,JP,1864242,CITY,Edogawa,True
4146,JP,1849094,CITY,Usuki,True
4147,JP,1848015,CITY,Yuzawa,True
4148,IT,3170146,CITY,Pordenone,True
4149,BR,3664078,CITY,Humaita,True
4150,BR,6320123,CITY,Campo Grande,True
4151,JP,1857550,CITY,Matsue,True
4152,BR,3446860,CITY,Tapiratiba,True
4153,JP,11611937,CITY,Hida,True
4154,BR,3460232,CITY,Jaguarao,True
4155,BR,3458103,CITY,Malhada de Pedras,True
4156,ZA,8347362,CITY,Fezile Dabi,True
4157,BD,1337189,CITY,Sylhet,True
4158,BR,3456176,CITY,Nova Era,True
4159,JP,7371226,CITY,Inagawa,True
4160,TR,748870,CITY,Cubuk,True
4161,TR,303750,CITY,Nusaybin,True
4162,BR,3460484,CITY,Ivoti,True
4163,MX,3526838,CITY,Hunucma,True
4164,MX,3984074,CITY,Santa Maria del Rio,True
4165,BR,3462089,CITY,Gravatai,True
4166,NO,54040047,CITY,ovre Eiker,True
4167,BR,6316727,CITY,Campinapolis,True
4168,BR,6319375,CITY,Bannach,True
4169,AT,2761353,CITY,Wiener Neustadt,True
4170,JP,6822212,CITY,Aisai,True
4171,ZA,8347348,CITY,Dr Ruth Segomotsi Mompati,True
4172,JP,7406331,CITY,Kaiyō,True
4173,BR,6323425,CITY,Eldorado do Sul,True
4174,BR,3463249,CITY,Florestal,True
4175,DE,3305808,CITY,Erzgebirgs,True
4176,IT,3181927,CITY,Bologna,True
4177,CH,2659587,CITY,Morges,True
4178,TR,315720,CITY,Elmadag,True
4179,BR,3391991,CITY,Piracuruca,True
4180,JP,11612558,CITY,Nantan,True
4181,JP,1858004,CITY,Kusu,True
4182,JP,1855425,CITY,Niihama,True
4183,BR,3446015,CITY,Trombas,True
4184,TR,747262,CITY,Eskipazar,True
4185,MX,3518253,CITY,San Miguel Panixtlahuaca,True
4186,SE,2716586,CITY,Ekero,True
4187,BR,3388059,CITY,Sao Vicente Ferrer,True
4188,BR,3385980,CITY,Tucuma,True
4189,SE,603570,CITY,Pitea,True
4190,BR,3386213,CITY,Touros,True
4191,BR,6318207,CITY,Salto do Jacui,True
4192,CA,77400123,CITY,Grand Falls Windsor,True
4193,BR,3448075,CITY,Sapeacu,True
4194,SE,2707399,CITY,Hassleholm,True
4195,MX,3988416,CITY,Rosario,True
4196,JP,7415926,CITY,Chuo,True
4197,JP,2128673,CITY,Omu,True
4198,BR,3448906,CITY,Sao Joao Batista,True
4199,DK,2614481,CITY,Roskilde,True
4200,FI,649360,CITY,Lahti,True
4201,AT,2781520,CITY,Braunau am Inn,True
4202,BR,3392368,CITY,Penalva,True
4203,BR,3393762,CITY,Oeiras do Para,True
4204,JP,11612566,CITY,Setouchi,True
4205,BR,3460738,CITY,Itapemirim,True
4206,BR,3448117,CITY,Sao Vicente de Minas,True
4207,JP,92400039,CITY,Fukagawa-shi,True
4208,BR,3390295,CITY,Rio Formoso,True
4209,RO,662874,CITY,Valcelele,True
4210,BR,3446904,CITY,Tapera,True
4211,JP,1862036,CITY,Hyuga,True
4212,JP,92400033,CITY,Isa-shi,True
4213,CH,2659891,CITY,Liestal,True
4214,JP,1848055,CITY,Gero,True
4215,AR,3433663,CITY,Gualeguay,True
4216,BR,3460588,CITY,Itau de Minas,True
4217,BR,6317015,CITY,Divinesia,True
4218,BR,3471715,CITY,Araruama,True
4219,CA,77400105,CITY,Avignon,True
4220,BR,6319229,CITY,Alta Floresta d'Oeste,True
4221,MX,3996336,CITY,Mazamitla,True
4222,MX,4012699,CITY,Cosio,True
4223,FR,2997523,CITY,Lot et Garonne,True
4224,CA,5919023,CITY,Central Coast,True
4225,EG,52200017,CITY,Hada iq El Qobbah,True
4226,BR,3466696,CITY,Catalao,True
4227,JP,1852989,CITY,Sango,True
4228,NO,3149879,CITY,Klepp,True
4229,SE,2691400,CITY,Mora,True
4230,BR,3448240,CITY,Sao Sebastiao da Amoreira,True
4231,DE,2842671,CITY,Saale,True
4232,BR,3391940,CITY,Pirapemas,True
4233,JP,1856586,CITY,Mori,True
4234,BR,3397003,CITY,Juru,True
4235,BR,3465604,CITY,Contendas do Sincora,True
4236,MX,3991110,CITY,Quiroga,True
4237,BR,3464480,CITY,Dourado,True
4238,BR,3465196,CITY,Criciuma,True
4239,MX,8582057,CITY,Metztitlan,True
4240,BR,6318927,CITY,Vila Propicio,True
4241,SE,2707684,CITY,Harnosand,True
4242,MX,3981391,CITY,Tomatlan,True
4243,KZ,94600065,CITY,Kyzylorda,True
4244,JP,10629856,CITY,Fujiyoshida,True
4245,AR,3435283,CITY,Patino,True
4246,BR,3472432,CITY,Alto Rio Novo,True
4247,NL,2754014,CITY,Hoeksche Waard,True
4248,JP,1858739,CITY,Konan,True
4249,NO,3131449,CITY,Volda,True
4250,NO,54040100,CITY,Midt Telemark,True
4251,BR,3403697,CITY,Cameta,True
4252,RO,682347,CITY,Cerna,True
4253,BR,3395998,CITY,Macau,True
4254,MX,3532656,CITY,Asuncion Nochixtlan,True
4255,BR,50400001,CITY,Eldorado do Carajas,True
4256,BR,3460516,CITY,Itupeva,True
4257,JP,1854487,CITY,Oita,True
4258,JP,1851137,CITY,Takahashi,True
4259,BR,3398856,CITY,Grajau,True
4260,BR,3390293,CITY,Rio Grande do Piaui,True
4261,DK,2623340,CITY,Brondbyvester,True
4262,BR,3393279,CITY,Palhano,True
4263,DE,3249074,CITY,Ostholstein,True
4264,AR,52000036,CITY,Tres Arroyos,True
4265,MX,3998291,CITY,Loreto,True
4266,AE,51020009,CITY,Sector 9,True
4267,BR,3664443,CITY,Cujubim,True
4268,BR,3665202,CITY,Aripuana,True
4269,CA,77400055,CITY,Assiniboia,True
4270,BR,3407327,CITY,Arapiraca,True
4271,DE,2949188,CITY,Bielefeld,True
4272,MX,3988163,CITY,Salinas Victoria,True
4273,GB,3333180,CITY,Peterborough,True
4274,BR,3388336,CITY,Sao Mamede,True
4275,MX,4013039,CITY,Concepcion del Oro,True
4276,NL,2756136,CITY,Emmen,True
4277,CH,2661731,CITY,Arbon,True
4278,AT,2762372,CITY,Villach,True
4279,BR,3479298,CITY,Fatima,True
4280,BR,6317431,CITY,Lagoa de Sao Francisco,True
4281,CA,6052861,CITY,Communaute maritime des Iles de la Madeleine,True
4282,MX,3527149,CITY,Hecelchakan,True
4283,BR,6324062,CITY,Planaltina,True
4284,BR,3455750,CITY,Otacilio Costa,True
4285,SE,2715656,CITY,Fagersta,True
4286,BR,6321244,CITY,Carmesia,True
4287,BR,3462607,CITY,Gameleiras,True
4288,MX,3516347,CITY,Tamuin,True
4289,CH,2658572,CITY,Sissach,True
4290,MX,3981517,CITY,Tingambato,True
4291,PK,1166993,CITY,Rawalpindi,True
4292,BR,3449502,CITY,Santo Antonio de Leverger,True
4293,MA,2562053,CITY,Skhirate-Temara,True
4294,ES,2510910,CITY,Seville,True
4295,IE,2962308,CITY,Navan,True
4296,MX,8582224,CITY,Ocuilan,True
4297,PT,2738891,CITY,Gouveia,True
4298,BR,3464551,CITY,Dom Joaquim,True
4299,BR,3467316,CITY,Capela de Santana,True
4300,RO,681865,CITY,Campia Turzii,True
4301,MX,8583920,CITY,Sacalum,True
4302,BR,6318154,CITY,Rio Branco do Ivai,True
4303,BR,3445299,CITY,Veranopolis,True
4304,MX,4000821,CITY,La Piedad,True
4305,BR,3461017,CITY,Irati,True
4306,MA,11282172,CITY,Rehamna,True
4307,JP,1861285,CITY,Itoigawa,True
4308,NL,2759544,CITY,Baarn,True
4309,BR,3446198,CITY,Tremedal,True
4310,BR,3445157,CITY,Viadutos,True
4311,MX,3518279,CITY,San Miguel Chimalapa,True
4312,BR,3451182,CITY,Rio do Campo,True
4313,BR,3456060,CITY,Novo Horizonte,True
4314,BR,3399571,CITY,Flexeiras,True
4315,JP,1852984,CITY,Sanjō,True
4316,BR,3456707,CITY,Morro da Fumaca,True
4317,BR,3469609,CITY,Bocaina de Minas,True
4318,BR,3388106,CITY,Sao Sebastiao do Umbuzeiro,True
4319,BR,3451202,CITY,Rio das Pedras,True
4320,TR,740000,CITY,Sarkoy,True
4321,BR,3466763,CITY,Casimiro de Abreu,True
4322,JP,2110573,CITY,Yahaba,True
4323,SE,2701713,CITY,Karlskrona,True
4324,JP,1858421,CITY,Kumamoto,True
4325,NL,2745634,CITY,Venray,True
4326,BR,3456288,CITY,Nioaque,True
4327,FR,2975926,CITY,Sarthe,True
4328,BR,3451123,CITY,Rio Negro,True
4329,MX,8583000,CITY,Santo Domingo Zanatepec,True
4330,BR,3469984,CITY,Biritiba Mirim,True
4331,BR,3408175,CITY,Agua Preta,True
4332,EG,52200193,CITY,El Hamam,True
4333,BR,3461924,CITY,Guaraci,True
4334,US,5501879,CITY,Clark,True
4335,BR,6321012,CITY,Rafael Jambeiro,True
4336,JP,1864132,CITY,Fujieda,True
4337,TR,304582,CITY,Meram,True
4338,SE,2724321,CITY,Atvidaberg,True
4339,BR,3448456,CITY,Sao Miguel do Anta,True
4340,BR,3924679,CITY,Vilhena,True
4341,BR,3405616,CITY,Boa Viagem,True
4342,SE,2692969,CITY,Malmo,True
4343,BR,6319253,CITY,Buritis,True
4344,BR,3454968,CITY,Paripiranga,True
4345,BR,3396009,CITY,Macaparana,True
4346,SE,2670128,CITY,Svedala,True
4347,MX,3523141,CITY,Misantla,True
4348,BR,3394315,CITY,Mucambo,True
4349,JP,1860878,CITY,Kadena,True
4350,MX,8583679,CITY,Jilotzingo,True
4351,AR,52000116,CITY,Baradero,True
4352,NL,2759154,CITY,Bergen,True
4353,BR,3390490,CITY,Riacho das Almas,True
4354,BR,3460064,CITY,Jatai,True
4355,US,5403789,CITY,Tulare,True
4356,MX,3991347,CITY,Puerto Penasco,True
4357,BR,3461763,CITY,Guaxupe,True
4358,BR,6318640,CITY,Sebastiao Laranjeiras,True
4359,CA,6051544,CITY,Le Domaine du Roy,True
4360,FR,2971071,CITY,Val d'Oise,True
4361,BR,3458237,CITY,Macaubas,True
4362,AR,3429577,CITY,San Fernando,True
4363,BR,3457950,CITY,Manhumirim,True
4364,US,4478884,CITY,Mecklenburg,True
4365,CA,6052920,CITY,Les Maskoutains,True
4366,MX,3521440,CITY,Pinal de Amoles,True
4367,US,4158712,CITY,Hillsborough,True
4368,EG,52200195,CITY,Sidi Barrani,True
4369,TR,315905,CITY,Egirdir,True
4370,MX,4004153,CITY,Jalostotitlan,True
4371,DE,6547389,CITY,Unstrut Hainich,True
4372,SE,603761,CITY,Pajala,True
4373,RO,669051,CITY,Recea,True
4374,RO,54440452,CITY,Voinești,True
4375,JP,2112232,CITY,Kitaibaraki,True
4376,BR,6319226,CITY,Lambari d'Oeste,True
4377,SA,54500020,CITY,Umluj,True
4378,SA,10972271,CITY,Al Aqiq,True
4379,BR,3457967,CITY,Mangueirinha,True
4380,BR,3455923,CITY,Olimpia,True
4381,BR,3404766,CITY,Buique,True
4382,BR,3461559,CITY,Ibiruba,True
4383,DE,52060009,CITY,Passau,True
4384,JP,6822124,CITY,Oyabe,True
4385,BR,3461399,CITY,Imarui,True
4386,BR,3461589,CITY,Ibipitanga,True
4387,AR,3855974,CITY,Futaleufu,True
4388,MX,3523183,CITY,Minatitlan,True
4389,BR,3454671,CITY,Paulo Frontin,True
4390,BR,3465703,CITY,Condeuba,True
4391,BR,3457191,CITY,Miguel Pereira,True
4392,JP,11612559,CITY,Goto,True
4393,NO,54040020,CITY,As,True
4394,BR,3464975,CITY,Curitiba,True
4395,NO,54040033,CITY,Nes,True
4396,BR,3453926,CITY,Piedade,True
4397,BR,3462557,CITY,Garibaldi,True
4398,SE,2720115,CITY,Botkyrka,True
4399,JP,1865683,CITY,Aikawa,True
4400,CH,2659836,CITY,Lugano,True
4401,BR,3392740,CITY,Paulista,True
4402,IT,2525471,CITY,Cagliari,True
4403,JP,6822158,CITY,Miyako-jima,True
4404,US,4762929,CITY,Hampton City,True
4405,BR,3446561,CITY,Tesouro,True
4406,BR,6320806,CITY,Caturama,True
4407,AR,3429016,CITY,San Ignacio,True
4408,IT,3182350,CITY,Bari,True
4409,BR,3398144,CITY,Ipaporanga,True
4410,BR,3399132,CITY,Gameleira,True
4411,MX,8583927,CITY,Sotuta,True
4412,JP,10172903,CITY,Naruto,True
4413,BD,1337177,CITY,Narsingdi,True
4414,AR,7647007,CITY,Bariloche,True
4415,BR,3392775,CITY,Pau dos Ferros,True
4416,SA,32000000300,CITY,Medina,True
4417,BR,3460045,CITY,Jatei,True
4418,AR,3865698,CITY,Anta,True
4419,BR,3467078,CITY,Carai,True
4420,SE,2724778,CITY,Askersund,True
4421,MX,8583199,CITY,Tecali de Herrera,True
4422,JP,2130188,CITY,Hakodate,True
4423,SA,107692,CITY,Biljurashi,True
4424,JP,1862752,CITY,Higashiosaka,True
4425,TR,737500,CITY,Yildirim,True
4426,EG,52200211,CITY,Sharm El Sheikh,True
4427,BR,3461512,CITY,Ichu,True
4428,BR,3464556,CITY,Domingos Martins,True
4429,CA,5910071,CITY,Bruce,True
4430,JP,1853564,CITY,Otsuki,True
4431,BR,3461752,CITY,Sao Roque de Minas,True
4432,CA,77400127,CITY,Happy Valley Goose Bay,True
4433,BR,3468720,CITY,Buritizeiro,True
4434,BR,3459452,CITY,Junqueiropolis,True
4435,CA,77400125,CITY,Lewisporte,True
4436,DE,3305812,CITY,Sachsische Schweiz Osterzgebirge,True
4437,BR,6319910,CITY,Geminiano,True
4438,FR,2997861,CITY,Loire Atlantique,True
4439,BR,6319237,CITY,Espigao d'Oeste,True
4440,JP,1856878,CITY,Mitsuke,True
4441,BR,6320561,CITY,Pedra,True
4442,GB,3333249,CITY,Torfaen,True
4443,FR,3038049,CITY,Alpes Maritimes,True
4444,PT,2738752,CITY,Guimarães,True
4445,SE,2724231,CITY,Avesta,True
4446,TR,301101,CITY,Serik,True
4447,DE,2840134,CITY,Schaumburg,True
4448,EG,52200095,CITY,El Ubour,True
4449,BR,3457697,CITY,Marilandia,True
4450,NL,54020029,CITY,Roerdalen,True
4451,BR,7932509,CITY,Buenos Aires,True
4452,AR,3435789,CITY,Cainguas,True
4453,BR,3452043,CITY,Querencia do Norte,True
4454,MX,3984583,CITY,Santa Catarina,True
4455,JP,1857594,CITY,Masuda,True
4456,BR,3445859,CITY,Uba,True
4457,FI,643492,CITY,Oulu,True
4458,BR,3457933,CITY,Mantena,True
4459,BR,3470992,CITY,Bananal,True
4460,BR,3456750,CITY,Morretes,True
4461,BR,6316963,CITY,Cristopolis,True
4462,JP,1861280,CITY,Itoman,True
4463,NO,3157090,CITY,Flekkefjord,True
4464,MX,3520235,CITY,Rioverde,True
4465,JP,11611475,CITY,Yasu,True
4466,MX,8582404,CITY,Amatlan de Canas,True
4467,JP,7370813,CITY,Sanda,True
4468,BR,3467081,CITY,Caraguatatuba,True
4469,ES,2511173,CITY,Santa Cruz de Tenerife,True
4470,JP,2112319,CITY,Katori,True
4471,MX,3516912,CITY,Santiago Tuxtla,True
4472,CA,77400073,CITY,Gimli,True
4473,MX,4004394,CITY,Indaparapeo,True
4474,BR,3445695,CITY,Urucania,True
4475,JP,11777075,CITY,Agui,True
4476,BR,3453643,CITY,Piracicaba,True
4477,NO,3134331,CITY,Tonsberg,True
4478,BR,3479299,CITY,Figueiropolis,True
4479,GB,2650629,CITY,County Durham,True
4480,BD,51360004,CITY,Nilphamari,True
4481,AR,3844899,CITY,Marcos Juarez,True
4482,CA,6088140,CITY,Nicolet Yamaska,True
4483,KZ,94600024,CITY,Shymkent,True
4484,BR,3461370,CITY,Imbituba,True
4485,MX,3526355,CITY,Juchitepec,True
4486,JP,7413977,CITY,Kawaminami,True
4487,FR,2997856,CITY,Loir et Cher,True
4488,MX,3996663,CITY,Manzanillo,True
4489,BR,3456286,CITY,Nipoa,True
4490,BR,3453524,CITY,Piratini,True
4491,JP,2128295,CITY,Sapporo,True
4492,GB,2651346,CITY,Derby,True
4493,BR,6323683,CITY,Trindade do Sul,True
4494,RO,54440449,CITY,Țibănești,True
4495,TR,324190,CITY,Alanya,True
4496,BR,3662574,CITY,Rio Branco,True
4497,NL,2749668,CITY,Oldebroek,True
4498,CA,6696260,CITY,La Matanie,True
4499,BR,3456147,CITY,Nova Lima,True
4500,DE,3249080,CITY,Dahme Spreewald,True
4501,EG,359783,CITY,Asyut,True
4502,NO,3140056,CITY,Sauda,True
4503,BR,3464045,CITY,Erval Grande,True
4504,BR,6317339,CITY,Itinga do Maranhao,True
4505,GB,2650386,CITY,East Lothian,True
4506,BR,3456160,CITY,Nova Iguacu,True
4507,BR,3447094,CITY,Taciba,True
4508,IT,3169524,CITY,Reggio Emilia,True
4509,AR,3428975,CITY,San Javier,True
4510,BR,3470912,CITY,Bandeirantes,True
4511,SE,2720437,CITY,Borgholm,True
4512,BR,3449124,CITY,Sao Francisco de Assis,True
4513,DE,2959047,CITY,Ahrweiler,True
4514,EG,52200186,CITY,Shalateen,True
4515,BR,3468945,CITY,Brejoes,True
4516,MX,3529989,CITY,Cuautepec de Hinojosa,True
4517,BR,3459251,CITY,Lagoa da Prata,True
4518,BR,3664539,CITY,Coari,True
4519,MX,4003938,CITY,Jimenez,True
4520,BR,3451272,CITY,Rinopolis,True
4521,JP,1864116,CITY,Fujimi,True
4522,BR,3460826,CITY,Itamaraju,True
4523,IT,3175080,CITY,La Spezia,True
4524,US,4347820,CITY,Anne Arundel,True
4525,BR,3405341,CITY,Bom Jardim,True
4526,MX,3529982,CITY,Cuautla,True
4527,BR,3452051,CITY,Queluz,True
4528,BR,6323343,CITY,Barracao,True
4529,JP,2112758,CITY,Higashine,True
4530,MX,8582275,CITY,Cotija,True
4531,JP,1863905,CITY,Funabashi,True
4532,NL,2758012,CITY,Capelle aan den IJssel,True
4533,AT,2772649,CITY,Leoben,True
4534,SE,2709214,CITY,Hagfors,True
4535,BR,3469416,CITY,Bom Principio,True
4536,BR,3467362,CITY,Capao da Canoa,True
4537,BR,3461830,CITY,Guarei,True
4538,CA,77400040,CITY,Canmore,True
4539,JP,1858858,CITY,Komoro,True
4540,BR,6320164,CITY,Japi,True
4541,BR,3446357,CITY,Tomazina,True
4542,BR,3472086,CITY,Antas,True
4543,NO,3140498,CITY,Saltdal,True
4544,CA,6067770,CITY,Matawinie,True
4545,SE,2663293,CITY,Vetlanda,True
4546,MX,3979717,CITY,Zapotlanejo,True
4547,BR,3449273,CITY,Sao Domingos,True
4548,BR,3387727,CITY,Serrita,True
4549,NL,2759132,CITY,Bergeijk,True
4550,MX,8582237,CITY,Tejupilco,True
4551,BR,3453503,CITY,Pires do Rio,True
4552,MX,8582000,CITY,Tetipac,True
4553,BR,6320033,CITY,Wall Ferraz,True
4554,NO,3147474,CITY,Lillehammer,True
4555,BR,3455536,CITY,Pains,True
4556,RO,683506,CITY,Bucharest,True
4557,AR,3843123,CITY,Confluencia,True
4558,BR,3461649,CITY,Humaita,True
4559,TR,314967,CITY,Fethiye,True
4560,CA,5933880,CITY,Cumberland,True
4561,BR,3460243,CITY,Jaguapita,True
4562,JP,6822207,CITY,Towada,True
4563,AR,52000069,CITY,Veinticinco de Mayo,True
4564,MX,3531177,CITY,Champoton,True
4565,BR,3463690,CITY,Eunapolis,True
4566,MX,3526284,CITY,Kinchil,True
4567,BR,3472245,CITY,Andrelandia,True
4568,JP,1856215,CITY,Nagano,True
4569,CH,6458768,CITY,Entremont,True
4570,BR,3398255,CITY,Independencia,True
4571,BR,6316873,CITY,Cidelandia,True
4572,BR,3467736,CITY,Campo Largo,True
4573,BR,6316993,CITY,Dario Meira,True
4574,IT,2523918,CITY,Palermo,True
4575,BR,3404722,CITY,Buriti Bravo,True
4576,CA,5883098,CITY,Albert,True
4577,BR,3472511,CITY,Alpercata,True
4578,TR,311704,CITY,Idil,True
4579,GB,52440001,CITY,Derbyshire,True
4580,BR,3456155,CITY,Novais,True
4581,MX,4013094,CITY,Comonfort,True
4582,DE,3221058,CITY,Ammerland,True
4583,CH,2658380,CITY,Thierstein,True
4584,MX,8582214,CITY,Villa Guerrero,True
4585,BR,3446006,CITY,Trombudo Central,True
4586,IT,2525065,CITY,Catania,True
4587,AR,3835710,CITY,Sarmiento,True
4588,BR,3463449,CITY,Feliz,True
4589,BR,3406627,CITY,Baixio,True
4590,JP,7405899,CITY,Konan,True
4591,BR,3468858,CITY,Buerarema,True
4592,BR,3458261,CITY,Macajuba,True
4593,BR,3393065,CITY,Parambu,True
4594,BR,3390659,CITY,Reriutaba,True
4595,TR,307211,CITY,Serinhisar,True
4596,MX,4018582,CITY,Ameca,True
4597,BR,3394841,CITY,Minador do Negrao,True
4598,BR,3397560,CITY,Jardim do Serido,True
4599,MX,8583196,CITY,Huehuetlan el Grande,True
4600,BR,3455304,CITY,Palmitos,True
4601,MX,8582098,CITY,Yahualica,True
4602,NO,54040025,CITY,Aurskog Holand,True
4603,BR,3467353,CITY,Capao do Leao,True
4604,BR,3445690,CITY,Urucuca,True
4605,CA,6053224,CITY,Le Val Saint Francois,True
4606,NL,2744248,CITY,Woerden,True
4607,RO,672497,CITY,Nasaud,True
4608,PT,2738138,CITY,Lousada,True
4609,DK,2621215,CITY,Greve Municipality,True
4610,MX,3516006,CITY,Tenancingo,True
4611,RO,675223,CITY,Jimbolia,True
4612,JP,7464129,CITY,Miyoshi,True
4613,BD,1337166,CITY,Rajshahi,True
4614,AR,52000066,CITY,San Andres de Giles,True
4615,BR,3466065,CITY,Claro dos Pocoes,True
4616,MX,8582249,CITY,La Paz,True
4617,BR,3454692,CITY,Pauliceia,True
4618,NL,12022126,CITY,Het Hogeland,True
4619,IT,2523649,CITY,Ragusa,True
4620,IE,2966925,CITY,Ardee,True
4621,EG,52200116,CITY,El Qantara El Sharqiya,True
4622,BR,3463573,CITY,Faxinal,True
4623,BR,3473183,CITY,Acucena,True
4624,CA,77400078,CITY,Gillam,True
4625,CH,7285010,CITY,See Gaster,True
4626,BR,3459393,CITY,Jussari,True
4627,SA,101628,CITY,Tabuk,True
4628,GB,11353069,CITY,Antrim and Newtownabbey,True
4629,BR,3471896,CITY,Aquidauana,True
4630,NL,2749339,CITY,Ooststellingwerf,True
4631,JP,1859730,CITY,Kawaguchi,True
4632,BR,3388440,CITY,Sao Jose do Belmonte,True
4633,DE,3221038,CITY,Luchow Dannenberg,True
4634,JP,1851068,CITY,Takanabe,True
4635,MX,8583865,CITY,Cacalchen,True
4636,CA,77400050,CITY,Kindersley,True
4637,FR,3022516,CITY,Creuse,True
4638,BR,6316310,CITY,Agrolandia,True
4639,IT,3171364,CITY,Pavia,True
4640,BR,3393876,CITY,Nova Cruz,True
4641,BR,3461334,CITY,Inconfidentes,True
4642,JP,1850892,CITY,Takayama,True
4643,DE,2806914,CITY,Wolfenbuttel,True
4644,BE,3333251,CITY,Walloon Brabant,True
4645,BR,3408270,CITY,Afranio,True
4646,BR,3466950,CITY,Carinhanha,True
4647,MX,8379133,CITY,Benito Juarez,True
4648,DE,3249076,CITY,Segeberg,True
4649,TR,748879,CITY,Corum,True
4650,DE,2953416,CITY,Bad Kreuznach,True
4651,MX,3992919,CITY,Periban,True
4652,BR,3463555,CITY,Faxinal do Soturno,True
4653,BR,3462371,CITY,Goiatuba,True
4654,AR,3837892,CITY,San Carlos,True
4655,US,4627306,CITY,Hamilton,True
4656,JP,1858088,CITY,Kurume,True
4657,TR,297144,CITY,Yenice,True
4658,CA,77400096,CITY,Le Saguenay et son Fjord,True
4659,JP,2130705,CITY,Akabira,True
4660,DK,2613731,CITY,Skive,True
4661,CH,7287034,CITY,Saint Maurice,True
4662,SE,2706523,CITY,Herrljunga,True
4663,BR,3453659,CITY,Piracanjuba,True
4664,BR,3466901,CITY,Carmo do Rio Claro,True
4665,MX,3516049,CITY,Temascalcingo,True
4666,BR,3399415,CITY,Fortaleza,True
4667,BR,6319847,CITY,Baixa Grande do Ribeiro,True
4668,BR,3388660,CITY,Sao Joao,True
4669,BR,6320293,CITY,Cabaceiras,True
4670,JP,6822203,CITY,Katagami,True
4671,BR,3405182,CITY,Bonito,True
4672,MX,3524348,CITY,Linares,True
4673,US,4279155,CITY,Sedgwick,True
4674,JP,2110793,CITY,Tendō,True
4675,BR,3451650,CITY,Resplendor,True
4676,BR,3461926,CITY,Guaracai,True
4677,TR,739600,CITY,Sinop,True
4678,CA,77400018,CITY,Bulkley Nechako,True
4679,BR,3394682,CITY,Mossoro,True
4680,BR,3455040,CITY,Parapua,True
4681,NO,6453371,CITY,Vindafjord,True
4682,BR,3397055,CITY,Jupi,True
4683,JP,7453844,CITY,Oizumi,True
4684,EG,52200089,CITY,El Qanater El Khayreya,True
4685,US,4260977,CITY,Marion,True
4686,BR,6318894,CITY,Vieiropolis,True
4687,BR,3466115,CITY,Ciriaco,True
4688,JP,7303138,CITY,Kirishima,True
4689,JP,2111684,CITY,Narita,True
4690,BR,3466871,CITY,Carrancas,True
4691,BR,6317175,CITY,Frei Lagonegro,True
4692,DK,6543943,CITY,Rudersdal Municipality,True
4693,NO,3149009,CITY,Kvam,True
4694,BR,3396662,CITY,Lagoa Nova,True
4695,JP,2127733,CITY,Tomakomai,True
4696,TR,738251,CITY,Uzunkopru,True
4697,BR,3464200,CITY,Engenheiro Navarro,True
4698,RO,667023,CITY,Sangeru,True
4699,BR,3458437,CITY,Lontras,True
4700,BR,3452490,CITY,Poxoreu,True
4701,BR,6323881,CITY,Terra Nova do Norte,True
4702,AR,52000028,CITY,Necochea,True
4703,JP,2130146,CITY,Kazuno,True
4704,JP,1926006,CITY,Iyo,True
4705,CA,8449503,CITY,York,True
4706,SA,102651,CITY,Sabya,True
4707,RO,678817,CITY,Drobeta-Turnu Severin,True
4708,SE,2709491,CITY,Habo,True
4709,BR,3456378,CITY,Natividade da Serra,True
4710,BR,3463450,CITY,Felixlandia,True
4711,BR,3458629,CITY,Leopolis,True
4712,CH,51820002,CITY,Prattigau Davos,True
4713,MX,8583818,CITY,Texistepec,True
4714,BR,3469932,CITY,Boa Esperanca,True
4715,BR,6318165,CITY,Rio Preto da Eva,True
4716,BR,3456174,CITY,Nova Esperanca,True
4717,BR,3451100,CITY,Rio Pardo de Minas,True
4718,BR,3450554,CITY,Salvador,True
4719,MX,8583334,CITY,Venado,True
4720,JP,2111849,CITY,Mogami,True
4721,TR,740230,CITY,Sapanca,True
4722,MX,3533445,CITY,Acatlan,True
4723,IT,3165184,CITY,Trieste,True
4724,BD,1337201,CITY,Bandarban,True
4725,BR,3466708,CITY,Castilho,True
4726,BR,6320927,CITY,Jussiape,True
4727,MX,3530527,CITY,Coatepec Harinas,True
4728,JP,1855863,CITY,Nakano,True
4729,BR,6319478,CITY,Senador Jose Porfirio,True
4730,KR,8659229,CITY,Ansan,True
4731,DE,6557808,CITY,Fulda,True
4732,BR,3470177,CITY,Bela Vista,True
4733,TR,737054,CITY,Zile,True
4734,BR,3466255,CITY,Nova Xavantina,True
4735,US,4839373,CITY,New Haven,True
4736,RO,679907,CITY,Curtea de Argeş,True
4737,BR,3401813,CITY,Congo,True
4738,JP,10860988,CITY,Yomitan,True
4739,DE,3247904,CITY,Sudwestpfalz,True
4740,BR,6319356,CITY,Mucajai,True
4741,BR,3408073,CITY,Alcantara,True
4742,BR,3452216,CITY,Prudentopolis,True
4743,MA,2537878,CITY,Safi,True
4744,JP,11612347,CITY,Narashino,True
4745,JP,1861091,CITY,Izumisano,True
4746,BR,3457105,CITY,Mirangaba,True
4747,JP,1861528,CITY,Inuyama,True
4748,BR,6318160,CITY,Rio Maria,True
4749,BR,3471659,CITY,Arealva,True
4750,BR,3458575,CITY,Limeira,True
4751,MX,3987500,CITY,San Buenaventura,True
4752,BR,6320191,CITY,Olho d'Agua do Borges,True
4753,TR,747155,CITY,Fatsa,True
4754,BR,3464426,CITY,Dracena,True
4755,NL,2748729,CITY,Papendrecht,True
4756,BR,3471383,CITY,Arvorezinha,True
4757,BR,3462499,CITY,General Carneiro,True
4758,SE,2691743,CITY,Mjolby,True
4759,TR,7732191,CITY,Kemer,True
4760,MX,4012721,CITY,Cortazar,True
4761,BR,3385504,CITY,Varjota,True
4762,MX,8583869,CITY,Celestun,True
4763,BR,3468329,CITY,Caetanopolis,True
4764,CH,2659952,CITY,Lenzburg,True
4765,MX,3531006,CITY,Chiautla de Tapia,True
4766,CH,2659464,CITY,Gosgen,True
4767,BR,6319727,CITY,Lagoa do Mato,True
4768,BR,3472370,CITY,Amargosa,True
4769,BR,3447249,CITY,Sumidouro,True
4770,BR,3398450,CITY,Horizonte,True
4771,JP,1861322,CITY,Itabashi,True
4772,NO,3145580,CITY,Molde,True
4773,BR,3472177,CITY,Angra dos Reis,True
4774,AR,52000040,CITY,Azul,True
4775,DE,2882588,CITY,Kulmbach,True
4776,RO,54440702,CITY,Orbeasca,True
4777,TR,323906,CITY,Altinozu,True
4778,JP,1848550,CITY,Yanai,True
4779,BR,3445912,CITY,Turmalina,True
4780,TR,321786,CITY,Bayindir,True
4781,GB,2646127,CITY,Inverclyde,True
4782,BR,6316641,CITY,Braganey,True
4783,MX,3993926,CITY,Pajacuaran,True
4784,US,4388781,CITY,Greene,True
4785,RO,679464,CITY,Desa,True
4786,BR,6320209,CITY,Porto do Mangue,True
4787,DE,3221099,CITY,Wesermarsch,True
4788,TR,300791,CITY,Simav,True
4789,BR,3460351,CITY,Jacinto Machado,True
4790,US,4752215,CITY,Chesapeake City,True
4791,BR,3455478,CITY,Palhoca,True
4792,TR,316746,CITY,Dicle,True
4793,TR,740675,CITY,Pazar,True
4794,BR,3454761,CITY,Patrocinio Paulista,True
4795,US,4168988,CITY,Polk,True
4796,BR,3455568,CITY,Padre Paraiso,True
4797,BR,6319723,CITY,Junco do Maranhao,True
4798,JP,1855395,CITY,Nikko,True
4799,BR,3398573,CITY,Guarai,True
4800,NL,2753638,CITY,Hoorn,True
4801,CH,2657996,CITY,Wil,True
4802,BR,3392361,CITY,Pendencias,True
4803,GB,2642713,CITY,Merseyside,True
4804,ZA,8347343,CITY,Chris Hani,True
4805,TR,10332081,CITY,Yakutiye,True
4806,JP,92400001,CITY,Shippou-cho,True
4807,MX,8379366,CITY,Chimalhuacan,True
4808,CH,6458862,CITY,Veveyse,True
4809,BR,3456356,CITY,Nazario,True
4810,BR,3451951,CITY,Quinta do Sol,True
4811,BR,3385899,CITY,Tutoia,True
4812,SE,2677234,CITY,Skovde,True
4813,GB,3333239,CITY,Bridgend,True
4814,BR,3398406,CITY,Ibiara,True
4815,ES,3114964,CITY,Ourense,True
4816,PK,1172451,CITY,Lahore,True
4817,CA,6138517,CITY,Saint John,True
4818,BR,6320911,CITY,Jaborandi,True
4819,JP,2111129,CITY,Shibata,True
4820,JP,1907299,CITY,Asaka,True
4821,JP,6822187,CITY,Ninohe,True
4822,BR,6319620,CITY,Silvanopolis,True
4823,IT,3165241,CITY,Trentino,True
4824,BR,6320922,CITY,Joao Dourado,True
4825,BR,3453512,CITY,Pirenopolis,True
4826,TR,749392,CITY,Cekerek,True
4827,BR,3453010,CITY,Porciuncula,True
4828,TR,304916,CITY,Malazgirt,True
4829,BR,3457000,CITY,Mogi Guacu,True
4830,BD,1337212,CITY,Satkhira,True
4831,MX,3980190,CITY,Garcia,True
4832,BR,3472138,CITY,Anicuns,True
4833,BR,3454369,CITY,Pedro de Toledo,True
4834,JP,1852588,CITY,Shibushi,True
4835,BR,3388616,CITY,Sao Joao do Sabugi,True
4836,RO,667303,CITY,Sfantu-Gheorghe,True
4837,RO,662992,CITY,Vicovu de Sus,True
4838,FR,3031359,CITY,Bouches du Rhone,True
4839,SE,2707057,CITY,Heby,True
4840,BR,3449467,CITY,Santo Estevao,True
4841,BR,3452327,CITY,Presidente Olegario,True
4842,JP,1860098,CITY,Kanuma,True
4843,MX,4013724,CITY,Camargo,True
4844,MX,3994489,CITY,Ocotlan,True
4845,TR,744873,CITY,Kagizman,True
4846,CH,2659171,CITY,Porrentruy,True
4847,NL,2747607,CITY,Scherpenzeel,True
4848,NL,2754516,CITY,Heiloo,True
4849,MX,3532909,CITY,Amatlan de los Reyes,True
4850,JP,7392254,CITY,Kotoura,True
4851,JP,11612700,CITY,Fukutsu,True
4852,MX,4005143,CITY,Guaymas,True
4853,JP,7419034,CITY,Mizuho,True
4854,BR,6321689,CITY,Ponto Chique,True
4855,BR,3462378,CITY,Goianesia,True
4856,BR,3461495,CITY,Igarata,True
4857,BR,3448545,CITY,Sao Manuel,True
4858,BR,3447812,CITY,Serafina Correa,True
4859,DE,52060015,CITY,Ansbach,True
4860,MX,8583734,CITY,Jaltipan,True
4861,JP,92400041,CITY,Noboribetsu-shi,True
4862,TR,744562,CITY,Karabuk,True
4863,MX,4004885,CITY,Zitacuaro,True
4864,BR,3449504,CITY,Santo Antonio do Jardim,True
4865,BR,3405429,CITY,Bodoco,True
4866,SA,54500022,CITY,Abu Arish,True
4867,RO,665271,CITY,Teliu,True
4868,JP,9035660,CITY,Semboku,True
4869,BR,3454690,CITY,Paulinia,True
4870,BR,3925075,CITY,Guajara Mirim,True
4871,BR,3461592,CITY,Ibipeba,True
4872,NO,3146125,CITY,Melhus,True
4873,BR,6319449,CITY,Portel,True
4874,MX,4013726,CITY,Anahuac,True
4875,BR,3455811,CITY,Oratorios,True
4876,JP,6822155,CITY,Midori,True
4877,BR,3400963,CITY,Dona Ines,True
4878,US,5811704,CITY,Spokane,True
4879,BR,3389358,CITY,Santa Quiteria do Maranhao,True
4880,JP,1851286,CITY,Tadaoka,True
4881,DE,2902768,CITY,Hof,True
4882,JP,1857420,CITY,Meguro,True
4883,PT,2262957,CITY,Sesimbra,True
4884,BR,6320212,CITY,Rafael Godeiro,True
4885,MX,4006380,CITY,Etzatlan,True
4886,JP,1853081,CITY,Saku,True
4887,DE,2910684,CITY,Harburg,True
4888,BR,3401963,CITY,Colinas,True
4889,CA,6065130,CITY,Manicouagan,True
4890,MX,3526992,CITY,Huauchinango,True
4891,BR,3471826,CITY,Aramari,True
4892,BR,3469910,CITY,Boa Esperanca do Sul,True
4893,MX,3522210,CITY,Pachuca,True
4894,TR,7910589,CITY,Kula,True
4895,BR,3456360,CITY,Nazareno,True
4896,BR,3390533,CITY,Riachinho,True
4897,JP,1849782,CITY,Tsubata,True
4898,JP,2111248,CITY,Sagae,True
4899,BR,3446880,CITY,Tapes,True
4900,CA,77400058,CITY,Regina,True
4901,JP,1855757,CITY,Nakatsu,True
4902,MA,2537762,CITY,Sale,True
4903,RO,670969,CITY,Petrila,True
4904,JP,7393002,CITY,Suooshima,True
4905,JP,11612460,CITY,Miyawaka,True
4906,JP,6822116,CITY,Takashima,True
4907,SE,2669019,CITY,Tingsryd,True
4908,BR,3448454,CITY,Sao Miguel do Oeste,True
4909,TR,324476,CITY,Aksu,True
4910,MX,3522451,CITY,Ocotlan de Morelos,True
4911,JP,1857072,CITY,Mine,True
4912,BR,3403559,CITY,Campo Redondo,True
4913,BR,3400553,CITY,Dom Expedito Lopes,True
4914,JP,6822189,CITY,Higashimatsushima,True
4915,MX,3522732,CITY,Nicolas Romero,True
4916,BR,3451340,CITY,Ribeirao do Pinhal,True
4917,BR,3445839,CITY,Uberaba,True
4918,JP,1859405,CITY,Kiryu,True
4919,US,4481757,CITY,New Hanover,True
4920,SE,2696503,CITY,Lerum,True
4921,CA,77400059,CITY,Moose Jaw,True
4922,JP,2129009,CITY,Nanbu,True
4923,US,5246898,CITY,Brown,True
4924,SA,32000000293,CITY,At Tuwal,True
4925,NL,6544225,CITY,Gulpen Wittem,True
4926,BR,3408094,CITY,Alagoinha,True
4927,BR,3459173,CITY,Lagoa Grande,True
4928,BR,6323863,CITY,Querencia,True
4929,NL,2746331,CITY,Tiel,True
4930,JP,92400042,CITY,Eniwa-shi,True
4931,MX,4003739,CITY,Juchipila,True
4932,NL,2747351,CITY,'s Hertogenbosch,True
4933,NO,6453337,CITY,Rauma,True
4934,BR,3388442,CITY,Sao Jose de Piranhas,True
4935,MX,8581891,CITY,Topia,True
4936,SE,2690902,CITY,Mullsjo,True
4937,BR,6318863,CITY,Vargem Grande do Rio Pardo,True
4938,BR,3468023,CITY,Camanducaia,True
4939,BR,3446923,CITY,Tapejara,True
4940,BR,3460698,CITY,Itapiranga,True
4941,US,5151606,CITY,Cuyahoga,True
4942,CA,77400086,CITY,"Stormont, Dundas and Glengarry",True
4943,JP,1852140,CITY,Shinagawa,True
4944,MX,3530870,CITY,Chilpancingo de los Bravo,True
4945,BR,3469194,CITY,Boqueirao do Leao,True
4946,FR,2967222,CITY,Yonne,True
4947,US,4171260,CITY,Saint Lucie,True
4948,BR,3466961,CITY,Cardoso Moreira,True
4949,SE,2662149,CITY,Ystad,True
4950,AR,52000054,CITY,Chascomus,True
4951,BR,3448552,CITY,Sao Luiz Gonzaga,True
4952,BR,3457708,CITY,Marica,True
4953,JP,7384004,CITY,Kimotsuki,True
4954,BR,3451270,CITY,Rio Acima,True
4955,BR,3458881,CITY,Lambari,True
4956,MX,3516843,CITY,Tehuantepec,True
4957,BR,6320328,CITY,Fagundes,True
4958,SA,109435,CITY,Al Jubayl,True
4959,ES,3104323,CITY,Zaragoza,True
4960,RO,664296,CITY,Ulmi,True
4961,BR,3450272,CITY,Santa Cruz do Rio Pardo,True
4962,BR,3449741,CITY,Santiago,True
4963,MX,4013706,CITY,Lerdo,True
4964,MX,8583615,CITY,Muzquiz,True
4965,JP,6822147,CITY,Kasuga,True
4966,BR,3468158,CITY,Cajamar,True
4967,BR,3460671,CITY,Itapolis,True
4968,JP,1851357,CITY,Suzaka,True
4969,TR,312355,CITY,Havran,True
4970,NL,2747891,CITY,Rotterdam,True
4971,GB,2641209,CITY,North Yorkshire,True
4972,JP,1858033,CITY,Kushimoto,True
4973,BR,3465470,CITY,Coronel Macedo,True
4974,BR,3464436,CITY,Doutor Mauricio Cardoso,True
4975,DE,6554822,CITY,Worms,True
4976,AR,52000131,CITY,General Pueyrredon,True
4977,MX,8583683,CITY,Lerma,True
4978,BR,3465108,CITY,Cruz Alta,True
4979,EG,359954,CITY,Shuhada,True
4980,BR,3402229,CITY,Chapadinha,True
4981,DE,6547394,CITY,Saale Orla,True
4982,TR,750496,CITY,Borcka,True
4983,GB,2647071,CITY,Herefordshire,True
4984,MX,3982729,CITY,Tabasco,True
4985,ZA,8347370,CITY,Overberg,True
4986,BR,3450166,CITY,Santa Leopoldina,True
4987,BR,6324309,CITY,Estrela de Alagoas,True
4988,BR,3388454,CITY,Sao Jose da Laje,True
4989,TR,751371,CITY,Babaeski,True
4990,BR,3472820,CITY,Aguia Branca,True
4991,BR,3395409,CITY,Marcelino Vieira,True
4992,JP,6822101,CITY,Omitama,True
4993,NO,54040068,CITY,Trysil,True
4994,BR,6320322,CITY,Vista Serrana,True
4995,BR,3408166,CITY,Aguas Belas,True
4996,TR,300616,CITY,Sivasli,True
4997,SA,103630,CITY,Najran,True
4998,MX,3515415,CITY,Tlaltizapan,True
4999,BR,6324216,CITY,Guaranta do Norte,True
5000,JP,1859873,CITY,Kasuya,True
5001,BR,6319998,CITY,Sao Francisco de Assis do Piaui,True
5002,MX,3993126,CITY,Pedro Escobedo,True
5003,BR,3450288,CITY,Santa Cruz Cabralia,True
5004,SE,2687636,CITY,Nynashamn,True
5005,US,5178040,CITY,Allegheny,True
5006,BR,3452483,CITY,Prado,True
5007,MX,8583223,CITY,Tlacotepec de Benito Juarez,True
5008,MX,3803064,CITY,Jalapa,True
5009,FR,2991627,CITY,Moselle,True
5010,BR,3449491,CITY,Santo Antonio do Pinhal,True
5011,BR,3391609,CITY,Poco Redondo,True
5012,JP,11612706,CITY,Hakusan,True
5013,TR,303290,CITY,Ortakoy,True
5014,EG,350789,CITY,Qalyub,True
5015,JP,2112343,CITY,Kasama,True
5016,BR,3468789,CITY,Buritama,True
5017,BR,6319578,CITY,Palmeiras do Tocantins,True
5018,JP,7446998,CITY,Ōgawara,True
5019,EG,52200086,CITY,Awlad Saqr,True
5020,MX,8583740,CITY,Juchique de Ferrer,True
5021,MX,3996910,CITY,Magdalena,True
5022,MX,3516948,CITY,Santiago Jamiltepec,True
5023,TR,741304,CITY,Niksar,True
5024,NL,2759231,CITY,Lingewaard,True
5025,US,5374376,CITY,Monterey,True
5026,BR,6319018,CITY,Caridade do Piaui,True
5027,US,4407084,CITY,Saint Louis,True
5028,BR,3468991,CITY,Brejetuba,True
5029,BD,1337196,CITY,Noakhali,True
5030,JP,1851140,CITY,Takaharu,True
5031,US,4835806,CITY,Hartford,True
5032,BR,3466351,CITY,Cesario Lange,True
5033,MX,8582024,CITY,Agua Blanca de Iturbide,True
5034,SE,2725379,CITY,Arjang,True
5035,JP,92400005,CITY,Shiraoka-machi,True
5036,BR,3471553,CITY,Areiopolis,True
5037,BR,3462380,CITY,Goiandira,True
5038,BR,6319957,CITY,Novo Oriente do Piaui,True
5039,BR,3401992,CITY,Coelho Neto,True
5040,BR,3456161,CITY,Nova Ibia,True
5041,BR,6318520,CITY,Sao Jose dos Ausentes,True
5042,DE,2809976,CITY,Wetterau,True
5043,MX,3530908,CITY,Chignahuapan,True
5044,SE,2726973,CITY,Ale,True
5045,CA,77400015,CITY,Mount Waddington,True
5046,BR,3450940,CITY,Roncador,True
5047,US,5058559,CITY,Cass,True
5048,BR,3461606,CITY,Ibicarai,True
5049,SE,2694762,CITY,Linkoping,True
5050,PT,2261648,CITY,Vila do Bispo,True
5051,BR,3393792,CITY,Novo Lino,True
5052,BR,3458795,CITY,Laranjal,True
5053,BR,3461077,CITY,Ipuacu,True
5054,BR,6319872,CITY,Campo Grande do Piaui,True
5055,BR,6319907,CITY,Francisco Ayres,True
5056,NL,2757232,CITY,Dinkelland,True
5057,BR,3401106,CITY,Demerval Lobao,True
5058,DE,3220790,CITY,Biberach,True
5059,JP,92400018,CITY,Echizen-cho,True
5060,BR,3459925,CITY,Jequitinhonha,True
5061,FR,2970554,CITY,Vaucluse,True
5062,PT,2732547,CITY,Vila Nova de Famalicão,True
5063,BR,3448063,CITY,Sapiranga,True
5064,GB,2651712,CITY,Cumberland,True
5065,BR,3461498,CITY,Igarape,True
5066,MA,2561655,CITY,Agadir-Ida-ou-Tnan,True
5067,FR,3023514,CITY,Corse du Sud,True
5068,PK,1172128,CITY,Larkana,True
5069,NO,3142404,CITY,Rana,True
5070,MX,3526453,CITY,Jonuta,True
5071,NL,2754861,CITY,Hardenberg,True
5072,BR,3398224,CITY,Inga,True
5073,BR,3471981,CITY,Antonio Prado,True
5074,FR,3013657,CITY,Hauts de Seine,True
5075,RO,672620,CITY,Murfatlar,True
5076,MX,8582451,CITY,Juarez,True
5077,JP,10630004,CITY,Shonai,True
5078,BR,6319744,CITY,Miranda do Norte,True
5079,JP,92400043,CITY,Date-shi,True
5080,RO,669995,CITY,Poienile de sub Munte,True
5081,BR,6318583,CITY,Sao Raimundo do Doca Bezerra,True
5082,BE,2789733,CITY,East Flanders,True
5083,BR,3448636,CITY,Sao Jose dos Campos,True
5084,BR,3464547,CITY,Dom Pedrito,True
5085,BR,3397544,CITY,Jati,True
5086,MX,3979673,CITY,Zihuatanejo de Azueta,True
5087,JP,7415914,CITY,Minami-Alps,True
5088,NO,3141332,CITY,Roros,True
5089,TR,314923,CITY,Finike,True
5090,JP,7413979,CITY,Kadogawa,True
5091,BR,3401844,CITY,Conceicao do Caninde,True
5092,BR,6319892,CITY,Cristalandia do Piaui,True
5093,BR,3469140,CITY,Botelhos,True
5094,JP,7429592,CITY,Toyako,True
5095,MX,7778824,CITY,San Dimas,True
5096,EG,52200030,CITY,New Cairo 1,True
5097,BR,3405380,CITY,Bom Conselho,True
5098,DE,2853162,CITY,Plon,True
5099,JP,7447000,CITY,Onagawa,True
5100,BR,3403611,CITY,Campo Alegre,True
5101,BR,3449936,CITY,Santana do Livramento,True
5102,AR,3838845,CITY,Rio Hondo,True
5103,JP,1850910,CITY,Takatsuki,True
5104,BR,6317147,CITY,Flores de Goias,True
5105,TR,309527,CITY,Karaman,True
5106,NL,2754073,CITY,Hillegom,True
5107,MX,8582281,CITY,Chilchota,True
5108,MX,8583552,CITY,Actopan,True
5109,JP,11612555,CITY,Kyotanabe,True
5110,JP,6822132,CITY,Akishima,True
5111,NO,3159016,CITY,Drammen,True
5112,IE,2962668,CITY,Clane-Maynooth,True
5113,MX,4004003,CITY,Jesus Maria,True
5114,BR,3455070,CITY,Paranagua,True
5115,BR,6319387,CITY,Cachoeira do Piria,True
5116,RO,681845,CITY,Campulung Moldovenesc,True
5117,NL,2743477,CITY,Zwolle,True
5118,BR,3387202,CITY,Sousa,True
5119,BR,3445746,CITY,Uniao da Vitoria,True
5120,BR,3401545,CITY,Crato,True
5121,BR,3463011,CITY,Franca,True
5122,SE,2685699,CITY,Osthammar,True
5123,BR,6319730,CITY,Lajeado Novo,True
5124,EG,50700020,CITY,Dakhla,True
5125,DE,2847614,CITY,Rhein Neckar,True
5126,EG,347591,CITY,Talkha,True
5127,MX,4012045,CITY,Degollado,True
5128,MA,2558545,CITY,Al Hoceima,True
5129,AR,3434674,CITY,Eldorado,True
5130,BR,3456380,CITY,Natividade,True
5131,DE,6553028,CITY,Oberhausen,True
5132,BR,3453158,CITY,Pontalina,True
5133,JP,1850219,CITY,Tōkai,True
5134,TR,304196,CITY,Mucur,True
5135,NO,3151158,CITY,Inderoy,True
5136,BR,6318695,CITY,Simolandia,True
5137,NL,2745860,CITY,Valkenswaard,True
5138,CA,77400041,CITY,Fort McMurray,True
5139,AR,3845181,CITY,Malargue,True
5140,ZA,8347361,CITY,Thabo Mofutsanyane,True
5141,BR,3387807,CITY,Serra Negra do Norte,True
5142,TR,7628416,CITY,Sultangazi,True
5143,PT,2270408,CITY,Calheta,True
5144,BR,6319913,CITY,Guaribas,True
5145,DE,3220786,CITY,Alb Donau,True
5146,BR,3407594,CITY,Angical do Piaui,True
5147,BR,3464569,CITY,Dom Feliciano,True
5148,FR,3013719,CITY,Haute Vienne,True
5149,IT,3178227,CITY,Como,True
5150,BR,6319394,CITY,Colares,True
5151,TR,9564781,CITY,Ergene,True
5152,TR,321337,CITY,Besni,True
5153,BR,6319536,CITY,Carrasco Bonito,True
5154,BR,6319742,CITY,Milagres do Maranhao,True
5155,AR,52000083,CITY,Ramallo,True
5156,BR,6323313,CITY,Vitor Meireles,True
5157,JP,7452803,CITY,Miho,True
5158,BR,6319263,CITY,Monte Negro,True
5159,BR,6320264,CITY,Algodao de Jandaira,True
5160,MX,3530517,CITY,Coatzacoalcos,True
5161,BR,3461455,CITY,Iguatemi,True
5162,BR,3456864,CITY,Monte Azul,True
5163,JP,6822109,CITY,Shintomicho,True
5164,CA,77400014,CITY,North Okanagan,True
5165,BR,6320417,CITY,Sao Jose de Espinharas,True
5166,TR,751976,CITY,Arac,True
5167,JP,6419748,CITY,Sodegaura,True
5168,US,5396987,CITY,Solano,True
5169,RO,674170,CITY,Maglavit,True
5170,EG,52200206,CITY,Shurtet El Qasima,True
5171,BR,3401487,CITY,Cruz,True
5172,BR,3461023,CITY,Iraquara,True
5173,NO,3155041,CITY,Grimstad,True
5174,RO,54440355,CITY,Frumușița,True
5175,BR,3461923,CITY,Guaraciaba,True
5176,MX,4012121,CITY,Cuquio,True
5177,CH,2661015,CITY,Dietikon,True
5178,JP,7407415,CITY,Miyama,True
5179,CA,77400044,CITY,Grande Prairie,True
5180,MX,3515796,CITY,Tequisquiapan,True
5181,BR,3461403,CITY,Ilicinea,True
5182,CA,5924982,CITY,Colchester,True
5183,TR,737022,CITY,Zonguldak,True
5184,RO,675269,CITY,Jiana,True
5185,TR,738662,CITY,Tosya,True
5186,BR,3407216,CITY,Arcoverde,True
5187,JP,1849592,CITY,Tsuruga,True
5188,BR,3461640,CITY,Iacri,True
5189,CA,77400124,CITY,Clarenville,True
5190,SE,2685543,CITY,Ostra Goinge,True
5191,AR,52000022,CITY,Junin,True
5192,PK,1179400,CITY,Faisalabad,True
5193,JP,1858900,CITY,Komatsushima,True
5194,BR,3392020,CITY,Pio IX,True
5195,GB,3333168,CITY,Luton,True
5196,MX,3994616,CITY,Nuevo Casas Grandes,True
5197,MX,3801225,CITY,Tezonapa,True
5198,BR,3395458,CITY,Maragogi,True
5199,BR,3456848,CITY,Monte Carmelo,True
5200,PK,1183880,CITY,Bahawalpur,True
5201,BR,6316306,CITY,Afonso Cunha,True
5202,FR,2994932,CITY,Mayenne,True
5203,DK,2621951,CITY,Fredericia,True
5204,TR,319857,CITY,Cal,True
5205,BR,3398003,CITY,Itabaiana,True
5206,JP,1850181,CITY,Tokorozawa,True
5207,SE,2706767,CITY,Helsingborg,True
5208,AR,3838583,CITY,Rosario,True
5209,NL,2758174,CITY,Brunssum,True
5210,BR,3464706,CITY,Dionisio,True
5211,RO,665914,CITY,Strunga,True
5212,GB,2646944,CITY,Highland,True
5213,NO,847633,CITY,Alta,True
5214,MX,4023117,CITY,Dolores Hidalgo,True
5215,MX,8583749,CITY,Mecayapan,True
5216,BR,3400918,CITY,Eliseu Martins,True
5217,BR,50400011,CITY,Bandeira do Sul,True
5218,BR,6323939,CITY,Campos Verdes,True
5219,BR,6319446,CITY,Picarra,True
5220,SE,2675408,CITY,Sollentuna,True
5221,MX,4004126,CITY,Jamay,True
5222,DE,3221027,CITY,Hameln Pyrmont,True
5223,MX,3976324,CITY,Concordia,True
5224,US,4466900,CITY,Forsyth,True
5225,MX,8582051,CITY,Jacala,True
5226,DE,2857458,CITY,Oldenburg,True
5227,BR,3389461,CITY,Santa Maria das Barreiras,True
5228,JP,11611627,CITY,Higashihiroshima,True
5229,TR,749387,CITY,Cekmekoy,True
5230,BR,3466405,CITY,Cerro Azul,True
5231,CA,6146143,CITY,Sherbrooke,True
5232,PT,2737046,CITY,Oliveira de Azeméis,True
5233,DE,6549748,CITY,Jena,True
5234,BR,3455309,CITY,Palmitinho,True
5235,DE,3220802,CITY,Neustadt  Aisch Bad Windsheim,True
5236,NL,2756987,CITY,Deventer,True
5237,BR,3467952,CITY,Cambuquira,True
5238,BR,3395336,CITY,Maribondo,True
5239,SE,2687062,CITY,Olofstrom,True
5240,BR,6322883,CITY,Nova America da Colina,True
5241,MX,3522317,CITY,Oriental,True
5242,BR,3470691,CITY,Barra do Pirai,True
5243,NO,3133044,CITY,Vagan,True
5244,CH,7285007,CITY,Ouest Lausannois,True
5245,CA,6071813,CITY,Mekinac,True
5246,BR,3471917,CITY,Apora,True
5247,BR,6318864,CITY,Vargem Grande Paulista,True
5248,TR,8069984,CITY,Kepez,True
5249,BR,3393047,CITY,Paranatama,True
5250,BR,3458612,CITY,Liberdade,True
5251,US,5587975,CITY,Canyon,True
5252,AR,3428071,CITY,Santo Tome,True
5253,MX,8582420,CITY,La Yesca,True
5254,BR,3394817,CITY,Miracema do Tocantins,True
5255,BR,6323985,CITY,Hidrolina,True
5256,JP,1863341,CITY,Hakui,True
5257,BR,6317840,CITY,Padre Carvalho,True
5258,BR,3451185,CITY,Rio do Antonio,True
5259,NO,54040002,CITY,Hustadvika,True
5260,MX,8583815,CITY,Jose Azueta,True
5261,IT,3181912,CITY,South Tyrol,True
5262,BR,3465303,CITY,Costa Rica,True
5263,BR,3469115,CITY,Braco do Norte,True
5264,RO,664565,CITY,Tudor Vladimirescu,True
5265,BR,3463227,CITY,Florinea,True
5266,MX,4026704,CITY,San Jose del Rincon,True
5267,JP,2128975,CITY,Nemuro,True
5268,MX,3981165,CITY,Tototlan,True
5269,BR,6324176,CITY,Manoel Urbano,True
5270,MX,3984717,CITY,Santa Ana,True
5271,SE,8132471,CITY,Ovanaker,True
5272,GB,3333238,CITY,Blaenau Gwent,True
5273,MX,3515302,CITY,Toluca,True
5274,JP,2129376,CITY,Kushiro,True
5275,BR,3456977,CITY,Moita Bonita,True
5276,BR,3403214,CITY,Canudos,True
5277,JP,6822127,CITY,Ayase,True
5278,CA,6115099,CITY,Queens,True
5279,JP,6822176,CITY,Nasukarasuyama,True
5280,CH,8718162,CITY,Lucerne,True
5281,BR,6319434,CITY,Novo Repartimento,True
5282,FR,2970140,CITY,Vendee,True
5283,BR,6324146,CITY,Vale de Sao Domingos,True
5284,CA,5881929,CITY,Abitibi,True
5285,JP,1858296,CITY,Kure,True
5286,BR,3467770,CITY,Campo do Meio,True
5287,BR,3396466,CITY,Lajes,True
5288,BR,3399684,CITY,Feira Grande,True
5289,SE,2704613,CITY,Hudiksvall,True
5290,BR,6321395,CITY,Fruta de Leite,True
5291,BR,3463303,CITY,Florai,True
5292,DE,6558491,CITY,Birkenfeld,True
5293,CA,6048143,CITY,La Haute Gaspesie,True
5294,BR,3453906,CITY,Pilao Arcado,True
5295,BR,3465745,CITY,Conceicao do Mato Dentro,True
5296,BR,3471417,CITY,Arroio Trinta,True
5297,JP,1926099,CITY,Matsuyama,True
5298,NL,2745392,CITY,Vlissingen,True
5299,BR,6317824,CITY,Ourilandia do Norte,True
5300,JP,92400015,CITY,Agano-shi,True
5301,RO,662284,CITY,Zarnesti,True
5302,BR,6317990,CITY,Planalto,True
5303,BR,3465157,CITY,Cristianopolis,True
5304,AR,3864375,CITY,Leales,True
5305,TR,749704,CITY,Carsamba,True
5306,MX,4018390,CITY,Apodaca,True
5307,NL,2748083,CITY,Rijssen Holten,True
5308,DE,2834282,CITY,Schwerin,True
5309,BR,3458479,CITY,Loanda,True
5310,PL,3094802,CITY,Krakow,True
5311,BR,3461891,CITY,Guarani das Missoes,True
5312,BR,3466349,CITY,Ceu Azul,True
5313,MX,3529510,CITY,Ejutla de Crespo,True
5314,EG,358115,CITY,Dishna,True
5315,BR,3458131,CITY,Mairipora,True
5316,BR,3388630,CITY,Sao Joao da Serra,True
5317,BR,6320488,CITY,Carnaubeira da Penha,True
5318,DE,3249083,CITY,Markisch Oderland,True
5319,JP,6822174,CITY,Nasushiobara,True
5320,DE,6552852,CITY,Wilhelmshaven,True
5321,CA,6354894,CITY,Portneuf,True
5322,JP,1862198,CITY,Honjo,True
5323,BR,3472128,CITY,Anitapolis,True
5324,TR,743230,CITY,Dikmen,True
5325,BR,3456110,CITY,Nova Venecia,True
5326,BR,6323920,CITY,Bonopolis,True
5327,BR,3457757,CITY,Vila Maria,True
5328,BR,3465629,CITY,Constantina,True
5329,BR,3408097,CITY,Alagoa Nova,True
5330,BR,3467445,CITY,Cantagalo,True
5331,CA,6113355,CITY,Prince Edward,True
5332,SE,2716166,CITY,Enkoping,True
5333,BR,6319524,CITY,Bandeirantes do Tocantins,True
5334,ES,3128759,CITY,Barcelona,True
5335,RO,54440600,CITY,Acâș,True
5336,GB,2637141,CITY,Staffordshire,True
5337,JP,6822178,CITY,Komagane,True
5338,RO,677429,CITY,Gherla,True
5339,BR,3394116,CITY,Murici,True
5340,BR,6320021,CITY,Socorro do Piaui,True
5341,MX,4012421,CITY,Cuatro Cienegas,True
5342,CA,77400099,CITY,Les Sources,True
5343,MX,4006682,CITY,Erongaricuaro,True
5344,ES,3108287,CITY,Tarragona,True
5345,PT,2263540,CITY,Santa Cruz,True
5346,MX,3516266,CITY,Tapachula,True
5347,BR,3453777,CITY,Pinhao,True
5348,ZA,8347367,CITY,Zululand,True
5349,AR,52000075,CITY,Las Flores,True
5350,BR,3385742,CITY,Uniao dos Palmares,True
5351,BR,3473042,CITY,Agua Clara,True
5352,BR,3389650,CITY,Santa Cruz do Piaui,True
5353,JP,92400112,CITY,Aomori-shi,True
5354,BR,3466936,CITY,Carlopolis,True
5355,BR,3445898,CITY,Turvo,True
5356,BR,3461610,CITY,Ibiassuce,True
5357,JP,2112576,CITY,Ishinomaki,True
5358,MA,6547294,CITY,Casablanca,True
5359,MX,3988651,CITY,Rincon de Romos,True
5360,BR,3467550,CITY,Candelaria,True
5361,SA,108927,CITY,Al Qatif,True
5362,JP,6822125,CITY,Imizu,True
5363,DK,2620320,CITY,Hillerød,True
5364,GB,3333245,CITY,Neath Port Talbot,True
5365,EG,361828,CITY,El Delengat,True
5366,EG,52200038,CITY,Amreya 2,True
5367,JP,1857843,CITY,Maebashi,True
5368,BR,6316953,CITY,Cristais Paulista,True
5369,JP,1848689,CITY,Yamaguchi,True
5370,SE,2711790,CITY,Gnosjo,True
5371,ZA,8347381,CITY,West Rand,True
5372,BR,3461621,CITY,Ibertioga,True
5373,BR,6319197,CITY,Nova Nazare,True
5374,CA,77400118,CITY,St John s,True
5375,BR,6319704,CITY,Governador Eugenio Barros,True
5376,BR,6318532,CITY,Sao Luis Gonzaga do Maranhao,True
5377,JP,1862540,CITY,Hirakata,True
5378,BR,3401830,CITY,Condado,True
5379,BR,3445922,CITY,Tupi Paulista,True
5380,CA,77400032,CITY,Wainwright,True
5381,JP,6825496,CITY,Habikino,True
5382,BR,3460817,CITY,Itambacuri,True
5383,NL,6544222,CITY,Oude IJsselstreek,True
5384,TR,298230,CITY,Uzumlu,True
5385,BR,3395686,CITY,Manari,True
5386,BR,3466970,CITY,Cardoso,True
5387,BR,3389873,CITY,Salgado de Sao Felix,True
5388,BR,8603903,CITY,Galileia,True
5389,BR,3463590,CITY,Fatima,True
5390,BR,3463431,CITY,Fernando Prestes,True
5391,JP,2128429,CITY,Rausu,True
5392,SE,606531,CITY,Boden,True
5393,MX,4018904,CITY,Alamos,True
5394,DE,2945358,CITY,Brandenburg an der Havel,True
5395,RO,677106,CITY,Giurgiu,True
5396,BR,3403140,CITY,Capitao de Campos,True
5397,FI,9610691,CITY,Kotka Hamina,True
5398,NL,2755669,CITY,Geertruidenberg,True
5399,BR,3450400,CITY,Santa Branca,True
5400,JP,1848179,CITY,Yoshimi,True
5401,BR,3446038,CITY,Trindade,True
5402,BR,6319447,CITY,Placas,True
5403,MX,3995490,CITY,Monte Escobedo,True
5404,AR,3832778,CITY,Constitucion,True
5405,MX,3519972,CITY,San Agustin Tlaxiaca,True
5406,AR,3832934,CITY,Victoria,True
5407,SA,103012,CITY,Rafha,True
5408,JP,7413151,CITY,Kamiamakusa,True
5409,TR,745719,CITY,Havsa,True
5410,NO,11862943,CITY,Indre Fosen,True
5411,EG,52200136,CITY,Itsa,True
5412,SE,2702979,CITY,Jonkoping,True
5413,BR,3463916,CITY,Espumoso,True
5414,BR,3461702,CITY,Heliodora,True
5415,DE,2874229,CITY,Main Taunus,True
5416,BD,1337175,CITY,Gazipur,True
5417,MX,4012608,CITY,Coyuca de Benitez,True
5418,BR,3472007,CITY,Antonio Joao,True
5419,BR,3389381,CITY,Santana do Matos,True
5420,AR,3856022,CITY,Las Colonias,True
5421,JP,1850185,CITY,Tokoname,True
5422,AR,52000080,CITY,General Las Heras,True
5423,DE,2814791,CITY,Waldshut,True
5424,MX,3516236,CITY,Tasquillo,True
5425,BR,3459667,CITY,Jose Bonifacio,True
5426,BR,3466641,CITY,Catu,True
5427,SE,2669113,CITY,Tidaholm,True
5428,GB,3333182,CITY,Poole,True
5429,BR,3389860,CITY,Salgueiro,True
5430,GB,11353071,CITY,Fermanagh and Omagh,True
5431,JP,1849429,CITY,Ueda,True
5432,DE,2816883,CITY,Vogelsberg,True
5433,SE,2698729,CITY,Kungsbacka,True
5434,JP,6822096,CITY,Hitachinaka,True
5435,MX,6942843,CITY,San Jose,True
5436,MX,3980169,CITY,Villa Hidalgo,True
5437,BD,1337198,CITY,Khagrachhari,True
5438,BR,3463604,CITY,Fartura,True
5439,FR,3015948,CITY,Gironde,True
5440,SE,3337402,CITY,Lekeberg,True
5441,DK,2618528,CITY,Kolding,True
5442,ZA,8347374,CITY,Vhembe,True
5443,JP,2129101,CITY,Muroran,True
5444,BR,3469131,CITY,Botupora,True
5445,CA,6100475,CITY,Peel,True
5446,BR,3406442,CITY,Barbalha,True
5447,DK,2611755,CITY,Thisted,True
5448,BR,6319399,CITY,Curralinho,True
5449,KZ,1516589,CITY,Zhezkazgan,True
5450,NL,2757937,CITY,Coevorden,True
5451,BR,6317050,CITY,Doutor Ulysses,True
5452,DE,2926271,CITY,Flensburg,True
5453,DE,2956708,CITY,Alzey Worms,True
5454,RO,54440005,CITY,Blaj,True
5455,PK,1170295,CITY,Mirpur Khas,True
5456,DE,2813040,CITY,Weiden in der Oberpfalz,True
5457,MX,8583510,CITY,Nanacamilpa de Mariano Arista,True
5458,JP,2130534,CITY,Bibai,True
5459,NO,3149412,CITY,Kragero,True
5460,BR,3447654,CITY,Sertao Santana,True
5461,KZ,609655,CITY,Karaganda,True
5462,BR,3464329,CITY,Eloi Mendes,True
5463,FR,3018471,CITY,Finistere,True
5464,BR,3404712,CITY,Buriti dos Montes,True
5465,JP,1861290,CITY,Itō,True
5466,MX,8581772,CITY,Suchiate,True
5467,BR,3465542,CITY,Coracao de Jesus,True
5468,TR,10346824,CITY,Nilufer,True
5469,MX,3523247,CITY,Miacatlan,True
5470,NL,2758462,CITY,Boxmeer,True
5471,JP,1859884,CITY,Kasukabe,True
5472,MX,3522164,CITY,Palenque,True
5473,BR,3457859,CITY,Maracaju,True
5474,BR,3393470,CITY,Orobo,True
5475,JP,1850396,CITY,Tenri,True
5476,BR,3460522,CITY,Itumbiara,True
5477,JP,6822153,CITY,Uruma,True
5478,JP,1850300,CITY,Toda,True
5479,JP,92400060,CITY,Iwanai-cho,True
5480,AR,3434291,CITY,Guarani,True
5481,BR,3393190,CITY,Panelas,True
5482,BR,6323239,CITY,Presidente Nereu,True
5483,BR,3471837,CITY,Araguacu,True
5484,FI,654899,CITY,Kajaani,True
5485,BR,6317201,CITY,Gloria de Dourados,True
5486,TR,318372,CITY,Cine,True
5487,JP,2127617,CITY,Tsuruta,True
5488,MX,4018403,CITY,Apaseo el Grande,True
5489,BR,3456647,CITY,Mortugaba,True
5490,JP,1851426,CITY,Sumoto,True
5491,MX,8582044,CITY,Huasca de Ocampo,True
5492,BR,3463478,CITY,Feira de Santana,True
5493,RO,668954,CITY,Reşiţa,True
5494,BR,3460796,CITY,Itanagra,True
5495,DE,6549750,CITY,Weimar,True
5496,BR,3402882,CITY,Caririacu,True
5497,FR,2997288,CITY,Lozere,True
5498,TR,324172,CITY,Alasehir,True
5499,RO,672343,CITY,Negru Voda,True
5500,BR,3449053,CITY,Sao Gotardo,True
5501,BR,3472969,CITY,Aguai,True
5502,BR,3460718,CITY,Itapevi,True
5503,FR,2969280,CITY,Vienne,True
5504,NL,2749234,CITY,Oss,True
5505,MX,3515510,CITY,Tixtla de Guerrero,True
5506,JP,6822162,CITY,Higashimatsuyama,True
5507,TR,7732360,CITY,Honaz,True
5508,BR,3391090,CITY,Quebrangulo,True
5509,PT,2271926,CITY,Almeirim,True
5510,BR,3397865,CITY,Itaueira,True
5511,JP,1864009,CITY,Fukuchiyama,True
5512,CA,6050263,CITY,L'Assomption,True
5513,DE,52060005,CITY,Tuttlingen,True
5514,JP,1861449,CITY,Isehara,True
5515,BR,6319340,CITY,Santa Isabel do Rio Negro,True
5516,MX,3530594,CITY,Ciudad Madero,True
5517,MX,8583912,CITY,Muxupip,True
5518,BR,3468234,CITY,Caiaponia,True
5519,JP,1852607,CITY,Shibata,True
5520,BR,3461994,CITY,Guaira,True
5521,RO,675285,CITY,Jegalia,True
5522,BR,3451383,CITY,Ribeira do Pombal,True
5523,BR,3474501,CITY,Comodoro,True
5524,JP,1860243,CITY,Kanazawa,True
5525,MX,8858530,CITY,El Llano,True
5526,BR,6319201,CITY,Mesquita,True
5527,BR,3456790,CITY,Morada Nova de Minas,True
5528,JP,1848445,CITY,Yatsushiro,True
5529,MX,4006622,CITY,Escuinapa,True
5530,TR,9548851,CITY,Mentese,True
5531,BR,3469092,CITY,Braganca Paulista,True
5532,PK,1173491,CITY,Kohat,True
5533,AR,3836620,CITY,Oran,True
5534,BR,3466680,CITY,Catas Altas da Noruega,True
5535,BR,3393972,CITY,Nazare da Mata,True
5536,JP,92400059,CITY,Kucchan-cho,True
5537,IT,3182650,CITY,Avellino,True
5538,MX,8583276,CITY,San Joaquin,True
5539,JP,1850091,CITY,Tomioka,True
5540,TR,743051,CITY,Kizilcahamam,True
5541,JP,1856184,CITY,Nagareyama,True
5542,BR,3456846,CITY,Monte Castelo,True
5543,BR,3452525,CITY,Pouso Alegre,True
5544,JP,2112527,CITY,Iwanuma,True
5545,JP,2113126,CITY,Akita,True
5546,CA,6325521,CITY,Levis,True
5547,BR,3463122,CITY,Formoso do Araguaia,True
5548,NO,11862941,CITY,Faerder,True
5549,MX,3985621,CITY,San Luis de la Paz,True
5550,BR,6319670,CITY,Buritirana,True
5551,DE,3302156,CITY,Burgenland,True
5552,BR,3444914,CITY,Vitoria da Conquista,True
5553,TR,299575,CITY,Tavas,True
5554,MX,3526798,CITY,Iguala de la Independencia,True
5555,JP,2111809,CITY,Murata,True
5556,BR,3448169,CITY,Sao Tome,True
5557,DE,2909461,CITY,Hassberge,True
5558,MX,8582342,CITY,Tangancicuaro,True
5559,BR,3450832,CITY,Ruy Barbosa,True
5560,BR,6317468,CITY,Leoberto Leal,True
5561,JP,1855134,CITY,Nishiwaki,True
5562,BR,3465083,CITY,Cruzeiro do Oeste,True
5563,CH,2659496,CITY,Neuchatel,True
5564,RO,684156,CITY,Borsa,True
5565,BR,8550580,CITY,Brasil Novo,True
5566,BR,3462367,CITY,Goioxim,True
5567,CA,77400106,CITY,La Matapedia,True
5568,TR,747712,CITY,Edirne,True
5569,NL,2755030,CITY,Haaksbergen,True
5570,BR,3461247,CITY,Ingai,True
5571,JP,10300676,CITY,Minamichita,True
5572,TR,9549630,CITY,Ilkadim,True
5573,DE,52060002,CITY,Osnabruck,True
5574,DE,6558142,CITY,Lorrach,True
5575,BR,6318107,CITY,Redencao,True
5576,DE,2928810,CITY,Essen,True
5577,JP,1859234,CITY,Kitsuki,True
5578,JP,92400027,CITY,Shoudoshima-cho,True
5579,FI,637948,CITY,Salo,True
5580,BR,6324326,CITY,Rio Real,True
5581,CA,7302647,CITY,Bellechasse,True
5582,AR,3427428,CITY,Villaguay,True
5583,JP,2112571,CITY,Ishioka,True
5584,BR,3455425,CITY,Palmeira,True
5585,AR,3848687,CITY,Nueve de Julio,True
5586,MX,3982170,CITY,Tecpan de Galeana,True
5587,NO,3147698,CITY,Levanger,True
5588,NL,2745096,CITY,Waddinxveen,True
5589,JP,7429577,CITY,Shinhidaka,True
5590,BR,3457943,CITY,Mansidao,True
5591,BR,3392120,CITY,Piloes,True
5592,RO,671964,CITY,Odorheiu Secuiesc,True
5593,BR,3447712,CITY,Serranopolis,True
5594,BR,3465474,CITY,Coronel Freitas,True
5595,BR,3458498,CITY,Linhares,True
5596,BR,6318747,CITY,Taquaral de Goias,True
5597,JP,11612589,CITY,Koshu,True
5598,RO,666719,CITY,Slobozia,True
5599,US,4533690,CITY,Cleveland,True
5600,BR,3445928,CITY,Boa Vista do Tupim,True
5601,RO,54440429,CITY,Hălăucești,True
5602,BR,3736812,CITY,Presidente Figueiredo,True
5603,BR,6316333,CITY,Alcinopolis,True
5604,BR,3471368,CITY,Astorga,True
5605,RO,684830,CITY,Barca,True
5606,TR,297090,CITY,Didim,True
5607,BR,3460629,CITY,Itaqui,True
5608,BR,3453661,CITY,Piracaia,True
5609,TR,745169,CITY,Inegol,True
5610,MX,3515521,CITY,Tixkokob,True
5611,TR,300614,CITY,Siverek,True
5612,BR,3448980,CITY,Sao Joao,True
5613,MX,3980198,CITY,Villa Corona,True
5614,BR,3386533,CITY,Teixeira,True
5615,RO,685811,CITY,Baicoi,True
5616,CH,2660305,CITY,Horgen,True
5617,JP,1855852,CITY,Nakanojo,True
5618,MX,3482929,CITY,Gonzalez,True
5619,JP,1862595,CITY,Hinode,True
5620,DE,10942643,CITY,Goslar,True
5621,FR,3023423,CITY,Cote d'Or,True
5622,AR,52000073,CITY,Coronel Pringles,True
5623,DE,2947109,CITY,Bodensee,True
5624,MX,3530839,CITY,China,True
5625,BR,3453337,CITY,Pocoes,True
5626,JP,6822130,CITY,Musashimurayama,True
5627,JP,6822224,CITY,Nakagusuku,True
5628,BR,3459712,CITY,Joinville,True
5629,BR,3392095,CITY,Pimenteiras,True
5630,BR,3464571,CITY,Dom Cavati,True
5631,BR,3461628,CITY,Ibaiti,True
5632,BR,3470409,CITY,Barro Alto,True
5633,BR,3399445,CITY,Forquilha,True
5634,BR,3461320,CITY,Indaiabira,True
5635,BR,3465010,CITY,Cunha,True
5636,US,4642445,CITY,Montgomery,True
5637,JP,2112656,CITY,Ichinoseki,True
5638,NL,2744977,CITY,Waterland,True
5639,MX,3516225,CITY,Taxco de Alarcon,True
5640,FR,2997870,CITY,Loire,True
5641,NL,54020001,CITY,Pekela,True
5642,BR,3402465,CITY,Catole do Rocha,True
5643,DE,2894003,CITY,Kaiserslautern,True
5644,IT,3172391,CITY,Naples,True
5645,DE,2947444,CITY,Boblingen,True
5646,BR,6317362,CITY,Japonvar,True
5647,BR,3460791,CITY,Itanhaem,True
5648,PT,2271961,CITY,Almada,True
5649,ES,6355234,CITY,Murcia,True
5650,MX,3531793,CITY,Calkini,True
5651,EG,362485,CITY,Abu Kebir,True
5652,JP,1861464,CITY,Isahaya,True
5653,TR,298935,CITY,Torbali,True
5654,BR,6318271,CITY,Santa Luzia do Para,True
5655,NL,2759798,CITY,Amstelveen,True
5656,US,4323288,CITY,East Baton Rouge,True
5657,IE,2966839,CITY,Athlone - Moate,True
5658,BR,3444882,CITY,Volta Grande,True
5659,BR,3472379,CITY,Amaral Ferrador,True
5660,JP,1854902,CITY,Numazu,True
5661,BR,3460370,CITY,Jacarei,True
5662,BR,3457741,CITY,Marialva,True
5663,BR,3448657,CITY,Sao Jose do Jacuipe,True
5664,BR,3455544,CITY,Paineiras,True
5665,DE,2938540,CITY,Deggendorf,True
5666,BR,3452919,CITY,Porto Amazonas,True
5667,BR,6321232,CITY,Capitao Andrade,True
5668,BR,3471713,CITY,Araruna,True
5669,BR,3390334,CITY,Riachuelo,True
5670,JP,11001656,CITY,Motobu,True
5671,BR,6319355,CITY,Caroebe,True
5672,GB,2646007,CITY,Isle of Wight,True
5673,DE,2868506,CITY,Muhldorf,True
5674,BR,3461591,CITY,Santa Rita de Cassia,True
5675,BR,3448744,CITY,Sao Jose,True
5676,AT,2782067,CITY,Baden,True
5677,BR,3388266,CITY,Sao Miguel do Tapuio,True
5678,BR,6321435,CITY,Imbe de Minas,True
5679,BD,1337249,CITY,Kishoreganj,True
5680,SE,2676215,CITY,Soderkoping,True
5681,MX,3526538,CITY,Jesus Carranza,True
5682,MX,3519537,CITY,San Cristobal de las Casas,True
5683,BR,3385088,CITY,Vigia,True
5684,TR,745527,CITY,Horasan,True
5685,JP,1857769,CITY,Maibara,True
5686,TR,307864,CITY,Kilis,True
5687,JP,1860635,CITY,Kameoka,True
5688,CA,77400077,CITY,Thompson,True
5689,JP,1850600,CITY,Tarui,True
5690,AR,3836669,CITY,San Rafael,True
5691,BR,3466703,CITY,Castro Alves,True
5692,BR,6318793,CITY,Tres Marias,True
5693,BR,6317170,CITY,Francisco Dumont,True
5694,BR,3386628,CITY,Taquarana,True
5695,DE,2854384,CITY,Pfaffenhofen,True
5696,BR,6321050,CITY,Sao Miguel das Matas,True
5697,GB,3333241,CITY,Cardiff,True
5698,MX,3988251,CITY,Sain Alto,True
5699,BR,3458903,CITY,Lajinha,True
5700,BR,3448878,CITY,Sao Joao do Manteninha,True
5701,MX,8583976,CITY,General Panfilo Natera,True
5702,MX,8583881,CITY,Chochola,True
5703,CH,6458830,CITY,Mittelland,True
5704,BR,3389721,CITY,Sanharo,True
5705,JP,7383987,CITY,Amami,True
5706,JP,1856698,CITY,Miyoshi,True
5707,BR,3395077,CITY,Matriz de Camaragibe,True
5708,BR,3455793,CITY,Orindiuva,True
5709,US,5810982,CITY,Snohomish,True
5710,BR,6324200,CITY,Augusto de Lima,True
5711,ES,2522257,CITY,Albacete,True
5712,BR,3461922,CITY,Guaraciaba,True
5713,BR,3445433,CITY,Vassouras,True
5714,NO,3139075,CITY,Skien,True
5715,TR,298033,CITY,Viransehir,True
5716,JP,6822194,CITY,Kosai,True
5717,BR,3397665,CITY,Jaguaruana,True
5718,BR,3448696,CITY,Sao Jose da Bela Vista,True
5719,FR,3026646,CITY,Charente,True
5720,BR,3450909,CITY,Rondonopolis,True
5721,AR,3838823,CITY,Rio Primero,True
5722,BR,3460242,CITY,Jaguaquara,True
5723,BR,3407387,CITY,Aracagi,True
5724,BR,3467443,CITY,Cantagalo,True
5725,MX,3980621,CITY,Valle de Bravo,True
5726,NL,2745673,CITY,Velsen,True
5727,MA,2530333,CITY,Tanger-Assilah,True
5728,BR,3387879,CITY,Serra Branca,True
5729,BR,6321981,CITY,Pinheiros,True
5730,MX,8583711,CITY,Emiliano Zapata,True
5731,TR,309415,CITY,Karapinar,True
5732,JP,1848208,CITY,Yoshida,True
5733,BR,3401138,CITY,Custodia,True
5734,SE,2707609,CITY,Harryda,True
5735,BR,3456368,CITY,Navirai,True
5736,JP,1858428,CITY,Kumagaya,True
5737,BR,6319527,CITY,Bernardo Sayao,True
5738,PL,756135,CITY,Warsaw,True
5739,JP,1847982,CITY,Zentsuji,True
5740,BR,3457722,CITY,Mariapolis,True
5741,JP,9036723,CITY,Satsuma,True
5742,JP,1850269,CITY,Togitsu,True
5743,US,5879348,CITY,Anchorage,True
5744,RO,668315,CITY,Sacele,True
5745,BR,3470597,CITY,Barra Velha,True
5746,AR,3839490,CITY,Quitilipi,True
5747,BR,3455447,CITY,Palmas de Monte Alto,True
5748,BR,3465228,CITY,Coxim,True
5749,DE,3220989,CITY,Rheingau Taunus,True
5750,EG,52200123,CITY,El Wahat El Bahariya,True
5751,EG,52200188,CITY,Hurghada,True
5752,BR,3408251,CITY,Agrestina,True
5753,BR,3444814,CITY,Zacarias,True
5754,BR,6317728,CITY,Nova Crixas,True
5755,BR,6322948,CITY,Rancho Alegre d'Oeste,True
5756,BR,6321418,CITY,Gurinhata,True
5757,SE,2696329,CITY,Lidkoping,True
5758,BR,6320953,CITY,Marcionilio Souza,True
5759,NL,2758619,CITY,Borger Odoorn,True
5760,TR,298846,CITY,Tunceli,True
5761,BD,1337172,CITY,Jamalpur,True
5762,CA,77400080,CITY,Virden,True
5763,BR,3451131,CITY,Riolandia,True
5764,KZ,610529,CITY,Atyrau,True
5765,BD,1477494,CITY,Pirojpur,True
5766,BR,3460599,CITY,Itatiaiucu,True
5767,BR,3461090,CITY,Ipora,True
5768,BR,6320773,CITY,Caatiba,True
5769,BR,3461144,CITY,Ipatinga,True
5770,JP,7384012,CITY,Yakushima,True
5771,NO,3148776,CITY,Kvinesdal,True
5772,BR,3454139,CITY,Perdoes,True
5773,BR,6321429,CITY,Icarai de Minas,True
5774,JP,1849661,CITY,Tsukumi,True
5775,BR,3448903,CITY,Sao Joao da Barra,True
5776,BR,3397877,CITY,Itatira,True
5777,TR,8521531,CITY,Beylikduzu,True
5778,BR,3396635,CITY,Lagoa Salgada,True
5779,BR,3472791,CITY,Ajuricaba,True
5780,BR,6317376,CITY,Jauru,True
5781,BR,3389590,CITY,Santa Isabel do Para,True
5782,BR,6318290,CITY,Santa Rita do Novo Destino,True
5783,TR,739015,CITY,Tasova,True
5784,FI,633679,CITY,Turku,True
5785,RO,684657,CITY,Bistriţa,True
5786,JP,1852046,CITY,Shinshiro,True
5787,BR,3385758,CITY,Umirim,True
5788,BR,3448332,CITY,Sao Pedro do Sul,True
5789,BR,3395908,CITY,Magalhaes de Almeida,True
5790,BR,3398264,CITY,Inaja,True
5791,BR,3453279,CITY,Poloni,True
5792,NL,2759706,CITY,Apeldoorn,True
5793,US,5420926,CITY,El Paso,True
5794,MX,6941773,CITY,Los Cabos,True
5795,IT,3175444,CITY,Isernia,True
5796,JP,7413159,CITY,Ōzu,True
5797,BR,3451261,CITY,Rio Bonito,True
5798,RO,682747,CITY,Caracal,True
5799,NO,3336588,CITY,Orsta,True
5800,GB,2638655,CITY,Shropshire,True
5801,EG,359172,CITY,Beni Suef,True
5802,BR,3665199,CITY,Ariquemes,True
5803,TR,318675,CITY,Ceyhan,True
5804,CH,8260142,CITY,Bern Mittelland,True
5805,RO,682729,CITY,Caransebes,True
5806,SA,54500026,CITY,Al Aridah,True
5807,NL,2750325,CITY,Nieuwegein,True
5808,PT,6941014,CITY,Ponta Delgada,True
5809,BR,3447708,CITY,Serra Preta,True
5810,MX,8891482,CITY,El Parral,True
5811,BR,3389557,CITY,Santa Luzia,True
5812,MX,3984079,CITY,Santa Maria del Oro,True
5813,BR,6318996,CITY,Capao do Cipo,True
5814,SA,109323,CITY,Al Khubar,True
5815,BR,3460548,CITY,Itiuba,True
5816,BR,3453437,CITY,Pium,True
5817,BR,6318633,CITY,Sapucaia,True
5818,FR,2975246,CITY,Seine Saint Denis,True
5819,SA,10972321,CITY,As Sulayyil,True
5820,BR,6319521,CITY,Aurora do Tocantins,True
5821,ES,3127460,CITY,Burgos,True
5822,MX,8583049,CITY,Acatlan,True
5823,DE,2931574,CITY,Eisenach,True
5824,BR,3460362,CITY,Jacarezinho,True
5825,TR,752584,CITY,Akcakoca,True
5826,AR,52000029,CITY,Mercedes,True
5827,CA,77400085,CITY,Winkler,True
5828,BR,3469033,CITY,Brasopolis,True
5829,MX,4003662,CITY,Santa Cruz de Juventino Rosas,True
5830,BR,6316992,CITY,Darcinopolis,True
5831,BR,3471520,CITY,Ariranha,True
5832,BR,6324087,CITY,Sao Joao d'Alianca,True
5833,AR,3840082,CITY,Magallanes,True
5834,SA,109353,CITY,Al Kharj,True
5835,AR,3862351,CITY,Caseros,True
5836,BR,6322893,CITY,Nova Santa Rosa,True
5837,BR,3465038,CITY,Cuiaba,True
5838,DE,2812480,CITY,Weimarer Land,True
5839,TR,9548904,CITY,Altinordu,True
5840,JP,7383988,CITY,Hioki,True
5841,BR,3448556,CITY,Sao Luiz do Paraitinga,True
5842,BR,3411875,CITY,Barrolandia,True
5843,BR,6319912,CITY,Guadalupe,True
5844,GB,2650328,CITY,East Sussex,True
5845,BR,3447989,CITY,Sarapui,True
5846,BR,3456806,CITY,Monte Siao,True
5847,JP,1907146,CITY,Sayama,True
5848,BR,3461584,CITY,Ibira,True
5849,BR,3461576,CITY,Ibirama,True
5850,MX,8582321,CITY,Paracuaro,True
5851,US,4917555,CITY,Allen,True
5852,AR,3862747,CITY,Capital,True
5853,CA,6090772,CITY,Northumberland,True
5854,EG,358969,CITY,Basyoun,True
5855,IT,3175784,CITY,Grosseto,True
5856,DK,2622341,CITY,Fanø,True
5857,JP,1850834,CITY,Takeo,True
5858,BR,3447591,CITY,Silva Jardim,True
5859,RO,683055,CITY,Caianu,True
5860,BR,3465409,CITY,Correia Pinto,True
5861,MX,4011743,CITY,Durango,True
5862,JP,7411115,CITY,Aridagawa,True
5863,SE,2701715,CITY,Karlskoga,True
5864,BR,3407378,CITY,Aracati,True
5865,MX,3526927,CITY,Hueytamalco,True
5866,US,5087463,CITY,Hillsborough,True
5867,NL,2755003,CITY,Haarlem,True
5868,SE,2715568,CITY,Falkoping,True
5869,MX,8583774,CITY,Platon Sanchez,True
5870,TR,304885,CITY,Mamak,True
5871,BR,3391397,CITY,Porto Calvo,True
5872,TR,746425,CITY,Gumushane,True
5873,BR,3445443,CITY,Varzedo,True
5874,BR,3454892,CITY,Passa Tempo,True
5875,US,5520910,CITY,Ector,True
5876,BR,3457161,CITY,Mimoso do Sul,True
5877,BR,6321188,CITY,Brasilandia de Minas,True
5878,NO,3142657,CITY,Porsgrunn,True
5879,NL,2754447,CITY,Helmond,True
5880,RO,54440731,CITY,Știuca,True
5881,BR,3461995,CITY,Guaira,True
5882,MX,3517994,CITY,San Pedro Huilotepec,True
5883,MX,8582361,CITY,Vista Hermosa,True
5884,BR,3453324,CITY,Poco Fundo,True
5885,BR,3446295,CITY,Torres,True
5886,NO,54040027,CITY,Enebakk,True
5887,JP,2112823,CITY,Hanamaki,True
5888,DE,2843324,CITY,Vorpommern Rugen,True
5889,JP,7453511,CITY,Nakagawa,True
5890,BR,3455682,CITY,Ouro Fino,True
5891,PK,1166548,CITY,Sahiwal,True
5892,BR,3446362,CITY,Tomar do Geru,True
5893,BR,3461444,CITY,Ijui,True
5894,BR,3468592,CITY,Cabreuva,True
5895,ZA,8347363,CITY,Ugu,True
5896,ZA,8347345,CITY,Amajuba,True
5897,BR,3472926,CITY,Aguanil,True
5898,DK,2621956,CITY,Fredensborg,True
5899,MX,8581966,CITY,Cuetzala del Progreso,True
5900,EG,52200072,CITY,Minyet El Nasr,True
5901,BR,3411870,CITY,Abreulandia,True
5902,IT,3172153,CITY,Nuoro,True
5903,MX,8581765,CITY,Siltepec,True
5904,MX,3526952,CITY,Huejutla de Reyes,True
5905,PT,2264456,CITY,Portimão,True
5906,MX,8581807,CITY,Bocoyna,True
5907,BR,3471374,CITY,Assis,True
5908,SE,2703292,CITY,Jarfalla,True
5909,BR,3463558,CITY,Faxinal dos Guedes,True
5910,BR,3445578,CITY,Valinhos,True
5911,JP,1851657,CITY,Showa,True
5912,JP,7446995,CITY,Misato,True
5913,BR,3454669,CITY,Paulo Lopes,True
5914,MX,8581763,CITY,Salto de Agua,True
5915,BR,3454954,CITY,Parobe,True
5916,FI,652977,CITY,Keuruu,True
5917,SE,2666201,CITY,Uppvidinge,True
5918,CH,2659550,CITY,Munchwilen,True
5919,BR,3447714,CITY,Serrania,True
5920,MX,3995171,CITY,Naco,True
5921,SE,2707737,CITY,Harjedalen,True
5922,SE,2696650,CITY,Leksand,True
5923,BR,3459092,CITY,Laguna Carapa,True
5924,BR,3468327,CITY,Caete,True
5925,AR,3860431,CITY,Chacabuco,True
5926,CA,77400054,CITY,Weyburn,True
5927,FI,655194,CITY,Jyvaskyla,True
5928,BR,3469895,CITY,Boa Nova,True
5929,JP,1859210,CITY,Kiyosu,True
5930,BR,3665315,CITY,Anori,True
5931,NO,779683,CITY,Hammerfest,True
5932,IT,3176513,CITY,Frosinone,True
5933,AT,2773300,CITY,Kufstein,True
5934,MX,8582349,CITY,Tinguindin,True
5935,MX,3514450,CITY,Xochimilco,True
5936,BR,6323929,CITY,Cachoeira Dourada,True
5937,SE,2662935,CITY,Vilhelmina,True
5938,BR,3467197,CITY,Capivari,True
5939,CH,2657908,CITY,Zug,True
5940,JP,1862033,CITY,Ibaraki,True
5941,MX,8583400,CITY,Magdalena,True
5942,DE,6557432,CITY,Celle,True
5943,BR,3446087,CITY,Tres Passos,True
5944,BR,3453467,CITY,Pitangueiras,True
5945,PT,2737921,CITY,Marco de Canaveses,True
5946,CA,6104221,CITY,Pictou,True
5947,NL,2755464,CITY,Goirle,True
5948,JP,7439938,CITY,Nakadomari,True
5949,RO,686399,CITY,Amara,True
5950,TR,312416,CITY,Haskoy,True
5951,BR,3453782,CITY,Pinhalzinho,True
5952,BR,3459088,CITY,Laje,True
5953,BR,3453415,CITY,Planalto,True
5954,JP,1860437,CITY,Mitaka,True
5955,BR,3451668,CITY,Resende,True
5956,IT,3175985,CITY,Gorizia,True
5957,DK,2616755,CITY,Morsø Municipality,True
5958,EG,358172,CITY,Dekernes,True
5959,BR,3458080,CITY,Mambai,True
5960,DK,2610726,CITY,Varde,True
5961,AR,3435364,CITY,Pilcomayo,True
5962,AT,2771817,CITY,Mattersburg,True
5963,BR,6324198,CITY,Barra do Mendes,True
5964,TR,314812,CITY,Gazipasa,True
5965,BR,3467261,CITY,Capinzal,True
5966,BR,3454614,CITY,Pe de Serra,True
5967,JP,7415918,CITY,Ichikawamisato,True
5968,BR,3407440,CITY,Apodi,True
5969,BR,3460584,CITY,Itauna,True
5970,FR,2984986,CITY,Puy de Dome,True
5971,BR,6324220,CITY,Peixoto de Azevedo,True
5972,BR,3462486,CITY,Sao Vicente do Sul,True
5973,JP,1852821,CITY,Saza,True
5974,BR,3460836,CITY,Itajobi,True
5975,BR,3392742,CITY,Paulista,True
5976,NL,2751547,CITY,Lisse,True
5977,MX,3526696,CITY,Ixtaczoquitlan,True
5978,PK,1168197,CITY,Peshawar,True
5979,AT,2769623,CITY,Oberwart,True
5980,BR,3394801,CITY,Miraima,True
5981,BR,3451265,CITY,Marumbi,True
5982,BR,6321347,CITY,Dona Eusebia,True
5983,SE,2662881,CITY,Vimmerby,True
5984,BR,3397967,CITY,Itaituba,True
5985,BR,3450376,CITY,Santa Cecilia,True
5986,BR,3460788,CITY,Itanhandu,True
5987,BR,3398105,CITY,Ipubi,True
5988,AR,52000001,CITY,Bahia Blanca,True
5989,GB,2657306,CITY,Angus,True
5990,TR,308365,CITY,Keciborlu,True
5991,TR,742987,CITY,Kizilirmak,True
5992,US,5250074,CITY,Dane,True
5993,NL,2747930,CITY,Roosendaal,True
5994,TR,300797,CITY,Silopi,True
5995,GB,2644486,CITY,Lincolnshire,True
5996,SE,2670710,CITY,Sunne,True
5997,CA,77400011,CITY,Comox Valley,True
5998,BR,6323122,CITY,Formosa do Sul,True
5999,BR,3392738,CITY,Paulistana,True
6000,BR,6319950,CITY,Monsenhor Hipolito,True
6001,BR,3393766,CITY,Ocara,True
6002,AR,3837124,CITY,San Justo,True
6003,FR,2970749,CITY,Var,True
6004,FR,3013793,CITY,Haute Corse,True
6005,BR,3461022,CITY,Irara,True
6006,JP,1859990,CITY,Kasaoka,True
6007,BR,3460495,CITY,Ivaipora,True
6008,BR,3455689,CITY,Ouro Branco,True
6009,JP,1862689,CITY,Hiji,True
6010,BR,3393764,CITY,Oeiras,True
6011,US,5144050,CITY,Westchester,True
6012,BR,6317151,CITY,Floresta do Araguaia,True
6013,BR,6322696,CITY,Boa Ventura de Sao Roque,True
6014,BR,3451104,CITY,Rio Paranaiba,True
6015,MX,8583555,CITY,Camaron de Tejeda,True
6016,MX,4022983,CITY,Doctor Mora,True
6017,MX,8583827,CITY,Tlalixcoyan,True
6018,MX,8582485,CITY,Ixtepec,True
6019,CH,6458763,CITY,Kanton Basel-Stadt,True
6020,MA,6547286,CITY,Sefrou,True
6021,PT,2733272,CITY,Vagos,True
6022,BR,3448688,CITY,Sao Jose da Safira,True
6023,JP,1858301,CITY,Kurayoshi,True
6024,BR,3456324,CITY,Nepomuceno,True
6025,MX,8581879,CITY,Rodeo,True
6026,AR,3834361,CITY,Tinogasta,True
6027,BR,3399388,CITY,Fortaleza dos Nogueiras,True
6028,TR,751869,CITY,Arnavutkoy,True
6029,BR,3470887,CITY,Barao,True
6030,ES,2514254,CITY,Malaga,True
6031,TR,303873,CITY,Nazilli,True
6032,BR,6319127,CITY,Tres Barras do Parana,True
6033,MX,6955081,CITY,El Bosque,True
6034,BR,3458363,CITY,Luis Antonio,True
6035,BR,3401618,CITY,Correntes,True
6036,MX,8582264,CITY,Aquila,True
6037,BR,6319994,CITY,Santo Antonio de Lisboa,True
6038,BR,6317026,CITY,Dom Aquino,True
6039,RO,677160,CITY,Giroc,True
6040,CA,77400126,CITY,St Anthony,True
6041,BR,6316406,CITY,Aparecida de Goiania,True
6042,EG,360687,CITY,Minya,True
6043,ZA,8347377,CITY,Sedibeng,True
6044,BR,3447624,CITY,Sete Lagoas,True
6045,MX,3988594,CITY,Rio Grande,True
6046,TR,747471,CITY,Eregli,True
6047,AR,3832132,CITY,Zapala,True
6048,BR,3456102,CITY,Nova Vicosa,True
6049,BR,3457991,CITY,Mangaratiba,True
6050,MX,3529947,CITY,Cuernavaca,True
6051,BR,3455775,CITY,Osasco,True
6052,NL,2744042,CITY,Zandvoort,True
6053,CA,6049981,CITY,La Rivière du Nord,True
6054,BR,3460622,CITY,Itarantim,True
6055,SE,2680764,CITY,Saffle,True
6056,PT,2742804,CITY,Arcos de Valdevez,True
6057,ES,3130717,CITY,Alava,True
6058,DK,2619856,CITY,Hørsholm,True
6059,CA,6113329,CITY,Prince,True
6060,US,5129867,CITY,Onondaga,True
6061,SE,2699176,CITY,Krokom,True
6062,BR,3456827,CITY,Monte Mor,True
6063,SE,2691348,CITY,Morbylanga,True
6064,BR,3464262,CITY,Encruzilhada,True
6065,BR,3448257,CITY,Sao Sebastiao,True
6066,MX,8583916,CITY,Peto,True
6067,EG,52200103,CITY,Birket El Sab,True
6068,BR,3470837,CITY,Barbosa Ferraz,True
6069,BR,6318837,CITY,Uruana de Minas,True
6070,BR,3449749,CITY,Santa Vitoria,True
6071,TR,297466,CITY,Yayladagi,True
6072,BR,3449952,CITY,Santana da Vargem,True
6073,BR,3457736,CITY,Mariana,True
6074,DE,2838633,CITY,Schleswig Flensburg,True
6075,BR,3453014,CITY,Porangatu,True
6076,IT,2525763,CITY,Agrigento,True
6077,TR,302355,CITY,Reyhanli,True
6078,NO,54040107,CITY,Naeroysund,True
6079,JP,7279570,CITY,Higashimurayama,True
6080,PT,8012366,CITY,Leiria,True
6081,TR,315972,CITY,Kocasinan,True
6082,JP,7412212,CITY,Uda,True
6083,BR,3405954,CITY,Baturite,True
6084,MX,3515011,CITY,Tuxpan,True
6085,TR,307727,CITY,Kiraz,True
6086,BR,3472825,CITY,Agudos,True
6087,BR,6319728,CITY,Lago dos Rodrigues,True
6088,JP,2130235,CITY,Gonohe,True
6089,BR,3448850,CITY,Sao Joao Evangelista,True
6090,BR,6323828,CITY,Gloria d'Oeste,True
6091,JP,7465529,CITY,Kujukuri,True
6092,JP,1861949,CITY,Ichinomiya,True
6093,BR,3397647,CITY,Jandaira,True
6094,BR,3471522,CITY,Arinos,True
6095,NL,8260049,CITY,Sudwest Fryslan,True
6096,BR,6323150,CITY,Ipora do Oeste,True
6097,BR,3460225,CITY,Jaguarari,True
6098,SE,2725924,CITY,Ange,True
6099,JP,6822202,CITY,Yurihonjo,True
6100,SE,2666670,CITY,Uddevalla,True
6101,BR,3411874,CITY,Augustinopolis,True
6102,CA,5942822,CITY,Drummond,True
6103,BR,6322381,CITY,Mirandopolis,True
6104,JP,2127773,CITY,Tohoku,True
6105,BR,3446500,CITY,Tijucas,True
6106,NL,2749450,CITY,Oosterhout,True
6107,MX,4004867,CITY,Hidalgo del Parral,True
6108,JP,1862352,CITY,Hitoyoshi,True
6109,BR,3386971,CITY,Tacaimbo,True
6110,JP,2112409,CITY,Kaminoyama,True
6111,BR,6319367,CITY,Alenquer,True
6112,BR,3461341,CITY,Inacio Martins,True
6113,NL,2755476,CITY,Goes,True
6114,BR,3386496,CITY,Teresina,True
6115,PT,2742027,CITY,Bragança,True
6116,CH,8740970,CITY,Sursee,True
6117,BR,3406545,CITY,Balsas,True
6118,BR,6318240,CITY,Santa Fe de Goias,True
6119,JP,6822134,CITY,Hamura,True
6120,US,5398597,CITY,Stanislaus,True
6121,PT,2741547,CITY,Cantanhede,True
6122,BR,3444924,CITY,Vitoria,True
6123,BR,3389622,CITY,Santa Helena,True
6124,BR,6323999,CITY,Itaruma,True
6125,DE,2918364,CITY,Freyung Grafenau,True
6126,AR,3841956,CITY,Parana,True
6127,MX,4019819,CITY,Acaponeta,True
6128,BR,6323810,CITY,Campos de Julio,True
6129,BR,3466993,CITY,Caarapo,True
6130,DE,3220889,CITY,Unterallgau,True
6131,DE,6557373,CITY,Gottingen,True
6132,PT,2262912,CITY,Sintra,True
6133,BR,6318881,CITY,Verdelandia,True
6134,BR,3461733,CITY,Guiratinga,True
6135,JP,1851208,CITY,Taishi,True
6136,TR,743439,CITY,Kesan,True
6137,BR,3457406,CITY,Matos Costa,True
6138,NL,2753698,CITY,Midden Drenthe,True
6139,BR,3472344,CITY,America Dourada,True
6140,BR,3472864,CITY,Aguas Formosas,True
6141,FI,650224,CITY,Kuopio,True
6142,BR,3460569,CITY,Itaverava,True
6143,BR,6321699,CITY,Presidente Bernardes,True
6144,BR,3393452,CITY,Ouricuri,True
6145,BR,3447409,CITY,Sombrio,True
6146,CA,6085772,CITY,Nanaimo,True
6147,BR,6322697,CITY,Boa Vista da Aparecida,True
6148,MX,3526357,CITY,Juchitan de Zaragoza,True
6149,TR,304382,CITY,Midyat,True
6150,JP,7392256,CITY,Nambu,True
6151,BR,3460172,CITY,Jandaia do Sul,True
6152,IT,2523630,CITY,Reggio Calabria,True
6153,BR,3456751,CITY,Morpara,True
6154,BR,3445459,CITY,Varzea da Palma,True
6155,BR,3397763,CITY,Jacareacanga,True
6156,BR,3454578,CITY,Pedra Azul,True
6157,JP,2127955,CITY,Sunagawa,True
6158,MX,3518641,CITY,San Juan Lalana,True
6159,BR,3450486,CITY,Sangao,True
6160,BR,3446682,CITY,Taubate,True
6161,BR,3467761,CITY,Campo Florido,True
6162,BR,3405806,CITY,Belterra,True
6163,FI,9610702,CITY,Koillismaa,True
6164,BR,6317374,CITY,Jatoba,True
6165,MX,3533067,CITY,Axtla de Terrazas,True
6166,NO,3146684,CITY,Lyngdal,True
6167,BR,3387620,CITY,Simplicio Mendes,True
6168,BR,3462022,CITY,Guacui,True
6169,ES,3119840,CITY,A Coruna,True
6170,MX,3532774,CITY,Aquismon,True
6171,BR,3388714,CITY,Sao Goncalo do Amarante,True
6172,JP,2110506,CITY,Yokote,True
6173,IT,3176958,CITY,Florence,True
6174,RO,679518,CITY,Deleni,True
6175,BR,3408337,CITY,Assu,True
6176,DE,51000001,CITY,Kaiserslautern,True
6177,CA,6147962,CITY,Simcoe,True
6178,BR,3392251,CITY,Pesqueira,True
6179,NL,2750626,CITY,Montfoort,True
6180,BR,3405924,CITY,Beberibe,True
6181,BR,3450560,CITY,Salto Grande,True
6182,BR,3473008,CITY,Agua Doce,True
6183,BE,2792413,CITY,Liege,True
6184,JP,1857519,CITY,Matsumoto,True
6185,BR,3462916,CITY,Frutal,True
6186,BR,3393922,CITY,Nisia Floresta,True
6187,JP,2129427,CITY,Kuji,True
6188,BR,3459431,CITY,Juranda,True
6189,BR,3464689,CITY,Divinolandia,True
6190,TR,307657,CITY,Kirikhan,True
6191,BR,3461888,CITY,Guarapari,True
6192,IE,2961732,CITY,Roscommon,True
6193,TR,743615,CITY,Kahramankazan,True
6194,BR,6318096,CITY,Quiterianopolis,True
6195,BR,6316868,CITY,Chupinguaia,True
6196,BR,6319306,CITY,Boca do Acre,True
6197,BR,3405339,CITY,Bom Jardim,True
6198,TR,303831,CITY,Nevsehir,True
6199,AR,3861329,CITY,Avellaneda,True
6200,KZ,1520172,CITY,Petropavl,True
6201,BR,3472831,CITY,Agudo,True
6202,BR,3452478,CITY,Pradopolis,True
6203,BR,3391762,CITY,Pocinhos,True
6204,BR,8456884,CITY,Mirassol d'Oeste,True
6205,BR,6318821,CITY,Turvolandia,True
6206,BR,6317498,CITY,Luzinopolis,True
6207,BR,3453544,CITY,Pirapora do Bom Jesus,True
6208,TR,301251,CITY,Selendi,True
6209,MX,3533426,CITY,Acayucan,True
6210,EG,356989,CITY,Faqous,True
6211,PT,2742611,CITY,Aveiro,True
6212,JP,1855189,CITY,Nishio,True
6213,BR,6317029,CITY,Dom Eliseu,True
6214,JP,11611930,CITY,Kodaira,True
6215,CA,5943542,CITY,Dufferin,True
6216,BR,3445853,CITY,Ubaitaba,True
6217,AR,52000123,CITY,Patagones,True
6218,BR,6324148,CITY,Santo Antonio do Leste,True
6219,US,4076607,CITY,Mobile,True
6220,IT,3169560,CITY,Ravenna,True
6221,BR,6318732,CITY,Tailandia,True
6222,BR,3455277,CITY,Pancas,True
6223,CH,6458885,CITY,Wasseramt,True
6224,NL,2746860,CITY,Stadskanaal,True
6225,BR,50400024,CITY,Getulio Vargas,True
6226,BR,3397635,CITY,Boa Saude,True
6227,BR,3464514,CITY,Dores de Campos,True
6228,PT,2270475,CITY,Cadaval,True
6229,BR,3455170,CITY,Paracambi,True
6230,BR,3456796,CITY,Montezuma,True
6231,MX,3986984,CITY,San Francisco del Rincon,True
6232,BR,3448333,CITY,Sao Pedro do Suacui,True
6233,BR,3453078,CITY,Ponte Nova,True
6234,BR,3389134,CITY,Santo Antonio,True
6235,NL,2746839,CITY,Staphorst,True
6236,NO,3152132,CITY,Holmestrand,True
6237,BR,3459138,CITY,Lagoa Santa,True
6238,BR,3460355,CITY,Jaciara,True
6239,IT,3174953,CITY,Lecce,True
6240,CA,6052873,CITY,Les Jardins de Napierville,True
6241,BR,3407126,CITY,Aroazes,True
6242,MX,3980140,CITY,Villanueva,True
6243,JP,1863357,CITY,Hakone,True
6244,BR,6318194,CITY,Ruropolis,True
6245,BR,3399058,CITY,Garanhuns,True
6246,BR,3472437,CITY,Alto Piquiri,True
6247,BR,3467747,CITY,Campo Grande,True
6248,IE,2964540,CITY,Dundalk,True
6249,BR,6324093,CITY,Sao Patricio,True
6250,NO,6453387,CITY,Nome,True
6251,TR,313669,CITY,Gulnar,True
6252,DK,2620964,CITY,Haderslev,True
6253,MX,3526713,CITY,Ixhuatlan del Cafe,True
6254,JP,1857061,CITY,Minobu,True
6255,BR,3458662,CITY,Leme,True
6256,TR,301731,CITY,Sarigol,True
6257,MX,3521574,CITY,Pichucalco,True
6258,FI,659935,CITY,Forssa,True
6259,MX,8582222,CITY,Morelos,True
6260,JP,1854426,CITY,Okagaki,True
6261,BR,3464274,CITY,Encantado,True
6262,RO,677286,CITY,Gighera,True
6263,MX,3514916,CITY,Union Hidalgo,True
6264,DE,3220994,CITY,Hersfeld Rotenburg,True
6265,DE,2911664,CITY,Harz,True
6266,DE,2834685,CITY,Schwarzwald Baar,True
6267,BR,3447597,CITY,Sidrolandia,True
6268,NL,54020023,CITY,Gemert Bakel,True
6269,PT,2743233,CITY,Albergaria-a-Velha,True
6270,CA,77400081,CITY,Killarney Turtle Mountain,True
6271,ZA,8347380,CITY,Sekhukhune,True
6272,BR,3457133,CITY,Miracema,True
6273,JP,6822119,CITY,Katsuragi,True
6274,BR,6316630,CITY,Boqueirao do Piaui,True
6275,MX,8582608,CITY,San Felipe Usila,True
6276,JP,7507135,CITY,Wakasa,True
6277,NL,2745932,CITY,Urk,True
6278,BR,3404713,CITY,Buriti dos Lopes,True
6279,DE,6553290,CITY,Koblenz,True
6280,BR,6319762,CITY,Pedro do Rosario,True
6281,SE,2670613,CITY,Surahammar,True
6282,BR,3449427,CITY,Santos Dumont,True
6283,EG,359850,CITY,El Santa,True
6284,BR,3453457,CITY,Pitangui,True
6285,BR,3472442,CITY,Alto Paraguai,True
6286,BR,3457192,CITY,Miguelopolis,True
6287,BR,3450719,CITY,Salesopolis,True
6288,KR,1842943,CITY,Gimhae,True
6289,MX,4013716,CITY,Guerrero,True
6290,MX,4013487,CITY,Colon,True
6291,DE,2932069,CITY,Eichstatt,True
6292,NL,2747596,CITY,Schiedam,True
6293,BR,3393008,CITY,Parintins,True
6294,DE,52060020,CITY,Augsburg,True
6295,SA,54500018,CITY,Balqarn,True
6296,MX,3514148,CITY,Zacatlan,True
6297,BR,3448219,CITY,Sao Sebastiao do Passe,True
6298,CH,2659752,CITY,Martigny,True
6299,MX,3523466,CITY,Matamoros,True
6300,BR,6319906,CITY,Francinopolis,True
6301,BR,3454408,CITY,Pedregulho,True
6302,JP,11611484,CITY,Taketa,True
6303,TR,315218,CITY,Eskil,True
6304,BR,3465729,CITY,Conchas,True
6305,BR,3455051,CITY,Paranavai,True
6306,DE,2936260,CITY,Donau Ries,True
6307,BR,3390674,CITY,Remigio,True
6308,MX,4005270,CITY,Guanajuato,True
6309,BR,3407903,CITY,Almeirim,True
6310,NL,2748371,CITY,Raalte,True
6311,BR,6317308,CITY,Itabela,True
6312,NL,2749613,CITY,Ommen,True
6313,JP,1850108,CITY,Tomigusuku,True
6314,JP,7453515,CITY,Nogi,True
6315,NL,2743493,CITY,Zwijndrecht,True
6316,BR,3394253,CITY,Mulungu,True
6317,JP,1863540,CITY,Gosen,True
6318,BR,3407544,CITY,Angicos,True
6319,TR,750938,CITY,Bayburt,True
6320,SE,2725123,CITY,Arvika,True
6321,DE,3220723,CITY,Neckar Odenwald,True
6322,CA,6162656,CITY,Temiscamingue,True
6323,NL,12022123,CITY,Waadhoeke,True
6324,BR,6316476,CITY,Baianopolis,True
6325,CA,6325529,CITY,Montmagny,True
6326,PT,2265388,CITY,Ourém,True
6327,NO,3137115,CITY,Stavanger,True
6328,JP,1863440,CITY,Hachioji,True
6329,BR,3385592,CITY,Valenca do Piaui,True
6330,TR,296895,CITY,Yerkoy,True
6331,MX,3521051,CITY,Puente de Ixtla,True
6332,BR,3389707,CITY,Santa Brigida,True
6333,MX,4005545,CITY,Guachochi,True
6334,PT,2264575,CITY,Pombal,True
6335,JP,1850860,CITY,Takehara,True
6336,DE,2871198,CITY,Miesbach,True
6337,TR,315808,CITY,Elazig,True
6338,MX,8379116,CITY,Apaxco,True
6339,MX,3515438,CITY,Tlalmanalco,True
6340,DE,6547392,CITY,Saalfeld Rudolstadt,True
6341,IT,3173721,CITY,Matera,True
6342,MX,3518720,CITY,San Juan Cacahuatepec,True
6343,TR,315373,CITY,Erzincan,True
6344,ZA,8347359,CITY,Xhariep,True
6345,RO,11002072,CITY,Tarna Mare,True
6346,BR,3456117,CITY,Nova Serrana,True
6347,BR,3467956,CITY,Cambui,True
6348,CH,7285005,CITY,Lavaux Oron,True
6349,DE,6557601,CITY,Steinfurt,True
6350,BR,6321018,CITY,Ribeira do Amparo,True
6351,BR,3384986,CITY,Vitoria do Mearim,True
6352,BR,3446579,CITY,Terra Roxa,True
6353,BR,6324021,CITY,Moipora,True
6354,GB,3333196,CITY,Southampton,True
6355,SE,2662830,CITY,Vingaker,True
6356,NO,3143513,CITY,Oppdal,True
6357,RO,682287,CITY,Certeju de Sus,True
6358,BR,3453240,CITY,Pompeu,True
6359,RO,685826,CITY,Baia Mare,True
6360,BR,3461124,CITY,Ipira,True
6361,BR,3456124,CITY,Nova Resende,True
6362,CA,77400033,CITY,Red Deer,True
6363,FR,3020989,CITY,Doubs,True
6364,TR,307515,CITY,Kirsehir,True
6365,NO,6453343,CITY,Sula,True
6366,JP,2128558,CITY,Otofuke,True
6367,SE,2693347,CITY,Lycksele,True
6368,IT,3173434,CITY,Milan,True
6369,BR,3459855,CITY,Joanopolis,True
6370,MX,3980777,CITY,Uriangato,True
6371,EG,52200115,CITY,El Qantara,True
6372,MX,8583856,CITY,Uxpanapa,True
6373,BR,3459867,CITY,Joaima,True
6374,BR,3391220,CITY,Presidente Dutra,True
6375,BR,3460950,CITY,Itaborai,True
6376,BR,6322232,CITY,Estrela d'Oeste,True
6377,CA,6096658,CITY,Papineau,True
6378,MX,3980586,CITY,Valparaiso,True
6379,BR,3470639,CITY,Barra Longa,True
6380,TR,9564466,CITY,Efeler,True
6381,BR,3445014,CITY,Vinhedo,True
6382,BR,6320153,CITY,Governador Dix Sept Rosado,True
6383,DE,2930596,CITY,Emden,True
6384,MX,4018348,CITY,Arandas,True
6385,AR,52000037,CITY,San Pedro,True
6386,MX,8581836,CITY,Namiquipa,True
6387,CA,6145887,CITY,Shelburne,True
6388,BR,3465644,CITY,Conselheiro Lafaiete,True
6389,US,4145709,CITY,Alachua,True
6390,MX,8583842,CITY,Yanga,True
6391,BR,3445597,CITY,Valenca,True
6392,CA,6696634,CITY,Sunshine Coast,True
6393,AR,52000077,CITY,Magdalena,True
6394,MX,3982269,CITY,Tecalitlan,True
6395,BR,3467693,CITY,Campos dos Goytacazes,True
6396,DE,6553021,CITY,Bremer,True
6397,BR,3394156,CITY,Santa Filomena,True
6398,MX,8581885,CITY,Santa Clara,True
6399,GB,11353068,CITY,Mid Ulster,True
6400,BR,3465731,CITY,Conchal,True
6401,BR,3401340,CITY,Cupira,True
6402,BR,3461878,CITY,Guaraquecaba,True
6403,SE,2705049,CITY,Horby,True
6404,NL,2754408,CITY,Hendrik Ido Ambacht,True
6405,RO,664963,CITY,Târnăveni,True
6406,NO,3149318,CITY,Kristiansand,True
6407,BR,6316428,CITY,Araputanga,True
6408,JP,1851606,CITY,Soja,True
6409,RO,7871362,CITY,Albeștii de Argeș,True
6410,MX,8583986,CITY,Mezquital del Oro,True
6411,DE,2873758,CITY,Marburg Biedenkopf,True
6412,BR,3461578,CITY,Ibiraiaras,True
6413,MX,3532443,CITY,Balancan,True
6414,BR,6319561,CITY,Itacaja,True
6415,CH,2661338,CITY,Bulach,True
6416,BR,6321563,CITY,Mendes Pimentel,True
6417,US,4544356,CITY,Oklahoma,True
6418,BR,6320159,CITY,Itaja,True
6419,MX,8583932,CITY,Tecoh,True
6420,BR,3448632,CITY,Sao Jose dos Pinhais,True
6421,BR,3458632,CITY,Leopoldina,True
6422,BR,6317062,CITY,Engenheiro Caldas,True
6423,TR,312523,CITY,Duzici,True
6424,US,5742126,CITY,Multnomah,True
6425,BR,3461892,CITY,Guaraniacu,True
6426,BR,6317771,CITY,Nova Ubirata,True
6427,BR,3388848,CITY,Sao Felix do Piaui,True
6428,BR,6317773,CITY,Nova Uniao,True
6429,TR,318506,CITY,Cihanbeyli,True
6430,JP,1847966,CITY,Akashi,True
6431,EG,52200062,CITY,Damietta,True
6432,BR,3463743,CITY,Estrela do Indaia,True
6433,DE,3302158,CITY,Jerichower Land,True
6434,MX,3521476,CITY,Pijijiapan,True
6435,AR,3835996,CITY,Junin,True
6436,KR,8659226,CITY,Goyang,True
6437,JP,7413165,CITY,Minamiaso,True
6438,BR,6319252,CITY,Alto Paraiso,True
6439,DE,6558118,CITY,Rottweil,True
6440,BR,3402648,CITY,Carutapera,True
6441,MX,3528643,CITY,El Naranjo,True
6442,BR,3460770,CITY,Itapagipe,True
6443,NL,2748172,CITY,Ridderkerk,True
6444,TR,298485,CITY,Ula,True
6445,BR,3456073,CITY,Novo Brasil,True
6446,NO,3146470,CITY,Malvik,True
6447,BR,6319926,CITY,Joca Marques,True
6448,RO,670938,CITY,Petroşani,True
6449,BR,6318423,CITY,Sao Francisco de Itabapoana,True
6450,TR,318137,CITY,Hakkari,True
6451,AR,3833520,CITY,Tunuyan,True
6452,BR,3395058,CITY,Mauriti,True
6453,TR,317844,CITY,Cumra,True
6454,US,4776242,CITY,Norfolk City,True
6455,MX,3518679,CITY,San Juan Evangelista,True
6456,BR,3406041,CITY,Barroquinha,True
6457,GB,3333242,CITY,Conwy,True
6458,JP,1847945,CITY,Tatsuno,True
6459,BR,3404134,CITY,Caicara do Rio do Vento,True
6460,BR,6319298,CITY,Apui,True
6461,BR,3410425,CITY,Joaquim Pires,True
6462,BR,6318951,CITY,Vitoria das Missoes,True
6463,BR,3461210,CITY,Inhauma,True
6464,NO,3159955,CITY,Bronnoy,True
6465,BR,3392345,CITY,Pentecoste,True
6466,JP,2130337,CITY,Fujisaki,True
6467,TR,7732351,CITY,Sungurlu,True
6468,JP,2112197,CITY,Kiyose,True
6469,BR,6319971,CITY,Pavussu,True
6470,DE,3220808,CITY,Dingolfing Landau,True
6471,MA,2538474,CITY,Rabat,True
6472,TR,296562,CITY,Yozgat,True
6473,MX,8581980,CITY,Leonardo Bravo,True
6474,BR,3463271,CITY,Flores da Cunha,True
6475,TR,315795,CITY,Elbistan,True
6476,BR,3390903,CITY,Quixelo,True
6477,JP,1865406,CITY,Ako,True
6478,CH,6458774,CITY,Bremgarten,True
6479,CA,6062069,CITY,Lunenburg,True
6480,BR,3406923,CITY,Babaculandia,True
6481,JP,11611935,CITY,Katō,True
6482,US,5412056,CITY,Arapahoe,True
6483,TR,298088,CITY,Varto,True
6484,NL,10287303,CITY,De Fryske,True
6485,FR,2988430,CITY,Pas de Calais,True
6486,AR,3858590,CITY,El Carmen,True
6487,FR,2991879,CITY,Morbihan,True
6488,AR,52000033,CITY,Bragado,True
6489,BR,6319751,CITY,Olho d'Agua das Cunhas,True
6490,BR,6320960,CITY,Mirante,True
6491,BR,3406233,CITY,Barreira,True
6492,CH,6458818,CITY,Affoltern,True
6493,BR,6317474,CITY,Limeira do Oeste,True
6494,SE,602150,CITY,Umea,True
6495,MX,8582120,CITY,Cabo Corrientes,True
6496,BR,3407297,CITY,Arara,True
6497,BR,6317173,CITY,Franciscopolis,True
6498,NO,3153795,CITY,Baerum,True
6499,JP,11612583,CITY,Shunan,True
6500,MX,3529612,CITY,Ecatepec,True
6501,FI,52300003,CITY,Kuusiokunnat,True
6502,MX,3816721,CITY,Tonala,True
6503,BR,3467542,CITY,Candido Mota,True
6504,BR,3388955,CITY,Sao Bento do Una,True
6505,DE,6553031,CITY,Wuppertal,True
6506,JP,1851510,CITY,Suginami,True
6507,JP,1854703,CITY,Ogaki,True
6508,MX,3526683,CITY,Iztapalapa,True
6509,AE,292878,CITY,Fujairah,True
6510,DE,2922530,CITY,Garmisch Partenkirchen,True
6511,SA,10972355,CITY,Farasan,True
6512,PT,2736930,CITY,Ovar,True
6513,MX,8583921,CITY,Samahil,True
6514,FI,638936,CITY,Rovaniemi,True
6515,MX,4018762,CITY,Allende,True
6516,TR,737611,CITY,Yenisehir,True
6517,JP,1863289,CITY,Hamamatsu,True
6518,MX,8582313,CITY,Nahuatzen,True
6519,JP,1860458,CITY,Kaminokawa,True
6520,BR,3458211,CITY,Machado,True
6521,BR,6316652,CITY,Brejolandia,True
6522,BR,3458740,CITY,Ribeirao do Largo,True
6523,BR,3446847,CITY,Taquara,True
6524,CA,77400037,CITY,Cold Lake,True
6525,BR,3450036,CITY,Santana,True
6526,DE,6557513,CITY,Viersen,True
6527,MX,3527023,CITY,Huajuapan de Leon,True
6528,NL,11669500,CITY,Meierijstad,True
6529,BR,3456500,CITY,Muriae,True
6530,US,4781756,CITY,Richmond City,True
6531,BR,3471697,CITY,Araucaria,True
6532,CA,77400088,CITY,Leeds and Grenville,True
6533,MX,8582142,CITY,Huejucar,True
6534,NO,54040089,CITY,Ostre Toten,True
6535,AT,2764357,CITY,Steyr Land,True
6536,JP,6825501,CITY,Shijonawate,True
6537,BR,3467452,CITY,Canoinhas,True
6538,BR,3665098,CITY,Barcelos,True
6539,DE,6547388,CITY,Wartburg,True
6540,BR,6321840,CITY,Sao Thome das Letras,True
6541,MX,3824996,CITY,Loma Bonita,True
6542,NO,3131329,CITY,Voss,True
6543,TR,7732338,CITY,Osmangazi,True
6544,BR,3446881,CITY,Taperoa,True
6545,NO,54040043,CITY,Hol,True
6546,MX,8583333,CITY,Vanegas,True
6547,BR,3463531,CITY,Fazenda Nova,True
6548,BR,3461556,CITY,Ibitiara,True
6549,JP,1848373,CITY,Yokkaichi,True
6550,PT,2742958,CITY,Amares,True
6551,BR,3388615,CITY,Sao Joao dos Patos,True
6552,US,5000477,CITY,Macomb,True
6553,AR,3838174,CITY,Calamuchita,True
6554,DE,2937317,CITY,Diepholz,True
6555,BR,3662762,CITY,Porto Velho,True
6556,BR,3445500,CITY,Vargem Grande do Sul,True
6557,JP,1894616,CITY,Okinawa,True
6558,BR,6317844,CITY,Pai Pedro,True
6559,NO,3345453,CITY,Vestnes,True
6560,BR,3460699,CITY,Itapira,True
6561,BR,6324181,CITY,Rorainopolis,True
6562,MX,3526584,CITY,Jantetelco,True
6563,DE,6558077,CITY,Calw,True
6564,TR,315800,CITY,Elbeyli,True
6565,AR,3846915,CITY,Ledesma,True
6566,FR,3025480,CITY,Cher,True
6567,BR,3470142,CITY,Belford Roxo,True
6568,JP,2110729,CITY,Toride,True
6569,BR,3398401,CITY,Ibimirim,True
6570,DE,8648412,CITY,Ludwigslust Parchim,True
6571,MX,3532792,CITY,Apizaco,True
6572,NO,3132346,CITY,Vefsn,True
6573,US,4513583,CITY,Hamilton,True
6574,ES,3108125,CITY,Teruel,True
6575,JP,2110994,CITY,Shizukuishi,True
6576,BR,6319703,CITY,Governador Edison Lobao,True
6577,DE,52060011,CITY,Bamberg,True
6578,CH,2660108,CITY,Kreuzlingen,True
6579,BR,3457247,CITY,Mendes,True
6580,JP,92400029,CITY,Tosa-shi,True
6581,BR,3472380,CITY,Amapora,True
6582,TR,749502,CITY,Cayeli,True
6583,IT,3177699,CITY,Cuneo,True
6584,CA,5969719,CITY,Halton,True
6585,SE,2679302,CITY,Sigtuna,True
6586,BR,3458355,CITY,Luiziana,True
6587,MX,4005857,CITY,Vicente Guerrero,True
6588,JP,1861244,CITY,Iwade,True
6589,JP,7406332,CITY,Kamiita,True
6590,BR,3463246,CITY,Florestopolis,True
6591,BR,3455913,CITY,Olindina,True
6592,BR,3466429,CITY,Cerquilho,True
6593,SE,2711798,CITY,Gnesta,True
6594,BR,3388173,CITY,Sao Pedro do Piaui,True
6595,PT,2737581,CITY,Moimenta da Beira,True
6596,BR,3470858,CITY,Barbacena,True
6597,JP,1852915,CITY,Sasaguri,True
6598,JP,1863451,CITY,Omihachiman,True
6599,IT,3165523,CITY,Turin,True
6600,US,4782241,CITY,Roanoke City,True
6601,DK,2618415,CITY,Køge,True
6602,JP,1857157,CITY,Minamiminowa,True
6603,MX,3515715,CITY,Texcoco,True
6604,MX,8583756,CITY,Moloacan,True
6605,BR,3448533,CITY,Sao Marcos,True
6606,DE,2864055,CITY,Neustadt an der Waldnaab,True
6607,BR,3393768,CITY,Obidos,True
6608,NL,2747091,CITY,Smallingerland,True
6609,CH,2660338,CITY,Hinwil,True
6610,BR,3457128,CITY,Miradouro,True
6611,NO,54040040,CITY,Gol,True
6612,SE,604490,CITY,Lulea,True
6613,MX,8583974,CITY,General Francisco R  Murguia,True
6614,JP,1849519,CITY,Tsuyama,True
6615,ES,3104341,CITY,Zamora,True
6616,DE,2876927,CITY,Lippe,True
6617,MX,6955074,CITY,Angel Albino Corzo,True
6618,NO,54040103,CITY,Sunnfjord,True
6619,BR,3472276,CITY,Anchieta,True
6620,MX,8582272,CITY,Coeneo,True
6621,BR,3465767,CITY,Conceicao da Feira,True
6622,BR,3393231,CITY,Palmeirina,True
6623,BR,6321786,CITY,Sao Bento Abade,True
6624,AR,3843803,CITY,Monteros,True
6625,TR,747014,CITY,Gebze,True
6626,BR,3397909,CITY,Itapipoca,True
6627,NL,2743680,CITY,Tynaarlo,True
6628,JP,1859307,CITY,Kitakyushu,True
6629,MX,3531732,CITY,Campeche,True
6630,JP,1854747,CITY,Odawara,True
6631,BR,3445828,CITY,Ubirajara,True
6632,RO,662254,CITY,Zavoi,True
6633,BR,6319933,CITY,Lagoa do Barro do Piaui,True
6634,BR,3467849,CITY,Campinorte,True
6635,NL,54020018,CITY,Voorne aan Zee,True
6636,BR,50400009,CITY,Paulo Afonso,True
6637,CH,2657915,CITY,Zofingen,True
6638,BR,3398379,CITY,Ico,True
6639,RO,673382,CITY,Mihail Kogălniceanu,True
6640,JP,1857568,CITY,Matsubara,True
6641,MX,8583526,CITY,Zitlaltepec de Trinidad Sanchez Santos,True
6642,MX,3991219,CITY,Puruandiro,True
6643,BR,6319721,CITY,Joao Lisboa,True
6644,BR,3388812,CITY,Sao Francisco,True
6645,GB,3333247,CITY,Rhondda Cynon Taf,True
6646,BR,3407687,CITY,Anajas,True
6647,MX,3516072,CITY,Tekit,True
6648,RO,675892,CITY,Husi,True
6649,BR,3468899,CITY,Brotas,True
6650,JP,7443156,CITY,Kitaakita,True
6651,BR,3466594,CITY,Cavalcante,True
6652,BR,3398614,CITY,Guaiuba,True
6653,BR,3467272,CITY,Capim Grosso,True
6654,RO,679011,CITY,Dragalina,True
6655,RO,685476,CITY,Baneasa,True
6656,BR,3448674,CITY,Sao Jose do Alegre,True
6657,DE,3220782,CITY,Main Tauber,True
6658,PT,2264538,CITY,Ponte de Sor,True
6659,NL,2750053,CITY,Nijmegen,True
6660,TR,322692,CITY,Ayvacik,True
6661,BR,3457098,CITY,Mirante do Paranapanema,True
6662,BR,3450060,CITY,Santa Maria do Herval,True
6663,BR,6317521,CITY,Manoel Vitorino,True
6664,BR,3447212,CITY,Suzano,True
6665,JP,1926134,CITY,Imabari,True
6666,DE,2891121,CITY,Kiel,True
6667,NL,2754135,CITY,Heusden,True
6668,JP,1861095,CITY,Izumiotsu,True
6669,JP,92400089,CITY,Esashi-cho,True
6670,BR,3398381,CITY,Icatu,True
6671,AR,52000048,CITY,Coronel Suarez,True
6672,JP,1864092,CITY,Fujisawa,True
6673,TR,315378,CITY,Eruh,True
6674,BR,3470730,CITY,Barra de Sao Francisco,True
6675,JP,6691617,CITY,Ainan,True
6676,JP,1855262,CITY,Nishiki,True
6677,BR,3464374,CITY,Duque de Caxias,True
6678,JP,1853021,CITY,Samukawa,True
6679,JP,6822159,CITY,Fujimino,True
6680,BR,3461951,CITY,Guapiara,True
6681,BR,3460513,CITY,Iturama,True
6682,BR,3456998,CITY,Mogi Mirim,True
6683,RO,54440769,CITY,Râmnicu Vâlcea,True
6684,JP,1860785,CITY,Kainan,True
6685,BR,3471801,CITY,Araponga,True
6686,BR,3458481,CITY,Livramento de Nossa Senhora,True
6687,TR,746898,CITY,Geyve,True
6688,NL,2759729,CITY,Aa en Hunze,True
6689,CA,77400002,CITY,Qikiqtaaluk,True
6690,BR,3458721,CITY,Lauro Muller,True
6691,BR,6323328,CITY,Ametista do Sul,True
6692,BR,3467313,CITY,Capela do Alto Alegre,True
6693,DK,2614030,CITY,Silkeborg,True
6694,BR,6319777,CITY,Presidente Vargas,True
6695,SE,2713219,CITY,Gagnef,True
6696,NL,2743619,CITY,Zundert,True
6697,DE,6553048,CITY,Bonn,True
6698,JP,1864134,CITY,Fuji,True
6699,BR,3468897,CITY,Brotas de Macaubas,True
6700,MX,8583064,CITY,Atexcal,True
6701,JP,11777417,CITY,Uchiko,True
6702,JP,2111310,CITY,Otsuchi,True
6703,CA,5970408,CITY,Hants,True
6704,BR,3456149,CITY,Nova Laranjeiras,True
6705,MX,3517978,CITY,San Pedro Mixtepec,True
6706,DE,2953504,CITY,Baden Baden,True
6707,PT,2271841,CITY,Alter do Chão,True
6708,IT,3165200,CITY,Treviso,True
6709,MX,4017957,CITY,Autlan de Navarro,True
6710,SA,32000000267,CITY,Dawamat Al Jandal,True
6711,JP,2110586,CITY,Watari,True
6712,BR,3450661,CITY,Salinas da Margarida,True
6713,BR,3453297,CITY,Pocrane,True
6714,JP,1864105,CITY,Fujinomiya,True
6715,AT,2763266,CITY,Tulln,True
6716,BR,3388272,CITY,Sao Miguel de Taipu,True
6717,DE,2805615,CITY,Wurzburg,True
6718,BR,3462282,CITY,Gramado Xavier,True
6719,CA,5958506,CITY,Frontenac,True
6720,BR,3455020,CITY,Parauna,True
6721,BR,3451812,CITY,Raposos,True
6722,BR,3461411,CITY,Ilha Solteira,True
6723,JP,7391359,CITY,Miyaki,True
6724,NL,2751424,CITY,Losser,True
6725,AR,3832711,CITY,Los Lagos,True
6726,JP,6822179,CITY,Inzai,True
6727,TR,318668,CITY,Ceylanpinar,True
6728,TR,322051,CITY,Banaz,True
6729,US,4330160,CITY,Lafayette,True
6730,DE,6552848,CITY,Delmenhorst,True
6731,AR,52000068,CITY,Carlos Casares,True
6732,BR,6320064,CITY,General Sampaio,True
6733,JP,11612701,CITY,Asakura,True
6734,DE,6557701,CITY,Soest,True
6735,BR,3461920,CITY,Guaraciama,True
6736,MX,8583750,CITY,Medellin,True
6737,MX,3995523,CITY,Monclova,True
6738,BR,3472308,CITY,Amparo do Serra,True
6739,BR,6323866,CITY,Ribeiraozinho,True
6740,TR,305532,CITY,Kurtalan,True
6741,BR,3461503,CITY,Bonito,True
6742,DE,2842647,CITY,Saarbrucken,True
6743,BR,3448662,CITY,Sao Jose do Goiabal,True
6744,BR,3397337,CITY,Girau do Ponciano,True
6745,BR,3447399,CITY,Sorocaba,True
6746,BR,3407758,CITY,Amaraji,True
6747,BR,6319643,CITY,Apicum Acu,True
6748,JP,11611615,CITY,Mitoyo,True
6749,BD,1337205,CITY,Chuadanga,True
6750,NL,8426240,CITY,Hollands Kroon,True
6751,BR,3458735,CITY,Lassance,True
6752,JP,2128686,CITY,Oma,True
6753,BR,6321751,CITY,Santa Helena de Minas,True
6754,BR,3452233,CITY,Propria,True
6755,BR,3468376,CITY,Cachoeiro de Itapemirim,True
6756,NL,2755996,CITY,Etten Leur,True
6757,MX,3979770,CITY,Zapopan,True
6758,CA,77400042,CITY,Slave Lake,True
6759,BR,3387926,CITY,Senador Pompeu,True
6760,DK,6543949,CITY,Guldborgsund Municipality,True
6761,BR,8441148,CITY,Muquem de Sao Francisco,True
6762,US,5322745,CITY,Alameda,True
6763,BR,3398077,CITY,Ipueiras,True
6764,BR,3471816,CITY,Arandu,True
6765,BR,6318689,CITY,Sete Quedas,True
6766,JP,1861400,CITY,Ishii,True
6767,DE,6559162,CITY,Mannheim,True
6768,BR,6316719,CITY,Campestre do Maranhao,True
6769,US,4187390,CITY,Chatham,True
6770,CH,2660598,CITY,Glane,True
6771,JP,1855207,CITY,Nishinomiya,True
6772,US,4503355,CITY,Ocean,True
6773,BR,3446539,CITY,Tiete,True
6774,DE,2906676,CITY,Helmstedt,True
6775,JP,7384008,CITY,Nagashima,True
6776,DK,6543930,CITY,Mariagerfjord Municipality,True
6777,GB,3333134,CITY,Bristol,True
6778,BR,3457770,CITY,Marechal Floriano,True
6779,AR,3948970,CITY,San Lorenzo,True
6780,JP,1850472,CITY,Tawaramoto,True
6781,MX,3526957,CITY,Huehuetoca,True
6782,EG,358446,CITY,Damanhour,True
6783,BR,6319701,CITY,Godofredo Viana,True
6784,IT,3182996,CITY,Aosta,True
6785,IT,3168670,CITY,Salerno,True
6786,JP,7422816,CITY,Dazaifu,True
6787,BR,3924908,CITY,Pimenta Bueno,True
6788,DE,2892794,CITY,Karlsruhe,True
6789,PT,2740313,CITY,Covilhã,True
6790,SA,10972312,CITY,Afif,True
6791,NO,54040018,CITY,Vestby,True
6792,NL,2754659,CITY,Heerhugowaard,True
6793,NO,3156980,CITY,Kinn,True
6794,MX,8582270,CITY,Coahuayana,True
6795,JP,2130204,CITY,Hachinohe,True
6796,BR,6319566,CITY,Juarina,True
6797,NO,3162657,CITY,Asker,True
6798,MX,3526929,CITY,Hueyotlipan,True
6799,TR,738329,CITY,Uskudar,True
6800,MX,4019790,CITY,Acatlan de Juarez,True
6801,BR,3472473,CITY,Alto Araguaia,True
6802,BR,3385883,CITY,Uaua,True
6803,BR,3396496,CITY,Lajedo,True
6804,GB,2640726,CITY,Oxfordshire,True
6805,JP,6822188,CITY,Ōsaki,True
6806,SE,2726756,CITY,Alingsas,True
6807,BR,3461580,CITY,Ibiraci,True
6808,BR,3466907,CITY,Carmo da Cachoeira,True
6809,BR,3404513,CITY,Cabrobo,True
6810,BR,3471551,CITY,Arenapolis,True
6811,MX,8583995,CITY,Panuco,True
6812,TR,8632396,CITY,Karacasu,True
6813,MX,3980605,CITY,Valle de Santiago,True
6814,BR,3459156,CITY,Lagoao,True
6815,CA,77400093,CITY,La Haute Co te Nord,True
6816,BR,3457519,CITY,Mato Leitao,True
6817,NO,3133681,CITY,Tvedestrand,True
6818,NO,3153823,CITY,Harstad,True
6819,GB,52440002,CITY,Aberdeenshire,True
6820,TR,325066,CITY,Ahmetli,True
6821,BR,3446979,CITY,Tanabi,True
6822,EG,52200138,CITY,Yousef El Seddik,True
6823,RO,674972,CITY,Lazareni,True
6824,CA,6051981,CITY,Le Haut Richelieu,True
6825,JP,1865005,CITY,Ashikaga,True
6826,JP,11612330,CITY,Nankoku,True
6827,BR,3465373,CITY,Correntina,True
6828,BR,3468031,CITY,Camacari,True
6829,MX,6955078,CITY,Benemerito de las Americas,True
6830,TR,301116,CITY,Sereflikochisar,True
6831,BR,6317030,CITY,Dom Inocencio,True
6832,US,5110302,CITY,Kings,True
6833,MX,8583136,CITY,Juan N  Mendez,True
6834,NL,2759633,CITY,Assen,True
6835,KZ,94600118,CITY,Kostanay City,True
6836,EG,358824,CITY,Belqas,True
6837,DK,2616038,CITY,Næstved,True
6838,MX,3992986,CITY,Penjamo,True
6839,BR,3385922,CITY,Tuntum,True
6840,US,4735729,CITY,Taylor,True
6841,BR,3449476,CITY,Santo Augusto,True
6842,SA,32000000294,CITY,Yanbu,True
6843,BR,6316765,CITY,Candido Sales,True
6844,DE,2831403,CITY,Sommerda,True
6845,AR,3855666,CITY,Famailla,True
6846,BR,3407480,CITY,Antonina do Norte,True
6847,BR,3447589,CITY,Silvania,True
6848,FR,2989247,CITY,Orne,True
6849,DE,2899601,CITY,Holzminden,True
6850,NO,3137942,CITY,Sola,True
6851,MX,3982213,CITY,Tecoman,True
6852,BR,3449500,CITY,Santo Antonio do Monte,True
6853,IT,3174529,CITY,Lucca,True
6854,JP,1857062,CITY,Mino,True
6855,BR,6319406,CITY,Garrafao do Norte,True
6856,BR,3471395,CITY,Artur Nogueira,True
6857,BR,3448227,CITY,Sao Sebastiao do Cai,True
6858,BR,3473143,CITY,Adrianopolis,True
6859,AR,3853412,CITY,Juarez Celman,True
6860,JP,1848915,CITY,Wako,True
6861,SE,2668247,CITY,Toreboda,True
6862,NL,10287324,CITY,Nissewaard,True
6863,MX,4018404,CITY,Apaseo el Alto,True
6864,BR,6320778,CITY,Caetanos,True
6865,GB,3333233,CITY,North Lanarkshire,True
6866,BR,3393428,CITY,Ouro Branco,True
6867,BR,3407416,CITY,Apuiares,True
6868,BR,3467540,CITY,Candido Rodrigues,True
6869,JP,1847947,CITY,Shingu,True
6870,BR,3457692,CITY,Marilia,True
6871,JP,1852899,CITY,Sasebo,True
6872,BR,3448057,CITY,Sapopema,True
6873,JP,7392259,CITY,Yurihama,True
6874,BR,3448866,CITY,Sao Joao do Manhuacu,True
6875,MX,3982266,CITY,Tecate,True
6876,BR,3458645,CITY,Lencois Paulista,True
6877,IT,2523964,CITY,Oristano,True
6878,MX,8583727,CITY,Ixhuatlan del Sureste,True
6879,JP,7417712,CITY,Kawagoe,True
6880,BR,3448863,CITY,Sao Joao do Oriente,True
6881,BR,6317786,CITY,Novo Horizonte,True
6882,ZA,7668050,CITY,Cape Winelands,True
6883,BR,3469136,CITY,Botucatu,True
6884,CA,6145489,CITY,Shawinigan,True
6885,GB,11353072,CITY,Lisburn and Castlereagh,True
6886,TR,303827,CITY,Nigde,True
6887,BR,6316788,CITY,Capitao Eneas,True
6888,BR,3470339,CITY,Bataguassu,True
6889,JP,1857091,CITY,Minato,True
6890,BR,3397883,CITY,Itarema,True
6891,BR,6324147,CITY,Conquista d'Oeste,True
6892,EG,358838,CITY,Bilbeis,True
6893,AR,52000079,CITY,General Viamonte,True
6894,DE,52060013,CITY,Coburg,True
6895,BR,3462442,CITY,Getulina,True
6896,BR,3468353,CITY,Caconde,True
6897,BR,3461638,CITY,Iacu,True
6898,JP,1854618,CITY,Oguchi,True
6899,BR,6319533,CITY,Campos Lindos,True
6900,BR,3453060,CITY,Pontes e Lacerda,True
6901,TR,315468,CITY,Ergani,True
6902,JP,1861171,CITY,Iwata,True
6903,MX,3524374,CITY,Libres,True
6904,DE,2864054,CITY,Neustadt an der Weinstrasse,True
6905,NL,2759661,CITY,Arnhem,True
6906,JP,7451517,CITY,Minamisōma,True
6907,BR,3456629,CITY,Mostardas,True
6908,NO,54040090,CITY,Vestre Toten,True
6909,CA,77400120,CITY,Channel Port aux Basques,True
6910,ZA,8347351,CITY,Alfred Nzo,True
6911,BR,6321744,CITY,Santa Barbara do Leste,True
6912,BR,3462497,CITY,General Carneiro,True
6913,BR,3466261,CITY,Charqueadas,True
6914,EG,358620,CITY,Safaga,True
6915,BR,3460940,CITY,Itacare,True
6916,BR,3387786,CITY,Serra Talhada,True
6917,IE,2962745,CITY,Macroom,True
6918,DE,2841464,CITY,Sankt Wendel,True
6919,BR,3456240,CITY,Nossa Senhora da Gloria,True
6920,TR,318264,CITY,Civril,True
6921,BR,6318889,CITY,Vicentinopolis,True
6922,GB,2634258,CITY,West Sussex,True
6923,MX,3993179,CITY,Patzcuaro,True
6924,MX,8583954,CITY,Tzucacab,True
6925,JP,2112615,CITY,Inawashiro,True
6926,BR,3461291,CITY,Indiapora,True
6927,BR,3452779,CITY,Porto Feliz,True
6928,DE,6554820,CITY,Pirmasens,True
6929,BR,6324368,CITY,Santa Terezinha,True
6930,BR,3447651,CITY,Sertaozinho,True
6931,BR,3394908,CITY,Messias,True
6932,NL,2756232,CITY,Elburg,True
6933,BR,3450061,CITY,Santa Maria de Itabira,True
6934,ES,3121069,CITY,Guadalajara,True
6935,BR,3457381,CITY,Maua,True
6936,TR,749780,CITY,Canakkale,True
6937,BR,3407360,CITY,Araguacema,True
6938,BR,3452191,CITY,Putinga,True
6939,RO,685785,CITY,Bailesti,True
6940,MX,4001947,CITY,La Huerta,True
6941,BR,3465156,CITY,Cristina,True
6942,JP,1864528,CITY,Chiyoda,True
6943,TR,310641,CITY,Kaman,True
6944,BR,3402050,CITY,Cocal,True
6945,BR,3388368,CITY,Sao Luis,True
6946,TR,312531,CITY,Harran,True
6947,MX,3982548,CITY,Tacambaro,True
6948,JP,1849069,CITY,Uto,True
6949,CA,77400028,CITY,Claresholm,True
6950,MX,3522307,CITY,Orizaba,True
6951,BR,3451051,CITY,Rio Verde de Mato Grosso,True
6952,DK,2617832,CITY,Lejre,True
6953,SE,2687902,CITY,Nybro,True
6954,BR,3463939,CITY,Espinosa,True
6955,AR,3861445,CITY,Chilecito,True
6956,BR,3468157,CITY,Cajati,True
6957,MX,3515853,CITY,Tepetzintla,True
6958,BR,6323681,CITY,Tres Palmeiras,True
6959,DE,2864435,CITY,Neunkirchen,True
6960,US,5397100,CITY,Sonoma,True
6961,BR,6319277,CITY,Assis Brasil,True
6962,MA,2537405,CITY,Settat Province,True
6963,BR,3396266,CITY,Limoeiro do Norte,True
6964,JP,1863418,CITY,Hagi,True
6965,CA,5887352,CITY,Arthabaska,True
6966,BR,3456724,CITY,Morro Agudo,True
6967,PT,2265552,CITY,Nazaré,True
6968,NO,3154394,CITY,Hadsel,True
6969,MX,3516908,CITY,Santiago Yaveo,True
6970,MX,8583972,CITY,Genaro Codina,True
6971,BR,3402528,CITY,Catende,True
6972,MX,3533439,CITY,Acatlan de Perez Figueroa,True
6973,TR,318404,CITY,Cinar,True
6974,EG,350350,CITY,Rafah,True
6975,CH,11611658,CITY,Maloja,True
6976,BR,3397963,CITY,Ilha de Itamaraca,True
6977,GB,3333204,CITY,Stoke on Trent,True
6978,BR,3446870,CITY,Tapirai,True
6979,US,5426503,CITY,Jefferson,True
6980,JP,7446994,CITY,Minamisanriku,True
6981,BR,3468025,CITY,Camamu,True
6982,SA,10972344,CITY,Hail,True
6983,NL,2746412,CITY,Terschelling,True
6984,JP,1849837,CITY,Toyonaka,True
6985,TR,746666,CITY,Golcuk,True
6986,BR,3448525,CITY,Sao Martinho,True
6987,JP,7417090,CITY,Takamori,True
6988,NL,2746005,CITY,Uden,True
6989,NL,2759821,CITY,Amersfoort,True
6990,NL,12022128,CITY,Altena,True
6991,NL,2748392,CITY,Putten,True
6992,MX,8583381,CITY,Caborca,True
6993,US,4676153,CITY,Brazos,True
6994,BR,3665014,CITY,Beruri,True
6995,MX,3514994,CITY,Tuzantan,True
6996,JP,7465530,CITY,Yokoshibahikari,True
6997,BR,3460780,CITY,Itanhomi,True
6998,MX,8584003,CITY,Tepetongo,True
6999,RO,8334955,CITY,Municipiul Cluj-Napoca,True
7000,BR,3466698,CITY,Cataguases,True
7001,DE,2822100,CITY,Tirschenreuth,True
7002,CA,5885415,CITY,Annapolis,True
7003,ZA,8347373,CITY,Mopani,True
7004,BR,6319818,CITY,Sucupira do Riachao,True
7005,BR,3448450,CITY,Sao Nicolau,True
7006,BR,3446556,CITY,Teutonia,True
7007,RO,54440105,CITY,Hârsești,True
7008,BR,3925040,CITY,Jaru,True
7009,BR,3458143,CITY,Magda,True
7010,BR,6322345,CITY,Lagoinha,True
7011,RO,54440001,CITY,Alba Iulia,True
7012,GB,2655192,CITY,Scottish Borders,True
7013,JP,2130164,CITY,Hamanaka,True
7014,TR,306194,CITY,Koycegiz,True
7015,CA,77400122,CITY,Corner Brook,True
7016,TR,752288,CITY,Akyazi,True
7017,GB,2634428,CITY,Outer Hebrides,True
7018,JP,1849845,CITY,Toyokawa,True
7019,MX,3792044,CITY,Hidalgo,True
7020,KR,1839726,CITY,Asan,True
7021,BR,3452370,CITY,Pratinha,True
7022,BR,3467305,CITY,Capelinha,True
7023,JP,1848113,CITY,Yugawara,True
7024,BR,3470386,CITY,Barro Preto,True
7025,BR,3460514,CITY,Ituporanga,True
7026,MX,3514785,CITY,Venustiano Carranza,True
7027,SE,2675365,CITY,Solvesborg,True
7028,JP,7453589,CITY,Shioya,True
7029,BR,3393267,CITY,Palmacia,True
7030,BR,3465145,CITY,Crixas,True
7031,BR,6323384,CITY,Caraa,True
7032,BR,3445571,CITY,Wanderley,True
7033,BR,6323948,CITY,Colinas do Sul,True
7034,BR,3447843,CITY,Senhora de Oliveira,True
7035,DK,2613887,CITY,Skanderborg,True
7036,BR,3452324,CITY,Presidente Prudente,True
7037,MX,8581890,CITY,Tlahualilo,True
7038,DE,52060014,CITY,Hof,True
7039,JP,1851616,CITY,Soeda,True
7040,BR,6320716,CITY,Santo Amaro das Brotas,True
7041,MX,3521833,CITY,Paso del Macho,True
7042,SE,8133083,CITY,Tyreso,True
7043,BR,3398408,CITY,Ibiapina,True
7044,TR,310855,CITY,Kahta,True
7045,BR,3471849,CITY,Aracoiaba da Serra,True
7046,BR,3396277,CITY,Limoeiro,True
7047,AR,3838759,CITY,Rivadavia,True
7048,BR,3472638,CITY,Alegrete,True
7049,JP,2110959,CITY,Sukagawa,True
7050,BR,3392997,CITY,Parnamirim,True
7051,BR,3392998,CITY,Parnamirim,True
7052,BR,3459981,CITY,Jeceaba,True
7053,BR,3398868,CITY,Graca Aranha,True
7054,JP,2129464,CITY,Hiranai,True
7055,MX,3518117,CITY,San Pablo Villa de Mitla,True
7056,MX,3514008,CITY,Zongolica,True
7057,BR,3406334,CITY,Barra de Santa Rosa,True
7058,BR,3458425,CITY,Lorena,True
7059,MX,3516945,CITY,Santiago Juxtlahuaca,True
7060,TR,317851,CITY,Menderes,True
7061,DE,3214109,CITY,Ortenaukreis,True
7062,TR,9549891,CITY,Ortahisar,True
7063,FR,2975248,CITY,Seine Maritime,True
7064,BR,6324219,CITY,Nova Mutum,True
7065,BR,3463737,CITY,Estrela do Sul,True
7066,JP,11611940,CITY,Yatomi,True
7067,TR,749274,CITY,Cerkezkoy,True
7068,MX,3531798,CITY,Calimaya,True
7069,ZA,8347385,CITY,Frances Baard,True
7070,NL,2757009,CITY,Deurne,True
7071,NO,6453340,CITY,Heroy,True
7072,FI,659180,CITY,Hämeenlinna,True
7073,JP,2111831,CITY,Moriya,True
7074,BR,3452547,CITY,Potirendaba,True
7075,BR,6320634,CITY,Dois Riachos,True
7076,NO,3160881,CITY,Bodo,True
7077,EG,52200063,CITY,New Damietta,True
7078,DK,2620473,CITY,Helsingør,True
7079,GB,2647554,CITY,Hampshire,True
7080,BR,3449339,CITY,Sao Bras,True
7081,MX,3514680,CITY,Villa del Carbon,True
7082,RO,683352,CITY,Targu Bujor,True
7083,BR,3464728,CITY,Diamantina,True
7084,JP,1864514,CITY,Chofu,True
7085,MX,8582265,CITY,Ario,True
7086,DE,2843774,CITY,Rottal Inn,True
7087,DE,6553050,CITY,Leverkusen,True
7088,SE,2668365,CITY,Tomelilla,True
7089,MX,3983671,CITY,Santiago,True
7090,DE,3220970,CITY,Hochtaunus,True
7091,MX,3515938,CITY,Teopisca,True
7092,SE,2696059,CITY,Lilla Edet,True
7093,IT,3173767,CITY,Massa Carrara,True
7094,BR,3454161,CITY,Perdigao,True
7095,JP,7451523,CITY,Ono,True
7096,BR,3397903,CITY,Itapiuna,True
7097,CA,6115098,CITY,Queens,True
7098,JP,1860827,CITY,Kagoshima,True
7099,BR,3456143,CITY,Nova Luzitania,True
7100,BR,3457484,CITY,Mateus Leme,True
7101,NL,2745088,CITY,Wageningen,True
7102,BR,3449304,CITY,Sao Desiderio,True
7103,DE,3220791,CITY,Ravensburg,True
7104,BR,3402621,CITY,Casa Nova,True
7105,BR,3466062,CITY,Claudio,True
7106,BR,3471846,CITY,Aracuai,True
7107,TR,746913,CITY,Gerze,True
7108,EG,52200037,CITY,Dekhela,True
7109,MA,2527087,CITY,Tiznit Province,True
7110,BR,3386449,CITY,Tiangua,True
7111,BR,6317910,CITY,Pedra Preta,True
7112,AR,52000039,CITY,General Belgrano,True
7113,BR,3393355,CITY,Padre Marcos,True
7114,MX,8583855,CITY,Tatahuicapan,True
7115,BR,3459953,CITY,Jequeri,True
7116,BE,2791993,CITY,Luxembourg,True
7117,SE,2665018,CITY,Vara,True
7118,NO,3156455,CITY,Froland,True
7119,RO,680963,CITY,Constanța,True
7120,JP,11790394,CITY,Nerima,True
7121,NL,2759879,CITY,Almere,True
7122,DE,2923544,CITY,Furth,True
7123,TR,303642,CITY,Oguzeli,True
7124,MA,2544568,CITY,Kenitra Province,True
7125,PT,2263458,CITY,Santiago do Cacém,True
7126,JP,1860341,CITY,Kamo,True
7127,TR,9542118,CITY,Yenisehir,True
7128,JP,1854945,CITY,Noto,True
7129,BR,3451448,CITY,Riacho de Santana,True
7130,AE,51020003,CITY,Sector 3,True
7131,BR,3407682,CITY,Anajatuba,True
7132,SE,2664996,CITY,Varberg,True
7133,BR,3451907,CITY,Quixabeira,True
7134,BR,3390907,CITY,Quixada,True
7135,NO,3149533,CITY,Kongsvinger,True
7136,US,4218744,CITY,Richmond,True
7137,BR,6321497,CITY,Joanesia,True
7138,CA,77400056,CITY,Maple Creek,True
7139,CA,6173572,CITY,Vaudreuil Soulanges,True
7140,BR,3397983,CITY,Itaiba,True
7141,BR,3453594,CITY,Pirangi,True
7142,BR,6322891,CITY,Nova Olimpia,True
7143,NL,2758759,CITY,Boekel,True
7144,US,5332191,CITY,Butte,True
7145,BR,3385118,CITY,Vicencia,True
7146,MA,6547287,CITY,Berkane,True
7147,MX,3515956,CITY,Tenosique,True
7148,BR,6318717,CITY,Souto Soares,True
7149,EG,347236,CITY,Toukh,True
7150,BR,6318405,CITY,Sao Domingos,True
7151,MX,8583240,CITY,Vicente Guerrero,True
7152,MX,3530778,CITY,Chocaman,True
7153,JP,2112996,CITY,Choshi,True
7154,BR,3403200,CITY,Capela,True
7155,BR,3457126,CITY,Mira Estrela,True
7156,NL,2745154,CITY,Vught,True
7157,BR,3459919,CITY,Jeriquara,True
7158,BR,3449340,CITY,Sao Borja,True
7159,BR,6318819,CITY,Turvelandia,True
7160,BR,3449112,CITY,Sao Francisco do Sul,True
7161,MX,8583001,CITY,Santos Reyes Nopala,True
7162,NL,2749626,CITY,Olst Wijhe,True
7163,TR,752850,CITY,Adapazari,True
7164,TR,743952,CITY,Kars,True
7165,KZ,94600073,CITY,Pavlodar City,True
7166,BR,6322181,CITY,Capao Bonito,True
7167,GB,2651292,CITY,Devon,True
7168,BR,3392311,CITY,Pereiro,True
7169,BR,3448403,CITY,Sao Pedro,True
7170,RO,685346,CITY,Barcea,True
7171,JP,92400100,CITY,Yuubetsu-cho,True
7172,RO,672331,CITY,Nehoiu,True
7173,SE,2687700,CITY,Nykoping,True
7174,JP,7392258,CITY,Yazu,True
7175,DK,2621927,CITY,Frederikshavn,True
7176,US,5383537,CITY,Placer,True
7177,CA,77400101,CITY,Marguerite D'Youville,True
7178,BR,6320992,CITY,Pedro Alexandre,True
7179,BR,3457598,CITY,Martinho Campos,True
7180,BR,3462087,CITY,Gravatal,True
7181,AR,52000035,CITY,Coronel Rosales,True
7182,BR,3456944,CITY,Mongagua,True
7183,MX,8581818,CITY,Delicias,True
7184,BR,6323733,CITY,Brasilandia,True
7185,JP,7464138,CITY,Miyashiro,True
7186,BR,6319837,CITY,Alegrete do Piaui,True
7187,BR,3460963,CITY,Itaberai,True
7188,CA,77400039,CITY,Hinton,True
7189,MX,8582324,CITY,Penjamillo,True
7190,BR,3457817,CITY,Marau,True
7191,PL,3099434,CITY,Gdansk,True
7192,BR,3451211,CITY,Rio das Antas,True
7193,BR,3467801,CITY,Campo Alegre de Goias,True
7194,JP,1853163,CITY,Sakaki,True
7195,BR,3472441,CITY,Alto Paraiso de Goias,True
7196,BR,6320991,CITY,Pedrao,True
7197,DE,3220991,CITY,Lahn Dill,True
7198,CA,6052785,CITY,Les Collines de l'Outaouais,True
7199,RO,667873,CITY,Satu Mare,True
7200,CA,6050631,CITY,La Vallee du Richelieu,True
7201,AR,52000026,CITY,Pergamino,True
7202,BR,3731286,CITY,Bujari,True
7203,BR,3404924,CITY,Brejinho,True
7204,CA,5992377,CITY,Kings,True
7205,US,4776037,CITY,Newport News City,True
7206,JP,1848595,CITY,Yamato,True
7207,BR,3458343,CITY,Luminarias,True
7208,TR,740570,CITY,Pinarhisar,True
7209,NO,54040019,CITY,Nordre Follo,True
7210,BR,3460908,CITY,Itaete,True
7211,BR,3472552,CITY,Almas,True
7212,JP,1858794,CITY,Konosu,True
7213,JP,1865401,CITY,Akune,True
7214,BR,3467684,CITY,Campos do Jordao,True
7215,BR,3466196,CITY,Chopinzinho,True
7216,BR,3465233,CITY,Coxilha,True
7217,BR,3460895,CITY,Itaguara,True
7218,JP,1853574,CITY,Otsu,True
7219,TR,299545,CITY,Tavsanli,True
7220,PL,54240034,CITY,Poznan,True
7221,BR,6317868,CITY,Paranaiguara,True
7222,BR,3449072,CITY,Sao Goncalo,True
7223,IT,3174050,CITY,Mantua,True
7224,BR,3390420,CITY,Riacho dos Cavalos,True
7225,MA,2548849,CITY,Figuig,True
7226,BD,1337391,CITY,Manikganj,True
7227,BR,3397675,CITY,Jaguaribe,True
7228,DE,6548487,CITY,Chemnitz,True
7229,BR,3389673,CITY,Santa Cruz,True
7230,MX,3526670,CITY,Ixtlahuaca,True
7231,BR,3393001,CITY,Parnaiba,True
7232,BR,3467865,CITY,Campinas,True
7233,BR,3469598,CITY,Bocaiuva do Sul,True
7234,AT,2776951,CITY,Hallein,True
7235,BR,3471448,CITY,Arraias,True
7236,RO,679065,CITY,Dorohoi,True
7237,CA,77400115,CITY,La Nouvelle Beauce,True
7238,JP,7413972,CITY,Mimata,True
7239,MX,8581985,CITY,Olinala,True
7240,CA,5886246,CITY,Antoine Labelle,True
7241,BR,3466931,CITY,Carlos Chagas,True
7242,MX,4018761,CITY,Allende,True
7243,MX,3988086,CITY,Saltillo,True
7244,CA,77400098,CITY,Francheville,True
7245,BR,3471824,CITY,Arambare,True
7246,MX,3521628,CITY,Perote,True
7247,BR,6318530,CITY,Sao Ludgero,True
7248,AR,3855106,CITY,General Jose de San Martin,True
7249,JP,6822140,CITY,Kahoku,True
7250,EG,350203,CITY,Rosetta,True
7251,EG,355795,CITY,Helwan,True
7252,MX,8583279,CITY,Toliman,True
7253,MX,3986088,CITY,San Jose Iturbide,True
7254,MX,8583631,CITY,Viesca,True
7255,JP,1862415,CITY,Hiroshima,True
7256,BR,3449344,CITY,Sao Bernardo do Campo,True
7257,BR,3470744,CITY,Barra da Estiva,True
7258,IE,2962290,CITY,Kildare-Newbridge,True
7259,NL,6544226,CITY,Leudal,True
7260,BR,3458136,CITY,Maiquinique,True
7261,BR,3450846,CITY,Rubiacea,True
7262,RO,673055,CITY,Mitoc,True
7263,BR,3391408,CITY,Porto,True
7264,BR,3467760,CITY,Campo Formoso,True
7265,BR,3462975,CITY,Francisco Sa,True
7266,JP,6822175,CITY,Shimotsuke,True
7267,BR,3396118,CITY,Luis Domingues,True
7268,BR,3464586,CITY,Dois Lajeados,True
7269,MX,4001956,CITY,La Huacana,True
7270,BR,3468195,CITY,Cairu,True
7271,BD,1337214,CITY,Jhalokati,True
7272,JP,7451516,CITY,Minamiaizu,True
7273,BR,6320239,CITY,Serra do Mel,True
7274,DE,2955272,CITY,Aschaffenburg,True
7275,BR,3470162,CITY,Bela Vista do Paraiso,True
7276,MX,3533117,CITY,Akil,True
7277,BR,3447556,CITY,Simonesia,True
7278,BR,3470920,CITY,Bandeira,True
7279,BR,3445972,CITY,Tucunduva,True
7280,BR,3454825,CITY,Patis,True
7281,BR,3388238,CITY,Sao Paulo do Potengi,True
7282,MX,3995652,CITY,Mocorito,True
7283,JP,1857712,CITY,Makurazaki,True
7284,US,4182755,CITY,Bibb,True
7285,BR,50400020,CITY,Camboriu,True
7286,BR,3393409,CITY,Pacajus,True
7287,MX,8583174,CITY,San Jose Miahuatlan,True
7288,JP,1859908,CITY,Kashiwazaki,True
7289,JP,2111325,CITY,Otawara,True
7290,MX,4012406,CITY,Cuauhtemoc,True
7291,BR,3461311,CITY,Indaiatuba,True
7292,IT,3165803,CITY,Teramo,True
7293,MX,8582079,CITY,Tenango de Doria,True
7294,MX,3516926,CITY,Pinotepa Nacional,True
7295,RO,680897,CITY,Corabia,True
7296,BR,3459411,CITY,Juruaia,True
7297,BR,3388341,CITY,Sao Luis do Quitunde,True
7298,JP,6822196,CITY,Omaezaki,True
7299,BR,6316682,CITY,Cachoeira de Pajeu,True
7300,MA,6547296,CITY,El-Hajeb,True
7301,BR,3469661,CITY,Boa Vista do Burica,True
7302,CH,8260133,CITY,Emmental,True
7303,FR,3007866,CITY,Landes,True
7304,BR,3393758,CITY,Oiapoque,True
7305,PT,2742965,CITY,Amarante,True
7306,BR,3448558,CITY,Sao Luis de Montes Belos,True
7307,BR,3461958,CITY,Guanhaes,True
7308,NO,54040058,CITY,Ringsaker,True
7309,BR,3463258,CITY,Floresta,True
7310,BR,3394238,CITY,Mulungu,True
7311,AR,3435352,CITY,Colon,True
7312,JP,1854691,CITY,Ogano,True
7313,TR,751077,CITY,Bandirma,True
7314,DE,6554817,CITY,Ludwigshafen,True
7315,BR,3389819,CITY,Salitre,True
7316,MX,4004688,CITY,Huanimaro,True
7317,JP,1849911,CITY,Toshima,True
7318,MX,4005492,CITY,Guadalupe,True
7319,JP,1855066,CITY,Nogata,True
7320,BR,3467026,CITY,Carandai,True
7321,CH,7285004,CITY,Jura Nord vaudois,True
7322,CH,11611652,CITY,Imboden,True
7323,BR,3464574,CITY,Dom Basilio,True
7324,CA,77400119,CITY,Marystown,True
7325,IT,3176884,CITY,Foggia,True
7326,BR,3400804,CITY,Escada,True
7327,BR,3393427,CITY,Ouro Branco,True
7328,BR,3460834,CITY,Itajuba,True
7329,NL,2751537,CITY,Lochem,True
7330,PT,2265223,CITY,Palmela,True
7331,CA,5939236,CITY,Digby,True
7332,SE,2698767,CITY,Kumla,True
7333,GB,2657311,CITY,Anglesey,True
7334,BR,3448184,CITY,Sao Tiago,True
7335,BR,3466315,CITY,Chapada,True
7336,BR,3452477,CITY,Prados,True
7337,MX,4014409,CITY,Cheran,True
7338,BR,3398691,CITY,Gravata,True
7339,BR,3406954,CITY,Aurora,True
7340,BR,3402655,CITY,Caruaru,True
7341,BR,3395395,CITY,Marechal Deodoro,True
7342,BR,3468453,CITY,Cachoeira Alta,True
7343,BR,3464255,CITY,Encruzilhada do Sul,True
7344,TR,304782,CITY,Marmaris,True
7345,RO,678208,CITY,Finis,True
7346,BR,3464694,CITY,Divino,True
7347,BR,3456146,CITY,Nova Londrina,True
7348,US,4462716,CITY,Cumberland,True
7349,EG,52200047,CITY,Port Fuad,True
7350,BR,3469447,CITY,Bom Jesus,True
7351,SA,105343,CITY,Jeddah,True
7352,TR,309653,CITY,Karakopru,True
7353,RO,685927,CITY,Baciu,True
7354,NO,3163294,CITY,Alstahaug,True
7355,JP,1852849,CITY,Satte,True
7356,SE,2673875,CITY,Stenungsund,True
7357,JP,1851125,CITY,Takaishi,True
7358,BR,6323739,CITY,Chapadao do Sul,True
7359,US,4069696,CITY,Jefferson,True
7360,DE,6557591,CITY,Recklinghausen,True
7361,JP,6822208,CITY,Kitanagoya,True
7362,GB,2634219,CITY,West Yorkshire,True
7363,TR,9549311,CITY,Findikli,True
7364,BR,3397875,CITY,Itatuba,True
7365,JP,2111749,CITY,Naka,True
7366,BR,3455141,CITY,Paraiba do Sul,True
7367,BR,6318895,CITY,Alto Paraiso,True
7368,MX,4013714,CITY,Guzman,True
7369,JP,6822120,CITY,Kashiba,True
7370,BR,3386513,CITY,Tenente Ananias,True
7371,BR,6319888,CITY,Colonia do Piaui,True
7372,JP,7451509,CITY,Hanawa,True
7373,TR,311111,CITY,Iskenderun,True
7374,JP,7407445,CITY,Fukuchi,True
7375,BR,3403775,CITY,Camalau,True
7376,MX,3522484,CITY,Ocosingo,True
7377,GB,2648402,CITY,Gloucestershire,True
7378,BR,3463605,CITY,Farroupilha,True
7379,BR,3456593,CITY,Mucuri,True
7380,BR,3470117,CITY,Belo Oriente,True
7381,BR,3447690,CITY,Serrinha,True
7382,MX,8581934,CITY,Tierra Blanca,True
7383,BR,3461935,CITY,Guara,True
7384,JP,1860107,CITY,Kanra,True
7385,EG,52200217,CITY,Aswan,True
7386,BR,3406961,CITY,Augusto Correa,True
7387,PT,2739723,CITY,Santa Maria da Feira,True
7388,TR,301353,CITY,Sefaatli,True
7389,BR,3452256,CITY,Primeiro de Maio,True
7390,TR,300822,CITY,Siirt,True
7391,SE,2699282,CITY,Kristinehamn,True
7392,BR,3403146,CITY,Capistrano,True
7393,TR,311314,CITY,Incirliova,True
7394,JP,2130567,CITY,Betsukai,True
7395,MX,4019260,CITY,Agua Prieta,True
7396,JP,7417083,CITY,Tateshina,True
7397,MX,3522186,CITY,Pajapan,True
7398,AR,3433959,CITY,Federacion,True
7399,BR,3467676,CITY,Campos Novos Paulista,True
7400,BR,3465467,CITY,Coronel Murta,True
7401,BR,3453498,CITY,Piripa,True
7402,BR,3391908,CITY,Piripiri,True
7403,JP,2112455,CITY,Kakuda,True
7404,BR,3386693,CITY,Taperoa,True
7405,JP,10979195,CITY,Matsubushi,True
7406,NL,2749683,CITY,Oirschot,True
7407,GB,2633484,CITY,Wrexham,True
7408,TR,751335,CITY,Bafra,True
7409,TR,323716,CITY,Yuregir,True
7410,BR,3447658,CITY,Sertanopolis,True
7411,TR,296791,CITY,Yesilyurt,True
7412,BR,3402724,CITY,Carolina,True
7413,JP,1852481,CITY,Shima,True
7414,BR,3392887,CITY,Patos,True
7415,BR,3468445,CITY,Cachoeira de Minas,True
7416,BR,3452599,CITY,Posse,True
7417,TR,746643,CITY,Gole,True
7418,MX,8581965,CITY,Cuautepec,True
7419,SE,2664939,CITY,Vargarda,True
7420,BR,3457825,CITY,Marapoama,True
7421,MX,3981467,CITY,Tlajomulco de Zuniga,True
7422,JP,2112467,CITY,Kahoku,True
7423,BR,6318888,CITY,Vicentina,True
7424,BD,1337155,CITY,Dinajpur,True
7425,NO,3163392,CITY,Alesund,True
7426,SE,9114206,CITY,Are,True
7427,MX,3530139,CITY,Coyoacan,True
7428,BR,6319014,CITY,Santa Luzia do Parua,True
7429,CA,6324729,CITY,Halifax,True
7430,MX,3983312,CITY,Saucillo,True
7431,BR,3397577,CITY,Jardim,True
7432,AR,3861945,CITY,Chacabuco,True
7433,BR,3456630,CITY,Mossamedes,True
7434,BR,3408221,CITY,Agua Branca,True
7435,JP,11612481,CITY,Shiso,True
7436,BR,3466688,CITY,Catanduvas,True
7437,JP,1859765,CITY,Katsuyama,True
7438,NL,2749286,CITY,Opmeer,True
7439,TR,305681,CITY,Kumluca,True
7440,EG,52200053,CITY,El Manasra,True
7441,BR,6320127,CITY,Bento Fernandes,True
7442,PT,2262744,CITY,Tavira,True
7443,MX,3980186,CITY,Villa de Reyes,True
7444,CH,2661374,CITY,Brugg,True
7445,BR,3449123,CITY,Sao Francisco de Goias,True
7446,BR,3466430,CITY,Cerqueira Cesar,True
7447,MX,4003582,CITY,Ascension,True
7448,BR,6317304,CITY,Irineopolis,True
7449,DE,2944796,CITY,Breisgau Hochschwarzwald,True
7450,SE,2707952,CITY,Haninge,True
7451,JP,1848004,CITY,Zama,True
7452,BR,3397897,CITY,Itapororoca,True
7453,MX,8582181,CITY,Santa Maria de los Angeles,True
7454,CA,5917147,CITY,Carleton,True
7455,BR,3456383,CITY,Natercia,True
7456,DE,3249091,CITY,Uckermark,True
7457,BR,6320890,CITY,Itaguacu da Bahia,True
7458,NO,54040109,CITY,Senja,True
7459,JP,11611617,CITY,Kunitachi,True
7460,SE,2693301,CITY,Lysekil,True
7461,CH,8260139,CITY,Interlaken Oberhasli,True
7462,BR,6319636,CITY,Altamira do Maranhao,True
7463,BR,3407871,CITY,Altinho,True
7464,MX,3530599,CITY,Carmen,True
7465,AR,3838233,CITY,Capital,True
7466,BR,3388760,CITY,Sao Geraldo do Araguaia,True
7467,FR,3013767,CITY,Haute Garonne,True
7468,BR,6319860,CITY,Bonfim do Piaui,True
7469,BR,3400700,CITY,Espirito Santo,True
7470,TR,7910998,CITY,Arakli,True
7471,BR,6316378,CITY,Alvorada d'Oeste,True
7472,DE,6547391,CITY,Ilm,True
7473,CA,77400074,CITY,Peguis First Nation,True
7474,NO,3140321,CITY,Sandnes,True
7475,BR,3402721,CITY,Carpina,True
7476,RO,677463,CITY,Oneşti,True
7477,CA,77400082,CITY,Manitou,True
7478,BR,3445451,CITY,Varzea Grande,True
7479,MX,3523616,CITY,Manlio Fabio Altamirano,True
7480,BR,3450055,CITY,Santa Maria Madalena,True
7481,BR,3452734,CITY,Porto Lucena,True
7482,JP,92400030,CITY,Shimanto-shi,True
7483,BR,3405314,CITY,Bom Jesus,True
7484,BR,3407755,CITY,Amarante do Maranhao,True
7485,BR,6316487,CITY,Balneario Gaivota,True
7486,TR,741160,CITY,Oltu,True
7487,BR,3456187,CITY,Nova Canaa,True
7488,TR,741878,CITY,Lapseki,True
7489,US,4916845,CITY,Winnebago,True
7490,MX,8582300,CITY,Jacona,True
7491,IE,52900042,CITY,Wexford,True
7492,ZA,8347358,CITY,OR Tambo,True
7493,TR,746983,CITY,Gelibolu,True
7494,BR,3465339,CITY,Corumba de Goias,True
7495,NO,54040008,CITY,Kongsberg,True
7496,JP,1861207,CITY,Iwakura,True
7497,JP,7451512,CITY,Ishikawa,True
7498,AR,52000061,CITY,Bolivar,True
7499,BR,3458185,CITY,Macuco,True
7500,BR,3446406,CITY,Tiros,True
7501,JP,11611943,CITY,Ebino,True
7502,DE,6557459,CITY,Aurich,True
7503,SE,2666199,CITY,Uppsala,True
7504,BR,3469311,CITY,Bonfinopolis,True
7505,JP,1856703,CITY,Miyazu,True
7506,BR,6316312,CITY,Agua Azul do Norte,True
7507,TR,738541,CITY,Tuzluca,True
7508,JP,1853223,CITY,Saito,True
7509,JP,2128604,CITY,Oshamambe,True
7510,JP,1851032,CITY,Takaoka,True
7511,BR,3461642,CITY,Iacanga,True
7512,BR,3736808,CITY,Iranduba,True
7513,MX,8583143,CITY,Canada Morelos,True
7514,NL,12022127,CITY,West Betuwe,True
7515,NL,2748413,CITY,Purmerend,True
7516,BR,6321833,CITY,Sao Sebastiao do Maranhao,True
7517,BR,6322832,CITY,Jesuitas,True
7518,BR,3455155,CITY,Paraguacu,True
7519,BR,6318712,CITY,Sooretama,True
7520,BR,3466975,CITY,Carbonita,True
7521,BR,6324274,CITY,Nova Mamore,True
7522,BR,3469095,CITY,Braga,True
7523,AR,3844459,CITY,General Lopez,True
7524,EG,353223,CITY,Sadat,True
7525,MX,3983216,CITY,Sayula,True
7526,BR,3472766,CITY,Alagoinhas,True
7527,TR,310907,CITY,Kadinhani,True
7528,EG,52200107,CITY,Itay El Barud,True
7529,JP,1858729,CITY,Koshigaya,True
7530,JP,2127802,CITY,Tobetsu,True
7531,CA,77400012,CITY,Thompson Nicola,True
7532,PT,2737437,CITY,Montemor-o-Velho,True
7533,MX,3526858,CITY,Huixquilucan,True
7534,BR,3456559,CITY,Mundo Novo,True
7535,BR,3445855,CITY,Ubai,True
7536,DE,6557317,CITY,Neuwied,True
7537,JP,1857766,CITY,Maizuru,True
7538,NL,2754618,CITY,Heeze Leende,True
7539,BR,3452380,CITY,Pratapolis,True
7540,US,5368381,CITY,Los Angeles,True
7541,BR,3455065,CITY,Paranaiba,True
7542,TR,316411,CITY,Dogubayazit,True
7543,TR,8521534,CITY,Sancaktepe,True
7544,BR,3386177,CITY,Trairi,True
7545,MX,4013669,CITY,Coalcoman de Vazquez Pallares,True
7546,GB,2634343,CITY,West Midlands,True
7547,JP,10987897,CITY,Adachi,True
7548,TR,306112,CITY,Kozan,True
7549,BR,3457360,CITY,Medeiros Neto,True
7550,NL,2745912,CITY,Utrecht,True
7551,RO,686254,CITY,Arad,True
7552,BR,3446660,CITY,Teixeiras,True
7553,BR,6317075,CITY,Epitaciolandia,True
7554,NL,2754681,CITY,Heerde,True
7555,MX,3526682,CITY,Ixtapaluca,True
7556,JP,1853944,CITY,Ora,True
7557,TR,321733,CITY,Bayramic,True
7558,AR,3429422,CITY,Saavedra,True
7559,DE,2842111,CITY,Altmarkkreis Salzwedel,True
7560,BR,3445153,CITY,Viana,True
7561,PT,2267057,CITY,Lisbon,True
7562,JP,1848016,CITY,Yuza,True
7563,BR,3394755,CITY,Missao Velha,True
7564,DE,3247463,CITY,Rhein Hunsruck,True
7565,GB,2633560,CITY,Worcestershire,True
7566,BR,3392167,CITY,Picos,True
7567,TR,9552840,CITY,Cukurova,True
7568,BR,3461194,CITY,Inhumas,True
7569,MX,8583718,CITY,Hueyapan de Ocampo,True
7570,BR,6317988,CITY,Planaltino,True
7571,TR,749075,CITY,Cinarcik,True
7572,BR,3404740,CITY,Buriti,True
7573,NL,2759844,CITY,Ameland,True
7574,CA,77400013,CITY,Central Okanagan,True
7575,BR,3465713,CITY,Conde,True
7576,JP,7413152,CITY,Uki,True
7577,BR,3460441,CITY,Jaboticabal,True
7578,BR,3447785,CITY,Seropedica,True
7579,MX,4013728,CITY,Acuna,True
7580,TR,745530,CITY,Hopa,True
7581,BR,3390288,CITY,Rio Largo,True
7582,CA,6159368,CITY,Sunbury,True
7583,BR,6324160,CITY,Campo Limpo de Goias,True
7584,BR,3465616,CITY,Contenda,True
7585,CA,6112608,CITY,Powell River,True
7586,BR,3398269,CITY,Imperatriz,True
7587,BR,6319743,CITY,Mirador,True
7588,DE,2924894,CITY,Freudenstadt,True
7589,MX,8583980,CITY,Jerez,True
7590,BR,6320043,CITY,Aratuba,True
7591,BR,3925212,CITY,Cacoal,True
7592,BR,3460892,CITY,Itaguaru,True
7593,BR,3456196,CITY,Nova Aurora,True
7594,MX,3530569,CITY,Coacalco,True
7595,EG,358245,CITY,Dahab,True
7596,JP,1856434,CITY,Murakami,True
7597,BR,6316372,CITY,Aluminio,True
7598,JP,2111692,CITY,Nanyō,True
7599,SE,2696804,CITY,Laxa,True
7600,DE,2826099,CITY,Straubing,True
7601,NL,2749812,CITY,Noordwijk,True
7602,RO,678459,CITY,Falticeni,True
7603,BR,3460752,CITY,Itapecerica,True
7604,BR,6323293,CITY,Timbe do Sul,True
7605,MX,8583391,CITY,Fronteras,True
7606,JP,6822123,CITY,Nanto,True
7607,BR,6317286,CITY,Indiara,True
7608,MX,8379128,CITY,Atizapan de Zaragoza,True
7609,MX,8583570,CITY,Atoyac,True
7610,US,5465283,CITY,Dona Ana,True
7611,AR,3842662,CITY,Tercero Arriba,True
7612,BR,6320977,CITY,Nova Redencao,True
7613,BR,3387305,CITY,Sobradinho,True
7614,MX,8581972,CITY,General Heliodoro Castillo,True
7615,MX,8581859,CITY,Cuencame,True
7616,JP,2112141,CITY,Koriyama,True
7617,BR,3461943,CITY,Guapo,True
7618,BR,3478366,CITY,Pranchita,True
7619,IT,3176745,CITY,Forli Cesena,True
7620,DE,2956656,CITY,Amberg,True
7621,BR,6319185,CITY,Salvador do Sul,True
7622,BR,3461571,CITY,Ibirapua,True
7623,TR,300075,CITY,Suruc,True
7624,JP,11612557,CITY,Kyōtango,True
7625,BR,3450594,CITY,Salto,True
7626,BR,3399527,CITY,Flores do Piaui,True
7627,TR,306474,CITY,Korkuteli,True
7628,SE,602913,CITY,Skelleftea,True
7629,DE,6549746,CITY,Erfurt,True
7630,JP,1865103,CITY,Arita,True
7631,BR,3466436,CITY,Ceres,True
7632,BR,3456159,CITY,Nova Independencia,True
7633,JP,7383993,CITY,Minamikyūshū,True
7634,CA,5959974,CITY,Gatineau,True
7635,SE,2666493,CITY,Ulricehamn,True
7636,TR,749163,CITY,Ciftlikkoy,True
7637,BR,3462284,CITY,Gramado,True
7638,MX,3995050,CITY,Nava,True
7639,MX,8583713,CITY,Filomeno Mata,True
7640,BR,3470390,CITY,Barrocas,True
7641,MX,3523791,CITY,Macuspana,True
7642,JP,2110837,CITY,Tanagura,True
7643,BR,3397800,CITY,Jacarau,True
7644,MX,3526617,CITY,Xalapa,True
7645,RO,680332,CITY,Craiova,True
7646,BR,3444848,CITY,Xanxere,True
7647,BR,3461064,CITY,Ipumirim,True
7648,BR,3393091,CITY,Paraipaba,True
7649,DK,2623665,CITY,Bornholm,True
7650,PT,2742032,CITY,Braga,True
7651,BR,3392942,CITY,Passagem Franca,True
7652,BR,3397386,CITY,Jerico,True
7653,ES,3109716,CITY,Cantabria,True
7654,BR,3445418,CITY,Vazante,True
7655,IT,2524818,CITY,Enna,True
7656,EG,351433,CITY,Nag Hammadi,True
7657,KR,1838343,CITY,Pyeongtaek,True
7658,TR,750637,CITY,Beypazari,True
7659,JP,7418817,CITY,Shin-Kamigotō,True
7660,JP,92400099,CITY,Saroma-cho,True
7661,BR,6319063,CITY,Sao Jose do Bonfim,True
7662,RO,667227,CITY,Sighetu Marmaţiei,True
7663,PT,2268252,CITY,Ferreira do Alentejo,True
7664,SE,2716281,CITY,Emmaboda,True
7665,IT,2524907,CITY,Cosenza,True
7666,NL,2757220,CITY,Den Helder,True
7667,BR,3454131,CITY,Pereira Barreto,True
7668,BR,3472520,CITY,Almenara,True
7669,NO,54040029,CITY,Lillestrom,True
7670,DE,6550961,CITY,Nordhausen,True
7671,JP,6822210,CITY,Toyoake,True
7672,BR,3397680,CITY,Jaguaretama,True
7673,BR,3457862,CITY,Maracai,True
7674,BR,6319238,CITY,Ji Parana,True
7675,JP,1850617,CITY,Taragi,True
7676,BR,3456863,CITY,Monte Azul Paulista,True
7677,DE,2805762,CITY,Wunsiedel,True
7678,TR,300058,CITY,Susurluk,True
7679,JP,1849814,CITY,Toyota,True
7680,SE,2693678,CITY,Lund,True
7681,MX,8583641,CITY,Frontera Comalapa,True
7682,PT,2269594,CITY,Cascais,True
7683,NO,6951004,CITY,Stjordal,True
7684,BR,3452608,CITY,Porto Xavier,True
7685,AT,2761524,CITY,Wels,True
7686,PT,2264508,CITY,Portalegre,True
7687,JP,11468431,CITY,Matsusaka,True
7688,BR,3445630,CITY,Vacaria,True
7689,CH,6458754,CITY,Broye,True
7690,BR,3387242,CITY,Solonopole,True
7691,BR,3455580,CITY,Padre Bernardo,True
7692,FI,9610655,CITY,Joutsa,True
7693,NL,2757991,CITY,Castricum,True
7694,MX,3532561,CITY,Atzalan,True
7695,BR,3457001,CITY,Mogi das Cruzes,True
7696,JP,1860626,CITY,Kameyama,True
7697,BR,3461045,CITY,Irajuba,True
7698,FR,3036420,CITY,Aube,True
7699,JP,1862599,CITY,Hino,True
7700,BR,3469983,CITY,Biritinga,True
7701,MX,3529911,CITY,Cuitlahuac,True
7702,IT,3180990,CITY,Campobasso,True
7703,TR,9565016,CITY,Palandoken,True
7704,JP,7452680,CITY,Hitachiomiya,True
7705,KZ,1516905,CITY,Taraz,True
7706,BR,3390138,CITY,Saboeiro,True
7707,BR,3453535,CITY,Piraquara,True
7708,BR,3449195,CITY,Sao Fidelis,True
7709,NL,2754454,CITY,Hellevoetsluis,True
7710,BR,3402340,CITY,Cedro,True
7711,AR,3429594,CITY,General Obligado,True
7712,MX,3514868,CITY,Valle Hermoso,True
7713,JP,2111559,CITY,Obanazawa,True
7714,DE,6557528,CITY,Duren,True
7715,BR,3470052,CITY,Bertioga,True
7716,MX,4003737,CITY,Juchitlan,True
7717,JP,1847963,CITY,Atsugi,True
7718,BR,6321809,CITY,Sao Joao do Pacui,True
7719,RO,683022,CITY,Municipiul Calarasi,True
7720,BR,3397319,CITY,Joao Alfredo,True
7721,BR,3465342,CITY,Corumba,True
7722,MX,3526681,CITY,Ixtapan de la Sal,True
7723,MX,4022970,CITY,Victoria,True
7724,FI,650859,CITY,Kouvola,True
7725,DK,2619154,CITY,Kalundborg,True
7726,MA,6546329,CITY,Boulemane,True
7727,BR,3474574,CITY,Palmas,True
7728,BR,3401419,CITY,Cuite,True
7729,JP,1854665,CITY,Ogawa,True
7730,BR,3454331,CITY,Peixe,True
7731,BR,3466746,CITY,Conceicao da Barra de Minas,True
7732,MX,8582351,CITY,Tlalpujahua,True
7733,JP,1854037,CITY,Onna,True
7734,AR,52000045,CITY,Trenque Lauquen,True
7735,CA,77400008,CITY,Region 6,True
7736,DK,6543947,CITY,Syddjurs Municipality,True
7737,JP,7407422,CITY,Onga,True
7738,BR,3391786,CITY,Pocao,True
7739,BR,6323766,CITY,Mundo Novo,True
7740,BR,3467012,CITY,Carangola,True
7741,ZA,8347349,CITY,Garden Route,True
7742,BR,6320903,CITY,Itaquara,True
7743,GB,3333227,CITY,East Dunbartonshire,True
7744,ES,2521976,CITY,Alicante,True
7745,NL,2756039,CITY,Ermelo,True
7746,BR,3450980,CITY,Rodeio Bonito,True
7747,EG,415561,CITY,Badr,True
7748,AR,3838564,CITY,Rosario de la Frontera,True
7749,CA,6325493,CITY,Kamouraska,True
7750,BR,3467538,CITY,Candiota,True
7751,MX,8581996,CITY,Tecoanapa,True
7752,BR,6319239,CITY,Machadinho d'Oeste,True
7753,BR,3460779,CITY,Itaobim,True
7754,BR,3451360,CITY,Ribeirao Claro,True
7755,JP,1851012,CITY,Takarazuka,True
7756,US,4935951,CITY,Essex,True
7757,MX,3483197,CITY,San Fernando,True
7758,MX,8583722,CITY,Isla,True
7759,BR,6317335,CITY,Itatim,True
7760,BR,6316983,CITY,Curvelandia,True
7761,SE,2687693,CITY,Nykvarn,True
7762,BR,3407797,CITY,Altos,True
7763,BR,3456206,CITY,Nova Alianca,True
7764,BR,3446971,CITY,Tanhacu,True
7765,BR,3448902,CITY,Sao Joao da Boa Vista,True
7766,JP,1853190,CITY,Sakaide,True
7767,US,4161743,CITY,Lee,True
7768,JP,1857335,CITY,Mihama,True
7769,JP,8630153,CITY,Hakuba,True
7770,GB,2637532,CITY,Somerset,True
7771,RO,666233,CITY,Stefanesti,True
7772,BR,3463121,CITY,Formoso,True
7773,DE,3220997,CITY,Waldeck Frankenberg,True
7774,PT,2732438,CITY,Vila Real,True
7775,JP,2112143,CITY,Koori,True
7776,BR,3460174,CITY,Janauba,True
7777,JP,7391364,CITY,Yoshinogari,True
7778,SE,2699394,CITY,Kramfors,True
7779,DE,3305827,CITY,Giessen,True
7780,DE,2857306,CITY,Olpe,True
7781,SE,2698739,CITY,Kungalv,True
7782,BR,3468669,CITY,Cabaceiras do Paraguacu,True
7783,BR,3401443,CITY,Cruzeta,True
7784,SA,103947,CITY,Muhayil,True
7785,JP,1849481,CITY,Uchinada,True
7786,SA,54500001,CITY,Ad Duwadimi,True
7787,MX,8583242,CITY,Xicotepec,True
7788,MX,3996234,CITY,Meoqui,True
7789,BR,3393095,CITY,Paraibano,True
7790,BR,3448011,CITY,Saquarema,True
7791,BR,6316618,CITY,Bom Sucesso do Sul,True
7792,MX,8582013,CITY,Zirandaro,True
7793,BR,6319233,CITY,Cerejeiras,True
7794,JP,7411116,CITY,Hidaka,True
7795,BR,3471035,CITY,Balsamo,True
7796,JP,2112263,CITY,Kesennuma,True
7797,BR,3445709,CITY,Urubici,True
7798,TR,750516,CITY,Bolu,True
7799,FR,3020781,CITY,Drome,True
7800,BR,3447296,CITY,Sud Mennucci,True
7801,BR,6319731,CITY,Lima Campos,True
7802,FR,2973362,CITY,Tarn,True
7803,RO,54440617,CITY,Turț,True
7804,BR,3451791,CITY,Raul Soares,True
7805,BR,50400016,CITY,Virginia,True
7806,MX,3531784,CITY,Calpulalpan,True
7807,KR,8659219,CITY,Cheonan,True
7808,MX,3979982,CITY,Yahualica,True
7809,CA,77400109,CITY,Les Basques,True
7810,BR,3466978,CITY,Carazinho,True
7811,PT,2263596,CITY,Salvaterra de Magos,True
7812,EG,355449,CITY,Esna,True
7813,JP,1856243,CITY,Nagahama,True
7814,BR,6318348,CITY,Santo Antonio das Missoes,True
7815,BR,3447168,CITY,Tabocas do Brejo Velho,True
7816,NO,54040013,CITY,Indre ostfold,True
7817,BR,6323825,CITY,Figueiropolis d'Oeste,True
7818,BR,3468734,CITY,Buritirama,True
7819,PT,2732326,CITY,Vila Verde,True
7820,RO,54440580,CITY,Bărcănești,True
7821,BR,3389339,CITY,Santa Rita,True
7822,BR,3464957,CITY,Curral de Dentro,True
7823,BR,3451927,CITY,Quissama,True
7824,BR,6319838,CITY,Alto Longa,True
7825,BR,3457693,CITY,Marilena,True
7826,MX,8583203,CITY,Tehuitzingo,True
7827,RO,678015,CITY,Focşani,True
7828,BR,3465765,CITY,Conceicao das Pedras,True
7829,PT,2270380,CITY,Câmara De Lobos,True
7830,US,4692856,CITY,Galveston,True
7831,BR,3472507,CITY,Alpinopolis,True
7832,BR,3453518,CITY,Piratininga,True
7833,JP,2113115,CITY,Ami,True
7834,BR,3389822,CITY,Salinopolis,True
7835,NL,2745641,CITY,Venlo,True
7836,TR,316877,CITY,Derinkuyu,True
7837,JP,7450016,CITY,Kawanishi,True
7838,CA,6179219,CITY,Westmorland,True
7839,NL,2754394,CITY,Hengelo,True
7840,BR,3453546,CITY,Pirapora,True
7841,SE,2701727,CITY,Karlshamn,True
7842,JP,7413160,CITY,Kikuyo,True
7843,NO,54040016,CITY,Rade,True
7844,MX,3814370,CITY,Francisco I  Madero,True
7845,US,5014227,CITY,Wayne,True
7846,BR,3392225,CITY,Pianco,True
7847,NO,3136947,CITY,Steinkjer,True
7848,AR,52000016,CITY,Lujan,True
7849,GB,2657830,CITY,Aberdeen,True
7850,BR,3469132,CITY,Botumirim,True
7851,SE,2704398,CITY,Hultsfred,True
7852,KZ,1520240,CITY,Pavlodar District,True
7853,GB,3333133,CITY,Brighton and Hove,True
7854,MX,3515001,CITY,Tuxtla Gutierrez,True
7855,BR,3450057,CITY,Santa Maria do Suacui,True
7856,BR,6318020,CITY,Ponto dos Volantes,True
7857,BR,3404849,CITY,Brejo do Cruz,True
7858,BD,1337153,CITY,Panchagarh,True
7859,AE,292913,CITY,Al Ain,True
7860,MX,3516944,CITY,Santiago Lachiguiri,True
7861,RO,682396,CITY,Cerat,True
7862,EG,10371122,CITY,El Reyad,True
7863,BR,3445127,CITY,Vidal Ramos,True
7864,MX,3518368,CITY,San Mateo Sindihui,True
7865,BR,3468250,CITY,Caiabu,True
7866,BR,6317341,CITY,Ivate,True
7867,JP,1857232,CITY,Mimasaka,True
7868,RO,679857,CITY,Cuza Voda,True
7869,ES,3120935,CITY,Gipuzkoa,True
7870,PT,2262917,CITY,Sines,True
7871,MX,3531391,CITY,Cazones,True
7872,AR,3848950,CITY,Capital,True
7873,CA,77400092,CITY,Timiskaming,True
7874,BR,3465639,CITY,Conselheiro Pena,True
7875,BR,3448892,CITY,Sao Joao da Ponte,True
7876,JP,7413175,CITY,Asagiri,True
7877,GB,3333198,CITY,South Gloucestershire,True
7878,BR,3407210,CITY,Areia,True
7879,JP,1862462,CITY,Hiratsuka,True
7880,BR,3402893,CITY,Carire,True
7881,DE,6559164,CITY,Konstanz,True
7882,AR,52000052,CITY,Lincoln,True
7883,TR,50300003,CITY,Marmara Ereglisi,True
7884,CH,6458775,CITY,Schwyz,True
7885,RO,54440303,CITY,Ludești,True
7886,BR,3470583,CITY,Barreiras,True
7887,BR,3466897,CITY,Carmopolis de Minas,True
7888,BR,3456855,CITY,Monte Belo,True
7889,BR,6323099,CITY,Caxambu do Sul,True
7890,BR,6317041,CITY,Douradina,True
7891,JP,1855095,CITY,Nobeoka,True
7892,BR,3452640,CITY,Porto Seguro,True
7893,BR,3466296,CITY,Chapeco,True
7894,AE,292672,CITY,Sharjah,True
7895,BR,6318076,CITY,Professor Jamil,True
7896,DE,6547387,CITY,Eichsfeld,True
7897,BR,6317333,CITY,Itaquirai,True
7898,BR,3446580,CITY,Terra Roxa,True
7899,JP,7452806,CITY,Shirosato,True
7900,DK,2618425,CITY,Copenhagen,True
7901,MX,8583771,CITY,Paso de Ovejas,True
7902,JP,6822214,CITY,Hashima Island,True
7903,CA,77400061,CITY,Yorkton,True
7904,BR,3449614,CITY,Santo Antonio da Patrulha,True
7905,NO,54040021,CITY,Frogn,True
7906,JP,1864945,CITY,Atami,True
7907,DE,6557386,CITY,Northeim,True
7908,JP,92400108,CITY,Akkeshi-cho,True
7909,BR,6320138,CITY,Coronel Ezequiel,True
7910,BR,6323960,CITY,Diorama,True
7911,BR,3471196,CITY,Bage,True
7912,BR,3448136,CITY,Sao Vicente,True
7913,BR,6321059,CITY,Serra do Ramalho,True
7914,CA,6944116,CITY,Restigouche,True
7915,JP,92400094,CITY,Bihoro-cho,True
7916,BR,3392731,CITY,Paulo Ramos,True
7917,BR,6322724,CITY,Capitao Leonidas Marques,True
7918,MX,3533462,CITY,Acapulco,True
7919,BR,3451286,CITY,Rincao,True
7920,MX,8583867,CITY,Cansahcab,True
7921,JP,7405233,CITY,Kagamino,True
7922,BR,3385122,CITY,Viana,True
7923,BR,3662927,CITY,Pauini,True
7924,BR,3456168,CITY,Nova Fatima,True
7925,GB,6457407,CITY,Argyll and Bute,True
7926,JP,2130629,CITY,Asahikawa,True
7927,BR,3446658,CITY,Teixeira Soares,True
7928,IT,6457405,CITY,Vibo Valentia,True
7929,SE,2692049,CITY,Mellerud,True
7930,BR,3466954,CITY,Cariacica,True
7931,BR,3456909,CITY,Monsenhor Paulo,True
7932,BR,3445301,CITY,Vera Cruz,True
7933,PK,1171389,CITY,Malakand,True
7934,SE,2666240,CITY,Upplands Bro,True
7935,BR,6323769,CITY,Nova Alvorada do Sul,True
7936,JP,2111999,CITY,Mashiko,True
7937,JP,1857275,CITY,Miki,True
7938,KZ,1524325,CITY,Ekibastuz,True
7939,JP,1855363,CITY,Nirasaki,True
7940,BR,6317400,CITY,Juina,True
7941,BR,6316471,CITY,Bacabeira,True
7942,MX,8581722,CITY,Huehuetan,True
7943,PT,2266895,CITY,Machico,True
7944,BR,3472254,CITY,Andradas,True
7945,EG,52200083,CITY,10th of Ramadan,True
7946,BR,3460344,CITY,Jacobina,True
7947,BR,6322973,CITY,Santa Izabel do Oeste,True
7948,NL,2758326,CITY,Brielle,True
7949,BR,3461481,CITY,Igrejinha,True
7950,BR,3665348,CITY,Anama,True
7951,BR,3464042,CITY,Erval Velho,True
7952,BR,6319187,CITY,Ribeirao Cascalheira,True
7953,RO,682442,CITY,Cehu Silvaniei,True
7954,CH,2660727,CITY,Frauenfeld,True
7955,NO,54040096,CITY,Nord Aurdal,True
7956,CA,6116136,CITY,Rainy River,True
7957,BR,3458147,CITY,Mafra,True
7958,NL,2745783,CITY,Veendam,True
7959,CA,6185557,CITY,York,True
7960,RO,54440568,CITY,Piatra-Olt,True
7961,MX,3995236,CITY,Mulege,True
7962,DE,6550942,CITY,Stendal,True
7963,JP,11468270,CITY,Iga,True
7964,PK,1174872,CITY,Karachi,True
7965,BR,3456037,CITY,Nuporanga,True
7966,MX,3523011,CITY,Montemorelos,True
7967,BR,3463350,CITY,Filadelfia,True
7968,DK,2617812,CITY,Lemvig,True
7969,BR,3397562,CITY,Jardim de Piranhas,True
7970,BR,3385726,CITY,Urbano Santos,True
7971,BR,6321415,CITY,Guarda Mor,True
7972,NL,54020010,CITY,De Ronde Venen,True
7973,BR,6316725,CITY,Campinacu,True
7974,NL,12022129,CITY,Beekdaelen,True
7975,BR,3398706,CITY,Granja,True
7976,JP,11611628,CITY,Higashikurume,True
7977,EG,52200074,CITY,Temay El Amdeed,True
7978,JP,1859120,CITY,Kota,True
7979,JP,2112688,CITY,Hokota,True
7980,BR,3460869,CITY,Itaiopolis,True
7981,BR,3460116,CITY,Japura,True
7982,US,5391726,CITY,San Bernardino,True
7983,MX,8583967,CITY,Canitas de Felipe Pescador,True
7984,DE,3247444,CITY,Warendorf,True
7985,BR,3451363,CITY,Ribeirao Bonito,True
7986,BR,3451241,CITY,Rio Brilhante,True
7987,BR,6319675,CITY,Candido Mendes,True
7988,SE,2676176,CITY,Sodertalje,True
7989,BR,3465330,CITY,Corupa,True
7990,BR,3456169,CITY,Nova Europa,True
7991,JP,11524139,CITY,Hokuto,True
7992,BR,3460107,CITY,Jaragua,True
7993,BR,3464100,CITY,Entre Rios,True
7994,MX,3518369,CITY,San Mateo Rio Hondo,True
7995,DE,52060012,CITY,Bayreuth,True
7996,TR,9550246,CITY,Eyyubiye,True
7997,CA,77400010,CITY,Alberni Clayoquot,True
7998,EG,345955,CITY,El Bagour,True
7999,MA,6546224,CITY,Tan-Tan,True
8000,BR,3479302,CITY,Lagoa da Confusao,True
8001,NO,3158608,CITY,Eidsvoll,True
8002,TR,9550938,CITY,Ipekyolu,True
8003,NL,2757834,CITY,Dantumadiel,True
8004,AR,3435264,CITY,Uruguay,True
8005,RO,674918,CITY,Lehliu,True
8006,BR,6316496,CITY,Banzae,True
8007,MX,4013516,CITY,Colima,True
8008,US,4905697,CITY,Peoria,True
8009,RO,54440504,CITY,Adămuș,True
8010,BR,3446753,CITY,Taquaritinga,True
8011,BR,6317051,CITY,Doverlandia,True
8012,BR,3448695,CITY,Sao Jose da Boa Vista,True
8013,BR,3450723,CITY,Sales,True
8014,EG,350893,CITY,Nuweiba,True
8015,JP,7429575,CITY,Shimizu,True
8016,RO,665010,CITY,Târgu Jiu,True
8017,SA,103035,CITY,Rabigh,True
8018,BR,6319788,CITY,Santana do Maranhao,True
8019,FI,656688,CITY,Imatra,True
8020,BR,3460644,CITY,Itaqua,True
8021,MX,8583519,CITY,Terrenate,True
8022,MX,3995402,CITY,Morelia,True
8023,SA,10972342,CITY,Ash Shinan,True
8024,MX,8583016,CITY,Tamazulapam del Progreso,True
8025,BR,3461484,CITY,Igreja Nova,True
8026,ZA,8347383,CITY,Pixley ka Seme,True
8027,DE,2820253,CITY,Ulm,True
8028,BR,6323161,CITY,Itapoa,True
8029,CA,77400038,CITY,Whitecourt,True
8030,SE,605155,CITY,Kiruna,True
8031,BR,3460221,CITY,Jaguari,True
8032,NO,3161732,CITY,Bergen,True
8033,TR,316542,CITY,Diyadin,True
8034,BR,3456591,CITY,Mucurici,True
8035,US,5405889,CITY,Ventura,True
8036,BR,3395503,CITY,Maraba,True
8037,IT,2523082,CITY,Syracuse,True
8038,BR,3465541,CITY,Coracao de Maria,True
8039,DE,2886242,CITY,Cologne,True
8040,MX,4003526,CITY,La Barca,True
8041,EG,347497,CITY,Tanta,True
8042,JP,7414053,CITY,Kokonoe,True
8043,BR,3663517,CITY,Manaus,True
8044,DE,6557501,CITY,Mettmann,True
8045,BR,3393599,CITY,Olho d'Agua das Flores,True
8046,BR,3460666,CITY,Itaporanga,True
8047,DE,2849483,CITY,Regensburg,True
8048,BR,6323845,CITY,Nova Canaa do Norte,True
8049,NO,7290286,CITY,Bardu,True
8050,PK,50100000,CITY,Makran,True
8051,BR,3386492,CITY,Terezinha,True
8052,RO,665168,CITY,Ticleni,True
8053,BR,50400005,CITY,Uirauna,True
8054,JP,2128959,CITY,Niikappu,True
8055,PT,2262644,CITY,Tomar,True
8056,IT,3166546,CITY,Siena,True
8057,MX,8581967,CITY,Cutzamala de Pinzon,True
8058,BR,3388447,CITY,Sao Jose da Tapera,True
8059,BR,3465671,CITY,Congonhas,True
8060,MX,8583910,CITY,Motul,True
8061,JP,11612342,CITY,Yufu,True
8062,BR,3469045,CITY,Brauna,True
8063,BR,3461513,CITY,Icem,True
8064,BR,3392862,CITY,Patu,True
8065,BD,1337178,CITY,Dhaka,True
8066,BR,3451632,CITY,Restinga Seca,True
8067,TR,745148,CITY,Ipsala,True
8068,EG,352912,CITY,Manfalut,True
8069,BR,3662784,CITY,Porto Acre,True
8070,PK,1175292,CITY,Kalat,True
8071,SA,10972331,CITY,Al Ahsa,True
8072,NL,2747034,CITY,Soest,True
8073,MX,4006081,CITY,Galeana,True
8074,JP,1860024,CITY,Karuizawa,True
8075,JP,7405235,CITY,Misaki,True
8076,BR,6319154,CITY,Santa Barbara de Goias,True
8077,EG,350550,CITY,Qena,True
8078,ZA,8347357,CITY,Joe Gqabi,True
8079,JP,92400023,CITY,Daisen-cho,True
8080,BR,6317592,CITY,Minacu,True
8081,BR,3405908,CITY,Bela Cruz,True
8082,MX,3522347,CITY,Omealca,True
8083,BR,3403428,CITY,Canapi,True
8084,BR,3398480,CITY,Gurupa,True
8085,JP,6822205,CITY,Tsugaru,True
8086,AR,3855143,CITY,Utracan,True
8087,BD,1337202,CITY,Coxs Bazar,True
8088,TR,740088,CITY,Sarikamis,True
8089,MX,3988214,CITY,Salamanca,True
8090,BR,3663145,CITY,Novo Airao,True
8091,CH,6458762,CITY,Nidwalden,True
8092,BR,6319223,CITY,Agua Boa,True
8093,NO,3153623,CITY,Haugesund,True
8094,BR,3461954,CITY,Guapiacu,True
8095,BR,3453823,CITY,Pindorama do Tocantins,True
8096,BR,3393264,CITY,Palmares,True
8097,TR,318766,CITY,Cermik,True
8098,CH,2658112,CITY,Visp,True
8099,BR,3451208,CITY,Rio das Flores,True
8100,NO,3146463,CITY,Lindesnes,True
8101,BR,3450759,CITY,Sacramento,True
8102,JP,1858311,CITY,Kurashiki,True
8103,NL,2759899,CITY,Alkmaar,True
8104,NO,54040101,CITY,Bjornafjorden,True
8105,JP,2111258,CITY,Ryugasaki,True
8106,CA,77400045,CITY,Prince Albert,True
8107,BR,6316318,CITY,Agua Doce do Norte,True
8108,BR,3452667,CITY,Porto Rico,True
8109,FI,655808,CITY,Joensuu,True
8110,BR,6316300,CITY,Acreuna,True
8111,NO,6453353,CITY,Oygarden,True
8112,JP,1860563,CITY,Kamiichi,True
8113,TR,315985,CITY,Edremit,True
8114,BR,3394023,CITY,Natal,True
8115,JP,6822209,CITY,Nisshin,True
8116,JP,7384009,CITY,Ōsaki,True
8117,TR,307786,CITY,Kinik,True
8118,JP,2111855,CITY,Mobara,True
8119,DE,3220799,CITY,Erlangen Hochstadt,True
8120,BR,6318085,CITY,Quarto Centenario,True
8121,JP,1863431,CITY,Hadano,True
8122,BR,3462997,CITY,Francisco Badaro,True
8123,MX,8583612,CITY,Matamoros,True
8124,GB,2642240,CITY,Moray,True
8125,BR,3467326,CITY,Caparao,True
8126,JP,1856120,CITY,Nagasu,True
8127,MX,8583477,CITY,Padilla,True
8128,BR,3457509,CITY,Matao,True
8129,AE,51020005,CITY,Sector 5,True
8130,EG,50700017,CITY,Burullus,True
8131,CH,6458833,CITY,Laufen,True
8132,BD,1337167,CITY,Natore,True
8133,BR,3465181,CITY,Crissiumal,True
8134,AR,3433658,CITY,Gualeguaychu,True
8135,BR,3449696,CITY,Santo Angelo,True
8136,NL,2753468,CITY,Huizen,True
8137,JP,7371211,CITY,Shinonsen,True
8138,JP,11611622,CITY,Kizugawa,True
8139,TR,7619146,CITY,Sahinbey,True
8140,JP,1851717,CITY,Shizuoka,True
8141,BR,6324104,CITY,Uirapuru,True
8142,BR,3407151,CITY,Ares,True
8143,FR,2996663,CITY,Maine et Loire,True
8144,BR,3465164,CITY,Cristalina,True
8145,BR,3397147,CITY,Juazeiro do Norte,True
8146,SE,2725471,CITY,Arboga,True
8147,BR,3473140,CITY,Adustina,True
8148,DE,3220783,CITY,Rems Murr,True
8149,MX,3529660,CITY,Dzidzantun,True
8150,CA,77400067,CITY,Oakbank,True
8151,BR,6321834,CITY,Sao Sebastiao do Oeste,True
8152,US,5029877,CITY,Hennepin,True
8153,BR,3455671,CITY,Ouro Preto,True
8154,GB,3333237,CITY,West Dunbartonshire,True
8155,BR,3463761,CITY,Estrela,True
8156,JP,7465527,CITY,Tonosho,True
8157,BR,3407353,CITY,Araguatins,True
8158,JP,1861749,CITY,Ikoma,True
8159,AR,52000053,CITY,Lobos,True
8160,NL,2749277,CITY,Opsterland,True
8161,BR,3446371,CITY,Toledo,True
8162,BR,3456642,CITY,Mozarlandia,True
8163,BR,3456735,CITY,Morrinhos,True
8164,NL,54020019,CITY,Lansingerland,True
8165,JP,92400040,CITY,Furano-shi,True
8166,MX,3532852,CITY,Angel R  Cabada,True
8167,JP,2110893,CITY,Takahagi,True
8168,BR,3397898,CITY,Itaporanga,True
8169,MX,8031394,CITY,Solidaridad,True
8170,BR,3449102,CITY,Sao Gabriel da Palha,True
8171,JP,92400111,CITY,Shibetsu-cho,True
8172,CA,6157995,CITY,Strathcona,True
8173,BR,3450283,CITY,Santa Cruz das Palmeiras,True
8174,RO,678912,CITY,Dragos Voda,True
8175,BR,3394432,CITY,Morrinhos,True
8176,BR,6319246,CITY,Rolim de Moura,True
8177,JP,1852225,CITY,Shimonoseki,True
8178,NL,2758626,CITY,Berkelland,True
8179,GB,3333158,CITY,Kent,True
8180,EG,353802,CITY,Kom Ombo,True
8181,MX,3986954,CITY,San Gabriel,True
8182,DE,2915613,CITY,Gross Gerau,True
8183,BR,6318351,CITY,Santo Antonio do Aracangua,True
8184,TR,831432,CITY,Espiye,True
8185,BR,3453622,CITY,Pirai do Sul,True
8186,BR,3406263,CITY,Barras,True
8187,BR,3460991,CITY,Irupi,True
8188,MX,3516109,CITY,Tehuacan,True
8189,BR,3451126,CITY,Rio Manso,True
8190,DE,6549747,CITY,Gera,True
8191,MX,3529886,CITY,Cunduacan,True
8192,BR,3458651,CITY,Lencois,True
8193,BR,3389387,CITY,Santana do Acarau,True
8194,JP,7371213,CITY,Kami,True
8195,BR,3469481,CITY,Bom Jardim,True
8196,RO,676078,CITY,Holboca,True
8197,JP,1854093,CITY,Ōmura,True
8198,MX,3985504,CITY,San Martin de Hidalgo,True
8199,BR,3402795,CITY,Carnauba dos Dantas,True
8200,BR,3451399,CITY,Ribas do Rio Pardo,True
8201,JP,1852595,CITY,Shibukawa,True
8202,BD,1185155,CITY,Narayanganj,True
8203,JP,1856035,CITY,Naha,True
8204,TR,751214,CITY,Bakirkoy,True
8205,BR,3446077,CITY,Tres Pontas,True
8206,FI,630768,CITY,Ylivieska,True
8207,BR,6316976,CITY,Curionopolis,True
8208,MX,3524391,CITY,Lerdo de Tejada,True
8209,BR,6316450,CITY,Assis Chateaubriand,True
8210,MA,6547289,CITY,Taourirt,True
8211,JP,1855341,CITY,Nishihara,True
8212,CA,77400108,CITY,Rimouski Neigette,True
8213,RO,677382,CITY,Ghimbav,True
8214,ES,3104469,CITY,Biscay,True
8215,BR,3386543,CITY,Tavares,True
8216,JP,92400084,CITY,Higashikawa-cho,True
8217,BR,6318408,CITY,Sao Domingos do Araguaia,True
8218,BR,3969433,CITY,Alto Alegre dos Parecis,True
8219,BR,3471859,CITY,Aracatuba,True
8220,IT,3173330,CITY,Modena,True
8221,BR,3387249,CITY,Solidao,True
8222,BR,3464364,CITY,Ecoporanga,True
8223,AR,52000094,CITY,Brandsen,True
8224,MX,4018400,CITY,Apatzingan,True
8225,MX,8583088,CITY,Cuetzalan del Progreso,True
8226,MX,8583807,CITY,Tempoal,True
8227,RO,54440006,CITY,Cugir,True
8228,FI,9610646,CITY,Upper Savonia,True
8229,JP,11611474,CITY,Toon,True
8230,BR,3462473,CITY,Gentio do Ouro,True
8231,TR,303798,CITY,Nizip,True
8232,US,4161831,CITY,Leon,True
8233,JP,2111003,CITY,Shiwa,True
8234,JP,1853066,CITY,Sakurai,True
8235,CA,8593710,CITY,Victoria,True
8236,CA,77400021,CITY,Greater Vancouver,True
8237,BR,3398885,CITY,Goncalves Dias,True
8238,JP,1852479,CITY,Shimabara,True
8239,MX,8582980,CITY,Santo Domingo Ingenio,True
8240,CH,6458799,CITY,Uri,True
8241,MX,4013708,CITY,Juarez,True
8242,BR,3446751,CITY,Taquarivai,True
8243,BR,3461786,CITY,Guarulhos,True
8244,CA,77400034,CITY,Rocky Mountain House,True
8245,RO,672365,CITY,Negresti-Oas,True
8246,BR,6317835,CITY,Pacaraima,True
8247,BR,3457363,CITY,Medeiros,True
8248,JP,1856229,CITY,Nagaizumi,True
8249,TR,752042,CITY,Altinova,True
8250,BR,3387115,CITY,Surubim,True
8251,BR,3387082,CITY,Tabira,True
8252,IT,3170620,CITY,Pistoia,True
8253,SA,108410,CITY,Ar Riyad,True
8254,BR,3472965,CITY,Agua Limpa,True
8255,BR,3407787,CITY,Alto Santo,True
8256,DE,2871079,CITY,Miltenberg,True
8257,SE,2715573,CITY,Falkenberg,True
8258,NL,2743997,CITY,Zeewolde,True
8259,BR,3393106,CITY,Paragominas,True
8260,BR,6319572,CITY,Marianopolis do Tocantins,True
8261,BR,3393115,CITY,Paracuru,True
8262,MX,8581871,CITY,Nombre de Dios,True
8263,MA,2549978,CITY,Kelaa-Des-Sraghna,True
8264,BR,6317638,CITY,Montes Claros de Goias,True
8265,TR,304013,CITY,Mut,True
8266,JP,6822111,CITY,Azumino,True
8267,BR,8465206,CITY,Crucilandia,True
8268,MX,3515762,CITY,Tetela de Ocampo,True
8269,BR,3407258,CITY,Arari,True
8270,BR,3471369,CITY,Astolfo Dutra,True
8271,BR,3472319,CITY,Amorinopolis,True
8272,BR,3465284,CITY,Cotia,True
8273,TR,302824,CITY,Pasinler,True
8274,TR,9565316,CITY,Yenisehir,True
8275,BR,3464632,CITY,Divisopolis,True
8276,IT,3164564,CITY,Vercelli,True
8277,NL,6544251,CITY,Schouwen Duiveland,True
8278,US,4890213,CITY,DuPage,True
8279,JP,1850818,CITY,Taketoyo,True
8280,DE,6555638,CITY,Heidelberg,True
8281,JP,1857004,CITY,Misaki,True
8282,NL,2759982,CITY,Achtkarspelen,True
8283,BR,3453478,CITY,Pitanga,True
8284,RO,672912,CITY,Moldova Noua,True
8285,JP,1853303,CITY,Saga,True
8286,US,5393021,CITY,Santa Clara,True
8287,MX,3981491,CITY,Tizapan El Alto,True
8288,SE,2725901,CITY,Angelholm,True
8289,BR,3463692,CITY,Eugenopolis,True
8290,JP,9036694,CITY,Sanuki,True
8291,MX,3514031,CITY,Zimapan,True
8292,JP,1863945,CITY,Fukuroi,True
8293,BR,3388147,CITY,Sao Raimundo das Mangabeiras,True
8294,TR,746590,CITY,Golyaka,True
8295,SE,2700487,CITY,Klippan,True
8296,BR,3460815,CITY,Itambaraca,True
8297,AR,52000015,CITY,Zarate,True
8298,BR,6324193,CITY,Sao Roberto,True
8299,EG,361497,CITY,El Ayyat,True
8300,BR,6316483,CITY,Baldim,True
8301,TR,300732,CITY,Sindirgi,True
8302,BR,3467884,CITY,Campina da Lagoa,True
8303,NL,6544256,CITY,Montferland,True
8304,BR,6319813,CITY,Senador Alexandre Costa,True
8305,TR,315401,CITY,Ermenek,True
8306,BR,6321393,CITY,Fronteira,True
8307,BR,6316470,CITY,Axixa do Tocantins,True
8308,BR,3467861,CITY,Campinas do Sul,True
8309,BR,3465737,CITY,Conceicao do Rio Verde,True
8310,GB,3333197,CITY,Southend-on-Sea,True
8311,BR,3459462,CITY,Jundiai,True
8312,BR,3398569,CITY,Guaraciaba do Norte,True
8313,TR,741628,CITY,Meric,True
8314,BR,3398920,CITY,Gloria do Goita,True
8315,BR,3450157,CITY,Santaluz,True
8316,IT,3167021,CITY,Savona,True
8317,SE,2726285,CITY,Alvkarleby,True
8318,DE,3249089,CITY,Spree Neisse,True
8319,JP,1848592,CITY,Yamatotakada,True
8320,MX,8584010,CITY,Villa Gonzalez Ortega,True
8321,BR,6318088,CITY,Quedas do Iguacu,True
8322,JP,7370818,CITY,Asago,True
8323,PT,2732965,CITY,Valpaços,True
8324,BR,6317423,CITY,Lagoa Alegre,True
8325,RO,6945426,CITY,Pascani,True
8326,GB,2633868,CITY,Wiltshire,True
8327,JP,6822191,CITY,Izunokuni,True
8328,JP,1853909,CITY,Osaka,True
8329,FR,3037136,CITY,Ardennes,True
8330,MX,3515942,CITY,Teoloyucan,True
8331,BR,3465476,CITY,Coronel Fabriciano,True
8332,BR,3466332,CITY,Chale,True
8333,BR,6323371,CITY,Campina das Missoes,True
8334,PT,2265788,CITY,Montijo,True
8335,BR,3663683,CITY,Labrea,True
8336,BR,3461879,CITY,Guarapuava,True
8337,BR,3469294,CITY,Bonito,True
8338,MX,8870579,CITY,Ozuluama de Mascarenas,True
8339,JP,2130387,CITY,Engaru,True
8340,TR,320392,CITY,Burdur,True
8341,BR,3452012,CITY,Quilombo,True
8342,BR,3457699,CITY,Marilac,True
8343,JP,1850034,CITY,Tondabayashi,True
8344,EG,50700018,CITY,New Cairo 2,True
8345,BR,3471005,CITY,Bambui,True
8346,GB,3333126,CITY,Blackburn with Darwen,True
8347,CA,6041223,CITY,Lac Saint Jean Est,True
8348,JP,1858066,CITY,Kusatsu,True
8349,BR,3464982,CITY,Curimata,True
8350,SA,32000000305,CITY,Al Udayd,True
8351,TR,300796,CITY,Silvan,True
8352,BR,3450464,CITY,Santa Adelia,True
8353,MX,3985606,CITY,San Luis Potosi,True
8354,US,5578884,CITY,Larimer,True
8355,BR,3465512,CITY,Corinto,True
8356,BR,3407674,CITY,Ananas,True
8357,CA,77400005,CITY,Region 3,True
8358,BR,3449084,CITY,Sao Geraldo da Piedade,True
8359,BR,3408214,CITY,Agua Branca,True
8360,BR,3386609,CITY,Tarrafas,True
8361,BR,3449319,CITY,Sao Carlos,True
8362,BR,3393844,CITY,Nova Olinda,True
8363,JP,6822172,CITY,Kumano,True
8364,MX,3523513,CITY,Martinez de la Torre,True
8365,TR,302525,CITY,Polatli,True
8366,JP,2130741,CITY,Abashiri,True
8367,CH,8260134,CITY,Obersimmental Saanen,True
8368,BR,6321303,CITY,Coroaci,True
8369,MX,4005867,CITY,Escobedo,True
8370,BR,6322895,CITY,Nova Tebas,True
8371,MX,3518692,CITY,San Juan del Rio,True
8372,CH,6458796,CITY,Gruyere,True
8373,BR,3460165,CITY,Jangada,True
8374,IT,2525059,CITY,Catanzaro,True
8375,BR,3468879,CITY,Brusque,True
8376,TR,740511,CITY,Pursaklar,True
8377,BR,3462956,CITY,Frederico Westphalen,True
8378,MX,3801262,CITY,San Miguel Soyaltepec,True
8379,US,4266235,CITY,Vanderburgh,True
8380,BR,3456034,CITY,Ocaucu,True
8381,RO,54440146,CITY,Șoimi,True
8382,BR,3391287,CITY,Prainha,True
8383,RO,673078,CITY,Misca,True
8384,TR,751103,CITY,19 Mayis,True
8385,MX,4019098,CITY,Ahome,True
8386,BR,3406317,CITY,Barra do Corda,True
8387,JP,1851193,CITY,Tajimi,True
8388,JP,2127586,CITY,Urakawa,True
8389,MX,3514876,CITY,Valladolid,True
8390,BR,3399539,CITY,Flores,True
8391,BR,3405456,CITY,Boca da Mata,True
8392,BR,3460521,CITY,Itumirim,True
8393,NO,3133447,CITY,Tysvaer,True
8394,BR,3456127,CITY,Nova Petropolis,True
8395,FR,3029094,CITY,Calvados,True
8396,FR,3019317,CITY,Eure,True
8397,JP,1863482,CITY,Gyoda,True
8398,DE,52060004,CITY,Heilbronn,True
8399,NL,2754692,CITY,Heemstede,True
8400,BR,6321075,CITY,Teodoro Sampaio,True
8401,SE,2692596,CITY,Markaryd,True
8402,CA,77400076,CITY,Swan River,True
8403,BR,3452179,CITY,Quarai,True
8404,ZA,55500002,CITY,uThukela,True
8405,RO,670297,CITY,Podu Iloaiei,True
8406,BR,6317243,CITY,Heitorai,True
8407,BR,3447730,CITY,Serra do Salitre,True
8408,JP,11611638,CITY,Chikugo,True
8409,NL,2751687,CITY,Leusden,True
8410,DE,6557960,CITY,Ludwigsburg,True
8411,BR,3453153,CITY,Pontao,True
8412,BR,3461525,CITY,Ibotirama,True
8413,BR,3457818,CITY,Marau,True
8414,DE,2925533,CITY,Frankfurt am Main,True
8415,DE,3302169,CITY,Schmalkalden Meiningen,True
8416,JP,6822128,CITY,Ebina,True
8417,JP,1849539,CITY,Tsushima,True
8418,BR,3458121,CITY,Malacacheta,True
8419,BR,6319948,CITY,Milton Brandao,True
8420,FI,640999,CITY,Pori,True
8421,BR,3465487,CITY,Coromandel,True
8422,BR,3468296,CITY,Cafelandia,True
8423,DE,2951881,CITY,Bautzen,True
8424,BR,3466167,CITY,Cidade Gaucha,True
8425,PT,2741405,CITY,Carregal do Sal,True
8426,BR,3459796,CITY,Joao Monlevade,True
8427,JP,1851259,CITY,Tahara,True
8428,MX,8583283,CITY,Othon P  Blanco,True
8429,JP,2112978,CITY,Date,True
8430,BR,3447005,CITY,Tambau,True
8431,BR,3456445,CITY,Mutum,True
8432,RO,683120,CITY,Municipiul Buzau,True
8433,BR,6318726,CITY,Suzanapolis,True
8434,BR,3462377,CITY,Goiania,True
8435,DE,6557613,CITY,Gutersloh,True
8436,BR,3471854,CITY,Araci,True
8437,MX,8582015,CITY,Eduardo Neri,True
8438,BR,3451190,CITY,Rio de Janeiro,True
8439,SE,2696473,CITY,Lessebo,True
8440,BR,3394549,CITY,Monteiro,True
8441,GB,3333184,CITY,Reading,True
8442,BR,3458129,CITY,Major Gercino,True
8443,TR,743166,CITY,Kirklareli,True
8444,BR,6317397,CITY,Juara,True
8445,DE,2844265,CITY,Roth,True
8446,BR,6316881,CITY,Colider,True
8447,PT,2265472,CITY,Odemira,True
8448,BR,3464219,CITY,Engenheiro Beltrao,True
8449,MX,4004275,CITY,Ixtlahuacan de los Membrillos,True
8450,BR,3460669,CITY,Itapora,True
8451,MX,3980180,CITY,Frontera,True
8452,FR,3013726,CITY,Hautes Pyrenees,True
8453,AE,292932,CITY,Ajman,True
8454,NL,2757340,CITY,Delfzijl,True
8455,CA,77400103,CITY,Les Appalaches,True
8456,BR,3457094,CITY,Mirassolandia,True
8457,BR,3461316,CITY,Indaial,True
8458,TR,324768,CITY,Akdagmadeni,True
8459,RO,671832,CITY,Oltenita,True
8460,BR,3449860,CITY,Santa Rita de Caldas,True
8461,AR,3858677,CITY,Lago Argentino,True
8462,KZ,1518542,CITY,Taldykorgan,True
8463,BR,3390760,CITY,Recife,True
8464,EG,52200079,CITY,Nabaroh,True
8465,JP,1853677,CITY,Ota,True
8466,US,4076795,CITY,Montgomery,True
8467,BR,3466752,CITY,Cassia,True
8468,BR,3472798,CITY,Aiuruoca,True
8469,JP,7413169,CITY,Ashikita,True
8470,MX,3532815,CITY,Apan,True
8471,BR,3451635,CITY,Restinga,True
8472,EG,52200215,CITY,Faiyum,True
8473,MX,8583149,CITY,Nopalucan,True
8474,TR,316262,CITY,Dosemealti,True
8475,JP,9062326,CITY,Kai,True
8476,US,5391997,CITY,San Francisco,True
8477,JP,7406326,CITY,Miyoshi,True
8478,TR,741484,CITY,Mudurnu,True
8479,RO,54440352,CITY,Drăgușeni,True
8480,BR,6319955,CITY,Nossa Senhora de Nazare,True
8481,MX,3517915,CITY,San Rafael,True
8482,BR,3463066,CITY,Forquilhinha,True
8483,NL,2748217,CITY,Reusel De Mierden,True
8484,BR,3469968,CITY,Blumenau,True
8485,SA,32000000286,CITY,Makkah,True
8486,TR,6947641,CITY,Buyukcekmece,True
8487,JP,1860735,CITY,Kakamigahara,True
8488,FI,640276,CITY,Raahe,True
8489,BR,3404889,CITY,Brejo,True
8490,MX,3533379,CITY,Acula,True
8491,BR,3460563,CITY,Itinga,True
8492,JP,1865387,CITY,Amagasaki,True
8493,BR,3467512,CITY,Cangucu,True
8494,BR,3463993,CITY,Espera Feliz,True
8495,BR,3392054,CITY,Pinheiro,True
8496,SE,2716958,CITY,Eda,True
8497,SA,32000000273,CITY,Al Nuayriyah,True
8498,EG,354364,CITY,Kafr Az Zayyat,True
8499,JP,2110891,CITY,Takahata,True
8500,BR,6316399,CITY,Antonio Cardoso,True
8501,CH,2660646,CITY,Geneva,True
8502,BR,3402442,CITY,Catunda,True
8503,DE,3220797,CITY,Weissenburg Gunzenhausen,True
8504,BR,3460803,CITY,Itamogi,True
8505,SA,108435,CITY,Ar Rass,True
8506,DK,2620147,CITY,Holbæk,True
8507,IE,52900010,CITY,Carlow,True
8508,JP,6822206,CITY,Hirakawa,True
8509,BR,3663529,CITY,Manacapuru,True
8510,BR,6319903,CITY,Fartura do Piaui,True
8511,EG,359493,CITY,Zagazig,True
8512,TR,9538820,CITY,Tepebasi,True
8513,BR,6318184,CITY,Rondon do Para,True
8514,MX,3514060,CITY,Zapotlan de Juarez,True
8515,FI,9610675,CITY,Vakka-Suomi,True
8516,JP,1850158,CITY,Tokushima,True
8517,MX,8583325,CITY,Tamasopo,True
8518,BR,6319257,CITY,Candeias do Jamari,True
8519,JP,1865078,CITY,Asahi,True
8520,JP,1853514,CITY,Owase,True
8521,MX,3521081,CITY,Puebla,True
8522,FR,3012849,CITY,Ille et Vilaine,True
8523,BR,6323959,CITY,Davinopolis,True
8524,BR,3398028,CITY,Iraucuba,True
8525,BR,3469455,CITY,Bom Jardim de Minas,True
8526,BR,6320243,CITY,Severiano Melo,True
8527,CA,77400121,CITY,Stephenville,True
8528,TR,295781,CITY,Demre,True
8529,JP,2112555,CITY,Itako,True
8530,BR,3449930,CITY,Santana dos Montes,True
8531,NL,2749756,CITY,Nunspeet,True
8532,MX,3530926,CITY,Chicontepec,True
8533,FR,3037147,CITY,Ardeche,True
8534,JP,1861312,CITY,Itakura,True
8535,BR,3447965,CITY,Satiro Dias,True
8536,BR,6322146,CITY,Bom Sucesso de Itarare,True
8537,AR,52000058,CITY,Dolores,True
8538,MX,8582034,CITY,Calnali,True
8539,JP,1861814,CITY,Ikaruga,True
8540,BR,3450232,CITY,Santa Fe do Sul,True
8541,BR,3449216,CITY,Sao Felipe,True
8542,JP,1863693,CITY,Gamagori,True
8543,BR,3403309,CITY,Cantanhede,True
8544,MX,4012607,CITY,Coyuca de Catalan,True
8545,EG,352181,CITY,Mit Ghamr,True
8546,SE,2669772,CITY,Taby,True
8547,MX,3514843,CITY,Vega de Alatorre,True
8548,BR,3452548,CITY,Potiragua,True
8549,CH,8260140,CITY,Bernese Jura,True
8550,SE,2664454,CITY,Vasteras,True
8551,TR,301770,CITY,Saricam,True
8552,BR,3453229,CITY,Pongai,True
8553,BR,6324025,CITY,Montividiu do Norte,True
8554,BR,3390732,CITY,Redencao,True
8555,NO,54040065,CITY,Asnes,True
8556,MX,3513966,CITY,Zumpango,True
8557,CH,2658761,CITY,Schaffhausen,True
8558,BR,3459187,CITY,Lagoa Dourada,True
8559,RO,666936,CITY,Santana,True
8560,BR,3465184,CITY,Crisopolis,True
8561,DE,2871034,CITY,Minden Lubbecke,True
8562,BR,3473218,CITY,Acajutiba,True
8563,AR,3432355,CITY,Bermejo,True
8564,BR,3461889,CITY,Guaranta,True
8565,MX,3526488,CITY,Jiquipilas,True
8566,BR,6321280,CITY,Comendador Gomes,True
8567,RO,54440773,CITY,Călimănești,True
8568,BR,3468425,CITY,Cachoeiras de Macacu,True
8569,BR,3466704,CITY,Castro,True
8570,MX,3982616,CITY,Tala,True
8571,BR,3408274,CITY,Afogados da Ingazeira,True
8572,DK,2622447,CITY,Esbjerg,True
8573,BR,3389062,CITY,Santo Antonio do Taua,True
8574,BR,3461874,CITY,Guararapes,True
8575,MX,4004267,CITY,Ixtlan del Rio,True
8576,SE,2693759,CITY,Ludvika,True
8577,NO,3134592,CITY,Tinn,True
8578,BR,3392829,CITY,Paudalho,True
8579,MX,3996069,CITY,Mexicali,True
8580,BR,6318519,CITY,Sao Jose do Xingu,True
8581,DE,3221121,CITY,Hochsauerland,True
8582,DE,3249086,CITY,Oder Spree,True
8583,BR,3447259,CITY,Sumare,True
8584,MA,6547283,CITY,Meknes,True
8585,GB,2644974,CITY,Lancashire,True
8586,JP,2129537,CITY,Kitami,True
8587,BR,6323812,CITY,Canarana,True
8588,BR,3453315,CITY,Pocone,True
8589,JP,11612541,CITY,Minamisatsuma,True
8590,TR,301911,CITY,Sandikli,True
8591,JP,11612565,CITY,Maniwa,True
8592,CA,6059891,CITY,Longueuil,True
8593,DE,2882265,CITY,Kusel,True
8594,BR,3451159,CITY,Rio dos Cedros,True
8595,MX,4018831,CITY,Aldama,True
8596,BR,3468436,CITY,Cachoeira do Sul,True
8597,MX,3533433,CITY,Acatzingo,True
8598,BR,6321100,CITY,Xique Xique,True
8599,BR,6320000,CITY,Sao Goncalo do Gurgueia,True
8600,BR,3460594,CITY,Itatinga,True
8601,AT,2772400,CITY,Linz,True
8602,JP,1856977,CITY,Mishima,True
8603,BR,3446606,CITY,Teresopolis,True
8604,BR,3451783,CITY,Realeza,True
8605,RO,667441,CITY,Seimeni,True
8606,BR,6318776,CITY,Timbo Grande,True
8607,CA,6075061,CITY,Mirabel,True
8608,BR,3464598,CITY,Dois Irmaos,True
8609,DE,2952984,CITY,Bamberg,True
8610,GB,2649469,CITY,Fife,True
8611,NL,2755420,CITY,Gouda,True
8612,BR,3468723,CITY,Buritizal,True
8613,BR,3457595,CITY,Martinopolis,True
8614,MX,3516376,CITY,Tamiahua,True
8615,BR,3455406,CITY,Palmeiras,True
8616,FR,3012804,CITY,Indre et Loire,True
8617,JP,6822138,CITY,Niiza,True
8618,BR,3461631,CITY,Iaras,True
8619,NL,12022125,CITY,Midden Groningen,True
8620,MX,3530240,CITY,Cordoba,True
8621,BR,3456277,CITY,Nobres,True
8622,BR,3392456,CITY,Pedreiras,True
8623,DE,3247464,CITY,Cochem Zell,True
8624,DE,6554291,CITY,Trier,True
8625,JP,7405900,CITY,Kami,True
8626,NL,2748178,CITY,Albrandswaard,True
8627,FR,3023414,CITY,Cotes d'Armor,True
8628,MX,4014875,CITY,Celaya,True
8629,TR,314573,CITY,Germencik,True
8630,MX,3527451,CITY,General Teran,True
8631,BR,3461955,CITY,Guape,True
8632,BR,3466634,CITY,Catuipe,True
8633,BR,3448676,CITY,Sao Jose de Uba,True
8634,MA,2555745,CITY,Beni Mellal,True
8635,TR,315697,CITY,Elmali,True
8636,BR,3463668,CITY,Extrema,True
8637,BD,1185185,CITY,Kushtia,True
8638,MX,8582893,CITY,Santa Maria Jalapa del Marques,True
8639,BR,3471354,CITY,Ataleia,True
8640,JP,1848087,CITY,Yukuhashi,True
8641,US,5339268,CITY,Contra Costa,True
8642,NL,2751773,CITY,Leiden,True
8643,BR,3445782,CITY,Umuarama,True
8644,BR,3469587,CITY,Bofete,True
8645,RO,680894,CITY,Corbasca,True
8646,GB,2640500,CITY,Pembrokeshire,True
8647,CA,77400009,CITY,Yukon,True
8648,BR,3404117,CITY,Caico,True
8649,JP,2110735,CITY,Tōno,True
8650,CH,11611648,CITY,Surselva,True
8651,BR,3397608,CITY,Jaqueira,True
8652,DK,2620425,CITY,Herning,True
8653,JP,1896348,CITY,Hikari,True
8654,BR,3397985,CITY,Itaguatins,True
8655,BR,6319409,CITY,Igarape Acu,True
8656,BR,3446053,CITY,Treze Tilias,True
8657,AR,52000049,CITY,Saladillo,True
8658,NL,2751283,CITY,Maastricht,True
8659,BR,3448207,CITY,Sao Sepe,True
8660,GB,3333203,CITY,Stockton on Tees,True
8661,JP,6822163,CITY,Iruma,True
8662,BR,3465935,CITY,Colina,True
8663,RO,667005,CITY,Sinmartin,True
8664,BR,3391571,CITY,Pombal,True
8665,BR,3466902,CITY,Carmo do Paranaiba,True
8666,TR,9552222,CITY,Artuklu,True
8667,BR,3406160,CITY,Barreiros,True
8668,MX,8583346,CITY,Matlapa,True
8669,CH,2658822,CITY,St Gallen,True
8670,BR,3386622,CITY,Taquaritinga do Norte,True
8671,IT,3171172,CITY,Pesaro and Urbino,True
8672,DE,2883784,CITY,Kronach,True
8673,BR,3461080,CITY,Ipua,True
8674,BR,3458238,CITY,Macaubal,True
8675,NL,2756772,CITY,Doesburg,True
8676,JP,2110596,CITY,Wakuya,True
8677,FR,3013500,CITY,Herault,True
8678,BR,3411916,CITY,Muricilandia,True
8679,BR,3459785,CITY,Joao Pinheiro,True
8680,DE,3249069,CITY,Dithmarschen,True
8681,JP,1860728,CITY,Kakegawa,True
8682,MX,8581696,CITY,Benito Juarez,True
8683,BR,3446581,CITY,Terra Rica,True
8684,JP,2112923,CITY,Fukushima,True
8685,BR,6322046,CITY,Paty do Alferes,True
8686,MX,3979822,CITY,Zacoalco de Torres,True
8687,JP,1854774,CITY,Ōda,True
8688,JP,1861795,CITY,Ikeda,True
8689,BD,1337207,CITY,Jessore,True
8690,JP,2130531,CITY,Biei,True
8691,BR,3446943,CITY,Tanquinho,True
8692,MX,8584011,CITY,Villa Hidalgo,True
8693,BR,3391774,CITY,Pocao de Pedras,True
8694,BR,3451856,CITY,Rancharia,True
8695,TR,325330,CITY,Adiyaman,True
8696,JP,6822108,CITY,Inashiki,True
8697,BR,3449475,CITY,Santo Cristo,True
8698,GB,2642559,CITY,Midlothian,True
8699,TR,746958,CITY,Gemlik,True
8700,BR,3458701,CITY,Lavinia,True
8701,DE,2892518,CITY,Kassel,True
8702,PK,1176734,CITY,Hyderabad,True
8703,BR,3466616,CITY,Caturai,True
8704,BR,3455342,CITY,Palmital,True
8705,US,5308878,CITY,Pima,True
8706,BR,3469169,CITY,Borda da Mata,True
8707,MX,3979706,CITY,Zaragoza,True
8708,BR,3393801,CITY,Areial,True
8709,BR,3445831,CITY,Uberlandia,True
8710,BR,6323104,CITY,Cocal do Sul,True
8711,BR,3444859,CITY,Wagner,True
8712,TR,312134,CITY,Hilvan,True
8713,BR,3411881,CITY,Buriti do Tocantins,True
8714,BR,3468607,CITY,Cabo Verde,True
8715,BR,3463152,CITY,Formigueiro,True
8716,RO,685586,CITY,Bals,True
8717,BR,3454628,CITY,Pecanha,True
8718,BR,3388301,CITY,Sao Miguel,True
8719,FI,52300004,CITY,Jarviseutu,True
8720,MA,2544363,CITY,Khemisset,True
8721,TR,314716,CITY,Gediz,True
8722,RO,673634,CITY,Mediaş,True
8723,BR,3448439,CITY,Sao Paulo,True
8724,MX,3530385,CITY,Comalcalco,True
8725,BR,3411891,CITY,Esperantina,True
8726,JP,1848935,CITY,Wake,True
8727,JP,11611481,CITY,Tosashimizu,True
8728,MX,3532499,CITY,Ayutla de los Libres,True
8729,BR,3473235,CITY,Abre Campo,True
8730,BR,3461633,CITY,Iapu,True
8731,MX,8582356,CITY,Tuzantla,True
8732,BR,3446098,CITY,Tres Lagoas,True
8733,SA,106297,CITY,Hafar Al Batin,True
8734,BR,3467680,CITY,Campos Gerais,True
8735,BR,3392425,CITY,Pedro Velho,True
8736,BR,3402496,CITY,Campo Alegre de Lourdes,True
8737,MA,2543546,CITY,Larache,True
8738,BR,3451362,CITY,Ribeirao Branco,True
8739,BR,6316919,CITY,Cordislandia,True
8740,RO,672615,CITY,Murgeni,True
8741,MX,8583540,CITY,San Jose Teacalco,True
8742,BR,3450901,CITY,Roque Gonzales,True
8743,BR,6319329,CITY,Manicore,True
8744,JP,1851273,CITY,Tagawa,True
8745,TR,7732925,CITY,Develi,True
8746,PT,2739187,CITY,Fundão,True
8747,NL,2758878,CITY,Bladel,True
8748,BR,3470451,CITY,Barretos,True
8749,BR,3400497,CITY,Farias Brito,True
8750,IT,3182163,CITY,Bergamo,True
8751,BR,3459922,CITY,Jeremoabo,True
8752,US,5067114,CITY,Douglas,True
8753,BR,6316994,CITY,David Canabarro,True
8754,BR,3445528,CITY,Varzea da Roca,True
8755,NL,2760123,CITY,Aalten,True
8756,JP,11611479,CITY,Yamanashi,True
8757,MX,3514437,CITY,Xochitepec,True
8758,BR,3449842,CITY,Santa Rosa do Tocantins,True
8759,BR,3388868,CITY,Sao Domingos do Maranhao,True
8760,BR,6316340,CITY,Alexania,True
8761,BR,3452085,CITY,Queimadas,True
8762,BR,3444979,CITY,Mallet,True
8763,TR,750598,CITY,Bilecik,True
8764,BR,6317828,CITY,Ouro Verde de Goias,True
8765,EG,52200174,CITY,Edfu,True
8766,MX,8582413,CITY,San Blas,True
8767,BR,3461565,CITY,Ibirataia,True
8768,MX,8582811,CITY,San Pedro y San Pablo Ayutla,True
8769,BR,3472585,CITY,Alfredo Wagner,True
8770,GB,3333232,CITY,North Ayrshire,True
8771,JP,1852831,CITY,Sayo,True
8772,CH,8740971,CITY,Willisau,True
8773,BR,3406088,CITY,Barro,True
8774,EG,52200185,CITY,Ras Ghareb,True
8775,BR,6319483,CITY,Tome Acu,True
8776,BR,3396979,CITY,Juruti,True
8777,US,5042563,CITY,Ramsey,True
8778,BR,3407002,CITY,Assuncao,True
8779,TR,9549878,CITY,Suleymanpasa,True
8780,CH,6458829,CITY,Lebern,True
8781,EG,9495544,CITY,Montaza,True
8782,BR,3457752,CITY,Maria da Fe,True
8783,GB,2653814,CITY,Ceredigion,True
8784,CA,5924500,CITY,Coaticook,True
8785,MA,2534445,CITY,Sidi-Kacem,True
8786,AR,3833367,CITY,Ushuaia,True
8787,MA,2529649,CITY,Taroudant,True
8788,BR,3398331,CITY,Iguatu,True
8789,TR,320448,CITY,Bulanik,True
8790,BR,6319235,CITY,Corumbiara,True
8791,BR,3449056,CITY,Sao Goncalo do Sapucai,True
8792,BR,3461572,CITY,Ibirapitanga,True
8793,BR,6317799,CITY,Novo Planalto,True
8794,BR,3468908,CITY,Britania,True
8795,BR,6322102,CITY,Aramina,True
8796,AR,3833512,CITY,Tupungato,True
8797,BR,6318694,CITY,Simoes Filho,True
8798,BR,3387296,CITY,Sobral,True
8799,BR,6320980,CITY,Novo Triunfo,True
8800,MX,3515794,CITY,Tequixquiac,True
8801,JP,1855380,CITY,Ninomiya,True
8802,RO,678050,CITY,Floresti,True
8803,BR,3407239,CITY,Araruna,True
8804,FI,639734,CITY,Rauma,True
8805,BR,3472174,CITY,Anguera,True
8806,NO,3162321,CITY,Austevoll,True
8807,BR,3396016,CITY,Macapa,True
8808,RO,6691648,CITY,Municipiul Brasov,True
8809,BR,3460774,CITY,Itaocara,True
8810,ZA,8347360,CITY,Lejweleputswa,True
8811,JP,2112370,CITY,Kanegasaki,True
8812,IT,3164600,CITY,Venice,True
8813,BD,1337181,CITY,Faridpur,True
8814,BR,3446652,CITY,Telemaco Borba,True
8815,MX,8873020,CITY,El Espinal,True
8816,JP,2112517,CITY,Iwate,True
8817,GB,3333236,CITY,South Lanarkshire,True
8818,BR,3468966,CITY,Brejo Alegre,True
8819,TR,314072,CITY,Golhisar,True
8820,BR,3465165,CITY,Cristalia,True
8821,BR,3394649,CITY,Mombaca,True
8822,TR,307623,CITY,Kirkagac,True
8823,EG,347750,CITY,Sumusta El Waqf,True
8824,DE,2847553,CITY,Rhon Grabfeld,True
8825,NL,2754848,CITY,Harderwijk,True
8826,AR,3854446,CITY,Guer Aike,True
8827,BR,3397936,CITY,Itapecuru Mirim,True
8828,TR,740430,CITY,Safranbolu,True
8829,BR,3460531,CITY,Ituacu,True
8830,DK,2620583,CITY,Hedensted,True
8831,AR,3864331,CITY,Union,True
8832,MX,8581746,CITY,Ocotepec,True
8833,BR,3453610,CITY,Piraju,True
8834,IT,3166396,CITY,Sondrio,True
8835,BR,6318696,CITY,Sinop,True
8836,BR,3460465,CITY,Jaboti,True
8837,BR,6319271,CITY,Teixeiropolis,True
8838,DE,6558284,CITY,Schwandorf,True
8839,MX,3988361,CITY,Ruiz,True
8840,DK,6543939,CITY,Vesthimmerland Municipality,True
8841,SE,2671392,CITY,Strangnas,True
8842,DE,2938913,CITY,Darmstadt,True
8843,NL,2757872,CITY,Culemborg,True
8844,BR,3466174,CITY,Cianorte,True
8845,MX,8582056,CITY,San Agustin Metzquititlan,True
8846,FI,658225,CITY,Helsinki,True
8847,JP,2110498,CITY,Yonezawa,True
8848,BR,3460651,CITY,Itapui,True
8849,BR,6318208,CITY,Salto do Lontra,True
8850,JP,2129245,CITY,Mikasa,True
8851,BR,3461042,CITY,Irani,True
8852,BR,3445348,CITY,Wenceslau Braz,True
8853,TR,297564,CITY,Yatagan,True
8854,BR,6323304,CITY,Uniao do Oeste,True
8855,TR,738743,CITY,Tokat,True
8856,RO,670474,CITY,Ploieşti,True
8857,MX,3992842,CITY,Petatlan,True
8858,MX,6955094,CITY,Cintalapa,True
8859,TR,747503,CITY,Enez,True
8860,TR,739788,CITY,Serdivan,True
8861,AR,3852468,CITY,Presidente Roque Saenz Pena,True
8862,BR,3396877,CITY,Lagoa da Canoa,True
8863,TR,748893,CITY,Corlu,True
8864,IT,3174658,CITY,Livorno,True
8865,NO,3146478,CITY,Malselv,True
8866,BR,3464051,CITY,Herval,True
8867,BR,3467908,CITY,Campestre,True
8868,BR,3455475,CITY,Palma,True
8869,MX,4006163,CITY,Fresnillo,True
8870,JP,2112444,CITY,Kamaishi,True
8871,NO,54040017,CITY,Valer,True
8872,BR,3469173,CITY,Borborema,True
8873,AE,292968,CITY,Abu Dhabi,True
8874,BR,3447856,CITY,Senador Amaral,True
8875,BR,3472728,CITY,Alcobaca,True
8876,BR,6318962,CITY,Wenceslau Guimaraes,True
8877,JP,1860119,CITY,Kanonji,True
8878,MX,3979802,CITY,Zamora,True
8879,JP,2111149,CITY,Sendai,True
8880,MX,4026082,CITY,Lazaro Cardenas,True
8881,MX,8582252,CITY,Zacualpan,True
8882,GB,3333172,CITY,Middlesbrough,True
8883,SE,2665675,CITY,Valdemarsvik,True
8884,BR,3453741,CITY,Pinheiro Machado,True
8885,BR,3395497,CITY,Maracacume,True
8886,BR,3445941,CITY,Tupaciguara,True
8887,FI,9610648,CITY,North Eastern Savonia,True
8888,BR,3446713,CITY,Tarumirim,True
8889,BR,3399377,CITY,Fortuna,True
8890,SE,2704007,CITY,Hylte,True
8891,BR,6319443,CITY,Parauapebas,True
8892,US,4553440,CITY,Tulsa,True
8893,DE,2955936,CITY,Ansbach,True
8894,BR,6323654,CITY,Sentinela do Sul,True
8895,US,4715635,CITY,Nueces,True
8896,JP,1860748,CITY,Kashima,True
8897,BR,3403208,CITY,Capanema,True
8898,US,4318532,CITY,Caddo,True
8899,BR,3460960,CITY,Itabira,True
8900,JP,1859747,CITY,Kawachinagano,True
8901,BR,3402538,CITY,Catarina,True
8902,CA,5947585,CITY,Elgin,True
8903,BD,1337190,CITY,Moulvibazar,True
8904,BR,3471422,CITY,Arroio Grande,True
8905,GB,3333228,CITY,East Renfrewshire,True
8906,BR,3451740,CITY,Redencao da Serra,True
8907,PK,1180289,CITY,Dera Ghazi Khan,True
8908,CA,77400068,CITY,Selkirk,True
8909,GB,2652355,CITY,Cornwall,True
8910,TR,7732736,CITY,Cide,True
8911,BR,6322690,CITY,Barra do Jacare,True
8912,TR,320528,CITY,Buca,True
8913,BR,6316548,CITY,Bela Vista do Maranhao,True
8914,BR,3457222,CITY,Mesquita,True
8915,TR,304355,CITY,Milas,True
8916,JP,1851604,CITY,Sōka,True
8917,MX,3525079,CITY,Reforma,True
8918,MX,8582492,CITY,Cosolapa,True
8919,BR,3407938,CITY,Alianca,True
8920,CA,6176823,CITY,Waterloo,True
8921,BR,3456880,CITY,Monte Alegre de Minas,True
8922,BR,6318714,CITY,Sorriso,True
8923,BR,6319825,CITY,Turiacu,True
8924,BR,3466692,CITY,Catanduva,True
8925,MX,3526487,CITY,Jiquipilco,True
8926,NL,2751073,CITY,Medemblik,True
8927,JP,1856199,CITY,Nagaoka,True
8928,BR,3448871,CITY,Sao Joao do Caiua,True
8929,BR,3461659,CITY,Horizontina,True
8930,US,4074277,CITY,Madison,True
8931,NL,2759794,CITY,Amsterdam,True
8932,AR,52000076,CITY,Arrecifes,True
8933,BR,3661980,CITY,Tarauaca,True
8934,BR,3406202,CITY,Barreirinha,True
8935,BR,3455049,CITY,Paranhos,True
8936,JP,1853338,CITY,Sabae,True
8937,BR,6323992,CITY,Israelandia,True
8938,BR,3458446,CITY,Lontra,True
8939,US,4685912,CITY,Denton,True
8940,BR,3470160,CITY,Bela Vista do Toldo,True
8941,RO,676438,CITY,Gurghiu,True
8942,NL,2757783,CITY,De Bilt,True
8943,BR,3470127,CITY,Belo Horizonte,True
8944,JP,1864750,CITY,Beppu,True
8945,BR,3455786,CITY,Orizona,True
8946,TR,324490,CITY,Aksehir,True
8947,CA,6066254,CITY,Maria Chapdelaine,True
8948,TR,309647,CITY,Agri,True
8949,BR,3397702,CITY,Jacunda,True
8950,MA,2542997,CITY,Marrakesh,True
8951,JP,1857665,CITY,Marugame,True
8952,BR,6317344,CITY,Jaboatao dos Guararapes,True
8953,JP,7407429,CITY,Sue,True
8954,BR,3464044,CITY,Ervalia,True
8955,BR,3472234,CITY,Angatuba,True
8956,SE,2715351,CITY,Fargelanda,True
8957,BR,6316648,CITY,Brasnorte,True
8958,BR,3460728,CITY,Itapetininga,True
8959,CH,6458853,CITY,Rheinfelden,True
8960,EG,360763,CITY,Mansoura,True
8961,JP,1863985,CITY,Fukui,True
8962,JP,1926054,CITY,Saijo,True
8963,GB,2653940,CITY,Cambridgeshire,True
8964,DK,2612045,CITY,Svendborg,True
8965,TR,741737,CITY,Manyas,True
8966,IT,3169069,CITY,Rome,True
8967,GB,3333244,CITY,Monmouthshire,True
8968,AR,3844298,CITY,Metan,True
8969,BR,3454646,CITY,Pavao,True
8970,PK,50100005,CITY,Nasirabad,True
8971,CA,6154640,CITY,Squamish Lillooet,True
8972,SA,32000000283,CITY,Al Bad,True
8973,PT,2732649,CITY,Vila do Conde,True
8974,US,5521001,CITY,El Paso,True
8975,DK,2625070,CITY,Aabenraa,True
8976,BR,6324283,CITY,Avelino Lopes,True
8977,BR,3446232,CITY,Tramandai,True
8978,BR,6324154,CITY,Ipiranga de Goias,True
8979,BR,3403642,CITY,Campina Grande,True
8980,PK,1180281,CITY,Dera Ismail Khan,True
8981,JP,1859740,CITY,Kawagoe,True
8982,CH,11611655,CITY,Landquart,True
8983,BR,3401283,CITY,Currais Novos,True
8984,BR,3465999,CITY,Cocalinho,True
8985,IT,3182748,CITY,Ascoli Piceno,True
8986,JP,1864549,CITY,Chiryu,True
8987,BR,3458817,CITY,Lapao,True
8988,BR,6318104,CITY,Raposa,True
8989,JP,2111530,CITY,Ofunato,True
8990,BR,3459907,CITY,Jesuania,True
8991,GB,2641455,CITY,Norfolk,True
8992,BR,3462535,CITY,Gaspar,True
8993,BR,3454535,CITY,Pedra do Anta,True
8994,TR,749508,CITY,Caycuma,True
8995,BR,3469626,CITY,Bocaina,True
8996,CA,77400110,CITY,Temiscouata,True
8997,BR,6322634,CITY,Turiuba,True
8998,JP,6822097,CITY,Chikusei,True
8999,TR,744814,CITY,Kalecik,True
9000,JP,1855476,CITY,Nichinan,True
9001,BR,3385538,CITY,Vargem Grande,True
9002,JP,1860672,CITY,Kamakura,True
9003,US,4335045,CITY,Orleans,True
9004,BR,3465090,CITY,Cruzeiro,True
9005,TR,747764,CITY,Duzce,True
9006,BR,3459147,CITY,Lagoa Real,True
9007,BR,3446420,CITY,Tiradentes,True
9008,BR,6323383,CITY,Capitao,True
9009,JP,11612338,CITY,Awaji Island,True
9010,SA,10972288,CITY,Turayf,True
9011,AR,3434095,CITY,Esquina,True
9012,JP,1857553,CITY,Matsudo,True
9013,DE,2930523,CITY,Emmendingen,True
9014,FR,3013736,CITY,Haute Savoie,True
9015,BR,6316906,CITY,Concordia do Para,True
9016,BR,3450964,CITY,Rolandia,True
9017,MX,4019082,CITY,Ahualulco de Mercado,True
9018,TR,299137,CITY,Tire,True
9019,BR,3407895,CITY,Almino Afonso,True
9020,JP,1865187,CITY,Arakawa,True
9021,BR,6317105,CITY,Euclides da Cunha Paulista,True
9022,MX,8581709,CITY,Cuauhtemoc,True
9023,TR,308948,CITY,Kas,True
9024,JP,1849831,CITY,Toyooka,True
9025,AR,3838797,CITY,Rio Segundo,True
9026,TR,320557,CITY,Bozuyuk,True
9027,JP,7464124,CITY,Kuki,True
9028,TR,308335,CITY,Kecioren,True
9029,BR,3449350,CITY,Sao Bento do Sul,True
9030,JP,7475133,CITY,Bunkyō,True
9031,BR,3467707,CITY,Campo Novo,True
9032,BR,3448640,CITY,Sao Jose do Rio Pardo,True
9033,DE,2937959,CITY,Dessau Rosslau,True
9034,PT,2735787,CITY,Póvoa de Varzim,True
9035,TR,751950,CITY,Ardanuc,True
9036,BD,1337162,CITY,Joypurhat,True
9037,MX,3520064,CITY,Salina Cruz,True
9038,BR,3390965,CITY,Quipapa,True
9039,RO,677219,CITY,Gârbovi,True
9040,BR,3468560,CITY,Cacapava do Sul,True
9041,BR,3403687,CITY,Camocim,True
9042,IE,7778675,CITY,Limerick City,True
9043,FR,2975249,CITY,Seine et Marne,True
9044,BD,1337170,CITY,Sherpur,True
9045,BR,3466723,CITY,Castelo,True
9046,BR,6319147,CITY,Nova Maringa,True
9047,MX,8583131,CITY,Jolalpan,True
9048,JP,11611950,CITY,Etajima,True
9049,BR,3407260,CITY,Ararenda,True
9050,TR,320552,CITY,Bozyazi,True
9051,BR,3452330,CITY,Presidente Getulio,True
9052,BR,6320849,CITY,Governador Mangabeira,True
9053,BR,3461224,CITY,Inhambupe,True
9054,BR,3450563,CITY,Salto de Pirapora,True
9055,BR,3451942,CITY,Quinze de Novembro,True
9056,SA,102912,CITY,Al Khafji,True
9057,BR,3451166,CITY,Rio do Pires,True
9058,SE,2694503,CITY,Ljusdal,True
9059,BR,3453682,CITY,Piquete,True
9060,ES,2516394,CITY,Jaen,True
9061,MX,8583215,CITY,Tepexi de Rodriguez,True
9062,BR,3451662,CITY,Reserva,True
9063,TR,305742,CITY,Kulu,True
9064,BR,3449822,CITY,Santa Rosa,True
9065,DE,2930044,CITY,Ennepe Ruhr,True
9066,MX,3988258,CITY,Sahuayo,True
9067,JP,6822213,CITY,Yamagata,True
9068,MX,3982887,CITY,Sombrerete,True
9069,SE,2669118,CITY,Tibro,True
9070,CA,5920173,CITY,Charlevoix,True
9071,GB,3333181,CITY,Plymouth,True
9072,MX,8583108,CITY,Francisco Z  Mena,True
9073,MX,3515363,CITY,Tlatlauquitepec,True
9074,MX,3827409,CITY,Cuauhtemoc,True
9075,TR,302819,CITY,Patnos,True
9076,NO,54040104,CITY,Stad,True
9077,CA,6101546,CITY,Perth,True
9078,ZA,8347369,CITY,iLembe,True
9079,TR,313199,CITY,Guzelyurt,True
9080,BR,6319335,CITY,Novo Aripuana,True
9081,TR,323750,CITY,Araban,True
9082,BR,3462339,CITY,Gonzaga,True
9083,BR,3465881,CITY,Colorado,True
9084,JP,11612563,CITY,Bungoono,True
9085,DK,2624843,CITY,Allerød Municipality,True
9086,DE,2864118,CITY,Rhein-Kreis Neuss,True
9087,DE,3249078,CITY,Stormarn,True
9088,CH,7285001,CITY,Toggenburg,True
9089,FI,632370,CITY,Varkaus,True
9090,DE,6547441,CITY,Pforzheim,True
9091,BR,6323722,CITY,Angelica,True
9092,DE,3220748,CITY,Hohenlohe,True
9093,BR,3458160,CITY,Madre de Deus de Minas,True
9094,BR,3393017,CITY,Parelhas,True
9095,JP,1862992,CITY,Hayama,True
9096,SE,2685750,CITY,Ostersund,True
9097,JP,11612704,CITY,Rikuzentakata,True
9098,US,4279253,CITY,Shawnee,True
9099,BR,3388435,CITY,Sao Jose do Egito,True
9100,DE,3220784,CITY,Schwabisch Hall,True
9101,DE,2957567,CITY,Altenkirchen,True
9102,DE,3249084,CITY,Oberhavel,True
9103,BD,51360001,CITY,Rangamati,True
9104,BR,3402875,CITY,Carius,True
9105,JP,1850345,CITY,Toba,True
9106,JP,8715035,CITY,Nakano,True
9107,NL,2751792,CITY,Leeuwarden,True
9108,JP,1858836,CITY,Konan,True
9109,NO,3137974,CITY,Sogndal,True
9110,JP,1859647,CITY,Kawasaki,True
9111,BR,3448639,CITY,Sao Jose do Rio Preto,True
9112,DE,3220842,CITY,Weilheim Schongau,True
9113,BR,3386842,CITY,Tangara,True
9114,MX,8583666,CITY,Atlacomulco,True
9115,JP,6822201,CITY,Oga,True
9116,EG,350373,CITY,Qutur,True
9117,CA,77400048,CITY,La Ronge,True
9118,BR,3457854,CITY,Maracas,True
9119,DE,6557433,CITY,Cuxhaven,True
9120,JP,11468429,CITY,Kuwana,True
9121,FR,2987410,CITY,Rhone,True
9122,RO,678499,CITY,Fagaras,True
9123,JP,1856068,CITY,Nago,True
9124,US,4273638,CITY,Johnson,True
9125,PT,2734351,CITY,São Pedro do Sul,True
9126,MX,8583155,CITY,Palmar de Bravo,True
9127,GB,3333177,CITY,North Somerset,True
9128,MX,4017984,CITY,Atoyac de Alvarez,True
9129,MX,3981145,CITY,Trancoso,True
9130,TR,312289,CITY,Haymana,True
9131,BR,3452440,CITY,Prata,True
9132,BR,3460301,CITY,Jacui,True
9133,JP,1857522,CITY,Matsukawa,True
9134,BR,3445442,CITY,Varzelandia,True
9135,BR,6318128,CITY,Ribeirao do Sul,True
9136,BR,6318055,CITY,Presidente Dutra,True
9137,BR,3472508,CITY,Alpestre,True
9138,JP,2111669,CITY,Natori,True
9139,CA,77400001,CITY,Kitikmeot,True
9140,BR,3398054,CITY,Iracema,True
9141,BR,6318823,CITY,Ubirata,True
9142,BR,3471291,CITY,Avare,True
9143,JP,1852901,CITY,Tamba-Sasayama,True
9144,BR,3450188,CITY,Santa Isabel,True
9145,RO,679328,CITY,Darjiu,True
9146,BR,3388846,CITY,Sao Fernando,True
9147,US,5411363,CITY,Adams,True
9148,BR,3461700,CITY,Heliopolis,True
9149,TR,311453,CITY,Imamoglu,True
9150,DE,2925034,CITY,Freising,True
9151,JP,1860112,CITY,Kanoya,True
9152,BR,3449118,CITY,Sao Francisco de Sales,True
9153,DE,6551296,CITY,Neumunster,True
9154,MX,3522790,CITY,Naucalpan,True
9155,BR,3452331,CITY,Presidente Epitacio,True
9156,BR,3471094,CITY,Baixa Grande,True
9157,GB,3333246,CITY,Newport,True
9158,BR,3390682,CITY,Remanso,True
9159,BR,3468869,CITY,Bueno Brandao,True
9160,BR,3456795,CITY,Montividiu,True
9161,BR,6320005,CITY,Sao Joao do Arraial,True
9162,DE,3247909,CITY,Rhein Pfalz,True
9163,DK,6543928,CITY,Odsherred Municipality,True
9164,BR,3471911,CITY,Apuarema,True
9165,MX,4018597,CITY,Amatitan,True
9166,EG,358095,CITY,Diyarb Negm,True
9167,JP,1860765,CITY,Kaizuka,True
9168,JP,7392558,CITY,Yasugi,True
9169,MX,4009788,CITY,El Fuerte,True
9170,BR,3398384,CITY,Icapui,True
9171,US,4931378,CITY,Bristol,True
9172,AR,3835994,CITY,Capital,True
9173,BR,3445895,CITY,Turvo,True
9174,RO,679861,CITY,Cuzăplac,True
9175,BR,3401457,CITY,Cruz do Espirito Santo,True
9176,BR,3472761,CITY,Alambari,True
9177,JP,1855612,CITY,Nara,True
9178,JP,7405908,CITY,Sakawa,True
9179,BR,6318874,CITY,Venda Nova do Imigrante,True
9180,MX,8582417,CITY,Tecuala,True
9181,JP,6822171,CITY,Kinokawa,True
9182,DE,2954172,CITY,Augsburg,True
9183,BR,3459996,CITY,Jaupaci,True
9184,CA,77400117,CITY,Les Etchemins,True
9185,RO,680841,CITY,Corcova,True
9186,AT,2780189,CITY,Eisenstadt Umgebung,True
9187,NL,2744721,CITY,Westerkwartier,True
9188,RO,676625,CITY,Gruia,True
9189,MX,3522551,CITY,Nuevo Laredo,True
9190,MX,3985865,CITY,San Juan de los Lagos,True
9191,JP,1849556,CITY,Tsuru,True
9192,CA,77400024,CITY,Kootenay Boundary,True
9193,CH,8260137,CITY,Seeland,True
9194,MX,3526983,CITY,Huayacocotla,True
9195,EG,421600,CITY,Badr,True
9196,US,4684904,CITY,Dallas,True
9197,JP,1854026,CITY,Ono,True
9198,NL,2746351,CITY,Tholen,True
9199,TR,300352,CITY,Sorgun,True
9200,CH,2659703,CITY,Meilen,True
9201,MX,8583661,CITY,Almoloya de Juarez,True
9202,TR,313249,CITY,Guzelbahce,True
9203,JP,1859223,CITY,Kiyama,True
9204,SE,2717884,CITY,Degerfors,True
9205,BR,3456395,CITY,Naque,True
9206,JP,1859951,CITY,Kashihara,True
9207,US,5583739,CITY,Ada,True
9208,BR,6322856,CITY,Manoel Ribas,True
9209,BR,3389384,CITY,Santana do Ipanema,True
9210,JP,1859146,CITY,Kochi,True
9211,TR,304612,CITY,Menemen,True
9212,TR,296852,CITY,Erzin,True
9213,BR,6316924,CITY,Coronel Joao Sa,True
9214,JP,2111049,CITY,Shiogama,True
9215,BD,1337215,CITY,Bhola,True
9216,FR,2973357,CITY,Tarn et Garonne,True
9217,BR,3472337,CITY,Americo de Campos,True
9218,RO,54440754,CITY,Grivița,True
9219,MX,3988333,CITY,Sabinas,True
9220,BR,3457528,CITY,Mata de Sao Joao,True
9221,NO,3135813,CITY,Stranda,True
9222,CA,77400089,CITY,Haldimand Norfolk,True
9223,BR,6319494,CITY,Calcoene,True
9224,BR,3452170,CITY,Quartel Geral,True
9225,DE,6551127,CITY,Dresden,True
9226,BR,3457359,CITY,Medianeira,True
9227,BR,6319433,CITY,Novo Progresso,True
9228,MX,3521334,CITY,Playa Vicente,True
9229,DK,6543944,CITY,Ikast-Brande Municipality,True
9230,JP,1856367,CITY,Musashino,True
9231,RO,672486,CITY,Navodari,True
9232,MX,8581714,CITY,Venustiano Carranza,True
9233,BR,3464724,CITY,Diamantino,True
9234,CH,2658216,CITY,Uster,True
9235,DE,2820456,CITY,Uelzen,True
9236,IT,3168842,CITY,Rovigo,True
9237,TR,9807307,CITY,Catak,True
9238,BR,3450841,CITY,Rubim,True
9239,BR,3446370,CITY,Toledo,True
9240,BR,3451236,CITY,Rio Casca,True
9241,BR,3404760,CITY,Bujaru,True
9242,SE,2667876,CITY,Torsby,True
9243,DE,3220971,CITY,Odenwald,True
9244,BR,3459565,CITY,Joviania,True
9245,DE,2904804,CITY,Hildburghausen,True
9246,BR,3388269,CITY,Sao Miguel dos Campos,True
9247,BR,3388949,CITY,Sao Bernardo,True
9248,TR,321426,CITY,Bergama,True
9249,SE,2712045,CITY,Gislaved,True
9250,JP,1852003,CITY,Shiojiri,True
9251,RO,674295,CITY,Lupeni,True
9252,JP,2112708,CITY,Hitachi,True
9253,BR,3460831,CITY,Itajuipe,True
9254,BR,3386551,CITY,Taua,True
9255,DE,2875601,CITY,Lubeck,True
9256,CA,6942554,CITY,Haliburton,True
9257,BR,3387204,CITY,Soure,True
9258,BR,3462003,CITY,Guaicara,True
9259,PT,2732773,CITY,Viana do Castelo,True
9260,BR,6320974,CITY,Nova Fatima,True
9261,BR,6322242,CITY,Florida Paulista,True
9262,DE,8648415,CITY,Vorpommern Greifswald,True
9263,BR,3472343,CITY,Americana,True
9264,BR,6319759,CITY,Paulino Neves,True
9265,BR,3397976,CITY,Itainopolis,True
9266,AT,2760634,CITY,Zell am See,True
9267,US,4211716,CITY,Muscogee,True
9268,PT,2738154,CITY,Lousã,True
9269,BR,3445821,CITY,Uibai,True
9270,BR,3460512,CITY,Itutinga,True
9271,BR,3393465,CITY,Oros,True
9272,BR,3473252,CITY,Abelardo Luz,True
9273,BR,3456394,CITY,Narandiba,True
9274,PT,2269514,CITY,Castelo Branco,True
9275,BR,3408386,CITY,Acara,True
9276,FR,3023532,CITY,Correze,True
9277,EG,346030,CITY,Zefta,True
9278,NL,2756077,CITY,Enkhuizen,True
9279,JP,11611624,CITY,Katano,True
9280,BR,3447565,CITY,Silvianopolis,True
9281,BR,3471424,CITY,Arroio do Tigre,True
9282,PT,2737502,CITY,Montalegre,True
9283,RO,667388,CITY,Sepreus,True
9284,BR,6317832,CITY,Ouroeste,True
9285,BR,6318453,CITY,Sao Joao das Missoes,True
9286,BR,6317033,CITY,Domingos Mourao,True
9287,JP,2113164,CITY,Abiko,True
9288,DE,3249081,CITY,Elbe Elster,True
9289,MX,4013085,CITY,Compostela,True
9290,US,5687489,CITY,Yellowstone,True
9291,BR,3401522,CITY,Cristino Castro,True
9292,MX,3517178,CITY,Santa Maria Zacatepec,True
9293,RO,683041,CITY,Cajvana,True
9294,JP,6822103,CITY,Kamisu,True
9295,BR,3453647,CITY,Piracema,True
9296,JP,1852109,CITY,Shingū,True
9297,BR,3460102,CITY,Jaragua do Sul,True
9298,JP,6697563,CITY,Neyagawa,True
9299,US,4196508,CITY,Fulton,True
9300,KR,8659217,CITY,Jeonju,True
9301,BR,6319660,CITY,Bernardo do Mearim,True
9302,BR,3466325,CITY,Jussara,True
9303,ZA,8347379,CITY,John Taolo Gaetsewe,True
9304,BR,3461624,CITY,Ibatiba,True
9305,MX,8582464,CITY,Sabinas Hidalgo,True
9306,JP,1852765,CITY,Seki,True
9307,JP,1864151,CITY,Fuchu,True
9308,CA,77400066,CITY,Winnipeg,True
9309,TR,740881,CITY,Osmaneli,True
9310,MX,8582291,CITY,Hidalgo,True
9311,SE,2682995,CITY,Rattvik,True
9312,SE,606086,CITY,Gallivare,True
9313,BR,3468428,CITY,Cachoeira Paulista,True
9314,BR,3465662,CITY,Congonhas do Norte,True
9315,BR,3390896,CITY,Quixere,True
9316,BR,3395880,CITY,Major Isidoro,True
9317,TR,302903,CITY,Pamukkale,True
9318,DE,51000000,CITY,Karlsruhe,True
9319,BR,3469459,CITY,Bom Jardim da Serra,True
9320,TR,746565,CITY,Gorele,True
9321,GB,2651385,CITY,Denbighshire,True
9322,AR,3852288,CITY,Lacar,True
9323,JP,1854492,CITY,Oiso,True
9324,SE,2669098,CITY,Tierp,True
9325,MX,3515484,CITY,Tlacolula de Matamoros,True
9326,CA,6035949,CITY,La Co te de Gaspe,True
9327,MX,4014603,CITY,Chalchihuites,True
9328,MX,4015022,CITY,Castanos,True
9329,BR,3456416,CITY,Mutunopolis,True
9330,BR,3452775,CITY,Porto Ferreira,True
9331,MX,8581955,CITY,Coahuayutla de Jose Maria Izazaga,True
9332,MX,8583649,CITY,Lopez,True
9333,BR,6323862,CITY,Primavera do Leste,True
9334,CA,6076803,CITY,Montcalm,True
9335,BR,3479329,CITY,Paraiso do Tocantins,True
9336,PT,2261577,CITY,Vila Viçosa,True
9337,RO,664437,CITY,Turnu Magurele,True
9338,BR,3460530,CITY,Itubera,True
9339,BR,3461055,CITY,Iracemapolis,True
9340,TR,311073,CITY,Isparta,True
9341,MX,8583707,CITY,Las Choapas,True
9342,JP,1853237,CITY,Saiki,True
9343,BR,3471296,CITY,Avanhandava,True
9344,BR,3464363,CITY,Edeia,True
9345,DE,3249087,CITY,Ostprignitz Ruppin,True
9346,CA,5969782,CITY,Hamilton,True
9347,BR,6318201,CITY,Salete,True
9348,BR,3447047,CITY,Taiuva,True
9349,MX,3527795,CITY,Escarcega,True
9350,TR,751817,CITY,Artvin,True
9351,MX,4017936,CITY,Ayotlan,True
9352,BR,3460558,CITY,Itiquira,True
9353,BR,3460697,CITY,Itapirapua,True
9354,BR,3472609,CITY,Alem Paraiba,True
9355,MX,8583272,CITY,El Marques,True
9356,TR,324496,CITY,Aksaray,True
9357,AR,52000082,CITY,Exaltacion de la Cruz,True
9358,BR,3468732,CITY,Buritis,True
9359,NL,2754817,CITY,Harlingen,True
9360,CH,2658377,CITY,Thun,True
9361,MX,3521951,CITY,Panotla,True
9362,GB,2644667,CITY,Leicestershire,True
9363,CA,77400062,CITY,Wynyard,True
9364,BR,3445993,CITY,Tubarao,True
9365,TR,300640,CITY,Sirnak,True
9366,MX,3996387,CITY,Matehuala,True
9367,JP,1858665,CITY,Koto,True
9368,AR,3855139,CITY,General Alvear,True
9369,BR,3452237,CITY,Promissao,True
9370,MX,4003908,CITY,Jocotepec,True
9371,TR,752184,CITY,Alapli,True
9372,BR,3454575,CITY,Pedra Bela,True
9373,BR,3446495,CITY,Tijucas do Sul,True
9374,DE,2935517,CITY,Dortmund,True
9375,BR,3451146,CITY,Rio Espera,True
9376,BR,6320460,CITY,Barra de Guabiraba,True
9377,JP,1859924,CITY,Kashiwa,True
9378,MX,3526467,CITY,Jojutla,True
9379,MX,3530531,CITY,Coatepec,True
9380,NO,777554,CITY,Sor Varanger,True
9381,BR,6316968,CITY,Cruzeiro do Iguacu,True
9382,BR,3407243,CITY,Araripina,True
9383,BR,3451522,CITY,Retirolandia,True
9384,EG,52200214,CITY,Benha,True
9385,BR,3448331,CITY,Sao Pedro do Turvo,True
9386,JP,7374301,CITY,Jinsekikogen,True
9387,US,4163456,CITY,Marion,True
9388,MX,3526665,CITY,Ixtlan de Juarez,True
9389,DE,2825001,CITY,Sudliche Weinstrasse,True
9390,BR,3456068,CITY,Novo Hamburgo,True
9391,BR,3398112,CITY,Ipu,True
9392,DE,6557346,CITY,Pinneberg,True
9393,BR,3398931,CITY,Gilbues,True
9394,AR,52000025,CITY,Olavarria,True
9395,BR,3394884,CITY,Milagres,True
9396,FI,648900,CITY,Lappeenranta,True
9397,JP,6822144,CITY,Matsuura,True
9398,BR,3461543,CITY,Ibitirama,True
9399,CH,2657970,CITY,Winterthur,True
9400,FR,2967681,CITY,Vosges,True
9401,BR,3395966,CITY,Machados,True
9402,BR,3460549,CITY,Itirucu,True
9403,BR,3456057,CITY,Novo Mundo,True
9404,US,4153840,CITY,Saint Johns,True
9405,BR,3471208,CITY,Baependi,True
9406,GB,3333209,CITY,Telford and Wrekin,True
9407,BR,3454231,CITY,Penedo,True
9408,CH,2659422,CITY,Nyon,True
9409,BR,3448502,CITY,Sao Mateus do Sul,True
9410,BR,3447852,CITY,Senador Firmino,True
9411,JP,6822141,CITY,Kaga,True
9412,US,4700821,CITY,Jefferson,True
9413,NL,2758460,CITY,Boxtel,True
9414,BR,3461857,CITY,Guaratuba,True
9415,NL,2759887,CITY,Almelo,True
9416,DE,3249085,CITY,Oberspreewald Lausitz,True
9417,MX,4014338,CITY,Chihuahua,True
9418,BD,1337204,CITY,Jhenaidah,True
9419,BR,3447562,CITY,Simao Dias,True
9420,CA,5989818,CITY,Kawartha Lakes,True
9421,RO,664163,CITY,Uricani,True
9422,CA,77400026,CITY,Medicine Hat,True
9423,MX,11021234,CITY,Buenavista,True
9424,JP,11027142,CITY,Kamisato,True
9425,BR,3472666,CITY,Alegre,True
9426,BR,3447505,CITY,Sitio do Quinto,True
9427,JP,1852663,CITY,Seto,True
9428,MX,8583891,CITY,Halacho,True
9429,SE,2715081,CITY,Filipstad,True
9430,BR,3446947,CITY,Tanque Novo,True
9431,BR,3452241,CITY,Progresso,True
9432,BR,6319644,CITY,Araguana,True
9433,MX,8583355,CITY,Elota,True
9434,SA,10972347,CITY,Ad Darb,True
9435,BR,3386889,CITY,Itambe,True
9436,BR,6319619,CITY,Sao Sebastiao do Tocantins,True
9437,AR,3430415,CITY,Nogoya,True
9438,JP,7412218,CITY,Kawai,True
9439,BR,3458132,CITY,Mairinque,True
9440,MX,3514675,CITY,Villa Guerrero,True
9441,BR,3402613,CITY,Cascavel,True
9442,BR,3445847,CITY,Ubatuba,True
9443,CA,5886182,CITY,Antigonish,True
9444,BR,6320276,CITY,Barra de Santana,True
9445,NL,2756559,CITY,Dronten,True
9446,BR,3471377,CITY,Assai,True
9447,BR,6319677,CITY,Capinzal do Norte,True
9448,JP,1854186,CITY,Omachi,True
9449,JP,7417088,CITY,Minowa,True
9450,BR,3386874,CITY,Tamboril,True
9451,BR,3455251,CITY,Panorama,True
9452,JP,1851504,CITY,Sugito,True
9453,BR,3393588,CITY,Olho d'Agua do Casado,True
9454,JP,1852502,CITY,Shiki,True
9455,MX,4028100,CITY,Armeria,True
9456,NL,2753719,CITY,Hoogeveen,True
9457,BR,3449506,CITY,Santo Antonio do Itambe,True
9458,BR,3469425,CITY,Bom Jesus do Itabapoana,True
9459,JP,1862024,CITY,Ibigawa,True
9460,RO,673921,CITY,Mangalia,True
9461,BR,6320632,CITY,Colonia Leopoldina,True
9462,MX,3516942,CITY,Santiago Laollaga,True
9463,BR,3460005,CITY,Jau,True
9464,JP,1859393,CITY,Kisarazu,True
9465,MX,3515827,CITY,Tepotzotlan,True
9466,SE,2708181,CITY,Hammaro,True
9467,TR,746574,CITY,Gonen,True
9468,BR,3392996,CITY,Parnarama,True
9469,BR,3456816,CITY,Monte Santo de Minas,True
9470,MX,3516355,CITY,Tampico,True
9471,GB,2636561,CITY,Suffolk,True
9472,JP,1864973,CITY,Aso,True
9473,BR,3463140,CITY,Formosa,True
9474,JP,1851390,CITY,Susaki,True
9475,MX,4005509,CITY,Guadalupe,True
9476,BR,6317595,CITY,Ministro Andreazza,True
9477,BR,3460620,CITY,Itarare,True
9478,MX,3521168,CITY,Poza Rica,True
9479,JP,6822129,CITY,Tama,True
9480,IT,3178796,CITY,Chieti,True
9481,BR,6316741,CITY,Campo Limpo Paulista,True
9482,BR,6318349,CITY,Santo Antonio de Goias,True
9483,BR,3449859,CITY,Jacutinga,True
9484,PK,1164408,CITY,Sukkur,True
9485,BR,6319028,CITY,Sao Jose do Piaui,True
9486,DK,2615886,CITY,Odder,True
9487,JP,7407437,CITY,Hirokawa,True
9488,MX,3517970,CITY,San Pedro Pochutla,True
9489,CH,6458820,CITY,See,True
9490,BR,6319463,CITY,Santana do Araguaia,True
9491,SA,32000000301,CITY,Al Qunfudhah,True
9492,JP,7475134,CITY,Taito,True
9493,BR,3663516,CITY,Mancio Lima,True
9494,JP,1864637,CITY,Chichibu,True
9495,BR,3664852,CITY,Caapiranga,True
9496,BR,3472129,CITY,Anita Garibaldi,True
9497,BR,6320899,CITY,Itape,True
9498,BR,3467985,CITY,Cambara,True
9499,PT,2732265,CITY,Viseu,True
9500,MX,3987246,CITY,San Felipe,True
9501,SE,2715946,CITY,Eslov,True
9502,JP,2113015,CITY,Chiba,True
9503,BR,3455784,CITY,Orleans,True
9504,BR,6323853,CITY,Planalto da Serra,True
9505,BR,3461510,CITY,Iconha,True
9506,BR,3461783,CITY,Guatambu,True
9507,BR,3456946,CITY,Mondai,True
9508,JP,1847968,CITY,Zushi,True
9509,BR,3388847,CITY,Sao Felix do Xingu,True
9510,BR,3398115,CITY,Ipojuca,True
9511,NL,2747373,CITY,The Hague,True
9512,BR,3461946,CITY,Guapirama,True
9513,JP,1859093,CITY,Koga,True
9514,JP,1849237,CITY,Uozu,True
9515,DE,2881509,CITY,Landsberg,True
9516,BR,3405304,CITY,Bom Jesus,True
9517,TR,745344,CITY,Ilgaz,True
9518,TR,313658,CITY,Gulsehir,True
9519,MX,4015700,CITY,Cananea,True
9520,BR,3446619,CITY,Terenos,True
9521,NL,2759407,CITY,Barneveld,True
9522,RO,668732,CITY,Roman,True
9523,BR,3462759,CITY,Sao Gabriel,True
9524,JP,1851319,CITY,Tachiarai,True
9525,JP,1863209,CITY,Handa,True
9526,JP,7391357,CITY,Kanzaki,True
9527,BR,3470164,CITY,Bela Vista de Goias,True
9528,BR,3445126,CITY,Videira,True
9529,BR,3402849,CITY,Carnaiba,True
9530,BR,3398419,CITY,Iati,True
9531,BR,3458930,CITY,Lages,True
9532,BR,6322916,CITY,Perola d'Oeste,True
9533,EG,347796,CITY,Sohag,True
9534,EG,360928,CITY,Al Khankah,True
9535,BR,3447757,CITY,Serra Azul,True
9536,BR,3397851,CITY,Itupiranga,True
9537,SE,2702261,CITY,Kalmar,True
9538,MX,8583345,CITY,Villa de Arista,True
9539,MX,8582259,CITY,Aguililla,True
9540,BR,3460837,CITY,Itagiba,True
9541,JP,6822137,CITY,Misato,True
9542,JP,1854960,CITY,Nose,True
9543,BR,3408210,CITY,Agua Branca,True
9544,BR,3466165,CITY,Cidreira,True
9545,PT,2737651,CITY,Mira,True
9546,GB,3333243,CITY,Merthyr Tydfil,True
9547,KZ,1519422,CITY,Semey,True
9548,FR,2990129,CITY,Nord,True
9549,DE,2824948,CITY,Suhl,True
9550,DE,52060017,CITY,Aschaffenburg,True
9551,MX,4014795,CITY,Cerritos,True
9552,TR,739061,CITY,Taskopru,True
9553,MX,3530123,CITY,Coyotepec,True
9554,BR,6319146,CITY,Nova Marilandia,True
9555,PT,2267226,CITY,Lagos,True
9556,JP,6822136,CITY,Higashiyamato,True
9557,JP,1853655,CITY,Ōta,True
9558,BR,3461641,CITY,Iaciara,True
9559,BR,3464381,CITY,Dumont,True
9560,BR,3462999,CITY,Francisco Alves,True
9561,BD,1337188,CITY,Sunamganj,True
9562,US,5528613,CITY,Potter,True
9563,JP,1856717,CITY,Miyazaki,True
9564,DE,3247461,CITY,Mayen Koblenz,True
9565,BR,3448813,CITY,Sao Jorge d'Oeste,True
9566,BR,3398178,CITY,Inhuma,True
9567,BR,3394661,CITY,Moju,True
9568,CH,2661513,CITY,Biel Bienne,True
9569,GB,3333159,CITY,Kingston upon Hull,True
9570,BR,3401404,CITY,Cumaru,True
9571,EG,7800138,CITY,15 May,True
9572,MA,6546164,CITY,Driouch,True
9573,BD,1337216,CITY,Patuakhali,True
9574,BR,3468894,CITY,Brumadinho,True
9575,BR,3468823,CITY,Boquim,True
9576,JP,1855670,CITY,Nanao,True
9577,MX,3998655,CITY,Leon,True
9578,BR,3456070,CITY,Novo Cruzeiro,True
9579,FR,2968815,CITY,Paris,True
9580,JP,2129395,CITY,Kuroishi,True
9581,JP,1863611,CITY,Kobe,True
9582,MX,8583664,CITY,Amatepec,True
9583,MX,3815701,CITY,Chilon,True
9584,NL,2750947,CITY,Meppel,True
9585,BR,3470825,CITY,Bariri,True
9586,MX,3991328,CITY,Puerto Vallarta,True
9587,AR,3860469,CITY,Comandante Fernandez,True
9588,ZA,1007311,CITY,eThekwini,True
9589,BR,3407453,CITY,Aparecida,True
9590,JP,7392556,CITY,Okuizumo,True
9591,NL,2759621,CITY,Asten,True
9592,MX,8583198,CITY,Soltepec,True
9593,BR,3460740,CITY,Itapema,True
9594,BR,3458354,CITY,Luiziania,True
9595,ZA,55500001,CITY,Umgungundlovu,True
9596,DE,2939623,CITY,Dachau,True
9597,JP,1864873,CITY,Ayabe,True
9598,JP,1848096,CITY,Yuki,True
9599,MX,8583914,CITY,Oxkutzcab,True
9600,BR,3460197,CITY,Jaguaruna,True
9601,BR,3466913,CITY,Carmo,True
9602,FR,2967196,CITY,Yvelines,True
9603,BR,3446692,CITY,Tatui,True
9604,JP,8300557,CITY,Kajiki,True
9605,MX,3518407,CITY,San Martin Texmelucan,True
9606,JP,1849892,CITY,Tottori,True
9607,BR,3452711,CITY,Porto Nacional,True
9608,NO,3134628,CITY,Time,True
9609,BR,3447848,CITY,Senges,True
9610,AE,51020006,CITY,Sector 6,True
9611,MA,2546906,CITY,Ifrane,True
9612,PT,2736883,CITY,Paços de Ferreira,True
9613,MX,3976999,CITY,Cihuatlan,True
9614,NL,2744675,CITY,Westervoort,True
9615,NL,2753557,CITY,Houten,True
9616,BR,6317572,CITY,Matrincha,True
9617,DE,2921034,CITY,Germersheim,True
9618,JP,1851155,CITY,Takahama,True
9619,BR,3467764,CITY,Campo do Tenente,True
9620,US,5263058,CITY,Milwaukee,True
9621,BR,3462103,CITY,Grao Mogol,True
9622,TR,296950,CITY,Yenipazar,True
9623,DE,2820860,CITY,Tubingen,True
9624,BR,3388109,CITY,Sao Sebastiao da Boa Vista,True
9625,JP,7452811,CITY,Yachiyo,True
9626,TR,318253,CITY,Cizre,True
9627,MX,3801276,CITY,Tierra Blanca,True
9628,GB,3333173,CITY,Milton Keynes,True
9629,AE,291074,CITY,Ras Al Khaimah,True
9630,CA,6067547,CITY,Maskinonge,True
9631,BR,3388618,CITY,Sao Joao do Piaui,True
9632,BR,6319986,CITY,Ribeira do Piaui,True
9633,MX,8583690,CITY,Villa de Allende,True
9634,JP,7411125,CITY,Kamitonda,True
9635,RO,671187,CITY,Pechea,True
9636,BR,3472287,CITY,Anapolis,True
9637,EG,349114,CITY,Sherbin,True
9638,BR,6319706,CITY,Governador Newton Bello,True
9639,PT,2267254,CITY,Lagoa,True
9640,JP,1863310,CITY,Hamada,True
9641,JP,7412217,CITY,Koryo,True
9642,BR,3456164,CITY,Nova Granada,True
9643,MX,8582912,CITY,Santa Maria Tlahuitoltepec,True
9644,BR,3403344,CITY,Caninde de Sao Francisco,True
9645,JP,11612345,CITY,Shikokuchuo,True
9646,BR,3447840,CITY,Senhora dos Remedios,True
9647,BR,6319525,CITY,Barra do Ouro,True
9648,MX,8583336,CITY,Villa de Guadalupe,True
9649,TR,304418,CITY,Mezitli,True
9650,BR,6321846,CITY,Sem Peixe,True
9651,JP,7370814,CITY,Kasai,True
9652,BR,6324224,CITY,Gloria,True
9653,CA,5964700,CITY,Sudbury,True
9654,BR,6319722,CITY,Joselandia,True
9655,CA,77400091,CITY,Greater Sudbury / Grand Sudbury,True
9656,JP,1862034,CITY,Ibara,True
9657,JP,1862912,CITY,Hekinan,True
9658,DE,2871992,CITY,Memmingen,True
9659,IT,3165072,CITY,Udine,True
9660,BR,3472298,CITY,Anage,True
9661,NL,54020006,CITY,Twenterand,True
9662,MX,8583290,CITY,Alaquines,True
9663,EG,355549,CITY,Imbaba,True
9664,JP,1848852,CITY,Yabu,True
9665,BR,3445818,CITY,Umbauba,True
9666,TR,752015,CITY,Amasya,True
9667,BR,3466241,CITY,Chiapeta,True
9668,NO,3161528,CITY,Birkenes,True
9669,JP,1862373,CITY,Hita,True
9670,MX,4004330,CITY,Irapuato,True
9671,BR,3390188,CITY,Rosario,True
9672,JP,1859891,CITY,Kasugai,True
9673,TR,748208,CITY,Derince,True
9674,SE,2709494,CITY,Habo,True
9675,NL,2744114,CITY,Zaanstad,True
9676,JP,1856196,CITY,Nagaokakyo,True
9677,MX,8582887,CITY,Santa Maria Guienagati,True
9678,CH,7285000,CITY,Rheintal,True
9679,MX,6942836,CITY,Asientos,True
9680,DE,3249075,CITY,Rendsburg Eckernforde,True
9681,IT,3164526,CITY,Verona,True
9682,BR,3472822,CITY,Agudos do Sul,True
9683,IT,3171456,CITY,Parma,True
9684,JP,1857679,CITY,Manno,True
9685,BR,6318761,CITY,Teofilandia,True
9686,BR,3459458,CITY,Jundiai do Sul,True
9687,EG,359212,CITY,Beni Mazar,True
9688,BR,3451124,CITY,Rio Negrinho,True
9689,IT,3171727,CITY,Padua,True
9690,BR,3472092,CITY,Anta Gorda,True
9691,JP,6822223,CITY,Nanjo,True
9692,SE,2726240,CITY,Amal,True
9693,BR,3402383,CITY,Caxias,True
9694,BR,3458052,CITY,Candeal,True
9695,BR,6319245,CITY,Rio Crespo,True
9696,CH,7285002,CITY,Broye Vully,True
9697,NL,2756071,CITY,Enschede,True
9698,BR,6324164,CITY,Marcelandia,True
9699,JP,1851670,CITY,Shōō,True
9700,NL,2755251,CITY,Groningen,True
9701,BR,3456399,CITY,Nantes,True
9702,DE,2953323,CITY,Bad Tolz Wolfratshausen,True
9703,JP,1862555,CITY,Hirado,True
9704,JP,2111901,CITY,Mito,True
9705,BR,3399295,CITY,Fronteiras,True
9706,JP,2111884,CITY,Miyako,True
9707,CA,6077243,CITY,Montreal,True
9708,BR,3401109,CITY,Delmiro Gouveia,True
9709,BR,3457235,CITY,Merces,True
9710,ES,3125881,CITY,Castellon,True
9711,TR,323735,CITY,Aralik,True
9712,RO,7733099,CITY,Mioveni,True
9713,IE,2961086,CITY,Tullamore,True
9714,JP,1856697,CITY,Miyoshi,True
9715,IT,3182209,CITY,Belluno,True
9716,SA,54500023,CITY,Samtah,True
9717,JP,1863592,CITY,Gojo,True
9718,BR,3460434,CITY,Jacaraci,True
9719,ES,3113208,CITY,Pontevedra,True
9720,SE,2720383,CITY,Borlange,True
9721,BR,6319952,CITY,Morro do Chapeu do Piaui,True
9722,GB,2653753,CITY,Carmarthenshire,True
9723,JP,6825492,CITY,Sado,True
9724,NL,12022131,CITY,Noardeast Fryslan,True
9725,RO,673685,CITY,Matca,True
9726,JP,1857212,CITY,Minakami,True
9727,JP,11612472,CITY,Shirakawa,True
9728,ZA,55500004,CITY,uMkhanyakude,True
9729,JP,11611476,CITY,Yame,True
9730,ES,2516547,CITY,Huelva,True
9731,BR,3446341,CITY,Tombos,True
9732,BR,6316857,CITY,Cezarina,True
9733,BR,3445727,CITY,Urania,True
9734,JP,92400110,CITY,Nakashibetsu-cho,True
9735,NO,3133350,CITY,Ulstein,True
9736,MX,3531207,CITY,Chalcatongo de Hidalgo,True
9737,MX,4003923,CITY,Jiquilpan,True
9738,BR,3469516,CITY,Bom Despacho,True
9739,NL,2748000,CITY,Roermond,True
9740,BR,3471393,CITY,Aruja,True
9741,NL,2753106,CITY,Kampen,True
9742,TR,305268,CITY,Kutahya,True
9743,MX,8583090,CITY,Chalchicomula de Sesma,True
9744,JP,1858498,CITY,Kudamatsu,True
9745,BR,3460552,CITY,Itirapua,True
9746,JP,2050451,CITY,Oirase,True
9747,TR,748167,CITY,Devrek,True
9748,SE,2670781,CITY,Sundsvall,True
9749,SE,2688368,CITY,Norrkoping,True
9750,BR,3391387,CITY,Porto de Moz,True
9751,BR,6317283,CITY,Inaciolandia,True
9752,EG,52200020,CITY,Nasr City 1,True
9753,NL,2744257,CITY,Woensdrecht,True
9754,BR,6322964,CITY,Rosario do Ivai,True
9755,CH,2659531,CITY,Muri,True
9756,BR,3465516,CITY,Coribe,True
9757,BR,3464460,CITY,Dourados,True
9758,MX,3527639,CITY,Felipe Carrillo Puerto,True
9759,BR,3448897,CITY,Sao Joao da Lagoa,True
9760,BR,6316343,CITY,Alta Floresta,True
9761,AR,52000062,CITY,Rojas,True
9762,BR,6321505,CITY,Nova Uniao,True
9763,MX,4004026,CITY,Jerecuaro,True
9764,BR,6322816,CITY,Itapejara d'Oeste,True
9765,US,4735638,CITY,Tarrant,True
9766,TR,317543,CITY,Datca,True
9767,MX,8582038,CITY,Chapulhuacan,True
9768,CH,6458767,CITY,Sarine,True
9769,MX,4012402,CITY,Cuautitlan de Garcia Barragan,True
9770,DE,2924362,CITY,Friesland,True
9771,MX,3985344,CITY,San Miguel de Allende,True
9772,MX,3519907,CITY,San Andres Tuxtla,True
9773,BR,3465276,CITY,Cotipora,True
9774,MX,3515902,CITY,Tepeapulco,True
9775,CH,7285003,CITY,Gros de Vaud,True
9776,BR,3396601,CITY,Lago da Pedra,True
9777,BR,3445667,CITY,Urussanga,True
9778,AR,3842142,CITY,Almirante Brown,True
9779,BR,3473263,CITY,Abaira,True
9780,BR,6323895,CITY,Aguas Lindas de Goias,True
9781,SE,2708429,CITY,Hallstahammar,True
9782,BR,3386372,CITY,Timbiras,True
9783,BD,1337195,CITY,Lakshmipur,True
9784,BR,3448828,CITY,Sao Joaquim,True
9785,BR,8430485,CITY,Paco do Lumiar,True
9786,JP,92400045,CITY,Ishikari-shi,True
9787,MX,8379485,CITY,Tlalnepantla de Baz,True
9788,BR,3405808,CITY,Belo Monte,True
9789,AR,52000090,CITY,Navarro,True
9790,BR,3466046,CITY,Clevelandia,True
9791,BR,3455362,CITY,Palmeiras de Goias,True
9792,CA,6185217,CITY,Yarmouth,True
9793,DE,3247454,CITY,Rhein Erft,True
9794,JP,7418324,CITY,Kannami,True
9795,MX,8582236,CITY,Sultepec,True
9796,MX,3530103,CITY,Cozumel,True
9797,BR,3461010,CITY,Iretama,True
9798,BR,3457426,CITY,Vila Bela da Santissima Trindade,True
9799,MX,4013579,CITY,Cocula,True
9800,TR,322965,CITY,Avanos,True
9801,TR,308224,CITY,Kemalpasa,True
9802,SE,2725136,CITY,Arvidsjaur,True
9803,BR,3467400,CITY,Capanema,True
9804,SE,2669415,CITY,Tanum,True
9805,JP,1854352,CITY,Oki,True
9806,TR,9549747,CITY,Atakum,True
9807,JP,6822180,CITY,Isumi,True
9808,DE,6557369,CITY,Gifhorn,True
9809,MX,8583994,CITY,Ojocaliente,True
9810,BR,3456412,CITY,Muzambinho,True
9811,JP,2112227,CITY,Kitakami,True
9812,JP,2111781,CITY,Nagai,True
9813,BR,3451205,CITY,Rio das Ostras,True
9814,JP,6822217,CITY,Minokamo,True
9815,GB,2640923,CITY,Orkney,True
9816,DE,2946230,CITY,Borken,True
9817,BR,3467545,CITY,Candido de Abreu,True
9818,BR,3408343,CITY,Acopiara,True
9819,BR,3467609,CITY,Cananeia,True
9820,JP,2112288,CITY,Kawamata,True
9821,BR,3450872,CITY,Rosario Oeste,True
9822,NL,2749851,CITY,Noordoostpolder,True
9823,IT,2522875,CITY,Trapani,True
9824,MX,8581766,CITY,Simojovel,True
9825,MX,8582066,CITY,Orizatlan,True
9826,NL,2756669,CITY,Dordrecht,True
9827,BR,3464513,CITY,Dores de Guanhaes,True
9828,CA,5915565,CITY,Cape Breton,True
9829,BR,3393848,CITY,Nova Olinda,True
9830,MX,4016086,CITY,Calvillo,True
9831,SA,10972354,CITY,Damad,True
9832,TR,7701384,CITY,Karabaglar,True
9833,BR,6317719,CITY,Nova Campina,True
9834,NL,2754669,CITY,Heerenveen,True
9835,SE,2678210,CITY,Skara,True
9836,IE,2961214,CITY,Thurles,True
9837,MX,8583693,CITY,Coscomatepec,True
9838,MX,3522343,CITY,Ometepec,True
9839,TR,748166,CITY,Devrekani,True
9840,SE,2690170,CITY,Nassjo,True
9841,SE,2700199,CITY,Knivsta,True
9842,BR,3392335,CITY,Pequizeiro,True
9843,JP,1863082,CITY,Hashimoto,True
9844,MX,8581748,CITY,Ostuacan,True
9845,IT,3175531,CITY,Imperia,True
9846,JP,1856560,CITY,Moroyama,True
9847,AR,52000063,CITY,General Villegas,True
9848,BR,6316862,CITY,Chapadao do Ceu,True
9849,CA,5968619,CITY,Guysborough,True
9850,BR,3403534,CITY,Campos Sales,True
9851,CA,6052927,CITY,Les Moulins,True
9852,FR,3013760,CITY,Haute Loire,True
9853,MX,3514321,CITY,Yautepec,True
9854,BR,3461789,CITY,Guaruja,True
9855,JP,6822146,CITY,Onojo,True
9856,MA,2529923,CITY,Tarfaya,True
9857,PT,2267827,CITY,Funchal,True
9858,BR,3450873,CITY,Rosario do Sul,True
9859,RO,54440345,CITY,Urzicuța,True
9860,MX,8583853,CITY,Tres Valles,True
9861,MX,8582312,CITY,Mugica,True
9862,BR,6319800,CITY,Sao Joao do Caru,True
9863,JP,11611480,CITY,Urayasu,True
9864,BR,3460723,CITY,Itapeva,True
9865,AR,3855090,CITY,General Guemes,True
9866,AR,3430601,CITY,Montecarlo,True
9867,BR,3456283,CITY,Niteroi,True
9868,TR,751388,CITY,Azdavay,True
9869,BR,3471919,CITY,Apiuna,True
9870,BR,3385658,CITY,Urucui,True
9871,BR,3407319,CITY,Arapoema,True
9872,BR,6317052,CITY,Edealina,True
9873,BR,3450917,CITY,Rondinha,True
9874,JP,1848976,CITY,Wajima,True
9875,MX,4019233,CITY,Aguascalientes,True
9876,SE,2689383,CITY,Nordanstig,True
9877,BR,6323244,CITY,Rio do Oeste,True
9878,RO,54440393,CITY,Municipiul Toplița,True
9879,BR,6316443,CITY,Arroio do Sal,True
9880,RO,674531,CITY,Lugoj,True
9881,BR,3449314,CITY,Sao Carlos do Ivai,True
9882,BR,3461615,CITY,Ibiai,True
9883,JP,1863173,CITY,Hanyu,True
9884,RO,670777,CITY,Pipirig,True
9885,BR,6319351,CITY,Amajari,True
9886,US,5040211,CITY,Olmsted,True
9887,BR,3467792,CITY,Campo Belo do Sul,True
9888,BR,3404306,CITY,Cacimba de Dentro,True
9889,BR,3470636,CITY,Barra Mansa,True
9890,US,5224162,CITY,Providence,True
9891,JP,11611614,CITY,Munakata,True
9892,JP,1848354,CITY,Yokohama,True
9893,BR,3398872,CITY,Governador Archer,True
9894,BR,3468038,CITY,Camacan,True
9895,MX,11778440,CITY,Candelaria,True
9896,BR,6319410,CITY,Igarape Miri,True
9897,CH,2661646,CITY,Baden,True
9898,NO,54040057,CITY,Gjovik,True
9899,BR,3462549,CITY,Garopaba,True
9900,DE,2881646,CITY,Landau,True
9901,BR,3446550,CITY,Tibagi,True
9902,BR,6317850,CITY,Palestina de Goias,True
9903,TR,300997,CITY,Seyhan,True
9904,NL,8549513,CITY,Goeree Overflakkee,True
9905,BR,3453858,CITY,Pindai,True
9906,BR,3461148,CITY,Ipanema,True
9907,JP,1854627,CITY,Ogori,True
9908,CA,5907983,CITY,Brant,True
9909,BR,6321649,CITY,Pedra Bonita,True
9910,SE,2671224,CITY,Stromstad,True
9911,JP,1861416,CITY,Ishigaki,True
9912,BR,6319437,CITY,Oriximina,True
9913,BR,3445594,CITY,Valente,True
9914,BR,3446625,CITY,Teodoro Sampaio,True
9915,CH,6458772,CITY,Kulm,True
9916,EG,52200069,CITY,El Senbellawein,True
9917,BE,2796741,CITY,Hainaut,True
9918,NO,3132208,CITY,Vennesla,True
9919,BR,3471795,CITY,Arapoti,True
9920,TR,7732714,CITY,Cigli,True
9921,DE,2891834,CITY,Kelheim,True
9922,GB,3333178,CITY,Nottingham,True
9923,BR,6319954,CITY,Nazare do Piaui,True
9924,US,5391832,CITY,San Diego,True
9925,BR,3459713,CITY,Joia,True
9926,BR,3469435,CITY,Bom Jesus da Penha,True
9927,CA,77400104,CITY,Le Rocher Perce,True
9928,BR,3457566,CITY,Mascote,True
9929,BR,3471394,CITY,Aruana,True
9930,EG,7772238,CITY,El Hamool,True
9931,BR,3389042,CITY,Santo Inacio do Piaui,True
9932,BR,3445712,CITY,Uruana,True
9933,MX,3531764,CITY,Camargo,True
9934,AR,3832756,CITY,San Javier,True
9935,BR,6317399,CITY,Jucurucu,True
9936,GB,3333235,CITY,South Ayrshire,True
9937,KZ,1521671,CITY,Kostanay District,True
9938,BR,3464873,CITY,Damianopolis,True
9939,MX,3517962,CITY,San Pedro Tapanatepec,True
9940,JP,1848774,CITY,Yaizu,True
9941,DE,2864549,CITY,Neumarkt,True
9942,BR,3472304,CITY,Ampere,True
9943,JP,6822220,CITY,Ena,True
9944,TR,303354,CITY,Ortaca,True
9945,BR,3469927,CITY,Boa Esperanca,True
9946,US,4710229,CITY,McLennan,True
9947,MX,4004647,CITY,Huatabampo,True
9948,JP,2112658,CITY,Ichinomiya,True
9949,CA,5992375,CITY,Kings,True
9950,BR,6318069,CITY,Presidente Tancredo Neves,True
9951,FR,3028791,CITY,Cantal,True
9952,JP,1861305,CITY,Itano,True
9953,BR,3458362,CITY,Luisburgo,True
9954,BR,6319543,CITY,Conceicao do Tocantins,True
9955,BR,6319423,CITY,Marituba,True
9956,GB,2634723,CITY,Warwickshire,True
9957,SA,108512,CITY,Arar,True
9958,TR,321031,CITY,Bismil,True
9959,CH,6458848,CITY,Hofe,True
9960,JP,1861835,CITY,Iizuka,True
9961,DE,3220838,CITY,Munich,True
9962,GB,3333248,CITY,Swansea,True
9963,MX,50200002,CITY,Mezcalapa,True
9964,CA,6073256,CITY,Middlesex,True
9965,BR,6322987,CITY,Sao Joao do Ivai,True
9966,CA,5896444,CITY,Beauce Sartigan,True
9967,BR,3454857,CITY,Passo Fundo,True
9968,DE,6547390,CITY,Kyffhauser,True
9969,GB,2637273,CITY,South Yorkshire,True
9970,TR,738167,CITY,Vezirkopru,True
9971,BR,3445255,CITY,Vere,True
9972,JP,1864902,CITY,Awa,True
9973,AR,3859828,CITY,Cruz del Eje,True
9974,EG,52200057,CITY,Attaka,True
9975,BR,3451709,CITY,Regente Feijo,True
9976,SE,2698681,CITY,Kungsor,True
9977,JP,7391355,CITY,Imari,True
9978,JP,11668552,CITY,Yashio,True
9979,US,5014120,CITY,Washtenaw,True
9980,MA,2555517,CITY,Benslimane,True
9981,BR,6319009,CITY,Conceicao do Lago Acu,True
9982,IT,3179865,CITY,Caserta,True
9983,TR,306570,CITY,Konyaalti,True
9984,TR,741763,CITY,Maltepe,True
9985,MX,3515690,CITY,Tezontepec de Aldama,True
9986,BR,8463414,CITY,Figueirao,True
9987,BR,3461715,CITY,Guzolandia,True
9988,EG,352736,CITY,Marsa Alam,True
9989,BR,3388931,CITY,Sao Caetano,True
9990,BR,3473258,CITY,Abatia,True
9991,NO,54040102,CITY,Alver,True
9992,NO,3133895,CITY,Tromso,True
9993,SA,103369,CITY,Bishah,True
9994,MX,3527065,CITY,Hopelchen,True
9995,MX,3527880,CITY,Emiliano Zapata,True
9996,BR,3450439,CITY,Santa Barbara,True
9997,JP,1850807,CITY,Taki,True
9998,DE,3220966,CITY,Darmstadt Dieburg,True
9999,CA,77400084,CITY,Steinbach,True
10000,BR,3472024,CITY,Antonio Dias,True
10001,TR,738025,CITY,Yalova,True
10002,BR,6323444,CITY,Faxinalzinho,True
10003,TR,9548652,CITY,Onikisubat,True
10004,JP,1848573,CITY,Yanagawa,True
10005,TR,751931,CITY,Arhavi,True
10006,NO,3154209,CITY,Halden,True
10007,BR,3387130,CITY,Sume,True
10008,BR,3471609,CITY,Areia Branca,True
10009,JP,1926004,CITY,Wakayama,True
10010,BR,3457928,CITY,Mantenopolis,True
10011,CH,2658606,CITY,Sierre,True
10012,JP,1862601,CITY,Hino,True
10013,BR,3398135,CITY,Ipiranga do Piaui,True
10014,BR,3385230,CITY,Venturosa,True
10015,DE,6553027,CITY,Mulheim,True
10016,BR,3405051,CITY,Borba,True
10017,MX,3526792,CITY,Iliatenco,True
10018,RO,8334707,CITY,Municipiul Braila,True
10019,MX,3523202,CITY,Milpa Alta,True
10020,BR,3455029,CITY,Paratinga,True
10021,TR,747489,CITY,Erbaa,True
10022,BR,3403353,CITY,Caninde,True
10023,RO,685823,CITY,Oraș Baia Sprie,True
10024,BR,3463174,CITY,Formiga,True
10025,BR,3450401,CITY,Santa Barbara do Sul,True
10026,BR,3460730,CITY,Itapetinga,True
10027,US,5435465,CITY,Pueblo,True
10028,BR,6323947,CITY,Cocalzinho de Goias,True
10029,TR,302043,CITY,Salihli,True
10030,JP,11611942,CITY,Kamagaya,True
10031,BR,6319809,CITY,Sao Pedro dos Crentes,True
10032,BR,3404656,CITY,Caapora,True
10033,MX,3815415,CITY,Tlaxcala,True
10034,BR,3406429,CITY,Barcarena,True
10035,NL,11776989,CITY,Son en Breugel,True
10036,US,5781004,CITY,Salt Lake,True
10037,BR,3387625,CITY,Simoes,True
10038,BR,3460501,CITY,Ivai,True
10039,TR,320369,CITY,Burhaniye,True
10040,MX,3519255,CITY,San Francisco Telixtlahuaca,True
10041,BR,3395449,CITY,Maranguape,True
10042,BR,3468225,CITY,Caicara,True
10043,US,5583239,CITY,Weld,True
10044,BR,3456830,CITY,Monteiro Lobato,True
10045,AT,2781023,CITY,Deutschlandsberg,True
10046,BR,3464971,CITY,Curiuva,True
10047,JP,1858866,CITY,Komono,True
10048,US,5784025,CITY,Utah,True
10049,JP,1850559,CITY,Tatebayashi,True
10050,BR,3454901,CITY,Passa Quatro,True
10051,EG,52200137,CITY,Sinnuris,True
10052,BR,6319312,CITY,Codajas,True
10053,BR,3445675,CITY,Urupes,True
10054,BR,6318063,CITY,Presidente Kennedy,True
10055,BR,3459035,CITY,Lajeado,True
10056,BR,3458079,CITY,Mambore,True
10057,BR,6319839,CITY,Alvorada do Gurgueia,True
10058,DE,6557621,CITY,Herford,True
10059,BR,3449847,CITY,Santa Rita do Sapucai,True
10060,BR,3460733,CITY,Itaperuna,True
10061,US,5173386,CITY,Summit,True
10062,JP,1854083,CITY,Omuta,True
10063,RO,665087,CITY,Timișoara,True
10064,BR,3460813,CITY,Itambe,True
10065,JP,1850164,CITY,Tokunoshima,True
10066,JP,6822161,CITY,Hidaka,True
10067,BR,3471783,CITY,Araquari,True
10068,BR,3467666,CITY,Canaa,True
10069,BR,3405753,CITY,Betania,True
10070,BR,6317394,CITY,Jose Goncalves de Minas,True
10071,KR,6573743,CITY,Yongin,True
10072,BR,3460802,CITY,Itamonte,True
10073,RO,662699,CITY,Viseu de Sus,True
10074,TR,7911054,CITY,Ayancik,True
10075,IT,3172188,CITY,Novara,True
10076,DE,2877648,CITY,Limburg Weilburg,True
10077,ES,2509951,CITY,Valencia,True
10078,DE,6553030,CITY,Solingen,True
10079,DE,2821160,CITY,Trier Saarburg,True
10080,GB,2647716,CITY,Gwynedd,True
10081,MX,8582169,CITY,Quitupan,True
10082,NL,2744911,CITY,Weert,True
10083,RO,680491,CITY,Cotnari,True
10084,BR,3465674,CITY,Congonhal,True
10085,TR,312001,CITY,Selcuklu,True
10086,BR,3466767,CITY,Caseiros,True
10087,BR,3405061,CITY,Boqueirao,True
10088,BR,3389386,CITY,Santana do Cariri,True
10089,BR,3472808,CITY,Aimores,True
10090,BR,3450063,CITY,Santa Maria da Vitoria,True
10091,BR,3394605,CITY,Monte Alegre,True
10092,AR,3429777,CITY,Iguazu,True
10093,CA,6050416,CITY,La Tuque,True
10094,MX,8583299,CITY,Ciudad del Maiz,True
10095,BR,6316400,CITY,Antonio Goncalves,True
10096,BR,3447602,CITY,Severinia,True
10097,JP,11468427,CITY,Kihoku,True
10098,MX,3531434,CITY,Castillo de Teayo,True
10099,FR,2997524,CITY,Lot,True
10100,US,5526341,CITY,Midland,True
10101,BR,3386042,CITY,Trindade,True
10102,RO,54440771,CITY,Băile Olănești,True
10103,CA,6050610,CITY,Laval,True
10104,MX,4005219,CITY,Guasave,True
10105,JP,2110648,CITY,Ugo,True
10106,BR,3447075,CITY,Taguatinga,True
10107,CA,6052938,CITY,Les Pays d'en Haut,True
10108,DE,3220804,CITY,Nurnberger Land,True
10109,ES,3108680,CITY,Soria,True
10110,BR,6318572,CITY,Sao Pedro do Butia,True
10111,FI,651943,CITY,Kokkola,True
10112,BR,3451667,CITY,Resende Costa,True
10113,US,4469393,CITY,Guilford,True
10114,BR,3388270,CITY,Sao Miguel do Guama,True
10115,BR,3389459,CITY,Santa Maria do Para,True
10116,AT,2766824,CITY,Salzburg,True
10117,BR,3473086,CITY,Agua Boa,True
10118,JP,6822114,CITY,Minamiashigara,True
10119,JP,6822182,CITY,Yachiyo,True
10120,CA,5944368,CITY,Durham,True
10121,JP,1857208,CITY,Minamata,True
10122,CA,6325523,CITY,L'Islet,True
10123,NO,3137405,CITY,Sortland,True
10124,ZA,3369157,CITY,Cape Town,True
10125,BR,3469989,CITY,Birigui,True
10126,BR,6321991,CITY,Sao Roque do Canaa,True
10127,EG,52200126,CITY,Kerdasa,True
10128,MX,8583660,CITY,Almoloya de Alquisiras,True
10129,TR,749644,CITY,Catalca,True
10130,BR,3461129,CITY,Ipiau,True
10131,BR,3464411,CITY,Duas Barras,True
10132,ES,2521419,CITY,Badajoz,True
10133,JP,7374340,CITY,Osakikamijima,True
10134,JP,7465531,CITY,Chōsei,True
10135,BR,6316759,CITY,Canapolis,True
10136,BR,6319090,CITY,Umburanas,True
10137,MX,8583440,CITY,Emiliano Zapata,True
10138,BR,6319390,CITY,Canaa dos Carajas,True
10139,AR,3435734,CITY,Candelaria,True
10140,ES,6355235,CITY,Navarre,True
10141,BR,3463251,CITY,Floresta Azul,True
10142,TR,738154,CITY,Vize,True
10143,TR,321191,CITY,Beysehir,True
10144,MX,3516030,CITY,Temoaya,True
10145,ES,2519239,CITY,Cordoba,True
10146,PK,1170880,CITY,Mardan,True
10147,BR,3407351,CITY,Araioses,True
10148,BR,3396121,CITY,Luis Correia,True
10149,BR,3405812,CITY,Belo Jardim,True
10150,TR,307084,CITY,Kiziltepe,True
10151,JP,7413163,CITY,Takamori,True
10152,BD,1337217,CITY,Barguna,True
10153,BR,3467928,CITY,Campanha,True
10154,BR,6321682,CITY,Piumhi,True
10155,MX,3516439,CITY,Tacotalpa,True
10156,BR,6319775,CITY,Presidente Medici,True
10157,BR,3460087,CITY,Jardim,True
10158,BR,3465508,CITY,Cornelio Procopio,True
10159,BR,6320735,CITY,Andorinha,True
10160,TR,738349,CITY,Unye,True
10161,JP,1860234,CITY,Kanda,True
10162,DE,2905434,CITY,Herzogtum Lauenburg,True
10163,NL,2756767,CITY,Doetinchem,True
10164,BR,6321877,CITY,Taquaracu de Minas,True
10165,AR,10231161,CITY,Juan Martin de Pueyrredon,True
10166,KZ,1520316,CITY,Öskemen,True
10167,BR,6323889,CITY,Nova Monte Verde,True
10168,MX,3981725,CITY,Teul de Gonzalez Ortega,True
10169,BR,3398457,CITY,Hidrolandia,True
10170,BR,6318352,CITY,Santo Antonio do Aventureiro,True
10171,BR,3395239,CITY,Massape,True
10172,FR,2975517,CITY,Savoie,True
10173,US,5071741,CITY,Lancaster,True
10174,BR,3453586,CITY,Piranhas,True
10175,BR,3453683,CITY,Piquerobi,True
10176,BR,3466941,CITY,Carira,True
10177,BR,3469430,CITY,Bom Jesus do Amparo,True
10178,JP,1848705,CITY,Yamaga,True
10179,BR,6320889,CITY,Itagimirim,True
10180,BR,3461425,CITY,Ilhabela,True
10181,MX,3514002,CITY,Zontecomatlan,True
10182,BR,3445904,CITY,Turvania,True
10183,US,5303754,CITY,Maricopa,True
10184,JP,2128207,CITY,Shibecha,True
10185,BR,3398570,CITY,Guarabira,True
10186,MX,3980187,CITY,Corregidora,True
10187,RO,685279,CITY,Batar,True
10188,BR,6321980,CITY,Pedro Canario,True
10189,BR,3472448,CITY,Alto Garcas,True
10190,BR,3450650,CITY,Salmourao,True
10191,TR,320995,CITY,Bodrum,True
10192,MX,3993457,CITY,Paracho,True
10193,BR,3392145,CITY,Picui,True
10194,JP,6822193,CITY,Kikugawa,True
10195,BR,3448861,CITY,Sao Joao do Paraiso,True
10196,MX,8581863,CITY,Guadalupe Victoria,True
10197,CH,2658036,CITY,Weinfelden,True
10198,SE,2694560,CITY,Ljungby,True
10199,SE,2711526,CITY,Gotene,True
10200,JP,1849846,CITY,Toyohashi,True
10201,CA,77400049,CITY,Melfort,True
10202,TR,321572,CITY,Belen,True
10203,MX,8581826,CITY,Guadalupe y Calvo,True
10204,BR,3452029,CITY,Quijingue,True
10205,NL,2756723,CITY,Dongen,True
10206,BR,3455787,CITY,Orizania,True
10207,JP,11612682,CITY,Kunisaki,True
10208,MA,2540846,CITY,Ouarzazate Province,True
10209,MX,8583275,CITY,Queretaro,True
10210,JP,1859699,CITY,Kawakami,True
10211,BR,3465983,CITY,Cocos,True
10212,MX,3532465,CITY,Bacalar,True
10213,NO,3145023,CITY,Namsos,True
10214,RO,683394,CITY,Buftea,True
10215,BR,3449948,CITY,Santana de Parnaiba,True
10216,RO,54440197,CITY,Apața,True
10217,BR,6317445,CITY,Lagoa Grande do Maranhao,True
10218,EG,361871,CITY,El Dabaa,True
10219,AR,3853706,CITY,Iriondo,True
10220,BR,3460942,CITY,Itacarambi,True
10221,SE,2700854,CITY,Kinda,True
10222,IE,2961107,CITY,Trim,True
10223,BR,3455111,CITY,Paraiso,True
10224,BR,3457691,CITY,Mariluz,True
10225,MX,8583935,CITY,Tekax,True
10226,MX,8584002,CITY,Tepechitlan,True
10227,KZ,610612,CITY,Aqtau,True
10228,JP,11611611,CITY,Ogi,True
10229,BR,3469048,CITY,Bras Pires,True
10230,SE,2686469,CITY,Ornskoldsvik,True
10231,BR,3469181,CITY,Boraceia,True
10232,MX,3515665,CITY,Ticul de Morales,True
10233,MX,3532899,CITY,Amecameca,True
10234,BR,6318896,CITY,Vila Boa,True
10235,JP,2110564,CITY,Yamanobe,True
10236,SE,2663399,CITY,Vellinge,True
10237,SE,2705055,CITY,Hoor,True
10238,BR,3452320,CITY,Presidente Venceslau,True
10239,JP,2110556,CITY,Yamagata,True
10240,TR,747323,CITY,Esenyurt,True
10241,CH,8260141,CITY,Oberaargau,True
10242,CA,77400087,CITY,Prescott and Russell,True
10243,BR,3460734,CITY,Itaperucu,True
10244,BR,3395720,CITY,Malta,True
10245,BR,3394878,CITY,Milha,True
10246,JP,6822105,CITY,Sakuragawa,True
10247,BR,3472518,CITY,Almirante Tamandare,True
10248,BR,6319639,CITY,Amapa do Maranhao,True
10249,BR,3471839,CITY,Aragoiania,True
10250,BR,3471794,CITY,Arapua,True
10251,GB,2638010,CITY,Shetland,True
10252,JP,2127478,CITY,Yakumo,True
10253,BR,3467687,CITY,Campos Belos,True
10254,PT,2739788,CITY,Fafe,True
10255,TR,11238838,CITY,Merkezefendi,True
10256,MX,8583751,CITY,Miahuatlan,True
10257,TR,320946,CITY,Bogazliyan,True
10258,BR,3471674,CITY,Areado,True
10259,NO,54040060,CITY,Stange,True
10260,MX,3979844,CITY,Zacatecas,True
10261,NL,2747720,CITY,Schagen,True
10262,DK,2624502,CITY,Assens,True
10263,BE,3333250,CITY,Flemish Brabant,True
10264,MX,3524580,CITY,Las Vigas de Ramirez,True
10265,JP,6822106,CITY,Bando,True
10266,BR,6320004,CITY,Sao Joao da Varjota,True
10267,BD,1337197,CITY,Feni,True
10268,RO,668342,CITY,Sacalaz,True
10269,BR,3451474,CITY,Riachao do Jacuipe,True
10270,BR,3450806,CITY,Sabinopolis,True
10271,JP,1863426,CITY,Haebaru,True
10272,AR,3433956,CITY,Federal,True
10273,JP,1857586,CITY,Masuho,True
10274,BR,6321294,CITY,Conquista,True
10275,MX,3533005,CITY,Altamira,True
10276,MX,3520339,CITY,Reynosa,True
10277,NO,54040009,CITY,Ringerike,True
10278,BR,6324276,CITY,Tapaua,True
10279,NO,3136522,CITY,Stord,True
10280,JP,2110683,CITY,Tsukuba,True
10281,BR,3448336,CITY,Sao Pedro do Ivai,True
10282,JP,7405227,CITY,Akaiwa,True
10283,MX,8583089,CITY,Cuyoaco,True
10284,MX,8583314,CITY,Salinas,True
10285,TR,325303,CITY,Afyonkarahisar,True
10286,CA,5935370,CITY,D'Autray,True
10287,MX,6955098,CITY,Copainala,True
10288,AR,3847836,CITY,Belgrano,True
10289,BR,6322978,CITY,Santa Tereza do Oeste,True
10290,AR,52000078,CITY,Pehuajo,True
10291,MX,3515349,CITY,Tlaxco,True
10292,PT,2266977,CITY,Loures,True
10293,MX,3515064,CITY,Tula de Allende,True
10294,JP,92400066,CITY,Yoichi-cho,True
10295,RO,663100,CITY,Vatra Dornei,True
10296,MX,8583047,CITY,Acajete,True
10297,JP,6822169,CITY,Soma,True
10298,MX,3981984,CITY,Tepatitlan,True
10299,TR,9548503,CITY,Sehzadeler,True
10300,CA,6051983,CITY,Le Haut Saint Francois,True
10301,PT,2268615,CITY,Elvas,True
10302,DE,2863941,CITY,Neu Ulm,True
10303,BR,3397931,CITY,Itapetim,True
10304,JP,6822195,CITY,Susono,True
10305,DE,2871673,CITY,Merzig Wadern,True
10306,DE,2856827,CITY,Ostalbkreis,True
10307,BR,6318560,CITY,Sao Paulo das Missoes,True
10308,BR,3467605,CITY,Canapolis,True
10309,BR,3457883,CITY,Manoel Viana,True
10310,AR,52000081,CITY,Colon,True
10311,BR,3390220,CITY,Rodelas,True
10312,BR,3406887,CITY,Bacuri,True
10313,GB,3333223,CITY,Belfast,True
10314,GB,7290534,CITY,Bedford,True
10315,BR,6320677,CITY,Tanque d'Arca,True
10316,FI,656083,CITY,Jamsa,True
10317,BR,6317551,CITY,Marmelopolis,True
10318,JP,2110744,CITY,Tomiya,True
10319,MX,8583105,CITY,Eloxochitlan,True
10320,BR,6319016,CITY,Sao Joao do Paraiso,True
10321,BR,3447656,CITY,Sertao,True
10322,BR,3459505,CITY,Juiz de Fora,True
10323,BR,3462321,CITY,Gouveia,True
10324,BR,3411913,CITY,Colinas do Tocantins,True
10325,BR,3390700,CITY,Regeneracao,True
10326,MX,8583695,CITY,Cotaxtla,True
10327,BR,3444997,CITY,Viradouro,True
10328,US,4729130,CITY,Smith,True
10329,BR,3459495,CITY,Julio de Castilhos,True
10330,BR,3466464,CITY,Central de Minas,True
10331,MX,8583703,CITY,Chiconquiaco,True
10332,SE,2665063,CITY,Vansbro,True
10333,BR,3445575,CITY,Valparaiso,True
10334,MX,8583344,CITY,Zaragoza,True
10335,BR,3461488,CITY,Igrapiuna,True
10336,DE,6557494,CITY,Kleve,True
10337,US,4998005,CITY,Kent,True
10338,SE,2714903,CITY,Finspang,True
10339,RO,668226,CITY,Sălătrucu,True
10340,AR,3855066,CITY,General Roca,True
10341,MX,4015040,CITY,Casimiro Castillo,True
10342,NO,3162091,CITY,Balsfjord,True
10343,MX,8582808,CITY,Villa de Tututepec de Melchor Ocampo,True
10344,FR,2984887,CITY,Pyrenees Atlantiques,True
10345,JP,8534247,CITY,Yamatocho,True
10346,JP,11497706,CITY,Aizumisato,True
10347,BR,3466267,CITY,Charqueada,True
10348,JP,1865661,CITY,Aioi,True
10349,JP,1855201,CITY,Nishinoomote,True
10350,BR,3407010,CITY,Assare,True
10351,TR,7732931,CITY,Dilovasi,True
10352,JP,2111016,CITY,Shiroishi,True
10353,BR,6316298,CITY,Acailandia,True
10354,MX,8582354,CITY,Turicato,True
10355,RO,667101,CITY,Simleu Silvaniei,True
10356,FI,662095,CITY,Aanekoski,True
10357,GB,3333234,CITY,Perth and Kinross,True
10358,BR,3466933,CITY,Carlos Barbosa,True
10359,FI,52300002,CITY,Seinajoki,True
10360,BR,3458134,CITY,Mairi,True
10361,TR,9550541,CITY,Haliliye,True
10362,BR,3448455,CITY,Sao Miguel do Araguaia,True
10363,MX,3521912,CITY,Paraiso,True
10364,JP,2111631,CITY,Nishigō,True
10365,AR,3837980,CITY,San Antonio,True
10366,TR,739634,CITY,Silivri,True
10367,BR,3451359,CITY,Ribeirao Corrente,True
10368,BR,6322979,CITY,Santa Terezinha de Itaipu,True
10369,ZA,8347382,CITY,Namakwa,True
10370,BR,3460589,CITY,Itaucu,True
10371,MX,8581840,CITY,Ojinaga,True
10372,BR,3386984,CITY,Tabuleiro do Norte,True
10373,DE,7303020,CITY,Wittenberg,True
10374,AE,8053943,CITY,Al Dhafra,True
10375,DE,6557424,CITY,Hildesheim,True
10376,BR,3465584,CITY,Coqueiral,True
10377,BR,6322885,CITY,Nova Cantu,True
10378,AR,3837455,CITY,San Jeronimo,True
10379,GB,2638918,CITY,Rutland,True
10380,DE,52060018,CITY,Schweinfurt,True
10381,JP,7441820,CITY,Yamada,True
10382,JP,11350714,CITY,Miyota,True
10383,CA,5987650,CITY,Joliette,True
10384,CA,7870919,CITY,Niagara,True
10385,CA,6128571,CITY,Rouville,True
10386,JP,1850708,CITY,Tanabe,True
10387,BR,3385736,CITY,Upanema,True
10388,US,5362932,CITY,Kern,True
10389,BR,3396786,CITY,Lagoa do Carro,True
10390,JP,11397285,CITY,Ukiha,True
10391,TR,745175,CITY,Inebolu,True
10392,JP,1859586,CITY,Kazo,True
10393,NO,7626373,CITY,Surnadal,True
10394,BR,3452992,CITY,Porecatu,True
10395,DE,6558045,CITY,Rastatt,True
10396,DE,2895992,CITY,Ingolstadt,True
10397,RO,54440446,CITY,Todirești,True
10398,MX,3515373,CITY,Tlaquiltenango,True
10399,BR,3461941,CITY,Guapore,True
10400,BR,3460353,CITY,Jacinto,True
10401,AT,2765390,CITY,Schwaz,True
10402,BR,6319353,CITY,Bonfim,True
10403,FR,3012051,CITY,Jura,True
10404,BR,3455094,CITY,Paraiso do Norte,True
10405,TR,324944,CITY,Akcakale,True
10406,BR,3456126,CITY,Nova Ponte,True
10407,MX,3519412,CITY,San Felipe del Progreso,True
10408,FR,2974304,CITY,Somme,True
10409,AT,2781503,CITY,Bregenz,True
10410,BR,3465105,CITY,Cruz das Almas,True
10411,JP,6825490,CITY,Minamiuonuma,True
10412,TR,325449,CITY,Acigol,True
10413,RO,675763,CITY,Iclod,True
10414,SA,109194,CITY,Al Majmaah,True
10415,RO,668411,CITY,Ruscova,True
10416,BR,3400541,CITY,Exu,True
10417,US,4518598,CITY,Montgomery,True
10418,PT,2268946,CITY,Coruche,True
10419,JP,2128399,CITY,Rokkasho,True
10420,JP,1848281,CITY,Yonabaru,True
10421,MX,8583302,CITY,Ciudad Valles,True
10422,BR,3389321,CITY,Santa Rita,True
10423,BR,3408368,CITY,Acarau,True
10424,BR,3470917,CITY,Bandeirantes,True
10425,RO,685477,CITY,Baneasa,True
10426,MX,3532975,CITY,Alto Lucero,True
10427,MX,3523450,CITY,Matias Romero,True
10428,TR,324698,CITY,Akhisar,True
10429,BR,3456121,CITY,Nova Roma,True
10430,EG,360502,CITY,Luxor,True
10431,BR,6321048,CITY,Sao Jose da Vitoria,True
10432,AR,3430340,CITY,Obera,True
10433,BR,6324173,CITY,Governador Jorge Teixeira,True
10434,CA,77400090,CITY,Manitoulin,True
10435,TR,746940,CITY,Gerede,True
10436,BR,3461036,CITY,Irapua,True
10437,JP,1864624,CITY,Chigasaki,True
10438,BR,11427402,CITY,Luis Eduardo Magalhaes,True
10439,JP,2110629,CITY,Ushiku,True
10440,BR,3446591,CITY,Terra de Areia,True
10441,MX,3995465,CITY,Monterrey,True
10442,TR,300399,CITY,Soke,True
10443,AR,3429949,CITY,Pirane,True
10444,BR,3460724,CITY,Itapeva,True
10445,MX,8581817,CITY,Chinipas,True
10446,BR,3391965,CITY,Piranhas,True
10447,BR,6319856,CITY,Boa Hora,True
10448,JP,7446992,CITY,Kami,True
10449,BR,6323260,CITY,Santa Terezinha,True
10450,JP,1859094,CITY,Koga,True
10451,BR,3449782,CITY,Santa Teresa,True
10452,BR,6319448,CITY,Ponta de Pedras,True
10453,JP,7371218,CITY,Kamikawa,True
10454,BR,3401980,CITY,Coite do Noia,True
10455,BR,3457659,CITY,Mariopolis,True
10456,BR,3463030,CITY,Foz do Iguacu,True
10457,BR,3472680,CITY,Alecrim,True
10458,BR,3471766,CITY,Araraquara,True
10459,JP,6825497,CITY,Hannan,True
10460,BR,3448665,CITY,Sao Jose do Cerrito,True
10461,BR,3465405,CITY,Corrente,True
10462,JP,1858304,CITY,Kurate,True
10463,DE,3220816,CITY,Straubing Bogen,True
10464,JP,6822184,CITY,Oshu,True
10465,BR,6319276,CITY,Acrelandia,True
10466,BR,3455756,CITY,Osvaldo Cruz,True
10467,JP,6940394,CITY,Saitama,True
10468,JP,7392999,CITY,Sanyoonoda,True
10469,ZA,8347376,CITY,Ngaka Modiri Molema,True
10470,BR,6323369,CITY,Cambara do Sul,True
10471,NO,3144075,CITY,Notodden,True
10472,BR,3466687,CITY,Catanduvas,True
10473,BR,3447928,CITY,Seabra,True
10474,SE,2713971,CITY,Forshaga,True
10475,BR,3393011,CITY,Pariconha,True
10476,AR,3862750,CITY,Doctor Manuel Belgrano,True
10477,JP,1848243,CITY,Yorii,True
10478,RO,674649,CITY,Livezi,True
10479,IE,2965654,CITY,Castlebar,True
10480,BD,1337173,CITY,Mymensingh,True
10481,JP,2129884,CITY,Itayanagi,True
10482,BR,6323776,CITY,Porto Murtinho,True
10483,BR,6324079,CITY,Santa Isabel,True
10484,AR,3435261,CITY,Concordia,True
10485,JP,1850521,CITY,Tateyama,True
10486,US,5574999,CITY,Boulder,True
10487,BR,6319280,CITY,Capixaba,True
10488,BR,3386396,CITY,Timbauba,True
10489,BR,3451476,CITY,Riachao do Dantas,True
10490,JP,1854905,CITY,Numata,True
10491,BR,3452148,CITY,Quatis,True
10492,BR,3460450,CITY,Jaboticatubas,True
10493,EG,52200135,CITY,Ibsheway,True
10494,BR,3471061,CITY,Baixo Guandu,True
10495,MA,2548525,CITY,Guelmim,True
10496,CA,6095780,CITY,Oxford,True
10497,BR,3454407,CITY,Pedreira,True
10498,MX,8583966,CITY,Calera,True
10499,MX,3526923,CITY,Huichapan,True
10500,TR,303195,CITY,Osmaniye,True
10501,JP,6822167,CITY,Sōsa-shi,True
10502,JP,11612578,CITY,Inagi,True
10503,PT,2263197,CITY,São Vicente,True
10504,SE,2704620,CITY,Haninge,True
10505,CA,5949531,CITY,Essex,True
10506,US,5759333,CITY,Washington,True
10507,BR,3461458,CITY,Iguatama,True
10508,MX,8583306,CITY,Guadalcazar,True
10509,TR,9549574,CITY,Canik,True
10510,BR,3457454,CITY,Matipo,True
10511,BR,3395981,CITY,Maceio,True
10512,BR,3448460,CITY,Sao Miguel Arcanjo,True
10513,JP,1860063,CITY,Karatsu,True
10514,BR,3451055,CITY,Rio Verde,True
10515,BR,3460523,CITY,Ituiutaba,True
10516,JP,11612539,CITY,Higashikagawa,True
10517,FR,3012715,CITY,Isere,True
10518,MX,3801145,CITY,Teotitlan de Flores Magon,True
10519,BR,3461408,CITY,Ilheus,True
10520,US,4377925,CITY,Boone,True
10521,SA,110690,CITY,Abha,True
10522,BR,6320050,CITY,Caridade,True
10523,JP,1851933,CITY,Shirahama,True
10524,BR,6319789,CITY,Santo Amaro do Maranhao,True
10525,RO,681036,CITY,Comana,True
10526,BD,1337180,CITY,Rajbari,True
10527,BR,3450083,CITY,Santa Maria,True
10528,DE,2879697,CITY,Leer,True
10529,MX,8583821,CITY,Tihuatlan,True
10530,BR,3473198,CITY,Acorizal,True
10531,ES,2510407,CITY,Toledo,True
10532,SE,2667402,CITY,Trelleborg,True
10533,BR,3458222,CITY,Macedonia,True
10534,ES,6355231,CITY,Lleida,True
10535,BR,3662342,CITY,Sao Gabriel da Cachoeira,True
10536,BR,6323813,CITY,Castanheira,True
10537,BR,3467555,CITY,Candeias,True
10538,EG,350422,CITY,Qus,True
10539,MX,8583739,CITY,Juan Rodriguez Clara,True
10540,BR,6321364,CITY,Espirito Santo do Dourado,True
10541,BR,3396716,CITY,Lagoa dos Gatos,True
10542,NO,6453322,CITY,Vestvagoy,True
10543,JP,7417080,CITY,Minamimaki,True
10544,BR,3385920,CITY,Tupanatinga,True
10545,JP,1849563,CITY,Tsuruoka,True
10546,BD,1337186,CITY,Shariatpur,True
10547,AR,52000089,CITY,Villarino,True
10548,MA,2544246,CITY,Khouribga Province,True
10549,CA,77400046,CITY,North Battleford,True
10550,JP,1864572,CITY,Chikushino,True
10551,NO,54040030,CITY,Nittedal,True
10552,IT,3182043,CITY,Biella,True
10553,GB,3333210,CITY,Torbay,True
10554,BR,3458449,CITY,Londrina,True
10555,BR,6321651,CITY,Pedra do Indaia,True
10556,TR,320533,CITY,Bucak,True
10557,BR,3451328,CITY,Ribeirao Preto,True
10558,MX,3531862,CITY,Cadereyta Jimenez,True
10559,MX,8583604,CITY,Francisco I Madero,True
10560,KR,8659221,CITY,Cheongju,True
10561,DE,3213722,CITY,Steinburg,True
10562,BR,3394669,CITY,Mogeiro,True
10563,JP,1859171,CITY,Kobe,True
10564,JP,6822126,CITY,Kurobe,True
10565,MX,3517196,CITY,Santa Maria Tonameca,True
10566,SE,2670044,CITY,Svenljunga,True
10567,BR,3388567,CITY,Sao Joaquim do Monte,True
10568,CA,5920450,CITY,Chatham Kent,True
10569,BR,3445133,CITY,Vicosa,True
10570,CA,8593708,CITY,Gloucester,True
10571,PT,2262581,CITY,Torres Vedras,True
10572,JP,92400106,CITY,Taiki-cho,True
10573,JP,1849729,CITY,Chikujo,True
10574,JP,2128867,CITY,Noshiro,True
10575,BR,3451931,CITY,Quirinopolis,True
10576,MX,3526908,CITY,Huimanguillo,True
10577,GB,7290537,CITY,Cheshire West and Chester,True
10578,BR,3454519,CITY,Pedralva,True
10579,BR,3400740,CITY,Esperantina,True
10580,TR,321062,CITY,Birecik,True
10581,BR,50400015,CITY,Unai,True
10582,US,4691851,CITY,Fort Bend,True
10583,DE,2918752,CITY,Gotha,True
10584,ZA,8347378,CITY,Harry Gwala,True
10585,BR,6317580,CITY,Medicilandia,True
10586,FR,3021042,CITY,Dordogne,True
10587,SE,2687509,CITY,Ockero,True
10588,BR,3461044,CITY,Iramaia,True
10589,BR,3463187,CITY,Fontoura Xavier,True
10590,NO,3147467,CITY,Lillesand,True
10591,NL,2754652,CITY,Heerlen,True
10592,BR,3445596,CITY,Valenca,True
10593,BR,3447537,CITY,Siqueira Campos,True
10594,TR,306285,CITY,Kosk,True
10595,BR,6317107,CITY,Faina,True
10596,JP,2130452,CITY,Chitose,True
10597,TR,298326,CITY,Urgup,True
10598,BR,3397262,CITY,Joaquim Nabuco,True
10599,DE,2925190,CITY,Mittelsachsen,True
10600,DE,2948163,CITY,Anhalt Bitterfeld,True
10601,NL,12022130,CITY,Molenlanden,True
10602,NO,7626368,CITY,Sykkylven,True
10603,BR,6324251,CITY,Iracema,True
10604,FR,3021501,CITY,Deux Sevres,True
10605,BR,3460845,CITY,Itajai,True
10606,MX,3515504,CITY,Tizimin,True
10607,TR,6692058,CITY,Karatay,True
10608,BR,3446783,CITY,Taquari,True
10609,FR,3012805,CITY,Indre,True
10610,RO,671382,CITY,Pantelimon,True
10611,TR,321750,CITY,Baykan,True
10612,BR,3450561,CITY,Salto do Itarare,True
10613,JP,2111065,CITY,Shinjō,True
10614,BR,3459940,CITY,Jequitai,True
10615,CA,77400114,CITY,La Jacques Cartier,True
10616,BR,3388046,CITY,Sape,True
10617,AR,3840104,CITY,Deseado,True
10618,BR,3450462,CITY,Santa Albertina,True
10619,BR,3448825,CITY,Sao Joaquim da Barra,True
10620,JP,2112539,CITY,Iwaki,True
10621,EG,360829,CITY,El Mahalla El Kubra,True
10622,JP,6698269,CITY,Owariasahi,True
10623,AR,52000027,CITY,Berisso,True
10624,MX,3515862,CITY,Tepetlaoxtoc,True
10625,BR,3455281,CITY,Panambi,True
10626,BR,3455195,CITY,Papagaios,True
10627,BR,3405792,CITY,Benevides,True
10628,BR,6318729,CITY,Tabapora,True
10629,BR,3470428,CITY,Barrinha,True
10630,BR,3461130,CITY,Ipiacu,True
10631,GB,2636512,CITY,Surrey,True
10632,BR,6321997,CITY,Vila Pavao,True
10633,BR,3458671,CITY,Lebon Regis,True
10634,BR,3460966,CITY,Itaberaba,True
10635,BR,3458051,CITY,Mandaguacu,True
10636,BR,3460971,CITY,Itabaianinha,True
10637,GB,2650797,CITY,Dumfries and Galloway,True
10638,US,4956199,CITY,Worcester,True
10639,JP,1864667,CITY,Bungotakada,True
10640,JP,11611613,CITY,Nagakute,True
10641,NL,2746804,CITY,Steenbergen,True
10642,TR,741240,CITY,Of,True
10643,BR,3471940,CITY,Aparecida do Taboado,True
10644,BR,6316325,CITY,Aguas de Santa Barbara,True
10645,BR,3390731,CITY,Redencao do Gurgueia,True
10646,BR,3453821,CITY,Pindorama,True
10647,SE,2680075,CITY,Sandviken,True
10648,TR,739847,CITY,Selim,True
10649,ES,3129138,CITY,Avila,True
10650,AR,3832763,CITY,Totoral,True
10651,MX,3515442,CITY,Tlalixtac de Cabrera,True
10652,BR,3402739,CITY,Carneiros,True
10653,MX,8581877,CITY,Poanas,True
10654,JP,1848236,CITY,Yoro,True
10655,MX,3981369,CITY,Tonala,True
10656,BR,6317726,CITY,Nova Colinas,True
10657,TR,744006,CITY,Kargi,True
10658,BR,6319325,CITY,Jutai,True
10659,JP,1862627,CITY,Himeji,True
10660,JP,1859941,CITY,Kashima,True
10661,CH,2657896,CITY,Zurich,True
10662,MX,3985323,CITY,San Miguel el Alto,True
10663,CA,77400100,CITY,Pierre De Saurel,True
10664,SE,2723079,CITY,Bengtsfors,True
10665,BR,3472397,CITY,Alvorada do Sul,True
10666,JP,6822216,CITY,Kani,True
10667,US,4188191,CITY,Clarke,True
10668,JP,2111021,CITY,Shirataka,True
10669,TR,325426,CITY,Acipayam,True
10670,BR,3446866,CITY,Tapiramuta,True
10671,JP,1899102,CITY,Nagato,True
10672,NL,2758998,CITY,Beverwijk,True
10673,BR,3461494,CITY,Igaratinga,True
10674,BR,6319798,CITY,Sao Francisco do Maranhao,True
10675,CA,6090771,CITY,Northumberland,True
10676,DE,3247445,CITY,Oberbergischer,True
10677,SE,2665093,CITY,Vannas,True
10678,MX,8581869,CITY,Mezquital,True
10679,SE,2680662,CITY,Sala,True
10680,BR,3445731,CITY,Urai,True
10681,TR,447273,CITY,Dalaman,True
10682,BR,3397941,CITY,Itapaje,True
10683,JP,1849788,CITY,Tsubame,True
10684,CA,77400057,CITY,Melville,True
10685,JP,7391687,CITY,Toyono,True
10686,BR,3402320,CITY,Cedro,True
10687,MX,3979856,CITY,Yurecuaro,True
10688,BR,6323837,CITY,Juruena,True
10689,MX,3514278,CITY,Yecapixtla,True
10690,US,4678364,CITY,Cameron,True
10691,BR,6319218,CITY,Bom Jesus do Araguaia,True
10692,AT,2779674,CITY,Feldkirch,True
10693,BR,3446874,CITY,Tapira,True
10694,BR,3403566,CITY,Campo Maior,True
10695,BR,3452073,CITY,Queimados,True
10696,NL,2748201,CITY,Rheden,True
10697,BR,3392914,CITY,Passo de Camaragibe,True
10698,BR,3457202,CITY,Miguel Calmon,True
10699,BR,3399506,CITY,Floriano,True
10700,SE,2699310,CITY,Kristianstad,True
10701,BR,3471210,CITY,Bady Bassitt,True
10702,BR,3453882,CITY,Pimenta,True
10703,BR,3453787,CITY,Pinhalzinho,True
10704,TR,303700,CITY,Odemis,True
10705,BR,3467577,CITY,Canavieiras,True
10706,BR,3391744,CITY,Poco Branco,True
10707,JP,1863519,CITY,Gotsu,True
10708,BR,3466980,CITY,Caravelas,True
10709,JP,8198709,CITY,Buzen,True
10710,BR,3457243,CITY,Mendonca,True
10711,PK,1183459,CITY,Bannu,True
10712,AE,51020001,CITY,Sector 1,True
10713,RO,673636,CITY,Medgidia,True
10714,AR,3840092,CITY,Biedma,True
10715,RO,667778,CITY,Saucesti,True
10716,DE,3247457,CITY,Westerwald,True
10717,TR,315758,CITY,Eleskirt,True
10718,US,4943909,CITY,Middlesex,True
10719,MX,8582091,CITY,Tlanchinol,True
10720,BR,3452069,CITY,Queiroz,True
10721,MX,8582146,CITY,Ixtlahuacan del Rio,True
10722,US,4744106,CITY,Alexandria City,True
10723,JP,6822104,CITY,Namegata,True
10724,AT,2771682,CITY,Melk,True
10725,BR,6318675,CITY,Serra Dourada,True
10726,JP,1849359,CITY,Ujitawara,True
10727,RO,679736,CITY,Darabani,True
10728,TR,746881,CITY,Giresun,True
10729,BR,3456366,CITY,Nazare,True
10730,BR,3465067,CITY,Cruz Machado,True
10731,MX,3980760,CITY,Uruapan,True
10732,MX,3522926,CITY,Motozintla,True
10733,BR,3388145,CITY,Sao Raimundo Nonato,True
10734,TR,296954,CITY,Yenimahalle,True
10735,US,4673310,CITY,Bell,True
10736,ZA,8347346,CITY,Capricorn,True
10737,BR,3400752,CITY,Esperanca,True
10738,BR,3662075,CITY,Tabatinga,True
10739,BR,3465736,CITY,Conceicao dos Ouros,True
10740,CA,77400116,CITY,Robert Cliche,True
10741,CA,5938513,CITY,Deux Montagnes,True
10742,BR,3396226,CITY,Livramento,True
10743,BR,3405172,CITY,Bonito,True
10744,BR,6317833,CITY,Ourolandia,True
10745,BR,3453827,CITY,Pindobacu,True
10746,BR,3451704,CITY,Registro,True
10747,JP,1857334,CITY,Mihara,True
10748,CH,2659219,CITY,Pfaffikon,True
10749,MX,6942844,CITY,Tepezala,True
10750,US,5709906,CITY,Washoe,True
10751,MX,3979855,CITY,Yuriria,True
10752,BR,3449035,CITY,Arapongas,True
10753,CA,6325494,CITY,Quebec,True
10754,SE,605393,CITY,Kalix,True
10755,MX,8581769,CITY,Solosuchiapa,True
10756,MX,3980843,CITY,Tuxpan,True
10757,MX,3517669,CITY,Santa Catarina Juquila,True
10758,DE,3249082,CITY,Havelland,True
10759,BR,3407875,CITY,Altaneira,True
10760,TR,752259,CITY,Alacam,True
10761,NO,54040059,CITY,Loten,True
10762,BR,6318297,CITY,Santa Rosa da Serra,True
10763,AR,3839565,CITY,Moreno,True
10764,BR,3447720,CITY,Serrana,True
10765,BR,3395162,CITY,Mata Grande,True
10766,BR,6319148,CITY,Agua Fria de Goias,True
10767,BR,3456905,CITY,Montanha,True
10768,BR,3465721,CITY,Concordia,True
10769,MX,8581864,CITY,Guanacevi,True
10770,BR,3454091,CITY,Perola,True
10771,SE,2715459,CITY,Falun,True
10772,BR,3466462,CITY,Centralina,True
10773,BR,3449518,CITY,Santo Antonio de Posse,True
10774,TR,741609,CITY,Merzifon,True
10775,BR,3457005,CITY,Moema,True
10776,NO,54040093,CITY,Nordre Land,True
10777,BR,3461566,CITY,Ibirarema,True
10778,BR,6323540,CITY,Nova Santa Rita,True
10779,JP,7374302,CITY,Sera,True
10780,SA,32000000276,CITY,Harub,True
10781,BR,3447450,CITY,Sobralia,True
10782,AR,52000093,CITY,Ayacucho,True
10783,TR,751881,CITY,Armutlu,True
10784,DE,3302159,CITY,Borde,True
10785,BR,6323741,CITY,Coronel Sapucaia,True
10786,DE,2855328,CITY,Passau,True
10787,DE,2881485,CITY,Landshut,True
10788,BR,3446621,CITY,Teofilo Otoni,True
10789,BR,6319574,CITY,Maurilandia do Tocantins,True
10790,BR,3394500,CITY,Morada Nova,True
10791,RO,54440200,CITY,Dumbrăvița,True
10792,FR,2994111,CITY,Meurthe et Moselle,True
10793,MX,3515921,CITY,Tepalcingo,True
10794,BR,3472778,CITY,Alagoa,True
10795,MX,4014914,CITY,Cedral,True
10796,JP,1861090,CITY,Izumi,True
10797,BR,6319322,CITY,Itapiranga,True
10798,BR,3445679,CITY,Uruguaiana,True
10799,US,5105640,CITY,Union,True
10800,IE,2963848,CITY,Greystones,True
10801,NL,2756429,CITY,Ede,True
10802,JP,1855766,CITY,Nakatane,True
10803,BR,3461910,CITY,Guaranesia,True
10804,BR,3454031,CITY,Petropolis,True
10805,EG,354105,CITY,Kafr Saqr,True
10806,RO,673440,CITY,Miercurea Nirajului,True
10807,MX,4004898,CITY,Hermosillo,True
10808,US,4740399,CITY,Webb,True
10809,BR,3459550,CITY,Juatuba,True
10810,GB,2648110,CITY,Greater London,True
10811,BR,3454061,CITY,Peruibe,True
10812,BR,3464688,CITY,Divinopolis,True
10813,MX,3532592,CITY,Atlixco,True
10814,NL,2745012,CITY,Teylingen,True
10815,JP,2112668,CITY,Ibaraki,True
10816,BR,3388991,CITY,Sao Bento,True
10817,MX,3985604,CITY,San Luis Rio Colorado,True
10818,DE,2950072,CITY,Salzland,True
10819,JP,1861310,CITY,Itami,True
10820,JP,1857046,CITY,Mino,True
10821,DK,2611497,CITY,Tønder,True
10822,MX,4012341,CITY,Cueramaro,True
10823,MX,4017152,CITY,Benjamin Hill,True
10824,MX,8583316,CITY,San Ciro de Acosta,True
10825,BR,6316345,CITY,Altamira do Parana,True
10826,CA,5897209,CITY,Becancour,True
10827,IT,3171168,CITY,Pescara,True
10828,AR,3430709,CITY,Mercedes,True
10829,BR,3471872,CITY,Aracaju,True
10830,CA,8673986,CITY,Lotbinière,True
10831,US,5389519,CITY,Sacramento,True
10832,JP,1848277,CITY,Yonago,True
10833,ES,3109254,CITY,Segovia,True
10834,BR,6319940,CITY,Madeiro,True
10835,BR,3456370,CITY,Navegantes,True
10836,JP,11612579,CITY,Koganei,True
10837,BR,3464760,CITY,Desterro de Entre Rios,True
10838,BR,3470877,CITY,Barao de Cotegipe,True
10839,BR,3387423,CITY,Sitio Novo do Tocantins,True
10840,FR,3038375,CITY,Aisne,True
10841,EG,360756,CITY,El Manzala,True
10842,SE,2714401,CITY,Flen,True
10843,BD,1336144,CITY,Tangail,True
10844,ZA,8299316,CITY,Ehlanzeni,True
10845,BR,3402944,CITY,Caraubas,True
10846,JP,1863641,CITY,Gifu,True
10847,MX,4014553,CITY,Chapala,True
10848,JP,11612588,CITY,Fuefuki,True
10849,US,5457180,CITY,Bernalillo,True
10850,MX,8583618,CITY,Ocampo,True
10851,DE,2939951,CITY,Coburg,True
10852,JP,2111567,CITY,Oarai,True
10853,AR,3855053,CITY,General San Martin,True
10854,AR,3837702,CITY,Capital,True
10855,GB,3333225,CITY,Dundee,True
10856,CA,77400016,CITY,Skeena Queen Charlotte,True
10857,DE,2929567,CITY,Erlangen,True
10858,BR,3448221,CITY,Sao Sebastiao do Paraiso,True
10859,BR,6323771,CITY,Novo Horizonte do Sul,True
10860,NL,2746565,CITY,Tytsjerksteradiel,True
10861,MA,2542051,CITY,Mohammedia,True
10862,BR,3404966,CITY,Brasileira,True
10863,MX,3530913,CITY,Chietla,True
10864,JP,7394799,CITY,Aishō,True
10865,BD,1337199,CITY,Chittagong,True
10866,TR,744537,CITY,Karacabey,True
10867,BR,3462944,CITY,Frei Paulo,True
10868,JP,92400104,CITY,Hidaka-cho,True
10869,JP,1852582,CITY,Shibuya,True
10870,DE,3247446,CITY,Rheinisch Bergischer,True
10871,BR,3453171,CITY,Pontal,True
10872,MX,3514658,CITY,Villa Victoria,True
10873,BR,3456450,CITY,Mutuipe,True
10874,MX,3526855,CITY,Huixtla,True
10875,BR,3393242,CITY,Palmeira dos Indios,True
10876,BR,3457671,CITY,Maringa,True
10877,PT,2737949,CITY,Mangualde,True
10878,BR,3462964,CITY,Franco da Rocha,True
10879,AR,52000046,CITY,Marcos Paz,True
10880,BR,3390901,CITY,Quixeramobim,True
10881,US,4497286,CITY,Wake,True
10882,BR,3470369,CITY,Barroso,True
10883,JP,11612479,CITY,Minamiawaji,True
10884,JP,1856057,CITY,Nagoya,True
10885,TR,315183,CITY,Esme,True
