level;iso2;iso3;name;age_13_17_business_men;age_18_24_business_men;age_25_34_business_men;age_35_44_business_men;age_45_54_business_men;age_55_100_business_men;age_13_17_business_women;age_18_24_business_women;age_25_34_business_women;age_35_44_business_women;age_45_54_business_women;age_55_100_business_women;total_business_men;total_business_women;total_business_all;total_18_44_business_men;total_18_44_business_women;age_13_17_business_ratio;age_18_24_business_ratio;age_25_34_business_ratio;age_35_44_business_ratio;age_45_54_business_ratio;age_55_100_business_ratio;total_business_ratio;total_18_44_business_ratio;age_13_17_finance_men;age_18_24_finance_men;age_25_34_finance_men;age_35_44_finance_men;age_45_54_finance_men;age_55_100_finance_men;age_13_17_finance_women;age_18_24_finance_women;age_25_34_finance_women;age_35_44_finance_women;age_45_54_finance_women;age_55_100_finance_women;total_finance_men;total_finance_women;total_finance_all;total_18_44_finance_men;total_18_44_finance_women;age_13_17_finance_ratio;age_18_24_finance_ratio;age_25_34_finance_ratio;age_35_44_finance_ratio;age_45_54_finance_ratio;age_55_100_finance_ratio;total_finance_ratio;total_18_44_finance_ratio;age_13_17_education_men;age_18_24_education_men;age_25_34_education_men;age_35_44_education_men;age_45_54_education_men;age_55_100_education_men;age_13_17_education_women;age_18_24_education_women;age_25_34_education_women;age_35_44_education_women;age_45_54_education_women;age_55_100_education_women;total_education_men;total_education_women;total_education_all;total_18_44_education_men;total_18_44_education_women;age_13_17_education_ratio;age_18_24_education_ratio;age_25_34_education_ratio;age_35_44_education_ratio;age_45_54_education_ratio;age_55_100_education_ratio;total_education_ratio;total_18_44_education_ratio;age_13_17_health_men;age_18_24_health_men;age_25_34_health_men;age_35_44_health_men;age_45_54_health_men;age_55_100_health_men;age_13_17_health_women;age_18_24_health_women;age_25_34_health_women;age_35_44_health_women;age_45_54_health_women;age_55_100_health_women;total_health_men;total_health_women;total_health_all;total_18_44_health_men;total_18_44_health_women;age_13_17_health_ratio;age_18_24_health_ratio;age_25_34_health_ratio;age_35_44_health_ratio;age_45_54_health_ratio;age_55_100_health_ratio;total_health_ratio;total_18_44_health_ratio;age_13_17_children_men;age_18_24_children_men;age_25_34_children_men;age_35_44_children_men;age_45_54_children_men;age_55_100_children_men;age_13_17_children_women;age_18_24_children_women;age_25_34_children_women;age_35_44_children_women;age_45_54_children_women;age_55_100_children_women;total_children_men;total_children_women;total_children_all;total_18_44_children_men;total_18_44_children_women;age_13_17_children_ratio;age_18_24_children_ratio;age_25_34_children_ratio;age_35_44_children_ratio;age_45_54_children_ratio;age_55_100_children_ratio;total_children_ratio;total_18_44_children_ratio;age_13_17_travel_men;age_18_24_travel_men;age_25_34_travel_men;age_35_44_travel_men;age_45_54_travel_men;age_55_100_travel_men;age_13_17_travel_women;age_18_24_travel_women;age_25_34_travel_women;age_35_44_travel_women;age_45_54_travel_women;age_55_100_travel_women;total_travel_men;total_travel_women;total_travel_all;total_18_44_travel_men;total_18_44_travel_women;age_13_17_travel_ratio;age_18_24_travel_ratio;age_25_34_travel_ratio;age_35_44_travel_ratio;age_45_54_travel_ratio;age_55_100_travel_ratio;total_travel_ratio;total_18_44_travel_ratio;age_13_17_pets_men;age_18_24_pets_men;age_25_34_pets_men;age_35_44_pets_men;age_45_54_pets_men;age_55_100_pets_men;age_13_17_pets_women;age_18_24_pets_women;age_25_34_pets_women;age_35_44_pets_women;age_45_54_pets_women;age_55_100_pets_women;total_pets_men;total_pets_women;total_pets_all;total_18_44_pets_men;total_18_44_pets_women;age_13_17_pets_ratio;age_18_24_pets_ratio;age_25_34_pets_ratio;age_35_44_pets_ratio;age_45_54_pets_ratio;age_55_100_pets_ratio;total_pets_ratio;total_18_44_pets_ratio;age_13_17_food_men;age_18_24_food_men;age_25_34_food_men;age_35_44_food_men;age_45_54_food_men;age_55_100_food_men;age_13_17_food_women;age_18_24_food_women;age_25_34_food_women;age_35_44_food_women;age_45_54_food_women;age_55_100_food_women;total_food_men;total_food_women;total_food_all;total_18_44_food_men;total_18_44_food_women;age_13_17_food_ratio;age_18_24_food_ratio;age_25_34_food_ratio;age_35_44_food_ratio;age_45_54_food_ratio;age_55_100_food_ratio;total_food_ratio;total_18_44_food_ratio
country;AD;AND;Andorra;500.0;1500.0;2000.0;500.0;500.0;500.0;500.0;2000.0;2000.0;500.0;500.0;500.0;5500.0;6000.0;11500.0;4000.0;4500.0;1.0;1.3333;1.0;1.0;1.0;1.0;1.0909;1.125;500.0;1500.0;2500.0;500.0;500.0;500.0;500.0;1500.0;2500.0;500.0;500.0;500.0;6000.0;6000.0;12000.0;4500.0;4500.0;1.0;1.0;1.0;1.0;1.0;1.0;1.0;1.0;500.0;1500.0;2000.0;500.0;500.0;500.0;500.0;1500.0;1500.0;500.0;500.0;500.0;5500.0;5000.0;10500.0;4000.0;3500.0;1.0;1.0;0.75;1.0;1.0;1.0;0.9091;0.875;2000.0;2000.0;2000.0;2000.0;2000.0;2000.0;2000.0;2000.0;2000.0;2000.0;2000.0;2000.0;12000.0;12000.0;24000.0;6000.0;6000.0;1.0;1.0;1.0;1.0;1.0;1.0;1.0;1.0;1000.0;1000.0;1000.0;1000.0;1000.0;1000.0;1000.0;1000.0;1000.0;1000.0;1000.0;1000.0;6000.0;6000.0;12000.0;3000.0;3000.0;1.0;1.0;1.0;1.0;1.0;1.0;1.0;1.0;500.0;1500.0;2000.0;500.0;500.0;500.0;500.0;1500.0;2000.0;500.0;500.0;500.0;5500.0;5500.0;11000.0;4000.0;4000.0;1.0;1.0;1.0;1.0;1.0;1.0;1.0;1.0;500.0;500.0;500.0;500.0;500.0;500.0;500.0;1500.0;500.0;500.0;500.0;500.0;3000.0;4000.0;7000.0;1500.0;2500.0;1.0;3.0;1.0;1.0;1.0;1.0;1.3333;1.6667;500.0;1500.0;2500.0;1500.0;1500.0;500.0;500.0;2500.0;3000.0;1500.0;1500.0;500.0;8000.0;9500.0;17500.0;5500.0;7000.0;1.0;1.6667;1.2;1.0;1.0;1.0;1.1875;1.2727
country;AE;ARE;United Arab Emirates;500.0;955000.0;2769500.0;1379500.0;424500.0;218000.0;500.0;532000.0;1330500.0;657000.0;236000.0;137000.0;5747000.0;2893000.0;8640000.0;5104000.0;2519500.0;1.0;0.5571;0.4804;0.4763;0.5559;0.6284;0.5034;0.4936;500.0;895500.0;2614000.0;1308500.0;400500.0;200500.0;500.0;484000.0;1199500.0;591500.0;215000.0;121000.0;5419500.0;2611500.0;8031000.0;4818000.0;2275000.0;1.0;0.5405;0.4589;0.452;0.5368;0.6035;0.4819;0.4722;500.0;744000.0;1950500.0;944000.0;286000.0;147500.0;500.0;422500.0;976000.0;443000.0;153000.0;87500.0;4072500.0;2082500.0;6155000.0;3638500.0;1841500.0;1.0;0.5679;0.5004;0.4693;0.535;0.5932;0.5114;0.5061;2000.0;1426000.0;3995000.0;1946000.0;626000.0;310500.0;2000.0;890500.0;2137000.0;966500.0;348500.0;199000.0;8305500.0;4543500.0;12849000.0;7367000.0;3994000.0;1.0;0.6245;0.5349;0.4967;0.5567;0.6409;0.547;0.5421;1000.0;663000.0;1955500.0;967500.0;296000.0;131500.0;1000.0;414000.0;1117500.0;528500.0;164500.0;85500.0;4014500.0;2311000.0;6325500.0;3586000.0;2060000.0;1.0;0.6244;0.5715;0.5463;0.5557;0.6502;0.5757;0.5745;500.0;947500.0;2803000.0;1390500.0;425000.0;216000.0;500.0;533500.0;1352000.0;656500.0;234000.0;136000.0;5782500.0;2912500.0;8695000.0;5141000.0;2542000.0;1.0;0.5631;0.4823;0.4721;0.5506;0.6296;0.5037;0.4945;500.0;355000.0;840500.0;366000.0;124000.0;71500.0;500.0;222000.0;411500.0;169000.0;70500.0;44000.0;1757500.0;917500.0;2675000.0;1561500.0;802500.0;1.0;0.6254;0.4896;0.4617;0.5685;0.6154;0.522;0.5139;500.0;997000.0;2870500.0;1400500.0;408500.0;211500.0;500.0;572000.0;1398500.0;673000.0;226000.0;133000.0;5888500.0;3003000.0;8891500.0;5268000.0;2643500.0;1.0;0.5737;0.4872;0.4805;0.5532;0.6288;0.51;0.5018
country;AG;ATG;Antigua & Barbuda;500.0;500.0;500.0;500.0;500.0;500.0;500.0;500.0;500.0;500.0;500.0;500.0;3000.0;3000.0;6000.0;1500.0;1500.0;1.0;1.0;1.0;1.0;1.0;1.0;1.0;1.0;500.0;500.0;500.0;500.0;500.0;500.0;500.0;500.0;500.0;500.0;500.0;500.0;3000.0;3000.0;6000.0;1500.0;1500.0;1.0;1.0;1.0;1.0;1.0;1.0;1.0;1.0;500.0;500.0;500.0;500.0;500.0;500.0;500.0;500.0;500.0;500.0;500.0;500.0;3000.0;3000.0;6000.0;1500.0;1500.0;1.0;1.0;1.0;1.0;1.0;1.0;1.0;1.0;2000.0;2000.0;2000.0;2000.0;2000.0;2000.0;2000.0;2000.0;2000.0;2000.0;2000.0;2000.0;12000.0;12000.0;24000.0;6000.0;6000.0;1.0;1.0;1.0;1.0;1.0;1.0;1.0;1.0;1000.0;1000.0;1000.0;1000.0;1000.0;1000.0;1000.0;1000.0;1000.0;1000.0;1000.0;1000.0;6000.0;6000.0;12000.0;3000.0;3000.0;1.0;1.0;1.0;1.0;1.0;1.0;1.0;1.0;500.0;500.0;500.0;500.0;500.0;500.0;500.0;500.0;500.0;500.0;500.0;500.0;3000.0;3000.0;6000.0;1500.0;1500.0;1.0;1.0;1.0;1.0;1.0;1.0;1.0;1.0;500.0;500.0;500.0;500.0;500.0;500.0;500.0;500.0;500.0;500.0;500.0;500.0;3000.0;3000.0;6000.0;1500.0;1500.0;1.0;1.0;1.0;1.0;1.0;1.0;1.0;1.0;500.0;500.0;1500.0;500.0;500.0;500.0;500.0;1500.0;1500.0;500.0;500.0;500.0;4000.0;5000.0;9000.0;2500.0;3500.0;1.0;3.0;1.0;1.0;1.0;1.0;1.25;1.4
country;AI;AIA;Anguilla;500.0;500.0;500.0;500.0;500.0;500.0;500.0;500.0;500.0;500.0;500.0;500.0;3000.0;3000.0;6000.0;1500.0;1500.0;1.0;1.0;1.0;1.0;1.0;1.0;1.0;1.0;500.0;500.0;500.0;500.0;500.0;500.0;500.0;500.0;500.0;500.0;500.0;500.0;3000.0;3000.0;6000.0;1500.0;1500.0;1.0;1.0;1.0;1.0;1.0;1.0;1.0;1.0;500.0;500.0;500.0;500.0;500.0;500.0;500.0;500.0;500.0;500.0;500.0;500.0;3000.0;3000.0;6000.0;1500.0;1500.0;1.0;1.0;1.0;1.0;1.0;1.0;1.0;1.0;2000.0;2000.0;2000.0;2000.0;2000.0;2000.0;2000.0;2000.0;2000.0;2000.0;2000.0;2000.0;12000.0;12000.0;24000.0;6000.0;6000.0;1.0;1.0;1.0;1.0;1.0;1.0;1.0;1.0;1000.0;1000.0;1000.0;1000.0;1000.0;1000.0;1000.0;1000.0;1000.0;1000.0;1000.0;1000.0;6000.0;6000.0;12000.0;3000.0;3000.0;1.0;1.0;1.0;1.0;1.0;1.0;1.0;1.0;500.0;500.0;500.0;500.0;500.0;500.0;500.0;500.0;500.0;500.0;500.0;500.0;3000.0;3000.0;6000.0;1500.0;1500.0;1.0;1.0;1.0;1.0;1.0;1.0;1.0;1.0;500.0;500.0;500.0;500.0;500.0;500.0;500.0;500.0;500.0;500.0;500.0;500.0;3000.0;3000.0;6000.0;1500.0;1500.0;1.0;1.0;1.0;1.0;1.0;1.0;1.0;1.0;500.0;500.0;500.0;500.0;500.0;500.0;500.0;500.0;500.0;500.0;500.0;500.0;3000.0;3000.0;6000.0;1500.0;1500.0;1.0;1.0;1.0;1.0;1.0;1.0;1.0;1.0
country;AL;ALB;Albania;500.0;78500.0;138500.0;55000.0;21500.0;21000.0;500.0;80500.0;109500.0;35000.0;17500.0;22000.0;315000.0;265000.0;580000.0;272000.0;225000.0;1.0;1.0255;0.7906;0.6364;0.814;1.0476;0.8413;0.8272;500.0;31500.0;66000.0;19500.0;7500.0;5000.0;500.0;30500.0;47000.0;13000.0;6000.0;5500.0;130000.0;102500.0;232500.0;117000.0;90500.0;1.0;0.9683;0.7121;0.6667;0.8;1.1;0.7885;0.7735;500.0;17500.0;26000.0;6000.0;1500.0;2000.0;500.0;21500.0;22500.0;4000.0;2000.0;2000.0;53500.0;52500.0;106000.0;49500.0;48000.0;1.0;1.2286;0.8654;0.6667;1.3333;1.0;0.9813;0.9697;2000.0;51500.0;86500.0;31500.0;13000.0;12000.0;2000.0;63000.0;70500.0;22500.0;12000.0;13000.0;196500.0;183000.0;379500.0;169500.0;156000.0;1.0;1.2233;0.815;0.7143;0.9231;1.0833;0.9313;0.9204;1000.0;9500.0;21000.0;7500.0;2500.0;2000.0;1000.0;19000.0;25500.0;7500.0;3500.0;3000.0;43500.0;59500.0;103000.0;38000.0;52000.0;1.0;2.0;1.2143;1.0;1.4;1.5;1.3678;1.3684;500.0;67500.0;116000.0;46000.0;17000.0;15000.0;500.0;76000.0;96000.0;27500.0;14000.0;17000.0;262000.0;231000.0;493000.0;229500.0;199500.0;1.0;1.1259;0.8276;0.5978;0.8235;1.1333;0.8817;0.8693;500.0;12500.0;22500.0;5000.0;2000.0;2000.0;500.0;16500.0;17000.0;4000.0;1500.0;2000.0;44500.0;41500.0;86000.0;40000.0;37500.0;1.0;1.32;0.7556;0.8;0.75;1.0;0.9326;0.9375;500.0;72000.0;120500.0;44000.0;17000.0;16500.0;500.0;85000.0;107000.0;30500.0;15000.0;16000.0;270500.0;254000.0;524500.0;236500.0;222500.0;1.0;1.1806;0.888;0.6932;0.8824;0.9697;0.939;0.9408
country;AO;AGO;Angola;500.0;59500.0;80500.0;36500.0;13000.0;7500.0;500.0;57500.0;75000.0;30500.0;10500.0;8500.0;197500.0;182500.0;380000.0;176500.0;163000.0;1.0;0.9664;0.9317;0.8356;0.8077;1.1333;0.9241;0.9235;500.0;15000.0;19500.0;8000.0;4000.0;2500.0;500.0;9500.0;14000.0;6500.0;3000.0;1500.0;49500.0;35000.0;84500.0;42500.0;30000.0;1.0;0.6333;0.7179;0.8125;0.75;0.6;0.7071;0.7059;500.0;23000.0;26500.0;11500.0;4000.0;2500.0;500.0;24000.0;28500.0;11500.0;4000.0;2500.0;68000.0;71000.0;139000.0;61000.0;64000.0;1.0;1.0435;1.0755;1.0;1.0;1.0;1.0441;1.0492;2000.0;12000.0;18500.0;10000.0;4500.0;3500.0;2000.0;14000.0;19000.0;9000.0;4500.0;4000.0;50500.0;52500.0;103000.0;40500.0;42000.0;1.0;1.1667;1.027;0.9;1.0;1.1429;1.0396;1.037;1000.0;7500.0;11000.0;4500.0;2000.0;1000.0;1000.0;13500.0;26500.0;12000.0;2500.0;1000.0;27000.0;56500.0;83500.0;23000.0;52000.0;1.0;1.8;2.4091;2.6667;1.25;1.0;2.0926;2.2609;500.0;25000.0;34000.0;15000.0;5000.0;3000.0;500.0;25000.0;29500.0;11500.0;5000.0;3500.0;82500.0;75000.0;157500.0;74000.0;66000.0;1.0;1.0;0.8676;0.7667;1.0;1.1667;0.9091;0.8919;500.0;6000.0;7000.0;4000.0;1500.0;500.0;500.0;4000.0;5000.0;2000.0;1500.0;500.0;19500.0;13500.0;33000.0;17000.0;11000.0;1.0;0.6667;0.7143;0.5;1.0;1.0;0.6923;0.6471;500.0;55000.0;62500.0;25000.0;8000.0;5000.0;500.0;65000.0;74000.0;25000.0;7500.0;5000.0;156000.0;177000.0;333000.0;142500.0;164000.0;1.0;1.1818;1.184;1.0;0.9375;1.0;1.1346;1.1509
country;AR;ARG;Argentina;500.0;2229500.0;3153500.0;1534000.0;917000.0;573500.0;500.0;2574000.0;3458500.0;1519000.0;931500.0;725000.0;8408000.0;9208500.0;17616500.0;6917000.0;7551500.0;1.0;1.1545;1.0967;0.9902;1.0158;1.2642;1.0952;1.0917;500.0;2336000.0;3485000.0;1652500.0;997500.0;667500.0;500.0;2699000.0;3720500.0;1624000.0;1007500.0;854500.0;9139000.0;9906000.0;19045000.0;7473500.0;8043500.0;1.0;1.1554;1.0676;0.9828;1.01;1.2801;1.0839;1.0763;500.0;1760500.0;2302500.0;1001500.0;641500.0;430500.0;500.0;2146000.0;2684500.0;1069500.0;662500.0;539500.0;6137000.0;7102500.0;13239500.0;5064500.0;5900000.0;1.0;1.219;1.1659;1.0679;1.0327;1.2532;1.1573;1.165;2000.0;2560500.0;3292000.0;1554500.0;936000.0;577000.0;2000.0;3177000.0;4009500.0;1797500.0;1072000.0;731000.0;8922000.0;10789000.0;19711000.0;7407000.0;8984000.0;1.0;1.2408;1.218;1.1563;1.1453;1.2669;1.2093;1.2129;1000.0;1101000.0;1705500.0;834500.0;479000.0;292000.0;1000.0;1644500.0;2362500.0;998500.0;564500.0;384500.0;4413000.0;5955500.0;10368500.0;3641000.0;5005500.0;1.0;1.4936;1.3852;1.1965;1.1785;1.3168;1.3495;1.3748;500.0;2228500.0;3198500.0;1564000.0;973000.0;676000.0;500.0;2609500.0;3522500.0;1551500.0;992500.0;855000.0;8640500.0;9531500.0;18172000.0;6991000.0;7683500.0;1.0;1.171;1.1013;0.992;1.02;1.2648;1.1031;1.0991;500.0;1058500.0;1323500.0;601000.0;371500.0;237000.0;500.0;1384000.0;1608000.0;642000.0;397000.0;301500.0;3592000.0;4333000.0;7925000.0;2983000.0;3634000.0;1.0;1.3075;1.215;1.0682;1.0686;1.2722;1.2063;1.2182;500.0;2427000.0;3618500.0;1673000.0;990500.0;625000.0;500.0;2801000.0;3856000.0;1652500.0;1015000.0;813000.0;9334500.0;10138000.0;19472500.0;7718500.0;8309500.0;1.0;1.1541;1.0656;0.9877;1.0247;1.3008;1.0861;1.0766
country;AT;AUT;Austria;500.0;129500.0;220500.0;97500.0;69000.0;43000.0;500.0;215000.0;298500.0;136000.0;105000.0;71000.0;560000.0;826000.0;1386000.0;447500.0;649500.0;1.0;1.6602;1.3537;1.3949;1.5217;1.6512;1.475;1.4514;500.0;126000.0;217000.0;96500.0;68500.0;43500.0;500.0;203000.0;280500.0;128500.0;100500.0;68500.0;552000.0;781500.0;1333500.0;439500.0;612000.0;1.0;1.6111;1.2926;1.3316;1.4672;1.5747;1.4158;1.3925;500.0;123000.0;183000.0;76000.0;52500.0;32500.0;500.0;203000.0;235000.0;100500.0;77500.0;50500.0;467500.0;667000.0;1134500.0;382000.0;538500.0;1.0;1.6504;1.2842;1.3224;1.4762;1.5538;1.4267;1.4097;2000.0;248500.0;402500.0;175500.0;124500.0;74500.0;2000.0;417500.0;561000.0;250000.0;188500.0;119500.0;1027500.0;1538500.0;2566000.0;826500.0;1228500.0;1.0;1.6801;1.3938;1.4245;1.5141;1.604;1.4973;1.4864;1000.0;62000.0;123500.0;64000.0;45500.0;26500.0;1000.0;126500.0;203000.0;95500.0;70000.0;42000.0;322500.0;538000.0;860500.0;249500.0;425000.0;1.0;2.0403;1.6437;1.4922;1.5385;1.5849;1.6682;1.7034;500.0;120500.0;209500.0;93500.0;67000.0;42000.0;500.0;198000.0;280500.0;129000.0;101500.0;69000.0;533000.0;778500.0;1311500.0;423500.0;607500.0;1.0;1.6432;1.3389;1.3797;1.5149;1.6429;1.4606;1.4345;500.0;103500.0;171500.0;76000.0;56000.0;35000.0;500.0;169500.0;222000.0;101500.0;83000.0;57500.0;442500.0;634000.0;1076500.0;351000.0;493000.0;1.0;1.6377;1.2945;1.3355;1.4821;1.6429;1.4328;1.4046;500.0;132000.0;226000.0;99500.0;69500.0;42000.0;500.0;222500.0;310500.0;142500.0;108000.0;70500.0;569500.0;854500.0;1424000.0;457500.0;675500.0;1.0;1.6856;1.3739;1.4322;1.554;1.6786;1.5004;1.4765
country;AU;AUS;Australia;500.0;936000.0;1459500.0;518500.0;255000.0;189500.0;500.0;1176000.0;1595000.0;515000.0;268000.0;206500.0;3359000.0;3761000.0;7120000.0;2914000.0;3286000.0;1.0;1.2564;1.0928;0.9932;1.051;1.0897;1.1197;1.1277;500.0;851500.0;1353000.0;473000.0;234000.0;175000.0;500.0;1074500.0;1494000.0;473000.0;246000.0;190500.0;3087000.0;3478500.0;6565500.0;2677500.0;3041500.0;1.0;1.2619;1.1042;1.0;1.0513;1.0886;1.1268;1.1359;500.0;750500.0;1005000.0;335000.0;162000.0;116000.0;500.0;995000.0;1161000.0;340500.0;168500.0;128500.0;2369000.0;2794000.0;5163000.0;2090500.0;2496500.0;1.0;1.3258;1.1552;1.0164;1.0401;1.1078;1.1794;1.1942;2000.0;1931000.0;2791500.0;900500.0;462000.0;328000.0;2000.0;2663000.0;3443500.0;1017500.0;543000.0;392500.0;6415000.0;8061500.0;14476500.0;5623000.0;7124000.0;1.0;1.3791;1.2336;1.1299;1.1753;1.1966;1.2567;1.2669;1000.0;411500.0;897000.0;322500.0;157000.0;120000.0;1000.0;778500.0;1319000.0;415500.0;202000.0;155000.0;1909000.0;2871000.0;4780000.0;1631000.0;2513000.0;1.0;1.8919;1.4705;1.2884;1.2866;1.2917;1.5039;1.5408;500.0;839500.0;1340500.0;468500.0;237000.0;176500.0;500.0;1077000.0;1500500.0;477500.0;253000.0;195000.0;3062500.0;3503500.0;6566000.0;2648500.0;3055000.0;1.0;1.2829;1.1194;1.0192;1.0675;1.1048;1.144;1.1535;500.0;669500.0;1186000.0;395000.0;197000.0;129000.0;500.0;934000.0;1376000.0;416000.0;217500.0;147000.0;2577000.0;3091000.0;5668000.0;2250500.0;2726000.0;1.0;1.3951;1.1602;1.0532;1.1041;1.1395;1.1995;1.2113;500.0;999000.0;1557500.0;541500.0;261500.0;191500.0;500.0;1257000.0;1695000.0;543000.0;276000.0;210500.0;3551500.0;3982000.0;7533500.0;3098000.0;3495000.0;1.0;1.2583;1.0883;1.0028;1.0554;1.0992;1.1212;1.1281
country;AW;ABW;Aruba;500.0;1500.0;2500.0;1500.0;500.0;500.0;500.0;1500.0;2500.0;1500.0;500.0;500.0;7000.0;7000.0;14000.0;5500.0;5500.0;1.0;1.0;1.0;1.0;1.0;1.0;1.0;1.0;500.0;500.0;1500.0;500.0;500.0;500.0;500.0;500.0;2000.0;500.0;500.0;500.0;4000.0;4500.0;8500.0;2500.0;3000.0;1.0;1.0;1.3333;1.0;1.0;1.0;1.125;1.2;500.0;500.0;1500.0;500.0;500.0;500.0;500.0;500.0;1500.0;500.0;500.0;500.0;4000.0;4000.0;8000.0;2500.0;2500.0;1.0;1.0;1.0;1.0;1.0;1.0;1.0;1.0;2000.0;2000.0;3000.0;2000.0;2000.0;2000.0;2000.0;2000.0;4000.0;2000.0;2000.0;2000.0;13000.0;14000.0;27000.0;7000.0;8000.0;1.0;1.0;1.3333;1.0;1.0;1.0;1.0769;1.1429;1000.0;1000.0;1000.0;1000.0;1000.0;1000.0;1000.0;1000.0;2000.0;1000.0;1000.0;1000.0;6000.0;7000.0;13000.0;3000.0;4000.0;1.0;1.0;2.0;1.0;1.0;1.0;1.1667;1.3333;500.0;1500.0;1500.0;1500.0;500.0;500.0;500.0;500.0;2000.0;500.0;500.0;500.0;6000.0;4500.0;10500.0;4500.0;3000.0;1.0;0.3333;1.3333;0.3333;1.0;1.0;0.75;0.6667;500.0;500.0;500.0;500.0;500.0;500.0;500.0;500.0;500.0;500.0;500.0;500.0;3000.0;3000.0;6000.0;1500.0;1500.0;1.0;1.0;1.0;1.0;1.0;1.0;1.0;1.0;500.0;1500.0;3000.0;1500.0;500.0;500.0;500.0;1500.0;4000.0;2000.0;500.0;500.0;7500.0;9000.0;16500.0;6000.0;7500.0;1.0;1.0;1.3333;1.3333;1.0;1.0;1.2;1.25
country;AZ;AZE;Azerbaijan;500.0;426000.0;900500.0;656000.0;335000.0;300500.0;500.0;417000.0;616000.0;376000.0;198500.0;267000.0;2618500.0;1875000.0;4493500.0;1982500.0;1409000.0;1.0;0.9789;0.6841;0.5732;0.5925;0.8885;0.7161;0.7107;500.0;488500.0;1035000.0;740500.0;369500.0;326000.0;500.0;469000.0;737500.0;431500.0;219500.0;282000.0;2960000.0;2140000.0;5100000.0;2264000.0;1638000.0;1.0;0.9601;0.7126;0.5827;0.594;0.865;0.723;0.7235;500.0;352500.0;650500.0;461500.0;237500.0;209000.0;500.0;381500.0;495000.0;306000.0;158500.0;198000.0;1911500.0;1539500.0;3451000.0;1464500.0;1182500.0;1.0;1.0823;0.761;0.6631;0.6674;0.9474;0.8054;0.8074;2000.0;522500.0;1216000.0;925000.0;473500.0;425000.0;2000.0;505500.0;864000.0;563500.0;289000.0;370500.0;3564000.0;2594500.0;6158500.0;2663500.0;1933000.0;1.0;0.9675;0.7105;0.6092;0.6103;0.8718;0.728;0.7257;1000.0;124500.0;357500.0;244500.0;114500.0;80000.0;1000.0;296500.0;455000.0;256500.0;123500.0;77500.0;922000.0;1210000.0;2132000.0;726500.0;1008000.0;1.0;2.3815;1.2727;1.0491;1.0786;0.9688;1.3124;1.3875;500.0;426000.0;879500.0;605000.0;290500.0;257000.0;500.0;422500.0;626500.0;351500.0;171500.0;226000.0;2458500.0;1798500.0;4257000.0;1910500.0;1400500.0;1.0;0.9918;0.7123;0.581;0.5904;0.8794;0.7315;0.7331;500.0;521500.0;1064000.0;729500.0;376000.0;108000.0;500.0;521500.0;783000.0;432500.0;225500.0;88500.0;2799500.0;2051500.0;4851000.0;2315000.0;1737000.0;1.0;1.0;0.7359;0.5929;0.5997;0.8194;0.7328;0.7503;500.0;519500.0;1074000.0;754500.0;366000.0;339500.0;500.0;521000.0;820500.0;463000.0;227500.0;308500.0;3054000.0;2341000.0;5395000.0;2348000.0;1804500.0;1.0;1.0029;0.764;0.6137;0.6216;0.9087;0.7665;0.7685
country;BA;BIH;Bosnia and Herzegovina;500.0;29500.0;42000.0;16000.0;8500.0;6000.0;500.0;23500.0;29500.0;8000.0;5000.0;4000.0;102500.0;70500.0;173000.0;87500.0;61000.0;1.0;0.7966;0.7024;0.5;0.5882;0.6667;0.6878;0.6971;500.0;22000.0;33500.0;15000.0;9500.0;7500.0;500.0;18500.0;23000.0;7000.0;6000.0;5000.0;88000.0;60000.0;148000.0;70500.0;48500.0;1.0;0.8409;0.6866;0.4667;0.6316;0.6667;0.6818;0.6879;500.0;22000.0;13000.0;5000.0;2500.0;1500.0;500.0;24000.0;10500.0;2500.0;1500.0;1500.0;44500.0;40500.0;85000.0;40000.0;37000.0;1.0;1.0909;0.8077;0.5;0.6;1.0;0.9101;0.925;2000.0;22000.0;26500.0;11500.0;5500.0;5500.0;2000.0;23000.0;26500.0;7500.0;4000.0;4000.0;73000.0;67000.0;140000.0;60000.0;57000.0;1.0;1.0455;1.0;0.6522;0.7273;0.7273;0.9178;0.95;1000.0;5500.0;6500.0;4000.0;2000.0;1000.0;1000.0;6500.0;9000.0;2500.0;1000.0;1000.0;20000.0;21000.0;41000.0;16000.0;18000.0;1.0;1.1818;1.3846;0.625;0.5;1.0;1.05;1.125;500.0;33000.0;43500.0;17500.0;9500.0;7500.0;500.0;36000.0;36000.0;9500.0;6000.0;5000.0;111500.0;93000.0;204500.0;94000.0;81500.0;1.0;1.0909;0.8276;0.5429;0.6316;0.6667;0.8341;0.867;500.0;11500.0;13500.0;6000.0;3000.0;2500.0;500.0;10500.0;12500.0;3500.0;1500.0;1500.0;37000.0;30000.0;67000.0;31000.0;26500.0;1.0;0.913;0.9259;0.5833;0.5;0.6;0.8108;0.8548;500.0;56000.0;74000.0;30500.0;15000.0;12500.0;500.0;60500.0;69000.0;19500.0;10500.0;9000.0;188500.0;169000.0;357500.0;160500.0;149000.0;1.0;1.0804;0.9324;0.6393;0.7;0.72;0.8966;0.9283
country;BB;BRB;Barbados;500.0;1500.0;1500.0;500.0;500.0;500.0;500.0;2000.0;2000.0;500.0;500.0;500.0;5000.0;6000.0;11000.0;3500.0;4500.0;1.0;1.3333;1.3333;1.0;1.0;1.0;1.2;1.2857;500.0;500.0;500.0;500.0;500.0;500.0;500.0;500.0;1500.0;500.0;500.0;500.0;3000.0;4000.0;7000.0;1500.0;2500.0;1.0;1.0;3.0;1.0;1.0;1.0;1.3333;1.6667;500.0;500.0;500.0;500.0;500.0;500.0;500.0;500.0;500.0;500.0;500.0;500.0;3000.0;3000.0;6000.0;1500.0;1500.0;1.0;1.0;1.0;1.0;1.0;1.0;1.0;1.0;2000.0;2000.0;2000.0;2000.0;2000.0;2000.0;2000.0;2000.0;3000.0;2000.0;2000.0;2000.0;12000.0;13000.0;25000.0;6000.0;7000.0;1.0;1.0;1.5;1.0;1.0;1.0;1.0833;1.1667;1000.0;1000.0;1000.0;1000.0;1000.0;1000.0;1000.0;1000.0;2000.0;1000.0;1000.0;1000.0;6000.0;7000.0;13000.0;3000.0;4000.0;1.0;1.0;2.0;1.0;1.0;1.0;1.1667;1.3333;500.0;500.0;1500.0;500.0;500.0;500.0;500.0;1500.0;1500.0;500.0;500.0;500.0;4000.0;5000.0;9000.0;2500.0;3500.0;1.0;3.0;1.0;1.0;1.0;1.0;1.25;1.4;500.0;500.0;500.0;500.0;500.0;500.0;500.0;500.0;500.0;500.0;500.0;500.0;3000.0;3000.0;6000.0;1500.0;1500.0;1.0;1.0;1.0;1.0;1.0;1.0;1.0;1.0;500.0;2000.0;2000.0;500.0;500.0;500.0;500.0;3000.0;4000.0;1500.0;500.0;500.0;6000.0;10000.0;16000.0;4500.0;8500.0;1.0;1.5;2.0;3.0;1.0;1.0;1.6667;1.8889
country;BD;BGD;Bangladesh;500.0;9350500.0;8872500.0;1935000.0;566000.0;862500.0;500.0;3388500.0;3108000.0;731500.0;197500.0;310500.0;21587000.0;7736500.0;29323500.0;20158000.0;7228000.0;1.0;0.3624;0.3503;0.378;0.3489;0.36;0.3584;0.3586;500.0;7563000.0;7733500.0;1755000.0;461500.0;676500.0;500.0;2166000.0;2487000.0;687500.0;161500.0;214000.0;18190000.0;5716500.0;23906500.0;17051500.0;5340500.0;1.0;0.2864;0.3216;0.3917;0.3499;0.3163;0.3143;0.3132;500.0;2059500.0;1609500.0;295000.0;91500.0;135000.0;500.0;685000.0;474000.0;95000.0;27500.0;40500.0;4191000.0;1322500.0;5513500.0;3964000.0;1254000.0;1.0;0.3326;0.2945;0.322;0.3005;0.3;0.3156;0.3163;2000.0;3434500.0;3199000.0;839000.0;270000.0;425000.0;2000.0;1031000.0;923500.0;275500.0;84500.0;135500.0;8169500.0;2452000.0;10621500.0;7472500.0;2230000.0;1.0;0.3002;0.2887;0.3284;0.313;0.3188;0.3001;0.2984;1000.0;2621000.0;2756500.0;628500.0;161000.0;155000.0;1000.0;1400000.0;1222000.0;266500.0;62000.0;63500.0;6323000.0;3015000.0;9338000.0;6006000.0;2888500.0;1.0;0.5341;0.4433;0.424;0.3851;0.4097;0.4768;0.4809;500.0;3952500.0;4072500.0;943500.0;300000.0;470500.0;500.0;1227000.0;1185000.0;300500.0;102500.0;157000.0;9739500.0;2972500.0;12712000.0;8968500.0;2712500.0;1.0;0.3104;0.291;0.3185;0.3417;0.3337;0.3052;0.3024;500.0;2194000.0;1953000.0;449500.0;150500.0;274000.0;500.0;639000.0;559500.0;137500.0;45000.0;86000.0;5021500.0;1467500.0;6489000.0;4596500.0;1336000.0;1.0;0.2912;0.2865;0.3059;0.299;0.3139;0.2922;0.2907;500.0;10794500.0;11058000.0;2358500.0;559500.0;791000.0;500.0;4249500.0;4387000.0;1135000.0;235500.0;293500.0;25562000.0;10301000.0;35863000.0;24211000.0;9771500.0;1.0;0.3937;0.3967;0.4812;0.4209;0.371;0.403;0.4036
country;BE;BEL;Belgium;500.0;231000.0;328500.0;168500.0;115000.0;66000.0;500.0;343000.0;446500.0;244000.0;170500.0;112500.0;909500.0;1317000.0;2226500.0;728000.0;1033500.0;1.0;1.4848;1.3592;1.4481;1.4826;1.7045;1.448;1.4196;500.0;227000.0;323000.0;166000.0;113000.0;64000.0;500.0;330500.0;430500.0;229500.0;160500.0;105000.0;893500.0;1256500.0;2150000.0;716000.0;990500.0;1.0;1.4559;1.3328;1.3825;1.4204;1.6406;1.4063;1.3834;500.0;215000.0;274000.0;127500.0;87500.0;45500.0;500.0;308500.0;342000.0;172500.0;119500.0;71500.0;750000.0;1014500.0;1764500.0;616500.0;823000.0;1.0;1.4349;1.2482;1.3529;1.3657;1.5714;1.3527;1.335;2000.0;413000.0;579500.0;283500.0;196500.0;109000.0;2000.0;590500.0;761000.0;389500.0;271000.0;169500.0;1583500.0;2183500.0;3767000.0;1276000.0;1741000.0;1.0;1.4298;1.3132;1.3739;1.3791;1.555;1.3789;1.3644;1000.0;80000.0;210000.0;156500.0;94500.0;49500.0;1000.0;173000.0;341500.0;216500.0;138500.0;78500.0;591500.0;949000.0;1540500.0;446500.0;731000.0;1.0;2.1625;1.6262;1.3834;1.4656;1.5859;1.6044;1.6372;500.0;218500.0;315000.0;162000.0;111500.0;62500.0;500.0;317000.0;428500.0;230500.0;161000.0;102500.0;870000.0;1240000.0;2110000.0;695500.0;976000.0;1.0;1.4508;1.3603;1.4228;1.4439;1.64;1.4253;1.4033;500.0;235500.0;337000.0;134000.0;89500.0;48500.0;500.0;366000.0;481500.0;186500.0;123500.0;77000.0;845000.0;1235000.0;2080000.0;706500.0;1034000.0;1.0;1.5541;1.4288;1.3918;1.3799;1.5876;1.4615;1.4636;500.0;239500.0;339500.0;175000.0;118000.0;66000.0;500.0;362500.0;471500.0;256000.0;175000.0;111500.0;938500.0;1377000.0;2315500.0;754000.0;1090000.0;1.0;1.5136;1.3888;1.4629;1.4831;1.6894;1.4672;1.4456
country;BG;BGR;Bulgaria;500.0;110500.0;209500.0;127000.0;94000.0;70500.0;500.0;189500.0;315000.0;174000.0;138500.0;131500.0;612000.0;949000.0;1561000.0;447000.0;678500.0;1.0;1.7149;1.5036;1.3701;1.4734;1.8652;1.5507;1.5179;500.0;106000.0;202000.0;126000.0;91500.0;67500.0;500.0;176000.0;296000.0;173500.0;137500.0;128000.0;593500.0;911500.0;1505000.0;434000.0;645500.0;1.0;1.6604;1.4653;1.377;1.5027;1.8963;1.5358;1.4873;500.0;99500.0;169000.0;96500.0;69000.0;51500.0;500.0;164000.0;260500.0;143500.0;109500.0;102500.0;486000.0;780500.0;1266500.0;365000.0;568000.0;1.0;1.6482;1.5414;1.487;1.587;1.9903;1.606;1.5562;2000.0;163000.0;281500.0;163000.0;116000.0;79500.0;2000.0;287500.0;451000.0;232500.0;168500.0;144000.0;805000.0;1285500.0;2090500.0;607500.0;971000.0;1.0;1.7638;1.6021;1.4264;1.4526;1.8113;1.5969;1.5984;1000.0;62500.0;130500.0;75500.0;33000.0;21000.0;1000.0;144000.0;308000.0;173500.0;77000.0;50000.0;323500.0;753500.0;1077000.0;268500.0;625500.0;1.0;2.304;2.3602;2.298;2.3333;2.381;2.3292;2.3296;500.0;90500.0;172000.0;103500.0;75000.0;54000.0;500.0;148500.0;250500.0;137500.0;106000.0;96500.0;495500.0;739500.0;1235000.0;366000.0;536500.0;1.0;1.6409;1.4564;1.3285;1.4133;1.787;1.4924;1.4658;500.0;70500.0;130500.0;87000.0;65000.0;46000.0;500.0;121500.0;198000.0;117000.0;94000.0;84000.0;399500.0;615000.0;1014500.0;288000.0;436500.0;1.0;1.7234;1.5172;1.3448;1.4462;1.8261;1.5394;1.5156;500.0;115000.0;219000.0;136000.0;97500.0;72500.0;500.0;204000.0;345500.0;200500.0;153000.0;139500.0;640500.0;1043000.0;1683500.0;470000.0;750000.0;1.0;1.7739;1.5776;1.4743;1.5692;1.9241;1.6284;1.5957
country;BH;BHR;Bahrain;500.0;97000.0;235000.0;128000.0;48500.0;29000.0;500.0;70500.0;158000.0;74000.0;32500.0;20500.0;538000.0;356000.0;894000.0;460000.0;302500.0;1.0;0.7268;0.6723;0.5781;0.6701;0.7069;0.6617;0.6576;500.0;100500.0;243000.0;130500.0;49500.0;30500.0;500.0;74000.0;159500.0;73500.0;32000.0;21500.0;554500.0;361000.0;915500.0;474000.0;307000.0;1.0;0.7363;0.6564;0.5632;0.6465;0.7049;0.651;0.6477;500.0;78000.0;159500.0;80500.0;30500.0;18000.0;500.0;61500.0;115000.0;52000.0;20500.0;12500.0;367000.0;262000.0;629000.0;318000.0;228500.0;1.0;0.7885;0.721;0.646;0.6721;0.6944;0.7139;0.7186;2000.0;104000.0;252500.0;129500.0;53500.0;34000.0;2000.0;97500.0;212000.0;92000.0;38000.0;24500.0;575500.0;466000.0;1041500.0;486000.0;401500.0;1.0;0.9375;0.8396;0.7104;0.7103;0.7206;0.8097;0.8261;1000.0;45500.0;107500.0;58500.0;21000.0;14500.0;1000.0;42500.0;98500.0;43500.0;15500.0;10000.0;248000.0;211000.0;459000.0;211500.0;184500.0;1.0;0.9341;0.9163;0.7436;0.7381;0.6897;0.8508;0.8723;500.0;101000.0;248000.0;134500.0;51500.0;32000.0;500.0;77000.0;165000.0;77500.0;34000.0;22500.0;567500.0;376500.0;944000.0;483500.0;319500.0;1.0;0.7624;0.6653;0.5762;0.6602;0.7031;0.6634;0.6608;500.0;23500.0;40500.0;22000.0;9500.0;6000.0;500.0;15000.0;30500.0;11000.0;6000.0;4500.0;102000.0;67500.0;169500.0;86000.0;56500.0;1.0;0.6383;0.7531;0.5;0.6316;0.75;0.6618;0.657;500.0;112500.0;270500.0;145000.0;54500.0;33500.0;500.0;84000.0;177500.0;84000.0;36500.0;24000.0;616500.0;406500.0;1023000.0;528000.0;345500.0;1.0;0.7467;0.6562;0.5793;0.6697;0.7164;0.6594;0.6544
country;BL;BLM;Saint Barthélemy;500.0;500.0;500.0;500.0;500.0;500.0;500.0;500.0;500.0;500.0;500.0;500.0;3000.0;3000.0;6000.0;1500.0;1500.0;1.0;1.0;1.0;1.0;1.0;1.0;1.0;1.0;500.0;500.0;500.0;500.0;500.0;500.0;500.0;500.0;500.0;500.0;500.0;500.0;3000.0;3000.0;6000.0;1500.0;1500.0;1.0;1.0;1.0;1.0;1.0;1.0;1.0;1.0;500.0;500.0;500.0;500.0;500.0;500.0;500.0;500.0;500.0;500.0;500.0;500.0;3000.0;3000.0;6000.0;1500.0;1500.0;1.0;1.0;1.0;1.0;1.0;1.0;1.0;1.0;2000.0;2000.0;2000.0;2000.0;2000.0;2000.0;2000.0;2000.0;2000.0;2000.0;2000.0;2000.0;12000.0;12000.0;24000.0;6000.0;6000.0;1.0;1.0;1.0;1.0;1.0;1.0;1.0;1.0;1000.0;1000.0;1000.0;1000.0;1000.0;1000.0;1000.0;1000.0;1000.0;1000.0;1000.0;1000.0;6000.0;6000.0;12000.0;3000.0;3000.0;1.0;1.0;1.0;1.0;1.0;1.0;1.0;1.0;500.0;500.0;500.0;500.0;500.0;500.0;500.0;500.0;500.0;500.0;500.0;500.0;3000.0;3000.0;6000.0;1500.0;1500.0;1.0;1.0;1.0;1.0;1.0;1.0;1.0;1.0;500.0;500.0;500.0;500.0;500.0;500.0;500.0;500.0;500.0;500.0;500.0;500.0;3000.0;3000.0;6000.0;1500.0;1500.0;1.0;1.0;1.0;1.0;1.0;1.0;1.0;1.0;500.0;500.0;500.0;500.0;500.0;500.0;500.0;500.0;500.0;500.0;500.0;500.0;3000.0;3000.0;6000.0;1500.0;1500.0;1.0;1.0;1.0;1.0;1.0;1.0;1.0;1.0
country;BM;BMU;Bermuda;500.0;500.0;1500.0;500.0;500.0;500.0;500.0;500.0;1500.0;500.0;500.0;500.0;4000.0;4000.0;8000.0;2500.0;2500.0;1.0;1.0;1.0;1.0;1.0;1.0;1.0;1.0;500.0;500.0;1500.0;500.0;500.0;500.0;500.0;500.0;1500.0;500.0;500.0;500.0;4000.0;4000.0;8000.0;2500.0;2500.0;1.0;1.0;1.0;1.0;1.0;1.0;1.0;1.0;500.0;500.0;500.0;500.0;500.0;500.0;500.0;500.0;500.0;500.0;500.0;500.0;3000.0;3000.0;6000.0;1500.0;1500.0;1.0;1.0;1.0;1.0;1.0;1.0;1.0;1.0;2000.0;2000.0;3000.0;2000.0;2000.0;2000.0;2000.0;2000.0;3000.0;2000.0;2000.0;2000.0;13000.0;13000.0;26000.0;7000.0;7000.0;1.0;1.0;1.0;1.0;1.0;1.0;1.0;1.0;1000.0;1000.0;1000.0;1000.0;1000.0;1000.0;1000.0;1000.0;2000.0;1000.0;1000.0;1000.0;6000.0;7000.0;13000.0;3000.0;4000.0;1.0;1.0;2.0;1.0;1.0;1.0;1.1667;1.3333;500.0;500.0;1500.0;500.0;500.0;500.0;500.0;500.0;1500.0;500.0;500.0;500.0;4000.0;4000.0;8000.0;2500.0;2500.0;1.0;1.0;1.0;1.0;1.0;1.0;1.0;1.0;500.0;500.0;1500.0;500.0;500.0;500.0;500.0;500.0;500.0;500.0;500.0;500.0;4000.0;3000.0;7000.0;2500.0;1500.0;1.0;1.0;0.3333;1.0;1.0;1.0;0.75;0.6;500.0;500.0;1500.0;500.0;500.0;500.0;500.0;500.0;2000.0;1500.0;500.0;500.0;4000.0;5500.0;9500.0;2500.0;4000.0;1.0;1.0;1.3333;3.0;1.0;1.0;1.375;1.6
country;BO;BOL;Bolivia (Plurinational State of);500.0;932000.0;1323000.0;603000.0;273500.0;186000.0;500.0;905000.0;1218500.0;581500.0;301500.0;263000.0;3318000.0;3270000.0;6588000.0;2858000.0;2705000.0;1.0;0.971;0.921;0.9643;1.1024;1.414;0.9855;0.9465;500.0;900500.0;1323000.0;588500.0;270500.0;189500.0;500.0;877000.0;1192000.0;563000.0;298500.0;268500.0;3272500.0;3199500.0;6472000.0;2812000.0;2632000.0;1.0;0.9739;0.901;0.9567;1.1035;1.4169;0.9777;0.936;500.0;816000.0;1178500.0;546000.0;252500.0;175000.0;500.0;811500.0;1118500.0;539000.0;286000.0;256000.0;2968500.0;3011500.0;5980000.0;2540500.0;2469000.0;1.0;0.9945;0.9491;0.9872;1.1327;1.4629;1.0145;0.9719;2000.0;969500.0;1373500.0;659000.0;304000.0;182000.0;2000.0;1139500.0;1534500.0;733500.0;365000.0;259500.0;3490000.0;4034000.0;7524000.0;3002000.0;3407500.0;1.0;1.1753;1.1172;1.1131;1.2007;1.4258;1.1559;1.1351;1000.0;173500.0;269000.0;122500.0;49500.0;29000.0;1000.0;275500.0;393500.0;175500.0;65000.0;45000.0;644500.0;955500.0;1600000.0;565000.0;844500.0;1.0;1.5879;1.4628;1.4327;1.3131;1.5517;1.4825;1.4947;500.0;701500.0;935000.0;420500.0;187000.0;120500.0;500.0;700500.0;897500.0;415000.0;219500.0;186000.0;2365000.0;2419000.0;4784000.0;2057000.0;2013000.0;1.0;0.9986;0.9599;0.9869;1.1738;1.5436;1.0228;0.9786;500.0;494000.0;663000.0;274000.0;124500.0;84000.0;500.0;543000.0;659500.0;280500.0;152500.0;119500.0;1640000.0;1755500.0;3395500.0;1431000.0;1483000.0;1.0;1.0992;0.9947;1.0237;1.2249;1.4226;1.0704;1.0363;500.0;815000.0;1236500.0;558500.0;252000.0;149500.0;500.0;826000.0;1162500.0;550500.0;290500.0;234000.0;3012000.0;3064000.0;6076000.0;2610000.0;2539000.0;1.0;1.0135;0.9402;0.9857;1.1528;1.5652;1.0173;0.9728
country;BQ;BES;Caribbean Netherlands;500.0;1500.0;500.0;500.0;500.0;500.0;500.0;500.0;1500.0;500.0;500.0;500.0;4000.0;4000.0;8000.0;2500.0;2500.0;1.0;0.3333;3.0;1.0;1.0;1.0;1.0;1.0;500.0;500.0;500.0;500.0;500.0;500.0;500.0;500.0;500.0;500.0;500.0;500.0;3000.0;3000.0;6000.0;1500.0;1500.0;1.0;1.0;1.0;1.0;1.0;1.0;1.0;1.0;500.0;500.0;500.0;500.0;500.0;500.0;500.0;500.0;500.0;500.0;500.0;500.0;3000.0;3000.0;6000.0;1500.0;1500.0;1.0;1.0;1.0;1.0;1.0;1.0;1.0;1.0;2000.0;2000.0;2000.0;2000.0;2000.0;2000.0;2000.0;2000.0;2000.0;2000.0;2000.0;2000.0;12000.0;12000.0;24000.0;6000.0;6000.0;1.0;1.0;1.0;1.0;1.0;1.0;1.0;1.0;1000.0;1000.0;1000.0;1000.0;1000.0;1000.0;1000.0;1000.0;2000.0;1000.0;1000.0;1000.0;6000.0;7000.0;13000.0;3000.0;4000.0;1.0;1.0;2.0;1.0;1.0;1.0;1.1667;1.3333;500.0;500.0;500.0;500.0;500.0;500.0;500.0;500.0;1500.0;500.0;500.0;500.0;3000.0;4000.0;7000.0;1500.0;2500.0;1.0;1.0;3.0;1.0;1.0;1.0;1.3333;1.6667;500.0;500.0;500.0;500.0;500.0;500.0;500.0;500.0;500.0;500.0;500.0;500.0;3000.0;3000.0;6000.0;1500.0;1500.0;1.0;1.0;1.0;1.0;1.0;1.0;1.0;1.0;500.0;1500.0;1500.0;1500.0;500.0;500.0;500.0;500.0;2500.0;1500.0;500.0;500.0;6000.0;6000.0;12000.0;4500.0;4500.0;1.0;0.3333;1.6667;1.0;1.0;1.0;1.0;1.0
country;BR;BRA;Brazil;500.0;8221500.0;11616000.0;6752500.0;4322500.0;3693000.0;500.0;9904000.0;12435000.0;6219000.0;4143500.0;4202000.0;34606000.0;36904000.0;71510000.0;26590000.0;28558000.0;1.0;1.2046;1.0705;0.921;0.9586;1.1378;1.0664;1.074;500.0;8274000.0;11839500.0;7185000.0;4837500.0;4268000.0;500.0;9818500.0;12443000.0;6593500.0;4737500.0;5096500.0;36404500.0;38689500.0;75094000.0;27298500.0;28855000.0;1.0;1.1867;1.051;0.9177;0.9793;1.1941;1.0628;1.057;500.0;6460500.0;8106000.0;4278500.0;2738000.0;2233000.0;500.0;8198500.0;8901500.0;3963000.0;2576000.0;2476000.0;23816500.0;26115500.0;49932000.0;18845000.0;21063000.0;1.0;1.269;1.0981;0.9263;0.9408;1.1088;1.0965;1.1177;2000.0;10136500.0;13913000.0;8594500.0;5780000.0;4758000.0;2000.0;13556500.0;15651000.0;8043000.0;5584500.0;5407500.0;43184000.0;48244500.0;91428500.0;32644000.0;37250500.0;1.0;1.3374;1.1249;0.9358;0.9662;1.1365;1.1172;1.1411;1000.0;4575500.0;7613500.0;4295500.0;2251000.0;1880500.0;1000.0;7660000.0;10076500.0;4818500.0;2543000.0;2464500.0;20617000.0;27563500.0;48180500.0;16484500.0;22555000.0;1.0;1.6741;1.3235;1.1218;1.1297;1.3106;1.3369;1.3683;500.0;6097000.0;9042000.0;5235000.0;3608500.0;3387000.0;500.0;7665000.0;9854000.0;4805000.0;3375000.0;3857500.0;27370000.0;29557000.0;56927000.0;20374000.0;22324000.0;1.0;1.2572;1.0898;0.9179;0.9353;1.1389;1.0799;1.0957;500.0;5334000.0;7325000.0;4088500.0;2690500.0;2372500.0;500.0;6997500.0;8254000.0;3858500.0;2720500.0;2850500.0;21811000.0;24681500.0;46492500.0;16747500.0;19110000.0;1.0;1.3119;1.1268;0.9437;1.0112;1.2015;1.1316;1.1411;500.0;8872500.0;12581500.0;7148000.0;4677500.0;4179500.0;500.0;10457000.0;13281000.0;6576000.0;4582500.0;4932500.0;37459500.0;39829500.0;77289000.0;28602000.0;30314000.0;1.0;1.1786;1.0556;0.92;0.9797;1.1802;1.0633;1.0599
country;BS;BHS;The Bahamas;500.0;6000.0;11500.0;5000.0;2500.0;1500.0;500.0;6500.0;13000.0;5000.0;2500.0;1500.0;27000.0;29000.0;56000.0;22500.0;24500.0;1.0;1.0833;1.1304;1.0;1.0;1.0;1.0741;1.0889;500.0;4500.0;8500.0;3500.0;2000.0;500.0;500.0;5000.0;8500.0;3000.0;1500.0;1500.0;19500.0;20000.0;39500.0;16500.0;16500.0;1.0;1.1111;1.0;0.8571;0.75;3.0;1.0256;1.0;500.0;1500.0;4000.0;1500.0;500.0;500.0;500.0;2500.0;4000.0;2500.0;1500.0;500.0;8500.0;11500.0;20000.0;7000.0;9000.0;1.0;1.6667;1.0;1.6667;3.0;1.0;1.3529;1.2857;2000.0;7000.0;14000.0;5500.0;3500.0;2000.0;2000.0;9500.0;17500.0;7000.0;4000.0;3500.0;34000.0;43500.0;77500.0;26500.0;34000.0;1.0;1.3571;1.25;1.2727;1.1429;1.75;1.2794;1.283;1000.0;2000.0;4500.0;2000.0;1000.0;1000.0;1000.0;4500.0;9000.0;3500.0;1000.0;1000.0;11500.0;20000.0;31500.0;8500.0;17000.0;1.0;2.25;2.0;1.75;1.0;1.0;1.7391;2.0;500.0;3500.0;8500.0;3500.0;2500.0;500.0;500.0;4000.0;9500.0;4000.0;1500.0;1500.0;19000.0;21000.0;40000.0;15500.0;17500.0;1.0;1.1429;1.1176;1.1429;0.6;3.0;1.1053;1.129;500.0;3000.0;6500.0;2000.0;1500.0;500.0;500.0;3000.0;6000.0;2000.0;1500.0;500.0;14000.0;13500.0;27500.0;11500.0;11000.0;1.0;1.0;0.9231;1.0;1.0;1.0;0.9643;0.9565;500.0;7500.0;15000.0;5000.0;3000.0;1500.0;500.0;9500.0;18500.0;7000.0;3000.0;2000.0;32500.0;40500.0;73000.0;27500.0;35000.0;1.0;1.2667;1.2333;1.4;1.0;1.3333;1.2462;1.2727
country;BY;BLR;Belarus;500.0;482000.0;798000.0;495000.0;277500.0;220500.0;500.0;483000.0;638500.0;378500.0;263000.0;310500.0;2273500.0;2074000.0;4347500.0;1775000.0;1500000.0;1.0;1.0021;0.8001;0.7646;0.9477;1.4082;0.9122;0.8451;500.0;421500.0;816500.0;532500.0;304000.0;224000.0;500.0;430500.0;686000.0;445000.0;312000.0;315000.0;2299000.0;2189000.0;4488000.0;1770500.0;1561500.0;1.0;1.0214;0.8402;0.8357;1.0263;1.4062;0.9522;0.882;500.0;381500.0;603500.0;292000.0;144000.0;124000.0;500.0;473000.0;624000.0;314000.0;179500.0;185000.0;1545500.0;1776000.0;3321500.0;1277000.0;1411000.0;1.0;1.2398;1.034;1.0753;1.2465;1.4919;1.1491;1.1049;2000.0;395500.0;608000.0;381500.0;254000.0;151000.0;2000.0;563000.0;665500.0;374000.0;358500.0;228000.0;1792000.0;2191000.0;3983000.0;1385000.0;1602500.0;1.0;1.4235;1.0946;0.9803;1.4114;1.5099;1.2227;1.157;1000.0;75000.0;254000.0;173500.0;82500.0;63000.0;1000.0;172000.0;358000.0;204500.0;118000.0;113000.0;649000.0;966500.0;1615500.0;502500.0;734500.0;1.0;2.2933;1.4094;1.1787;1.4303;1.7937;1.4892;1.4617;500.0;237500.0;475500.0;409000.0;204000.0;158500.0;500.0;283000.0;425000.0;345000.0;196000.0;225000.0;1485000.0;1474500.0;2959500.0;1122000.0;1053000.0;1.0;1.1916;0.8938;0.8435;0.9608;1.4196;0.9929;0.9385;500.0;415000.0;679500.0;405000.0;221000.0;102500.0;500.0;456000.0;602000.0;351500.0;239500.0;158500.0;1823500.0;1808000.0;3631500.0;1499500.0;1409500.0;1.0;1.0988;0.8859;0.8679;1.0837;1.5463;0.9915;0.94;500.0;571500.0;961500.0;562000.0;307000.0;238500.0;500.0;592000.0;832000.0;479500.0;325000.0;362500.0;2641000.0;2591500.0;5232500.0;2095000.0;1903500.0;1.0;1.0359;0.8653;0.8532;1.0586;1.5199;0.9813;0.9086
country;BZ;BLZ;Belize;500.0;4000.0;3000.0;1500.0;500.0;500.0;500.0;3500.0;6000.0;1500.0;500.0;500.0;10000.0;12500.0;22500.0;8500.0;11000.0;1.0;0.875;2.0;1.0;1.0;1.0;1.25;1.2941;500.0;2500.0;2500.0;1500.0;500.0;500.0;500.0;2000.0;3000.0;1500.0;500.0;0.0;8000.0;7500.0;15500.0;6500.0;6500.0;1.0;0.8;1.2;1.0;1.0;0.0;0.9375;1.0;500.0;1500.0;1500.0;500.0;500.0;500.0;500.0;500.0;2000.0;500.0;500.0;500.0;5000.0;4500.0;9500.0;3500.0;3000.0;1.0;0.3333;1.3333;1.0;1.0;1.0;0.9;0.8571;2000.0;3000.0;3000.0;2000.0;2000.0;2000.0;2000.0;3000.0;5000.0;2000.0;2000.0;2000.0;14000.0;16000.0;30000.0;8000.0;10000.0;1.0;1.0;1.6667;1.0;1.0;1.0;1.1429;1.25;1000.0;1000.0;2000.0;1000.0;1000.0;1000.0;1000.0;2500.0;4000.0;1000.0;1000.0;1000.0;7000.0;10500.0;17500.0;4000.0;7500.0;1.0;2.5;2.0;1.0;1.0;1.0;1.5;1.875;500.0;2000.0;2500.0;1500.0;500.0;500.0;500.0;2000.0;3500.0;500.0;500.0;500.0;7500.0;7500.0;15000.0;6000.0;6000.0;1.0;1.0;1.4;0.3333;1.0;1.0;1.0;1.0;500.0;1500.0;1500.0;500.0;500.0;500.0;500.0;500.0;2500.0;500.0;500.0;500.0;5000.0;5000.0;10000.0;3500.0;3500.0;1.0;0.3333;1.6667;1.0;1.0;1.0;1.0;1.0;500.0;5000.0;5000.0;2500.0;500.0;500.0;500.0;6500.0;8500.0;3500.0;1500.0;500.0;14000.0;21000.0;35000.0;12500.0;18500.0;1.0;1.3;1.7;1.4;3.0;1.0;1.5;1.48
country;CA;CAN;Canada;500.0;1254000.0;2079500.0;908500.0;516500.0;398000.0;500.0;1474000.0;2207000.0;855000.0;507000.0;443500.0;5157000.0;5487000.0;10644000.0;4242000.0;4536000.0;1.0;1.1754;1.0613;0.9411;0.9816;1.1143;1.064;1.0693;500.0;1188500.0;2029500.0;873000.0;501500.0;375000.0;500.0;1423500.0;2185000.0;831500.0;498500.0;422000.0;4968000.0;5361000.0;10329000.0;4091000.0;4440000.0;1.0;1.1977;1.0766;0.9525;0.994;1.1253;1.0791;1.0853;500.0;859000.0;1192500.0;490500.0;293000.0;232000.0;500.0;1099500.0;1339500.0;468500.0;279000.0;252000.0;3067500.0;3439000.0;6506500.0;2542000.0;2907500.0;1.0;1.28;1.1233;0.9551;0.9522;1.0862;1.1211;1.1438;2000.0;1853500.0;3147000.0;1305000.0;809500.0;635500.0;2000.0;2632000.0;4159500.0;1541500.0;907000.0;764000.0;7752500.0;10006000.0;17758500.0;6305500.0;8333000.0;1.0;1.42;1.3217;1.1812;1.1204;1.2022;1.2907;1.3215;1000.0;377500.0;1177500.0;508500.0;181000.0;150000.0;1000.0;941000.0;1755500.0;673500.0;271500.0;222000.0;2395500.0;3864500.0;6260000.0;2063500.0;3370000.0;1.0;2.4927;1.4909;1.3245;1.5;1.48;1.6132;1.6331;500.0;1046000.0;1783000.0;780500.0;459500.0;370500.0;500.0;1302500.0;2006000.0;769000.0;465000.0;419500.0;4440000.0;4962500.0;9402500.0;3609500.0;4077500.0;1.0;1.2452;1.1251;0.9853;1.012;1.1323;1.1177;1.1297;500.0;870500.0;1633000.0;678000.0;404000.0;252500.0;500.0;1131500.0;1915000.0;707500.0;419500.0;318500.0;3838500.0;4492500.0;8331000.0;3181500.0;3754000.0;1.0;1.2998;1.1727;1.0435;1.0384;1.2614;1.1704;1.1799;500.0;1296000.0;2209000.0;935000.0;521500.0;395000.0;500.0;1542500.0;2354000.0;896000.0;528500.0;450500.0;5357000.0;5772000.0;11129000.0;4440000.0;4792500.0;1.0;1.1902;1.0656;0.9583;1.0134;1.1405;1.0775;1.0794
country;CD;COD;Congo (Democratic Republic of the);500.0;28500.0;38500.0;11500.0;4000.0;2500.0;500.0;27000.0;35000.0;9500.0;4000.0;4000.0;85500.0;80000.0;165500.0;78500.0;71500.0;1.0;0.9474;0.9091;0.8261;1.0;1.6;0.9357;0.9108;500.0;15000.0;21000.0;5000.0;2000.0;1500.0;500.0;10500.0;13000.0;3500.0;2000.0;1500.0;45000.0;31000.0;76000.0;41000.0;27000.0;1.0;0.7;0.619;0.7;1.0;1.0;0.6889;0.6585;500.0;12000.0;14000.0;3500.0;1500.0;500.0;500.0;9500.0;11500.0;3000.0;1500.0;1500.0;32000.0;27500.0;59500.0;29500.0;24000.0;1.0;0.7917;0.8214;0.8571;1.0;3.0;0.8594;0.8136;2000.0;15000.0;21000.0;6000.0;3000.0;2000.0;2000.0;14000.0;17500.0;5000.0;3000.0;3000.0;49000.0;44500.0;93500.0;42000.0;36500.0;1.0;0.9333;0.8333;0.8333;1.0;1.5;0.9082;0.869;1000.0;9000.0;17500.0;4500.0;1000.0;1000.0;1000.0;16500.0;25000.0;7000.0;2000.0;2000.0;34000.0;53500.0;87500.0;31000.0;48500.0;1.0;1.8333;1.4286;1.5556;2.0;2.0;1.5735;1.5645;500.0;9500.0;18000.0;6000.0;2500.0;1500.0;500.0;8000.0;13000.0;5000.0;2000.0;1500.0;38000.0;30000.0;68000.0;33500.0;26000.0;1.0;0.8421;0.7222;0.8333;0.8;1.0;0.7895;0.7761;500.0;5000.0;8500.0;2000.0;500.0;500.0;500.0;5000.0;6000.0;1500.0;500.0;500.0;17000.0;14000.0;31000.0;15500.0;12500.0;1.0;1.0;0.7059;0.75;1.0;1.0;0.8235;0.8065;500.0;29500.0;42000.0;11500.0;4000.0;2500.0;500.0;36500.0;44000.0;9500.0;3000.0;3500.0;90000.0;97000.0;187000.0;83000.0;90000.0;1.0;1.2373;1.0476;0.8261;0.75;1.4;1.0778;1.0843
country;CH;CHE;Switzerland;500.0;127500.0;196000.0;105000.0;80500.0;42000.0;500.0;192500.0;264000.0;139500.0;116000.0;67000.0;551500.0;779500.0;1331000.0;428500.0;596000.0;1.0;1.5098;1.3469;1.3286;1.441;1.5952;1.4134;1.3909;500.0;125000.0;193000.0;103000.0;79500.0;41500.0;500.0;184000.0;251000.0;132500.0;112000.0;65000.0;542500.0;745000.0;1287500.0;421000.0;567500.0;1.0;1.472;1.3005;1.2864;1.4088;1.5663;1.3733;1.348;500.0;122000.0;181000.0;90500.0;68500.0;36000.0;500.0;179500.0;237000.0;116500.0;96000.0;54500.0;498500.0;684000.0;1182500.0;393500.0;533000.0;1.0;1.4713;1.3094;1.2873;1.4015;1.5139;1.3721;1.3545;2000.0;304500.0;465000.0;244500.0;190000.0;100000.0;2000.0;441500.0;601500.0;316500.0;263000.0;156000.0;1306000.0;1780500.0;3086500.0;1014000.0;1359500.0;1.0;1.4499;1.2935;1.2945;1.3842;1.56;1.3633;1.3407;1000.0;75500.0;118000.0;69500.0;45500.0;22000.0;1000.0;127000.0;191500.0;104000.0;73500.0;33500.0;331500.0;530500.0;862000.0;263000.0;422500.0;1.0;1.6821;1.6229;1.4964;1.6154;1.5227;1.6003;1.6065;500.0;119500.0;186500.0;99000.0;76000.0;39500.0;500.0;176000.0;246500.0;128000.0;106500.0;61500.0;521000.0;719000.0;1240000.0;405000.0;550500.0;1.0;1.4728;1.3217;1.2929;1.4013;1.557;1.38;1.3593;500.0;103000.0;154500.0;81000.0;64000.0;35000.0;500.0;147500.0;197000.0;102000.0;87500.0;55000.0;438000.0;589500.0;1027500.0;338500.0;446500.0;1.0;1.432;1.2751;1.2593;1.3672;1.5714;1.3459;1.3191;500.0;130500.0;202500.0;108500.0;83500.0;43500.0;500.0;201500.0;279500.0;149500.0;124500.0;70500.0;569000.0;826000.0;1395000.0;441500.0;630500.0;1.0;1.5441;1.3802;1.3779;1.491;1.6207;1.4517;1.4281
country;CL;CHL;Chile;500.0;911000.0;1724000.0;997500.0;592000.0;486000.0;500.0;1028500.0;1796500.0;915000.0;597500.0;601500.0;4711000.0;4939500.0;9650500.0;3632500.0;3740000.0;1.0;1.129;1.0421;0.9173;1.0093;1.2377;1.0485;1.0296;500.0;946000.0;1865000.0;1064000.0;639000.0;568500.0;500.0;1065500.0;1914000.0;966000.0;644000.0;720500.0;5083000.0;5310500.0;10393500.0;3875000.0;3945500.0;1.0;1.1263;1.0263;0.9079;1.0078;1.2674;1.0448;1.0182;500.0;875000.0;1552000.0;874000.0;534000.0;412000.0;500.0;1017500.0;1661500.0;835000.0;546000.0;517000.0;4247500.0;4577500.0;8825000.0;3301000.0;3514000.0;1.0;1.1629;1.0706;0.9554;1.0225;1.2549;1.0777;1.0645;2000.0;1032000.0;2067500.0;1221000.0;779500.0;705500.0;2000.0;1247500.0;2325500.0;1252500.0;835500.0;925500.0;5807500.0;6588500.0;12396000.0;4320500.0;4825500.0;1.0;1.2088;1.1248;1.0258;1.0718;1.3118;1.1345;1.1169;1000.0;412000.0;1229500.0;674000.0;329500.0;219000.0;1000.0;854500.0;1607000.0;787000.0;423000.0;412000.0;2865000.0;4084500.0;6949500.0;2315500.0;3248500.0;1.0;2.074;1.307;1.1677;1.2838;1.8813;1.4257;1.4029;500.0;876000.0;1669500.0;965000.0;574000.0;508500.0;500.0;1003500.0;1752500.0;886000.0;583000.0;642000.0;4593500.0;4867500.0;9461000.0;3510500.0;3642000.0;1.0;1.1455;1.0497;0.9181;1.0157;1.2625;1.0596;1.0375;500.0;690500.0;1285000.0;617000.0;353000.0;283500.0;500.0;838500.0;1403000.0;606000.0;377500.0;384000.0;3229500.0;3609500.0;6839000.0;2592500.0;2847500.0;1.0;1.2143;1.0918;0.9822;1.0694;1.3545;1.1177;1.0984;500.0;1056500.0;2112000.0;1162000.0;675000.0;609000.0;500.0;1183000.0;2112000.0;1055000.0;682000.0;777000.0;5615000.0;5809500.0;11424500.0;4330500.0;4350000.0;1.0;1.1197;1.0;0.9079;1.0104;1.2759;1.0346;1.0045
country;CO;COL;Colombia;500.0;2947000.0;4288500.0;2062500.0;1029500.0;803500.0;500.0;3089500.0;4401500.0;2002500.0;1076000.0;1004000.0;11131500.0;11574000.0;22705500.0;9298000.0;9493500.0;1.0;1.0484;1.0263;0.9709;1.0452;1.2495;1.0398;1.021;500.0;2755000.0;4191500.0;2047000.0;1042500.0;792000.0;500.0;2883500.0;4242000.0;1964000.0;1077500.0;995000.0;10828500.0;11162500.0;21991000.0;8993500.0;9089500.0;1.0;1.0466;1.012;0.9595;1.0336;1.2563;1.0308;1.0107;500.0;2556000.0;3527500.0;1707000.0;857000.0;618500.0;500.0;2808500.0;3829500.0;1744000.0;928000.0;782500.0;9266500.0;10093000.0;19359500.0;7790500.0;8382000.0;1.0;1.0988;1.0856;1.0217;1.0828;1.2652;1.0892;1.0759;2000.0;4101000.0;5474500.0;2488000.0;1203500.0;831000.0;2000.0;4937500.0;6693000.0;2982500.0;1459500.0;1139500.0;14100000.0;17214000.0;31314000.0;12063500.0;14613000.0;1.0;1.204;1.2226;1.1988;1.2127;1.3712;1.2209;1.2113;1000.0;2605000.0;3995500.0;1800500.0;797500.0;589500.0;1000.0;3077500.0;4798500.0;2112000.0;930500.0;802500.0;9789000.0;11722000.0;21511000.0;8401000.0;9988000.0;1.0;1.1814;1.201;1.173;1.1668;1.3613;1.1975;1.1889;500.0;2816000.0;4372500.0;2124000.0;1122500.0;890500.0;500.0;2994000.0;4447000.0;2055000.0;1138500.0;1084000.0;11326000.0;11719000.0;23045000.0;9312500.0;9496000.0;1.0;1.0632;1.017;0.9675;1.0143;1.2173;1.0347;1.0197;500.0;1697000.0;2466500.0;1132500.0;607000.0;498500.0;500.0;2002000.0;2766000.0;1193500.0;688000.0;677500.0;6402000.0;7327500.0;13729500.0;5296000.0;5961500.0;1.0;1.1797;1.1214;1.0539;1.1334;1.3591;1.1446;1.1257;500.0;3367000.0;5344000.0;2482500.0;1227000.0;989500.0;500.0;3504500.0;5264000.0;2390000.0;1296500.0;1258500.0;13410500.0;13714000.0;27124500.0;11193500.0;11158500.0;1.0;1.0408;0.985;0.9627;1.0566;1.2719;1.0226;0.9969
country;CR;CRI;Costa Rica;500.0;278500.0;515000.0;291500.0;144000.0;104000.0;500.0;311500.0;511500.0;278000.0;149000.0;133500.0;1333500.0;1384000.0;2717500.0;1085000.0;1101000.0;1.0;1.1185;0.9932;0.9537;1.0347;1.2837;1.0379;1.0147;500.0;263000.0;515000.0;291500.0;144000.0;106000.0;500.0;300500.0;509500.0;274000.0;149500.0;139000.0;1320000.0;1373000.0;2693000.0;1069500.0;1084000.0;1.0;1.1426;0.9893;0.94;1.0382;1.3113;1.0402;1.0136;500.0;266000.0;474000.0;261500.0;134500.0;96000.0;500.0;302500.0;482000.0;258000.0;143000.0;124000.0;1232500.0;1310000.0;2542500.0;1001500.0;1042500.0;1.0;1.1372;1.0169;0.9866;1.0632;1.2917;1.0629;1.0409;2000.0;374500.0;691000.0;398500.0;202500.0;135500.0;2000.0;536500.0;849500.0;450500.0;233500.0;185000.0;1804000.0;2257000.0;4061000.0;1464000.0;1836500.0;1.0;1.4326;1.2294;1.1305;1.1531;1.3653;1.2511;1.2544;1000.0;280500.0;538000.0;303500.0;73500.0;51000.0;1000.0;359000.0;602500.0;324500.0;90000.0;73000.0;1247500.0;1450000.0;2697500.0;1122000.0;1286000.0;1.0;1.2799;1.1199;1.0692;1.2245;1.4314;1.1623;1.1462;500.0;240500.0;434000.0;252500.0;117500.0;83000.0;500.0;277000.0;443000.0;241500.0;124000.0;113000.0;1128000.0;1199000.0;2327000.0;927000.0;961500.0;1.0;1.1518;1.0207;0.9564;1.0553;1.3614;1.0629;1.0372;500.0;159500.0;456500.0;258500.0;135000.0;55000.0;500.0;212000.0;465000.0;251500.0;143000.0;71500.0;1065000.0;1143500.0;2208500.0;874500.0;928500.0;1.0;1.3292;1.0186;0.9729;1.0593;1.3;1.0737;1.0617;500.0;310500.0;601500.0;336000.0;162500.0;126000.0;500.0;343500.0;579500.0;312500.0;170500.0;165000.0;1537000.0;1571500.0;3108500.0;1248000.0;1235500.0;1.0;1.1063;0.9634;0.9301;1.0492;1.3095;1.0224;0.99
country;CU;CUB;Cuba;500.0;500.0;500.0;500.0;500.0;500.0;500.0;500.0;500.0;500.0;500.0;500.0;3000.0;3000.0;6000.0;1500.0;1500.0;1.0;1.0;1.0;1.0;1.0;1.0;1.0;1.0;500.0;500.0;500.0;500.0;500.0;500.0;500.0;500.0;500.0;500.0;500.0;500.0;3000.0;3000.0;6000.0;1500.0;1500.0;1.0;1.0;1.0;1.0;1.0;1.0;1.0;1.0;500.0;500.0;500.0;500.0;500.0;500.0;500.0;500.0;500.0;500.0;500.0;500.0;3000.0;3000.0;6000.0;1500.0;1500.0;1.0;1.0;1.0;1.0;1.0;1.0;1.0;1.0;2000.0;2000.0;2000.0;2000.0;2000.0;2000.0;2000.0;2000.0;2000.0;2000.0;2000.0;2000.0;12000.0;12000.0;24000.0;6000.0;6000.0;1.0;1.0;1.0;1.0;1.0;1.0;1.0;1.0;1000.0;1000.0;1000.0;1000.0;1000.0;1000.0;1000.0;1000.0;1000.0;1000.0;1000.0;1000.0;6000.0;6000.0;12000.0;3000.0;3000.0;1.0;1.0;1.0;1.0;1.0;1.0;1.0;1.0;500.0;500.0;500.0;500.0;500.0;500.0;500.0;500.0;500.0;500.0;500.0;500.0;3000.0;3000.0;6000.0;1500.0;1500.0;1.0;1.0;1.0;1.0;1.0;1.0;1.0;1.0;500.0;500.0;500.0;500.0;500.0;500.0;500.0;500.0;500.0;500.0;500.0;500.0;3000.0;3000.0;6000.0;1500.0;1500.0;1.0;1.0;1.0;1.0;1.0;1.0;1.0;1.0;500.0;500.0;500.0;500.0;500.0;500.0;500.0;500.0;500.0;500.0;500.0;500.0;3000.0;3000.0;6000.0;1500.0;1500.0;1.0;1.0;1.0;1.0;1.0;1.0;1.0;1.0
country;CV;CPV;Cabo Verde;500.0;1500.0;1500.0;500.0;500.0;500.0;500.0;500.0;1500.0;500.0;500.0;500.0;5000.0;4000.0;9000.0;3500.0;2500.0;1.0;0.3333;1.0;1.0;1.0;1.0;0.8;0.7143;500.0;1500.0;1500.0;500.0;500.0;500.0;500.0;1500.0;1500.0;500.0;500.0;500.0;5000.0;5000.0;10000.0;3500.0;3500.0;1.0;1.0;1.0;1.0;1.0;1.0;1.0;1.0;500.0;500.0;500.0;500.0;500.0;500.0;500.0;500.0;500.0;500.0;500.0;500.0;3000.0;3000.0;6000.0;1500.0;1500.0;1.0;1.0;1.0;1.0;1.0;1.0;1.0;1.0;2000.0;2000.0;2000.0;2000.0;2000.0;2000.0;2000.0;2000.0;2000.0;2000.0;2000.0;2000.0;12000.0;12000.0;24000.0;6000.0;6000.0;1.0;1.0;1.0;1.0;1.0;1.0;1.0;1.0;1000.0;1000.0;1000.0;1000.0;1000.0;1000.0;1000.0;1000.0;1000.0;1000.0;1000.0;1000.0;6000.0;6000.0;12000.0;3000.0;3000.0;1.0;1.0;1.0;1.0;1.0;1.0;1.0;1.0;500.0;500.0;1500.0;500.0;500.0;500.0;500.0;500.0;500.0;500.0;500.0;500.0;4000.0;3000.0;7000.0;2500.0;1500.0;1.0;1.0;0.3333;1.0;1.0;1.0;0.75;0.6;500.0;500.0;500.0;500.0;500.0;500.0;500.0;500.0;500.0;500.0;500.0;500.0;3000.0;3000.0;6000.0;1500.0;1500.0;1.0;1.0;1.0;1.0;1.0;1.0;1.0;1.0;500.0;2000.0;1500.0;1500.0;500.0;500.0;500.0;2500.0;2000.0;500.0;500.0;500.0;6500.0;6500.0;13000.0;5000.0;5000.0;1.0;1.25;1.3333;0.3333;1.0;1.0;1.0;1.0
country;CW;CUW;Curaçao;500.0;1500.0;2500.0;500.0;500.0;500.0;500.0;1500.0;3000.0;1500.0;500.0;500.0;6000.0;7500.0;13500.0;4500.0;6000.0;1.0;1.0;1.2;3.0;1.0;1.0;1.25;1.3333;500.0;1500.0;2500.0;500.0;500.0;500.0;500.0;1500.0;2000.0;500.0;500.0;500.0;6000.0;5500.0;11500.0;4500.0;4000.0;1.0;1.0;0.8;1.0;1.0;1.0;0.9167;0.8889;500.0;500.0;1500.0;500.0;500.0;500.0;500.0;500.0;1500.0;500.0;500.0;500.0;4000.0;4000.0;8000.0;2500.0;2500.0;1.0;1.0;1.0;1.0;1.0;1.0;1.0;1.0;2000.0;3000.0;3000.0;2000.0;2000.0;2000.0;2000.0;2000.0;4000.0;2000.0;2000.0;2000.0;14000.0;14000.0;28000.0;8000.0;8000.0;1.0;0.6667;1.3333;1.0;1.0;1.0;1.0;1.0;1000.0;1000.0;2000.0;1000.0;1000.0;1000.0;1000.0;1000.0;2000.0;1000.0;1000.0;1000.0;7000.0;7000.0;14000.0;4000.0;4000.0;1.0;1.0;1.0;1.0;1.0;1.0;1.0;1.0;500.0;1500.0;2500.0;500.0;500.0;500.0;500.0;1500.0;2500.0;500.0;500.0;500.0;6000.0;6000.0;12000.0;4500.0;4500.0;1.0;1.0;1.0;1.0;1.0;1.0;1.0;1.0;500.0;1500.0;1500.0;500.0;500.0;500.0;500.0;500.0;1500.0;500.0;500.0;500.0;5000.0;4000.0;9000.0;3500.0;2500.0;1.0;0.3333;1.0;1.0;1.0;1.0;0.8;0.7143;500.0;2000.0;3500.0;500.0;500.0;500.0;500.0;2000.0;3000.0;1500.0;500.0;500.0;7500.0;8000.0;15500.0;6000.0;6500.0;1.0;1.0;0.8571;3.0;1.0;1.0;1.0667;1.0833
country;CZ;CZE;Czechia;500.0;123000.0;182000.0;65000.0;46000.0;26000.0;500.0;211500.0;247000.0;90500.0;68500.0;43500.0;442500.0;661500.0;1104000.0;370000.0;549000.0;1.0;1.7195;1.3571;1.3923;1.4891;1.6731;1.4949;1.4838;500.0;121500.0;179500.0;64000.0;47000.0;27000.0;500.0;206000.0;238500.0;88000.0;69500.0;45000.0;439500.0;647500.0;1087000.0;365000.0;532500.0;1.0;1.6955;1.3287;1.375;1.4787;1.6667;1.4733;1.4589;500.0;111500.0;163000.0;57500.0;41500.0;23000.0;500.0;187000.0;213000.0;76000.0;57500.0;36500.0;397000.0;570500.0;967500.0;332000.0;476000.0;1.0;1.6771;1.3067;1.3217;1.3855;1.587;1.437;1.4337;2000.0;185500.0;289000.0;110500.0;80500.0;44500.0;2000.0;336000.0;402000.0;153500.0;117500.0;73500.0;712000.0;1084500.0;1796500.0;585000.0;891500.0;1.0;1.8113;1.391;1.3891;1.4596;1.6517;1.5232;1.5239;1000.0;54000.0;82500.0;28500.0;19500.0;10500.0;1000.0;114500.0;143500.0;52500.0;41500.0;21000.0;196000.0;374000.0;570000.0;165000.0;310500.0;1.0;2.1204;1.7394;1.8421;2.1282;2.0;1.9082;1.8818;500.0;110500.0;170500.0;60500.0;44000.0;24000.0;500.0;183500.0;223500.0;80500.0;63000.0;39500.0;410000.0;590500.0;1000500.0;341500.0;487500.0;1.0;1.6606;1.3109;1.3306;1.4318;1.6458;1.4402;1.4275;500.0;64500.0;143000.0;51500.0;38000.0;21500.0;500.0;145000.0;180500.0;67000.0;53000.0;34000.0;319000.0;480000.0;799000.0;259000.0;392500.0;1.0;2.2481;1.2622;1.301;1.3947;1.5814;1.5047;1.5154;500.0;125000.0;189500.0;68500.0;48500.0;26000.0;500.0;216000.0;265500.0;98500.0;75000.0;45000.0;458000.0;700500.0;1158500.0;383000.0;580000.0;1.0;1.728;1.4011;1.438;1.5464;1.7308;1.5295;1.5144
country;DE;DEU;Germany;500.0;1080500.0;1793000.0;977000.0;625000.0;424000.0;500.0;1471000.0;2134000.0;1435000.0;984000.0;770500.0;4900000.0;6795000.0;11695000.0;3850500.0;5040000.0;1.0;1.3614;1.1902;1.4688;1.5744;1.8172;1.3867;1.3089;500.0;1040500.0;1763000.0;961500.0;619500.0;425500.0;500.0;1357000.0;2020500.0;1350500.0;943500.0;765000.0;4810500.0;6437000.0;11247500.0;3765000.0;4728000.0;1.0;1.3042;1.1461;1.4046;1.523;1.7979;1.3381;1.2558;500.0;904000.0;1349500.0;658000.0;409500.0;270500.0;500.0;1155000.0;1438000.0;863000.0;579500.0;436500.0;3592000.0;4472500.0;8064500.0;2911500.0;3456000.0;1.0;1.2777;1.0656;1.3116;1.4151;1.6137;1.2451;1.187;2000.0;2334500.0;3680500.0;1857500.0;1254000.0;892000.0;2000.0;3127000.0;4315000.0;2646000.0;1894000.0;1544500.0;10020500.0;13528500.0;23549000.0;7872500.0;10088000.0;1.0;1.3395;1.1724;1.4245;1.5104;1.7315;1.3501;1.2814;1000.0;491500.0;915500.0;528000.0;357500.0;197000.0;1000.0;919000.0;1408000.0;934500.0;599000.0;345000.0;2490500.0;4206500.0;6697000.0;1935000.0;3261500.0;1.0;1.8698;1.538;1.7699;1.6755;1.7513;1.689;1.6855;500.0;920500.0;1588500.0;860500.0;558500.0;390500.0;500.0;1182500.0;1777500.0;1173500.0;829500.0;689500.0;4319000.0;5653000.0;9972000.0;3369500.0;4133500.0;1.0;1.2846;1.119;1.3637;1.4852;1.7657;1.3089;1.2267;500.0;928500.0;1552500.0;858000.0;566500.0;393000.0;500.0;1210500.0;1739000.0;1188500.0;864000.0;712000.0;4299000.0;5714500.0;10013500.0;3339000.0;4138000.0;1.0;1.3037;1.1201;1.3852;1.5252;1.8117;1.3293;1.2393;500.0;1092500.0;1815000.0;987500.0;629500.0;427000.0;500.0;1486500.0;2177000.0;1467000.0;1008000.0;794500.0;4952000.0;6933500.0;11885500.0;3895000.0;5130500.0;1.0;1.3606;1.1994;1.4856;1.6013;1.8607;1.4001;1.3172
country;DJ;DJI;Djibouti;500.0;2000.0;3000.0;500.0;500.0;500.0;500.0;1500.0;1500.0;500.0;500.0;500.0;7000.0;5000.0;12000.0;5500.0;3500.0;1.0;0.75;0.5;1.0;1.0;1.0;0.7143;0.6364;500.0;1500.0;2500.0;500.0;500.0;500.0;500.0;1500.0;1500.0;500.0;500.0;500.0;6000.0;5000.0;11000.0;4500.0;3500.0;1.0;1.0;0.6;1.0;1.0;1.0;0.8333;0.7778;500.0;1500.0;1500.0;500.0;500.0;500.0;500.0;500.0;1500.0;500.0;500.0;500.0;5000.0;4000.0;9000.0;3500.0;2500.0;1.0;0.3333;1.0;1.0;1.0;1.0;0.8;0.7143;2000.0;3000.0;3000.0;2000.0;2000.0;2000.0;2000.0;2000.0;2000.0;2000.0;2000.0;2000.0;14000.0;12000.0;26000.0;8000.0;6000.0;1.0;0.6667;0.6667;1.0;1.0;1.0;0.8571;0.75;1000.0;1000.0;1000.0;1000.0;1000.0;1000.0;1000.0;1000.0;2000.0;1000.0;1000.0;1000.0;6000.0;7000.0;13000.0;3000.0;4000.0;1.0;1.0;2.0;1.0;1.0;1.0;1.1667;1.3333;500.0;1500.0;2000.0;500.0;500.0;500.0;500.0;500.0;1500.0;500.0;500.0;500.0;5500.0;4000.0;9500.0;4000.0;2500.0;1.0;0.3333;0.75;1.0;1.0;1.0;0.7273;0.625;500.0;500.0;1500.0;500.0;500.0;500.0;500.0;500.0;500.0;500.0;500.0;500.0;4000.0;3000.0;7000.0;2500.0;1500.0;1.0;1.0;0.3333;1.0;1.0;1.0;0.75;0.6;500.0;2500.0;4000.0;500.0;500.0;500.0;500.0;2000.0;2500.0;500.0;500.0;500.0;8500.0;6500.0;15000.0;7000.0;5000.0;1.0;0.8;0.625;1.0;1.0;1.0;0.7647;0.7143
country;DK;DNK;Denmark;500.0;118500.0;147500.0;47000.0;31000.0;17500.0;500.0;183500.0;195000.0;63000.0;45500.0;27500.0;362000.0;515000.0;877000.0;313000.0;441500.0;1.0;1.5485;1.322;1.3404;1.4677;1.5714;1.4227;1.4105;500.0;115000.0;146500.0;47500.0;31000.0;17000.0;500.0;174000.0;189500.0;61000.0;44000.0;27000.0;357500.0;496000.0;853500.0;309000.0;424500.0;1.0;1.513;1.2935;1.2842;1.4194;1.5882;1.3874;1.3738;500.0;108500.0;122500.0;36000.0;25000.0;14000.0;500.0;166000.0;151500.0;43000.0;32500.0;20500.0;306500.0;414000.0;720500.0;267000.0;360500.0;1.0;1.53;1.2367;1.1944;1.3;1.4643;1.3507;1.3502;2000.0;211000.0;277000.0;94500.0;64000.0;36500.0;2000.0;343500.0;395000.0;130000.0;94500.0;59000.0;685000.0;1024000.0;1709000.0;582500.0;868500.0;1.0;1.628;1.426;1.3757;1.4766;1.6164;1.4949;1.491;1000.0;85500.0;111000.0;37000.0;18500.0;8500.0;1000.0;126000.0;159500.0;51000.0;34500.0;20000.0;261500.0;392000.0;653500.0;233500.0;336500.0;1.0;1.4737;1.4369;1.3784;1.8649;2.3529;1.499;1.4411;500.0;112000.0;142000.0;45000.0;29500.0;17000.0;500.0;170500.0;184000.0;57000.0;42000.0;26500.0;346000.0;480500.0;826500.0;299000.0;411500.0;1.0;1.5223;1.2958;1.2667;1.4237;1.5588;1.3887;1.3763;500.0;100500.0;124000.0;38000.0;26000.0;15000.0;500.0;153000.0;156500.0;46000.0;35000.0;22500.0;304000.0;413500.0;717500.0;262500.0;355500.0;1.0;1.5224;1.2621;1.2105;1.3462;1.5;1.3602;1.3543;500.0;120500.0;152500.0;49500.0;32500.0;18000.0;500.0;191000.0;208000.0;68000.0;48500.0;28500.0;373500.0;544500.0;918000.0;322500.0;467000.0;1.0;1.5851;1.3639;1.3737;1.4923;1.5833;1.4578;1.4481
country;DM;DMA;Dominica;500.0;500.0;500.0;500.0;500.0;500.0;500.0;500.0;500.0;500.0;500.0;500.0;3000.0;3000.0;6000.0;1500.0;1500.0;1.0;1.0;1.0;1.0;1.0;1.0;1.0;1.0;500.0;500.0;500.0;500.0;500.0;500.0;500.0;500.0;500.0;500.0;500.0;500.0;3000.0;3000.0;6000.0;1500.0;1500.0;1.0;1.0;1.0;1.0;1.0;1.0;1.0;1.0;500.0;500.0;500.0;500.0;500.0;500.0;500.0;500.0;500.0;500.0;500.0;500.0;3000.0;3000.0;6000.0;1500.0;1500.0;1.0;1.0;1.0;1.0;1.0;1.0;1.0;1.0;2000.0;2000.0;2000.0;2000.0;2000.0;2000.0;2000.0;2000.0;2000.0;2000.0;2000.0;2000.0;12000.0;12000.0;24000.0;6000.0;6000.0;1.0;1.0;1.0;1.0;1.0;1.0;1.0;1.0;1000.0;1000.0;1000.0;1000.0;1000.0;1000.0;1000.0;1000.0;1000.0;1000.0;1000.0;1000.0;6000.0;6000.0;12000.0;3000.0;3000.0;1.0;1.0;1.0;1.0;1.0;1.0;1.0;1.0;500.0;500.0;500.0;500.0;500.0;500.0;500.0;500.0;500.0;500.0;500.0;500.0;3000.0;3000.0;6000.0;1500.0;1500.0;1.0;1.0;1.0;1.0;1.0;1.0;1.0;1.0;500.0;500.0;500.0;500.0;500.0;500.0;500.0;500.0;500.0;500.0;500.0;500.0;3000.0;3000.0;6000.0;1500.0;1500.0;1.0;1.0;1.0;1.0;1.0;1.0;1.0;1.0;500.0;500.0;500.0;500.0;500.0;500.0;500.0;500.0;1500.0;500.0;500.0;500.0;3000.0;4000.0;7000.0;1500.0;2500.0;1.0;1.0;3.0;1.0;1.0;1.0;1.3333;1.6667
country;DO;DOM;Dominican Republic;500.0;676000.0;1002000.0;434500.0;188500.0;145000.0;500.0;654000.0;952500.0;388500.0;187500.0;175000.0;2446500.0;2358000.0;4804500.0;2112500.0;1995000.0;1.0;0.9675;0.9506;0.8941;0.9947;1.2069;0.9638;0.9444;500.0;667500.0;1041500.0;440500.0;187000.0;139500.0;500.0;652500.0;971500.0;387500.0;186000.0;167500.0;2476500.0;2365500.0;4842000.0;2149500.0;2011500.0;1.0;0.9775;0.9328;0.8797;0.9947;1.2007;0.9552;0.9358;500.0;499500.0;749000.0;325000.0;141500.0;106000.0;500.0;526000.0;777000.0;307000.0;148000.0;128500.0;1821500.0;1887000.0;3708500.0;1573500.0;1610000.0;1.0;1.0531;1.0374;0.9446;1.0459;1.2123;1.036;1.0232;2000.0;967500.0;1390500.0;529000.0;222000.0;152500.0;2000.0;1024500.0;1475500.0;533000.0;238000.0;183000.0;3263500.0;3456000.0;6719500.0;2887000.0;3033000.0;1.0;1.0589;1.0611;1.0076;1.0721;1.2;1.059;1.0506;1000.0;599000.0;880500.0;380000.0;145500.0;106000.0;1000.0;627500.0;915500.0;361500.0;153500.0;131000.0;2112000.0;2190000.0;4302000.0;1859500.0;1904500.0;1.0;1.0476;1.0398;0.9513;1.055;1.2358;1.0369;1.0242;500.0;415500.0;659500.0;274000.0;110500.0;82500.0;500.0;438000.0;654500.0;247500.0;109500.0;100500.0;1542500.0;1550500.0;3093000.0;1349000.0;1340000.0;1.0;1.0542;0.9924;0.9033;0.991;1.2182;1.0052;0.9933;500.0;227000.0;308500.0;125000.0;60500.0;51000.0;500.0;252000.0;308500.0;116000.0;58500.0;63000.0;772500.0;798500.0;1571000.0;660500.0;676500.0;1.0;1.1101;1.0;0.928;0.9669;1.2353;1.0337;1.0242;500.0;745000.0;1183500.0;493500.0;209500.0;160500.0;500.0;718000.0;1094000.0;435000.0;208500.0;194000.0;2792500.0;2650000.0;5442500.0;2422000.0;2247000.0;1.0;0.9638;0.9244;0.8815;0.9952;1.2087;0.949;0.9277
country;DZ;DZA;Algeria;500.0;2175000.0;4147000.0;1966000.0;709500.0;479500.0;500.0;1427000.0;2318000.0;1011000.0;395000.0;315000.0;9477500.0;5466500.0;14944000.0;8288000.0;4756000.0;1.0;0.6561;0.559;0.5142;0.5567;0.6569;0.5768;0.5738;500.0;1297500.0;2522000.0;1141500.0;397000.0;283000.0;500.0;827500.0;1408500.0;546000.0;215000.0;185000.0;5641500.0;3182500.0;8824000.0;4961000.0;2782000.0;1.0;0.6378;0.5585;0.4783;0.5416;0.6537;0.5641;0.5608;500.0;797000.0;1205000.0;520500.0;205000.0;143000.0;500.0;550500.0;722500.0;288500.0;119500.0;101500.0;2871000.0;1783000.0;4654000.0;2522500.0;1561500.0;1.0;0.6907;0.5996;0.5543;0.5829;0.7098;0.621;0.619;2000.0;1175500.0;1887000.0;824500.0;328000.0;261500.0;2000.0;724000.0;1047500.0;406000.0;177500.0;160000.0;4478500.0;2517000.0;6995500.0;3887000.0;2177500.0;1.0;0.6159;0.5551;0.4924;0.5412;0.6119;0.562;0.5602;1000.0;505000.0;1262500.0;652000.0;215500.0;138500.0;1000.0;584000.0;1028500.0;432500.0;119500.0;91000.0;2774500.0;2256500.0;5031000.0;2419500.0;2045000.0;1.0;1.1564;0.8147;0.6633;0.5545;0.657;0.8133;0.8452;500.0;1390500.0;2443000.0;1179500.0;444000.0;322500.0;500.0;957500.0;1332500.0;550000.0;235000.0;212500.0;5780000.0;3288000.0;9068000.0;5013000.0;2840000.0;1.0;0.6886;0.5454;0.4663;0.5293;0.6589;0.5689;0.5665;500.0;516000.0;821500.0;371000.0;146000.0;105000.0;500.0;406500.0;563000.0;217000.0;93500.0;75000.0;1960000.0;1355500.0;3315500.0;1708500.0;1186500.0;1.0;0.7878;0.6853;0.5849;0.6404;0.7143;0.6916;0.6945;500.0;1853000.0;3362000.0;1597500.0;587000.0;419500.0;500.0;1321500.0;2048000.0;863000.0;345000.0;304500.0;7819500.0;4882500.0;12702000.0;6812500.0;4232500.0;1.0;0.7132;0.6092;0.5402;0.5877;0.7259;0.6244;0.6213
country;EC;ECU;Ecuador;500.0;1393500.0;2005000.0;1075000.0;548500.0;400500.0;500.0;1439500.0;2028500.0;1039500.0;594500.0;548000.0;5423000.0;5650500.0;11073500.0;4473500.0;4507500.0;1.0;1.033;1.0117;0.967;1.0839;1.3683;1.042;1.0076;500.0;1376000.0;2111000.0;1116000.0;578500.0;435000.0;500.0;1420500.0;2091500.0;1065000.0;628500.0;597000.0;5617000.0;5803000.0;11420000.0;4603000.0;4577000.0;1.0;1.0323;0.9908;0.9543;1.0864;1.3724;1.0331;0.9944;500.0;1376000.0;1945000.0;1034000.0;535000.0;390500.0;500.0;1433000.0;1977000.0;1009000.0;586000.0;546000.0;5281000.0;5551500.0;10832500.0;4355000.0;4419000.0;1.0;1.0414;1.0165;0.9758;1.0953;1.3982;1.0512;1.0147;2000.0;1730000.0;2377500.0;1261500.0;594500.0;368000.0;2000.0;1913500.0;2654000.0;1343000.0;669500.0;534000.0;6333500.0;7116000.0;13449500.0;5369000.0;5910500.0;1.0;1.1061;1.1163;1.0646;1.1262;1.4511;1.1235;1.1009;1000.0;848500.0;1453000.0;735500.0;299000.0;156500.0;1000.0;1119000.0;1720000.0;818000.0;358500.0;239500.0;3493500.0;4256000.0;7749500.0;3037000.0;3657000.0;1.0;1.3188;1.1838;1.1122;1.199;1.5304;1.2183;1.2041;500.0;1272000.0;1839500.0;987500.0;518000.0;383000.0;500.0;1316500.0;1863000.0;946500.0;557000.0;529500.0;5000500.0;5213000.0;10213500.0;4099000.0;4126000.0;1.0;1.035;1.0128;0.9585;1.0753;1.3825;1.0425;1.0066;500.0;714500.0;1156000.0;620500.0;332500.0;166000.0;500.0;788500.0;1178000.0;604000.0;356500.0;224000.0;2990000.0;3151500.0;6141500.0;2491000.0;2570500.0;1.0;1.1036;1.019;0.9734;1.0722;1.3494;1.054;1.0319;500.0;1599000.0;2275000.0;1164000.0;583500.0;444000.0;500.0;1628500.0;2222500.0;1118500.0;645000.0;609500.0;6066000.0;6224500.0;12290500.0;5038000.0;4969500.0;1.0;1.0184;0.9769;0.9609;1.1054;1.3727;1.0261;0.9864
country;EE;EST;Estonia;500.0;22000.0;33500.0;21500.0;9500.0;7000.0;500.0;38000.0;47000.0;30500.0;14500.0;14000.0;94000.0;144500.0;238500.0;77000.0;115500.0;1.0;1.7273;1.403;1.4186;1.5263;2.0;1.5372;1.5;500.0;20500.0;32000.0;20500.0;9500.0;7000.0;500.0;34000.0;43000.0;28500.0;14000.0;14000.0;90000.0;134000.0;224000.0;73000.0;105500.0;1.0;1.6585;1.3438;1.3902;1.4737;2.0;1.4889;1.4452;500.0;21500.0;32000.0;19500.0;9500.0;6000.0;500.0;36500.0;43500.0;27500.0;13500.0;11500.0;89000.0;133000.0;222000.0;73000.0;107500.0;1.0;1.6977;1.3594;1.4103;1.4211;1.9167;1.4944;1.4726;2000.0;39000.0;58000.0;39000.0;19000.0;14500.0;2000.0;74000.0;92000.0;58000.0;30000.0;28000.0;171500.0;284000.0;455500.0;136000.0;224000.0;1.0;1.8974;1.5862;1.4872;1.5789;1.931;1.656;1.6471;1000.0;4500.0;11000.0;7000.0;3000.0;2000.0;1000.0;9000.0;16000.0;10000.0;5000.0;3500.0;28500.0;44500.0;73000.0;22500.0;35000.0;1.0;2.0;1.4545;1.4286;1.6667;1.75;1.5614;1.5556;500.0;21000.0;32000.0;21000.0;9500.0;7500.0;500.0;35000.0;44000.0;30500.0;15000.0;15000.0;91500.0;140000.0;231500.0;74000.0;109500.0;1.0;1.6667;1.375;1.4524;1.5789;2.0;1.5301;1.4797;500.0;15000.0;23000.0;14000.0;7000.0;5500.0;500.0;30500.0;35000.0;22000.0;11500.0;12000.0;65000.0;111500.0;176500.0;52000.0;87500.0;1.0;2.0333;1.5217;1.5714;1.6429;2.1818;1.7154;1.6827;500.0;22000.0;33500.0;21500.0;10500.0;7500.0;500.0;38000.0;47000.0;32500.0;15000.0;15000.0;95500.0;148000.0;243500.0;77000.0;117500.0;1.0;1.7273;1.403;1.5116;1.4286;2.0;1.5497;1.526
country;EG;EGY;Egypt;500.0;6119500.0;7388500.0;2761500.0;926000.0;773000.0;500.0;3924000.0;4303000.0;1608500.0;586000.0;518500.0;17969000.0;10940500.0;28909500.0;16269500.0;9835500.0;1.0;0.6412;0.5824;0.5825;0.6328;0.6708;0.6089;0.6045;500.0;6092000.0;7617500.0;2816000.0;930500.0;720500.0;500.0;3863000.0;4433500.0;1637000.0;575000.0;475000.0;18177000.0;10984000.0;29161000.0;16525500.0;9933500.0;1.0;0.6341;0.582;0.5813;0.6179;0.6593;0.6043;0.6011;500.0;3374000.0;3418500.0;1156500.0;393000.0;349500.0;500.0;2150500.0;2071500.0;667500.0;244000.0;222500.0;8692000.0;5356500.0;14048500.0;7949000.0;4889500.0;1.0;0.6374;0.606;0.5772;0.6209;0.6366;0.6163;0.6151;2000.0;3196500.0;4095000.0;1588500.0;547500.0;391000.0;2000.0;2143000.0;2407500.0;814000.0;328500.0;233500.0;9820500.0;5928500.0;15749000.0;8880000.0;5364500.0;1.0;0.6704;0.5879;0.5124;0.6;0.5972;0.6037;0.6041;1000.0;1458500.0;2571500.0;903000.0;251500.0;187500.0;1000.0;2297000.0;3233000.0;1097000.0;256500.0;189000.0;5373000.0;7073500.0;12446500.0;4933000.0;6627000.0;1.0;1.5749;1.2572;1.2148;1.0199;1.008;1.3165;1.3434;500.0;4917000.0;6225000.0;2337000.0;807500.0;667000.0;500.0;3253500.0;3685000.0;1319500.0;495000.0;434000.0;14954000.0;9187500.0;24141500.0;13479000.0;8258000.0;1.0;0.6617;0.592;0.5646;0.613;0.6507;0.6144;0.6127;500.0;773500.0;831000.0;319500.0;124000.0;111500.0;500.0;477500.0;479000.0;173000.0;77000.0;71500.0;2160000.0;1278500.0;3438500.0;1924000.0;1129500.0;1.0;0.6173;0.5764;0.5415;0.621;0.6413;0.5919;0.5871;500.0;7460500.0;9554000.0;3517500.0;1104000.0;895000.0;500.0;4868000.0;5741500.0;2245000.0;727500.0;630500.0;22531500.0;14213000.0;36744500.0;20532000.0;12854500.0;1.0;0.6525;0.601;0.6382;0.659;0.7045;0.6308;0.6261
country;ER;ERI;Eritrea;500.0;500.0;500.0;500.0;500.0;500.0;500.0;500.0;500.0;500.0;500.0;500.0;3000.0;3000.0;6000.0;1500.0;1500.0;1.0;1.0;1.0;1.0;1.0;1.0;1.0;1.0;500.0;500.0;500.0;500.0;500.0;500.0;500.0;500.0;500.0;500.0;500.0;500.0;3000.0;3000.0;6000.0;1500.0;1500.0;1.0;1.0;1.0;1.0;1.0;1.0;1.0;1.0;500.0;500.0;500.0;500.0;500.0;500.0;500.0;500.0;500.0;500.0;500.0;500.0;3000.0;3000.0;6000.0;1500.0;1500.0;1.0;1.0;1.0;1.0;1.0;1.0;1.0;1.0;2000.0;2000.0;2000.0;2000.0;2000.0;2000.0;2000.0;2000.0;2000.0;2000.0;2000.0;2000.0;12000.0;12000.0;24000.0;6000.0;6000.0;1.0;1.0;1.0;1.0;1.0;1.0;1.0;1.0;1000.0;1000.0;1000.0;1000.0;1000.0;1000.0;1000.0;1000.0;1000.0;1000.0;1000.0;1000.0;6000.0;6000.0;12000.0;3000.0;3000.0;1.0;1.0;1.0;1.0;1.0;1.0;1.0;1.0;500.0;500.0;500.0;500.0;500.0;500.0;500.0;500.0;500.0;500.0;500.0;500.0;3000.0;3000.0;6000.0;1500.0;1500.0;1.0;1.0;1.0;1.0;1.0;1.0;1.0;1.0;500.0;500.0;500.0;500.0;500.0;500.0;500.0;500.0;500.0;500.0;500.0;500.0;3000.0;3000.0;6000.0;1500.0;1500.0;1.0;1.0;1.0;1.0;1.0;1.0;1.0;1.0;500.0;500.0;500.0;500.0;500.0;500.0;500.0;500.0;500.0;500.0;500.0;500.0;3000.0;3000.0;6000.0;1500.0;1500.0;1.0;1.0;1.0;1.0;1.0;1.0;1.0;1.0
country;ES;ESP;Spain;500.0;1051500.0;1585000.0;885000.0;820500.0;540500.0;500.0;1153500.0;1422500.0;1370500.0;1397000.0;1118500.0;4883000.0;6462500.0;11345500.0;3521500.0;3946500.0;1.0;1.097;0.8975;1.5486;1.7026;2.0694;1.3235;1.1207;500.0;1029500.0;1581500.0;890500.0;834000.0;568000.0;500.0;1078500.0;1369000.0;1346000.0;1395000.0;1177000.0;4904000.0;6366000.0;11270000.0;3501500.0;3793500.0;1.0;1.0476;0.8656;1.5115;1.6727;2.0722;1.2981;1.0834;500.0;983000.0;1414000.0;748000.0;684000.0;430500.0;500.0;1027000.0;1211500.0;1067000.0;1083500.0;849500.0;4260000.0;5239000.0;9499000.0;3145000.0;3305500.0;1.0;1.0448;0.8568;1.4265;1.5841;1.9733;1.2298;1.051;2000.0;1494500.0;2176500.0;1089000.0;1004000.0;652000.0;2000.0;1419000.0;1675000.0;1440500.0;1447000.0;1200000.0;6418000.0;7183500.0;13601500.0;4760000.0;4534500.0;1.0;0.9495;0.7696;1.3228;1.4412;1.8405;1.1193;0.9526;1000.0;547000.0;849000.0;462000.0;345500.0;198000.0;1000.0;600000.0;776000.0;663000.0;531000.0;374000.0;2402500.0;2945000.0;5347500.0;1858000.0;2039000.0;1.0;1.0969;0.914;1.4351;1.5369;1.8889;1.2258;1.0974;500.0;968000.0;1473500.0;824000.0;775000.0;509500.0;500.0;1011500.0;1276000.0;1227000.0;1279000.0;1035000.0;4550500.0;5829000.0;10379500.0;3265500.0;3514500.0;1.0;1.0449;0.866;1.4891;1.6503;2.0314;1.281;1.0763;500.0;913000.0;1408000.0;768500.0;738500.0;480500.0;500.0;944000.0;1221000.0;1147000.0;1233000.0;997000.0;4309000.0;5542500.0;9851500.0;3089500.0;3312000.0;1.0;1.034;0.8672;1.4925;1.6696;2.0749;1.2863;1.072;500.0;1044500.0;1586000.0;881500.0;824000.0;541500.0;500.0;1123000.0;1413500.0;1360500.0;1411500.0;1139500.0;4878000.0;6448500.0;11326500.0;3512000.0;3897000.0;1.0;1.0752;0.8912;1.5434;1.713;2.1043;1.322;1.1096
country;FI;FIN;Finland;500.0;105000.0;153000.0;56000.0;34000.0;27000.0;500.0;156000.0;191500.0;74000.0;49500.0;43000.0;375500.0;514500.0;890000.0;314000.0;421500.0;1.0;1.4857;1.2516;1.3214;1.4559;1.5926;1.3702;1.3424;500.0;103000.0;154000.0;58000.0;36000.0;28500.0;500.0;149500.0;195000.0;78000.0;52500.0;45000.0;380000.0;520500.0;900500.0;315000.0;422500.0;1.0;1.4515;1.2662;1.3448;1.4583;1.5789;1.3697;1.3413;500.0;100500.0;141500.0;45000.0;28000.0;20500.0;500.0;146000.0;170500.0;55000.0;36000.0;28500.0;336000.0;436500.0;772500.0;287000.0;371500.0;1.0;1.4527;1.2049;1.2222;1.2857;1.3902;1.2991;1.2944;2000.0;178500.0;272500.0;102500.0;61500.0;47000.0;2000.0;270000.0;367500.0;143500.0;93500.0;75000.0;664000.0;951500.0;1615500.0;553500.0;781000.0;1.0;1.5126;1.3486;1.4;1.5203;1.5957;1.433;1.411;1000.0;8000.0;37000.0;16500.0;3500.0;2500.0;1000.0;33000.0;170500.0;61000.0;15500.0;9000.0;68500.0;290000.0;358500.0;61500.0;264500.0;1.0;4.125;4.6081;3.697;4.4286;3.6;4.2336;4.3008;500.0;104000.0;155000.0;58000.0;35000.0;28000.0;500.0;154000.0;198500.0;79500.0;52000.0;45000.0;380500.0;529500.0;910000.0;317000.0;432000.0;1.0;1.4808;1.2806;1.3707;1.4857;1.6071;1.3916;1.3628;500.0;92500.0;130500.0;44000.0;28000.0;22500.0;500.0;137500.0;170500.0;60500.0;42500.0;36000.0;318000.0;447500.0;765500.0;267000.0;368500.0;1.0;1.4865;1.3065;1.375;1.5179;1.6;1.4072;1.3801;500.0;109500.0;162500.0;60500.0;37500.0;29500.0;500.0;169500.0;218000.0;86000.0;57500.0;48000.0;400000.0;579500.0;979500.0;332500.0;473500.0;1.0;1.5479;1.3415;1.4215;1.5333;1.6271;1.4488;1.4241
country;FO;FRO;Faroe Islands;500.0;500.0;500.0;500.0;500.0;500.0;500.0;500.0;500.0;500.0;500.0;500.0;3000.0;3000.0;6000.0;1500.0;1500.0;1.0;1.0;1.0;1.0;1.0;1.0;1.0;1.0;500.0;500.0;500.0;500.0;500.0;500.0;500.0;500.0;500.0;500.0;500.0;500.0;3000.0;3000.0;6000.0;1500.0;1500.0;1.0;1.0;1.0;1.0;1.0;1.0;1.0;1.0;500.0;500.0;500.0;500.0;500.0;500.0;500.0;500.0;500.0;500.0;500.0;500.0;3000.0;3000.0;6000.0;1500.0;1500.0;1.0;1.0;1.0;1.0;1.0;1.0;1.0;1.0;2000.0;2000.0;2000.0;2000.0;2000.0;2000.0;2000.0;2000.0;2000.0;2000.0;2000.0;2000.0;12000.0;12000.0;24000.0;6000.0;6000.0;1.0;1.0;1.0;1.0;1.0;1.0;1.0;1.0;1000.0;1000.0;1000.0;1000.0;1000.0;1000.0;1000.0;1000.0;1000.0;1000.0;1000.0;1000.0;6000.0;6000.0;12000.0;3000.0;3000.0;1.0;1.0;1.0;1.0;1.0;1.0;1.0;1.0;500.0;500.0;500.0;500.0;500.0;500.0;500.0;500.0;500.0;500.0;500.0;500.0;3000.0;3000.0;6000.0;1500.0;1500.0;1.0;1.0;1.0;1.0;1.0;1.0;1.0;1.0;500.0;500.0;500.0;500.0;500.0;500.0;500.0;500.0;500.0;500.0;500.0;500.0;3000.0;3000.0;6000.0;1500.0;1500.0;1.0;1.0;1.0;1.0;1.0;1.0;1.0;1.0;500.0;500.0;500.0;500.0;500.0;500.0;500.0;500.0;500.0;500.0;500.0;500.0;3000.0;3000.0;6000.0;1500.0;1500.0;1.0;1.0;1.0;1.0;1.0;1.0;1.0;1.0
country;FR;FRA;France;500.0;1522000.0;2278500.0;1131500.0;738000.0;463000.0;500.0;1806500.0;2163000.0;1840500.0;1317000.0;916000.0;6133500.0;8043500.0;14177000.0;4932000.0;5810000.0;1.0;1.1869;0.9493;1.6266;1.7846;1.9784;1.3114;1.178;500.0;1402500.0;2107000.0;1008000.0;665000.0;419500.0;500.0;1544000.0;1846000.0;1467500.0;1089500.0;791500.0;5602500.0;6739000.0;12341500.0;4517500.0;4857500.0;1.0;1.1009;0.8761;1.4559;1.6383;1.8868;1.2029;1.0753;500.0;1319500.0;1612500.0;732500.0;499000.0;304000.0;500.0;1460500.0;1408500.0;1066000.0;774000.0;523000.0;4468000.0;5232500.0;9700500.0;3664500.0;3935000.0;1.0;1.1069;0.8735;1.4553;1.5511;1.7204;1.1711;1.0738;2000.0;3036000.0;4304500.0;1967500.0;1391000.0;892500.0;2000.0;3451500.0;3980000.0;3002000.0;2276000.0;1638500.0;11593500.0;14350000.0;25943500.0;9308000.0;10433500.0;1.0;1.1369;0.9246;1.5258;1.6362;1.8359;1.2378;1.1209;1000.0;535000.0;985500.0;509500.0;278500.0;183000.0;1000.0;962000.0;1347000.0;982500.0;543000.0;368500.0;2492500.0;4204000.0;6696500.0;2030000.0;3291500.0;1.0;1.7981;1.3668;1.9284;1.9497;2.0137;1.6867;1.6214;500.0;1360500.0;2044000.0;986000.0;640500.0;398000.0;500.0;1522500.0;1840500.0;1479000.0;1059500.0;738000.0;5429500.0;6640000.0;12069500.0;4390500.0;4842000.0;1.0;1.1191;0.9004;1.5;1.6542;1.8543;1.2229;1.1028;500.0;1265000.0;1903000.0;869500.0;589500.0;368500.0;500.0;1424000.0;1710500.0;1320500.0;999500.0;700500.0;4996000.0;6155500.0;11151500.0;4037500.0;4455000.0;1.0;1.1257;0.8988;1.5187;1.6955;1.9009;1.2321;1.1034;500.0;1464000.0;2202000.0;1076000.0;695000.0;433000.0;500.0;1685000.0;2048500.0;1701500.0;1213000.0;850500.0;5870500.0;7499000.0;13369500.0;4742000.0;5435000.0;1.0;1.151;0.9303;1.5813;1.7453;1.9642;1.2774;1.1461
country;GB;GBR;United Kingdom;500.0;1731500.0;2358500.0;1208500.0;714000.0;469500.0;500.0;1917000.0;2559000.0;1968000.0;1283000.0;888500.0;6482500.0;8616000.0;15098500.0;5298500.0;6444000.0;1.0;1.1071;1.085;1.6285;1.7969;1.8924;1.3291;1.2162;500.0;1627500.0;2238000.0;1142000.0;687000.0;475000.0;500.0;1675000.0;2247500.0;1700500.0;1142500.0;857500.0;6170000.0;7623500.0;13793500.0;5007500.0;5623000.0;1.0;1.0292;1.0042;1.4891;1.663;1.8053;1.2356;1.1229;500.0;1422000.0;1741500.0;798000.0;480500.0;306000.0;500.0;1472000.0;1689500.0;1106000.0;723000.0;480500.0;4748500.0;5471500.0;10220000.0;3961500.0;4267500.0;1.0;1.0352;0.9701;1.386;1.5047;1.5703;1.1523;1.0772;2000.0;3397000.0;4513500.0;2169500.0;1321000.0;896500.0;2000.0;3519500.0;4675500.0;3346000.0;2210000.0;1570000.0;12299500.0;15323000.0;27622500.0;10080000.0;11541000.0;1.0;1.0361;1.0359;1.5423;1.673;1.7513;1.2458;1.1449;1000.0;1006000.0;1628000.0;803500.0;466000.0;306500.0;1000.0;1225500.0;1774000.0;1233000.0;741500.0;531000.0;4211000.0;5506000.0;9717000.0;3437500.0;4232500.0;1.0;1.2182;1.0897;1.5345;1.5912;1.7325;1.3075;1.2313;500.0;1654000.0;2249500.0;1129000.0;675500.0;457500.0;500.0;1751500.0;2352000.0;1754000.0;1168500.0;846000.0;6166000.0;7872500.0;14038500.0;5032500.0;5857500.0;1.0;1.0589;1.0456;1.5536;1.7298;1.8492;1.2768;1.1639;500.0;1438500.0;1964000.0;978500.0;598500.0;415500.0;500.0;1484000.0;2012500.0;1515000.0;1054000.0;799500.0;5395500.0;6865500.0;12261000.0;4381000.0;5011500.0;1.0;1.0316;1.0247;1.5483;1.7611;1.9242;1.2724;1.1439;500.0;1736000.0;2357500.0;1203000.0;709500.0;481500.0;500.0;1894000.0;2531500.0;1935000.0;1276000.0;933500.0;6488000.0;8570500.0;15058500.0;5296500.0;6360500.0;1.0;1.091;1.0738;1.6085;1.7984;1.9387;1.321;1.2009
country;GD;GRD;Grenada;500.0;500.0;500.0;500.0;500.0;500.0;500.0;500.0;1500.0;500.0;500.0;500.0;3000.0;4000.0;7000.0;1500.0;2500.0;1.0;1.0;3.0;1.0;1.0;1.0;1.3333;1.6667;500.0;500.0;500.0;500.0;500.0;500.0;500.0;500.0;500.0;500.0;500.0;500.0;3000.0;3000.0;6000.0;1500.0;1500.0;1.0;1.0;1.0;1.0;1.0;1.0;1.0;1.0;500.0;500.0;500.0;500.0;500.0;500.0;500.0;500.0;500.0;500.0;500.0;500.0;3000.0;3000.0;6000.0;1500.0;1500.0;1.0;1.0;1.0;1.0;1.0;1.0;1.0;1.0;2000.0;2000.0;2000.0;2000.0;2000.0;2000.0;2000.0;2000.0;2000.0;2000.0;2000.0;2000.0;12000.0;12000.0;24000.0;6000.0;6000.0;1.0;1.0;1.0;1.0;1.0;1.0;1.0;1.0;1000.0;1000.0;1000.0;1000.0;1000.0;1000.0;1000.0;1000.0;1000.0;1000.0;1000.0;1000.0;6000.0;6000.0;12000.0;3000.0;3000.0;1.0;1.0;1.0;1.0;1.0;1.0;1.0;1.0;500.0;500.0;500.0;500.0;500.0;500.0;500.0;500.0;1500.0;500.0;500.0;500.0;3000.0;4000.0;7000.0;1500.0;2500.0;1.0;1.0;3.0;1.0;1.0;1.0;1.3333;1.6667;500.0;500.0;500.0;500.0;500.0;500.0;500.0;500.0;500.0;500.0;500.0;500.0;3000.0;3000.0;6000.0;1500.0;1500.0;1.0;1.0;1.0;1.0;1.0;1.0;1.0;1.0;500.0;500.0;500.0;500.0;500.0;500.0;500.0;500.0;2000.0;500.0;500.0;500.0;3000.0;4500.0;7500.0;1500.0;3000.0;1.0;1.0;4.0;1.0;1.0;1.0;1.5;2.0
country;GE;GEO;Georgia;500.0;63000.0;127000.0;75000.0;37000.0;31500.0;500.0;66000.0;121500.0;59000.0;31500.0;34000.0;334000.0;312500.0;646500.0;265000.0;246500.0;1.0;1.0476;0.9567;0.7867;0.8514;1.0794;0.9356;0.9302;500.0;117000.0;186000.0;82500.0;39500.0;38500.0;500.0;121500.0;185000.0;71000.0;33500.0;41500.0;464000.0;453000.0;917000.0;385500.0;377500.0;1.0;1.0385;0.9946;0.8606;0.8481;1.0779;0.9763;0.9792;500.0;43000.0;72500.0;33500.0;16000.0;14500.0;500.0;57000.0;83000.0;31500.0;14000.0;18000.0;180000.0;204000.0;384000.0;149000.0;171500.0;1.0;1.3256;1.1448;0.9403;0.875;1.2414;1.1333;1.151;2000.0;21500.0;43000.0;20500.0;8500.0;7000.0;2000.0;28500.0;40000.0;14500.0;7500.0;9000.0;102500.0;101500.0;204000.0;85000.0;83000.0;1.0;1.3256;0.9302;0.7073;0.8824;1.2857;0.9902;0.9765;1000.0;54500.0;78000.0;27000.0;12000.0;12000.0;1000.0;45500.0;69000.0;24500.0;9500.0;11000.0;184500.0;160500.0;345000.0;159500.0;139000.0;1.0;0.8349;0.8846;0.9074;0.7917;0.9167;0.8699;0.8715;500.0;38000.0;71000.0;46000.0;23000.0;17500.0;500.0;46500.0;72000.0;29500.0;15000.0;16500.0;196000.0;180000.0;376000.0;155000.0;148000.0;1.0;1.2237;1.0141;0.6413;0.6522;0.9429;0.9184;0.9548;500.0;55000.0;90500.0;46500.0;22500.0;6500.0;500.0;62000.0;93500.0;39500.0;20500.0;8500.0;221500.0;224500.0;446000.0;192000.0;195000.0;1.0;1.1273;1.0331;0.8495;0.9111;1.3077;1.0135;1.0156;500.0;75000.0;130500.0;64000.0;32000.0;28500.0;500.0;93500.0;141500.0;60500.0;31500.0;33000.0;330500.0;360500.0;691000.0;269500.0;295500.0;1.0;1.2467;1.0843;0.9453;0.9844;1.1579;1.0908;1.0965
country;GF;GUF;French Guiana;500.0;1500.0;1500.0;500.0;500.0;500.0;500.0;2000.0;2500.0;1500.0;500.0;500.0;5000.0;7500.0;12500.0;3500.0;6000.0;1.0;1.3333;1.6667;3.0;1.0;1.0;1.5;1.7143;500.0;500.0;500.0;500.0;500.0;500.0;500.0;500.0;1500.0;500.0;500.0;500.0;3000.0;4000.0;7000.0;1500.0;2500.0;1.0;1.0;3.0;1.0;1.0;1.0;1.3333;1.6667;500.0;500.0;500.0;500.0;500.0;500.0;500.0;1500.0;1500.0;500.0;500.0;500.0;3000.0;5000.0;8000.0;1500.0;3500.0;1.0;3.0;3.0;1.0;1.0;1.0;1.6667;2.3333;2000.0;2000.0;2000.0;2000.0;2000.0;2000.0;2000.0;3000.0;4000.0;2000.0;2000.0;2000.0;12000.0;15000.0;27000.0;6000.0;9000.0;1.0;1.5;2.0;1.0;1.0;1.0;1.25;1.5;1000.0;1000.0;1000.0;1000.0;1000.0;1000.0;1000.0;1000.0;2000.0;1000.0;1000.0;1000.0;6000.0;7000.0;13000.0;3000.0;4000.0;1.0;1.0;2.0;1.0;1.0;1.0;1.1667;1.3333;500.0;500.0;500.0;500.0;500.0;500.0;500.0;1500.0;1500.0;500.0;500.0;500.0;3000.0;5000.0;8000.0;1500.0;3500.0;1.0;3.0;3.0;1.0;1.0;1.0;1.6667;2.3333;500.0;500.0;500.0;500.0;500.0;500.0;500.0;500.0;1500.0;500.0;500.0;500.0;3000.0;4000.0;7000.0;1500.0;2500.0;1.0;1.0;3.0;1.0;1.0;1.0;1.3333;1.6667;500.0;1500.0;1500.0;500.0;500.0;500.0;500.0;3000.0;3500.0;2500.0;500.0;500.0;5000.0;10500.0;15500.0;3500.0;9000.0;1.0;2.0;2.3333;5.0;1.0;1.0;2.1;2.5714
country;GG;GGY;Guernsey;500.0;500.0;1500.0;500.0;500.0;500.0;500.0;500.0;500.0;500.0;500.0;500.0;4000.0;3000.0;7000.0;2500.0;1500.0;1.0;1.0;0.3333;1.0;1.0;1.0;0.75;0.6;500.0;500.0;500.0;500.0;500.0;500.0;500.0;500.0;500.0;500.0;500.0;500.0;3000.0;3000.0;6000.0;1500.0;1500.0;1.0;1.0;1.0;1.0;1.0;1.0;1.0;1.0;500.0;500.0;500.0;500.0;500.0;500.0;500.0;500.0;500.0;500.0;500.0;500.0;3000.0;3000.0;6000.0;1500.0;1500.0;1.0;1.0;1.0;1.0;1.0;1.0;1.0;1.0;2000.0;2000.0;2000.0;2000.0;2000.0;2000.0;2000.0;2000.0;2000.0;2000.0;2000.0;2000.0;12000.0;12000.0;24000.0;6000.0;6000.0;1.0;1.0;1.0;1.0;1.0;1.0;1.0;1.0;1000.0;1000.0;1000.0;1000.0;1000.0;1000.0;1000.0;1000.0;1000.0;1000.0;1000.0;1000.0;6000.0;6000.0;12000.0;3000.0;3000.0;1.0;1.0;1.0;1.0;1.0;1.0;1.0;1.0;500.0;500.0;500.0;500.0;500.0;500.0;500.0;500.0;500.0;500.0;500.0;500.0;3000.0;3000.0;6000.0;1500.0;1500.0;1.0;1.0;1.0;1.0;1.0;1.0;1.0;1.0;500.0;500.0;500.0;500.0;500.0;500.0;500.0;500.0;500.0;500.0;500.0;500.0;3000.0;3000.0;6000.0;1500.0;1500.0;1.0;1.0;1.0;1.0;1.0;1.0;1.0;1.0;500.0;500.0;1500.0;500.0;500.0;500.0;500.0;1500.0;500.0;500.0;500.0;500.0;4000.0;4000.0;8000.0;2500.0;2500.0;1.0;3.0;0.3333;1.0;1.0;1.0;1.0;1.0
country;GI;GIB;Gibraltar;500.0;500.0;1500.0;500.0;500.0;500.0;500.0;1500.0;1500.0;500.0;500.0;500.0;4000.0;5000.0;9000.0;2500.0;3500.0;1.0;3.0;1.0;1.0;1.0;1.0;1.25;1.4;500.0;500.0;1500.0;500.0;500.0;500.0;500.0;1500.0;1500.0;500.0;500.0;500.0;4000.0;5000.0;9000.0;2500.0;3500.0;1.0;3.0;1.0;1.0;1.0;1.0;1.25;1.4;500.0;500.0;500.0;500.0;500.0;500.0;500.0;1500.0;1500.0;500.0;500.0;500.0;3000.0;5000.0;8000.0;1500.0;3500.0;1.0;3.0;3.0;1.0;1.0;1.0;1.6667;2.3333;2000.0;2000.0;2000.0;2000.0;2000.0;2000.0;2000.0;2000.0;3000.0;2000.0;2000.0;2000.0;12000.0;13000.0;25000.0;6000.0;7000.0;1.0;1.0;1.5;1.0;1.0;1.0;1.0833;1.1667;1000.0;1000.0;1000.0;1000.0;1000.0;1000.0;1000.0;1000.0;1000.0;1000.0;1000.0;1000.0;6000.0;6000.0;12000.0;3000.0;3000.0;1.0;1.0;1.0;1.0;1.0;1.0;1.0;1.0;500.0;500.0;1500.0;500.0;500.0;500.0;500.0;1500.0;1500.0;500.0;500.0;500.0;4000.0;5000.0;9000.0;2500.0;3500.0;1.0;3.0;1.0;1.0;1.0;1.0;1.25;1.4;500.0;500.0;500.0;500.0;500.0;500.0;500.0;1500.0;500.0;500.0;500.0;500.0;3000.0;4000.0;7000.0;1500.0;2500.0;1.0;3.0;1.0;1.0;1.0;1.0;1.3333;1.6667;500.0;500.0;1500.0;500.0;500.0;500.0;500.0;1500.0;2000.0;500.0;500.0;500.0;4000.0;5500.0;9500.0;2500.0;4000.0;1.0;3.0;1.3333;1.0;1.0;1.0;1.375;1.6
country;GL;GRL;Greenland;500.0;500.0;500.0;500.0;500.0;500.0;500.0;500.0;500.0;500.0;500.0;500.0;3000.0;3000.0;6000.0;1500.0;1500.0;1.0;1.0;1.0;1.0;1.0;1.0;1.0;1.0;500.0;500.0;500.0;500.0;500.0;500.0;500.0;500.0;500.0;500.0;500.0;500.0;3000.0;3000.0;6000.0;1500.0;1500.0;1.0;1.0;1.0;1.0;1.0;1.0;1.0;1.0;500.0;500.0;500.0;500.0;500.0;500.0;500.0;500.0;500.0;500.0;500.0;500.0;3000.0;3000.0;6000.0;1500.0;1500.0;1.0;1.0;1.0;1.0;1.0;1.0;1.0;1.0;2000.0;2000.0;2000.0;2000.0;2000.0;2000.0;2000.0;2000.0;2000.0;2000.0;2000.0;2000.0;12000.0;12000.0;24000.0;6000.0;6000.0;1.0;1.0;1.0;1.0;1.0;1.0;1.0;1.0;1000.0;1000.0;1000.0;1000.0;1000.0;1000.0;1000.0;1000.0;1000.0;1000.0;1000.0;1000.0;6000.0;6000.0;12000.0;3000.0;3000.0;1.0;1.0;1.0;1.0;1.0;1.0;1.0;1.0;500.0;500.0;500.0;500.0;500.0;500.0;500.0;500.0;500.0;500.0;500.0;500.0;3000.0;3000.0;6000.0;1500.0;1500.0;1.0;1.0;1.0;1.0;1.0;1.0;1.0;1.0;500.0;500.0;500.0;500.0;500.0;500.0;500.0;500.0;500.0;500.0;500.0;500.0;3000.0;3000.0;6000.0;1500.0;1500.0;1.0;1.0;1.0;1.0;1.0;1.0;1.0;1.0;500.0;500.0;500.0;500.0;500.0;500.0;500.0;500.0;1500.0;500.0;500.0;500.0;3000.0;4000.0;7000.0;1500.0;2500.0;1.0;1.0;3.0;1.0;1.0;1.0;1.3333;1.6667
country;GN;GIN;Guinea;500.0;172000.0;146000.0;47000.0;13500.0;11000.0;500.0;82500.0;92500.0;31000.0;9500.0;8000.0;390000.0;224000.0;614000.0;365000.0;206000.0;1.0;0.4797;0.6336;0.6596;0.7037;0.7273;0.5744;0.5644;500.0;85000.0;77500.0;22500.0;5500.0;4000.0;500.0;40500.0;47000.0;15000.0;3000.0;4000.0;195000.0;110000.0;305000.0;185000.0;102500.0;1.0;0.4765;0.6065;0.6667;0.5455;1.0;0.5641;0.5541;500.0;76000.0;53000.0;11500.0;3000.0;2500.0;500.0;34000.0;31500.0;7500.0;2500.0;2000.0;146500.0;78000.0;224500.0;140500.0;73000.0;1.0;0.4474;0.5943;0.6522;0.8333;0.8;0.5324;0.5196;2000.0;142000.0;124000.0;36500.0;11000.0;10000.0;2000.0;61000.0;73500.0;26500.0;8000.0;8000.0;325500.0;179000.0;504500.0;302500.0;161000.0;1.0;0.4296;0.5927;0.726;0.7273;0.8;0.5499;0.5322;1000.0;53000.0;56500.0;15500.0;3500.0;3000.0;1000.0;27500.0;42000.0;15500.0;3500.0;3000.0;132500.0;92500.0;225000.0;125000.0;85000.0;1.0;0.5189;0.7434;1.0;1.0;1.0;0.6981;0.68;500.0;92500.0;81500.0;21500.0;5000.0;4000.0;500.0;27000.0;39500.0;12000.0;2500.0;3000.0;205000.0;84500.0;289500.0;195500.0;78500.0;1.0;0.2919;0.4847;0.5581;0.5;0.75;0.4122;0.4015;500.0;99500.0;78500.0;21000.0;5000.0;4000.0;500.0;27000.0;34000.0;11500.0;2000.0;2500.0;208500.0;77500.0;286000.0;199000.0;72500.0;1.0;0.2714;0.4331;0.5476;0.4;0.625;0.3717;0.3643;500.0;171500.0;182500.0;62500.0;15000.0;12000.0;500.0;74000.0;120500.0;48000.0;11500.0;10500.0;444000.0;265000.0;709000.0;416500.0;242500.0;1.0;0.4315;0.6603;0.768;0.7667;0.875;0.5968;0.5822
country;GP;GLP;Guadeloupe;500.0;2500.0;3500.0;1500.0;1500.0;1500.0;500.0;5000.0;7500.0;4000.0;2000.0;2500.0;11000.0;21500.0;32500.0;7500.0;16500.0;1.0;2.0;2.1429;2.6667;1.3333;1.6667;1.9545;2.2;500.0;1500.0;1500.0;500.0;500.0;500.0;500.0;2500.0;3500.0;1500.0;500.0;1500.0;5000.0;10000.0;15000.0;3500.0;7500.0;1.0;1.6667;2.3333;3.0;1.0;3.0;2.0;2.1429;500.0;1500.0;1500.0;500.0;500.0;500.0;500.0;2500.0;3000.0;1500.0;500.0;500.0;5000.0;8500.0;13500.0;3500.0;7000.0;1.0;1.6667;2.0;3.0;1.0;1.0;1.7;2.0;2000.0;3000.0;4000.0;2000.0;2000.0;2000.0;2000.0;5000.0;6500.0;3000.0;2000.0;3000.0;15000.0;21500.0;36500.0;9000.0;14500.0;1.0;1.6667;1.625;1.5;1.0;1.5;1.4333;1.6111;1000.0;1000.0;1000.0;1000.0;1000.0;1000.0;1000.0;2000.0;3500.0;2000.0;1000.0;1000.0;6000.0;10500.0;16500.0;3000.0;7500.0;1.0;2.0;3.5;2.0;1.0;1.0;1.75;2.5;500.0;1500.0;2000.0;500.0;500.0;500.0;500.0;2500.0;4000.0;1500.0;500.0;1500.0;5500.0;10500.0;16000.0;4000.0;8000.0;1.0;1.6667;2.0;3.0;1.0;3.0;1.9091;2.0;500.0;1500.0;1500.0;500.0;500.0;500.0;500.0;2000.0;3000.0;1500.0;500.0;500.0;5000.0;8000.0;13000.0;3500.0;6500.0;1.0;1.3333;2.0;3.0;1.0;1.0;1.6;1.8571;500.0;3500.0;5000.0;2500.0;1500.0;1500.0;500.0;8500.0;12000.0;6000.0;4000.0;5000.0;14500.0;36000.0;50500.0;11000.0;26500.0;1.0;2.4286;2.4;2.4;2.6667;3.3333;2.4828;2.4091
country;GQ;GNQ;Equatorial Guinea;500.0;500.0;2000.0;500.0;500.0;500.0;500.0;500.0;1500.0;500.0;500.0;500.0;4500.0;4000.0;8500.0;3000.0;2500.0;1.0;1.0;0.75;1.0;1.0;1.0;0.8889;0.8333;500.0;500.0;1500.0;500.0;500.0;500.0;500.0;500.0;500.0;500.0;500.0;500.0;4000.0;3000.0;7000.0;2500.0;1500.0;1.0;1.0;0.3333;1.0;1.0;1.0;0.75;0.6;500.0;500.0;500.0;500.0;500.0;500.0;500.0;500.0;500.0;500.0;500.0;500.0;3000.0;3000.0;6000.0;1500.0;1500.0;1.0;1.0;1.0;1.0;1.0;1.0;1.0;1.0;2000.0;2000.0;3000.0;2000.0;2000.0;2000.0;2000.0;2000.0;2000.0;2000.0;2000.0;2000.0;13000.0;12000.0;25000.0;7000.0;6000.0;1.0;1.0;0.6667;1.0;1.0;1.0;0.9231;0.8571;1000.0;1000.0;2000.0;1000.0;1000.0;1000.0;1000.0;1000.0;1000.0;1000.0;1000.0;1000.0;7000.0;6000.0;13000.0;4000.0;3000.0;1.0;1.0;0.5;1.0;1.0;1.0;0.8571;0.75;500.0;500.0;1500.0;500.0;500.0;500.0;500.0;500.0;500.0;500.0;500.0;500.0;4000.0;3000.0;7000.0;2500.0;1500.0;1.0;1.0;0.3333;1.0;1.0;1.0;0.75;0.6;500.0;500.0;500.0;500.0;500.0;500.0;500.0;500.0;500.0;500.0;500.0;500.0;3000.0;3000.0;6000.0;1500.0;1500.0;1.0;1.0;1.0;1.0;1.0;1.0;1.0;1.0;500.0;1500.0;2500.0;500.0;500.0;500.0;500.0;1500.0;1500.0;500.0;500.0;500.0;6000.0;5000.0;11000.0;4500.0;3500.0;1.0;1.0;0.6;1.0;1.0;1.0;0.8333;0.7778
country;GR;GRC;Greece;500.0;180500.0;356000.0;207500.0;172000.0;129500.0;500.0;281500.0;521500.0;297500.0;268500.0;232000.0;1046000.0;1601500.0;2647500.0;744000.0;1100500.0;1.0;1.5596;1.4649;1.4337;1.561;1.7915;1.5311;1.4792;500.0;176000.0;356000.0;212500.0;177500.0;135000.0;500.0;269500.0;517000.0;306000.0;279000.0;245000.0;1057500.0;1617000.0;2674500.0;744500.0;1092500.0;1.0;1.5312;1.4522;1.44;1.5718;1.8148;1.5291;1.4674;500.0;165000.0;310500.0;171000.0;141000.0;98500.0;500.0;251500.0;449500.0;233000.0;206000.0;166000.0;886500.0;1306500.0;2193000.0;646500.0;934000.0;1.0;1.5242;1.4477;1.3626;1.461;1.6853;1.4738;1.4447;2000.0;355000.0;699000.0;394000.0;302500.0;229000.0;2000.0;561000.0;1211500.0;612500.0;512000.0;425000.0;1981500.0;3324000.0;5305500.0;1448000.0;2385000.0;1.0;1.5803;1.7332;1.5546;1.6926;1.8559;1.6775;1.6471;1000.0;77000.0;181000.0;109500.0;88500.0;68000.0;1000.0;180500.0;413500.0;220000.0;165500.0;133500.0;525000.0;1114000.0;1639000.0;367500.0;814000.0;1.0;2.3442;2.2845;2.0091;1.8701;1.9632;2.1219;2.215;500.0;177000.0;351500.0;210500.0;175000.0;129500.0;500.0;274000.0;519500.0;308500.0;280500.0;237000.0;1044000.0;1620000.0;2664000.0;739000.0;1102000.0;1.0;1.548;1.478;1.4656;1.6029;1.8301;1.5517;1.4912;500.0;127000.0;262500.0;167000.0;149500.0;114000.0;500.0;205000.0;408500.0;246000.0;241500.0;206000.0;820500.0;1307500.0;2128000.0;556500.0;859500.0;1.0;1.6142;1.5562;1.4731;1.6154;1.807;1.5935;1.5445;500.0;183000.0;366500.0;222500.0;185000.0;140500.0;500.0;291500.0;558000.0;343500.0;307000.0;263000.0;1098000.0;1763500.0;2861500.0;772000.0;1193000.0;1.0;1.5929;1.5225;1.5438;1.6595;1.8719;1.6061;1.5453
country;GT;GTM;Guatemala;500.0;1354000.0;1726000.0;716000.0;298500.0;239500.0;500.0;1280500.0;1626500.0;646500.0;314000.0;280500.0;4334500.0;4148500.0;8483000.0;3796000.0;3553500.0;1.0;0.9457;0.9424;0.9029;1.0519;1.1712;0.9571;0.9361;500.0;1296000.0;1722500.0;705000.0;292000.0;233000.0;500.0;1233000.0;1614000.0;636000.0;302000.0;275000.0;4249000.0;4060500.0;8309500.0;3723500.0;3483000.0;1.0;0.9514;0.937;0.9021;1.0342;1.1803;0.9556;0.9354;500.0;1114500.0;1424000.0;593000.0;232500.0;177000.0;500.0;1074000.0;1365000.0;538000.0;244000.0;208500.0;3541500.0;3430000.0;6971500.0;3131500.0;2977000.0;1.0;0.9637;0.9586;0.9073;1.0495;1.178;0.9685;0.9507;2000.0;1965500.0;2525500.0;1056500.0;399500.0;295500.0;2000.0;1952000.0;2512000.0;987500.0;412000.0;322500.0;6244500.0;6188000.0;12432500.0;5547500.0;5451500.0;1.0;0.9931;0.9947;0.9347;1.0313;1.0914;0.991;0.9827;1000.0;706000.0;1229000.0;494500.0;85500.0;72500.0;1000.0;1352000.0;1689500.0;672500.0;101500.0;88500.0;2588500.0;3905000.0;6493500.0;2429500.0;3714000.0;1.0;1.915;1.3747;1.36;1.1871;1.2207;1.5086;1.5287;500.0;1226500.0;1629500.0;616000.0;237500.0;196000.0;500.0;1183500.0;1537500.0;549000.0;243500.0;232000.0;3906000.0;3746000.0;7652000.0;3472000.0;3270000.0;1.0;0.9649;0.9435;0.8912;1.0253;1.1837;0.959;0.9418;500.0;386000.0;1384000.0;581500.0;256000.0;77000.0;500.0;388500.0;1315000.0;537500.0;276500.0;94500.0;2685000.0;2612500.0;5297500.0;2351500.0;2241000.0;1.0;1.0065;0.9501;0.9243;1.0801;1.2273;0.973;0.953;500.0;1568500.0;2147000.0;852500.0;350500.0;278000.0;500.0;1498000.0;1963000.0;767500.0;366000.0;328500.0;5197000.0;4923500.0;10120500.0;4568000.0;4228500.0;1.0;0.9551;0.9143;0.9003;1.0442;1.1817;0.9474;0.9257
country;GW;GNB;Guinea-Bissau;500.0;3000.0;3500.0;500.0;500.0;500.0;500.0;1500.0;1500.0;500.0;500.0;500.0;8500.0;5000.0;13500.0;7000.0;3500.0;1.0;0.5;0.4286;1.0;1.0;1.0;0.5882;0.5;500.0;1500.0;2000.0;500.0;500.0;500.0;500.0;500.0;500.0;500.0;500.0;500.0;5500.0;3000.0;8500.0;4000.0;1500.0;1.0;0.3333;0.25;1.0;1.0;1.0;0.5455;0.375;500.0;500.0;500.0;500.0;500.0;500.0;500.0;500.0;500.0;500.0;500.0;500.0;3000.0;3000.0;6000.0;1500.0;1500.0;1.0;1.0;1.0;1.0;1.0;1.0;1.0;1.0;2000.0;3000.0;3000.0;2000.0;2000.0;2000.0;2000.0;2000.0;2000.0;2000.0;2000.0;2000.0;14000.0;12000.0;26000.0;8000.0;6000.0;1.0;0.6667;0.6667;1.0;1.0;1.0;0.8571;0.75;1000.0;2000.0;2000.0;1000.0;1000.0;1000.0;1000.0;1000.0;2000.0;1000.0;1000.0;1000.0;8000.0;7000.0;15000.0;5000.0;4000.0;1.0;0.5;1.0;1.0;1.0;1.0;0.875;0.8;500.0;1500.0;2000.0;500.0;500.0;500.0;500.0;500.0;500.0;500.0;500.0;500.0;5500.0;3000.0;8500.0;4000.0;1500.0;1.0;0.3333;0.25;1.0;1.0;1.0;0.5455;0.375;500.0;500.0;1500.0;500.0;500.0;500.0;500.0;500.0;500.0;500.0;500.0;500.0;4000.0;3000.0;7000.0;2500.0;1500.0;1.0;1.0;0.3333;1.0;1.0;1.0;0.75;0.6;500.0;3000.0;4000.0;500.0;500.0;500.0;500.0;2500.0;2500.0;500.0;500.0;500.0;9000.0;7000.0;16000.0;7500.0;5500.0;1.0;0.8333;0.625;1.0;1.0;1.0;0.7778;0.7333
country;HK;HKG;Hong Kong;500.0;15000.0;23000.0;10500.0;3000.0;2000.0;500.0;17500.0;29000.0;16000.0;4000.0;2000.0;54000.0;69000.0;123000.0;48500.0;62500.0;1.0;1.1667;1.2609;1.5238;1.3333;1.0;1.2778;1.2887;500.0;13000.0;21000.0;8500.0;2500.0;1500.0;500.0;14000.0;20500.0;7000.0;1500.0;1500.0;47000.0;45000.0;92000.0;42500.0;41500.0;1.0;1.0769;0.9762;0.8235;0.6;1.0;0.9574;0.9765;500.0;10500.0;13000.0;5500.0;1500.0;1500.0;500.0;12000.0;14000.0;5000.0;1500.0;1500.0;32500.0;34500.0;67000.0;29000.0;31000.0;1.0;1.1429;1.0769;0.9091;1.0;1.0;1.0615;1.069;2000.0;19500.0;24000.0;9500.0;3000.0;3000.0;2000.0;24000.0;26000.0;7500.0;3000.0;3000.0;61000.0;65500.0;126500.0;53000.0;57500.0;1.0;1.2308;1.0833;0.7895;1.0;1.0;1.0738;1.0849;1000.0;8000.0;14000.0;5500.0;2000.0;1000.0;1000.0;12000.0;23500.0;13000.0;3500.0;1000.0;31500.0;54000.0;85500.0;27500.0;48500.0;1.0;1.5;1.6786;2.3636;1.75;1.0;1.7143;1.7636;500.0;11500.0;18500.0;6500.0;2000.0;1500.0;500.0;14000.0;18500.0;6500.0;1500.0;1500.0;40500.0;42500.0;83000.0;36500.0;39000.0;1.0;1.2174;1.0;1.0;0.75;1.0;1.0494;1.0685;500.0;9500.0;14000.0;5000.0;1500.0;1500.0;500.0;11000.0;14000.0;6000.0;1500.0;500.0;32000.0;33500.0;65500.0;28500.0;31000.0;1.0;1.1579;1.0;1.2;1.0;0.3333;1.0469;1.0877;500.0;17000.0;26000.0;12000.0;3000.0;2500.0;500.0;20500.0;35000.0;19500.0;5500.0;2500.0;61000.0;83500.0;144500.0;55000.0;75000.0;1.0;1.2059;1.3462;1.625;1.8333;1.0;1.3689;1.3636
country;HN;HND;Honduras;500.0;182500.0;247000.0;97500.0;43000.0;35000.0;500.0;186000.0;252500.0;103000.0;50500.0;44000.0;605500.0;636500.0;1242000.0;527000.0;541500.0;1.0;1.0192;1.0223;1.0564;1.1744;1.2571;1.0512;1.0275;500.0;72000.0;98500.0;39500.0;19500.0;15000.0;500.0;60500.0;80500.0;35000.0;19000.0;17500.0;245000.0;213000.0;458000.0;210000.0;176000.0;1.0;0.8403;0.8173;0.8861;0.9744;1.1667;0.8694;0.8381;500.0;29000.0;37500.0;15000.0;7500.0;5000.0;500.0;50500.0;71500.0;31500.0;11500.0;7500.0;94500.0;173000.0;267500.0;81500.0;153500.0;1.0;1.7414;1.9067;2.1;1.5333;1.5;1.8307;1.8834;2000.0;63000.0;87500.0;35500.0;19500.0;15000.0;2000.0;64500.0;87000.0;37500.0;24500.0;18500.0;222500.0;234000.0;456500.0;186000.0;189000.0;1.0;1.0238;0.9943;1.0563;1.2564;1.2333;1.0517;1.0161;1000.0;21000.0;30500.0;13000.0;5500.0;4500.0;1000.0;56500.0;92500.0;34000.0;12000.0;7500.0;75500.0;203500.0;279000.0;64500.0;183000.0;1.0;2.6905;3.0328;2.6154;2.1818;1.6667;2.6954;2.8372;500.0;228000.0;310500.0;125000.0;55000.0;39500.0;500.0;238500.0;328500.0;130500.0;61500.0;49500.0;758500.0;809000.0;1567500.0;663500.0;697500.0;1.0;1.0461;1.058;1.044;1.1182;1.2532;1.0666;1.0512;500.0;38500.0;51000.0;17000.0;8000.0;5500.0;500.0;41500.0;45000.0;17000.0;9500.0;7000.0;120500.0;120500.0;241000.0;106500.0;103500.0;1.0;1.0779;0.8824;1.0;1.1875;1.2727;1.0;0.9718;500.0;277500.0;363500.0;132000.0;59500.0;43000.0;500.0;289500.0;374000.0;144000.0;69000.0;55000.0;876000.0;932000.0;1808000.0;773000.0;807500.0;1.0;1.0432;1.0289;1.0909;1.1597;1.2791;1.0639;1.0446
country;HR;HRV;Croatia;500.0;59500.0;116000.0;50500.0;36000.0;27500.0;500.0;100500.0;170500.0;73500.0;54000.0;46500.0;290000.0;445500.0;735500.0;226000.0;344500.0;1.0;1.6891;1.4698;1.4554;1.5;1.6909;1.5362;1.5243;500.0;58500.0;115000.0;49500.0;36000.0;28500.0;500.0;97000.0;167500.0;71500.0;54000.0;49500.0;288000.0;440000.0;728000.0;223000.0;336000.0;1.0;1.6581;1.4565;1.4444;1.5;1.7368;1.5278;1.5067;500.0;46000.0;78000.0;32000.0;23500.0;18000.0;500.0;74000.0;110500.0;44000.0;33000.0;28500.0;198000.0;290500.0;488500.0;156000.0;228500.0;1.0;1.6087;1.4167;1.375;1.4043;1.5833;1.4672;1.4647;2000.0;91000.0;163500.0;74500.0;58000.0;45500.0;2000.0;164000.0;260500.0;114500.0;87000.0;76000.0;434500.0;704000.0;1138500.0;329000.0;539000.0;1.0;1.8022;1.5933;1.5369;1.5;1.6703;1.6203;1.6383;1000.0;14500.0;30500.0;14500.0;11000.0;8500.0;1000.0;59000.0;109000.0;41000.0;28500.0;16500.0;80000.0;255000.0;335000.0;59500.0;209000.0;1.0;4.069;3.5738;2.8276;2.5909;1.9412;3.1875;3.5126;500.0;55000.0;103000.0;44500.0;33000.0;25000.0;500.0;91500.0;146000.0;63000.0;48000.0;42000.0;261000.0;391000.0;652000.0;202500.0;300500.0;1.0;1.6636;1.4175;1.4157;1.4545;1.68;1.4981;1.484;500.0;47500.0;88500.0;39500.0;30500.0;22000.0;500.0;78500.0;126000.0;56500.0;45000.0;37000.0;228500.0;343500.0;572000.0;175500.0;261000.0;1.0;1.6526;1.4237;1.4304;1.4754;1.6818;1.5033;1.4872;500.0;61500.0;119500.0;52500.0;38500.0;29000.0;500.0;104000.0;179000.0;80500.0;59000.0;51000.0;301500.0;474000.0;775500.0;233500.0;363500.0;1.0;1.6911;1.4979;1.5333;1.5325;1.7586;1.5721;1.5567
country;HT;HTI;Haiti;500.0;138500.0;123000.0;44000.0;16000.0;13000.0;500.0;113000.0;108500.0;36000.0;13500.0;10500.0;335000.0;282000.0;617000.0;305500.0;257500.0;1.0;0.8159;0.8821;0.8182;0.8438;0.8077;0.8418;0.8429;500.0;58500.0;53000.0;15500.0;4000.0;4000.0;500.0;43000.0;43000.0;11500.0;3500.0;2500.0;135500.0;104000.0;239500.0;127000.0;97500.0;1.0;0.735;0.8113;0.7419;0.875;0.625;0.7675;0.7677;500.0;61500.0;54000.0;16000.0;7000.0;4000.0;500.0;63000.0;67000.0;18000.0;7000.0;5000.0;143000.0;160500.0;303500.0;131500.0;148000.0;1.0;1.0244;1.2407;1.125;1.0;1.25;1.1224;1.1255;2000.0;82500.0;75500.0;22500.0;7500.0;6500.0;2000.0;75500.0;68500.0;18000.0;6500.0;5500.0;196500.0;176000.0;372500.0;180500.0;162000.0;1.0;0.9152;0.9073;0.8;0.8667;0.8462;0.8957;0.8975;1000.0;26500.0;33500.0;11000.0;2000.0;2000.0;1000.0;30000.0;38000.0;11000.0;2500.0;2000.0;76000.0;84500.0;160500.0;71000.0;79000.0;1.0;1.1321;1.1343;1.0;1.25;1.0;1.1118;1.1127;500.0;65000.0;63000.0;18500.0;5000.0;5000.0;500.0;51500.0;52000.0;15000.0;4000.0;3000.0;157000.0;126000.0;283000.0;146500.0;118500.0;1.0;0.7923;0.8254;0.8108;0.8;0.6;0.8025;0.8089;500.0;44000.0;40500.0;12000.0;3500.0;3500.0;500.0;35000.0;33000.0;8500.0;2500.0;2000.0;104000.0;81500.0;185500.0;96500.0;76500.0;1.0;0.7955;0.8148;0.7083;0.7143;0.5714;0.7837;0.7927;500.0;120500.0;113000.0;35000.0;12500.0;10000.0;500.0;102500.0;103500.0;30500.0;10500.0;7500.0;291500.0;255000.0;546500.0;268500.0;236500.0;1.0;0.8506;0.9159;0.8714;0.84;0.75;0.8748;0.8808
country;HU;HUN;Hungary;500.0;135000.0;299500.0;135000.0;137000.0;69000.0;500.0;225000.0;426000.0;179500.0;207000.0;125000.0;776000.0;1163000.0;1939000.0;569500.0;830500.0;1.0;1.6667;1.4224;1.3296;1.5109;1.8116;1.4987;1.4583;500.0;136500.0;294000.0;133500.0;136000.0;68500.0;500.0;226000.0;411000.0;175000.0;207000.0;125000.0;769000.0;1144500.0;1913500.0;564000.0;812000.0;1.0;1.6557;1.398;1.3109;1.5221;1.8248;1.4883;1.4397;500.0;127500.0;261500.0;117500.0;112000.0;50500.0;500.0;207000.0;370500.0;156000.0;167000.0;88500.0;669500.0;989500.0;1659000.0;506500.0;733500.0;1.0;1.6235;1.4168;1.3277;1.4911;1.7525;1.478;1.4482;2000.0;196500.0;433500.0;195500.0;196500.0;97500.0;2000.0;346500.0;658000.0;269000.0;302500.0;176000.0;1121500.0;1754000.0;2875500.0;825500.0;1273500.0;1.0;1.7634;1.5179;1.376;1.5394;1.8051;1.564;1.5427;1000.0;46500.0;128500.0;62500.0;44500.0;20000.0;1000.0;122000.0;297000.0;124000.0;98500.0;49000.0;303000.0;691500.0;994500.0;237500.0;543000.0;1.0;2.6237;2.3113;1.984;2.2135;2.45;2.2822;2.2863;500.0;128500.0;285000.0;130500.0;132500.0;66000.0;500.0;209500.0;403000.0;172000.0;201500.0;118500.0;743000.0;1105000.0;1848000.0;544000.0;784500.0;1.0;1.6304;1.414;1.318;1.5208;1.7955;1.4872;1.4421;500.0;129500.0;288000.0;124000.0;115000.0;56000.0;500.0;213000.0;411500.0;167000.0;183000.0;103000.0;713000.0;1078000.0;1791000.0;541500.0;791500.0;1.0;1.6448;1.4288;1.3468;1.5913;1.8393;1.5119;1.4617;500.0;139500.0;309000.0;142000.0;148000.0;74000.0;500.0;235000.0;452000.0;197500.0;242500.0;143000.0;813000.0;1270500.0;2083500.0;590500.0;884500.0;1.0;1.6846;1.4628;1.3908;1.6385;1.9324;1.5627;1.4979
country;ID;IDN;Indonesia;500.0;17309500.0;28329500.0;10910500.0;4566500.0;3077000.0;500.0;25279500.0;37181000.0;14174000.0;6506500.0;4628000.0;64193500.0;87769500.0;151963000.0;56549500.0;76634500.0;1.0;1.4604;1.3124;1.2991;1.4248;1.5041;1.3673;1.3552;500.0;14811500.0;24499500.0;9548000.0;3752000.0;2680500.0;500.0;19313000.0;28978000.0;11143500.0;4937000.0;3876500.0;55292000.0;68248500.0;123540500.0;48859000.0;59434500.0;1.0;1.3039;1.1828;1.1671;1.3158;1.4462;1.2343;1.2164;500.0;11209500.0;15888500.0;5542000.0;2166000.0;1656500.0;500.0;14512000.0;18319500.0;6096000.0;2553500.0;2259500.0;36463000.0;43741000.0;80204000.0;32640000.0;38927500.0;1.0;1.2946;1.153;1.1;1.1789;1.364;1.1996;1.1926;2000.0;14727000.0;22704500.0;8534000.0;4120000.0;3147500.0;2000.0;22065000.0;31658500.0;11326000.0;5865500.0;4800000.0;53235000.0;75717000.0;128952000.0;45965500.0;65049500.0;1.0;1.4983;1.3944;1.3272;1.4237;1.525;1.4223;1.4152;1000.0;11167500.0;22352000.0;8629500.0;3196500.0;2259000.0;1000.0;20938500.0;36526000.0;13730500.0;5726500.0;3789500.0;47605500.0;80712000.0;128317500.0;42149000.0;71195000.0;1.0;1.8749;1.6341;1.5911;1.7915;1.6775;1.6954;1.6891;500.0;10798500.0;18854000.0;6813000.0;2724000.0;1992000.0;500.0;14989500.0;23473000.0;8156000.0;3478000.0;2817500.0;41182000.0;52914500.0;94096500.0;36465500.0;46618500.0;1.0;1.3881;1.245;1.1971;1.2768;1.4144;1.2849;1.2784;500.0;11214000.0;17047500.0;6367500.0;2145000.0;1532000.0;500.0;15333000.0;19083500.0;7017500.0;3037500.0;2136000.0;38306500.0;46608000.0;84914500.0;34629000.0;41434000.0;1.0;1.3673;1.1194;1.1021;1.4161;1.3943;1.2167;1.1965;500.0;18115000.0;30468000.0;11805000.0;4966000.0;3595500.0;500.0;26646000.0;41077500.0;15895000.0;7335000.0;5676000.0;68950000.0;96630000.0;165580000.0;60388000.0;83618500.0;1.0;1.4709;1.3482;1.3465;1.477;1.5786;1.4015;1.3847
country;IE;IRL;Ireland;500.0;135000.0;205000.0;92000.0;78500.0;45000.0;500.0;238000.0;313000.0;157500.0;138500.0;82000.0;556000.0;929500.0;1485500.0;432000.0;708500.0;1.0;1.763;1.5268;1.712;1.7643;1.8222;1.6718;1.64;500.0;122500.0;193000.0;86000.0;73500.0;43000.0;500.0;200500.0;276000.0;137000.0;122000.0;75000.0;518500.0;811000.0;1329500.0;401500.0;613500.0;1.0;1.6367;1.4301;1.593;1.6599;1.7442;1.5641;1.528;500.0;123500.0;171000.0;71500.0;61000.0;34000.0;500.0;208000.0;239500.0;106000.0;94000.0;56000.0;461500.0;704000.0;1165500.0;366000.0;553500.0;1.0;1.6842;1.4006;1.4825;1.541;1.6471;1.5255;1.5123;2000.0;302000.0;455000.0;183500.0;156000.0;90000.0;2000.0;509500.0;688000.0;306000.0;252000.0;150000.0;1188500.0;1907500.0;3096000.0;940500.0;1503500.0;1.0;1.6871;1.5121;1.6676;1.6154;1.6667;1.605;1.5986;1000.0;66500.0;185000.0;94000.0;72000.0;40000.0;1000.0;183500.0;277500.0;146500.0;109500.0;66000.0;458500.0;784000.0;1242500.0;345500.0;607500.0;1.0;2.7594;1.5;1.5585;1.5208;1.65;1.7099;1.7583;500.0;123000.0;191500.0;85000.0;72000.0;41500.0;500.0;205000.0;280500.0;138000.0;119500.0;74000.0;513500.0;817500.0;1331000.0;399500.0;623500.0;1.0;1.6667;1.4648;1.6235;1.6597;1.7831;1.592;1.5607;500.0;111500.0;175000.0;76000.0;67000.0;39500.0;500.0;186000.0;256000.0;126500.0;113500.0;72000.0;469500.0;754500.0;1224000.0;362500.0;568500.0;1.0;1.6682;1.4629;1.6645;1.694;1.8228;1.607;1.5683;500.0;135000.0;202500.0;90500.0;75000.0;42500.0;500.0;240500.0;306000.0;151500.0;129000.0;77000.0;546000.0;904500.0;1450500.0;428000.0;698000.0;1.0;1.7815;1.5111;1.674;1.72;1.8118;1.6566;1.6308
country;IL;ISR;Israel;500.0;408500.0;665000.0;288500.0;158500.0;155000.0;500.0;380500.0;524000.0;212500.0;134000.0;155000.0;1676000.0;1406500.0;3082500.0;1362000.0;1117000.0;1.0;0.9315;0.788;0.7366;0.8454;1.0;0.8392;0.8201;500.0;394000.0;668000.0;294000.0;164500.0;159500.0;500.0;363000.0;518000.0;209000.0;138000.0;160500.0;1680500.0;1389000.0;3069500.0;1356000.0;1090000.0;1.0;0.9213;0.7754;0.7109;0.8389;1.0063;0.8265;0.8038;500.0;376000.0;585000.0;230500.0;128500.0;116500.0;500.0;360500.0;469500.0;175000.0;107500.0;114000.0;1437000.0;1227000.0;2664000.0;1191500.0;1005000.0;1.0;0.9588;0.8026;0.7592;0.8366;0.9785;0.8539;0.8435;2000.0;681500.0;1075000.0;436500.0;244500.0;216500.0;2000.0;646000.0;864500.0;331500.0;207500.0;212000.0;2656000.0;2263500.0;4919500.0;2193000.0;1842000.0;1.0;0.9479;0.8042;0.7595;0.8487;0.9792;0.8522;0.8399;1000.0;286500.0;598500.0;242500.0;123500.0;92000.0;1000.0;316500.0;549000.0;211000.0;126500.0;142500.0;1344000.0;1346500.0;2690500.0;1127500.0;1076500.0;1.0;1.1047;0.9173;0.8701;1.0243;1.5489;1.0019;0.9548;500.0;343000.0;571000.0;240500.0;133000.0;125000.0;500.0;320500.0;445500.0;175000.0;110500.0;124000.0;1413000.0;1176000.0;2589000.0;1154500.0;941000.0;1.0;0.9344;0.7802;0.7277;0.8308;0.992;0.8323;0.8151;500.0;279500.0;448000.0;190500.0;108500.0;101500.0;500.0;266000.0;335000.0;132500.0;85000.0;97000.0;1128500.0;916000.0;2044500.0;918000.0;733500.0;1.0;0.9517;0.7478;0.6955;0.7834;0.9557;0.8117;0.799;500.0;417000.0;697500.0;296500.0;164000.0;157000.0;500.0;389000.0;549500.0;218500.0;139500.0;162500.0;1732500.0;1459500.0;3192000.0;1411000.0;1157000.0;1.0;0.9329;0.7878;0.7369;0.8506;1.035;0.8424;0.82
country;IM;IMN;Isle of Man;500.0;500.0;1500.0;500.0;500.0;500.0;500.0;1500.0;1500.0;500.0;500.0;500.0;4000.0;5000.0;9000.0;2500.0;3500.0;1.0;3.0;1.0;1.0;1.0;1.0;1.25;1.4;500.0;500.0;1500.0;500.0;500.0;500.0;500.0;1500.0;500.0;500.0;500.0;500.0;4000.0;4000.0;8000.0;2500.0;2500.0;1.0;3.0;0.3333;1.0;1.0;1.0;1.0;1.0;500.0;500.0;1500.0;500.0;500.0;500.0;500.0;1500.0;500.0;500.0;500.0;500.0;4000.0;4000.0;8000.0;2500.0;2500.0;1.0;3.0;0.3333;1.0;1.0;1.0;1.0;1.0;2000.0;2000.0;3000.0;2000.0;2000.0;2000.0;2000.0;3000.0;2000.0;2000.0;2000.0;2000.0;13000.0;13000.0;26000.0;7000.0;7000.0;1.0;1.5;0.6667;1.0;1.0;1.0;1.0;1.0;1000.0;1000.0;1000.0;1000.0;1000.0;1000.0;1000.0;1000.0;1000.0;1000.0;1000.0;1000.0;6000.0;6000.0;12000.0;3000.0;3000.0;1.0;1.0;1.0;1.0;1.0;1.0;1.0;1.0;500.0;500.0;1500.0;500.0;500.0;500.0;500.0;1500.0;500.0;500.0;500.0;500.0;4000.0;4000.0;8000.0;2500.0;2500.0;1.0;3.0;0.3333;1.0;1.0;1.0;1.0;1.0;500.0;500.0;1500.0;500.0;500.0;500.0;500.0;1500.0;500.0;500.0;500.0;500.0;4000.0;4000.0;8000.0;2500.0;2500.0;1.0;3.0;0.3333;1.0;1.0;1.0;1.0;1.0;500.0;500.0;2000.0;500.0;500.0;500.0;500.0;2000.0;1500.0;500.0;500.0;500.0;4500.0;5500.0;10000.0;3000.0;4000.0;1.0;4.0;0.75;1.0;1.0;1.0;1.2222;1.3333
country;IN;IND;India;500.0;500.0;500.0;500.0;500.0;500.0;500.0;500.0;500.0;500.0;500.0;500.0;3000.0;3000.0;6000.0;1500.0;1500.0;1.0;1.0;1.0;1.0;1.0;1.0;1.0;1.0;500.0;500.0;500.0;500.0;500.0;500.0;500.0;500.0;500.0;500.0;500.0;500.0;3000.0;3000.0;6000.0;1500.0;1500.0;1.0;1.0;1.0;1.0;1.0;1.0;1.0;1.0;500.0;500.0;500.0;500.0;500.0;500.0;500.0;500.0;500.0;500.0;500.0;500.0;3000.0;3000.0;6000.0;1500.0;1500.0;1.0;1.0;1.0;1.0;1.0;1.0;1.0;1.0;2000.0;2000.0;2000.0;2000.0;2000.0;2000.0;2000.0;2000.0;2000.0;2000.0;2000.0;2000.0;12000.0;12000.0;24000.0;6000.0;6000.0;1.0;1.0;1.0;1.0;1.0;1.0;1.0;1.0;1000.0;1000.0;1000.0;1000.0;1000.0;1000.0;1000.0;1000.0;1000.0;1000.0;1000.0;1000.0;6000.0;6000.0;12000.0;3000.0;3000.0;1.0;1.0;1.0;1.0;1.0;1.0;1.0;1.0;500.0;500.0;500.0;500.0;500.0;500.0;500.0;500.0;500.0;500.0;500.0;500.0;3000.0;3000.0;6000.0;1500.0;1500.0;1.0;1.0;1.0;1.0;1.0;1.0;1.0;1.0;500.0;500.0;500.0;500.0;500.0;500.0;500.0;500.0;500.0;500.0;500.0;500.0;3000.0;3000.0;6000.0;1500.0;1500.0;1.0;1.0;1.0;1.0;1.0;1.0;1.0;1.0;500.0;500.0;500.0;500.0;500.0;500.0;500.0;500.0;500.0;500.0;500.0;500.0;3000.0;3000.0;6000.0;1500.0;1500.0;1.0;1.0;1.0;1.0;1.0;1.0;1.0;1.0
country;IQ;IRQ;Iraq;500.0;4835000.0;8253000.0;3071500.0;1256000.0;1190500.0;500.0;2725000.0;4519000.0;1519500.0;631000.0;658000.0;18606500.0;10053000.0;28659500.0;16159500.0;8763500.0;1.0;0.5636;0.5476;0.4947;0.5024;0.5527;0.5403;0.5423;500.0;3508500.0;6193000.0;2282500.0;922000.0;851500.0;500.0;1658500.0;2984000.0;988000.0;433500.0;428500.0;13758000.0;6493000.0;20251000.0;11984000.0;5630500.0;1.0;0.4727;0.4818;0.4329;0.4702;0.5032;0.4719;0.4698;500.0;3181000.0;4641500.0;1692500.0;700500.0;672000.0;500.0;1733000.0;2500500.0;829500.0;351000.0;357000.0;10888000.0;5771500.0;16659500.0;9515000.0;5063000.0;1.0;0.5448;0.5387;0.4901;0.5011;0.5312;0.5301;0.5321;2000.0;3042500.0;5071500.0;1982500.0;840500.0;769500.0;2000.0;1759500.0;2870000.0;949000.0;415500.0;414500.0;11708500.0;6410500.0;18119000.0;10096500.0;5578500.0;1.0;0.5783;0.5659;0.4787;0.4943;0.5387;0.5475;0.5525;1000.0;1670000.0;3537500.0;1424500.0;544500.0;425500.0;1000.0;1296500.0;2369000.0;810000.0;313500.0;257000.0;7603000.0;5047000.0;12650000.0;6632000.0;4475500.0;1.0;0.7763;0.6697;0.5686;0.5758;0.604;0.6638;0.6748;500.0;2898000.0;4716000.0;1811500.0;752500.0;676000.0;500.0;1548500.0;2426500.0;813500.0;357500.0;354000.0;10854500.0;5500500.0;16355000.0;9425500.0;4788500.0;1.0;0.5343;0.5145;0.4491;0.4751;0.5237;0.5067;0.508;500.0;1411500.0;2226000.0;899000.0;370500.0;347500.0;500.0;720000.0;1040500.0;345000.0;148500.0;157500.0;5255000.0;2412000.0;7667000.0;4536500.0;2105500.0;1.0;0.5101;0.4674;0.3838;0.4008;0.4532;0.459;0.4641;500.0;4634000.0;8002500.0;2971500.0;1179500.0;1118500.0;500.0;2612500.0;4405000.0;1495000.0;605000.0;621000.0;17906500.0;9739000.0;27645500.0;15608000.0;8512500.0;1.0;0.5638;0.5505;0.5031;0.5129;0.5552;0.5439;0.5454
country;IS;ISL;Iceland;500.0;2500.0;4000.0;1500.0;500.0;500.0;500.0;4000.0;5000.0;2500.0;500.0;500.0;9500.0;13000.0;22500.0;8000.0;11500.0;1.0;1.6;1.25;1.6667;1.0;1.0;1.3684;1.4375;500.0;1500.0;3000.0;1500.0;500.0;500.0;500.0;2000.0;3000.0;1500.0;500.0;500.0;7500.0;8000.0;15500.0;6000.0;6500.0;1.0;1.3333;1.0;1.0;1.0;1.0;1.0667;1.0833;500.0;1500.0;1500.0;500.0;500.0;500.0;500.0;2000.0;2000.0;500.0;500.0;500.0;5000.0;6000.0;11000.0;3500.0;4500.0;1.0;1.3333;1.3333;1.0;1.0;1.0;1.2;1.2857;2000.0;3000.0;4500.0;3000.0;2000.0;2000.0;2000.0;5000.0;6000.0;3000.0;2000.0;2000.0;16500.0;20000.0;36500.0;10500.0;14000.0;1.0;1.6667;1.3333;1.0;1.0;1.0;1.2121;1.3333;1000.0;1000.0;1000.0;1000.0;1000.0;1000.0;1000.0;1000.0;2500.0;1000.0;1000.0;1000.0;6000.0;7500.0;13500.0;3000.0;4500.0;1.0;1.0;2.5;1.0;1.0;1.0;1.25;1.5;500.0;1500.0;2500.0;1500.0;500.0;500.0;500.0;2500.0;4000.0;1500.0;500.0;500.0;7000.0;9500.0;16500.0;5500.0;8000.0;1.0;1.6667;1.6;1.0;1.0;1.0;1.3571;1.4545;500.0;500.0;1500.0;500.0;500.0;500.0;500.0;1500.0;2500.0;500.0;500.0;500.0;4000.0;6000.0;10000.0;2500.0;4500.0;1.0;3.0;1.6667;1.0;1.0;1.0;1.5;1.8;500.0;3000.0;5000.0;2000.0;500.0;500.0;500.0;6000.0;7500.0;3500.0;1500.0;500.0;11500.0;19500.0;31000.0;10000.0;17000.0;1.0;2.0;1.5;1.75;3.0;1.0;1.6957;1.7
country;IT;ITA;Italy;500.0;1210500.0;1606000.0;888500.0;846000.0;843000.0;500.0;1347000.0;1576000.0;1331500.0;1364000.0;1536500.0;5394500.0;7155500.0;12550000.0;3705000.0;4254500.0;1.0;1.1128;0.9813;1.4986;1.6123;1.8227;1.3264;1.1483;500.0;1134500.0;1459500.0;816000.0;788000.0;801500.0;500.0;1178000.0;1274000.0;1116000.0;1185500.0;1411500.0;5000000.0;6165500.0;11165500.0;3410000.0;3568000.0;1.0;1.0383;0.8729;1.3676;1.5044;1.7611;1.2331;1.0463;500.0;1063000.0;1231500.0;606000.0;543000.0;498500.0;500.0;1117500.0;1099500.0;808000.0;811500.0;857000.0;3942500.0;4694000.0;8636500.0;2900500.0;3025000.0;1.0;1.0513;0.8928;1.3333;1.4945;1.7192;1.1906;1.0429;2000.0;2390000.0;2860000.0;1500500.0;1480000.0;1426500.0;2000.0;2406000.0;2486500.0;2044000.0;2166500.0;2385500.0;9659000.0;11490500.0;21149500.0;6750500.0;6936500.0;1.0;1.0067;0.8694;1.3622;1.4639;1.6723;1.1896;1.0276;1000.0;287500.0;623500.0;386000.0;240000.0;201000.0;1000.0;426000.0;774500.0;683000.0;429000.0;397500.0;1739000.0;2711000.0;4450000.0;1297000.0;1883500.0;1.0;1.4817;1.2422;1.7694;1.7875;1.9776;1.5589;1.4522;500.0;1131500.0;1491500.0;827500.0;789500.0;789500.0;500.0;1197500.0;1393000.0;1187000.0;1221500.0;1399500.0;5030000.0;6399000.0;11429000.0;3450500.0;3777500.0;1.0;1.0583;0.934;1.4344;1.5472;1.7726;1.2722;1.0948;500.0;1041500.0;1379500.0;742500.0;736000.0;732000.0;500.0;1093000.0;1267000.0;1048500.0;1133500.0;1306000.0;4632000.0;5848500.0;10480500.0;3163500.0;3408500.0;1.0;1.0494;0.9184;1.4121;1.5401;1.7842;1.2626;1.0774;500.0;1174000.0;1557500.0;861500.0;824000.0;791500.0;500.0;1264000.0;1486000.0;1273000.0;1317500.0;1436000.0;5209000.0;6777000.0;11986000.0;3593000.0;4023000.0;1.0;1.0767;0.9541;1.4777;1.5989;1.8143;1.301;1.1197
country;JE;JEY;Jersey;500.0;500.0;500.0;500.0;500.0;500.0;500.0;1500.0;500.0;500.0;500.0;500.0;3000.0;4000.0;7000.0;1500.0;2500.0;1.0;3.0;1.0;1.0;1.0;1.0;1.3333;1.6667;500.0;500.0;500.0;500.0;500.0;500.0;500.0;1500.0;500.0;500.0;500.0;500.0;3000.0;4000.0;7000.0;1500.0;2500.0;1.0;3.0;1.0;1.0;1.0;1.0;1.3333;1.6667;500.0;500.0;500.0;500.0;500.0;500.0;500.0;500.0;500.0;500.0;500.0;500.0;3000.0;3000.0;6000.0;1500.0;1500.0;1.0;1.0;1.0;1.0;1.0;1.0;1.0;1.0;2000.0;2000.0;2000.0;2000.0;2000.0;2000.0;2000.0;2000.0;2000.0;2000.0;2000.0;2000.0;12000.0;12000.0;24000.0;6000.0;6000.0;1.0;1.0;1.0;1.0;1.0;1.0;1.0;1.0;1000.0;1000.0;1000.0;1000.0;1000.0;1000.0;1000.0;1000.0;1000.0;1000.0;1000.0;1000.0;6000.0;6000.0;12000.0;3000.0;3000.0;1.0;1.0;1.0;1.0;1.0;1.0;1.0;1.0;500.0;500.0;500.0;500.0;500.0;500.0;500.0;1500.0;500.0;500.0;500.0;500.0;3000.0;4000.0;7000.0;1500.0;2500.0;1.0;3.0;1.0;1.0;1.0;1.0;1.3333;1.6667;500.0;500.0;500.0;500.0;500.0;500.0;500.0;500.0;500.0;500.0;500.0;500.0;3000.0;3000.0;6000.0;1500.0;1500.0;1.0;1.0;1.0;1.0;1.0;1.0;1.0;1.0;500.0;1500.0;1500.0;500.0;500.0;500.0;500.0;1500.0;1500.0;500.0;500.0;500.0;5000.0;5000.0;10000.0;3500.0;3500.0;1.0;1.0;1.0;1.0;1.0;1.0;1.0;1.0
country;JM;JAM;Jamaica;500.0;120500.0;176000.0;91000.0;42000.0;28000.0;500.0;131500.0;197500.0;94000.0;47500.0;40500.0;458000.0;511500.0;969500.0;387500.0;423000.0;1.0;1.0913;1.1222;1.033;1.131;1.4464;1.1168;1.0916;500.0;64500.0;83000.0;41000.0;19500.0;13000.0;500.0;56000.0;76500.0;39500.0;22000.0;18500.0;221500.0;213000.0;434500.0;188500.0;172000.0;1.0;0.8682;0.9217;0.9634;1.1282;1.4231;0.9616;0.9125;500.0;18000.0;22500.0;8500.0;4500.0;2500.0;500.0;30500.0;41500.0;17500.0;8500.0;6000.0;56500.0;104500.0;161000.0;49000.0;89500.0;1.0;1.6944;1.8444;2.0588;1.8889;2.4;1.8496;1.8265;2000.0;44000.0;63000.0;26500.0;15500.0;10500.0;2000.0;59000.0;79500.0;33000.0;18500.0;14500.0;161500.0;206500.0;368000.0;133500.0;171500.0;1.0;1.3409;1.2619;1.2453;1.1935;1.381;1.2786;1.2846;1000.0;9000.0;13500.0;6500.0;2000.0;1000.0;1000.0;22000.0;36500.0;13000.0;4500.0;3000.0;33000.0;80000.0;113000.0;29000.0;71500.0;1.0;2.4444;2.7037;2.0;2.25;3.0;2.4242;2.4655;500.0;61500.0;89000.0;39500.0;17500.0;10500.0;500.0;81500.0;116000.0;50500.0;22000.0;15500.0;218500.0;286000.0;504500.0;190000.0;248000.0;1.0;1.3252;1.3034;1.2785;1.2571;1.4762;1.3089;1.3053;500.0;18000.0;20500.0;7000.0;3500.0;2000.0;500.0;18500.0;22000.0;8000.0;3500.0;3000.0;51500.0;55500.0;107000.0;45500.0;48500.0;1.0;1.0278;1.0732;1.1429;1.0;1.5;1.0777;1.0659;500.0;73000.0;103000.0;45000.0;23000.0;13000.0;500.0;98000.0;135500.0;59000.0;27500.0;21500.0;257500.0;342000.0;599500.0;221000.0;292500.0;1.0;1.3425;1.3155;1.3111;1.1957;1.6538;1.3282;1.3235
country;JO;JOR;Jordan;500.0;142000.0;257000.0;119500.0;49500.0;33500.0;500.0;113500.0;189500.0;76000.0;32000.0;23000.0;602000.0;434500.0;1036500.0;518500.0;379000.0;1.0;0.7993;0.7374;0.636;0.6465;0.6866;0.7218;0.731;500.0;117000.0;303500.0;136500.0;54000.0;36000.0;500.0;76500.0;207000.0;81500.0;33000.0;22500.0;647500.0;421000.0;1068500.0;557000.0;365000.0;1.0;0.6538;0.682;0.5971;0.6111;0.625;0.6502;0.6553;500.0;76500.0;91500.0;44000.0;20500.0;14000.0;500.0;68500.0;75000.0;28500.0;13000.0;8500.0;247000.0;194000.0;441000.0;212000.0;172000.0;1.0;0.8954;0.8197;0.6477;0.6341;0.6071;0.7854;0.8113;2000.0;141000.0;252500.0;124000.0;55000.0;36000.0;2000.0;121500.0;199500.0;79000.0;30000.0;23000.0;610500.0;455000.0;1065500.0;517500.0;400000.0;1.0;0.8617;0.7901;0.6371;0.5455;0.6389;0.7453;0.7729;1000.0;40000.0;79000.0;43500.0;17500.0;13000.0;1000.0;41000.0;78500.0;35500.0;12000.0;9000.0;194000.0;177000.0;371000.0;162500.0;155000.0;1.0;1.025;0.9937;0.8161;0.6857;0.6923;0.9124;0.9538;500.0;113000.0;263000.0;122000.0;49500.0;29500.0;500.0;91500.0;197500.0;78000.0;32000.0;20500.0;577500.0;420000.0;997500.0;498000.0;367000.0;1.0;0.8097;0.751;0.6393;0.6465;0.6949;0.7273;0.7369;500.0;35000.0;60500.0;29500.0;12000.0;7000.0;500.0;32500.0;49500.0;18000.0;7500.0;5000.0;144500.0;113000.0;257500.0;125000.0;100000.0;1.0;0.9286;0.8182;0.6102;0.625;0.7143;0.782;0.8;500.0;130500.0;222500.0;103500.0;41500.0;27500.0;500.0;110500.0;177000.0;70500.0;29500.0;19500.0;526000.0;407500.0;933500.0;456500.0;358000.0;1.0;0.8467;0.7955;0.6812;0.7108;0.7091;0.7747;0.7842
country;JP;JPN;Japan;500.0;2624000.0;3729500.0;2209500.0;1869500.0;1169500.0;500.0;3690500.0;4513000.0;2346500.0;2154500.0;1778500.0;11602500.0;14483500.0;26086000.0;8563000.0;10550000.0;1.0;1.4064;1.2101;1.062;1.1524;1.5207;1.2483;1.232;500.0;2328500.0;3339500.0;1917000.0;1699500.0;1085000.0;500.0;3221500.0;3934000.0;1964000.0;1912500.0;1628000.0;10370000.0;12660500.0;23030500.0;7585000.0;9119500.0;1.0;1.3835;1.178;1.0245;1.1253;1.5005;1.2209;1.2023;500.0;1540500.0;1721500.0;880500.0;666500.0;386000.0;500.0;2169500.0;2140500.0;980500.0;818000.0;611500.0;5195500.0;6720500.0;11916000.0;4142500.0;5290500.0;1.0;1.4083;1.2434;1.1136;1.2273;1.5842;1.2935;1.2771;2000.0;2657500.0;3207500.0;1430000.0;1217000.0;975000.0;2000.0;3741500.0;3874500.0;1571500.0;1443500.0;1416000.0;9489000.0;12049000.0;21538000.0;7295000.0;9187500.0;1.0;1.4079;1.208;1.099;1.1861;1.4523;1.2698;1.2594;1000.0;528500.0;970000.0;496500.0;325500.0;296500.0;1000.0;1417500.0;1976000.0;932500.0;503000.0;613000.0;2618000.0;5443000.0;8061000.0;1995000.0;4326000.0;1.0;2.6821;2.0371;1.8781;1.5453;2.0675;2.0791;2.1684;500.0;2114000.0;2836500.0;1600500.0;1438500.0;954000.0;500.0;2985000.0;3403000.0;1619500.0;1576500.0;1398000.0;8944000.0;10982500.0;19926500.0;6551000.0;8007500.0;1.0;1.412;1.1997;1.0119;1.0959;1.4654;1.2279;1.2223;500.0;1417000.0;1965000.0;1029500.0;765000.0;549500.0;500.0;1822500.0;2199500.0;1013500.0;934500.0;916000.0;5726500.0;6886500.0;12613000.0;4411500.0;5035500.0;1.0;1.2862;1.1193;0.9845;1.2216;1.667;1.2026;1.1414;500.0;2475000.0;3646500.0;2077500.0;1760500.0;1094000.0;500.0;3528000.0;4439500.0;2244000.0;2056000.0;1744000.0;11054000.0;14012000.0;25066000.0;8199000.0;10211500.0;1.0;1.4255;1.2175;1.0801;1.1679;1.5941;1.2676;1.2455
country;KE;KEN;Kenya;500.0;2358500.0;2785000.0;1056500.0;329000.0;198000.0;500.0;1996000.0;2056000.0;871000.0;288500.0;202000.0;6727500.0;5414000.0;12141500.0;6200000.0;4923000.0;1.0;0.8463;0.7382;0.8244;0.8769;1.0202;0.8048;0.794;500.0;1836500.0;2465000.0;924000.0;278500.0;145000.0;500.0;1380500.0;1725000.0;707500.0;227500.0;134000.0;5649500.0;4175000.0;9824500.0;5225500.0;3813000.0;1.0;0.7517;0.6998;0.7657;0.8169;0.9241;0.739;0.7297;500.0;1359500.0;1446500.0;479500.0;150500.0;90500.0;500.0;1217500.0;1101500.0;391000.0;129500.0;84000.0;3527000.0;2924000.0;6451000.0;3285500.0;2710000.0;1.0;0.8955;0.7615;0.8154;0.8605;0.9282;0.829;0.8248;2000.0;2148000.0;2411500.0;1105500.0;386000.0;226000.0;2000.0;1946000.0;1996500.0;966500.0;350500.0;242500.0;6279000.0;5504000.0;11783000.0;5665000.0;4909000.0;1.0;0.906;0.8279;0.8743;0.908;1.073;0.8766;0.8665;1000.0;545000.0;691000.0;252000.0;68500.0;35000.0;1000.0;595500.0;799000.0;248500.0;62000.0;38500.0;1592500.0;1744500.0;3337000.0;1488000.0;1643000.0;1.0;1.0927;1.1563;0.9861;0.9051;1.1;1.0954;1.1042;500.0;1944000.0;2407000.0;863000.0;269500.0;152500.0;500.0;1617500.0;1796500.0;681500.0;225500.0;147500.0;5636500.0;4469000.0;10105500.0;5214000.0;4095500.0;1.0;0.832;0.7464;0.7897;0.8367;0.9672;0.7929;0.7855;500.0;367000.0;303000.0;80500.0;23000.0;17000.0;500.0;233000.0;177500.0;50500.0;15500.0;12000.0;791000.0;489000.0;1280000.0;750500.0;461000.0;1.0;0.6349;0.5858;0.6273;0.6739;0.7059;0.6182;0.6143;500.0;2374000.0;3011000.0;1097500.0;329500.0;180500.0;500.0;1944000.0;2270500.0;923000.0;293500.0;182500.0;6993000.0;5614000.0;12607000.0;6482500.0;5137500.0;1.0;0.8189;0.7541;0.841;0.8907;1.0111;0.8028;0.7925
country;KH;KHM;Cambodia;500.0;1467500.0;1908500.0;587500.0;167000.0;199500.0;500.0;1066500.0;1329500.0;400500.0;111500.0;144000.0;4330500.0;3052500.0;7383000.0;3963500.0;2796500.0;1.0;0.7267;0.6966;0.6817;0.6677;0.7218;0.7049;0.7056;500.0;1697500.0;2193000.0;667000.0;185000.0;220000.0;500.0;1159000.0;1467000.0;438000.0;119000.0;156000.0;4963000.0;3339500.0;8302500.0;4557500.0;3064000.0;1.0;0.6828;0.6689;0.6567;0.6432;0.7091;0.6729;0.6723;500.0;685000.0;774000.0;256000.0;78000.0;86500.0;500.0;477000.0;505000.0;149000.0;45500.0;60500.0;1880000.0;1237500.0;3117500.0;1715000.0;1131000.0;1.0;0.6964;0.6525;0.582;0.5833;0.6994;0.6582;0.6595;2000.0;688500.0;856500.0;288500.0;77500.0;83000.0;2000.0;541000.0;647500.0;176500.0;46000.0;63000.0;1996000.0;1476000.0;3472000.0;1833500.0;1365000.0;1.0;0.7858;0.756;0.6118;0.5935;0.759;0.7395;0.7445;1000.0;1032000.0;1343000.0;379000.0;91000.0;81000.0;1000.0;1058000.0;1688500.0;451000.0;79000.0;82000.0;2927000.0;3359500.0;6286500.0;2754000.0;3197500.0;1.0;1.0252;1.2573;1.19;0.8681;1.0123;1.1478;1.161;500.0;1380500.0;1717500.0;518500.0;128000.0;162500.0;500.0;971000.0;1162500.0;330500.0;78500.0;112500.0;3907500.0;2655500.0;6563000.0;3616500.0;2464000.0;1.0;0.7034;0.6769;0.6374;0.6133;0.6923;0.6796;0.6813;500.0;416000.0;443000.0;134000.0;40500.0;53000.0;500.0;303000.0;300500.0;75000.0;24000.0;37500.0;1087000.0;740500.0;1827500.0;993000.0;678500.0;1.0;0.7284;0.6783;0.5597;0.5926;0.7075;0.6812;0.6833;500.0;1877000.0;2461500.0;737000.0;198000.0;207500.0;500.0;1368500.0;1835000.0;549500.0;139000.0;160500.0;5481500.0;4053000.0;9534500.0;5075500.0;3753000.0;1.0;0.7291;0.7455;0.7456;0.702;0.7735;0.7394;0.7394
country;KM;COM;Comoros;500.0;500.0;500.0;500.0;500.0;500.0;500.0;500.0;500.0;500.0;500.0;500.0;3000.0;3000.0;6000.0;1500.0;1500.0;1.0;1.0;1.0;1.0;1.0;1.0;1.0;1.0;500.0;500.0;500.0;500.0;500.0;500.0;500.0;500.0;500.0;500.0;500.0;500.0;3000.0;3000.0;6000.0;1500.0;1500.0;1.0;1.0;1.0;1.0;1.0;1.0;1.0;1.0;500.0;500.0;500.0;500.0;500.0;500.0;500.0;500.0;500.0;500.0;500.0;500.0;3000.0;3000.0;6000.0;1500.0;1500.0;1.0;1.0;1.0;1.0;1.0;1.0;1.0;1.0;2000.0;2000.0;2000.0;2000.0;2000.0;2000.0;2000.0;2000.0;2000.0;2000.0;2000.0;2000.0;12000.0;12000.0;24000.0;6000.0;6000.0;1.0;1.0;1.0;1.0;1.0;1.0;1.0;1.0;1000.0;1000.0;1000.0;1000.0;1000.0;1000.0;1000.0;1000.0;1000.0;1000.0;1000.0;1000.0;6000.0;6000.0;12000.0;3000.0;3000.0;1.0;1.0;1.0;1.0;1.0;1.0;1.0;1.0;500.0;500.0;500.0;500.0;500.0;500.0;500.0;500.0;500.0;500.0;500.0;500.0;3000.0;3000.0;6000.0;1500.0;1500.0;1.0;1.0;1.0;1.0;1.0;1.0;1.0;1.0;500.0;500.0;500.0;500.0;500.0;500.0;500.0;500.0;500.0;500.0;500.0;500.0;3000.0;3000.0;6000.0;1500.0;1500.0;1.0;1.0;1.0;1.0;1.0;1.0;1.0;1.0;500.0;500.0;500.0;500.0;500.0;500.0;500.0;500.0;500.0;500.0;500.0;500.0;3000.0;3000.0;6000.0;1500.0;1500.0;1.0;1.0;1.0;1.0;1.0;1.0;1.0;1.0
country;KN;KNA;St. Kitts & Nevis;500.0;500.0;500.0;500.0;500.0;500.0;500.0;500.0;1500.0;500.0;500.0;500.0;3000.0;4000.0;7000.0;1500.0;2500.0;1.0;1.0;3.0;1.0;1.0;1.0;1.3333;1.6667;500.0;500.0;500.0;500.0;500.0;500.0;500.0;500.0;500.0;500.0;500.0;500.0;3000.0;3000.0;6000.0;1500.0;1500.0;1.0;1.0;1.0;1.0;1.0;1.0;1.0;1.0;500.0;500.0;500.0;500.0;500.0;500.0;500.0;500.0;500.0;500.0;500.0;500.0;3000.0;3000.0;6000.0;1500.0;1500.0;1.0;1.0;1.0;1.0;1.0;1.0;1.0;1.0;2000.0;2000.0;2000.0;2000.0;2000.0;2000.0;2000.0;2000.0;2000.0;2000.0;2000.0;2000.0;12000.0;12000.0;24000.0;6000.0;6000.0;1.0;1.0;1.0;1.0;1.0;1.0;1.0;1.0;1000.0;1000.0;1000.0;1000.0;1000.0;1000.0;1000.0;1000.0;1000.0;1000.0;1000.0;1000.0;6000.0;6000.0;12000.0;3000.0;3000.0;1.0;1.0;1.0;1.0;1.0;1.0;1.0;1.0;500.0;500.0;500.0;500.0;500.0;500.0;500.0;500.0;500.0;500.0;500.0;500.0;3000.0;3000.0;6000.0;1500.0;1500.0;1.0;1.0;1.0;1.0;1.0;1.0;1.0;1.0;500.0;500.0;500.0;500.0;500.0;500.0;500.0;500.0;500.0;500.0;500.0;500.0;3000.0;3000.0;6000.0;1500.0;1500.0;1.0;1.0;1.0;1.0;1.0;1.0;1.0;1.0;500.0;500.0;500.0;500.0;500.0;500.0;500.0;1500.0;1500.0;500.0;500.0;500.0;3000.0;5000.0;8000.0;1500.0;3500.0;1.0;3.0;3.0;1.0;1.0;1.0;1.6667;2.3333
country;KR;KOR;Korea;500.0;424000.0;777500.0;554000.0;538500.0;474000.0;500.0;647000.0;815000.0;489500.0;488500.0;627500.0;2768500.0;3068000.0;5836500.0;1755500.0;1951500.0;1.0;1.5259;1.0482;0.8836;0.9071;1.3238;1.1082;1.1116;500.0;298500.0;713000.0;557500.0;590500.0;534000.0;500.0;357000.0;656000.0;474000.0;535000.0;730500.0;2694000.0;2753000.0;5447000.0;1569000.0;1487000.0;1.0;1.196;0.9201;0.8502;0.906;1.368;1.0219;0.9477;500.0;299500.0;468500.0;335000.0;380500.0;334000.0;500.0;463000.0;516000.0;327000.0;373000.0;454000.0;1818000.0;2133500.0;3951500.0;1103000.0;1306000.0;1.0;1.5459;1.1014;0.9761;0.9803;1.3593;1.1735;1.184;2000.0;506000.0;889000.0;682000.0;759000.0;703000.0;2000.0;921000.0;1080000.0;637000.0;699500.0;951500.0;3541000.0;4291000.0;7832000.0;2077000.0;2638000.0;1.0;1.8202;1.2148;0.934;0.9216;1.3535;1.2118;1.2701;1000.0;78500.0;162500.0;130000.0;158000.0;126000.0;1000.0;122500.0;236500.0;168500.0;160000.0;175000.0;656000.0;863500.0;1519500.0;371000.0;527500.0;1.0;1.5605;1.4554;1.2962;1.0127;1.3889;1.3163;1.4218;500.0;292000.0;537000.0;394000.0;402000.0;325000.0;500.0;406500.0;520500.0;320500.0;339000.0;413000.0;1950500.0;2000000.0;3950500.0;1223000.0;1247500.0;1.0;1.3921;0.9693;0.8135;0.8433;1.2708;1.0254;1.02;500.0;173000.0;335000.0;257000.0;249500.0;156500.0;500.0;234500.0;336000.0;217000.0;222000.0;223000.0;1171500.0;1233000.0;2404500.0;765000.0;787500.0;1.0;1.3555;1.003;0.8444;0.8898;1.4249;1.0525;1.0294;500.0;451500.0;846500.0;596500.0;549000.0;463500.0;500.0;698000.0;909500.0;538000.0;533000.0;673000.0;2907500.0;3352000.0;6259500.0;1894500.0;2145500.0;1.0;1.546;1.0744;0.9019;0.9709;1.452;1.1529;1.1325
country;KW;KWT;Kuwait;500.0;248500.0;827500.0;501000.0;200500.0;103500.0;500.0;199500.0;547000.0;297000.0;132500.0;79500.0;1881500.0;1256000.0;3137500.0;1577000.0;1043500.0;1.0;0.8028;0.661;0.5928;0.6608;0.7681;0.6676;0.6617;500.0;230500.0;808000.0;501500.0;195000.0;97500.0;500.0;180500.0;499500.0;272000.0;123000.0;71500.0;1833000.0;1147000.0;2980000.0;1540000.0;952000.0;1.0;0.7831;0.6182;0.5424;0.6308;0.7333;0.6258;0.6182;500.0;275000.0;736000.0;458500.0;178000.0;92500.0;500.0;219000.0;498000.0;269000.0;115000.0;70500.0;1740500.0;1172000.0;2912500.0;1469500.0;986000.0;1.0;0.7964;0.6766;0.5867;0.6461;0.7622;0.6734;0.671;2000.0;414500.0;1343500.0;836000.0;349500.0;188500.0;2000.0;371500.0;973500.0;491000.0;216500.0;140500.0;3134000.0;2195000.0;5329000.0;2594000.0;1836000.0;1.0;0.8963;0.7246;0.5873;0.6195;0.7454;0.7004;0.7078;1000.0;176000.0;578000.0;357500.0;144500.0;57500.0;1000.0;172500.0;504500.0;263500.0;106000.0;61000.0;1314500.0;1108500.0;2423000.0;1111500.0;940500.0;1.0;0.9801;0.8728;0.7371;0.7336;1.0609;0.8433;0.8462;500.0;224500.0;754000.0;457000.0;179000.0;90500.0;500.0;186000.0;499500.0;262000.0;112500.0;69500.0;1705500.0;1130000.0;2835500.0;1435500.0;947500.0;1.0;0.8285;0.6625;0.5733;0.6285;0.768;0.6626;0.66;500.0;134000.0;266000.0;168000.0;79500.0;45000.0;500.0;125000.0;187500.0;90500.0;44000.0;33000.0;693000.0;480500.0;1173500.0;568000.0;403000.0;1.0;0.9328;0.7049;0.5387;0.5535;0.7333;0.6934;0.7095;500.0;300500.0;997500.0;584000.0;221500.0;112500.0;500.0;238000.0;644000.0;346500.0;146000.0;86500.0;2216500.0;1461500.0;3678000.0;1882000.0;1228500.0;1.0;0.792;0.6456;0.5933;0.6591;0.7689;0.6594;0.6528
country;KY;CYM;Cayman Islands;500.0;500.0;1500.0;500.0;500.0;500.0;500.0;500.0;1500.0;500.0;500.0;500.0;4000.0;4000.0;8000.0;2500.0;2500.0;1.0;1.0;1.0;1.0;1.0;1.0;1.0;1.0;500.0;500.0;500.0;500.0;500.0;500.0;500.0;500.0;500.0;500.0;500.0;500.0;3000.0;3000.0;6000.0;1500.0;1500.0;1.0;1.0;1.0;1.0;1.0;1.0;1.0;1.0;500.0;500.0;500.0;500.0;500.0;500.0;500.0;500.0;500.0;500.0;500.0;500.0;3000.0;3000.0;6000.0;1500.0;1500.0;1.0;1.0;1.0;1.0;1.0;1.0;1.0;1.0;2000.0;2000.0;2000.0;2000.0;2000.0;2000.0;2000.0;2000.0;2000.0;2000.0;2000.0;2000.0;12000.0;12000.0;24000.0;6000.0;6000.0;1.0;1.0;1.0;1.0;1.0;1.0;1.0;1.0;1000.0;1000.0;1000.0;1000.0;1000.0;1000.0;1000.0;1000.0;1000.0;1000.0;1000.0;1000.0;6000.0;6000.0;12000.0;3000.0;3000.0;1.0;1.0;1.0;1.0;1.0;1.0;1.0;1.0;500.0;500.0;500.0;500.0;500.0;500.0;500.0;500.0;500.0;500.0;500.0;500.0;3000.0;3000.0;6000.0;1500.0;1500.0;1.0;1.0;1.0;1.0;1.0;1.0;1.0;1.0;500.0;500.0;500.0;500.0;500.0;500.0;500.0;500.0;500.0;500.0;500.0;500.0;3000.0;3000.0;6000.0;1500.0;1500.0;1.0;1.0;1.0;1.0;1.0;1.0;1.0;1.0;500.0;500.0;2000.0;500.0;500.0;500.0;500.0;1500.0;1500.0;500.0;500.0;500.0;4500.0;5000.0;9500.0;3000.0;3500.0;1.0;3.0;0.75;1.0;1.0;1.0;1.1111;1.1667
country;KZ;KAZ;Kazakhstan;500.0;1421500.0;2268500.0;1316500.0;708000.0;512500.0;500.0;1502000.0;1842000.0;1008500.0;656000.0;650500.0;6227500.0;5659500.0;11887000.0;5006500.0;4352500.0;1.0;1.0566;0.812;0.766;0.9266;1.2693;0.9088;0.8694;500.0;1355000.0;2167500.0;1286500.0;688000.0;493500.0;500.0;1381000.0;1723000.0;982000.0;637000.0;628500.0;5991000.0;5352000.0;11343000.0;4809000.0;4086000.0;1.0;1.0192;0.7949;0.7633;0.9259;1.2736;0.8933;0.8497;500.0;1408500.0;2186000.0;1267500.0;687000.0;525000.0;500.0;1533000.0;1847000.0;1019500.0;655000.0;673500.0;6074500.0;5728500.0;11803000.0;4862000.0;4399500.0;1.0;1.0884;0.8449;0.8043;0.9534;1.2829;0.943;0.9049;2000.0;1960000.0;3214500.0;1889000.0;1008000.0;712500.0;2000.0;2269500.0;2825500.0;1528500.0;986000.0;909000.0;8786000.0;8520500.0;17306500.0;7063500.0;6623500.0;1.0;1.1579;0.879;0.8092;0.9782;1.2758;0.9698;0.9377;1000.0;533000.0;927500.0;501000.0;188000.0;96000.0;1000.0;1105000.0;1691000.0;863500.0;428500.0;187000.0;2246500.0;4276000.0;6522500.0;1961500.0;3659500.0;1.0;2.0732;1.8232;1.7236;2.2793;1.9479;1.9034;1.8657;500.0;1130500.0;1818500.0;1060500.0;548000.0;347500.0;500.0;1222500.0;1518000.0;805000.0;498000.0;433000.0;4905500.0;4477000.0;9382500.0;4009500.0;3545500.0;1.0;1.0814;0.8348;0.7591;0.9088;1.246;0.9126;0.8843;500.0;369500.0;1645000.0;928500.0;496000.0;136000.0;500.0;624000.0;1365000.0;701500.0;463000.0;179500.0;3575500.0;3333500.0;6909000.0;2943000.0;2690500.0;1.0;1.6888;0.8298;0.7555;0.9335;1.3199;0.9323;0.9142;500.0;1665000.0;2639500.0;1463500.0;746000.0;545000.0;500.0;1730500.0;2159500.0;1157000.0;716000.0;710500.0;7059500.0;6474000.0;13533500.0;5768000.0;5047000.0;1.0;1.0393;0.8181;0.7906;0.9598;1.3037;0.9171;0.875
country;LB;LBN;Lebanon;500.0;405000.0;687500.0;335000.0;158500.0;139500.0;500.0;315000.0;510500.0;226000.0;113000.0;122000.0;1726000.0;1287000.0;3013000.0;1427500.0;1051500.0;1.0;0.7778;0.7425;0.6746;0.7129;0.8746;0.7457;0.7366;500.0;343500.0;618500.0;300500.0;135000.0;118500.0;500.0;221000.0;406000.0;175000.0;87000.0;93500.0;1516500.0;983000.0;2499500.0;1262500.0;802000.0;1.0;0.6434;0.6564;0.5824;0.6444;0.789;0.6482;0.6352;500.0;257500.0;383000.0;152500.0;67000.0;56000.0;500.0;229500.0;309500.0;111500.0;48500.0;46000.0;916500.0;745500.0;1662000.0;793000.0;650500.0;1.0;0.8913;0.8081;0.7311;0.7239;0.8214;0.8134;0.8203;2000.0;417500.0;674000.0;323000.0;147500.0;131500.0;2000.0;351500.0;525500.0;223500.0;113000.0;115500.0;1695500.0;1331000.0;3026500.0;1414500.0;1100500.0;1.0;0.8419;0.7797;0.692;0.7661;0.8783;0.785;0.778;1000.0;194000.0;384500.0;293500.0;135000.0;115500.0;1000.0;177500.0;333000.0;194500.0;93500.0;96500.0;1123500.0;896000.0;2019500.0;872000.0;705000.0;1.0;0.9149;0.8661;0.6627;0.6926;0.8355;0.7975;0.8085;500.0;267000.0;437000.0;219000.0;104000.0;94500.0;500.0;220000.0;335000.0;144000.0;73000.0;80500.0;1122000.0;853000.0;1975000.0;923000.0;699000.0;1.0;0.824;0.7666;0.6575;0.7019;0.8519;0.7602;0.7573;500.0;151500.0;241500.0;123000.0;60500.0;54500.0;500.0;119500.0;170500.0;74500.0;40500.0;41500.0;631500.0;447000.0;1078500.0;516000.0;364500.0;1.0;0.7888;0.706;0.6057;0.6694;0.7615;0.7078;0.7064;500.0;417000.0;712000.0;352000.0;167000.0;146000.0;500.0;330500.0;536000.0;236000.0;123000.0;130500.0;1794500.0;1356500.0;3151000.0;1481000.0;1102500.0;1.0;0.7926;0.7528;0.6705;0.7365;0.8938;0.7559;0.7444
country;LC;LCA;Saint Lucia;500.0;500.0;1500.0;500.0;500.0;500.0;500.0;2000.0;2500.0;500.0;500.0;500.0;4000.0;6500.0;10500.0;2500.0;5000.0;1.0;4.0;1.6667;1.0;1.0;1.0;1.625;2.0;500.0;500.0;500.0;500.0;500.0;500.0;500.0;1500.0;1500.0;500.0;500.0;500.0;3000.0;5000.0;8000.0;1500.0;3500.0;1.0;3.0;3.0;1.0;1.0;1.0;1.6667;2.3333;500.0;500.0;500.0;500.0;500.0;500.0;500.0;500.0;500.0;500.0;500.0;500.0;3000.0;3000.0;6000.0;1500.0;1500.0;1.0;1.0;1.0;1.0;1.0;1.0;1.0;1.0;2000.0;2000.0;3000.0;2000.0;2000.0;2000.0;2000.0;3000.0;3000.0;2000.0;2000.0;2000.0;13000.0;14000.0;27000.0;7000.0;8000.0;1.0;1.5;1.0;1.0;1.0;1.0;1.0769;1.1429;1000.0;1000.0;1000.0;1000.0;1000.0;1000.0;1000.0;1000.0;2000.0;1000.0;1000.0;1000.0;6000.0;7000.0;13000.0;3000.0;4000.0;1.0;1.0;2.0;1.0;1.0;1.0;1.1667;1.3333;500.0;500.0;1500.0;500.0;500.0;500.0;500.0;1500.0;1500.0;500.0;500.0;500.0;4000.0;5000.0;9000.0;2500.0;3500.0;1.0;3.0;1.0;1.0;1.0;1.0;1.25;1.4;500.0;500.0;500.0;500.0;500.0;500.0;500.0;500.0;500.0;500.0;500.0;500.0;3000.0;3000.0;6000.0;1500.0;1500.0;1.0;1.0;1.0;1.0;1.0;1.0;1.0;1.0;500.0;500.0;2000.0;500.0;500.0;500.0;500.0;3000.0;3000.0;500.0;500.0;500.0;4500.0;8000.0;12500.0;3000.0;6500.0;1.0;6.0;1.5;1.0;1.0;1.0;1.7778;2.1667
country;LI;LIE;Liechtenstein;500.0;500.0;500.0;500.0;500.0;500.0;500.0;500.0;500.0;500.0;500.0;500.0;3000.0;3000.0;6000.0;1500.0;1500.0;1.0;1.0;1.0;1.0;1.0;1.0;1.0;1.0;500.0;500.0;500.0;500.0;500.0;500.0;500.0;500.0;500.0;500.0;500.0;500.0;3000.0;3000.0;6000.0;1500.0;1500.0;1.0;1.0;1.0;1.0;1.0;1.0;1.0;1.0;500.0;500.0;500.0;500.0;500.0;500.0;500.0;500.0;500.0;500.0;500.0;500.0;3000.0;3000.0;6000.0;1500.0;1500.0;1.0;1.0;1.0;1.0;1.0;1.0;1.0;1.0;2000.0;2000.0;2000.0;2000.0;2000.0;2000.0;2000.0;2000.0;2000.0;2000.0;2000.0;2000.0;12000.0;12000.0;24000.0;6000.0;6000.0;1.0;1.0;1.0;1.0;1.0;1.0;1.0;1.0;1000.0;1000.0;1000.0;1000.0;1000.0;1000.0;1000.0;1000.0;1000.0;1000.0;1000.0;1000.0;6000.0;6000.0;12000.0;3000.0;3000.0;1.0;1.0;1.0;1.0;1.0;1.0;1.0;1.0;500.0;500.0;500.0;500.0;500.0;500.0;500.0;500.0;500.0;500.0;500.0;500.0;3000.0;3000.0;6000.0;1500.0;1500.0;1.0;1.0;1.0;1.0;1.0;1.0;1.0;1.0;500.0;500.0;500.0;500.0;500.0;500.0;500.0;500.0;500.0;500.0;500.0;500.0;3000.0;3000.0;6000.0;1500.0;1500.0;1.0;1.0;1.0;1.0;1.0;1.0;1.0;1.0;500.0;500.0;500.0;500.0;500.0;500.0;500.0;500.0;500.0;500.0;500.0;500.0;3000.0;3000.0;6000.0;1500.0;1500.0;1.0;1.0;1.0;1.0;1.0;1.0;1.0;1.0
country;LK;LKA;Sri Lanka;500.0;782500.0;906000.0;348000.0;118000.0;59500.0;500.0;443000.0;539500.0;192000.0;75000.0;47500.0;2214500.0;1297500.0;3512000.0;2036500.0;1174500.0;1.0;0.5661;0.5955;0.5517;0.6356;0.7983;0.5859;0.5767;500.0;781500.0;886000.0;324000.0;118500.0;51500.0;500.0;441500.0;536000.0;174000.0;72000.0;42000.0;2162000.0;1266000.0;3428000.0;1991500.0;1151500.0;1.0;0.5649;0.605;0.537;0.6076;0.8155;0.5856;0.5782;500.0;726000.0;645000.0;215000.0;85000.0;37500.0;500.0;421500.0;400500.0;118500.0;53500.0;33000.0;1709000.0;1027500.0;2736500.0;1586000.0;940500.0;1.0;0.5806;0.6209;0.5512;0.6294;0.88;0.6012;0.593;2000.0;502000.0;524500.0;203500.0;77500.0;46000.0;2000.0;333500.0;353500.0;109000.0;47500.0;32500.0;1355500.0;878000.0;2233500.0;1230000.0;796000.0;1.0;0.6643;0.674;0.5356;0.6129;0.7065;0.6477;0.6472;1000.0;159000.0;564000.0;212500.0;71500.0;14000.0;1000.0;111500.0;411500.0;134500.0;50000.0;10000.0;1022000.0;718500.0;1740500.0;935500.0;657500.0;1.0;0.7013;0.7296;0.6329;0.6993;0.7143;0.703;0.7028;500.0;842000.0;887500.0;351500.0;128500.0;65000.0;500.0;496000.0;559000.0;205000.0;84000.0;55000.0;2275000.0;1399500.0;3674500.0;2081000.0;1260000.0;1.0;0.5891;0.6299;0.5832;0.6537;0.8462;0.6152;0.6055;500.0;166000.0;170000.0;68000.0;26000.0;13000.0;500.0;81500.0;84000.0;36000.0;16000.0;9500.0;443500.0;227500.0;671000.0;404000.0;201500.0;1.0;0.491;0.4941;0.5294;0.6154;0.7308;0.513;0.4988;500.0;1072000.0;1176000.0;422500.0;146000.0;69500.0;500.0;637500.0;779500.0;262500.0;102000.0;63500.0;2886500.0;1845500.0;4732000.0;2670500.0;1679500.0;1.0;0.5947;0.6628;0.6213;0.6986;0.9137;0.6394;0.6289
country;LT;LTU;Lithuania;500.0;46000.0;95000.0;48500.0;24000.0;20500.0;500.0;86000.0;132500.0;61500.0;33500.0;35000.0;234500.0;349000.0;583500.0;189500.0;280000.0;1.0;1.8696;1.3947;1.268;1.3958;1.7073;1.4883;1.4776;500.0;44000.0;95000.0;49500.0;25500.0;21000.0;500.0;81500.0;130500.0;63500.0;37000.0;37500.0;235500.0;350500.0;586000.0;188500.0;275500.0;1.0;1.8523;1.3737;1.2828;1.451;1.7857;1.4883;1.4615;500.0;44000.0;89500.0;44000.0;22500.0;18000.0;500.0;82000.0;126000.0;58500.0;34000.0;32500.0;218500.0;333500.0;552000.0;177500.0;266500.0;1.0;1.8636;1.4078;1.3295;1.5111;1.8056;1.5263;1.5014;2000.0;70000.0;146500.0;76000.0;41000.0;34000.0;2000.0;145500.0;232500.0;102500.0;59500.0;61000.0;369500.0;603000.0;972500.0;292500.0;480500.0;1.0;2.0786;1.587;1.3487;1.4512;1.7941;1.6319;1.6427;1000.0;18500.0;37000.0;18000.0;7500.0;5000.0;1000.0;36500.0;71000.0;34500.0;12000.0;10000.0;87000.0;165000.0;252000.0;73500.0;142000.0;1.0;1.973;1.9189;1.9167;1.6;2.0;1.8966;1.932;500.0;41500.0;90500.0;47500.0;25000.0;21500.0;500.0;76000.0;123000.0;59500.0;36000.0;39000.0;226500.0;334000.0;560500.0;179500.0;258500.0;1.0;1.8313;1.3591;1.2526;1.44;1.814;1.4746;1.4401;500.0;29500.0;69500.0;36500.0;19500.0;14000.0;500.0;55000.0;92000.0;43000.0;26500.0;25000.0;169500.0;242000.0;411500.0;135500.0;190000.0;1.0;1.8644;1.3237;1.1781;1.359;1.7857;1.4277;1.4022;500.0;46000.0;96000.0;50500.0;26500.0;23000.0;500.0;86000.0;136000.0;66000.0;39500.0;42000.0;242500.0;370000.0;612500.0;192500.0;288000.0;1.0;1.8696;1.4167;1.3069;1.4906;1.8261;1.5258;1.4961
country;LU;LUX;Luxembourg;500.0;8000.0;16000.0;8500.0;5500.0;3000.0;500.0;11500.0;20500.0;11000.0;7500.0;4500.0;41500.0;55500.0;97000.0;32500.0;43000.0;1.0;1.4375;1.2812;1.2941;1.3636;1.5;1.3373;1.3231;500.0;4000.0;7000.0;4000.0;2500.0;1500.0;500.0;5000.0;7500.0;3500.0;2500.0;1500.0;19500.0;20500.0;40000.0;15000.0;16000.0;1.0;1.25;1.0714;0.875;1.0;1.0;1.0513;1.0667;500.0;3000.0;5000.0;2000.0;1500.0;500.0;500.0;5000.0;6000.0;2500.0;1500.0;1500.0;12500.0;17000.0;29500.0;10000.0;13500.0;1.0;1.6667;1.2;1.25;1.0;3.0;1.36;1.35;2000.0;9500.0;16000.0;8500.0;5500.0;3500.0;2000.0;14000.0;22000.0;10500.0;8500.0;5000.0;45000.0;62000.0;107000.0;34000.0;46500.0;1.0;1.4737;1.375;1.2353;1.5455;1.4286;1.3778;1.3676;1000.0;1000.0;2000.0;1000.0;1000.0;1000.0;1000.0;2500.0;4500.0;2000.0;1000.0;1000.0;7000.0;12000.0;19000.0;4000.0;9000.0;1.0;2.5;2.25;2.0;1.0;1.0;1.7143;2.25;500.0;5000.0;9500.0;5000.0;3500.0;2000.0;500.0;8000.0;13000.0;7000.0;5000.0;3000.0;25500.0;36500.0;62000.0;19500.0;28000.0;1.0;1.6;1.3684;1.4;1.4286;1.5;1.4314;1.4359;500.0;4000.0;7500.0;3000.0;2000.0;1500.0;500.0;7500.0;10500.0;5000.0;3000.0;2000.0;18500.0;28500.0;47000.0;14500.0;23000.0;1.0;1.875;1.4;1.6667;1.5;1.3333;1.5405;1.5862;500.0;7500.0;14000.0;7000.0;4000.0;2500.0;500.0;11500.0;19500.0;9500.0;6000.0;4000.0;35500.0;51000.0;86500.0;28500.0;40500.0;1.0;1.5333;1.3929;1.3571;1.5;1.6;1.4366;1.4211
country;LV;LVA;Latvia;500.0;34000.0;57500.0;45000.0;29500.0;26500.0;500.0;56500.0;80500.0;61500.0;47000.0;58500.0;193000.0;304500.0;497500.0;136500.0;198500.0;1.0;1.6618;1.4;1.3667;1.5932;2.2075;1.5777;1.4542;500.0;32500.0;56000.0;44000.0;29500.0;27500.0;500.0;53000.0;78000.0;60500.0;47000.0;61000.0;190000.0;300000.0;490000.0;132500.0;191500.0;1.0;1.6308;1.3929;1.375;1.5932;2.2182;1.5789;1.4453;500.0;32500.0;51500.0;36000.0;23000.0;19500.0;500.0;52500.0;70500.0;48500.0;36000.0;43000.0;163000.0;251000.0;414000.0;120000.0;171500.0;1.0;1.6154;1.3689;1.3472;1.5652;2.2051;1.5399;1.4292;2000.0;54500.0;97500.0;75500.0;52500.0;43000.0;2000.0;99000.0;145500.0;106500.0;83000.0;94500.0;325000.0;530500.0;855500.0;227500.0;351000.0;1.0;1.8165;1.4923;1.4106;1.581;2.1977;1.6323;1.5429;1000.0;6500.0;14500.0;10500.0;5500.0;4500.0;1000.0;16000.0;30000.0;20000.0;10500.0;10500.0;42500.0;88000.0;130500.0;31500.0;66000.0;1.0;2.4615;2.069;1.9048;1.9091;2.3333;2.0706;2.0952;500.0;32000.0;55000.0;43500.0;29500.0;26500.0;500.0;52000.0;76000.0;59500.0;46000.0;58500.0;187000.0;292500.0;479500.0;130500.0;187500.0;1.0;1.625;1.3818;1.3678;1.5593;2.2075;1.5642;1.4368;500.0;25000.0;49500.0;38500.0;26000.0;20500.0;500.0;43000.0;67500.0;51500.0;39500.0;45500.0;160000.0;247500.0;407500.0;113000.0;162000.0;1.0;1.72;1.3636;1.3377;1.5192;2.2195;1.5469;1.4336;500.0;34000.0;57000.0;44500.0;30500.0;28500.0;500.0;56500.0;80500.0;62000.0;48000.0;63000.0;195000.0;310500.0;505500.0;135500.0;199000.0;1.0;1.6618;1.4123;1.3933;1.5738;2.2105;1.5923;1.4686
country;LY;LBY;Libya;500.0;173000.0;250500.0;94000.0;35000.0;29500.0;500.0;81500.0;107500.0;46000.0;18000.0;13500.0;582500.0;267000.0;849500.0;517500.0;235000.0;1.0;0.4711;0.4291;0.4894;0.5143;0.4576;0.4584;0.4541;500.0;81000.0;115000.0;43000.0;15000.0;12000.0;500.0;28500.0;39500.0;18500.0;8000.0;6000.0;266500.0;101000.0;367500.0;239000.0;86500.0;1.0;0.3519;0.3435;0.4302;0.5333;0.5;0.379;0.3619;500.0;42500.0;56000.0;16500.0;6000.0;6000.0;500.0;23000.0;33500.0;12500.0;3500.0;2000.0;127500.0;75000.0;202500.0;115000.0;69000.0;1.0;0.5412;0.5982;0.7576;0.5833;0.3333;0.5882;0.6;2000.0;40000.0;58500.0;24000.0;6500.0;4000.0;2000.0;20000.0;34500.0;15000.0;4000.0;3000.0;135000.0;78500.0;213500.0;122500.0;69500.0;1.0;0.5;0.5897;0.625;0.6154;0.75;0.5815;0.5673;1000.0;180000.0;262000.0;87500.0;32000.0;24500.0;1000.0;153500.0;197500.0;73000.0;23500.0;16500.0;587000.0;465000.0;1052000.0;529500.0;424000.0;1.0;0.8528;0.7538;0.8343;0.7344;0.6735;0.7922;0.8008;500.0;148500.0;207000.0;77500.0;27500.0;25000.0;500.0;86000.0;104000.0;43000.0;16000.0;13000.0;486000.0;262500.0;748500.0;433000.0;233000.0;1.0;0.5791;0.5024;0.5548;0.5818;0.52;0.5401;0.5381;500.0;18500.0;25000.0;8500.0;3000.0;2500.0;500.0;7500.0;9000.0;3000.0;1500.0;500.0;58000.0;22000.0;80000.0;52000.0;19500.0;1.0;0.4054;0.36;0.3529;0.5;0.2;0.3793;0.375;500.0;190500.0;256000.0;96000.0;34000.0;28500.0;500.0;157000.0;186000.0;72000.0;25000.0;16500.0;605500.0;457000.0;1062500.0;542500.0;415000.0;1.0;0.8241;0.7266;0.75;0.7353;0.5789;0.7547;0.765
country;MA;MAR;Morocco;500.0;1137000.0;2097000.0;1115000.0;480500.0;390500.0;500.0;1159500.0;1786000.0;855500.0;405000.0;412000.0;5220500.0;4618500.0;9839000.0;4349000.0;3801000.0;1.0;1.0198;0.8517;0.7673;0.8429;1.0551;0.8847;0.874;500.0;922500.0;1812500.0;946000.0;404000.0;314000.0;500.0;1017500.0;1632500.0;759500.0;353000.0;324000.0;4399500.0;4087000.0;8486500.0;3681000.0;3409500.0;1.0;1.103;0.9007;0.8029;0.8738;1.0318;0.929;0.9262;500.0;885000.0;1157000.0;479000.0;253500.0;206000.0;500.0;1058500.0;1278000.0;484000.0;238500.0;236000.0;2981000.0;3295500.0;6276500.0;2521000.0;2820500.0;1.0;1.196;1.1046;1.0104;0.9408;1.1456;1.1055;1.1188;2000.0;826500.0;1386500.0;717500.0;368000.0;300000.0;2000.0;1240500.0;1694500.0;720500.0;354500.0;338000.0;3600500.0;4350000.0;7950500.0;2930500.0;3655500.0;1.0;1.5009;1.2221;1.0042;0.9633;1.1267;1.2082;1.2474;1000.0;416500.0;1089000.0;528500.0;160000.0;116500.0;1000.0;593500.0;1121000.0;455500.0;131500.0;124000.0;2311500.0;2426500.0;4738000.0;2034000.0;2170000.0;1.0;1.425;1.0294;0.8619;0.8219;1.0644;1.0498;1.0669;500.0;1027500.0;1874000.0;998500.0;438000.0;350500.0;500.0;1078500.0;1631500.0;763000.0;362000.0;368500.0;4689000.0;4204000.0;8893000.0;3900000.0;3473000.0;1.0;1.0496;0.8706;0.7641;0.8265;1.0514;0.8966;0.8905;500.0;202500.0;412500.0;245000.0;125000.0;96000.0;500.0;226000.0;307000.0;154000.0;86000.0;93000.0;1081500.0;866500.0;1948000.0;860000.0;687000.0;1.0;1.116;0.7442;0.6286;0.688;0.9688;0.8012;0.7988;500.0;1268500.0;2377000.0;1190500.0;512500.0;405000.0;500.0;1333500.0;2049500.0;967000.0;458500.0;451500.0;5754000.0;5260500.0;11014500.0;4836000.0;4350000.0;1.0;1.0512;0.8622;0.8123;0.8946;1.1148;0.9142;0.8995
country;MC;MCO;Monaco;500.0;500.0;1500.0;500.0;500.0;500.0;500.0;1500.0;1500.0;500.0;500.0;500.0;4000.0;5000.0;9000.0;2500.0;3500.0;1.0;3.0;1.0;1.0;1.0;1.0;1.25;1.4;500.0;500.0;1500.0;500.0;500.0;500.0;500.0;1500.0;1500.0;500.0;500.0;500.0;4000.0;5000.0;9000.0;2500.0;3500.0;1.0;3.0;1.0;1.0;1.0;1.0;1.25;1.4;500.0;500.0;1500.0;500.0;500.0;500.0;500.0;1500.0;500.0;500.0;500.0;500.0;4000.0;4000.0;8000.0;2500.0;2500.0;1.0;3.0;0.3333;1.0;1.0;1.0;1.0;1.0;2000.0;2000.0;2000.0;2000.0;2000.0;2000.0;2000.0;3000.0;2000.0;2000.0;2000.0;2000.0;12000.0;13000.0;25000.0;6000.0;7000.0;1.0;1.5;1.0;1.0;1.0;1.0;1.0833;1.1667;1000.0;1000.0;1000.0;1000.0;1000.0;1000.0;1000.0;1000.0;1000.0;1000.0;1000.0;1000.0;6000.0;6000.0;12000.0;3000.0;3000.0;1.0;1.0;1.0;1.0;1.0;1.0;1.0;1.0;500.0;500.0;1500.0;500.0;500.0;500.0;500.0;1500.0;1500.0;500.0;500.0;500.0;4000.0;5000.0;9000.0;2500.0;3500.0;1.0;3.0;1.0;1.0;1.0;1.0;1.25;1.4;500.0;500.0;500.0;500.0;500.0;500.0;500.0;500.0;500.0;500.0;500.0;500.0;3000.0;3000.0;6000.0;1500.0;1500.0;1.0;1.0;1.0;1.0;1.0;1.0;1.0;1.0;500.0;500.0;1500.0;500.0;500.0;500.0;500.0;1500.0;1500.0;500.0;500.0;500.0;4000.0;5000.0;9000.0;2500.0;3500.0;1.0;3.0;1.0;1.0;1.0;1.0;1.25;1.4
country;MD;MDA;Moldova (Republic of);500.0;49500.0;58500.0;23000.0;10500.0;6000.0;500.0;71500.0;57000.0;17500.0;9500.0;8500.0;148000.0;164500.0;312500.0;131000.0;146000.0;1.0;1.4444;0.9744;0.7609;0.9048;1.4167;1.1115;1.1145;500.0;39500.0;47000.0;16000.0;7500.0;4000.0;500.0;53000.0;42000.0;12000.0;6000.0;5000.0;114500.0;118500.0;233000.0;102500.0;107000.0;1.0;1.3418;0.8936;0.75;0.8;1.25;1.0349;1.0439;500.0;34000.0;34000.0;10000.0;5000.0;2500.0;500.0;51500.0;36000.0;8500.0;5000.0;4000.0;86000.0;105500.0;191500.0;78000.0;96000.0;1.0;1.5147;1.0588;0.85;1.0;1.6;1.2267;1.2308;2000.0;57500.0;65000.0;17500.0;7000.0;5500.0;2000.0;87500.0;68000.0;16500.0;7000.0;8000.0;154500.0;189000.0;343500.0;140000.0;172000.0;1.0;1.5217;1.0462;0.9429;1.0;1.4545;1.2233;1.2286;1000.0;18000.0;23000.0;6500.0;2500.0;1000.0;1000.0;31000.0;31000.0;9000.0;3000.0;3000.0;52000.0;78000.0;130000.0;47500.0;71000.0;1.0;1.7222;1.3478;1.3846;1.2;3.0;1.5;1.4947;500.0;37500.0;45000.0;15000.0;7000.0;4000.0;500.0;52500.0;43000.0;12000.0;6000.0;5000.0;109000.0;119000.0;228000.0;97500.0;107500.0;1.0;1.4;0.9556;0.8;0.8571;1.25;1.0917;1.1026;500.0;26000.0;29000.0;7500.0;3000.0;2000.0;500.0;40500.0;29000.0;6000.0;3000.0;3500.0;68000.0;82500.0;150500.0;62500.0;75500.0;1.0;1.5577;1.0;0.8;1.0;1.75;1.2132;1.208;500.0;67000.0;79500.0;30500.0;15000.0;8500.0;500.0;99500.0;88000.0;29500.0;14000.0;12500.0;201000.0;244000.0;445000.0;177000.0;217000.0;1.0;1.4851;1.1069;0.9672;0.9333;1.4706;1.2139;1.226
country;ME;MNE;Montenegro;500.0;6000.0;9500.0;4000.0;2000.0;1500.0;500.0;5500.0;9500.0;2500.0;1500.0;1500.0;23500.0;21000.0;44500.0;19500.0;17500.0;1.0;0.9167;1.0;0.625;0.75;1.0;0.8936;0.8974;500.0;4000.0;7500.0;3000.0;1500.0;500.0;500.0;3500.0;6000.0;1500.0;1500.0;1500.0;17000.0;14500.0;31500.0;14500.0;11000.0;1.0;0.875;0.8;0.5;1.0;3.0;0.8529;0.7586;500.0;2500.0;4000.0;1500.0;500.0;500.0;500.0;3000.0;4000.0;500.0;500.0;500.0;9500.0;9000.0;18500.0;8000.0;7500.0;1.0;1.2;1.0;0.3333;1.0;1.0;0.9474;0.9375;2000.0;5000.0;7500.0;3000.0;2000.0;2000.0;2000.0;5500.0;7500.0;3000.0;2000.0;3000.0;21500.0;23000.0;44500.0;15500.0;16000.0;1.0;1.1;1.0;1.0;1.0;1.5;1.0698;1.0323;1000.0;1000.0;3000.0;1000.0;1000.0;1000.0;1000.0;2000.0;4500.0;2000.0;1000.0;1000.0;8000.0;11500.0;19500.0;5000.0;8500.0;1.0;2.0;1.5;2.0;1.0;1.0;1.4375;1.7;500.0;3000.0;5000.0;2500.0;500.0;500.0;500.0;3500.0;5000.0;1500.0;500.0;500.0;12000.0;11500.0;23500.0;10500.0;10000.0;1.0;1.1667;1.0;0.6;1.0;1.0;0.9583;0.9524;500.0;1500.0;3000.0;500.0;500.0;500.0;500.0;1500.0;3000.0;500.0;500.0;500.0;6500.0;6500.0;13000.0;5000.0;5000.0;1.0;1.0;1.0;1.0;1.0;1.0;1.0;1.0;500.0;8500.0;14000.0;6000.0;3000.0;1500.0;500.0;10500.0;16500.0;4000.0;2000.0;2000.0;33500.0;35500.0;69000.0;28500.0;31000.0;1.0;1.2353;1.1786;0.6667;0.6667;1.3333;1.0597;1.0877
country;MF;MAF;Saint Martin (France);500.0;500.0;500.0;500.0;500.0;500.0;500.0;500.0;500.0;500.0;500.0;500.0;3000.0;3000.0;6000.0;1500.0;1500.0;1.0;1.0;1.0;1.0;1.0;1.0;1.0;1.0;500.0;500.0;500.0;500.0;500.0;500.0;500.0;500.0;500.0;500.0;500.0;500.0;3000.0;3000.0;6000.0;1500.0;1500.0;1.0;1.0;1.0;1.0;1.0;1.0;1.0;1.0;500.0;500.0;500.0;500.0;500.0;500.0;500.0;500.0;500.0;500.0;500.0;500.0;3000.0;3000.0;6000.0;1500.0;1500.0;1.0;1.0;1.0;1.0;1.0;1.0;1.0;1.0;2000.0;2000.0;2000.0;2000.0;2000.0;2000.0;2000.0;2000.0;2000.0;2000.0;2000.0;2000.0;12000.0;12000.0;24000.0;6000.0;6000.0;1.0;1.0;1.0;1.0;1.0;1.0;1.0;1.0;1000.0;1000.0;1000.0;1000.0;1000.0;1000.0;1000.0;1000.0;1000.0;1000.0;1000.0;1000.0;6000.0;6000.0;12000.0;3000.0;3000.0;1.0;1.0;1.0;1.0;1.0;1.0;1.0;1.0;500.0;500.0;500.0;500.0;500.0;500.0;500.0;500.0;500.0;500.0;500.0;500.0;3000.0;3000.0;6000.0;1500.0;1500.0;1.0;1.0;1.0;1.0;1.0;1.0;1.0;1.0;500.0;500.0;500.0;500.0;500.0;500.0;500.0;500.0;500.0;500.0;500.0;500.0;3000.0;3000.0;6000.0;1500.0;1500.0;1.0;1.0;1.0;1.0;1.0;1.0;1.0;1.0;500.0;500.0;500.0;500.0;500.0;500.0;500.0;500.0;500.0;500.0;500.0;500.0;3000.0;3000.0;6000.0;1500.0;1500.0;1.0;1.0;1.0;1.0;1.0;1.0;1.0;1.0
country;MK;MKD;Macedonia (the former Yugoslav Republic of);500.0;25000.0;35000.0;15000.0;6000.0;6000.0;500.0;20500.0;27500.0;8500.0;4000.0;5000.0;87500.0;66000.0;153500.0;75000.0;56500.0;1.0;0.82;0.7857;0.5667;0.6667;0.8333;0.7543;0.7533;500.0;11500.0;16500.0;7000.0;4000.0;2000.0;500.0;10500.0;13000.0;3000.0;1500.0;1500.0;41500.0;30000.0;71500.0;35000.0;26500.0;1.0;0.913;0.7879;0.4286;0.375;0.75;0.7229;0.7571;500.0;5000.0;6500.0;2000.0;1500.0;500.0;500.0;5000.0;6000.0;500.0;500.0;500.0;16000.0;13000.0;29000.0;13500.0;11500.0;1.0;1.0;0.9231;0.25;0.3333;1.0;0.8125;0.8519;2000.0;15000.0;20000.0;9000.0;4500.0;5000.0;2000.0;12500.0;18500.0;6500.0;4500.0;4500.0;55500.0;48500.0;104000.0;44000.0;37500.0;1.0;0.8333;0.925;0.7222;1.0;0.9;0.8739;0.8523;1000.0;3500.0;7500.0;3500.0;1000.0;1000.0;1000.0;5500.0;12000.0;3500.0;1000.0;1000.0;17500.0;24000.0;41500.0;14500.0;21000.0;1.0;1.5714;1.6;1.0;1.0;1.0;1.3714;1.4483;500.0;28000.0;41500.0;21500.0;9000.0;8500.0;500.0;27500.0;37000.0;12000.0;6000.0;6500.0;109000.0;89500.0;198500.0;91000.0;76500.0;1.0;0.9821;0.8916;0.5581;0.6667;0.7647;0.8211;0.8407;500.0;4000.0;7500.0;2500.0;1500.0;500.0;500.0;4000.0;5000.0;1500.0;1500.0;500.0;16500.0;13000.0;29500.0;14000.0;10500.0;1.0;1.0;0.6667;0.6;1.0;1.0;0.7879;0.75;500.0;29500.0;43500.0;19500.0;9000.0;7500.0;500.0;36000.0;45000.0;14000.0;6500.0;6000.0;109500.0;108000.0;217500.0;92500.0;95000.0;1.0;1.2203;1.0345;0.7179;0.7222;0.8;0.9863;1.027
country;MM;MMR;Myanmar;500.0;735000.0;1005000.0;315000.0;114500.0;138500.0;500.0;588500.0;687000.0;202000.0;71500.0;86000.0;2308500.0;1635500.0;3944000.0;2055000.0;1477500.0;1.0;0.8007;0.6836;0.6413;0.6245;0.6209;0.7085;0.719;500.0;293000.0;345000.0;106000.0;38500.0;53500.0;500.0;165500.0;201500.0;60500.0;22500.0;28000.0;836500.0;478500.0;1315000.0;744000.0;427500.0;1.0;0.5648;0.5841;0.5708;0.5844;0.5234;0.572;0.5746;500.0;616000.0;624000.0;200500.0;80500.0;106500.0;500.0;544000.0;494000.0;155000.0;58500.0;70500.0;1628000.0;1322500.0;2950500.0;1440500.0;1193000.0;1.0;0.8831;0.7917;0.7731;0.7267;0.662;0.8123;0.8282;2000.0;420500.0;588500.0;205500.0;80000.0;108500.0;2000.0;305500.0;417000.0;146500.0;58500.0;68000.0;1405000.0;997500.0;2402500.0;1214500.0;869000.0;1.0;0.7265;0.7086;0.7129;0.7312;0.6267;0.71;0.7155;1000.0;310000.0;413000.0;134500.0;42500.0;61000.0;1000.0;387500.0;504000.0;145500.0;41000.0;56500.0;962000.0;1135500.0;2097500.0;857500.0;1037000.0;1.0;1.25;1.2203;1.0818;0.9647;0.9262;1.1804;1.2093;500.0;404000.0;516000.0;168000.0;60500.0;82500.0;500.0;298500.0;316500.0;93000.0;34000.0;47500.0;1231500.0;790000.0;2021500.0;1088000.0;708000.0;1.0;0.7389;0.6134;0.5536;0.562;0.5758;0.6415;0.6507;500.0;206000.0;271500.0;85500.0;32500.0;48500.0;500.0;160500.0;190500.0;53500.0;21000.0;29500.0;644500.0;455500.0;1100000.0;563000.0;404500.0;1.0;0.7791;0.7017;0.6257;0.6462;0.6082;0.7067;0.7185;500.0;1139000.0;1388000.0;428500.0;147000.0;197500.0;500.0;875000.0;1046500.0;319500.0;116000.0;139000.0;3300500.0;2496500.0;5797000.0;2955500.0;2241000.0;1.0;0.7682;0.754;0.7456;0.7891;0.7038;0.7564;0.7582
country;MO;MAC;Macao;500.0;1500.0;3000.0;1500.0;500.0;500.0;500.0;2000.0;5000.0;3000.0;500.0;500.0;7500.0;11500.0;19000.0;6000.0;10000.0;1.0;1.3333;1.6667;2.0;1.0;1.0;1.5333;1.6667;500.0;500.0;2500.0;1500.0;500.0;500.0;500.0;1500.0;3000.0;1500.0;500.0;500.0;6000.0;7500.0;13500.0;4500.0;6000.0;1.0;3.0;1.2;1.0;1.0;1.0;1.25;1.3333;500.0;500.0;1500.0;500.0;500.0;500.0;500.0;500.0;2000.0;500.0;500.0;500.0;4000.0;4500.0;8500.0;2500.0;3000.0;1.0;1.0;1.3333;1.0;1.0;1.0;1.125;1.2;2000.0;2000.0;3000.0;2000.0;2000.0;2000.0;2000.0;2000.0;3000.0;3000.0;2000.0;2000.0;13000.0;14000.0;27000.0;7000.0;8000.0;1.0;1.0;1.0;1.5;1.0;1.0;1.0769;1.1429;1000.0;1000.0;2500.0;1000.0;1000.0;1000.0;1000.0;1000.0;4000.0;3000.0;1000.0;1000.0;7500.0;11000.0;18500.0;4500.0;8000.0;1.0;1.0;1.6;3.0;1.0;1.0;1.4667;1.7778;500.0;500.0;2500.0;1500.0;500.0;500.0;500.0;500.0;2500.0;1500.0;500.0;500.0;6000.0;6000.0;12000.0;4500.0;4500.0;1.0;1.0;1.0;1.0;1.0;1.0;1.0;1.0;500.0;500.0;1500.0;500.0;500.0;500.0;500.0;500.0;1500.0;1500.0;500.0;500.0;4000.0;5000.0;9000.0;2500.0;3500.0;1.0;1.0;1.0;3.0;1.0;1.0;1.25;1.4;500.0;1500.0;4000.0;2500.0;500.0;500.0;500.0;2000.0;7000.0;4000.0;1500.0;500.0;9500.0;15500.0;25000.0;8000.0;13000.0;1.0;1.3333;1.75;1.6;3.0;1.0;1.6316;1.625
country;MQ;MTQ;Martinique;500.0;1500.0;2000.0;500.0;500.0;500.0;500.0;3500.0;4000.0;1500.0;500.0;500.0;5500.0;10500.0;16000.0;4000.0;9000.0;1.0;2.3333;2.0;3.0;1.0;1.0;1.9091;2.25;500.0;1500.0;1500.0;500.0;500.0;500.0;500.0;2000.0;2500.0;500.0;500.0;500.0;5000.0;6500.0;11500.0;3500.0;5000.0;1.0;1.3333;1.6667;1.0;1.0;1.0;1.3;1.4286;500.0;1500.0;1500.0;500.0;500.0;500.0;500.0;2000.0;2000.0;500.0;500.0;500.0;5000.0;6000.0;11000.0;3500.0;4500.0;1.0;1.3333;1.3333;1.0;1.0;1.0;1.2;1.2857;2000.0;3000.0;3000.0;2000.0;2000.0;2000.0;2000.0;4500.0;4500.0;2000.0;2000.0;2000.0;14000.0;17000.0;31000.0;8000.0;11000.0;1.0;1.5;1.5;1.0;1.0;1.0;1.2143;1.375;1000.0;1000.0;1000.0;1000.0;1000.0;1000.0;1000.0;2000.0;2500.0;1000.0;1000.0;1000.0;6000.0;8500.0;14500.0;3000.0;5500.0;1.0;2.0;2.5;1.0;1.0;1.0;1.4167;1.8333;500.0;1500.0;1500.0;500.0;500.0;500.0;500.0;2000.0;2500.0;500.0;500.0;500.0;5000.0;6500.0;11500.0;3500.0;5000.0;1.0;1.3333;1.6667;1.0;1.0;1.0;1.3;1.4286;500.0;500.0;500.0;500.0;500.0;500.0;500.0;1500.0;2000.0;500.0;500.0;500.0;3000.0;5500.0;8500.0;1500.0;4000.0;1.0;3.0;4.0;1.0;1.0;1.0;1.8333;2.6667;500.0;2000.0;2500.0;500.0;500.0;500.0;500.0;6000.0;6000.0;2500.0;1500.0;500.0;6500.0;17000.0;23500.0;5000.0;14500.0;1.0;3.0;2.4;5.0;3.0;1.0;2.6154;2.9
country;MR;MRT;Mauritania;500.0;71500.0;81000.0;22500.0;7000.0;7000.0;500.0;31500.0;37500.0;9500.0;4000.0;2500.0;189500.0;85500.0;275000.0;175000.0;78500.0;1.0;0.4406;0.463;0.4222;0.5714;0.3571;0.4512;0.4486;500.0;16000.0;17500.0;5000.0;1500.0;2000.0;500.0;6500.0;8000.0;2000.0;500.0;500.0;42500.0;18000.0;60500.0;38500.0;16500.0;1.0;0.4062;0.4571;0.4;0.3333;0.25;0.4235;0.4286;500.0;21000.0;22500.0;4000.0;1500.0;1500.0;500.0;9500.0;8500.0;1500.0;500.0;500.0;51000.0;21000.0;72000.0;47500.0;19500.0;1.0;0.4524;0.3778;0.375;0.3333;0.3333;0.4118;0.4105;2000.0;13000.0;15500.0;4500.0;3000.0;3000.0;2000.0;6500.0;9500.0;3000.0;2000.0;2000.0;41000.0;25000.0;66000.0;33000.0;19000.0;1.0;0.5;0.6129;0.6667;0.6667;0.6667;0.6098;0.5758;1000.0;21000.0;25500.0;8000.0;3500.0;2000.0;1000.0;13500.0;18500.0;5500.0;2000.0;2000.0;61000.0;42500.0;103500.0;54500.0;37500.0;1.0;0.6429;0.7255;0.6875;0.5714;1.0;0.6967;0.6881;500.0;34000.0;31500.0;7500.0;2500.0;3000.0;500.0;14000.0;14000.0;3000.0;1500.0;500.0;79000.0;33500.0;112500.0;73000.0;31000.0;1.0;0.4118;0.4444;0.4;0.6;0.1667;0.4241;0.4247;500.0;3000.0;5000.0;500.0;500.0;500.0;500.0;1500.0;2500.0;500.0;500.0;500.0;10000.0;6000.0;16000.0;8500.0;4500.0;1.0;0.5;0.5;1.0;1.0;1.0;0.6;0.5294;500.0;88500.0;90500.0;23000.0;7500.0;6500.0;500.0;48500.0;50500.0;12000.0;4000.0;3500.0;216500.0;119000.0;335500.0;202000.0;111000.0;1.0;0.548;0.558;0.5217;0.5333;0.5385;0.5497;0.5495
country;MS;MSR;Montserrat;500.0;500.0;500.0;500.0;500.0;500.0;500.0;500.0;500.0;500.0;500.0;500.0;3000.0;3000.0;6000.0;1500.0;1500.0;1.0;1.0;1.0;1.0;1.0;1.0;1.0;1.0;500.0;500.0;500.0;500.0;500.0;500.0;500.0;500.0;500.0;500.0;500.0;500.0;3000.0;3000.0;6000.0;1500.0;1500.0;1.0;1.0;1.0;1.0;1.0;1.0;1.0;1.0;500.0;500.0;500.0;500.0;500.0;500.0;500.0;500.0;500.0;500.0;500.0;500.0;3000.0;3000.0;6000.0;1500.0;1500.0;1.0;1.0;1.0;1.0;1.0;1.0;1.0;1.0;2000.0;2000.0;2000.0;2000.0;2000.0;2000.0;2000.0;2000.0;2000.0;2000.0;2000.0;2000.0;12000.0;12000.0;24000.0;6000.0;6000.0;1.0;1.0;1.0;1.0;1.0;1.0;1.0;1.0;1000.0;1000.0;1000.0;1000.0;1000.0;1000.0;1000.0;1000.0;1000.0;1000.0;1000.0;1000.0;6000.0;6000.0;12000.0;3000.0;3000.0;1.0;1.0;1.0;1.0;1.0;1.0;1.0;1.0;500.0;500.0;500.0;500.0;500.0;500.0;500.0;500.0;500.0;500.0;500.0;500.0;3000.0;3000.0;6000.0;1500.0;1500.0;1.0;1.0;1.0;1.0;1.0;1.0;1.0;1.0;500.0;500.0;500.0;500.0;500.0;500.0;500.0;500.0;500.0;500.0;500.0;500.0;3000.0;3000.0;6000.0;1500.0;1500.0;1.0;1.0;1.0;1.0;1.0;1.0;1.0;1.0;500.0;500.0;500.0;500.0;500.0;500.0;500.0;500.0;500.0;500.0;500.0;500.0;3000.0;3000.0;6000.0;1500.0;1500.0;1.0;1.0;1.0;1.0;1.0;1.0;1.0;1.0
country;MT;MLT;Malta;500.0;3000.0;6000.0;3000.0;2000.0;1500.0;500.0;5000.0;8500.0;3500.0;2500.0;1500.0;16000.0;21500.0;37500.0;12000.0;17000.0;1.0;1.6667;1.4167;1.1667;1.25;1.0;1.3438;1.4167;500.0;2500.0;5000.0;2000.0;1500.0;500.0;500.0;4000.0;5000.0;2000.0;1500.0;1500.0;12000.0;14500.0;26500.0;9500.0;11000.0;1.0;1.6;1.0;1.0;1.0;3.0;1.2083;1.1579;500.0;2000.0;3000.0;1500.0;500.0;500.0;500.0;3500.0;4000.0;1500.0;500.0;500.0;8000.0;10500.0;18500.0;6500.0;9000.0;1.0;1.75;1.3333;1.0;1.0;1.0;1.3125;1.3846;2000.0;4500.0;7000.0;3000.0;3000.0;2000.0;2000.0;7500.0;10000.0;4000.0;3000.0;2000.0;21500.0;28500.0;50000.0;14500.0;21500.0;1.0;1.6667;1.4286;1.3333;1.0;1.0;1.3256;1.4828;1000.0;1000.0;2000.0;1000.0;1000.0;1000.0;1000.0;2500.0;4000.0;2000.0;1000.0;1000.0;7000.0;11500.0;18500.0;4000.0;8500.0;1.0;2.5;2.0;2.0;1.0;1.0;1.6429;2.125;500.0;2500.0;5000.0;2000.0;1500.0;500.0;500.0;4000.0;6500.0;2500.0;2000.0;1500.0;12000.0;17000.0;29000.0;9500.0;13000.0;1.0;1.6;1.3;1.25;1.3333;3.0;1.4167;1.3684;500.0;2000.0;3000.0;1500.0;500.0;500.0;500.0;3000.0;4500.0;1500.0;1500.0;500.0;8000.0;11500.0;19500.0;6500.0;9000.0;1.0;1.5;1.5;1.0;3.0;1.0;1.4375;1.3846;500.0;4000.0;7000.0;3000.0;2000.0;1500.0;500.0;7000.0;11500.0;5000.0;3500.0;1500.0;18000.0;29000.0;47000.0;14000.0;23500.0;1.0;1.75;1.6429;1.6667;1.75;1.0;1.6111;1.6786
country;MX;MEX;Mexico;500.0;7074000.0;10825000.0;4448500.0;2158500.0;1451500.0;500.0;8092500.0;11945000.0;4864000.0;2597000.0;1976000.0;25958000.0;29475000.0;55433000.0;22347500.0;24901500.0;1.0;1.144;1.1035;1.0934;1.2032;1.3614;1.1355;1.1143;500.0;8197000.0;13579500.0;5668000.0;2817000.0;1896000.0;500.0;9128500.0;14070500.0;5879500.0;3287000.0;2572000.0;32158000.0;34938000.0;67096000.0;27444500.0;29078500.0;1.0;1.1136;1.0362;1.0373;1.1668;1.3565;1.0864;1.0595;500.0;6345000.0;8842000.0;3385000.0;1656000.0;1113500.0;500.0;7382000.0;9882500.0;3668500.0;1924000.0;1456000.0;21342000.0;24313500.0;45655500.0;18572000.0;20933000.0;1.0;1.1634;1.1177;1.0838;1.1618;1.3076;1.1392;1.1271;2000.0;7524500.0;12238500.0;4709000.0;2277000.0;1613000.0;2000.0;10678000.0;15577500.0;5849000.0;2869500.0;2240000.0;28364000.0;37216000.0;65580000.0;24472000.0;32104500.0;1.0;1.4191;1.2728;1.2421;1.2602;1.3887;1.3121;1.3119;1000.0;6195500.0;9762500.0;3767000.0;1811000.0;1328500.0;1000.0;8115500.0;11938000.0;4531000.0;2391000.0;1930500.0;22865500.0;28907000.0;51772500.0;19725000.0;24584500.0;1.0;1.3099;1.2228;1.2028;1.3203;1.4531;1.2642;1.2464;500.0;7088500.0;11347500.0;4525000.0;2171500.0;1444000.0;500.0;8198000.0;12228500.0;4798500.0;2557000.0;1960500.0;26577000.0;29743000.0;56320000.0;22961000.0;25225000.0;1.0;1.1565;1.0776;1.0604;1.1775;1.3577;1.1191;1.0986;500.0;5935500.0;9258500.0;3547000.0;1716000.0;1241000.0;500.0;7060500.0;10241500.0;3888000.0;2094000.0;1717000.0;21698500.0;25001500.0;46700000.0;18741000.0;21190000.0;1.0;1.1895;1.1062;1.0961;1.2203;1.3836;1.1522;1.1307;500.0;8485000.0;14181500.0;5739500.0;2815000.0;1908500.0;500.0;9505000.0;14627000.0;6009500.0;3334000.0;2647000.0;33130000.0;36123000.0;69253000.0;28406000.0;30141500.0;1.0;1.1202;1.0314;1.047;1.1844;1.387;1.0903;1.0611
country;MY;MYS;Malaysia;500.0;2655000.0;4687500.0;2483000.0;1114000.0;901500.0;500.0;2876000.0;4312000.0;2503000.0;1297000.0;1175000.0;11841500.0;12163500.0;24005000.0;9825500.0;9691000.0;1.0;1.0832;0.9199;1.0081;1.1643;1.3034;1.0272;0.9863;500.0;2269500.0;4253000.0;2175000.0;970500.0;774000.0;500.0;2199500.0;3539000.0;1908500.0;977500.0;904000.0;10442500.0;9529000.0;19971500.0;8697500.0;7647000.0;1.0;0.9692;0.8321;0.8775;1.0072;1.168;0.9125;0.8792;500.0;1859500.0;2782000.0;1447000.0;660500.0;550500.0;500.0;1935000.0;2496000.0;1480500.0;697500.0;611500.0;7300000.0;7221000.0;14521000.0;6088500.0;5911500.0;1.0;1.0406;0.8972;1.0232;1.056;1.1108;0.9892;0.9709;2000.0;3383000.0;5462500.0;2883500.0;1363500.0;1213500.0;2000.0;3395000.0;4672000.0;2590500.0;1410000.0;1503500.0;14308000.0;13573000.0;27881000.0;11729000.0;10657500.0;1.0;1.0035;0.8553;0.8984;1.0341;1.239;0.9486;0.9086;1000.0;2029500.0;4329000.0;2291000.0;899500.0;726500.0;1000.0;2290500.0;4509000.0;2512500.0;1111500.0;997500.0;10276500.0;11422000.0;21698500.0;8649500.0;9312000.0;1.0;1.1286;1.0416;1.0967;1.2357;1.373;1.1115;1.0766;500.0;2186500.0;3812000.0;1923000.0;874000.0;734000.0;500.0;2301500.0;3315000.0;1790500.0;923000.0;900500.0;9530000.0;9231000.0;18761000.0;7921500.0;7407000.0;1.0;1.0526;0.8696;0.9311;1.0561;1.2268;0.9686;0.9351;500.0;1756000.0;3104000.0;1655000.0;783500.0;649500.0;500.0;1830500.0;2626000.0;1501500.0;853500.0;802500.0;7948500.0;7614500.0;15563000.0;6515000.0;5958000.0;1.0;1.0424;0.846;0.9073;1.0893;1.2356;0.958;0.9145;500.0;2796000.0;5146500.0;2760500.0;1248000.0;1041500.0;500.0;3077000.0;4824000.0;2818500.0;1498500.0;1449500.0;12993000.0;13668000.0;26661000.0;10703000.0;10719500.0;1.0;1.1005;0.9373;1.021;1.2007;1.3917;1.052;1.0015
country;MZ;MOZ;Mozambique;500.0;39000.0;60500.0;25000.0;7500.0;4000.0;500.0;38000.0;40500.0;15000.0;4000.0;2500.0;136500.0;100500.0;237000.0;124500.0;93500.0;1.0;0.9744;0.6694;0.6;0.5333;0.625;0.7363;0.751;500.0;11500.0;18000.0;8000.0;3000.0;1500.0;500.0;12000.0;18000.0;7000.0;2500.0;1500.0;42500.0;41500.0;84000.0;37500.0;37000.0;1.0;1.0435;1.0;0.875;0.8333;1.0;0.9765;0.9867;500.0;29000.0;32000.0;11000.0;3500.0;1500.0;500.0;38000.0;38000.0;13000.0;3500.0;2000.0;77500.0;95000.0;172500.0;72000.0;89000.0;1.0;1.3103;1.1875;1.1818;1.0;1.3333;1.2258;1.2361;2000.0;23500.0;26000.0;13000.0;5500.0;4000.0;2000.0;25500.0;31500.0;12000.0;4500.0;3500.0;74000.0;79000.0;153000.0;62500.0;69000.0;1.0;1.0851;1.2115;0.9231;0.8182;0.875;1.0676;1.104;1000.0;7500.0;12000.0;4500.0;2000.0;1000.0;1000.0;16500.0;20000.0;7000.0;2000.0;1000.0;28000.0;47500.0;75500.0;24000.0;43500.0;1.0;2.2;1.6667;1.5556;1.0;1.0;1.6964;1.8125;500.0;25500.0;28500.0;11000.0;4000.0;1500.0;500.0;26500.0;26000.0;9500.0;2500.0;1500.0;71000.0;66500.0;137500.0;65000.0;62000.0;1.0;1.0392;0.9123;0.8636;0.625;1.0;0.9366;0.9538;500.0;7500.0;9000.0;4000.0;1500.0;500.0;500.0;5000.0;6000.0;2500.0;500.0;500.0;23000.0;15000.0;38000.0;20500.0;13500.0;1.0;0.6667;0.6667;0.625;0.3333;1.0;0.6522;0.6585;500.0;45000.0;49500.0;18000.0;5000.0;3000.0;500.0;60500.0;59500.0;19500.0;6000.0;2500.0;121000.0;148500.0;269500.0;112500.0;139500.0;1.0;1.3444;1.202;1.0833;1.2;0.8333;1.2273;1.24
country;NG;NGA;Nigeria;500.0;5317000.0;7224000.0;2856000.0;1009500.0;813500.0;500.0;4146500.0;5257000.0;2279500.0;779500.0;603000.0;17220500.0;13066000.0;30286500.0;15397000.0;11683000.0;1.0;0.7799;0.7277;0.7981;0.7722;0.7412;0.7587;0.7588;500.0;4322500.0;5414000.0;1935000.0;691500.0;515500.0;500.0;3234000.0;3768500.0;1398500.0;502500.0;342500.0;12879000.0;9246500.0;22125500.0;11671500.0;8401000.0;1.0;0.7482;0.6961;0.7227;0.7267;0.6644;0.718;0.7198;500.0;2212000.0;2469500.0;851500.0;314000.0;218500.0;500.0;2141500.0;2172500.0;689500.0;254000.0;166000.0;6066000.0;5424000.0;11490000.0;5533000.0;5003500.0;1.0;0.9681;0.8797;0.8097;0.8089;0.7597;0.8942;0.9043;2000.0;5185000.0;6618000.0;2576000.0;964500.0;675500.0;2000.0;4486000.0;5109000.0;2081000.0;816000.0;582500.0;16021000.0;13076500.0;29097500.0;14379000.0;11676000.0;1.0;0.8652;0.772;0.8078;0.846;0.8623;0.8162;0.812;1000.0;743500.0;1451000.0;556000.0;144000.0;91500.0;1000.0;1036000.0;2475000.0;804500.0;135000.0;82000.0;2987000.0;4533500.0;7520500.0;2750500.0;4315500.0;1.0;1.3934;1.7057;1.4469;0.9375;0.8962;1.5177;1.569;500.0;1566000.0;2021500.0;671000.0;264000.0;178500.0;500.0;1077500.0;1255000.0;390500.0;167000.0;109500.0;4701500.0;3000000.0;7701500.0;4258500.0;2723000.0;1.0;0.6881;0.6208;0.582;0.6326;0.6134;0.6381;0.6394;500.0;507000.0;525000.0;146000.0;52500.0;48000.0;500.0;306000.0;250500.0;61500.0;25500.0;20500.0;1279000.0;664500.0;1943500.0;1178000.0;618000.0;1.0;0.6036;0.4771;0.4212;0.4857;0.4271;0.5195;0.5246;500.0;4094500.0;5197500.0;1948500.0;686000.0;399000.0;500.0;3352500.0;3951500.0;1589500.0;546500.0;320500.0;12326000.0;9761000.0;22087000.0;11240500.0;8893500.0;1.0;0.8188;0.7603;0.8158;0.7966;0.8033;0.7919;0.7912
country;NI;NIC;Nicaragua;500.0;115000.0;144000.0;66500.0;28000.0;24500.0;500.0;106000.0;140500.0;64500.0;29500.0;29500.0;378500.0;370500.0;749000.0;325500.0;311000.0;1.0;0.9217;0.9757;0.9699;1.0536;1.2041;0.9789;0.9555;500.0;23000.0;44000.0;24000.0;10500.0;6000.0;500.0;13000.0;27500.0;16000.0;10500.0;6000.0;108000.0;73500.0;181500.0;91000.0;56500.0;1.0;0.5652;0.625;0.6667;1.0;1.0;0.6806;0.6209;500.0;96000.0;74500.0;29500.0;13500.0;13000.0;500.0;76500.0;78500.0;30500.0;13000.0;14000.0;227000.0;213000.0;440000.0;200000.0;185500.0;1.0;0.7969;1.0537;1.0339;0.963;1.0769;0.9383;0.9275;2000.0;40000.0;49500.0;26500.0;15500.0;13500.0;2000.0;39000.0;45500.0;26000.0;18500.0;19000.0;147000.0;150000.0;297000.0;116000.0;110500.0;1.0;0.975;0.9192;0.9811;1.1935;1.4074;1.0204;0.9526;1000.0;32000.0;47000.0;21500.0;7500.0;6500.0;1000.0;57500.0;79000.0;34500.0;11000.0;11000.0;115500.0;194000.0;309500.0;100500.0;171000.0;1.0;1.7969;1.6809;1.6047;1.4667;1.6923;1.6797;1.7015;500.0;136500.0;174000.0;80500.0;35000.0;29500.0;500.0;131500.0;166500.0;75000.0;37000.0;35000.0;456000.0;445500.0;901500.0;391000.0;373000.0;1.0;0.9634;0.9569;0.9317;1.0571;1.1864;0.977;0.954;500.0;38500.0;48500.0;19500.0;9000.0;8500.0;500.0;46000.0;49500.0;22500.0;10500.0;10500.0;124500.0;139500.0;264000.0;106500.0;118000.0;1.0;1.1948;1.0206;1.1538;1.1667;1.2353;1.1205;1.108;500.0;158500.0;223000.0;96000.0;41500.0;35000.0;500.0;179500.0;252000.0;109500.0;51000.0;48500.0;554500.0;641000.0;1195500.0;477500.0;541000.0;1.0;1.1325;1.13;1.1406;1.2289;1.3857;1.156;1.133
country;NL;NLD;Netherlands;500.0;359500.0;540500.0;248000.0;146000.0;106500.0;500.0;565500.0;767000.0;400500.0;231000.0;176000.0;1401000.0;2140500.0;3541500.0;1148000.0;1733000.0;1.0;1.573;1.4191;1.6149;1.5822;1.6526;1.5278;1.5096;500.0;324000.0;499000.0;235000.0;140500.0;95000.0;500.0;465000.0;639000.0;349500.0;208500.0;142000.0;1294000.0;1804500.0;3098500.0;1058000.0;1453500.0;1.0;1.4352;1.2806;1.4872;1.484;1.4947;1.3945;1.3738;500.0;327500.0;452000.0;189500.0;111500.0;70500.0;500.0;493000.0;585000.0;280500.0;168500.0;111000.0;1151500.0;1638500.0;2790000.0;969000.0;1358500.0;1.0;1.5053;1.2942;1.4802;1.5112;1.5745;1.4229;1.402;2000.0;619500.0;922000.0;402000.0;253000.0;179500.0;2000.0;936500.0;1306500.0;628500.0;394500.0;287000.0;2378000.0;3555000.0;5933000.0;1943500.0;2871500.0;1.0;1.5117;1.417;1.5634;1.5593;1.5989;1.495;1.4775;1000.0;268500.0;440000.0;148500.0;84000.0;52500.0;1000.0;431000.0;701000.0;279500.0;140000.0;84500.0;994500.0;1637000.0;2631500.0;857000.0;1411500.0;1.0;1.6052;1.5932;1.8822;1.6667;1.6095;1.6461;1.647;500.0;335000.0;515000.0;234000.0;141500.0;99500.0;500.0;510500.0;730500.0;373000.0;224000.0;162500.0;1325500.0;2001000.0;3326500.0;1084000.0;1614000.0;1.0;1.5239;1.4184;1.594;1.583;1.6332;1.5096;1.4889;500.0;289000.0;453000.0;196000.0;117500.0;85000.0;500.0;453000.0;646000.0;303500.0;182000.0;138500.0;1141000.0;1723500.0;2864500.0;938000.0;1402500.0;1.0;1.5675;1.426;1.5485;1.5489;1.6294;1.5105;1.4952;500.0;361000.0;550500.0;255000.0;149500.0;109500.0;500.0;575500.0;804000.0;434000.0;249500.0;192500.0;1426000.0;2256000.0;3682000.0;1166500.0;1813500.0;1.0;1.5942;1.4605;1.702;1.6689;1.758;1.582;1.5547
country;NO;NOR;Norway;500.0;133500.0;157000.0;69500.0;46500.0;24000.0;500.0;192000.0;199500.0;93000.0;69500.0;39500.0;431000.0;594000.0;1025000.0;360000.0;484500.0;1.0;1.4382;1.2707;1.3381;1.4946;1.6458;1.3782;1.3458;500.0;131500.0;158000.0;70500.0;47500.0;25000.0;500.0;187000.0;203000.0;95000.0;72500.0;42000.0;433000.0;600000.0;1033000.0;360000.0;485000.0;1.0;1.4221;1.2848;1.3475;1.5263;1.68;1.3857;1.3472;500.0;135000.0;154000.0;65000.0;40500.0;21500.0;500.0;195000.0;194500.0;83000.0;58000.0;33000.0;416500.0;564000.0;980500.0;354000.0;472500.0;1.0;1.4444;1.263;1.2769;1.4321;1.5349;1.3541;1.3347;2000.0;264000.0;298500.0;123500.0;83500.0;44000.0;2000.0;403500.0;420000.0;177500.0;125500.0;73000.0;815500.0;1201500.0;2017000.0;686000.0;1001000.0;1.0;1.5284;1.407;1.4372;1.503;1.6591;1.4733;1.4592;1000.0;31500.0;62500.0;31000.0;20000.0;8500.0;1000.0;115000.0;153500.0;67000.0;43000.0;19500.0;154500.0;399000.0;553500.0;125000.0;335500.0;1.0;3.6508;2.456;2.1613;2.15;2.2941;2.5825;2.684;500.0;127000.0;155000.0;69500.0;47000.0;25000.0;500.0;178500.0;199500.0;94000.0;72000.0;42000.0;424000.0;586500.0;1010500.0;351500.0;472000.0;1.0;1.4055;1.2871;1.3525;1.5319;1.68;1.3833;1.3428;500.0;100500.0;126500.0;53000.0;37000.0;20500.0;500.0;137000.0;145000.0;63000.0;50500.0;32500.0;338000.0;428500.0;766500.0;280000.0;345000.0;1.0;1.3632;1.1462;1.1887;1.3649;1.5854;1.2678;1.2321;500.0;137000.0;164000.0;74500.0;49500.0;26000.0;500.0;203000.0;219500.0;107000.0;79500.0;44000.0;451500.0;653500.0;1105000.0;375500.0;529500.0;1.0;1.4818;1.3384;1.4362;1.6061;1.6923;1.4474;1.4101
country;NZ;NZL;New Zealand;500.0;201500.0;300500.0;114500.0;51500.0;38000.0;500.0;244000.0;315000.0;112500.0;55000.0;42000.0;706500.0;769000.0;1475500.0;616500.0;671500.0;1.0;1.2109;1.0483;0.9825;1.068;1.1053;1.0885;1.0892;500.0;181500.0;264000.0;102000.0;44000.0;31500.0;500.0;221500.0;280500.0;99500.0;48000.0;35000.0;623500.0;685000.0;1308500.0;547500.0;601500.0;1.0;1.2204;1.0625;0.9755;1.0909;1.1111;1.0986;1.0986;500.0;165000.0;198500.0;71500.0;32000.0;25000.0;500.0;208500.0;225000.0;73000.0;36500.0;28000.0;492500.0;571500.0;1064000.0;435000.0;506500.0;1.0;1.2636;1.1335;1.021;1.1406;1.12;1.1604;1.1644;2000.0;355000.0;480500.0;172500.0;83500.0;60500.0;2000.0;461500.0;565000.0;197500.0;98500.0;67000.0;1154000.0;1391500.0;2545500.0;1008000.0;1224000.0;1.0;1.3;1.1759;1.1449;1.1796;1.1074;1.2058;1.2143;1000.0;65500.0;104500.0;48000.0;21500.0;17000.0;1000.0;134500.0;194500.0;75500.0;33000.0;25000.0;257500.0;463500.0;721000.0;218000.0;404500.0;1.0;2.0534;1.8612;1.5729;1.5349;1.4706;1.8;1.8555;500.0;173000.0;260500.0;99500.0;45000.0;32000.0;500.0;217500.0;285000.0;99500.0;47000.0;36000.0;610500.0;685500.0;1296000.0;533000.0;602000.0;1.0;1.2572;1.094;1.0;1.0444;1.125;1.1229;1.1295;500.0;143000.0;219500.0;79500.0;33000.0;22500.0;500.0;182500.0;243000.0;83000.0;36000.0;25000.0;498000.0;570000.0;1068000.0;442000.0;508500.0;1.0;1.2762;1.1071;1.044;1.0909;1.1111;1.1446;1.1505;500.0;212500.0;312500.0;116500.0;50500.0;36500.0;500.0;256000.0;325000.0;114000.0;55000.0;40500.0;729000.0;791000.0;1520000.0;641500.0;695000.0;1.0;1.2047;1.04;0.9785;1.0891;1.1096;1.085;1.0834
country;OM;OMN;Oman;500.0;236500.0;579000.0;262000.0;80500.0;46000.0;500.0;188500.0;334500.0;126500.0;46500.0;30500.0;1204500.0;727000.0;1931500.0;1077500.0;649500.0;1.0;0.797;0.5777;0.4828;0.5776;0.663;0.6036;0.6028;500.0;216000.0;558500.0;266500.0;82000.0;47000.0;500.0;165000.0;303500.0;125000.0;45500.0;30500.0;1170500.0;670000.0;1840500.0;1041000.0;593500.0;1.0;0.7639;0.5434;0.469;0.5549;0.6489;0.5724;0.5701;500.0;194000.0;360500.0;157500.0;53500.0;28500.0;500.0;161500.0;227000.0;81500.0;31500.0;20500.0;794500.0;522500.0;1317000.0;712000.0;470000.0;1.0;0.8325;0.6297;0.5175;0.5888;0.7193;0.6576;0.6601;2000.0;230000.0;621000.0;310500.0;105500.0;54000.0;2000.0;190000.0;379500.0;147500.0;58000.0;31500.0;1323000.0;808500.0;2131500.0;1161500.0;717000.0;1.0;0.8261;0.6111;0.475;0.5498;0.5833;0.6111;0.6173;1000.0;90500.0;216000.0;114500.0;31000.0;11000.0;1000.0;114500.0;205500.0;77000.0;18000.0;8000.0;464000.0;424000.0;888000.0;421000.0;397000.0;1.0;1.2652;0.9514;0.6725;0.5806;0.7273;0.9138;0.943;500.0;239500.0;638500.0;289500.0;88500.0;51000.0;500.0;194000.0;375000.0;144500.0;51000.0;34000.0;1307500.0;799000.0;2106500.0;1167500.0;713500.0;1.0;0.81;0.5873;0.4991;0.5763;0.6667;0.6111;0.6111;500.0;34000.0;101500.0;66000.0;25000.0;10500.0;500.0;21500.0;41000.0;20500.0;9000.0;4500.0;237500.0;97000.0;334500.0;201500.0;83000.0;1.0;0.6324;0.4039;0.3106;0.36;0.4286;0.4084;0.4119;500.0;252000.0;620000.0;278500.0;79500.0;43500.0;500.0;201500.0;361500.0;139500.0;45500.0;28500.0;1274000.0;777000.0;2051000.0;1150500.0;702500.0;1.0;0.7996;0.5831;0.5009;0.5723;0.6552;0.6099;0.6106
country;PA;PAN;Panama;500.0;261500.0;421000.0;223000.0;120500.0;84000.0;500.0;261500.0;387000.0;190500.0;111000.0;98500.0;1110500.0;1049000.0;2159500.0;905500.0;839000.0;1.0;1.0;0.9192;0.8543;0.9212;1.1726;0.9446;0.9266;500.0;264000.0;446000.0;241500.0;130500.0;96000.0;500.0;269500.0;407000.0;203000.0;123500.0;117000.0;1178500.0;1120500.0;2299000.0;951500.0;879500.0;1.0;1.0208;0.9126;0.8406;0.9464;1.2188;0.9508;0.9243;500.0;245000.0;402000.0;219500.0;121500.0;86000.0;500.0;257000.0;377000.0;188500.0;115000.0;103000.0;1074500.0;1041000.0;2115500.0;866500.0;822500.0;1.0;1.049;0.9378;0.8588;0.9465;1.1977;0.9688;0.9492;2000.0;323500.0;526000.0;322000.0;178000.0;114500.0;2000.0;373000.0;556000.0;301000.0;178000.0;137000.0;1466000.0;1547000.0;3013000.0;1171500.0;1230000.0;1.0;1.153;1.057;0.9348;1.0;1.1965;1.0553;1.0499;1000.0;163000.0;341500.0;174500.0;33500.0;17500.0;1000.0;313500.0;470000.0;228500.0;42000.0;26000.0;731000.0;1081000.0;1812000.0;679000.0;1012000.0;1.0;1.9233;1.3763;1.3095;1.2537;1.4857;1.4788;1.4904;500.0;277000.0;459500.0;243500.0;129500.0;96500.0;500.0;283000.0;417000.0;203000.0;123000.0;118500.0;1206500.0;1145000.0;2351500.0;980000.0;903000.0;1.0;1.0217;0.9075;0.8337;0.9498;1.228;0.949;0.9214;500.0;90500.0;379500.0;198500.0;88000.0;41500.0;500.0;96500.0;357000.0;167500.0;83500.0;51000.0;798500.0;756000.0;1554500.0;668500.0;621000.0;1.0;1.0663;0.9407;0.8438;0.9489;1.2289;0.9468;0.9289;500.0;298500.0;506000.0;261500.0;139500.0;103500.0;500.0;305000.0;453000.0;223000.0;133000.0;129500.0;1309500.0;1244000.0;2553500.0;1066000.0;981000.0;1.0;1.0218;0.8953;0.8528;0.9534;1.2512;0.95;0.9203
country;PE;PER;Peru;500.0;2338000.0;3662000.0;1936500.0;919500.0;639000.0;500.0;2508500.0;3686000.0;1890500.0;1052000.0;935000.0;9495500.0;10072500.0;19568000.0;7936500.0;8085000.0;1.0;1.0729;1.0066;0.9762;1.1441;1.4632;1.0608;1.0187;500.0;2264000.0;3759500.0;1998000.0;968500.0;666500.0;500.0;2388000.0;3772500.0;1951500.0;1106000.0;974000.0;9657000.0;10192500.0;19849500.0;8021500.0;8112000.0;1.0;1.0548;1.0035;0.9767;1.142;1.4614;1.0555;1.0113;500.0;2586500.0;3998500.0;2039500.0;943000.0;649500.0;500.0;2774000.0;3978500.0;1996500.0;1082000.0;953000.0;10217500.0;10784500.0;21002000.0;8624500.0;8749000.0;1.0;1.0725;0.995;0.9789;1.1474;1.4673;1.0555;1.0144;2000.0;2697000.0;4232500.0;2285000.0;1071500.0;635500.0;2000.0;3111000.0;4835000.0;2520500.0;1296000.0;945500.0;10923500.0;12710000.0;23633500.0;9214500.0;10466500.0;1.0;1.1535;1.1424;1.1031;1.2095;1.4878;1.1635;1.1359;1000.0;1563500.0;3224000.0;1619000.0;509000.0;219000.0;1000.0;2173000.0;3531500.0;1734000.0;741500.0;454000.0;7135500.0;8635000.0;15770500.0;6406500.0;7438500.0;1.0;1.3898;1.0954;1.071;1.4568;2.0731;1.2101;1.1611;500.0;2212500.0;3674000.0;1955000.0;795000.0;524000.0;500.0;2419500.0;3747500.0;1941500.0;915000.0;787000.0;9161000.0;9811000.0;18972000.0;7841500.0;8108500.0;1.0;1.0936;1.02;0.9931;1.1509;1.5019;1.071;1.034;500.0;893000.0;1875000.0;908500.0;445000.0;243500.0;500.0;1102500.0;2046500.0;974000.0;567000.0;390500.0;4365500.0;5081000.0;9446500.0;3676500.0;4123000.0;1.0;1.2346;1.0915;1.0721;1.2742;1.6037;1.1639;1.1214;500.0;2600500.0;4176500.0;2118500.0;1005000.0;691500.0;500.0;2776500.0;4119500.0;2067000.0;1144500.0;1018000.0;10592500.0;11126000.0;21718500.0;8895500.0;8963000.0;1.0;1.0677;0.9864;0.9757;1.1388;1.4722;1.0504;1.0076
country;PF;PYF;French Polynesia;500.0;1500.0;2000.0;1500.0;500.0;500.0;500.0;1500.0;2500.0;500.0;500.0;500.0;6500.0;6000.0;12500.0;5000.0;4500.0;1.0;1.0;1.25;0.3333;1.0;1.0;0.9231;0.9;500.0;1500.0;1500.0;500.0;500.0;500.0;500.0;1500.0;1500.0;500.0;500.0;500.0;5000.0;5000.0;10000.0;3500.0;3500.0;1.0;1.0;1.0;1.0;1.0;1.0;1.0;1.0;500.0;1500.0;500.0;500.0;500.0;500.0;500.0;500.0;500.0;500.0;500.0;500.0;4000.0;3000.0;7000.0;2500.0;1500.0;1.0;0.3333;1.0;1.0;1.0;1.0;0.75;0.6;2000.0;2000.0;2000.0;2000.0;2000.0;2000.0;2000.0;3000.0;3000.0;2000.0;2000.0;2000.0;12000.0;14000.0;26000.0;6000.0;8000.0;1.0;1.5;1.5;1.0;1.0;1.0;1.1667;1.3333;1000.0;1000.0;1000.0;1000.0;1000.0;1000.0;1000.0;1000.0;2000.0;1000.0;1000.0;1000.0;6000.0;7000.0;13000.0;3000.0;4000.0;1.0;1.0;2.0;1.0;1.0;1.0;1.1667;1.3333;500.0;500.0;1500.0;500.0;500.0;500.0;500.0;1500.0;1500.0;500.0;500.0;500.0;4000.0;5000.0;9000.0;2500.0;3500.0;1.0;3.0;1.0;1.0;1.0;1.0;1.25;1.4;500.0;500.0;500.0;500.0;500.0;500.0;500.0;500.0;500.0;500.0;500.0;500.0;3000.0;3000.0;6000.0;1500.0;1500.0;1.0;1.0;1.0;1.0;1.0;1.0;1.0;1.0;500.0;2500.0;3000.0;1500.0;500.0;500.0;500.0;3000.0;4000.0;2000.0;500.0;500.0;8500.0;10500.0;19000.0;7000.0;9000.0;1.0;1.2;1.3333;1.3333;1.0;1.0;1.2353;1.2857
country;PH;PHL;Philippines;500.0;7388000.0;8447000.0;2946000.0;1188500.0;1041000.0;500.0;8987000.0;10391500.0;3636500.0;1623000.0;1427000.0;21011000.0;26065500.0;47076500.0;18781000.0;23015000.0;1.0;1.2164;1.2302;1.2344;1.3656;1.3708;1.2406;1.2254;500.0;5794000.0;6813500.0;2204000.0;740500.0;719500.0;500.0;6178000.0;7711500.0;2432000.0;852000.0;886500.0;16272000.0;18060500.0;34332500.0;14811500.0;16321500.0;1.0;1.0663;1.1318;1.1034;1.1506;1.2321;1.1099;1.1019;500.0;2800500.0;2298500.0;768000.0;317500.0;344000.0;500.0;3667000.0;3039500.0;943000.0;406500.0;439500.0;6529000.0;8496000.0;15025000.0;5867000.0;7649500.0;1.0;1.3094;1.3224;1.2279;1.2803;1.2776;1.3013;1.3038;2000.0;10069000.0;11596000.0;3782000.0;1594000.0;1687500.0;2000.0;11455000.0;13339500.0;4157500.0;1878500.0;2090000.0;28730500.0;32922500.0;61653000.0;25447000.0;28952000.0;1.0;1.1377;1.1504;1.0993;1.1785;1.2385;1.1459;1.1377;1000.0;5533000.0;6835500.0;2354500.0;784500.0;699500.0;1000.0;8629000.0;10134000.0;3325000.0;1132000.0;1012000.0;16208000.0;24233000.0;40441000.0;14723000.0;22088000.0;1.0;1.5596;1.4826;1.4122;1.443;1.4467;1.4951;1.5002;500.0;4518500.0;5367000.0;1689500.0;676000.0;665000.0;500.0;5318500.0;6037500.0;1778000.0;755000.0;796000.0;12916500.0;14685500.0;27602000.0;11575000.0;13134000.0;1.0;1.177;1.1249;1.0524;1.1169;1.197;1.137;1.1347;500.0;4870500.0;5579500.0;1884000.0;793000.0;613500.0;500.0;5726500.0;6320500.0;2089500.0;999500.0;817500.0;13741000.0;15954000.0;29695000.0;12334000.0;14136500.0;1.0;1.1758;1.1328;1.1091;1.2604;1.3325;1.1611;1.1461;500.0;8425000.0;10081500.0;3476000.0;1387000.0;1227000.0;500.0;10152500.0;12185000.0;4241500.0;1861500.0;1705000.0;24597000.0;30146000.0;54743000.0;21982500.0;26579000.0;1.0;1.205;1.2086;1.2202;1.3421;1.3896;1.2256;1.2091
country;PK;PAK;Pakistan;500.0;14677500.0;16961500.0;5069500.0;1571500.0;1718500.0;500.0;5659500.0;6621000.0;1971000.0;614000.0;645000.0;39999000.0;15511000.0;55510000.0;36708500.0;14251500.0;1.0;0.3856;0.3904;0.3888;0.3907;0.3753;0.3878;0.3882;500.0;13230500.0;16011500.0;4807000.0;1417500.0;1532500.0;500.0;4732500.0;5960500.0;1868500.0;537500.0;552500.0;36999500.0;13652000.0;50651500.0;34049000.0;12561500.0;1.0;0.3577;0.3723;0.3887;0.3792;0.3605;0.369;0.3689;500.0;6826000.0;6908000.0;1692000.0;480500.0;548000.0;500.0;2301500.0;2251500.0;562000.0;165000.0;189500.0;16455000.0;5470000.0;21925000.0;15426000.0;5115000.0;1.0;0.3372;0.3259;0.3322;0.3434;0.3458;0.3324;0.3316;2000.0;10412500.0;17337500.0;5524500.0;1758500.0;1165500.0;2000.0;4155000.0;6553500.0;2004500.0;624000.0;418500.0;36200500.0;13757500.0;49958000.0;33274500.0;12713000.0;1.0;0.399;0.378;0.3628;0.3548;0.3591;0.38;0.3821;1000.0;4534500.0;6512000.0;1998000.0;535000.0;535000.0;1000.0;3935500.0;5021500.0;1149500.0;292500.0;226000.0;14115500.0;10626000.0;24741500.0;13044500.0;10106500.0;1.0;0.8679;0.7711;0.5753;0.5467;0.4224;0.7528;0.7748;500.0;7318500.0;9620500.0;2976000.0;946000.0;1126000.0;500.0;2241500.0;3200000.0;1045000.0;347000.0;398500.0;21987500.0;7232500.0;29220000.0;19915000.0;6486500.0;1.0;0.3063;0.3326;0.3511;0.3668;0.3539;0.3289;0.3257;500.0;3046000.0;3460500.0;1092500.0;374000.0;498000.0;500.0;849500.0;969500.0;324500.0;114500.0;151500.0;8471500.0;2410000.0;10881500.0;7599000.0;2143500.0;1.0;0.2789;0.2802;0.297;0.3061;0.3042;0.2845;0.2821;500.0;14982500.0;18304500.0;5394000.0;1597500.0;1401500.0;500.0;5837000.0;7915000.0;2430500.0;670500.0;591000.0;41680500.0;17444500.0;59125000.0;38681000.0;16182500.0;1.0;0.3896;0.4324;0.4506;0.4197;0.4217;0.4185;0.4184
country;PL;POL;Poland;500.0;586000.0;1151500.0;541500.0;340500.0;169500.0;500.0;845000.0;1273500.0;792500.0;553000.0;322000.0;2789500.0;3786500.0;6576000.0;2279000.0;2911000.0;1.0;1.442;1.1059;1.4635;1.6241;1.8997;1.3574;1.2773;500.0;585000.0;1140500.0;533000.0;347500.0;176000.0;500.0;818000.0;1216500.0;741500.0;556000.0;339500.0;2782500.0;3672000.0;6454500.0;2258500.0;2776000.0;1.0;1.3983;1.0666;1.3912;1.6;1.929;1.3197;1.2291;500.0;540500.0;952500.0;403000.0;249000.0;127000.0;500.0;757500.0;1010500.0;556500.0;368000.0;225000.0;2272500.0;2918000.0;5190500.0;1896000.0;2324500.0;1.0;1.4015;1.0609;1.3809;1.4779;1.7717;1.284;1.226;2000.0;838500.0;1624000.0;767500.0;524500.0;284500.0;2000.0;1284000.0;1920000.0;1123000.0;820000.0;539000.0;4041000.0;5688000.0;9729000.0;3230000.0;4327000.0;1.0;1.5313;1.1823;1.4632;1.5634;1.8946;1.4076;1.3396;1000.0;264000.0;757500.0;258500.0;150000.0;80500.0;1000.0;580000.0;1035500.0;583000.0;422500.0;197500.0;1511500.0;2819500.0;4331000.0;1280000.0;2198500.0;1.0;2.197;1.367;2.2553;2.8167;2.4534;1.8654;1.7176;500.0;549500.0;1092000.0;510500.0;326000.0;165000.0;500.0;769500.0;1178500.0;723000.0;526500.0;315000.0;2643500.0;3513000.0;6156500.0;2152000.0;2671000.0;1.0;1.4004;1.0792;1.4163;1.615;1.9091;1.3289;1.2412;500.0;575000.0;1148000.0;517500.0;342000.0;178500.0;500.0;814000.0;1286000.0;747000.0;566000.0;353000.0;2761500.0;3766500.0;6528000.0;2240500.0;2847000.0;1.0;1.4157;1.1202;1.4435;1.655;1.9776;1.3639;1.2707;500.0;597500.0;1176000.0;555000.0;348500.0;176000.0;500.0;868500.0;1323000.0;823500.0;575000.0;345000.0;2853500.0;3935500.0;6789000.0;2328500.0;3015000.0;1.0;1.4536;1.125;1.4838;1.6499;1.9602;1.3792;1.2948
country;PM;SPM;Saint Pierre and Miquelon;500.0;500.0;500.0;500.0;500.0;500.0;500.0;500.0;500.0;500.0;500.0;500.0;3000.0;3000.0;6000.0;1500.0;1500.0;1.0;1.0;1.0;1.0;1.0;1.0;1.0;1.0;500.0;500.0;500.0;500.0;500.0;500.0;500.0;500.0;500.0;500.0;500.0;500.0;3000.0;3000.0;6000.0;1500.0;1500.0;1.0;1.0;1.0;1.0;1.0;1.0;1.0;1.0;500.0;500.0;500.0;500.0;500.0;500.0;500.0;500.0;500.0;500.0;500.0;500.0;3000.0;3000.0;6000.0;1500.0;1500.0;1.0;1.0;1.0;1.0;1.0;1.0;1.0;1.0;2000.0;2000.0;2000.0;2000.0;2000.0;2000.0;2000.0;2000.0;2000.0;2000.0;2000.0;2000.0;12000.0;12000.0;24000.0;6000.0;6000.0;1.0;1.0;1.0;1.0;1.0;1.0;1.0;1.0;1000.0;1000.0;1000.0;1000.0;1000.0;1000.0;1000.0;1000.0;1000.0;1000.0;1000.0;1000.0;6000.0;6000.0;12000.0;3000.0;3000.0;1.0;1.0;1.0;1.0;1.0;1.0;1.0;1.0;500.0;500.0;500.0;500.0;500.0;500.0;500.0;500.0;500.0;500.0;500.0;500.0;3000.0;3000.0;6000.0;1500.0;1500.0;1.0;1.0;1.0;1.0;1.0;1.0;1.0;1.0;500.0;500.0;500.0;500.0;500.0;500.0;500.0;500.0;500.0;500.0;500.0;500.0;3000.0;3000.0;6000.0;1500.0;1500.0;1.0;1.0;1.0;1.0;1.0;1.0;1.0;1.0;500.0;500.0;500.0;500.0;500.0;500.0;500.0;500.0;500.0;500.0;500.0;500.0;3000.0;3000.0;6000.0;1500.0;1500.0;1.0;1.0;1.0;1.0;1.0;1.0;1.0;1.0
country;PR;PRI;Puerto Rico;500.0;37000.0;112000.0;86000.0;50500.0;55000.0;500.0;78000.0;122000.0;95500.0;64000.0;51500.0;341000.0;411500.0;752500.0;235000.0;295500.0;1.0;2.1081;1.0893;1.1105;1.2673;0.9364;1.2067;1.2574;500.0;35000.0;106500.0;80500.0;47000.0;50500.0;500.0;76000.0;117000.0;89500.0;59500.0;46000.0;320000.0;388500.0;708500.0;222000.0;282500.0;1.0;2.1714;1.0986;1.1118;1.266;0.9109;1.2141;1.2725;500.0;28500.0;82500.0;62000.0;34000.0;30500.0;500.0;68500.0;102000.0;75000.0;48500.0;29500.0;238000.0;324000.0;562000.0;173000.0;245500.0;1.0;2.4035;1.2364;1.2097;1.4265;0.9672;1.3613;1.4191;2000.0;56000.0;165500.0;122500.0;71000.0;69000.0;2000.0;133500.0;199500.0;150500.0;103500.0;66500.0;486000.0;655500.0;1141500.0;344000.0;483500.0;1.0;2.3839;1.2054;1.2286;1.4577;0.9638;1.3488;1.4055;1000.0;10500.0;36500.0;27000.0;11500.0;11000.0;1000.0;44500.0;71000.0;49000.0;25500.0;14500.0;97500.0;205500.0;303000.0;74000.0;164500.0;1.0;4.2381;1.9452;1.8148;2.2174;1.3182;2.1077;2.223;500.0;31500.0;95500.0;69500.0;35000.0;34000.0;500.0;72000.0;110500.0;82000.0;48500.0;32500.0;266000.0;346000.0;612000.0;196500.0;264500.0;1.0;2.2857;1.1571;1.1799;1.3857;0.9559;1.3008;1.3461;500.0;25000.0;69000.0;48500.0;23500.0;22000.0;500.0;61000.0;82000.0;58000.0;35000.0;21500.0;188500.0;258000.0;446500.0;142500.0;201000.0;1.0;2.44;1.1884;1.1959;1.4894;0.9773;1.3687;1.4105;500.0;36000.0;107500.0;78000.0;42000.0;43000.0;500.0;77500.0;118500.0;88500.0;56000.0;40500.0;307000.0;381500.0;688500.0;221500.0;284500.0;1.0;2.1528;1.1023;1.1346;1.3333;0.9419;1.2427;1.2844
country;PS;PSE;Palestine, State of;500.0;209500.0;343000.0;128500.0;52000.0;48000.0;500.0;139500.0;187000.0;63000.0;23500.0;26000.0;781500.0;439500.0;1221000.0;681000.0;389500.0;1.0;0.6659;0.5452;0.4903;0.4519;0.5417;0.5624;0.572;500.0;197500.0;349500.0;129500.0;52500.0;46500.0;500.0;126000.0;183000.0;61500.0;23000.0;24500.0;776000.0;418500.0;1194500.0;676500.0;370500.0;1.0;0.638;0.5236;0.4749;0.4381;0.5269;0.5393;0.5477;500.0;139500.0;221000.0;76000.0;31500.0;28500.0;500.0;97000.0;119500.0;39500.0;14000.0;14000.0;497000.0;284500.0;781500.0;436500.0;256000.0;1.0;0.6953;0.5407;0.5197;0.4444;0.4912;0.5724;0.5865;2000.0;206000.0;350000.0;134000.0;54500.0;47000.0;2000.0;146500.0;194000.0;68000.0;23000.0;24000.0;793500.0;457500.0;1251000.0;690000.0;408500.0;1.0;0.7112;0.5543;0.5075;0.422;0.5106;0.5766;0.592;1000.0;87000.0;211500.0;79000.0;29500.0;20000.0;1000.0;83000.0;155500.0;52000.0;15500.0;14000.0;428000.0;321000.0;749000.0;377500.0;290500.0;1.0;0.954;0.7352;0.6582;0.5254;0.7;0.75;0.7695;500.0;171000.0;308500.0;116500.0;48000.0;43500.0;500.0;114000.0;164000.0;56000.0;22500.0;23000.0;688000.0;380000.0;1068000.0;596000.0;334000.0;1.0;0.6667;0.5316;0.4807;0.4688;0.5287;0.5523;0.5604;500.0;85000.0;152000.0;51000.0;21500.0;20500.0;500.0;59500.0;76000.0;22500.0;8500.0;10500.0;330500.0;177500.0;508000.0;288000.0;158000.0;1.0;0.7;0.5;0.4412;0.3953;0.5122;0.5371;0.5486;500.0;247000.0;425000.0;151500.0;58500.0;52500.0;500.0;169500.0;241500.0;78500.0;27500.0;29500.0;935000.0;547000.0;1482000.0;823500.0;489500.0;1.0;0.6862;0.5682;0.5182;0.4701;0.5619;0.585;0.5944
country;PT;PRT;Portugal;500.0;169500.0;317000.0;163000.0;119500.0;77000.0;500.0;273000.0;463000.0;243500.0;192500.0;144000.0;846500.0;1316500.0;2163000.0;649500.0;979500.0;1.0;1.6106;1.4606;1.4939;1.6109;1.8701;1.5552;1.5081;500.0;177500.0;330500.0;174000.0;123500.0;79500.0;500.0;286500.0;483500.0;264000.0;198500.0;151000.0;885500.0;1384000.0;2269500.0;682000.0;1034000.0;1.0;1.6141;1.4629;1.5172;1.6073;1.8994;1.563;1.5161;500.0;145000.0;215000.0;108500.0;88000.0;48000.0;500.0;227000.0;299500.0;145000.0;131500.0;82500.0;605000.0;886000.0;1491000.0;468500.0;671500.0;1.0;1.5655;1.393;1.3364;1.4943;1.7188;1.4645;1.4333;2000.0;234000.0;429500.0;196500.0;147000.0;93500.0;2000.0;503500.0;843500.0;335000.0;241000.0;166500.0;1102500.0;2091500.0;3194000.0;860000.0;1682000.0;1.0;2.1517;1.9639;1.7048;1.6395;1.7807;1.8971;1.9558;1000.0;83000.0;144000.0;76500.0;54500.0;33000.0;1000.0;178000.0;318000.0;157500.0;116000.0;66000.0;392000.0;836500.0;1228500.0;303500.0;653500.0;1.0;2.1446;2.2083;2.0588;2.1284;2.0;2.1339;2.1532;500.0;168000.0;308500.0;157500.0;111500.0;69500.0;500.0;270500.0;447000.0;232000.0;176500.0;126500.0;815500.0;1253000.0;2068500.0;634000.0;949500.0;1.0;1.6101;1.4489;1.473;1.583;1.8201;1.5365;1.4976;500.0;137000.0;269500.0;134000.0;100500.0;58500.0;500.0;213500.0;372000.0;185000.0;153500.0;105000.0;700000.0;1029500.0;1729500.0;540500.0;770500.0;1.0;1.5584;1.3803;1.3806;1.5274;1.7949;1.4707;1.4255;500.0;175000.0;322000.0;165000.0;120500.0;77500.0;500.0;285000.0;475500.0;248500.0;195000.0;147500.0;860500.0;1352000.0;2212500.0;662000.0;1009000.0;1.0;1.6286;1.4767;1.5061;1.6183;1.9032;1.5712;1.5242
country;PY;PRY;Paraguay;500.0;435000.0;619500.0;333500.0;148500.0;105000.0;500.0;417000.0;565000.0;276000.0;139500.0;123000.0;1642000.0;1521000.0;3163000.0;1388000.0;1258000.0;1.0;0.9586;0.912;0.8276;0.9394;1.1714;0.9263;0.9063;500.0;379500.0;552000.0;297000.0;139500.0;100500.0;500.0;354000.0;481500.0;238000.0;125500.0;121500.0;1469000.0;1321000.0;2790000.0;1228500.0;1073500.0;1.0;0.9328;0.8723;0.8013;0.8996;1.209;0.8993;0.8738;500.0;363500.0;509500.0;269500.0;119000.0;81000.0;500.0;358500.0;484000.0;224000.0;110500.0;99000.0;1343000.0;1276500.0;2619500.0;1142500.0;1066500.0;1.0;0.9862;0.95;0.8312;0.9286;1.2222;0.9505;0.9335;2000.0;568500.0;758000.0;380000.0;156000.0;96000.0;2000.0;600000.0;785000.0;370500.0;168000.0;118500.0;1960500.0;2044000.0;4004500.0;1706500.0;1755500.0;1.0;1.0554;1.0356;0.975;1.0769;1.2344;1.0426;1.0287;1000.0;96500.0;145500.0;82000.0;36500.0;21500.0;1000.0;152500.0;209000.0;99000.0;44500.0;33000.0;383000.0;539000.0;922000.0;324000.0;460500.0;1.0;1.5803;1.4364;1.2073;1.2192;1.5349;1.4073;1.4213;500.0;279500.0;321000.0;164000.0;73000.0;48500.0;500.0;249000.0;299500.0;131500.0;66500.0;62500.0;886500.0;809500.0;1696000.0;764500.0;680000.0;1.0;0.8909;0.933;0.8018;0.911;1.2887;0.9131;0.8895;500.0;256000.0;304000.0;147000.0;66000.0;44500.0;500.0;267000.0;294500.0;121500.0;59500.0;50500.0;818000.0;793500.0;1611500.0;707000.0;683000.0;1.0;1.043;0.9688;0.8265;0.9015;1.1348;0.97;0.9661;500.0;466500.0;715000.0;369000.0;143500.0;98500.0;500.0;455000.0;644500.0;303000.0;136000.0;120500.0;1793000.0;1659500.0;3452500.0;1550500.0;1402500.0;1.0;0.9753;0.9014;0.8211;0.9477;1.2234;0.9255;0.9045
country;QA;QAT;Qatar;500.0;272500.0;700500.0;352500.0;114000.0;57000.0;500.0;124000.0;331500.0;165000.0;56000.0;33500.0;1497000.0;710500.0;2207500.0;1325500.0;620500.0;1.0;0.455;0.4732;0.4681;0.4912;0.5877;0.4746;0.4681;500.0;238500.0;621500.0;311500.0;99500.0;50500.0;500.0;104000.0;277500.0;136500.0;45000.0;28000.0;1322000.0;591500.0;1913500.0;1171500.0;518000.0;1.0;0.4361;0.4465;0.4382;0.4523;0.5545;0.4474;0.4422;500.0;209500.0;467500.0;225000.0;71500.0;35000.0;500.0;96500.0;232500.0;108500.0;35000.0;20000.0;1009000.0;493000.0;1502000.0;902000.0;437500.0;1.0;0.4606;0.4973;0.4822;0.4895;0.5714;0.4886;0.485;2000.0;380500.0;929000.0;463000.0;160500.0;86000.0;2000.0;193500.0;485500.0;221000.0;77500.0;48000.0;2021000.0;1027500.0;3048500.0;1772500.0;900000.0;1.0;0.5085;0.5226;0.4773;0.4829;0.5581;0.5084;0.5078;1000.0;179000.0;455000.0;233000.0;77500.0;35500.0;1000.0;94500.0;258000.0;122000.0;39000.0;23500.0;981000.0;538000.0;1519000.0;867000.0;474500.0;1.0;0.5279;0.567;0.5236;0.5032;0.662;0.5484;0.5473;500.0;258500.0;662000.0;332500.0;107000.0;51500.0;500.0;118500.0;306000.0;148500.0;49500.0;29500.0;1412000.0;652500.0;2064500.0;1253000.0;573000.0;1.0;0.4584;0.4622;0.4466;0.4626;0.5728;0.4621;0.4573;500.0;74000.0;171500.0;87000.0;31500.0;17500.0;500.0;40500.0;96000.0;45000.0;17000.0;11500.0;382000.0;210500.0;592500.0;332500.0;181500.0;1.0;0.5473;0.5598;0.5172;0.5397;0.6571;0.551;0.5459;500.0;299500.0;748500.0;370500.0;111500.0;56000.0;500.0;136000.0;353500.0;173000.0;54000.0;32500.0;1586500.0;749500.0;2336000.0;1418500.0;662500.0;1.0;0.4541;0.4723;0.4669;0.4843;0.5804;0.4724;0.467
country;RO;ROU;Romania;500.0;298000.0;714000.0;466000.0;385000.0;299500.0;500.0;449500.0;673500.0;633000.0;587000.0;555000.0;2163000.0;2898500.0;5061500.0;1478000.0;1756000.0;1.0;1.5084;0.9433;1.3584;1.5247;1.8531;1.34;1.1881;500.0;293000.0;713500.0;469500.0;389500.0;289500.0;500.0;424000.0;661500.0;632000.0;595000.0;534000.0;2155500.0;2847000.0;5002500.0;1476000.0;1717500.0;1.0;1.4471;0.9271;1.3461;1.5276;1.8446;1.3208;1.1636;500.0;259500.0;559500.0;338500.0;266000.0;192500.0;500.0;382500.0;528500.0;456000.0;393000.0;354000.0;1616500.0;2114500.0;3731000.0;1157500.0;1367000.0;1.0;1.474;0.9446;1.3471;1.4774;1.839;1.3081;1.181;2000.0;408000.0;941500.0;626500.0;509000.0;399500.0;2000.0;617500.0;926000.0;874000.0;787000.0;750000.0;2886500.0;3956500.0;6843000.0;1976000.0;2417500.0;1.0;1.5135;0.9835;1.3951;1.5462;1.8773;1.3707;1.2234;1000.0;159500.0;427000.0;290000.0;179000.0;107500.0;1000.0;312500.0;506000.0;461000.0;290500.0;214000.0;1164000.0;1785000.0;2949000.0;876500.0;1279500.0;1.0;1.9592;1.185;1.5897;1.6229;1.9907;1.5335;1.4598;500.0;277500.0;666000.0;433500.0;359500.0;274000.0;500.0;406000.0;609500.0;570500.0;537000.0;507000.0;2011000.0;2630500.0;4641500.0;1377000.0;1586000.0;1.0;1.4631;0.9152;1.316;1.4937;1.8504;1.3081;1.1518;500.0;274000.0;665000.0;440500.0;376000.0;281500.0;500.0;399500.0;617500.0;596000.0;584000.0;533000.0;2037500.0;2730500.0;4768000.0;1379500.0;1613000.0;1.0;1.458;0.9286;1.353;1.5532;1.8934;1.3401;1.1693;500.0;304000.0;727000.0;475000.0;403000.0;320500.0;500.0;461000.0;694000.0;659500.0;637000.0;616000.0;2230000.0;3068000.0;5298000.0;1506000.0;1814500.0;1.0;1.5164;0.9546;1.3884;1.5806;1.922;1.3758;1.2048
country;RS;SRB;Serbia;500.0;247000.0;399500.0;191500.0;100500.0;69500.0;500.0;258000.0;360500.0;138500.0;78500.0;63500.0;1008500.0;899500.0;1908000.0;838000.0;757000.0;1.0;1.0445;0.9024;0.7232;0.7811;0.9137;0.8919;0.9033;500.0;217500.0;363000.0;160500.0;95000.0;62000.0;500.0;227000.0;319500.0;111500.0;71500.0;55500.0;898500.0;785500.0;1684000.0;741000.0;658000.0;1.0;1.0437;0.8802;0.6947;0.7526;0.8952;0.8742;0.888;500.0;168000.0;239500.0;89500.0;49000.0;36000.0;500.0;184000.0;223000.0;64000.0;37500.0;30500.0;582500.0;539500.0;1122000.0;497000.0;471000.0;1.0;1.0952;0.9311;0.7151;0.7653;0.8472;0.9262;0.9477;2000.0;300500.0;427000.0;185000.0;123000.0;94000.0;2000.0;354500.0;455000.0;168500.0;106000.0;84500.0;1131500.0;1170500.0;2302000.0;912500.0;978000.0;1.0;1.1797;1.0656;0.9108;0.8618;0.8989;1.0345;1.0718;1000.0;62000.0;157500.0;85500.0;57000.0;44500.0;1000.0;113500.0;195500.0;83500.0;58000.0;50500.0;407500.0;502000.0;909500.0;305000.0;392500.0;1.0;1.8306;1.2413;0.9766;1.0175;1.1348;1.2319;1.2869;500.0;165000.0;256000.0;111000.0;65000.0;47500.0;500.0;181500.0;233000.0;82000.0;50500.0;43500.0;645000.0;591000.0;1236000.0;532000.0;496500.0;1.0;1.1;0.9102;0.7387;0.7769;0.9158;0.9163;0.9333;500.0;67500.0;101500.0;50500.0;38000.0;26000.0;500.0;92000.0;126000.0;51500.0;36000.0;28000.0;284000.0;334000.0;618000.0;219500.0;269500.0;1.0;1.363;1.2414;1.0198;0.9474;1.0769;1.1761;1.2278;500.0;262000.0;453500.0;214500.0;127000.0;82000.0;500.0;272000.0;401500.0;151500.0;98000.0;76500.0;1139500.0;1000000.0;2139500.0;930000.0;825000.0;1.0;1.0382;0.8853;0.7063;0.7717;0.9329;0.8776;0.8871
country;RU;RUS;Russia;500.0;1447000.0;2116000.0;1931000.0;1281000.0;1132500.0;500.0;2008000.0;2070500.0;1595000.0;1354000.0;1925000.0;7908000.0;8953000.0;16861000.0;5494000.0;5673500.0;1.0;1.3877;0.9785;0.826;1.057;1.6998;1.1321;1.0327;500.0;803000.0;917500.0;257500.0;110500.0;93000.0;500.0;1298500.0;1031000.0;272000.0;112500.0;137000.0;2182000.0;2851500.0;5033500.0;1978000.0;2601500.0;1.0;1.6171;1.1237;1.0563;1.0181;1.4731;1.3068;1.3152;500.0;870500.0;925000.0;415000.0;209500.0;176500.0;500.0;1452500.0;1198500.0;589500.0;375000.0;372500.0;2597000.0;3988500.0;6585500.0;2210500.0;3240500.0;1.0;1.6686;1.2957;1.4205;1.79;2.1105;1.5358;1.466;2000.0;1313500.0;1396000.0;392000.0;209000.0;243500.0;2000.0;2307000.0;1784500.0;456000.0;257500.0;478500.0;3556000.0;5285500.0;8841500.0;3101500.0;4547500.0;1.0;1.7564;1.2783;1.1633;1.2321;1.9651;1.4864;1.4662;1000.0;574000.0;784500.0;394500.0;197500.0;193500.0;1000.0;1135000.0;1220500.0;581000.0;368000.0;539500.0;2145000.0;3845000.0;5990000.0;1753000.0;2936500.0;1.0;1.9774;1.5558;1.4728;1.8633;2.7881;1.7925;1.6751;500.0;744000.0;827500.0;271500.0;131500.0;111500.0;500.0;1272000.0;981500.0;255000.0;116000.0;150500.0;2086500.0;2775500.0;4862000.0;1843000.0;2508500.0;1.0;1.7097;1.1861;0.9392;0.8821;1.3498;1.3302;1.3611;500.0;814000.0;933000.0;363000.0;165000.0;159000.0;500.0;1309500.0;1130000.0;449000.0;259000.0;309500.0;2434500.0;3457500.0;5892000.0;2110000.0;2888500.0;1.0;1.6087;1.2111;1.2369;1.5697;1.9465;1.4202;1.369;500.0;1789500.0;2538000.0;2006500.0;1320500.0;1257000.0;500.0;2573000.0;2743500.0;1973000.0;1610500.0;2333000.0;8912000.0;11233500.0;20145500.0;6334000.0;7289500.0;1.0;1.4378;1.081;0.9833;1.2196;1.856;1.2605;1.1509
country;SA;SAU;Saudi Arabia;500.0;3393000.0;9018500.0;3880500.0;1257000.0;1035000.0;500.0;2402500.0;5664500.0;2142500.0;747000.0;816000.0;18584500.0;11773000.0;30357500.0;16292000.0;10209500.0;1.0;0.7081;0.6281;0.5521;0.5943;0.7884;0.6335;0.6267;500.0;3183000.0;8659500.0;3743500.0;1220500.0;991500.0;500.0;2240500.0;5367000.0;2024000.0;716000.0;777500.0;17798500.0;11125500.0;28924000.0;15586000.0;9631500.0;1.0;0.7039;0.6198;0.5407;0.5866;0.7842;0.6251;0.618;500.0;2868500.0;7284000.0;3075000.0;1006000.0;845000.0;500.0;2074000.0;4813500.0;1763500.0;593000.0;664500.0;15079000.0;9909000.0;24988000.0;13227500.0;8651000.0;1.0;0.723;0.6608;0.5735;0.5895;0.7864;0.6571;0.654;2000.0;4342000.0;12044000.0;5504000.0;1938000.0;1674500.0;2000.0;3583500.0;8568000.0;3215500.0;1140000.0;1406500.0;25504500.0;17915500.0;43420000.0;21890000.0;15367000.0;1.0;0.8253;0.7114;0.5842;0.5882;0.84;0.7024;0.702;1000.0;1727500.0;5249000.0;2334500.0;749000.0;616500.0;1000.0;1763500.0;4723500.0;1763500.0;504500.0;578500.0;10677500.0;9334500.0;20012000.0;9311000.0;8250500.0;1.0;1.0208;0.8999;0.7554;0.6736;0.9384;0.8742;0.8861;500.0;3332500.0;8829500.0;3793500.0;1227500.0;998500.0;500.0;2372000.0;5567500.0;2100500.0;726500.0;795000.0;18182000.0;11562000.0;29744000.0;15955500.0;10040000.0;1.0;0.7118;0.6306;0.5537;0.5919;0.7962;0.6359;0.6293;500.0;1109000.0;2939500.0;1355000.0;500500.0;424500.0;500.0;989500.0;2193000.0;763500.0;263000.0;333000.0;6329000.0;4542500.0;10871500.0;5403500.0;3946000.0;1.0;0.8922;0.746;0.5635;0.5255;0.7845;0.7177;0.7303;500.0;3732500.0;9761000.0;4109500.0;1311500.0;1078500.0;500.0;2672000.0;6215000.0;2341500.0;795500.0;867000.0;19993500.0;12891500.0;32885000.0;17603000.0;11228500.0;1.0;0.7159;0.6367;0.5698;0.6066;0.8039;0.6448;0.6379
country;SD;SDN;Sudan;500.0;254500.0;288000.0;83000.0;27500.0;24000.0;500.0;77000.0;90500.0;26500.0;10000.0;10500.0;677500.0;215000.0;892500.0;625500.0;194000.0;1.0;0.3026;0.3142;0.3193;0.3636;0.4375;0.3173;0.3102;500.0;237000.0;277500.0;83500.0;26500.0;21500.0;500.0;80500.0;99500.0;31000.0;10500.0;11000.0;646500.0;233000.0;879500.0;598000.0;211000.0;1.0;0.3397;0.3586;0.3713;0.3962;0.5116;0.3604;0.3528;500.0;49500.0;58500.0;18000.0;5000.0;4000.0;500.0;21500.0;24000.0;6000.0;1500.0;2000.0;135500.0;55500.0;191000.0;126000.0;51500.0;1.0;0.4343;0.4103;0.3333;0.3;0.5;0.4096;0.4087;2000.0;103500.0;132000.0;47000.0;22000.0;17500.0;2000.0;33500.0;50500.0;12500.0;7500.0;7500.0;324000.0;113500.0;437500.0;282500.0;96500.0;1.0;0.3237;0.3826;0.266;0.3409;0.4286;0.3503;0.3416;1000.0;37000.0;89000.0;29000.0;5500.0;5500.0;1000.0;22500.0;43500.0;11500.0;3000.0;3000.0;167000.0;84500.0;251500.0;155000.0;77500.0;1.0;0.6081;0.4888;0.3966;0.5455;0.5455;0.506;0.5;500.0;117000.0;162000.0;50500.0;15000.0;14000.0;500.0;34000.0;48000.0;12500.0;4500.0;4000.0;359000.0;103500.0;462500.0;329500.0;94500.0;1.0;0.2906;0.2963;0.2475;0.3;0.2857;0.2883;0.2868;500.0;120500.0;169500.0;46000.0;17000.0;16000.0;500.0;32000.0;43000.0;11000.0;4500.0;5000.0;369500.0;96000.0;465500.0;336000.0;86000.0;1.0;0.2656;0.2537;0.2391;0.2647;0.3125;0.2598;0.256;500.0;302500.0;387000.0;109500.0;34000.0;24000.0;500.0;112000.0;134000.0;33000.0;10500.0;8500.0;857500.0;298500.0;1156000.0;799000.0;279000.0;1.0;0.3702;0.3463;0.3014;0.3088;0.3542;0.3481;0.3492
country;SE;SWE;Sweden;500.0;237500.0;333000.0;145000.0;78500.0;59500.0;500.0;377000.0;441500.0;215000.0;123000.0;96500.0;854000.0;1253500.0;2107500.0;715500.0;1033500.0;1.0;1.5874;1.3258;1.4828;1.5669;1.6218;1.4678;1.4444;500.0;222500.0;321500.0;138500.0;76000.0;60500.0;500.0;335000.0;411500.0;194000.0;114000.0;96000.0;819500.0;1151000.0;1970500.0;682500.0;940500.0;1.0;1.5056;1.2799;1.4007;1.5;1.5868;1.4045;1.378;500.0;226000.0;301500.0;121000.0;66000.0;50500.0;500.0;351000.0;385000.0;167500.0;98000.0;76500.0;765500.0;1078500.0;1844000.0;648500.0;903500.0;1.0;1.5531;1.2769;1.3843;1.4848;1.5149;1.4089;1.3932;2000.0;428000.0;637000.0;285500.0;160500.0;123000.0;2000.0;706000.0;869000.0;416500.0;246000.0;190000.0;1636000.0;2429500.0;4065500.0;1350500.0;1991500.0;1.0;1.6495;1.3642;1.4588;1.5327;1.5447;1.485;1.4746;1000.0;160000.0;244500.0;102000.0;35500.0;24500.0;1000.0;262500.0;389000.0;173000.0;66500.0;42500.0;567500.0;934500.0;1502000.0;506500.0;824500.0;1.0;1.6406;1.591;1.6961;1.8732;1.7347;1.6467;1.6278;500.0;224000.0;318500.0;136000.0;75000.0;59000.0;500.0;345000.0;415000.0;194000.0;114000.0;94000.0;813000.0;1162500.0;1975500.0;678500.0;954000.0;1.0;1.5402;1.303;1.4265;1.52;1.5932;1.4299;1.406;500.0;218500.0;310500.0;132000.0;72500.0;57000.0;500.0;339500.0;404000.0;188000.0;111500.0;91000.0;791000.0;1134500.0;1925500.0;661000.0;931500.0;1.0;1.5538;1.3011;1.4242;1.5379;1.5965;1.4343;1.4092;500.0;242500.0;341500.0;150500.0;81000.0;64000.0;500.0;391500.0;463000.0;230500.0;130500.0;106000.0;880000.0;1322000.0;2202000.0;734500.0;1085000.0;1.0;1.6144;1.3558;1.5316;1.6111;1.6562;1.5023;1.4772
country;SG;SGP;Singapore;500.0;237000.0;535000.0;307500.0;161500.0;133500.0;500.0;246500.0;488000.0;256000.0;136000.0;139500.0;1375000.0;1266500.0;2641500.0;1079500.0;990500.0;1.0;1.0401;0.9121;0.8325;0.8421;1.0449;0.9211;0.9176;500.0;214000.0;511500.0;294000.0;156000.0;130500.0;500.0;218000.0;455000.0;235000.0;123500.0;130500.0;1306500.0;1162500.0;2469000.0;1019500.0;908000.0;1.0;1.0187;0.8895;0.7993;0.7917;1.0;0.8898;0.8906;500.0;201500.0;404000.0;228500.0;131000.0;117000.0;500.0;213000.0;369000.0;180500.0;99500.0;117500.0;1082500.0;980000.0;2062500.0;834000.0;762500.0;1.0;1.0571;0.9134;0.7899;0.7595;1.0043;0.9053;0.9143;2000.0;495500.0;999000.0;572000.0;327000.0;298000.0;2000.0;504000.0;897500.0;447000.0;250000.0;303500.0;2693500.0;2404000.0;5097500.0;2066500.0;1848500.0;1.0;1.0172;0.8984;0.7815;0.7645;1.0185;0.8925;0.8945;1000.0;99000.0;268500.0;173500.0;75500.0;60000.0;1000.0;129000.0;299500.0;161500.0;62000.0;62500.0;677500.0;715500.0;1393000.0;541000.0;590000.0;1.0;1.303;1.1155;0.9308;0.8212;1.0417;1.0561;1.0906;500.0;218000.0;516000.0;301500.0;164000.0;139500.0;500.0;229500.0;473000.0;252000.0;135000.0;147000.0;1339500.0;1237000.0;2576500.0;1035500.0;954500.0;1.0;1.0528;0.9167;0.8358;0.8232;1.0538;0.9235;0.9218;500.0;153000.0;314000.0;177500.0;95000.0;77000.0;500.0;164000.0;286500.0;135000.0;71500.0;72500.0;817000.0;730000.0;1547000.0;644500.0;585500.0;1.0;1.0719;0.9124;0.7606;0.7526;0.9416;0.8935;0.9085;500.0;248500.0;566500.0;328500.0;176000.0;154000.0;500.0;258500.0;521500.0;285000.0;157000.0;168500.0;1474000.0;1391000.0;2865000.0;1143500.0;1065000.0;1.0;1.0402;0.9206;0.8676;0.892;1.0942;0.9437;0.9314
country;SI;SVN;Slovenia;500.0;30500.0;54000.0;22500.0;19500.0;10500.0;500.0;51500.0;72500.0;26500.0;25000.0;16500.0;137500.0;192500.0;330000.0;107000.0;150500.0;1.0;1.6885;1.3426;1.1778;1.2821;1.5714;1.4;1.4065;500.0;28500.0;53000.0;23000.0;20500.0;11500.0;500.0;47000.0;69500.0;26500.0;26000.0;18000.0;137000.0;187500.0;324500.0;104500.0;143000.0;1.0;1.6491;1.3113;1.1522;1.2683;1.5652;1.3686;1.3684;500.0;27500.0;46000.0;19500.0;16000.0;8500.0;500.0;45000.0;60500.0;22500.0;20500.0;13500.0;118000.0;162500.0;280500.0;93000.0;128000.0;1.0;1.6364;1.3152;1.1538;1.2812;1.5882;1.3771;1.3763;2000.0;52000.0;90000.0;40000.0;38000.0;21000.0;2000.0;97500.0;133000.0;51000.0;50000.0;33500.0;243000.0;367000.0;610000.0;182000.0;281500.0;1.0;1.875;1.4778;1.275;1.3158;1.5952;1.5103;1.5467;1000.0;7000.0;18500.0;8500.0;6500.0;3500.0;1000.0;16000.0;40500.0;14500.0;11500.0;5500.0;45000.0;89000.0;134000.0;34000.0;71000.0;1.0;2.2857;2.1892;1.7059;1.7692;1.5714;1.9778;2.0882;500.0;27000.0;48000.0;20500.0;17500.0;9500.0;500.0;45000.0;62000.0;23000.0;21500.0;15000.0;123000.0;167000.0;290000.0;95500.0;130000.0;1.0;1.6667;1.2917;1.122;1.2286;1.5789;1.3577;1.3613;500.0;20500.0;38500.0;18000.0;16000.0;9000.0;500.0;36000.0;53500.0;21500.0;21500.0;15000.0;102500.0;148000.0;250500.0;77000.0;111000.0;1.0;1.7561;1.3896;1.1944;1.3438;1.6667;1.4439;1.4416;500.0;30500.0;54500.0;23000.0;21500.0;11500.0;500.0;51500.0;74000.0;28000.0;28000.0;18500.0;141500.0;200500.0;342000.0;108000.0;153500.0;1.0;1.6885;1.3578;1.2174;1.3023;1.6087;1.417;1.4213
country;SJ;SJM;Svalbard and Jan Mayen;500.0;500.0;500.0;500.0;500.0;500.0;500.0;500.0;500.0;500.0;500.0;500.0;3000.0;3000.0;6000.0;1500.0;1500.0;1.0;1.0;1.0;1.0;1.0;1.0;1.0;1.0;500.0;500.0;500.0;500.0;500.0;500.0;500.0;500.0;500.0;500.0;500.0;500.0;3000.0;3000.0;6000.0;1500.0;1500.0;1.0;1.0;1.0;1.0;1.0;1.0;1.0;1.0;500.0;500.0;500.0;500.0;500.0;500.0;500.0;500.0;500.0;500.0;500.0;500.0;3000.0;3000.0;6000.0;1500.0;1500.0;1.0;1.0;1.0;1.0;1.0;1.0;1.0;1.0;2000.0;2000.0;2000.0;2000.0;2000.0;2000.0;2000.0;2000.0;2000.0;2000.0;2000.0;2000.0;12000.0;12000.0;24000.0;6000.0;6000.0;1.0;1.0;1.0;1.0;1.0;1.0;1.0;1.0;1000.0;1000.0;1000.0;1000.0;1000.0;1000.0;1000.0;1000.0;1000.0;1000.0;1000.0;1000.0;6000.0;6000.0;12000.0;3000.0;3000.0;1.0;1.0;1.0;1.0;1.0;1.0;1.0;1.0;500.0;500.0;500.0;500.0;500.0;500.0;500.0;500.0;500.0;500.0;500.0;500.0;3000.0;3000.0;6000.0;1500.0;1500.0;1.0;1.0;1.0;1.0;1.0;1.0;1.0;1.0;500.0;500.0;500.0;500.0;500.0;500.0;500.0;500.0;500.0;500.0;500.0;500.0;3000.0;3000.0;6000.0;1500.0;1500.0;1.0;1.0;1.0;1.0;1.0;1.0;1.0;1.0;500.0;500.0;500.0;500.0;500.0;500.0;500.0;500.0;500.0;500.0;500.0;500.0;3000.0;3000.0;6000.0;1500.0;1500.0;1.0;1.0;1.0;1.0;1.0;1.0;1.0;1.0
country;SK;SVK;Slovakia;500.0;58500.0;102500.0;45000.0;26000.0;16500.0;500.0;103000.0;146000.0;61000.0;36000.0;27500.0;249000.0;374000.0;623000.0;206000.0;310000.0;1.0;1.7607;1.4244;1.3556;1.3846;1.6667;1.502;1.5049;500.0;58000.0;101500.0;45000.0;26000.0;16500.0;500.0;101500.0;144000.0;59500.0;36500.0;27500.0;247500.0;369500.0;617000.0;204500.0;305000.0;1.0;1.75;1.4187;1.3222;1.4038;1.6667;1.4929;1.4914;500.0;51500.0;73000.0;25500.0;15000.0;9000.0;500.0;85500.0;97000.0;34000.0;19500.0;14000.0;174500.0;250500.0;425000.0;150000.0;216500.0;1.0;1.6602;1.3288;1.3333;1.3;1.5556;1.4355;1.4433;2000.0;115500.0;210000.0;92000.0;56000.0;35500.0;2000.0;212500.0;308500.0;127500.0;78000.0;58000.0;511000.0;786500.0;1297500.0;417500.0;648500.0;1.0;1.8398;1.469;1.3859;1.3929;1.6338;1.5391;1.5533;1000.0;6500.0;12000.0;6500.0;4500.0;2000.0;1000.0;12000.0;19000.0;8500.0;5000.0;3000.0;32500.0;48500.0;81000.0;25000.0;39500.0;1.0;1.8462;1.5833;1.3077;1.1111;1.5;1.4923;1.58;500.0;49500.0;91000.0;40500.0;24000.0;15000.0;500.0;81500.0;121500.0;50500.0;31500.0;24000.0;220500.0;309500.0;530000.0;181000.0;253500.0;1.0;1.6465;1.3352;1.2469;1.3125;1.6;1.4036;1.4006;500.0;26000.0;45500.0;23500.0;16000.0;10500.0;500.0;46500.0;63000.0;29000.0;20500.0;16500.0;122000.0;176000.0;298000.0;95000.0;138500.0;1.0;1.7885;1.3846;1.234;1.2812;1.5714;1.4426;1.4579;500.0;59500.0;105000.0;47000.0;27000.0;17000.0;500.0;105500.0;153000.0;64000.0;37500.0;28500.0;256000.0;389000.0;645000.0;211500.0;322500.0;1.0;1.7731;1.4571;1.3617;1.3889;1.6765;1.5195;1.5248
country;SM;SMR;San Marino;500.0;500.0;500.0;500.0;500.0;500.0;500.0;500.0;500.0;500.0;500.0;500.0;3000.0;3000.0;6000.0;1500.0;1500.0;1.0;1.0;1.0;1.0;1.0;1.0;1.0;1.0;500.0;500.0;500.0;500.0;500.0;500.0;500.0;500.0;500.0;500.0;500.0;500.0;3000.0;3000.0;6000.0;1500.0;1500.0;1.0;1.0;1.0;1.0;1.0;1.0;1.0;1.0;500.0;500.0;500.0;500.0;500.0;500.0;500.0;500.0;500.0;500.0;500.0;500.0;3000.0;3000.0;6000.0;1500.0;1500.0;1.0;1.0;1.0;1.0;1.0;1.0;1.0;1.0;2000.0;2000.0;2000.0;2000.0;2000.0;2000.0;2000.0;2000.0;2000.0;2000.0;2000.0;2000.0;12000.0;12000.0;24000.0;6000.0;6000.0;1.0;1.0;1.0;1.0;1.0;1.0;1.0;1.0;1000.0;1000.0;1000.0;1000.0;1000.0;1000.0;1000.0;1000.0;1000.0;1000.0;1000.0;1000.0;6000.0;6000.0;12000.0;3000.0;3000.0;1.0;1.0;1.0;1.0;1.0;1.0;1.0;1.0;500.0;500.0;500.0;500.0;500.0;500.0;500.0;500.0;500.0;500.0;500.0;500.0;3000.0;3000.0;6000.0;1500.0;1500.0;1.0;1.0;1.0;1.0;1.0;1.0;1.0;1.0;500.0;500.0;500.0;500.0;500.0;500.0;500.0;500.0;500.0;500.0;500.0;500.0;3000.0;3000.0;6000.0;1500.0;1500.0;1.0;1.0;1.0;1.0;1.0;1.0;1.0;1.0;500.0;500.0;500.0;500.0;500.0;500.0;500.0;500.0;500.0;500.0;500.0;500.0;3000.0;3000.0;6000.0;1500.0;1500.0;1.0;1.0;1.0;1.0;1.0;1.0;1.0;1.0
country;SO;SOM;Somalia;500.0;47000.0;80500.0;19500.0;7500.0;16500.0;500.0;29500.0;39500.0;8500.0;2500.0;7000.0;171500.0;87500.0;259000.0;147000.0;77500.0;1.0;0.6277;0.4907;0.4359;0.3333;0.4242;0.5102;0.5272;500.0;14000.0;21000.0;5000.0;2000.0;3000.0;500.0;7500.0;9500.0;1500.0;500.0;1500.0;45500.0;21000.0;66500.0;40000.0;18500.0;1.0;0.5357;0.4524;0.3;0.25;0.5;0.4615;0.4625;500.0;36000.0;46000.0;9500.0;4000.0;9500.0;500.0;21000.0;23000.0;4000.0;1500.0;4500.0;105500.0;54500.0;160000.0;91500.0;48000.0;1.0;0.5833;0.5;0.4211;0.375;0.4737;0.5166;0.5246;2000.0;24000.0;38500.0;10000.0;4500.0;7500.0;2000.0;19500.0;26500.0;5500.0;3000.0;5000.0;86500.0;61500.0;148000.0;72500.0;51500.0;1.0;0.8125;0.6883;0.55;0.6667;0.6667;0.711;0.7103;1000.0;11500.0;17500.0;4500.0;2000.0;3500.0;1000.0;14500.0;20000.0;3500.0;2000.0;3500.0;40000.0;44500.0;84500.0;33500.0;38000.0;1.0;1.2609;1.1429;0.7778;1.0;1.0;1.1125;1.1343;500.0;23000.0;37500.0;8500.0;4000.0;7000.0;500.0;15500.0;18500.0;4000.0;1500.0;3500.0;80500.0;43500.0;124000.0;69000.0;38000.0;1.0;0.6739;0.4933;0.4706;0.375;0.5;0.5404;0.5507;500.0;4000.0;6500.0;1500.0;500.0;1500.0;500.0;2500.0;4000.0;500.0;500.0;500.0;14500.0;8500.0;23000.0;12000.0;7000.0;1.0;0.625;0.6154;0.3333;1.0;0.3333;0.5862;0.5833;500.0;81500.0;109500.0;26000.0;8500.0;19500.0;500.0;73500.0;79500.0;14000.0;4000.0;12500.0;245500.0;184000.0;429500.0;217000.0;167000.0;1.0;0.9018;0.726;0.5385;0.4706;0.641;0.7495;0.7696
country;SS;SSD;South Sudan;500.0;6000.0;10500.0;4000.0;500.0;500.0;500.0;2000.0;4000.0;1500.0;500.0;500.0;22000.0;9000.0;31000.0;20500.0;7500.0;1.0;0.3333;0.381;0.375;1.0;1.0;0.4091;0.3659;500.0;4000.0;8500.0;2500.0;500.0;500.0;500.0;1500.0;3000.0;500.0;500.0;500.0;16500.0;6500.0;23000.0;15000.0;5000.0;1.0;0.375;0.3529;0.2;1.0;1.0;0.3939;0.3333;500.0;3000.0;4000.0;1500.0;500.0;500.0;500.0;500.0;2000.0;500.0;500.0;500.0;10000.0;4500.0;14500.0;8500.0;3000.0;1.0;0.1667;0.5;0.3333;1.0;1.0;0.45;0.3529;2000.0;5000.0;7500.0;3500.0;2000.0;2000.0;2000.0;2000.0;3000.0;2000.0;2000.0;2000.0;22000.0;13000.0;35000.0;16000.0;7000.0;1.0;0.4;0.4;0.5714;1.0;1.0;0.5909;0.4375;1000.0;1000.0;3000.0;1000.0;1000.0;1000.0;1000.0;1000.0;2000.0;1000.0;1000.0;1000.0;8000.0;7000.0;15000.0;5000.0;4000.0;1.0;1.0;0.6667;1.0;1.0;1.0;0.875;0.8;500.0;3000.0;7000.0;2500.0;500.0;500.0;500.0;1500.0;2500.0;500.0;500.0;500.0;14000.0;6000.0;20000.0;12500.0;4500.0;1.0;0.5;0.3571;0.2;1.0;1.0;0.4286;0.36;500.0;2500.0;4000.0;1500.0;500.0;500.0;500.0;500.0;1500.0;500.0;500.0;500.0;9500.0;4000.0;13500.0;8000.0;2500.0;1.0;0.2;0.375;0.3333;1.0;1.0;0.4211;0.3125;500.0;7000.0;11500.0;3000.0;1500.0;500.0;500.0;2500.0;5500.0;1500.0;500.0;500.0;24000.0;11000.0;35000.0;21500.0;9500.0;1.0;0.3571;0.4783;0.5;0.3333;1.0;0.4583;0.4419
country;ST;STP;Sao Tome and Principe;500.0;500.0;500.0;500.0;500.0;500.0;500.0;500.0;500.0;500.0;500.0;500.0;3000.0;3000.0;6000.0;1500.0;1500.0;1.0;1.0;1.0;1.0;1.0;1.0;1.0;1.0;500.0;500.0;500.0;500.0;500.0;500.0;500.0;500.0;500.0;500.0;500.0;500.0;3000.0;3000.0;6000.0;1500.0;1500.0;1.0;1.0;1.0;1.0;1.0;1.0;1.0;1.0;500.0;500.0;500.0;500.0;500.0;500.0;500.0;500.0;500.0;500.0;500.0;500.0;3000.0;3000.0;6000.0;1500.0;1500.0;1.0;1.0;1.0;1.0;1.0;1.0;1.0;1.0;2000.0;2000.0;2000.0;2000.0;2000.0;2000.0;2000.0;2000.0;2000.0;2000.0;2000.0;2000.0;12000.0;12000.0;24000.0;6000.0;6000.0;1.0;1.0;1.0;1.0;1.0;1.0;1.0;1.0;1000.0;1000.0;1000.0;1000.0;1000.0;1000.0;1000.0;1000.0;1000.0;1000.0;1000.0;1000.0;6000.0;6000.0;12000.0;3000.0;3000.0;1.0;1.0;1.0;1.0;1.0;1.0;1.0;1.0;500.0;500.0;500.0;500.0;500.0;500.0;500.0;500.0;500.0;500.0;500.0;500.0;3000.0;3000.0;6000.0;1500.0;1500.0;1.0;1.0;1.0;1.0;1.0;1.0;1.0;1.0;500.0;500.0;500.0;500.0;500.0;500.0;500.0;500.0;500.0;500.0;500.0;500.0;3000.0;3000.0;6000.0;1500.0;1500.0;1.0;1.0;1.0;1.0;1.0;1.0;1.0;1.0;500.0;500.0;500.0;500.0;500.0;500.0;500.0;500.0;500.0;500.0;500.0;500.0;3000.0;3000.0;6000.0;1500.0;1500.0;1.0;1.0;1.0;1.0;1.0;1.0;1.0;1.0
country;SV;SLV;El Salvador;500.0;104000.0;170000.0;74000.0;39500.0;31500.0;500.0;114000.0;181500.0;79500.0;43000.0;39500.0;419500.0;458000.0;877500.0;348000.0;375000.0;1.0;1.0962;1.0676;1.0743;1.0886;1.254;1.0918;1.0776;500.0;56000.0;68500.0;30500.0;15000.0;9500.0;500.0;61500.0;60500.0;25500.0;13000.0;10500.0;180000.0;171500.0;351500.0;155000.0;147500.0;1.0;1.0982;0.8832;0.8361;0.8667;1.1053;0.9528;0.9516;500.0;52000.0;70500.0;24000.0;12500.0;6500.0;500.0;79500.0;126000.0;41500.0;19500.0;11500.0;166000.0;278500.0;444500.0;146500.0;247000.0;1.0;1.5288;1.7872;1.7292;1.56;1.7692;1.6777;1.686;2000.0;33000.0;70000.0;40500.0;24500.0;17500.0;2000.0;39500.0;83500.0;44000.0;26500.0;24500.0;187500.0;220000.0;407500.0;143500.0;167000.0;1.0;1.197;1.1929;1.0864;1.0816;1.4;1.1733;1.1638;1000.0;19000.0;38500.0;18500.0;6500.0;4500.0;1000.0;46500.0;102000.0;39000.0;13000.0;8000.0;88000.0;209500.0;297500.0;76000.0;187500.0;1.0;2.4474;2.6494;2.1081;2.0;1.7778;2.3807;2.4671;500.0;111500.0;168500.0;74000.0;34000.0;25000.0;500.0;132000.0;184000.0;69500.0;37500.0;31000.0;413500.0;454500.0;868000.0;354000.0;385500.0;1.0;1.1839;1.092;0.9392;1.1029;1.24;1.0992;1.089;500.0;32000.0;44000.0;17000.0;6500.0;6000.0;500.0;45000.0;58500.0;17500.0;10500.0;9000.0;106000.0;141000.0;247000.0;93000.0;121000.0;1.0;1.4062;1.3295;1.0294;1.6154;1.5;1.3302;1.3011;500.0;175000.0;270500.0;120500.0;57000.0;43000.0;500.0;210500.0;336000.0;137000.0;75000.0;58000.0;666500.0;817000.0;1483500.0;566000.0;683500.0;1.0;1.2029;1.2421;1.1369;1.3158;1.3488;1.2258;1.2076
country;SX;SXM;Sint Maarten (Dutch part);500.0;500.0;500.0;500.0;500.0;500.0;500.0;500.0;500.0;500.0;500.0;500.0;3000.0;3000.0;6000.0;1500.0;1500.0;1.0;1.0;1.0;1.0;1.0;1.0;1.0;1.0;500.0;500.0;500.0;500.0;500.0;500.0;500.0;500.0;500.0;500.0;500.0;500.0;3000.0;3000.0;6000.0;1500.0;1500.0;1.0;1.0;1.0;1.0;1.0;1.0;1.0;1.0;500.0;500.0;500.0;500.0;500.0;500.0;500.0;500.0;500.0;500.0;500.0;500.0;3000.0;3000.0;6000.0;1500.0;1500.0;1.0;1.0;1.0;1.0;1.0;1.0;1.0;1.0;2000.0;2000.0;2000.0;2000.0;2000.0;2000.0;2000.0;2000.0;2000.0;2000.0;2000.0;2000.0;12000.0;12000.0;24000.0;6000.0;6000.0;1.0;1.0;1.0;1.0;1.0;1.0;1.0;1.0;1000.0;1000.0;1000.0;1000.0;1000.0;1000.0;1000.0;1000.0;1000.0;1000.0;1000.0;1000.0;6000.0;6000.0;12000.0;3000.0;3000.0;1.0;1.0;1.0;1.0;1.0;1.0;1.0;1.0;500.0;500.0;500.0;500.0;500.0;500.0;500.0;500.0;500.0;500.0;500.0;500.0;3000.0;3000.0;6000.0;1500.0;1500.0;1.0;1.0;1.0;1.0;1.0;1.0;1.0;1.0;500.0;500.0;500.0;500.0;500.0;500.0;500.0;500.0;500.0;500.0;500.0;500.0;3000.0;3000.0;6000.0;1500.0;1500.0;1.0;1.0;1.0;1.0;1.0;1.0;1.0;1.0;500.0;500.0;500.0;500.0;500.0;500.0;500.0;500.0;500.0;500.0;500.0;500.0;3000.0;3000.0;6000.0;1500.0;1500.0;1.0;1.0;1.0;1.0;1.0;1.0;1.0;1.0
country;SY;SYR;Syria;500.0;6000.0;6500.0;2500.0;500.0;500.0;500.0;2500.0;2500.0;500.0;500.0;500.0;16500.0;7000.0;23500.0;15000.0;5500.0;1.0;0.4167;0.3846;0.2;1.0;1.0;0.4242;0.3667;500.0;5500.0;6500.0;2000.0;500.0;500.0;500.0;2500.0;2500.0;500.0;500.0;500.0;15500.0;7000.0;22500.0;14000.0;5500.0;1.0;0.4545;0.3846;0.25;1.0;1.0;0.4516;0.3929;500.0;3500.0;3500.0;1500.0;500.0;500.0;500.0;1500.0;1500.0;500.0;500.0;500.0;10000.0;5000.0;15000.0;8500.0;3500.0;1.0;0.4286;0.4286;0.3333;1.0;1.0;0.5;0.4118;2000.0;5500.0;7000.0;2000.0;2000.0;2000.0;2000.0;3000.0;3000.0;2000.0;2000.0;2000.0;20500.0;14000.0;34500.0;14500.0;8000.0;1.0;0.5455;0.4286;1.0;1.0;1.0;0.6829;0.5517;1000.0;2500.0;3500.0;1000.0;1000.0;1000.0;1000.0;2000.0;2000.0;1000.0;1000.0;1000.0;10000.0;8000.0;18000.0;7000.0;5000.0;1.0;0.8;0.5714;1.0;1.0;1.0;0.8;0.7143;500.0;4000.0;5000.0;2000.0;500.0;500.0;500.0;2000.0;2000.0;500.0;500.0;500.0;12500.0;6000.0;18500.0;11000.0;4500.0;1.0;0.5;0.4;0.25;1.0;1.0;0.48;0.4091;500.0;2500.0;3000.0;500.0;500.0;500.0;500.0;1500.0;1500.0;500.0;500.0;500.0;7500.0;5000.0;12500.0;6000.0;3500.0;1.0;0.6;0.5;1.0;1.0;1.0;0.6667;0.5833;500.0;6500.0;7000.0;2500.0;500.0;500.0;500.0;3000.0;2500.0;1500.0;500.0;500.0;17500.0;8500.0;26000.0;16000.0;7000.0;1.0;0.4615;0.3571;0.6;1.0;1.0;0.4857;0.4375
country;TC;TCA;Turks and Caicos Islands;500.0;2000.0;4000.0;1500.0;500.0;500.0;500.0;2000.0;3000.0;2000.0;500.0;500.0;9000.0;8500.0;17500.0;7500.0;7000.0;1.0;1.0;0.75;1.3333;1.0;1.0;0.9444;0.9333;500.0;1500.0;1500.0;500.0;500.0;500.0;500.0;500.0;1500.0;500.0;500.0;500.0;5000.0;4000.0;9000.0;3500.0;2500.0;1.0;0.3333;1.0;1.0;1.0;1.0;0.8;0.7143;500.0;500.0;500.0;500.0;500.0;500.0;500.0;500.0;500.0;500.0;500.0;500.0;3000.0;3000.0;6000.0;1500.0;1500.0;1.0;1.0;1.0;1.0;1.0;1.0;1.0;1.0;2000.0;3000.0;4500.0;3000.0;2000.0;2000.0;2000.0;2000.0;4000.0;3500.0;2000.0;2000.0;16500.0;15500.0;32000.0;10500.0;9500.0;1.0;0.6667;0.8889;1.1667;1.0;1.0;0.9394;0.9048;1000.0;1000.0;1000.0;1000.0;1000.0;1000.0;1000.0;1000.0;2000.0;1000.0;1000.0;1000.0;6000.0;7000.0;13000.0;3000.0;4000.0;1.0;1.0;2.0;1.0;1.0;1.0;1.1667;1.3333;500.0;3000.0;6000.0;3000.0;1500.0;500.0;500.0;3000.0;6000.0;3500.0;1500.0;1500.0;14500.0;16000.0;30500.0;12000.0;12500.0;1.0;1.0;1.0;1.1667;1.0;3.0;1.1034;1.0417;500.0;1500.0;1500.0;500.0;500.0;500.0;500.0;500.0;1500.0;1500.0;500.0;500.0;5000.0;5000.0;10000.0;3500.0;3500.0;1.0;0.3333;1.0;3.0;1.0;1.0;1.0;1.0;500.0;3000.0;6000.0;3000.0;1500.0;500.0;500.0;3000.0;6000.0;4000.0;1500.0;1500.0;14500.0;16500.0;31000.0;12000.0;13000.0;1.0;1.0;1.0;1.3333;1.0;3.0;1.1379;1.0833
country;TD;TCD;Chad;500.0;161000.0;198000.0;52000.0;12500.0;18000.0;500.0;44000.0;70500.0;20500.0;5000.0;5000.0;442000.0;145500.0;587500.0;411000.0;135000.0;1.0;0.2733;0.3561;0.3942;0.4;0.2778;0.3292;0.3285;500.0;85000.0;138500.0;34500.0;8500.0;12000.0;500.0;20500.0;45000.0;16000.0;4000.0;3000.0;279000.0;89000.0;368000.0;258000.0;81500.0;1.0;0.2412;0.3249;0.4638;0.4706;0.25;0.319;0.3159;500.0;69000.0;77000.0;18000.0;4000.0;7500.0;500.0;17000.0;19500.0;6000.0;1500.0;1500.0;176000.0;46000.0;222000.0;164000.0;42500.0;1.0;0.2464;0.2532;0.3333;0.375;0.2;0.2614;0.2591;2000.0;122000.0;158500.0;43500.0;11000.0;15000.0;2000.0;31000.0;56500.0;22000.0;5500.0;6000.0;352000.0;123000.0;475000.0;324000.0;109500.0;1.0;0.2541;0.3565;0.5057;0.5;0.4;0.3494;0.338;1000.0;46000.0;91500.0;24500.0;4500.0;7500.0;1000.0;16500.0;42500.0;14500.0;3000.0;2000.0;175000.0;79500.0;254500.0;162000.0;73500.0;1.0;0.3587;0.4645;0.5918;0.6667;0.2667;0.4543;0.4537;500.0;111500.0;146000.0;39500.0;8500.0;13000.0;500.0;26500.0;43000.0;14000.0;4000.0;3000.0;319000.0;91000.0;410000.0;297000.0;83500.0;1.0;0.2377;0.2945;0.3544;0.4706;0.2308;0.2853;0.2811;500.0;92500.0;131500.0;31500.0;7000.0;11500.0;500.0;22000.0;44000.0;14000.0;2500.0;2500.0;274500.0;85500.0;360000.0;255500.0;80000.0;1.0;0.2378;0.3346;0.4444;0.3571;0.2174;0.3115;0.3131;500.0;157000.0;202500.0;51000.0;11500.0;16500.0;500.0;46000.0;78000.0;25000.0;5000.0;4000.0;439000.0;158500.0;597500.0;410500.0;149000.0;1.0;0.293;0.3852;0.4902;0.4348;0.2424;0.361;0.363
country;TF;ATF;French Southern Territories;500.0;500.0;500.0;500.0;500.0;500.0;500.0;500.0;500.0;500.0;500.0;500.0;3000.0;3000.0;6000.0;1500.0;1500.0;1.0;1.0;1.0;1.0;1.0;1.0;1.0;1.0;500.0;500.0;500.0;500.0;500.0;500.0;500.0;500.0;500.0;500.0;500.0;500.0;3000.0;3000.0;6000.0;1500.0;1500.0;1.0;1.0;1.0;1.0;1.0;1.0;1.0;1.0;500.0;500.0;500.0;500.0;500.0;500.0;500.0;500.0;500.0;500.0;500.0;500.0;3000.0;3000.0;6000.0;1500.0;1500.0;1.0;1.0;1.0;1.0;1.0;1.0;1.0;1.0;2000.0;2000.0;2000.0;2000.0;2000.0;2000.0;2000.0;2000.0;2000.0;2000.0;2000.0;2000.0;12000.0;12000.0;24000.0;6000.0;6000.0;1.0;1.0;1.0;1.0;1.0;1.0;1.0;1.0;1000.0;1000.0;1000.0;1000.0;1000.0;1000.0;1000.0;1000.0;1000.0;1000.0;1000.0;1000.0;6000.0;6000.0;12000.0;3000.0;3000.0;1.0;1.0;1.0;1.0;1.0;1.0;1.0;1.0;500.0;500.0;500.0;500.0;500.0;500.0;500.0;500.0;500.0;500.0;500.0;500.0;3000.0;3000.0;6000.0;1500.0;1500.0;1.0;1.0;1.0;1.0;1.0;1.0;1.0;1.0;500.0;500.0;500.0;500.0;500.0;500.0;500.0;500.0;500.0;500.0;500.0;500.0;3000.0;3000.0;6000.0;1500.0;1500.0;1.0;1.0;1.0;1.0;1.0;1.0;1.0;1.0;500.0;500.0;500.0;500.0;500.0;500.0;500.0;500.0;500.0;500.0;500.0;500.0;3000.0;3000.0;6000.0;1500.0;1500.0;1.0;1.0;1.0;1.0;1.0;1.0;1.0;1.0
country;TH;THA;Thailand;500.0;4048500.0;7575500.0;3949500.0;2078000.0;2103000.0;500.0;4399500.0;8625000.0;4804000.0;2865000.0;3097500.0;19755000.0;23791500.0;43546500.0;15573500.0;17828500.0;1.0;1.0867;1.1385;1.2164;1.3787;1.4729;1.2043;1.1448;500.0;3078000.0;6369500.0;3229500.0;1689000.0;1481500.0;500.0;2901500.0;6441000.0;3404500.0;2044000.0;1840500.0;15848000.0;16632000.0;32480000.0;12677000.0;12747000.0;1.0;0.9427;1.0112;1.0542;1.2102;1.2423;1.0495;1.0055;500.0;2798500.0;3611000.0;1705000.0;894000.0;888000.0;500.0;2845500.0;3896000.0;1821500.0;1001500.0;1121500.0;9897000.0;10686500.0;20583500.0;8114500.0;8563000.0;1.0;1.0168;1.0789;1.0683;1.1202;1.263;1.0798;1.0553;2000.0;3278000.0;3721000.0;1822000.0;1036000.0;1005000.0;2000.0;2315500.0;3415000.0;1624000.0;1015000.0;1027000.0;10864000.0;9398500.0;20262500.0;8821000.0;7354500.0;1.0;0.7064;0.9178;0.8913;0.9797;1.0219;0.8651;0.8337;1000.0;3282500.0;6818500.0;3454000.0;1477000.0;1569500.0;1000.0;4005500.0;8312500.0;4525500.0;2217500.0;2318500.0;16602500.0;21380500.0;37983000.0;13555000.0;16843500.0;1.0;1.2203;1.2191;1.3102;1.5014;1.4772;1.2878;1.2426;500.0;3397500.0;5888500.0;2845000.0;1448500.0;1603000.0;500.0;3554000.0;6378000.0;3180500.0;1806500.0;2164000.0;15183000.0;17083500.0;32266500.0;12131000.0;13112500.0;1.0;1.0461;1.0831;1.1179;1.2472;1.35;1.1252;1.0809;500.0;3452500.0;6299000.0;3187500.0;1690500.0;1795000.0;500.0;3569000.0;6731500.0;3633000.0;2219000.0;2548500.0;16425000.0;18701500.0;35126500.0;12939000.0;13933500.0;1.0;1.0337;1.0687;1.1398;1.3126;1.4198;1.1386;1.0769;500.0;4407000.0;8337000.0;4286000.0;2226000.0;2265000.0;500.0;4759500.0;9429500.0;5249500.0;3119500.0;3410500.0;21521500.0;25969000.0;47490500.0;17030000.0;19438500.0;1.0;1.08;1.131;1.2248;1.4014;1.5057;1.2067;1.1414
country;TN;TUN;Tunisia;500.0;73000.0;126000.0;68500.0;26000.0;18500.0;500.0;64000.0;95000.0;40500.0;16000.0;18000.0;312500.0;234000.0;546500.0;267500.0;199500.0;1.0;0.8767;0.754;0.5912;0.6154;0.973;0.7488;0.7458;500.0;9500.0;17500.0;9500.0;3500.0;3500.0;500.0;8000.0;15000.0;5000.0;2000.0;3500.0;44000.0;34000.0;78000.0;36500.0;28000.0;1.0;0.8421;0.8571;0.5263;0.5714;1.0;0.7727;0.7671;500.0;33500.0;48500.0;23000.0;7000.0;8000.0;500.0;30500.0;42500.0;17000.0;7000.0;7500.0;120500.0;105000.0;225500.0;105000.0;90000.0;1.0;0.9104;0.8763;0.7391;1.0;0.9375;0.8714;0.8571;2000.0;21500.0;33000.0;18000.0;5500.0;4500.0;2000.0;14500.0;26000.0;9500.0;3500.0;3500.0;84500.0;59000.0;143500.0;72500.0;50000.0;1.0;0.6744;0.7879;0.5278;0.6364;0.7778;0.6982;0.6897;1000.0;9000.0;19500.0;12000.0;3500.0;3000.0;1000.0;15500.0;38500.0;17500.0;4000.0;3500.0;48000.0;80000.0;128000.0;40500.0;71500.0;1.0;1.7222;1.9744;1.4583;1.1429;1.1667;1.6667;1.7654;500.0;77000.0;122000.0;67500.0;23000.0;18500.0;500.0;67000.0;101500.0;35000.0;14000.0;15000.0;308500.0;233000.0;541500.0;266500.0;203500.0;1.0;0.8701;0.832;0.5185;0.6087;0.8108;0.7553;0.7636;500.0;14000.0;21500.0;12500.0;4000.0;3000.0;500.0;10500.0;13500.0;5000.0;1500.0;2500.0;55500.0;33500.0;89000.0;48000.0;29000.0;1.0;0.75;0.6279;0.4;0.375;0.8333;0.6036;0.6042;500.0;91500.0;143000.0;78000.0;27500.0;20500.0;500.0;117500.0;177500.0;73000.0;28500.0;25000.0;361000.0;422000.0;783000.0;312500.0;368000.0;1.0;1.2842;1.2413;0.9359;1.0364;1.2195;1.169;1.1776
country;TR;TUR;Turkey;500.0;4869500.0;7739500.0;3685000.0;2012000.0;1304500.0;500.0;4208000.0;5233000.0;1865000.0;984000.0;808500.0;19611000.0;13099000.0;32710000.0;16294000.0;11306000.0;1.0;0.8642;0.6761;0.5061;0.4891;0.6198;0.6679;0.6939;500.0;4861500.0;8048000.0;3920500.0;2142000.0;1410500.0;500.0;4238000.0;5453500.0;2007000.0;1061500.0;891500.0;20383000.0;13652000.0;34035000.0;16830000.0;11698500.0;1.0;0.8717;0.6776;0.5119;0.4956;0.632;0.6698;0.6951;500.0;2755000.0;3716000.0;1818000.0;1069500.0;769500.0;500.0;2631500.0;2683000.0;932000.0;512500.0;477000.0;10128500.0;7236500.0;17365000.0;8289000.0;6246500.0;1.0;0.9552;0.722;0.5127;0.4792;0.6199;0.7145;0.7536;2000.0;5395500.0;8744500.0;4046000.0;2223500.0;1300000.0;2000.0;5050000.0;6079500.0;2034500.0;1032000.0;782500.0;21711500.0;14980500.0;36692000.0;18186000.0;13164000.0;1.0;0.936;0.6952;0.5028;0.4641;0.6019;0.69;0.7239;1000.0;2526500.0;6693500.0;3323000.0;1323000.0;569000.0;1000.0;2861500.0;4875000.0;1730000.0;641000.0;353500.0;14436000.0;10462000.0;24898000.0;12543000.0;9466500.0;1.0;1.1326;0.7283;0.5206;0.4845;0.6213;0.7247;0.7547;500.0;3551500.0;6180500.0;3120500.0;1736000.0;1137500.0;500.0;3372500.0;4411000.0;1579000.0;842000.0;720500.0;15726500.0;10925500.0;26652000.0;12852500.0;9362500.0;1.0;0.9496;0.7137;0.506;0.485;0.6334;0.6947;0.7285;500.0;3017000.0;6073000.0;3083000.0;1281500.0;744000.0;500.0;2879500.0;4283000.0;1530500.0;606000.0;458500.0;14199000.0;9758000.0;23957000.0;12173000.0;8693000.0;1.0;0.9544;0.7053;0.4964;0.4729;0.6163;0.6872;0.7141;500.0;5126500.0;8451000.0;3992500.0;2104000.0;1350500.0;500.0;4492000.0;5758500.0;2068500.0;1045000.0;856000.0;21025000.0;14220500.0;35245500.0;17570000.0;12319000.0;1.0;0.8762;0.6814;0.5181;0.4967;0.6338;0.6764;0.7011
country;TT;TTO;Trinidad and Tobago;500.0;46000.0;79000.0;57500.0;35000.0;23000.0;500.0;57500.0;86500.0;59500.0;38500.0;35000.0;241000.0;277500.0;518500.0;182500.0;203500.0;1.0;1.25;1.0949;1.0348;1.1;1.5217;1.1515;1.1151;500.0;21500.0;41000.0;33500.0;21000.0;15000.0;500.0;24000.0;42500.0;34000.0;22500.0;22500.0;132500.0;146000.0;278500.0;96000.0;100500.0;1.0;1.1163;1.0366;1.0149;1.0714;1.5;1.1019;1.0469;500.0;24000.0;38500.0;29500.0;18500.0;11500.0;500.0;36000.0;52500.0;40500.0;26500.0;21500.0;122500.0;177500.0;300000.0;92000.0;129000.0;1.0;1.5;1.3636;1.3729;1.4324;1.8696;1.449;1.4022;2000.0;24000.0;44500.0;38500.0;28500.0;21000.0;2000.0;38000.0;63500.0;49000.0;33000.0;34500.0;158500.0;220000.0;378500.0;107000.0;150500.0;1.0;1.5833;1.427;1.2727;1.1579;1.6429;1.388;1.4065;1000.0;7500.0;14000.0;11000.0;6000.0;4500.0;1000.0;19500.0;28500.0;16500.0;7500.0;6500.0;44000.0;79500.0;123500.0;32500.0;64500.0;1.0;2.6;2.0357;1.5;1.25;1.4444;1.8068;1.9846;500.0;27000.0;45000.0;31500.0;19500.0;11500.0;500.0;42500.0;61500.0;38500.0;25000.0;19500.0;135000.0;187500.0;322500.0;103500.0;142500.0;1.0;1.5741;1.3667;1.2222;1.2821;1.6957;1.3889;1.3768;500.0;11500.0;20500.0;16000.0;9500.0;6500.0;500.0;17000.0;22500.0;16500.0;10500.0;10000.0;64500.0;77000.0;141500.0;48000.0;56000.0;1.0;1.4783;1.0976;1.0312;1.1053;1.5385;1.1938;1.1667;500.0;41500.0;71000.0;52000.0;29500.0;19500.0;500.0;56500.0;84000.0;57000.0;36000.0;30500.0;214000.0;264500.0;478500.0;164500.0;197500.0;1.0;1.3614;1.1831;1.0962;1.2203;1.5641;1.236;1.2006
country;TW;TWN;Taiwan;500.0;283500.0;583500.0;415000.0;258500.0;191000.0;500.0;273000.0;518000.0;375000.0;239500.0;209500.0;1732000.0;1615500.0;3347500.0;1282000.0;1166000.0;1.0;0.963;0.8877;0.9036;0.9265;1.0969;0.9327;0.9095;500.0;383500.0;748000.0;491000.0;305000.0;226000.0;500.0;357000.0;649500.0;440500.0;285000.0;254000.0;2154000.0;1986500.0;4140500.0;1622500.0;1447000.0;1.0;0.9309;0.8683;0.8971;0.9344;1.1239;0.9222;0.8918;500.0;199500.0;359500.0;247000.0;168500.0;161500.0;500.0;174000.0;325500.0;234000.0;165000.0;199500.0;1136500.0;1098500.0;2235000.0;806000.0;733500.0;1.0;0.8722;0.9054;0.9474;0.9792;1.2353;0.9666;0.91;2000.0;257000.0;492000.0;373500.0;256500.0;206500.0;2000.0;298500.0;553000.0;442000.0;285500.0;262000.0;1587500.0;1843000.0;3430500.0;1122500.0;1293500.0;1.0;1.1615;1.124;1.1834;1.1131;1.2688;1.1609;1.1523;1000.0;82500.0;239500.0;149500.0;61000.0;44500.0;1000.0;109000.0;267500.0;155500.0;56500.0;48000.0;578000.0;637500.0;1215500.0;471500.0;532000.0;1.0;1.3212;1.1169;1.0401;0.9262;1.0787;1.1029;1.1283;500.0;217000.0;615000.0;426000.0;267000.0;198500.0;500.0;216500.0;537000.0;389500.0;251000.0;220500.0;1724000.0;1615000.0;3339000.0;1258000.0;1143000.0;1.0;0.9977;0.8732;0.9143;0.9401;1.1108;0.9368;0.9086;500.0;96500.0;199500.0;139000.0;96000.0;60500.0;500.0;91500.0;145500.0;102500.0;69500.0;53500.0;592000.0;463000.0;1055000.0;435000.0;339500.0;1.0;0.9482;0.7293;0.7374;0.724;0.8843;0.7821;0.7805;500.0;400500.0;723500.0;510500.0;317000.0;239500.0;500.0;415500.0;690500.0;496500.0;320500.0;285500.0;2191500.0;2209000.0;4400500.0;1634500.0;1602500.0;1.0;1.0375;0.9544;0.9726;1.011;1.1921;1.008;0.9804
country;UA;UKR;Ukraine;500.0;1016000.0;1910500.0;1211500.0;719500.0;411500.0;500.0;1186000.0;1831500.0;1072500.0;728500.0;541500.0;5269500.0;5360500.0;10630000.0;4138000.0;4090000.0;1.0;1.1673;0.9586;0.8853;1.0125;1.3159;1.0173;0.9884;500.0;910500.0;1243500.0;725000.0;434000.0;311000.0;500.0;1069000.0;1209500.0;663000.0;437500.0;391500.0;3624500.0;3771000.0;7395500.0;2879000.0;2941500.0;1.0;1.1741;0.9727;0.9145;1.0081;1.2588;1.0404;1.0217;500.0;960500.0;1226000.0;670500.0;434000.0;249500.0;500.0;1149500.0;1299500.0;713000.0;512000.0;382500.0;3541000.0;4057000.0;7598000.0;2857000.0;3162000.0;1.0;1.1968;1.06;1.0634;1.1797;1.5331;1.1457;1.1068;2000.0;1429000.0;2408000.0;1391000.0;536500.0;421000.0;2000.0;1790000.0;2478000.0;1343500.0;591000.0;583000.0;6187500.0;6787500.0;12975000.0;5228000.0;5611500.0;1.0;1.2526;1.0291;0.9659;1.1016;1.3848;1.097;1.0734;1000.0;581000.0;888500.0;463500.0;158500.0;93500.0;1000.0;818000.0;1093500.0;579000.0;201500.0;142500.0;2186000.0;2835500.0;5021500.0;1933000.0;2490500.0;1.0;1.4079;1.2307;1.2492;1.2713;1.5241;1.2971;1.2884;500.0;555000.0;904000.0;510500.0;307000.0;242000.0;500.0;743000.0;1046000.0;598000.0;398500.0;380500.0;2519000.0;3166500.0;5685500.0;1969500.0;2387000.0;1.0;1.3387;1.1571;1.1714;1.298;1.5723;1.257;1.212;500.0;705000.0;1283000.0;748000.0;408500.0;302000.0;500.0;859500.0;1306000.0;718000.0;427000.0;412000.0;3447000.0;3723000.0;7170000.0;2736000.0;2883500.0;1.0;1.2191;1.0179;0.9599;1.0453;1.3642;1.0801;1.0539;500.0;1129500.0;2135500.0;1345500.0;761500.0;446500.0;500.0;1324000.0;2061500.0;1220500.0;799500.0;618500.0;5819000.0;6024500.0;11843500.0;4610500.0;4606000.0;1.0;1.1722;0.9653;0.9071;1.0499;1.3852;1.0353;0.999
country;US;USA;United States;500.0;8246000.0;14661500.0;13027000.0;8503000.0;9031500.0;500.0;12009500.0;15030500.0;13368000.0;7836000.0;5977500.0;53469500.0;54222000.0;107691500.0;35934500.0;40408000.0;1.0;1.4564;1.0252;1.0262;0.9216;0.6619;1.0141;1.1245;500.0;7731500.0;13777500.0;12198500.0;8246000.0;9185000.0;500.0;11571000.0;14232000.0;12422000.0;7329500.0;5818000.0;51139000.0;51373000.0;102512000.0;33707500.0;38225000.0;1.0;1.4966;1.033;1.0183;0.8889;0.6334;1.0046;1.134;500.0;6156000.0;9547000.0;7896000.0;4574000.0;4153000.0;500.0;9756000.0;10724000.0;8804000.0;4522500.0;2669500.0;32326500.0;36476500.0;68803000.0;23599000.0;29284000.0;1.0;1.5848;1.1233;1.115;0.9887;0.6428;1.1284;1.2409;2000.0;15420500.0;26068000.0;22679500.0;14648500.0;14975000.0;2000.0;24674500.0;29397000.0;25696500.0;14827000.0;10261500.0;93793500.0;104858500.0;198652000.0;64168000.0;79768000.0;1.0;1.6001;1.1277;1.133;1.0122;0.6852;1.118;1.2431;1000.0;2981000.0;6961500.0;6231000.0;3039000.0;2584000.0;1000.0;9690000.0;13104000.0;10321000.0;4423500.0;2632500.0;21797500.0;40172000.0;61969500.0;16173500.0;33115000.0;1.0;3.2506;1.8824;1.6564;1.4556;1.0188;1.843;2.0475;500.0;6205000.0;11588000.0;9981500.0;6296000.0;6361500.0;500.0;10056000.0;12746000.0;10714000.0;5974000.0;4122500.0;40432500.0;43613000.0;84045500.0;27774500.0;33516000.0;1.0;1.6206;1.0999;1.0734;0.9489;0.648;1.0787;1.2067;500.0;6262000.0;11263500.0;9520500.0;6025000.0;6207500.0;500.0;10229500.0;12706500.0;10473000.0;6069500.0;4369500.0;39279000.0;43848500.0;83127500.0;27046000.0;33409000.0;1.0;1.6336;1.1281;1.1;1.0074;0.7039;1.1163;1.2353;500.0;8133500.0;14457500.0;12539500.0;8010500.0;8507500.0;500.0;12143000.0;15123500.0;13324000.0;7750500.0;6007500.0;51649000.0;54349000.0;105998000.0;35130500.0;40590500.0;1.0;1.493;1.0461;1.0626;0.9675;0.7061;1.0523;1.1554
country;UY;URY;Uruguay;500.0;153000.0;243500.0;126500.0;80500.0;71500.0;500.0;172000.0;265000.0;118500.0;84000.0;81000.0;675500.0;721000.0;1396500.0;523000.0;555500.0;1.0;1.1242;1.0883;0.9368;1.0435;1.1329;1.0674;1.0621;500.0;146000.0;241500.0;121500.0;76000.0;65000.0;500.0;163000.0;256500.0;108500.0;75000.0;74000.0;650500.0;677500.0;1328000.0;509000.0;528000.0;1.0;1.1164;1.0621;0.893;0.9868;1.1385;1.0415;1.0373;500.0;130500.0;197500.0;99500.0;66000.0;55000.0;500.0;148500.0;220500.0;95000.0;65500.0;59500.0;549000.0;589500.0;1138500.0;427500.0;464000.0;1.0;1.1379;1.1165;0.9548;0.9924;1.0818;1.0738;1.0854;2000.0;226500.0;391000.0;203500.0;136000.0;122000.0;2000.0;260000.0;445500.0;205000.0;144500.0;139000.0;1081000.0;1196000.0;2277000.0;821000.0;910500.0;1.0;1.1479;1.1394;1.0074;1.0625;1.1393;1.1064;1.109;1000.0;47000.0;174500.0;91000.0;41000.0;36500.0;1000.0;82500.0;238500.0;104500.0;50000.0;44000.0;391000.0;520500.0;911500.0;312500.0;425500.0;1.0;1.7553;1.3668;1.1484;1.2195;1.2055;1.3312;1.3616;500.0;121000.0;206000.0;104000.0;67500.0;58500.0;500.0;140500.0;232500.0;98000.0;69000.0;66500.0;557500.0;607000.0;1164500.0;431000.0;471000.0;1.0;1.1612;1.1286;0.9423;1.0222;1.1368;1.0888;1.0928;500.0;93500.0;148500.0;71500.0;46500.0;41000.0;500.0;109500.0;161500.0;66000.0;46500.0;45000.0;401500.0;429000.0;830500.0;313500.0;337000.0;1.0;1.1711;1.0875;0.9231;1.0;1.0976;1.0685;1.075;500.0;171000.0;288500.0;0.0;90500.0;74000.0;500.0;192500.0;309500.0;135000.0;93500.0;86000.0;624500.0;817000.0;1441500.0;0.0;637000.0;1.0;1.1257;1.0728;inf;1.0331;1.1622;1.3082;inf
country;UZ;UZB;Uzbekistan;500.0;27000.0;33000.0;17000.0;5000.0;2000.0;500.0;25000.0;18500.0;7500.0;3000.0;2000.0;84500.0;56500.0;141000.0;77000.0;51000.0;1.0;0.9259;0.5606;0.4412;0.6;1.0;0.6686;0.6623;500.0;22500.0;29500.0;14000.0;4000.0;1500.0;500.0;18500.0;15000.0;6000.0;2500.0;1500.0;72000.0;44000.0;116000.0;66000.0;39500.0;1.0;0.8222;0.5085;0.4286;0.625;1.0;0.6111;0.5985;500.0;13000.0;16000.0;10500.0;3000.0;1500.0;500.0;13000.0;9000.0;4000.0;2000.0;1500.0;44500.0;30000.0;74500.0;39500.0;26000.0;1.0;1.0;0.5625;0.381;0.6667;1.0;0.6742;0.6582;2000.0;22500.0;27000.0;17000.0;5500.0;3000.0;2000.0;22000.0;17000.0;7000.0;3500.0;3000.0;77000.0;54500.0;131500.0;66500.0;46000.0;1.0;0.9778;0.6296;0.4118;0.6364;1.0;0.7078;0.6917;1000.0;5500.0;9000.0;4000.0;1000.0;1000.0;1000.0;8500.0;10000.0;3500.0;2000.0;1000.0;21500.0;26000.0;47500.0;18500.0;22000.0;1.0;1.5455;1.1111;0.875;2.0;1.0;1.2093;1.1892;500.0;17000.0;20500.0;11000.0;3000.0;1500.0;500.0;15000.0;12500.0;5000.0;2000.0;1500.0;53500.0;36500.0;90000.0;48500.0;32500.0;1.0;0.8824;0.6098;0.4545;0.6667;1.0;0.6822;0.6701;500.0;14000.0;19500.0;8000.0;2000.0;500.0;500.0;12500.0;11500.0;4000.0;500.0;500.0;44500.0;29500.0;74000.0;41500.0;28000.0;1.0;0.8929;0.5897;0.5;0.25;1.0;0.6629;0.6747;500.0;35000.0;42500.0;21500.0;5500.0;2500.0;500.0;37500.0;28500.0;11500.0;5000.0;2500.0;107500.0;85500.0;193000.0;99000.0;77500.0;1.0;1.0714;0.6706;0.5349;0.9091;1.0;0.7953;0.7828
country;VC;VCT;St. Vincent & the Grenadines;500.0;500.0;500.0;500.0;500.0;500.0;500.0;500.0;1500.0;500.0;500.0;500.0;3000.0;4000.0;7000.0;1500.0;2500.0;1.0;1.0;3.0;1.0;1.0;1.0;1.3333;1.6667;500.0;500.0;500.0;500.0;500.0;500.0;500.0;500.0;500.0;500.0;500.0;500.0;3000.0;3000.0;6000.0;1500.0;1500.0;1.0;1.0;1.0;1.0;1.0;1.0;1.0;1.0;500.0;500.0;500.0;500.0;500.0;500.0;500.0;500.0;500.0;500.0;500.0;500.0;3000.0;3000.0;6000.0;1500.0;1500.0;1.0;1.0;1.0;1.0;1.0;1.0;1.0;1.0;2000.0;2000.0;2000.0;2000.0;2000.0;2000.0;2000.0;2000.0;2000.0;2000.0;2000.0;2000.0;12000.0;12000.0;24000.0;6000.0;6000.0;1.0;1.0;1.0;1.0;1.0;1.0;1.0;1.0;1000.0;1000.0;1000.0;1000.0;1000.0;1000.0;1000.0;1000.0;1000.0;1000.0;1000.0;1000.0;6000.0;6000.0;12000.0;3000.0;3000.0;1.0;1.0;1.0;1.0;1.0;1.0;1.0;1.0;500.0;500.0;500.0;500.0;500.0;500.0;500.0;500.0;500.0;500.0;500.0;500.0;3000.0;3000.0;6000.0;1500.0;1500.0;1.0;1.0;1.0;1.0;1.0;1.0;1.0;1.0;500.0;500.0;500.0;500.0;500.0;500.0;500.0;500.0;500.0;500.0;500.0;500.0;3000.0;3000.0;6000.0;1500.0;1500.0;1.0;1.0;1.0;1.0;1.0;1.0;1.0;1.0;500.0;500.0;500.0;500.0;500.0;500.0;500.0;500.0;2000.0;500.0;500.0;500.0;3000.0;4500.0;7500.0;1500.0;3000.0;1.0;1.0;4.0;1.0;1.0;1.0;1.5;2.0
country;VE;VEN;Venezuela (Bolivarian Republic of);500.0;159500.0;222000.0;139500.0;81000.0;56500.0;500.0;237500.0;348000.0;201500.0;122500.0;91500.0;659000.0;1001500.0;1660500.0;521000.0;787000.0;1.0;1.489;1.5676;1.4444;1.5123;1.6195;1.5197;1.5106;500.0;67500.0;87500.0;45000.0;25000.0;20500.0;500.0;69000.0;84000.0;37000.0;26000.0;26500.0;246000.0;243000.0;489000.0;200000.0;190000.0;1.0;1.0222;0.96;0.8222;1.04;1.2927;0.9878;0.95;500.0;48500.0;59500.0;30500.0;16000.0;11500.0;500.0;68000.0;89500.0;44000.0;26500.0;19500.0;166500.0;248000.0;414500.0;138500.0;201500.0;1.0;1.4021;1.5042;1.4426;1.6562;1.6957;1.4895;1.4549;2000.0;52500.0;65500.0;34500.0;28500.0;18000.0;2000.0;80000.0;96500.0;44500.0;36500.0;29000.0;201000.0;288500.0;489500.0;152500.0;221000.0;1.0;1.5238;1.4733;1.2899;1.2807;1.6111;1.4353;1.4492;1000.0;44500.0;61000.0;35500.0;17500.0;11500.0;1000.0;115500.0;177000.0;86500.0;41000.0;28000.0;171000.0;449000.0;620000.0;141000.0;379000.0;1.0;2.5955;2.9016;2.4366;2.3429;2.4348;2.6257;2.6879;500.0;58500.0;78500.0;39500.0;20500.0;16000.0;500.0;69500.0;86000.0;39500.0;20500.0;23000.0;213500.0;239000.0;452500.0;176500.0;195000.0;1.0;1.188;1.0955;1.0;1.0;1.4375;1.1194;1.1048;500.0;43500.0;61000.0;36000.0;21500.0;20500.0;500.0;55000.0;68500.0;36000.0;29500.0;28500.0;183000.0;218000.0;401000.0;140500.0;159500.0;1.0;1.2644;1.123;1.0;1.3721;1.3902;1.1913;1.1352;500.0;228000.0;312000.0;175000.0;103000.0;70500.0;500.0;355000.0;497500.0;265000.0;172500.0;124000.0;889000.0;1414500.0;2303500.0;715000.0;1117500.0;1.0;1.557;1.5946;1.5143;1.6748;1.7589;1.5911;1.5629
country;VG;VGB;Virgin Islands (British);500.0;500.0;500.0;500.0;500.0;500.0;500.0;1500.0;2000.0;500.0;500.0;500.0;3000.0;5500.0;8500.0;1500.0;4000.0;1.0;3.0;4.0;1.0;1.0;1.0;1.8333;2.6667;500.0;500.0;500.0;500.0;500.0;500.0;500.0;1500.0;1500.0;500.0;500.0;500.0;3000.0;5000.0;8000.0;1500.0;3500.0;1.0;3.0;3.0;1.0;1.0;1.0;1.6667;2.3333;500.0;500.0;500.0;500.0;500.0;500.0;500.0;1500.0;1500.0;500.0;500.0;500.0;3000.0;5000.0;8000.0;1500.0;3500.0;1.0;3.0;3.0;1.0;1.0;1.0;1.6667;2.3333;2000.0;2000.0;2000.0;2000.0;2000.0;2000.0;2000.0;3000.0;3000.0;2000.0;2000.0;2000.0;12000.0;14000.0;26000.0;6000.0;8000.0;1.0;1.5;1.5;1.0;1.0;1.0;1.1667;1.3333;1000.0;1000.0;1000.0;1000.0;1000.0;1000.0;1000.0;1000.0;1000.0;1000.0;1000.0;1000.0;6000.0;6000.0;12000.0;3000.0;3000.0;1.0;1.0;1.0;1.0;1.0;1.0;1.0;1.0;500.0;500.0;500.0;500.0;500.0;500.0;500.0;1500.0;1500.0;500.0;500.0;500.0;3000.0;5000.0;8000.0;1500.0;3500.0;1.0;3.0;3.0;1.0;1.0;1.0;1.6667;2.3333;500.0;500.0;500.0;500.0;500.0;500.0;500.0;500.0;500.0;500.0;500.0;500.0;3000.0;3000.0;6000.0;1500.0;1500.0;1.0;1.0;1.0;1.0;1.0;1.0;1.0;1.0;500.0;500.0;1500.0;500.0;500.0;500.0;500.0;2000.0;2500.0;500.0;500.0;500.0;4000.0;6500.0;10500.0;2500.0;5000.0;1.0;4.0;1.6667;1.0;1.0;1.0;1.625;2.0
country;VI;VIR;United States Virgin Islands;500.0;500.0;2000.0;1500.0;500.0;500.0;500.0;1500.0;2500.0;2000.0;500.0;500.0;5500.0;7500.0;13000.0;4000.0;6000.0;1.0;3.0;1.25;1.3333;1.0;1.0;1.3636;1.5;500.0;500.0;1500.0;1500.0;500.0;500.0;500.0;1500.0;2000.0;1500.0;500.0;500.0;5000.0;6500.0;11500.0;3500.0;5000.0;1.0;3.0;1.3333;1.0;1.0;1.0;1.3;1.4286;500.0;500.0;1500.0;500.0;500.0;500.0;500.0;1500.0;1500.0;1500.0;500.0;500.0;4000.0;6000.0;10000.0;2500.0;4500.0;1.0;3.0;1.0;3.0;1.0;1.0;1.5;1.8;2000.0;2000.0;4000.0;3000.0;2000.0;2000.0;2000.0;4000.0;4500.0;4500.0;2000.0;2000.0;15000.0;19000.0;34000.0;9000.0;13000.0;1.0;2.0;1.125;1.5;1.0;1.0;1.2667;1.4444;1000.0;1000.0;1000.0;1000.0;1000.0;1000.0;1000.0;2000.0;2000.0;2000.0;1000.0;1000.0;6000.0;9000.0;15000.0;3000.0;6000.0;1.0;2.0;2.0;2.0;1.0;1.0;1.5;2.0;500.0;500.0;1500.0;1500.0;500.0;500.0;500.0;1500.0;2000.0;1500.0;500.0;500.0;5000.0;6500.0;11500.0;3500.0;5000.0;1.0;3.0;1.3333;1.0;1.0;1.0;1.3;1.4286;500.0;500.0;1500.0;500.0;500.0;500.0;500.0;1500.0;1500.0;1500.0;500.0;500.0;4000.0;6000.0;10000.0;2500.0;4500.0;1.0;3.0;1.0;3.0;1.0;1.0;1.5;1.8;500.0;500.0;1500.0;1500.0;500.0;500.0;500.0;1500.0;2500.0;2000.0;500.0;500.0;5000.0;7500.0;12500.0;3500.0;6000.0;1.0;3.0;1.6667;1.3333;1.0;1.0;1.5;1.7143
country;VN;VNM;Vietnam;500.0;7860500.0;13393500.0;6268000.0;2308500.0;1547500.0;500.0;7345000.0;11272000.0;4657000.0;1857500.0;1384000.0;31378500.0;26516000.0;57894500.0;27522000.0;23274000.0;1.0;0.9344;0.8416;0.743;0.8046;0.8943;0.845;0.8457;500.0;6229500.0;10242000.0;4240500.0;1411000.0;867000.0;500.0;5191000.0;7170500.0;2311000.0;878500.0;631500.0;22990500.0;16183000.0;39173500.0;20712000.0;14672500.0;1.0;0.8333;0.7001;0.545;0.6226;0.7284;0.7039;0.7084;500.0;6041500.0;8250000.0;3384500.0;1233000.0;683500.0;500.0;5475500.0;6741500.0;2317000.0;880500.0;556500.0;19593000.0;15971500.0;35564500.0;17676000.0;14534000.0;1.0;0.9063;0.8172;0.6846;0.7141;0.8142;0.8152;0.8222;2000.0;5301000.0;8203500.0;3908000.0;1395000.0;971000.0;2000.0;4211000.0;6447000.0;2238000.0;920000.0;791000.0;19780500.0;14609000.0;34389500.0;17412500.0;12896000.0;1.0;0.7944;0.7859;0.5727;0.6595;0.8146;0.7386;0.7406;1000.0;6971000.0;12836000.0;6021000.0;1923000.0;1243000.0;1000.0;7363000.0;13026500.0;5300000.0;1730500.0;1211000.0;28995000.0;28632000.0;57627000.0;25828000.0;25689500.0;1.0;1.0562;1.0148;0.8803;0.8999;0.9743;0.9875;0.9946;500.0;5505500.0;8839500.0;3628000.0;1386000.0;966000.0;500.0;5335500.0;7211500.0;2535000.0;1065000.0;863500.0;20325500.0;17011000.0;37336500.0;17973000.0;15082000.0;1.0;0.9691;0.8158;0.6987;0.7684;0.8939;0.8369;0.8391;500.0;5271500.0;8654000.0;4043000.0;1505000.0;926000.0;500.0;4540500.0;6001000.0;2353500.0;1011500.0;727000.0;20400000.0;14634000.0;35034000.0;17968500.0;12895000.0;1.0;0.8613;0.6934;0.5821;0.6721;0.7851;0.7174;0.7176;500.0;8829500.0;15187000.0;6968500.0;2506000.0;1712500.0;500.0;8282000.0;13288000.0;5498000.0;2116000.0;1599500.0;35204000.0;30784000.0;65988000.0;30985000.0;27068000.0;1.0;0.938;0.875;0.789;0.8444;0.934;0.8744;0.8736
country;YE;YEM;Yemen;500.0;136000.0;205000.0;65000.0;22000.0;20500.0;500.0;53000.0;70500.0;24000.0;7000.0;7000.0;449000.0;162000.0;611000.0;406000.0;147500.0;1.0;0.3897;0.3439;0.3692;0.3182;0.3415;0.3608;0.3633;500.0;72000.0;133000.0;47000.0;15000.0;12000.0;500.0;28500.0;53500.0;20500.0;6000.0;5000.0;279500.0;114000.0;393500.0;252000.0;102500.0;1.0;0.3958;0.4023;0.4362;0.4;0.4167;0.4079;0.4067;500.0;37500.0;70500.0;25000.0;7000.0;6000.0;500.0;13500.0;24000.0;7500.0;2000.0;1500.0;146500.0;49000.0;195500.0;133000.0;45000.0;1.0;0.36;0.3404;0.3;0.2857;0.25;0.3345;0.3383;2000.0;55000.0;105500.0;42000.0;17500.0;13500.0;2000.0;20000.0;35500.0;13500.0;6500.0;5500.0;235500.0;83000.0;318500.0;202500.0;69000.0;1.0;0.3636;0.3365;0.3214;0.3714;0.4074;0.3524;0.3407;1000.0;26500.0;68000.0;23000.0;5500.0;4500.0;1000.0;21000.0;51000.0;18000.0;3000.0;2000.0;128500.0;96000.0;224500.0;117500.0;90000.0;1.0;0.7925;0.75;0.7826;0.5455;0.4444;0.7471;0.766;500.0;97000.0;159500.0;54000.0;16000.0;14000.0;500.0;29500.0;48500.0;17000.0;4000.0;4000.0;341000.0;103500.0;444500.0;310500.0;95000.0;1.0;0.3041;0.3041;0.3148;0.25;0.2857;0.3035;0.306;500.0;29500.0;65000.0;24500.0;7000.0;6500.0;500.0;8000.0;22000.0;9500.0;2000.0;1500.0;133000.0;43500.0;176500.0;119000.0;39500.0;1.0;0.2712;0.3385;0.3878;0.2857;0.2308;0.3271;0.3319;500.0;164000.0;275000.0;90500.0;25000.0;21000.0;500.0;76500.0;137000.0;48500.0;11500.0;9000.0;576000.0;283000.0;859000.0;529500.0;262000.0;1.0;0.4665;0.4982;0.5359;0.46;0.4286;0.4913;0.4948
country;ZA;ZAF;South Africa;500.0;2654000.0;3957000.0;2157500.0;802000.0;426000.0;500.0;2669500.0;3523000.0;1917500.0;817500.0;542000.0;9997000.0;9470000.0;19467000.0;8768500.0;8110000.0;1.0;1.0058;0.8903;0.8888;1.0193;1.2723;0.9473;0.9249;500.0;2618500.0;4400000.0;2457000.0;920000.0;503500.0;500.0;2651500.0;3913000.0;2268000.0;968500.0;659500.0;10899500.0;10461000.0;21360500.0;9475500.0;8832500.0;1.0;1.0126;0.8893;0.9231;1.0527;1.3098;0.9598;0.9321;500.0;1820500.0;2766500.0;1446000.0;531500.0;259000.0;500.0;2017500.0;2663000.0;1358500.0;559500.0;328000.0;6824000.0;6927000.0;13751000.0;6033000.0;6039000.0;1.0;1.1082;0.9626;0.9395;1.0527;1.2664;1.0151;1.001;2000.0;3529500.0;4990000.0;2845000.0;1182000.0;632500.0;2000.0;4157000.0;5089500.0;2662000.0;1216000.0;812500.0;13181000.0;13939000.0;27120000.0;11364500.0;11908500.0;1.0;1.1778;1.0199;0.9357;1.0288;1.2846;1.0575;1.0479;1000.0;1319500.0;1965000.0;1126500.0;414500.0;187500.0;1000.0;2287500.0;3147500.0;1640000.0;604000.0;260500.0;5014000.0;7940500.0;12954500.0;4411000.0;7075000.0;1.0;1.7336;1.6018;1.4558;1.4572;1.3893;1.5837;1.6039;500.0;2004000.0;3134000.0;1757000.0;678000.0;357500.0;500.0;2177500.0;2898500.0;1562000.0;690500.0;452500.0;7931000.0;7781500.0;15712500.0;6895000.0;6638000.0;1.0;1.0866;0.9249;0.889;1.0184;1.2657;0.9811;0.9627;500.0;2111500.0;3132000.0;1713500.0;640500.0;183500.0;500.0;2272000.0;2969500.0;1551000.0;665000.0;226000.0;7781500.0;7684000.0;15465500.0;6957000.0;6792500.0;1.0;1.076;0.9481;0.9052;1.0383;1.2316;0.9875;0.9764;500.0;2763500.0;4303000.0;2298500.0;838000.0;444000.0;500.0;2779500.0;3868500.0;2102000.0;877000.0;580500.0;10647500.0;10208000.0;20855500.0;9365000.0;8750000.0;1.0;1.0058;0.899;0.9145;1.0465;1.3074;0.9587;0.9343
