Country Name,Country Code,Series Name,Series Code,2021 [YR2021],2022 [YR2022],2023 [YR2023],2024 [YR2024],2025 [YR2025]
Afghanistan,AFG,"Age population, age 24, male",SP.POP.AG24.MA.IN,376651,384460,395681,409376,421296
Afghanistan,AFG,"Age population, age 24, female",SP.POP.AG24.FE.IN,366825,374042,383313,395006,405328.5
Afghanistan,AFG,"Age population, age 23, male",SP.POP.AG23.MA.IN,392015,399995.5,411073,423530,434707
Afghanistan,AFG,"Age population, age 23, female",SP.POP.AG23.FE.IN,380301.5,387250,396429,407252.5,416769.5
Afghanistan,AFG,"Age population, age 22, female",SP.POP.AG22.FE.IN,393704,400478.5,408747.5,418801.5,426605.5
Afghanistan,AFG,"Age population, age 22, male",SP.POP.AG22.MA.IN,407802,415550,425334,437084.5,446154
Afghanistan,AFG,"Age population, age 21, male",SP.POP.AG21.MA.IN,423579,429965.5,438958.5,448613,455974.5
Afghanistan,AFG,"Age population, age 21, female",SP.POP.AG21.FE.IN,407126,412909.5,420345,428699.5,435339.5
Afghanistan,AFG,"Age population, age 20, male",SP.POP.AG20.MA.IN,438137,443702,450490.5,458411,466082.5
Afghanistan,AFG,"Age population, age 20, female",SP.POP.AG20.FE.IN,419744.5,424607,430246.5,437415,444409.5
Afghanistan,AFG,"Age population, age 19, male",SP.POP.AG19.MA.IN,451928,455307.5,460212,468370.5,475925.5
Afghanistan,AFG,"Age population, age 19, female",SP.POP.AG19.FE.IN,431608.5,434590,438905.5,446361,453278.5
Afghanistan,AFG,"Age population, age 18, female",SP.POP.AG18.FE.IN,441736.5,443314.5,447737,454996.5,461723
Afghanistan,AFG,"Age population, age 18, male",SP.POP.AG18.MA.IN,463535,465070.5,470022,477938.5,485167
Afghanistan,AFG,"Age population, age 13, female",SP.POP.AG13.FE.IN,487476,493256,501655.5,515290.5,528959.5
Afghanistan,AFG,"Age population, age 13, male",SP.POP.AG13.MA.IN,513059,518942,527316.5,541058,554730
Afghanistan,AFG,"Age population, age 14, female",SP.POP.AG14.FE.IN,476204,479890.5,488682.5,500829.5,514613
Afghanistan,AFG,"Age population, age 14, male",SP.POP.AG14.MA.IN,501034.5,504952,514058.5,526378.5,540274
Afghanistan,AFG,"Age population, age 15, female",SP.POP.AG15.FE.IN,468119.5,468700,475355,487823.5,500104.5
Afghanistan,AFG,"Age population, age 15, male",SP.POP.AG15.MA.IN,492375.5,492931,500091,513070,525528.5
Afghanistan,AFG,"Age population, age 16, female",SP.POP.AG16.FE.IN,459521,460695.5,464193.5,474421,486968.5
Afghanistan,AFG,"Age population, age 16, male",SP.POP.AG16.MA.IN,483031.5,484251.5,488075,499000.5,512059
Afghanistan,AFG,"Age population, age 17, female",SP.POP.AG17.FE.IN,450569.5,452181.5,456219,463132.5,473325.5
Afghanistan,AFG,"Age population, age 17, male",SP.POP.AG17.MA.IN,473260,474881.5,479395,486821,497708
Africa Eastern and Southern,AFE,"Age population, age 24, male",SP.POP.AG24.MA.IN,..,..,..,..,..
Africa Eastern and Southern,AFE,"Age population, age 24, female",SP.POP.AG24.FE.IN,..,..,..,..,..
Africa Eastern and Southern,AFE,"Age population, age 23, male",SP.POP.AG23.MA.IN,..,..,..,..,..
Africa Eastern and Southern,AFE,"Age population, age 23, female",SP.POP.AG23.FE.IN,..,..,..,..,..
Africa Eastern and Southern,AFE,"Age population, age 22, female",SP.POP.AG22.FE.IN,..,..,..,..,..
Africa Eastern and Southern,AFE,"Age population, age 22, male",SP.POP.AG22.MA.IN,..,..,..,..,..
Africa Eastern and Southern,AFE,"Age population, age 21, male",SP.POP.AG21.MA.IN,..,..,..,..,..
Africa Eastern and Southern,AFE,"Age population, age 21, female",SP.POP.AG21.FE.IN,..,..,..,..,..
Africa Eastern and Southern,AFE,"Age population, age 20, male",SP.POP.AG20.MA.IN,..,..,..,..,..
Africa Eastern and Southern,AFE,"Age population, age 20, female",SP.POP.AG20.FE.IN,..,..,..,..,..
Africa Eastern and Southern,AFE,"Age population, age 19, male",SP.POP.AG19.MA.IN,..,..,..,..,..
Africa Eastern and Southern,AFE,"Age population, age 19, female",SP.POP.AG19.FE.IN,..,..,..,..,..
Africa Eastern and Southern,AFE,"Age population, age 18, female",SP.POP.AG18.FE.IN,..,..,..,..,..
Africa Eastern and Southern,AFE,"Age population, age 18, male",SP.POP.AG18.MA.IN,..,..,..,..,..
Africa Eastern and Southern,AFE,"Age population, age 13, female",SP.POP.AG13.FE.IN,..,..,..,..,..
Africa Eastern and Southern,AFE,"Age population, age 13, male",SP.POP.AG13.MA.IN,..,..,..,..,..
Africa Eastern and Southern,AFE,"Age population, age 14, female",SP.POP.AG14.FE.IN,..,..,..,..,..
Africa Eastern and Southern,AFE,"Age population, age 14, male",SP.POP.AG14.MA.IN,..,..,..,..,..
Africa Eastern and Southern,AFE,"Age population, age 15, female",SP.POP.AG15.FE.IN,..,..,..,..,..
Africa Eastern and Southern,AFE,"Age population, age 15, male",SP.POP.AG15.MA.IN,..,..,..,..,..
Africa Eastern and Southern,AFE,"Age population, age 16, female",SP.POP.AG16.FE.IN,..,..,..,..,..
Africa Eastern and Southern,AFE,"Age population, age 16, male",SP.POP.AG16.MA.IN,..,..,..,..,..
Africa Eastern and Southern,AFE,"Age population, age 17, female",SP.POP.AG17.FE.IN,..,..,..,..,..
Africa Eastern and Southern,AFE,"Age population, age 17, male",SP.POP.AG17.MA.IN,..,..,..,..,..
Africa Western and Central,AFW,"Age population, age 24, male",SP.POP.AG24.MA.IN,..,..,..,..,..
Africa Western and Central,AFW,"Age population, age 24, female",SP.POP.AG24.FE.IN,..,..,..,..,..
Africa Western and Central,AFW,"Age population, age 23, male",SP.POP.AG23.MA.IN,..,..,..,..,..
Africa Western and Central,AFW,"Age population, age 23, female",SP.POP.AG23.FE.IN,..,..,..,..,..
Africa Western and Central,AFW,"Age population, age 22, female",SP.POP.AG22.FE.IN,..,..,..,..,..
Africa Western and Central,AFW,"Age population, age 22, male",SP.POP.AG22.MA.IN,..,..,..,..,..
Africa Western and Central,AFW,"Age population, age 21, male",SP.POP.AG21.MA.IN,..,..,..,..,..
Africa Western and Central,AFW,"Age population, age 21, female",SP.POP.AG21.FE.IN,..,..,..,..,..
Africa Western and Central,AFW,"Age population, age 20, male",SP.POP.AG20.MA.IN,..,..,..,..,..
Africa Western and Central,AFW,"Age population, age 20, female",SP.POP.AG20.FE.IN,..,..,..,..,..
Africa Western and Central,AFW,"Age population, age 19, male",SP.POP.AG19.MA.IN,..,..,..,..,..
Africa Western and Central,AFW,"Age population, age 19, female",SP.POP.AG19.FE.IN,..,..,..,..,..
Africa Western and Central,AFW,"Age population, age 18, female",SP.POP.AG18.FE.IN,..,..,..,..,..
Africa Western and Central,AFW,"Age population, age 18, male",SP.POP.AG18.MA.IN,..,..,..,..,..
Africa Western and Central,AFW,"Age population, age 13, female",SP.POP.AG13.FE.IN,..,..,..,..,..
Africa Western and Central,AFW,"Age population, age 13, male",SP.POP.AG13.MA.IN,..,..,..,..,..
Africa Western and Central,AFW,"Age population, age 14, female",SP.POP.AG14.FE.IN,..,..,..,..,..
Africa Western and Central,AFW,"Age population, age 14, male",SP.POP.AG14.MA.IN,..,..,..,..,..
Africa Western and Central,AFW,"Age population, age 15, female",SP.POP.AG15.FE.IN,..,..,..,..,..
Africa Western and Central,AFW,"Age population, age 15, male",SP.POP.AG15.MA.IN,..,..,..,..,..
Africa Western and Central,AFW,"Age population, age 16, female",SP.POP.AG16.FE.IN,..,..,..,..,..
Africa Western and Central,AFW,"Age population, age 16, male",SP.POP.AG16.MA.IN,..,..,..,..,..
Africa Western and Central,AFW,"Age population, age 17, female",SP.POP.AG17.FE.IN,..,..,..,..,..
Africa Western and Central,AFW,"Age population, age 17, male",SP.POP.AG17.MA.IN,..,..,..,..,..
Albania,ALB,"Age population, age 24, male",SP.POP.AG24.MA.IN,23794,22498.5,21713,21162,20153.5
Albania,ALB,"Age population, age 24, female",SP.POP.AG24.FE.IN,23247,21653,20682.5,20111.5,18932.5
Albania,ALB,"Age population, age 23, male",SP.POP.AG23.MA.IN,22900.5,21890,21493,20604.5,19036
Albania,ALB,"Age population, age 23, female",SP.POP.AG23.FE.IN,22063.5,20846.5,20431.5,19377,17590.5
Albania,ALB,"Age population, age 22, female",SP.POP.AG22.FE.IN,21253,20590,19683.5,18012,16838.5
Albania,ALB,"Age population, age 22, male",SP.POP.AG22.MA.IN,22288,21666,20921.5,19462,18292.5
Albania,ALB,"Age population, age 21, male",SP.POP.AG21.MA.IN,22053.5,21092.5,19761,18685.5,18131.5
Albania,ALB,"Age population, age 21, female",SP.POP.AG21.FE.IN,20989.5,19840.5,18302,17228.5,16652
Albania,ALB,"Age population, age 20, male",SP.POP.AG20.MA.IN,21463,19926,18961.5,18489,17921
Albania,ALB,"Age population, age 20, female",SP.POP.AG20.FE.IN,20225,18452.5,17495,17007,16340.5
Albania,ALB,"Age population, age 19, male",SP.POP.AG19.MA.IN,20270.5,19117.5,18740,18240.5,17499
Albania,ALB,"Age population, age 19, female",SP.POP.AG19.FE.IN,18810,17634.5,17248,16658,15919.5
Albania,ALB,"Age population, age 18, female",SP.POP.AG18.FE.IN,17958.5,17383.5,16875,16190.5,15514.5
Albania,ALB,"Age population, age 18, male",SP.POP.AG18.MA.IN,19427.5,18890.5,18466.5,17771.5,17016
Albania,ALB,"Age population, age 13, female",SP.POP.AG13.FE.IN,15825.5,15647.5,15605.5,15681,16063
Albania,ALB,"Age population, age 13, male",SP.POP.AG13.MA.IN,17271,17016.5,16850,17115,17753.5
Albania,ALB,"Age population, age 14, female",SP.POP.AG14.FE.IN,16171.5,15702,15527.5,15483,15580.5
Albania,ALB,"Age population, age 14, male",SP.POP.AG14.MA.IN,17692.5,17148.5,16885,16721,17014
Albania,ALB,"Age population, age 15, female",SP.POP.AG15.FE.IN,16708,16012.5,15579,15403.5,15381.5
Albania,ALB,"Age population, age 15, male",SP.POP.AG15.MA.IN,18306,17539.5,17014,16754,16618.5
Albania,ALB,"Age population, age 16, female",SP.POP.AG16.FE.IN,17251.5,16508.5,15886.5,15445,15286
Albania,ALB,"Age population, age 16, male",SP.POP.AG16.MA.IN,18848,18114,17399,16871,16635
Albania,ALB,"Age population, age 17, female",SP.POP.AG17.FE.IN,17669,17008.5,16378.5,15729.5,15286.5
Albania,ALB,"Age population, age 17, male",SP.POP.AG17.MA.IN,19163,18615,17969,17232.5,16711
Algeria,DZA,"Age population, age 24, male",SP.POP.AG24.MA.IN,322970.5,298460,280113.5,284468,288535.5
Algeria,DZA,"Age population, age 24, female",SP.POP.AG24.FE.IN,300304,283597.5,272517.5,275959,279015.5
Algeria,DZA,"Age population, age 23, male",SP.POP.AG23.MA.IN,299036.5,280875.5,285427,289507.5,290087
Algeria,DZA,"Age population, age 23, female",SP.POP.AG23.FE.IN,283894,272914.5,276634.5,279860,279693.5
Algeria,DZA,"Age population, age 22, female",SP.POP.AG22.FE.IN,273203,277030,280618.5,280707.5,285615.5
Algeria,DZA,"Age population, age 22, male",SP.POP.AG22.MA.IN,281432,286184,290553,291241,297022
Algeria,DZA,"Age population, age 21, male",SP.POP.AG21.MA.IN,286729,291294,292346,298325.5,312418
Algeria,DZA,"Age population, age 21, female",SP.POP.AG21.FE.IN,277314.5,281007.5,281529,286771,299736.5
Algeria,DZA,"Age population, age 20, male",SP.POP.AG20.MA.IN,291818,293054,299439.5,313786,330787
Algeria,DZA,"Age population, age 20, female",SP.POP.AG20.FE.IN,281285,281905,287611.5,300951.5,316780.5
Algeria,DZA,"Age population, age 19, male",SP.POP.AG19.MA.IN,293545.5,300103.5,314842.5,332094,351037.5
Algeria,DZA,"Age population, age 19, female",SP.POP.AG19.FE.IN,282171,287971,301754,317941,335852
Algeria,DZA,"Age population, age 18, female",SP.POP.AG18.FE.IN,288222.5,302092.5,318647,336850,356555
Algeria,DZA,"Age population, age 18, male",SP.POP.AG18.MA.IN,300554.5,315452.5,333027.5,352167.5,372767
Algeria,DZA,"Age population, age 13, female",SP.POP.AG13.FE.IN,379431,398052.5,413341,426998.5,445725
Algeria,DZA,"Age population, age 13, male",SP.POP.AG13.MA.IN,397124,416424.5,431964.5,445603.5,464764.5
Algeria,DZA,"Age population, age 14, female",SP.POP.AG14.FE.IN,358171.5,379280,397876.5,413117,426751.5
Algeria,DZA,"Age population, age 14, male",SP.POP.AG14.MA.IN,374901.5,396904,416163.5,431666.5,445304.5
Algeria,DZA,"Age population, age 15, female",SP.POP.AG15.FE.IN,337895.5,357999.5,379071.5,397621.5,412848
Algeria,DZA,"Age population, age 15, male",SP.POP.AG15.MA.IN,353719.5,374639.5,396579,415809,431334
Algeria,DZA,"Age population, age 16, female",SP.POP.AG16.FE.IN,319174.5,337702,357756,378750,397265
Algeria,DZA,"Age population, age 16, male",SP.POP.AG16.MA.IN,333934.5,353408.5,374242,396129.5,415376.5
Algeria,DZA,"Age population, age 17, female",SP.POP.AG17.FE.IN,302328,318958.5,337422.5,357323.5,378217.5
Algeria,DZA,"Age population, age 17, male",SP.POP.AG17.MA.IN,315861.5,333573.5,352935,373648.5,395503
American Samoa,ASM,"Age population, age 24, male",SP.POP.AG24.MA.IN,288,282.5,288,308,340
American Samoa,ASM,"Age population, age 24, female",SP.POP.AG24.FE.IN,289,280.5,280,290,310.5
American Samoa,ASM,"Age population, age 23, male",SP.POP.AG23.MA.IN,306,311,329.5,360,385
American Samoa,ASM,"Age population, age 23, female",SP.POP.AG23.FE.IN,303,303,311.5,329.5,347
American Samoa,ASM,"Age population, age 22, female",SP.POP.AG22.FE.IN,327,335.5,350.5,364.5,378
American Samoa,ASM,"Age population, age 22, male",SP.POP.AG22.MA.IN,338,354.5,381.5,403.5,420.5
American Samoa,ASM,"Age population, age 21, male",SP.POP.AG21.MA.IN,384.5,408,424,438,446
American Samoa,ASM,"Age population, age 21, female",SP.POP.AG21.FE.IN,362,375.5,384.5,393.5,405.5
American Samoa,ASM,"Age population, age 20, male",SP.POP.AG20.MA.IN,439.5,450.5,457,461.5,458
American Samoa,ASM,"Age population, age 20, female",SP.POP.AG20.FE.IN,403.5,410,412.5,419.5,424.5
American Samoa,ASM,"Age population, age 19, male",SP.POP.AG19.MA.IN,483,483,478.5,471.5,466
American Samoa,ASM,"Age population, age 19, female",SP.POP.AG19.FE.IN,438.5,437,436.5,437.5,442
American Samoa,ASM,"Age population, age 18, female",SP.POP.AG18.FE.IN,465.5,460.5,453,453,456.5
American Samoa,ASM,"Age population, age 18, male",SP.POP.AG18.MA.IN,515,503.5,486.5,478,473.5
American Samoa,ASM,"Age population, age 13, female",SP.POP.AG13.FE.IN,508.5,486,473.5,464.5,455.5
American Samoa,ASM,"Age population, age 13, male",SP.POP.AG13.MA.IN,526.5,501.5,486.5,478,468.5
American Samoa,ASM,"Age population, age 14, female",SP.POP.AG14.FE.IN,513,490,474.5,468.5,459.5
American Samoa,ASM,"Age population, age 14, male",SP.POP.AG14.MA.IN,533.5,505,488.5,482,473.5
American Samoa,ASM,"Age population, age 15, female",SP.POP.AG15.FE.IN,508,491.5,475,468.5,464.5
American Samoa,ASM,"Age population, age 15, male",SP.POP.AG15.MA.IN,537.5,510,490,482.5,477
American Samoa,ASM,"Age population, age 16, female",SP.POP.AG16.FE.IN,499.5,484.5,475,467.5,463.5
American Samoa,ASM,"Age population, age 16, male",SP.POP.AG16.MA.IN,538,511.5,492.5,482.5,477
American Samoa,ASM,"Age population, age 17, female",SP.POP.AG17.FE.IN,488,474.5,465.5,465.5,461.5
American Samoa,ASM,"Age population, age 17, male",SP.POP.AG17.MA.IN,534,509.5,491,483,475.5
Andorra,AND,"Age population, age 24, male",SP.POP.AG24.MA.IN,491.5,519,507,524,513
Andorra,AND,"Age population, age 24, female",SP.POP.AG24.FE.IN,389,434.5,480.5,482.5,469
Andorra,AND,"Age population, age 23, male",SP.POP.AG23.MA.IN,488,485.5,504.5,496.5,484.5
Andorra,AND,"Age population, age 23, female",SP.POP.AG23.FE.IN,408,458,463,453,475.5
Andorra,AND,"Age population, age 22, female",SP.POP.AG22.FE.IN,444,440.5,434,460.5,461.5
Andorra,AND,"Age population, age 22, male",SP.POP.AG22.MA.IN,460.5,483.5,477.5,468.5,475.5
Andorra,AND,"Age population, age 21, male",SP.POP.AG21.MA.IN,463.5,457,451,461.5,473
Andorra,AND,"Age population, age 21, female",SP.POP.AG21.FE.IN,422.5,411.5,442.5,448.5,443
Andorra,AND,"Age population, age 20, male",SP.POP.AG20.MA.IN,441.5,431.5,445,459.5,480
Andorra,AND,"Age population, age 20, female",SP.POP.AG20.FE.IN,393.5,421,431.5,431,424.5
Andorra,AND,"Age population, age 19, male",SP.POP.AG19.MA.IN,413.5,426.5,444.5,468.5,481
Andorra,AND,"Age population, age 19, female",SP.POP.AG19.FE.IN,410,412,415.5,413.5,405.5
Andorra,AND,"Age population, age 18, female",SP.POP.AG18.FE.IN,401,398.5,400.5,396,403.5
Andorra,AND,"Age population, age 18, male",SP.POP.AG18.MA.IN,415.5,428,455,470.5,455
Andorra,AND,"Age population, age 13, female",SP.POP.AG13.FE.IN,407.5,434,431,420,401
Andorra,AND,"Age population, age 13, male",SP.POP.AG13.MA.IN,437.5,438.5,426,431.5,412.5
Andorra,AND,"Age population, age 14, female",SP.POP.AG14.FE.IN,372,412,439,435.5,423.5
Andorra,AND,"Age population, age 14, male",SP.POP.AG14.MA.IN,422,439,443,430,435
Andorra,AND,"Age population, age 15, female",SP.POP.AG15.FE.IN,367.5,377,419,444.5,439
Andorra,AND,"Age population, age 15, male",SP.POP.AG15.MA.IN,443.5,429.5,445,448,433.5
Andorra,AND,"Age population, age 16, female",SP.POP.AG16.FE.IN,378,372,387,426,448
Andorra,AND,"Age population, age 16, male",SP.POP.AG16.MA.IN,431,448,438.5,452,452.5
Andorra,AND,"Age population, age 17, female",SP.POP.AG17.FE.IN,390,385,384.5,396,431.5
Andorra,AND,"Age population, age 17, male",SP.POP.AG17.MA.IN,415.5,441,459.5,447,457.5
Angola,AGO,"Age population, age 24, male",SP.POP.AG24.MA.IN,269384,276595,284937.5,294837,306332.5
Angola,AGO,"Age population, age 24, female",SP.POP.AG24.FE.IN,272974,280155,288382,298183,309515
Angola,AGO,"Age population, age 23, male",SP.POP.AG23.MA.IN,277142.5,285783,295620,307067.5,320079
Angola,AGO,"Age population, age 23, female",SP.POP.AG23.FE.IN,280377.5,288910.5,298642.5,309918.5,322705
Angola,AGO,"Age population, age 22, female",SP.POP.AG22.FE.IN,289127,299169,310287.5,322925,336882.5
Angola,AGO,"Age population, age 22, male",SP.POP.AG22.MA.IN,286334,296470.5,307767.5,320639,334919.5
Angola,AGO,"Age population, age 21, male",SP.POP.AG21.MA.IN,297026.5,308619,321260.5,335317.5,350815
Angola,AGO,"Age population, age 21, female",SP.POP.AG21.FE.IN,299387,310811.5,323212.5,336938,352054.5
Angola,AGO,"Age population, age 20, male",SP.POP.AG20.MA.IN,309177.5,322103,335885.5,351112.5,367409
Angola,AGO,"Age population, age 20, female",SP.POP.AG20.FE.IN,311039,323735,337179.5,352017,367981
Angola,AGO,"Age population, age 19, male",SP.POP.AG19.MA.IN,322661.5,336709.5,351667.5,367697,384325
Angola,AGO,"Age population, age 19, female",SP.POP.AG19.FE.IN,323979,337700.5,352261.5,367950.5,384334
Angola,AGO,"Age population, age 18, female",SP.POP.AG18.FE.IN,337963.5,352775.5,368237,384393,400927
Angola,AGO,"Age population, age 18, male",SP.POP.AG18.MA.IN,337262.5,352460,368269.5,384678.5,401364.5
Angola,AGO,"Age population, age 13, female",SP.POP.AG13.FE.IN,419252.5,436103.5,452486.5,468307,484222
Angola,AGO,"Age population, age 13, male",SP.POP.AG13.MA.IN,420748.5,437908.5,454613,470614,486645
Angola,AGO,"Age population, age 14, female",SP.POP.AG14.FE.IN,402302,418914,435694.5,452072.5,467883.5
Angola,AGO,"Age population, age 14, male",SP.POP.AG14.MA.IN,403480,420299.5,437395,454090.5,470078.5
Angola,AGO,"Age population, age 15, female",SP.POP.AG15.FE.IN,385538,401972.5,418482,435266,451643
Angola,AGO,"Age population, age 15, male",SP.POP.AG15.MA.IN,386430.5,403019.5,419745.5,436839,453527.5
Angola,AGO,"Age population, age 16, female",SP.POP.AG16.FE.IN,369040.5,385219,401514,418053,434862.5
Angola,AGO,"Age population, age 16, male",SP.POP.AG16.MA.IN,369521.5,385948.5,402409,419158.5,436271
Angola,AGO,"Age population, age 17, female",SP.POP.AG17.FE.IN,353058.5,368737.5,384736.5,401115.5,417736
Angola,AGO,"Age population, age 17, male",SP.POP.AG17.MA.IN,352996.5,369012,385271.5,401809,418633
Antigua and Barbuda,ATG,"Age population, age 24, male",SP.POP.AG24.MA.IN,743,715,678,705,714
Antigua and Barbuda,ATG,"Age population, age 24, female",SP.POP.AG24.FE.IN,738,701,664,690,697.5
Antigua and Barbuda,ATG,"Age population, age 23, male",SP.POP.AG23.MA.IN,716,679,706,715,672
Antigua and Barbuda,ATG,"Age population, age 23, female",SP.POP.AG23.FE.IN,701,664,690.5,698,655.5
Antigua and Barbuda,ATG,"Age population, age 22, female",SP.POP.AG22.FE.IN,664.5,691,698.5,656.5,635
Antigua and Barbuda,ATG,"Age population, age 22, male",SP.POP.AG22.MA.IN,679.5,707,716,673.5,651.5
Antigua and Barbuda,ATG,"Age population, age 21, male",SP.POP.AG21.MA.IN,707,716.5,675,653.5,638.5
Antigua and Barbuda,ATG,"Age population, age 21, female",SP.POP.AG21.FE.IN,691,698.5,657.5,637,622.5
Antigua and Barbuda,ATG,"Age population, age 20, male",SP.POP.AG20.MA.IN,717,675,654.5,640.5,631
Antigua and Barbuda,ATG,"Age population, age 20, female",SP.POP.AG20.FE.IN,699.5,658,637.5,624,615
Antigua and Barbuda,ATG,"Age population, age 19, male",SP.POP.AG19.MA.IN,675,654.5,641.5,633,631
Antigua and Barbuda,ATG,"Age population, age 19, female",SP.POP.AG19.FE.IN,658,638,625,616,614
Antigua and Barbuda,ATG,"Age population, age 18, female",SP.POP.AG18.FE.IN,638,625.5,617.5,616,622
Antigua and Barbuda,ATG,"Age population, age 18, male",SP.POP.AG18.MA.IN,654.5,641.5,633.5,632,639
Antigua and Barbuda,ATG,"Age population, age 13, female",SP.POP.AG13.FE.IN,662.5,690.5,650,609,589.5
Antigua and Barbuda,ATG,"Age population, age 13, male",SP.POP.AG13.MA.IN,680.5,710,669,626.5,606.5
Antigua and Barbuda,ATG,"Age population, age 14, female",SP.POP.AG14.FE.IN,624,662.5,690.5,650,608.5
Antigua and Barbuda,ATG,"Age population, age 14, male",SP.POP.AG14.MA.IN,641,680.5,709.5,668.5,626.5
Antigua and Barbuda,ATG,"Age population, age 15, female",SP.POP.AG15.FE.IN,616.5,624,662,690,650
Antigua and Barbuda,ATG,"Age population, age 15, male",SP.POP.AG15.MA.IN,633.5,641,680.5,709.5,668
Antigua and Barbuda,ATG,"Age population, age 16, female",SP.POP.AG16.FE.IN,617.5,616.5,623.5,661.5,689.5
Antigua and Barbuda,ATG,"Age population, age 16, male",SP.POP.AG16.MA.IN,633.5,632.5,640,679.5,709
Antigua and Barbuda,ATG,"Age population, age 17, female",SP.POP.AG17.FE.IN,625.5,617.5,616.5,623.5,661
Antigua and Barbuda,ATG,"Age population, age 17, male",SP.POP.AG17.MA.IN,641.5,633.5,632.5,640,679
Arab World,ARB,"Age population, age 24, male",SP.POP.AG24.MA.IN,..,..,..,..,..
Arab World,ARB,"Age population, age 24, female",SP.POP.AG24.FE.IN,..,..,..,..,..
Arab World,ARB,"Age population, age 23, male",SP.POP.AG23.MA.IN,..,..,..,..,..
Arab World,ARB,"Age population, age 23, female",SP.POP.AG23.FE.IN,..,..,..,..,..
Arab World,ARB,"Age population, age 22, female",SP.POP.AG22.FE.IN,..,..,..,..,..
Arab World,ARB,"Age population, age 22, male",SP.POP.AG22.MA.IN,..,..,..,..,..
Arab World,ARB,"Age population, age 21, male",SP.POP.AG21.MA.IN,..,..,..,..,..
Arab World,ARB,"Age population, age 21, female",SP.POP.AG21.FE.IN,..,..,..,..,..
Arab World,ARB,"Age population, age 20, male",SP.POP.AG20.MA.IN,..,..,..,..,..
Arab World,ARB,"Age population, age 20, female",SP.POP.AG20.FE.IN,..,..,..,..,..
Arab World,ARB,"Age population, age 19, male",SP.POP.AG19.MA.IN,..,..,..,..,..
Arab World,ARB,"Age population, age 19, female",SP.POP.AG19.FE.IN,..,..,..,..,..
Arab World,ARB,"Age population, age 18, female",SP.POP.AG18.FE.IN,..,..,..,..,..
Arab World,ARB,"Age population, age 18, male",SP.POP.AG18.MA.IN,..,..,..,..,..
Arab World,ARB,"Age population, age 13, female",SP.POP.AG13.FE.IN,..,..,..,..,..
Arab World,ARB,"Age population, age 13, male",SP.POP.AG13.MA.IN,..,..,..,..,..
Arab World,ARB,"Age population, age 14, female",SP.POP.AG14.FE.IN,..,..,..,..,..
Arab World,ARB,"Age population, age 14, male",SP.POP.AG14.MA.IN,..,..,..,..,..
Arab World,ARB,"Age population, age 15, female",SP.POP.AG15.FE.IN,..,..,..,..,..
Arab World,ARB,"Age population, age 15, male",SP.POP.AG15.MA.IN,..,..,..,..,..
Arab World,ARB,"Age population, age 16, female",SP.POP.AG16.FE.IN,..,..,..,..,..
Arab World,ARB,"Age population, age 16, male",SP.POP.AG16.MA.IN,..,..,..,..,..
Arab World,ARB,"Age population, age 17, female",SP.POP.AG17.FE.IN,..,..,..,..,..
Arab World,ARB,"Age population, age 17, male",SP.POP.AG17.MA.IN,..,..,..,..,..
Argentina,ARG,"Age population, age 24, male",SP.POP.AG24.MA.IN,354941,353459.5,355397.5,356436,354286.5
Argentina,ARG,"Age population, age 24, female",SP.POP.AG24.FE.IN,341034,339221.5,340770.5,341710.5,339671
Argentina,ARG,"Age population, age 23, male",SP.POP.AG23.MA.IN,353855,355774.5,356835,354673,353042.5
Argentina,ARG,"Age population, age 23, female",SP.POP.AG23.FE.IN,339364.5,340854,341809.5,339786,338075.5
Argentina,ARG,"Age population, age 22, female",SP.POP.AG22.FE.IN,340990,341888,339881.5,338189.5,337053.5
Argentina,ARG,"Age population, age 22, male",SP.POP.AG22.MA.IN,356164.5,357215,355080,353437.5,352560.5
Argentina,ARG,"Age population, age 21, male",SP.POP.AG21.MA.IN,357601.5,355456,353849.5,352965.5,353188.5
Argentina,ARG,"Age population, age 21, female",SP.POP.AG21.FE.IN,342018.5,339957,338284.5,337168,337075
Argentina,ARG,"Age population, age 20, male",SP.POP.AG20.MA.IN,355833.5,354216.5,353375,353598,356901.5
Argentina,ARG,"Age population, age 20, female",SP.POP.AG20.FE.IN,340083,338360,337264.5,337191.5,339669
Argentina,ARG,"Age population, age 19, male",SP.POP.AG19.MA.IN,354574.5,353720,353989.5,357303,360542
Argentina,ARG,"Age population, age 19, female",SP.POP.AG19.FE.IN,338482,337342,337289.5,339787,341832
Argentina,ARG,"Age population, age 18, female",SP.POP.AG18.FE.IN,337461,337370.5,339887,341949,342126.5
Argentina,ARG,"Age population, age 18, male",SP.POP.AG18.MA.IN,354047.5,354300.5,357660.5,360912.5,361948.5
Argentina,ARG,"Age population, age 13, female",SP.POP.AG13.FE.IN,349299.5,355947,358568,361928.5,357536.5
Argentina,ARG,"Age population, age 13, male",SP.POP.AG13.MA.IN,370027.5,376696.5,379469,383283.5,378753
Argentina,ARG,"Age population, age 14, female",SP.POP.AG14.FE.IN,342519.5,349210,355864,358493.5,361855.5
Argentina,ARG,"Age population, age 14, male",SP.POP.AG14.MA.IN,362803.5,369922,376597.5,379368.5,383183.5
Argentina,ARG,"Age population, age 15, female",SP.POP.AG15.FE.IN,342242.5,342422.5,349123,355778,358406.5
Argentina,ARG,"Age population, age 15, male",SP.POP.AG15.MA.IN,361609.5,362668,369795.5,376460.5,379228.5
Argentina,ARG,"Age population, age 16, female",SP.POP.AG16.FE.IN,340085,342136.5,342334.5,349031,355679
Argentina,ARG,"Age population, age 16, male",SP.POP.AG16.MA.IN,358156,361430,362503.5,369611.5,376268
Argentina,ARG,"Age population, age 17, female",SP.POP.AG17.FE.IN,337486.5,339972.5,342048,342238.5,348924
Argentina,ARG,"Age population, age 17, male",SP.POP.AG17.MA.IN,354582.5,357925.5,361216,362263,369357.5
Armenia,ARM,"Age population, age 24, male",SP.POP.AG24.MA.IN,17474.5,17184.5,17962,18180.5,17467.5
Armenia,ARM,"Age population, age 24, female",SP.POP.AG24.FE.IN,17586.5,17380,18188.5,18439.5,17723
Armenia,ARM,"Age population, age 23, male",SP.POP.AG23.MA.IN,16983,16851.5,17723,18023.5,17423.5
Armenia,ARM,"Age population, age 23, female",SP.POP.AG23.FE.IN,16989.5,17009.5,17921,18244,17618
Armenia,ARM,"Age population, age 22, female",SP.POP.AG22.FE.IN,16566.5,16740.5,17708,18107.5,17589.5
Armenia,ARM,"Age population, age 22, male",SP.POP.AG22.MA.IN,16631,16618.5,17555.5,17951.5,17486
Armenia,ARM,"Age population, age 21, male",SP.POP.AG21.MA.IN,16392,16480,17483.5,17975.5,17652.5
Armenia,ARM,"Age population, age 21, female",SP.POP.AG21.FE.IN,16271.5,16548.5,17564.5,18037.5,17615
Armenia,ARM,"Age population, age 20, male",SP.POP.AG20.MA.IN,16272,16460,17520.5,18099.5,17940
Armenia,ARM,"Age population, age 20, female",SP.POP.AG20.FE.IN,16084.5,16452.5,17503.5,18019,17705
Armenia,ARM,"Age population, age 19, male",SP.POP.AG19.MA.IN,16290,16575.5,17673.5,18341,18371.5
Armenia,ARM,"Age population, age 19, female",SP.POP.AG19.FE.IN,16017.5,16468,17513.5,18064.5,17893
Armenia,ARM,"Age population, age 18, female",SP.POP.AG18.FE.IN,16116.5,16583,17602,18199.5,18206.5
Armenia,ARM,"Age population, age 18, male",SP.POP.AG18.MA.IN,16483,16830.5,17953.5,18714.5,18972.5
Armenia,ARM,"Age population, age 13, female",SP.POP.AG13.FE.IN,18178,18660.5,19219,19460.5,19410
Armenia,ARM,"Age population, age 13, male",SP.POP.AG13.MA.IN,19480.5,20124,20880.5,21274.5,21282
Armenia,ARM,"Age population, age 14, female",SP.POP.AG14.FE.IN,17580,18147.5,18916,19330,19344
Armenia,ARM,"Age population, age 14, male",SP.POP.AG14.MA.IN,18637.5,19341,20352,20969,21149.5
Armenia,ARM,"Age population, age 15, female",SP.POP.AG15.FE.IN,17058.5,17596.5,18518,19103,19213.5
Armenia,ARM,"Age population, age 15, male",SP.POP.AG15.MA.IN,17900.5,18503.5,19670.5,20507,20841.5
Armenia,ARM,"Age population, age 16, female",SP.POP.AG16.FE.IN,16651,17134,18105.5,18787.5,18967.5
Armenia,ARM,"Age population, age 16, male",SP.POP.AG16.MA.IN,17304.5,17785,18956,19896,20357
Armenia,ARM,"Age population, age 17, female",SP.POP.AG17.FE.IN,16337,16800.5,17790.5,18450,18607
Armenia,ARM,"Age population, age 17, male",SP.POP.AG17.MA.IN,16830.5,17232.5,18372.5,19245.5,19694.5
Aruba,ABW,"Age population, age 24, male",SP.POP.AG24.MA.IN,568.5,580,602.5,636.5,673.5
Aruba,ABW,"Age population, age 24, female",SP.POP.AG24.FE.IN,537.5,534.5,545.5,573.5,612
Aruba,ABW,"Age population, age 23, male",SP.POP.AG23.MA.IN,571.5,598.5,634,672.5,704
Aruba,ABW,"Age population, age 23, female",SP.POP.AG23.FE.IN,530,543.5,571.5,610.5,653.5
Aruba,ABW,"Age population, age 22, female",SP.POP.AG22.FE.IN,539,569.5,608.5,652.5,683
Aruba,ABW,"Age population, age 22, male",SP.POP.AG22.MA.IN,590,631,671,704,725.5
Aruba,ABW,"Age population, age 21, male",SP.POP.AG21.MA.IN,622.5,667,702,725.5,737
Aruba,ABW,"Age population, age 21, female",SP.POP.AG21.FE.IN,565,607,652,683,697
Aruba,ABW,"Age population, age 20, male",SP.POP.AG20.MA.IN,659.5,698.5,724,738,739
Aruba,ABW,"Age population, age 20, female",SP.POP.AG20.FE.IN,603,650,682,697,704
Aruba,ABW,"Age population, age 19, male",SP.POP.AG19.MA.IN,691,721,736.5,739.5,727.5
Aruba,ABW,"Age population, age 19, female",SP.POP.AG19.FE.IN,646,680.5,696.5,704,693
Aruba,ABW,"Age population, age 18, female",SP.POP.AG18.FE.IN,676.5,695,703.5,693.5,683
Aruba,ABW,"Age population, age 18, male",SP.POP.AG18.MA.IN,715,734,739,728.5,711.5
Aruba,ABW,"Age population, age 13, female",SP.POP.AG13.FE.IN,676.5,672.5,672,675.5,680.5
Aruba,ABW,"Age population, age 13, male",SP.POP.AG13.MA.IN,701,700,699.5,703.5,708
Aruba,ABW,"Age population, age 14, female",SP.POP.AG14.FE.IN,680,677,672.5,672.5,676
Aruba,ABW,"Age population, age 14, male",SP.POP.AG14.MA.IN,707,702.5,700.5,699.5,703.5
Aruba,ABW,"Age population, age 15, female",SP.POP.AG15.FE.IN,690,681.5,678,673.5,673
Aruba,ABW,"Age population, age 15, male",SP.POP.AG15.MA.IN,722.5,709.5,703,701,700.5
Aruba,ABW,"Age population, age 16, female",SP.POP.AG16.FE.IN,699.5,692,682.5,679,674
Aruba,ABW,"Age population, age 16, male",SP.POP.AG16.MA.IN,732.5,725.5,711,704,701
Aruba,ABW,"Age population, age 17, female",SP.POP.AG17.FE.IN,691.5,702,693,683,679
Aruba,ABW,"Age population, age 17, male",SP.POP.AG17.MA.IN,728.5,736.5,727.5,712,704
Australia,AUS,"Age population, age 24, male",SP.POP.AG24.MA.IN,180132,177400.5,176577,176312.5,173667
Australia,AUS,"Age population, age 24, female",SP.POP.AG24.FE.IN,171052,167947.5,166451,165787.5,163850
Australia,AUS,"Age population, age 23, male",SP.POP.AG23.MA.IN,174930.5,173831,173383,170550,166846.5
Australia,AUS,"Age population, age 23, female",SP.POP.AG23.FE.IN,165312,163563,162712.5,160579,158717
Australia,AUS,"Age population, age 22, female",SP.POP.AG22.FE.IN,160922.5,159818.5,157162.5,154764.5,156017.5
Australia,AUS,"Age population, age 22, male",SP.POP.AG22.MA.IN,171374,170649.5,167278,163029.5,163429
Australia,AUS,"Age population, age 21, male",SP.POP.AG21.MA.IN,168255.5,164613,159513,159051.5,163895
Australia,AUS,"Age population, age 21, female",SP.POP.AG21.FE.IN,157225,154319.5,151104.5,151523,155613
Australia,AUS,"Age population, age 20, male",SP.POP.AG20.MA.IN,162338,156979.5,155497,159306,165693
Australia,AUS,"Age population, age 20, female",SP.POP.AG20.FE.IN,151834,148380.5,147825.5,150921,156734
Australia,AUS,"Age population, age 19, male",SP.POP.AG19.MA.IN,154877,153157.5,155983.5,161371.5,168640
Australia,AUS,"Age population, age 19, female",SP.POP.AG19.FE.IN,146067.5,145287,147451.5,152315.5,159459
Australia,AUS,"Age population, age 18, female",SP.POP.AG18.FE.IN,143208.5,145168,149329,155757,161963.5
Australia,AUS,"Age population, age 18, male",SP.POP.AG18.MA.IN,151282.5,153900,158532,165027.5,171358.5
Australia,AUS,"Age population, age 13, female",SP.POP.AG13.FE.IN,158065.5,159439.5,160282.5,160544,160992
Australia,AUS,"Age population, age 13, male",SP.POP.AG13.MA.IN,167657,168674.5,169143.5,169197.5,169878
Australia,AUS,"Age population, age 14, female",SP.POP.AG14.FE.IN,155516,158636.5,160071,160874.5,161095.5
Australia,AUS,"Age population, age 14, male",SP.POP.AG14.MA.IN,165308,168165.5,169242.5,169690,169722
Australia,AUS,"Age population, age 15, female",SP.POP.AG15.FE.IN,150670,156344.5,159550,160836.5,161493
Australia,AUS,"Age population, age 15, male",SP.POP.AG15.MA.IN,160356,166041,168983.5,169947,170280.5
Australia,AUS,"Age population, age 16, female",SP.POP.AG16.FE.IN,145892.5,151806,157596,160656,161799.5
Australia,AUS,"Age population, age 16, male",SP.POP.AG16.MA.IN,155441,161364.5,167165.5,170010,170877
Australia,AUS,"Age population, age 17, female",SP.POP.AG17.FE.IN,143378,147360.5,153421.5,159253,162359.5
Australia,AUS,"Age population, age 17, male",SP.POP.AG17.MA.IN,152295.5,156747.5,162821.5,168719,171665
Austria,AUT,"Age population, age 24, male",SP.POP.AG24.MA.IN,56065,54529,52620.5,50772,49136.5
Austria,AUT,"Age population, age 24, female",SP.POP.AG24.FE.IN,53376.5,51619.5,49479,47839.5,46408
Austria,AUT,"Age population, age 23, male",SP.POP.AG23.MA.IN,53568.5,52151,50557.5,48690.5,48113.5
Austria,AUT,"Age population, age 23, female",SP.POP.AG23.FE.IN,50630.5,49014,47616,45958.5,45674
Austria,AUT,"Age population, age 22, female",SP.POP.AG22.FE.IN,48047.5,47176.5,45589,44931,45579
Austria,AUT,"Age population, age 22, male",SP.POP.AG22.MA.IN,51208,50103.5,48330.5,47380.5,47885.5
Austria,AUT,"Age population, age 21, male",SP.POP.AG21.MA.IN,49200,47909.5,46899.5,46903.5,47613.5
Austria,AUT,"Age population, age 21, female",SP.POP.AG21.FE.IN,46242,45171.5,44431.5,44578.5,45243.5
Austria,AUT,"Age population, age 20, male",SP.POP.AG20.MA.IN,47041.5,46488.5,46356,46500,47223
Austria,AUT,"Age population, age 20, female",SP.POP.AG20.FE.IN,44266.5,44022.5,44010.5,44108.5,45052
Austria,AUT,"Age population, age 19, male",SP.POP.AG19.MA.IN,45679.5,45965,45966,46145.5,46149
Austria,AUT,"Age population, age 19, female",SP.POP.AG19.FE.IN,43177.5,43626,43556.5,43952,44301.5
Austria,AUT,"Age population, age 18, female",SP.POP.AG18.FE.IN,42825,43167.5,43492,43386.5,43218.5
Austria,AUT,"Age population, age 18, male",SP.POP.AG18.MA.IN,45196.5,45573.5,45701.5,45252,45094.5
Austria,AUT,"Age population, age 13, female",SP.POP.AG13.FE.IN,40999,41303,41916.5,41976,41814.5
Austria,AUT,"Age population, age 13, male",SP.POP.AG13.MA.IN,43437.5,43748.5,44090.5,44584,44672
Austria,AUT,"Age population, age 14, female",SP.POP.AG14.FE.IN,41473,41473,41670,41942,42013
Austria,AUT,"Age population, age 14, male",SP.POP.AG14.MA.IN,43371.5,43914.5,44132.5,44117.5,44624
Austria,AUT,"Age population, age 15, female",SP.POP.AG15.FE.IN,42080.5,42007,41848.5,41708,42005
Austria,AUT,"Age population, age 15, male",SP.POP.AG15.MA.IN,43965,43897,44302.5,44170,44182
Austria,AUT,"Age population, age 16, female",SP.POP.AG16.FE.IN,42445.5,42678.5,42384.5,41936,41870.5
Austria,AUT,"Age population, age 16, male",SP.POP.AG16.MA.IN,44667,44545,44280.5,44384.5,44331.5
Austria,AUT,"Age population, age 17, female",SP.POP.AG17.FE.IN,42438.5,43115.5,43061,42574,42304
Austria,AUT,"Age population, age 17, male",SP.POP.AG17.MA.IN,44870,45319,44938.5,44462.5,44746
Azerbaijan,AZE,"Age population, age 24, male",SP.POP.AG24.MA.IN,73013.5,68500,67479.5,67465.5,65590.5
Azerbaijan,AZE,"Age population, age 24, female",SP.POP.AG24.FE.IN,74990,68629,66069.5,64874.5,61791
Azerbaijan,AZE,"Age population, age 23, male",SP.POP.AG23.MA.IN,68458,67710,67530,65128,65321.5
Azerbaijan,AZE,"Age population, age 23, female",SP.POP.AG23.FE.IN,68594,66306.5,64923.5,61341,59664
Azerbaijan,AZE,"Age population, age 22, female",SP.POP.AG22.FE.IN,66269.5,65160.5,61228.5,58889,60761
Azerbaijan,AZE,"Age population, age 22, male",SP.POP.AG22.MA.IN,67668.5,67769.5,65030,64520.5,67546.5
Azerbaijan,AZE,"Age population, age 21, male",SP.POP.AG21.MA.IN,67729,65259.5,64267.5,66451,71875
Azerbaijan,AZE,"Age population, age 21, female",SP.POP.AG21.FE.IN,65124,61454.5,58625,59702,64424
Azerbaijan,AZE,"Age population, age 20, male",SP.POP.AG20.MA.IN,65218,64482.5,66107.5,70625,77114.5
Azerbaijan,AZE,"Age population, age 20, female",SP.POP.AG20.FE.IN,61420,58833,59343.5,63214.5,68941.5
Azerbaijan,AZE,"Age population, age 19, male",SP.POP.AG19.MA.IN,64442.5,66332.5,70310,75906,79331
Azerbaijan,AZE,"Age population, age 19, female",SP.POP.AG19.FE.IN,58801.5,59555.5,62876,67770,70983
Azerbaijan,AZE,"Age population, age 18, female",SP.POP.AG18.FE.IN,59529.5,63101,67540.5,70012,71896
Azerbaijan,AZE,"Age population, age 18, male",SP.POP.AG18.MA.IN,66299.5,70550.5,75706.5,78334,80230.5
Azerbaijan,AZE,"Age population, age 13, female",SP.POP.AG13.FE.IN,74261,77677.5,81091,80959,80398
Azerbaijan,AZE,"Age population, age 13, male",SP.POP.AG13.MA.IN,82647.5,86296.5,90204,90234.5,89490.5
Azerbaijan,AZE,"Age population, age 14, female",SP.POP.AG14.FE.IN,71612.5,74257,77360,80780,80977.5
Azerbaijan,AZE,"Age population, age 14, male",SP.POP.AG14.MA.IN,80010.5,82638,85941.5,89849.5,90245.5
Azerbaijan,AZE,"Age population, age 15, female",SP.POP.AG15.FE.IN,70225,71612.5,73957.5,77076,80825.5
Azerbaijan,AZE,"Age population, age 15, male",SP.POP.AG15.MA.IN,78612.5,80008,82305,85611.5,89884.5
Azerbaijan,AZE,"Age population, age 16, female",SP.POP.AG16.FE.IN,67785,70230.5,71325.5,73735,77230.5
Azerbaijan,AZE,"Age population, age 16, male",SP.POP.AG16.MA.IN,75970.5,78617.5,79692,82036,85757.5
Azerbaijan,AZE,"Age population, age 17, female",SP.POP.AG17.FE.IN,63083,67795.5,69952.5,71218.5,74112.5
Azerbaijan,AZE,"Age population, age 17, male",SP.POP.AG17.MA.IN,70526.5,75983.5,78314,79540,82413
"Bahamas, The",BHS,"Age population, age 24, male",SP.POP.AG24.MA.IN,3136.5,3074,2988,2899,2860.5
"Bahamas, The",BHS,"Age population, age 24, female",SP.POP.AG24.FE.IN,3227,3166,3082.5,2990,2941
"Bahamas, The",BHS,"Age population, age 23, male",SP.POP.AG23.MA.IN,3073,2983,2886.5,2841,2835.5
"Bahamas, The",BHS,"Age population, age 23, female",SP.POP.AG23.FE.IN,3149,3058,2962.5,2911.5,2896
"Bahamas, The",BHS,"Age population, age 22, female",SP.POP.AG22.FE.IN,3040,2937.5,2877.5,2853.5,2865
"Bahamas, The",BHS,"Age population, age 22, male",SP.POP.AG22.MA.IN,2982,2881.5,2822.5,2804,2822
"Bahamas, The",BHS,"Age population, age 21, male",SP.POP.AG21.MA.IN,2880.5,2818.5,2781,2780.5,2834.5
"Bahamas, The",BHS,"Age population, age 21, female",SP.POP.AG21.FE.IN,2919,2852,2814.5,2812.5,2861.5
"Bahamas, The",BHS,"Age population, age 20, male",SP.POP.AG20.MA.IN,2817,2776.5,2755,2787.5,2870
"Bahamas, The",BHS,"Age population, age 20, female",SP.POP.AG20.FE.IN,2835.5,2791.5,2772,2804,2878.5
"Bahamas, The",BHS,"Age population, age 19, male",SP.POP.AG19.MA.IN,2776,2751,2763,2825,2898.5
"Bahamas, The",BHS,"Age population, age 19, female",SP.POP.AG19.FE.IN,2775,2749.5,2765,2823,2889.5
"Bahamas, The",BHS,"Age population, age 18, female",SP.POP.AG18.FE.IN,2735.5,2745,2789.5,2843,2899
"Bahamas, The",BHS,"Age population, age 18, male",SP.POP.AG18.MA.IN,2749,2759,2804,2860.5,2921.5
"Bahamas, The",BHS,"Age population, age 13, female",SP.POP.AG13.FE.IN,2847.5,2863,2782.5,2660.5,2637.5
"Bahamas, The",BHS,"Age population, age 13, male",SP.POP.AG13.MA.IN,2897.5,2914,2833.5,2713,2693.5
"Bahamas, The",BHS,"Age population, age 14, female",SP.POP.AG14.FE.IN,2833,2851,2868,2787,2664.5
"Bahamas, The",BHS,"Age population, age 14, male",SP.POP.AG14.MA.IN,2880,2899,2916,2836,2716
"Bahamas, The",BHS,"Age population, age 15, female",SP.POP.AG15.FE.IN,2796.5,2838.5,2859.5,2875,2792
"Bahamas, The",BHS,"Age population, age 15, male",SP.POP.AG15.MA.IN,2839,2881.5,2901.5,2919.5,2839.5
"Bahamas, The",BHS,"Age population, age 16, female",SP.POP.AG16.FE.IN,2763.5,2805,2850,2869.5,2884
"Bahamas, The",BHS,"Age population, age 16, male",SP.POP.AG16.MA.IN,2797.5,2841.5,2885.5,2907,2926
"Bahamas, The",BHS,"Age population, age 17, female",SP.POP.AG17.FE.IN,2733,2773.5,2818.5,2866.5,2889
"Bahamas, The",BHS,"Age population, age 17, male",SP.POP.AG17.MA.IN,2756.5,2799,2844.5,2895,2922.5
Bahrain,BHR,"Age population, age 24, male",SP.POP.AG24.MA.IN,18491,16739,15488.5,15471,15665
Bahrain,BHR,"Age population, age 24, female",SP.POP.AG24.FE.IN,10558.5,9836.5,8724,8655,9037.5
Bahrain,BHR,"Age population, age 23, male",SP.POP.AG23.MA.IN,16568.5,15519.5,14625.5,14522,14739
Bahrain,BHR,"Age population, age 23, female",SP.POP.AG23.FE.IN,10038,9118.5,8068,8140.5,8560
Bahrain,BHR,"Age population, age 22, female",SP.POP.AG22.FE.IN,9549.5,8548,7659,7877,8301
Bahrain,BHR,"Age population, age 22, male",SP.POP.AG22.MA.IN,14928,14356.5,13570.5,13375,13700.5
Bahrain,BHR,"Age population, age 21, male",SP.POP.AG21.MA.IN,13586,13226.5,12326,12122.5,12701.5
Bahrain,BHR,"Age population, age 21, female",SP.POP.AG21.FE.IN,9105,8146,7501.5,7825,8187
Bahrain,BHR,"Age population, age 20, male",SP.POP.AG20.MA.IN,12530.5,12122.5,10985.5,10915.5,11654.5
Bahrain,BHR,"Age population, age 20, female",SP.POP.AG20.FE.IN,8711,7912.5,7554,7912,8196.5
Bahrain,BHR,"Age population, age 19, male",SP.POP.AG19.MA.IN,11705.5,11044,9761.5,9791,10482
Bahrain,BHR,"Age population, age 19, female",SP.POP.AG19.FE.IN,8390.5,7840.5,7736.5,8094.5,8330
Bahrain,BHR,"Age population, age 18, female",SP.POP.AG18.FE.IN,8172,7882.5,7968,8303.5,8501.5
Bahrain,BHR,"Age population, age 18, male",SP.POP.AG18.MA.IN,11027,10091,8870,9034.5,9636.5
Bahrain,BHR,"Age population, age 13, female",SP.POP.AG13.FE.IN,8586.5,8878.5,9332.5,9573.5,9724.5
Bahrain,BHR,"Age population, age 13, male",SP.POP.AG13.MA.IN,9198.5,9203,9727.5,10019,10061.5
Bahrain,BHR,"Age population, age 14, female",SP.POP.AG14.FE.IN,8363,8615.5,9045.5,9295,9429
Bahrain,BHR,"Age population, age 14, male",SP.POP.AG14.MA.IN,9336,8939.5,9220.5,9555,9566
Bahrain,BHR,"Age population, age 15, female",SP.POP.AG15.FE.IN,8175,8368,8759,9015.5,9138
Bahrain,BHR,"Age population, age 15, male",SP.POP.AG15.MA.IN,9599.5,8823,8709.5,9059,9073
Bahrain,BHR,"Age population, age 16, female",SP.POP.AG16.FE.IN,8065.5,8153,8483,8762.5,8894
Bahrain,BHR,"Age population, age 16, male",SP.POP.AG16.MA.IN,9977,8966.5,8377,8768,8962.5
Bahrain,BHR,"Age population, age 17, female",SP.POP.AG17.FE.IN,8062.5,7989.5,8218,8526.5,8687.5
Bahrain,BHR,"Age population, age 17, male",SP.POP.AG17.MA.IN,10454,9390.5,8405.5,8717,9172.5
Bangladesh,BGD,"Age population, age 24, male",SP.POP.AG24.MA.IN,1416400.5,1389982,1379142.5,1386824.5,1415286
Bangladesh,BGD,"Age population, age 24, female",SP.POP.AG24.FE.IN,1684812,1700991.5,1696172,1694715,1697921
Bangladesh,BGD,"Age population, age 23, male",SP.POP.AG23.MA.IN,1422717.5,1395163.5,1401837.5,1428367,1473670.5
Bangladesh,BGD,"Age population, age 23, female",SP.POP.AG23.FE.IN,1697862.5,1704925,1704162,1707475.5,1714156
Bangladesh,BGD,"Age population, age 22, female",SP.POP.AG22.FE.IN,1705506.5,1713078,1717122.5,1723930.5,1729566.5
Bangladesh,BGD,"Age population, age 22, male",SP.POP.AG22.MA.IN,1433561.5,1417832.5,1443498,1487038,1541003.5
Bangladesh,BGD,"Age population, age 21, male",SP.POP.AG21.MA.IN,1458967,1459283.5,1502025,1554360,1604837
Bangladesh,BGD,"Age population, age 21, female",SP.POP.AG21.FE.IN,1716420,1726172.5,1733649.5,1739355.5,1737431.5
Bangladesh,BGD,"Age population, age 20, male",SP.POP.AG20.MA.IN,1500793.5,1517376.5,1568860.5,1617761,1657911.5
Bangladesh,BGD,"Age population, age 20, female",SP.POP.AG20.FE.IN,1731514,1742797.5,1748961,1746938.5,1733712
Bangladesh,BGD,"Age population, age 19, male",SP.POP.AG19.MA.IN,1555796.5,1583498.5,1631317.5,1669824.5,1699316.5
Bangladesh,BGD,"Age population, age 19, female",SP.POP.AG19.FE.IN,1748341.5,1758123.5,1756142.5,1742524,1718080
Bangladesh,BGD,"Age population, age 18, female",SP.POP.AG18.FE.IN,1761961.5,1765098,1750923.5,1725700.5,1691673.5
Bangladesh,BGD,"Age population, age 18, male",SP.POP.AG18.MA.IN,1615278,1644870,1681882,1709525.5,1729300.5
Bangladesh,BGD,"Age population, age 13, female",SP.POP.AG13.FE.IN,1667232.5,1631365,1594272.5,1562976,1538454
Bangladesh,BGD,"Age population, age 13, male",SP.POP.AG13.MA.IN,1759249.5,1762617.5,1747879.5,1723931,1692708.5
Bangladesh,BGD,"Age population, age 14, female",SP.POP.AG14.FE.IN,1705088,1670431,1628612.5,1591918,1561133.5
Bangladesh,BGD,"Age population, age 14, male",SP.POP.AG14.MA.IN,1753308.5,1763675,1758759.5,1744701,1721682.5
Bangladesh,BGD,"Age population, age 15, female",SP.POP.AG15.FE.IN,1736854.5,1709044,1666368.5,1625423.5,1589712.5
Bangladesh,BGD,"Age population, age 15, male",SP.POP.AG15.MA.IN,1736511,1752900,1758018.5,1754463.5,1742012.5
Bangladesh,BGD,"Age population, age 16, female",SP.POP.AG16.FE.IN,1758524.5,1740040.5,1703415.5,1662043.5,1622443
Bangladesh,BGD,"Age population, age 16, male",SP.POP.AG16.MA.IN,1709171,1729605,1745100.5,1752165,1750745.5
Bangladesh,BGD,"Age population, age 17, female",SP.POP.AG17.FE.IN,1766348,1759242.5,1732883.5,1697686.5,1657722.5
Bangladesh,BGD,"Age population, age 17, male",SP.POP.AG17.MA.IN,1668154,1693884.5,1719589.5,1737238,1746597
Barbados,BRB,"Age population, age 24, male",SP.POP.AG24.MA.IN,1797,1841.5,1890.5,1945.5,1956
Barbados,BRB,"Age population, age 24, female",SP.POP.AG24.FE.IN,1807.5,1821.5,1835.5,1866.5,1880
Barbados,BRB,"Age population, age 23, male",SP.POP.AG23.MA.IN,1845,1894.5,1949.5,1960.5,1912.5
Barbados,BRB,"Age population, age 23, female",SP.POP.AG23.FE.IN,1824,1838,1869,1883.5,1851.5
Barbados,BRB,"Age population, age 22, female",SP.POP.AG22.FE.IN,1839.5,1871,1886.5,1856,1808
Barbados,BRB,"Age population, age 22, male",SP.POP.AG22.MA.IN,1898,1953.5,1965.5,1918.5,1863.5
Barbados,BRB,"Age population, age 21, male",SP.POP.AG21.MA.IN,1956.5,1969,1923,1869.5,1823.5
Barbados,BRB,"Age population, age 21, female",SP.POP.AG21.FE.IN,1873,1888.5,1860,1814,1788
Barbados,BRB,"Age population, age 20, male",SP.POP.AG20.MA.IN,1972,1927,1875,1830.5,1773.5
Barbados,BRB,"Age population, age 20, female",SP.POP.AG20.FE.IN,1890.5,1862,1818.5,1794.5,1771.5
Barbados,BRB,"Age population, age 19, male",SP.POP.AG19.MA.IN,1929.5,1878,1835.5,1780,1753
Barbados,BRB,"Age population, age 19, female",SP.POP.AG19.FE.IN,1863,1819.5,1798,1777.5,1742.5
Barbados,BRB,"Age population, age 18, female",SP.POP.AG18.FE.IN,1821,1800,1781,1747.5,1756.5
Barbados,BRB,"Age population, age 18, male",SP.POP.AG18.MA.IN,1880.5,1838,1784,1759,1825
Barbados,BRB,"Age population, age 13, female",SP.POP.AG13.FE.IN,1842.5,1837.5,1740,1680.5,1645
Barbados,BRB,"Age population, age 13, male",SP.POP.AG13.MA.IN,1950.5,1930.5,1807,1738.5,1701
Barbados,BRB,"Age population, age 14, female",SP.POP.AG14.FE.IN,1763.5,1841.5,1837,1740,1680.5
Barbados,BRB,"Age population, age 14, male",SP.POP.AG14.MA.IN,1834.5,1949.5,1929.5,1806,1737.5
Barbados,BRB,"Age population, age 15, female",SP.POP.AG15.FE.IN,1752,1763,1841.5,1836.5,1739
Barbados,BRB,"Age population, age 15, male",SP.POP.AG15.MA.IN,1766,1833.5,1948.5,1928.5,1804.5
Barbados,BRB,"Age population, age 16, female",SP.POP.AG16.FE.IN,1783.5,1751.5,1762,1840,1834.5
Barbados,BRB,"Age population, age 16, male",SP.POP.AG16.MA.IN,1788,1764,1831.5,1946.5,1926.5
Barbados,BRB,"Age population, age 17, female",SP.POP.AG17.FE.IN,1801,1782,1750,1760.5,1838
Barbados,BRB,"Age population, age 17, male",SP.POP.AG17.MA.IN,1840.5,1786.5,1762,1829,1943.5
Belarus,BLR,"Age population, age 24, male",SP.POP.AG24.MA.IN,45686,45072.5,45757.5,45511,44775
Belarus,BLR,"Age population, age 24, female",SP.POP.AG24.FE.IN,43274.5,42202,42801,43066.5,42316
Belarus,BLR,"Age population, age 23, male",SP.POP.AG23.MA.IN,45462,45822,45605,44909,43792
Belarus,BLR,"Age population, age 23, female",SP.POP.AG23.FE.IN,42577.5,42833.5,43131.5,42423.5,41334.5
Belarus,BLR,"Age population, age 22, female",SP.POP.AG22.FE.IN,43210.5,43165,42508.5,41481,40976
Belarus,BLR,"Age population, age 22, male",SP.POP.AG22.MA.IN,46209,45668,45017.5,43957,43356.5
Belarus,BLR,"Age population, age 21, male",SP.POP.AG21.MA.IN,46045,45079,44079,43550.5,43409
Belarus,BLR,"Age population, age 21, female",SP.POP.AG21.FE.IN,43535.5,42542,41583.5,41157.5,41023.5
Belarus,BLR,"Age population, age 20, male",SP.POP.AG20.MA.IN,45439,44138.5,43678,43616.5,44345.5
Belarus,BLR,"Age population, age 20, female",SP.POP.AG20.FE.IN,42899.5,41617.5,41268.5,41222.5,42187
Belarus,BLR,"Age population, age 19, male",SP.POP.AG19.MA.IN,44471.5,43734.5,43737.5,44543,46366
Belarus,BLR,"Age population, age 19, female",SP.POP.AG19.FE.IN,41952,41302.5,41330,42378.5,44117
Belarus,BLR,"Age population, age 18, female",SP.POP.AG18.FE.IN,41607,41365,42472,44279.5,47113
Belarus,BLR,"Age population, age 18, male",SP.POP.AG18.MA.IN,44033.5,43791,44648,46533,49870
Belarus,BLR,"Age population, age 13, female",SP.POP.AG13.FE.IN,50542,52167.5,52560.5,52940.5,55069
Belarus,BLR,"Age population, age 13, male",SP.POP.AG13.MA.IN,53629,55456,55891.5,56074,58293
Belarus,BLR,"Age population, age 14, female",SP.POP.AG14.FE.IN,47460.5,50435,52128,52536.5,52919.5
Belarus,BLR,"Age population, age 14, male",SP.POP.AG14.MA.IN,50228,53527.5,55414,55865.5,56050
Belarus,BLR,"Age population, age 15, female",SP.POP.AG15.FE.IN,44568.5,47320,50396.5,52101.5,52510.5
Belarus,BLR,"Age population, age 15, male",SP.POP.AG15.MA.IN,46831.5,50096.5,53485.5,55384,55836
Belarus,BLR,"Age population, age 16, female",SP.POP.AG16.FE.IN,42731.5,44388,47282.5,50361.5,52059
Belarus,BLR,"Age population, age 16, male",SP.POP.AG16.MA.IN,44911.5,46660.5,50052.5,53445.5,55337.5
Belarus,BLR,"Age population, age 17, female",SP.POP.AG17.FE.IN,41631.5,42507.5,44351.5,47232,50286.5
Belarus,BLR,"Age population, age 17, male",SP.POP.AG17.MA.IN,44049.5,44697.5,46614.5,49995,53365.5
Belgium,BEL,"Age population, age 24, male",SP.POP.AG24.MA.IN,70080,69582.5,69075,69634.5,70043
Belgium,BEL,"Age population, age 24, female",SP.POP.AG24.FE.IN,68708.5,68159,67067.5,67051.5,67216.5
Belgium,BEL,"Age population, age 23, male",SP.POP.AG23.MA.IN,69064.5,68625,69031,69090,68927
Belgium,BEL,"Age population, age 23, female",SP.POP.AG23.FE.IN,67093.5,66611,66453.5,66283,65944.5
Belgium,BEL,"Age population, age 22, female",SP.POP.AG22.FE.IN,65533,66007.5,65515.5,64666.5,65439.5
Belgium,BEL,"Age population, age 22, male",SP.POP.AG22.MA.IN,68107,68586.5,68319,67634,68580.5
Belgium,BEL,"Age population, age 21, male",SP.POP.AG21.MA.IN,68119.5,67881,66722.5,67001.5,69173
Belgium,BEL,"Age population, age 21, female",SP.POP.AG21.FE.IN,64969.5,65075.5,63755.5,63870,65908
Belgium,BEL,"Age population, age 20, male",SP.POP.AG20.MA.IN,67335.5,66282.5,66026.5,67460,69878
Belgium,BEL,"Age population, age 20, female",SP.POP.AG20.FE.IN,64109,63318.5,62893.5,64199,66380
Belgium,BEL,"Age population, age 19, male",SP.POP.AG19.MA.IN,65689,65591,66524.5,68243.5,70310.5
Belgium,BEL,"Age population, age 19, female",SP.POP.AG19.FE.IN,62453.5,62465,63264.5,64747,67286
Belgium,BEL,"Age population, age 18, female",SP.POP.AG18.FE.IN,61702.5,62846.5,63950,65924,67885.5
Belgium,BEL,"Age population, age 18, male",SP.POP.AG18.MA.IN,64958.5,66099.5,67445.5,68944,70633
Belgium,BEL,"Age population, age 13, female",SP.POP.AG13.FE.IN,66272,67147,67907.5,67856.5,67114
Belgium,BEL,"Age population, age 13, male",SP.POP.AG13.MA.IN,69587.5,70708,71139,70931,70028.5
Belgium,BEL,"Age population, age 14, female",SP.POP.AG14.FE.IN,65643,66691,67598,68093.5,67986
Belgium,BEL,"Age population, age 14, male",SP.POP.AG14.MA.IN,68399.5,70014,71177.5,71334.5,71068
Belgium,BEL,"Age population, age 15, female",SP.POP.AG15.FE.IN,64478,66063,67137.5,67798,68255
Belgium,BEL,"Age population, age 15, male",SP.POP.AG15.MA.IN,67561,68781,70475,71385,71503.5
Belgium,BEL,"Age population, age 16, female",SP.POP.AG16.FE.IN,63059.5,64890.5,66496.5,67404.5,68097
Belgium,BEL,"Age population, age 16, male",SP.POP.AG16.MA.IN,66814.5,67894.5,69231.5,70749,71691
Belgium,BEL,"Age population, age 17, female",SP.POP.AG17.FE.IN,62151.5,63529,65319.5,66907.5,67992.5
Belgium,BEL,"Age population, age 17, male",SP.POP.AG17.MA.IN,65573.5,67019.5,68336,69647.5,71344
Belize,BLZ,"Age population, age 24, male",SP.POP.AG24.MA.IN,3814,3932,4087,4131.5,4125
Belize,BLZ,"Age population, age 24, female",SP.POP.AG24.FE.IN,3736.5,3824,3932.5,3976.5,3965.5
Belize,BLZ,"Age population, age 23, male",SP.POP.AG23.MA.IN,3858.5,4003,4129,4133,4083
Belize,BLZ,"Age population, age 23, female",SP.POP.AG23.FE.IN,3785.5,3887.5,3977.5,3976,3921
Belize,BLZ,"Age population, age 22, female",SP.POP.AG22.FE.IN,3848.5,3932.5,3984.5,3946,3870
Belize,BLZ,"Age population, age 22, male",SP.POP.AG22.MA.IN,3930,4046,4138,4105,4014
Belize,BLZ,"Age population, age 21, male",SP.POP.AG21.MA.IN,3975,4056.5,4116.5,4049,3966.5
Belize,BLZ,"Age population, age 21, female",SP.POP.AG21.FE.IN,3893.5,3939.5,3961,3908,3837
Belize,BLZ,"Age population, age 20, male",SP.POP.AG20.MA.IN,3989.5,4039.5,4065,4009.5,3947.5
Belize,BLZ,"Age population, age 20, female",SP.POP.AG20.FE.IN,3902.5,3918.5,3926.5,3882.5,3821.5
Belize,BLZ,"Age population, age 19, male",SP.POP.AG19.MA.IN,3977,3993.5,4025.5,3990.5,3930.5
Belize,BLZ,"Age population, age 19, female",SP.POP.AG19.FE.IN,3884,3887,3901,3866,3802.5
Belize,BLZ,"Age population, age 18, female",SP.POP.AG18.FE.IN,3855.5,3865.5,3881.5,3839.5,3768.5
Belize,BLZ,"Age population, age 18, male",SP.POP.AG18.MA.IN,3938.5,3962,4003.5,3966,3911.5
Belize,BLZ,"Age population, age 13, female",SP.POP.AG13.FE.IN,3722.5,3695,3554.5,3460.5,3537.5
Belize,BLZ,"Age population, age 13, male",SP.POP.AG13.MA.IN,3866.5,3851.5,3717,3625.5,3705
Belize,BLZ,"Age population, age 14, female",SP.POP.AG14.FE.IN,3768,3730.5,3705,3556,3461
Belize,BLZ,"Age population, age 14, male",SP.POP.AG14.MA.IN,3887,3879.5,3867,3718.5,3626.5
Belize,BLZ,"Age population, age 15, female",SP.POP.AG15.FE.IN,3808.5,3780,3744.5,3705.5,3555
Belize,BLZ,"Age population, age 15, male",SP.POP.AG15.MA.IN,3902.5,3907,3902.5,3868.5,3718
Belize,BLZ,"Age population, age 16, female",SP.POP.AG16.FE.IN,3829,3825.5,3799.5,3743.5,3700
Belize,BLZ,"Age population, age 16, male",SP.POP.AG16.MA.IN,3911.5,3931,3940,3902,3863
Belize,BLZ,"Age population, age 17, female",SP.POP.AG17.FE.IN,3838.5,3850.5,3850,3795,3729.5
Belize,BLZ,"Age population, age 17, male",SP.POP.AG17.MA.IN,3915,3950,3974.5,3936,3889
Benin,BEN,"Age population, age 24, male",SP.POP.AG24.MA.IN,115237.5,118314.5,121314.5,124104,126843.5
Benin,BEN,"Age population, age 24, female",SP.POP.AG24.FE.IN,112200.5,115130.5,117993,120691,123427
Benin,BEN,"Age population, age 23, male",SP.POP.AG23.MA.IN,118868.5,121905,124802.5,127648,130722.5
Benin,BEN,"Age population, age 23, female",SP.POP.AG23.FE.IN,115532,118418.5,121215.5,124054.5,127170.5
Benin,BEN,"Age population, age 22, female",SP.POP.AG22.FE.IN,118821.5,121640.5,124606.5,127855.5,131581.5
Benin,BEN,"Age population, age 22, male",SP.POP.AG22.MA.IN,122470.5,125402.5,128384.5,131595.5,135355.5
Benin,BEN,"Age population, age 21, male",SP.POP.AG21.MA.IN,125969,128985,132358,136281,140338
Benin,BEN,"Age population, age 21, female",SP.POP.AG21.FE.IN,122044.5,125032.5,128433.5,132318,136238
Benin,BEN,"Age population, age 20, male",SP.POP.AG20.MA.IN,129541.5,132948.5,137046.5,141278,145210
Benin,BEN,"Age population, age 20, female",SP.POP.AG20.FE.IN,125439,128862,132910,136999,140853
Benin,BEN,"Age population, age 19, male",SP.POP.AG19.MA.IN,133484,137616.5,142015.5,146112.5,150846
Benin,BEN,"Age population, age 19, female",SP.POP.AG19.FE.IN,129270,133340,137584.5,141599,146386.5
Benin,BEN,"Age population, age 18, female",SP.POP.AG18.FE.IN,133745.5,138010.5,142154.5,147080,151744
Benin,BEN,"Age population, age 18, male",SP.POP.AG18.MA.IN,138125,142556,146793,151668,156229
Benin,BEN,"Age population, age 13, female",SP.POP.AG13.FE.IN,157331.5,160756,164946.5,169806.5,175221.5
Benin,BEN,"Age population, age 13, male",SP.POP.AG13.MA.IN,161993.5,165356.5,169501.5,174405,179965.5
Benin,BEN,"Age population, age 14, female",SP.POP.AG14.FE.IN,153556.5,156982.5,160404,164579,169418.5
Benin,BEN,"Age population, age 14, male",SP.POP.AG14.MA.IN,158280,161631.5,164983.5,169106.5,173988.5
Benin,BEN,"Age population, age 15, female",SP.POP.AG15.FE.IN,148362.5,153199,156620,160024.5,164177.5
Benin,BEN,"Age population, age 15, male",SP.POP.AG15.MA.IN,153147,157900,161238,164566.5,168666.5
Benin,BEN,"Age population, age 16, female",SP.POP.AG16.FE.IN,142954,147992,152816.5,156208,159579.5
Benin,BEN,"Age population, age 16, male",SP.POP.AG16.MA.IN,147734.5,152741,157473,160775,164069.5
Benin,BEN,"Age population, age 17, female",SP.POP.AG17.FE.IN,138409,142570.5,147592.5,152357,155688
Benin,BEN,"Age population, age 17, male",SP.POP.AG17.MA.IN,143031.5,147296.5,152277,156941,160181.5
Bermuda,BMU,"Age population, age 24, male",SP.POP.AG24.MA.IN,329,341,337.5,336,338.5
Bermuda,BMU,"Age population, age 24, female",SP.POP.AG24.FE.IN,342.5,346,355,356.5,349
Bermuda,BMU,"Age population, age 23, male",SP.POP.AG23.MA.IN,339,337.5,336.5,339.5,346.5
Bermuda,BMU,"Age population, age 23, female",SP.POP.AG23.FE.IN,342.5,355,357,349.5,335.5
Bermuda,BMU,"Age population, age 22, female",SP.POP.AG22.FE.IN,351,357,350,336.5,318
Bermuda,BMU,"Age population, age 22, male",SP.POP.AG22.MA.IN,336,336.5,339.5,347,349.5
Bermuda,BMU,"Age population, age 21, male",SP.POP.AG21.MA.IN,334.5,340,348,350.5,343
Bermuda,BMU,"Age population, age 21, female",SP.POP.AG21.FE.IN,353,350,337,319,303
Bermuda,BMU,"Age population, age 20, male",SP.POP.AG20.MA.IN,338.5,348,351.5,345,340.5
Bermuda,BMU,"Age population, age 20, female",SP.POP.AG20.FE.IN,346.5,337,319.5,304.5,301.5
Bermuda,BMU,"Age population, age 19, male",SP.POP.AG19.MA.IN,346.5,351.5,345.5,341.5,341
Bermuda,BMU,"Age population, age 19, female",SP.POP.AG19.FE.IN,333.5,319.5,305,302.5,311
Bermuda,BMU,"Age population, age 18, female",SP.POP.AG18.FE.IN,316.5,305,303,312,321.5
Bermuda,BMU,"Age population, age 18, male",SP.POP.AG18.MA.IN,350.5,345.5,342,342.5,347.5
Bermuda,BMU,"Age population, age 13, female",SP.POP.AG13.FE.IN,326.5,326.5,321,311.5,309
Bermuda,BMU,"Age population, age 13, male",SP.POP.AG13.MA.IN,362,371.5,360.5,336.5,318
Bermuda,BMU,"Age population, age 14, female",SP.POP.AG14.FE.IN,321.5,327.5,326,320.5,311.5
Bermuda,BMU,"Age population, age 14, male",SP.POP.AG14.MA.IN,348,362.5,371.5,360.5,336.5
Bermuda,BMU,"Age population, age 15, female",SP.POP.AG15.FE.IN,311.5,322.5,327.5,326,320
Bermuda,BMU,"Age population, age 15, male",SP.POP.AG15.MA.IN,342.5,348.5,362.5,371.5,360.5
Bermuda,BMU,"Age population, age 16, female",SP.POP.AG16.FE.IN,301.5,312.5,322,327,325.5
Bermuda,BMU,"Age population, age 16, male",SP.POP.AG16.MA.IN,341.5,343,348,362.5,371.5
Bermuda,BMU,"Age population, age 17, female",SP.POP.AG17.FE.IN,302.5,303,312,322,327
Bermuda,BMU,"Age population, age 17, male",SP.POP.AG17.MA.IN,344.5,342.5,343,347.5,361.5
Bhutan,BTN,"Age population, age 24, male",SP.POP.AG24.MA.IN,8084.5,7824,7671,7591,7584
Bhutan,BTN,"Age population, age 24, female",SP.POP.AG24.FE.IN,6679.5,6683,6771,6889,7004
Bhutan,BTN,"Age population, age 23, male",SP.POP.AG23.MA.IN,7826,7673,7582,7556,7614
Bhutan,BTN,"Age population, age 23, female",SP.POP.AG23.FE.IN,6681.5,6769,6884,6990.5,7096.5
Bhutan,BTN,"Age population, age 22, female",SP.POP.AG22.FE.IN,6768,6882.5,6974.5,7061.5,7155.5
Bhutan,BTN,"Age population, age 22, male",SP.POP.AG22.MA.IN,7675.5,7584,7531.5,7555.5,7649
Bhutan,BTN,"Age population, age 21, male",SP.POP.AG21.MA.IN,7586.5,7533.5,7517,7563.5,7630.5
Bhutan,BTN,"Age population, age 21, female",SP.POP.AG21.FE.IN,6880.5,6973,7036,7101,7135
Bhutan,BTN,"Age population, age 20, male",SP.POP.AG20.MA.IN,7536.5,7519.5,7517,7529.5,7519
Bhutan,BTN,"Age population, age 20, female",SP.POP.AG20.FE.IN,6971.5,7034,7069,7069,7002
Bhutan,BTN,"Age population, age 19, male",SP.POP.AG19.MA.IN,7522.5,7519.5,7483.5,7420,7309.5
Bhutan,BTN,"Age population, age 19, female",SP.POP.AG19.FE.IN,7033,7068,7038,6937.5,6769
Bhutan,BTN,"Age population, age 18, female",SP.POP.AG18.FE.IN,7067,7037,6912,6716,6493.5
Bhutan,BTN,"Age population, age 18, male",SP.POP.AG18.MA.IN,7522.5,7486.5,7382.5,7227.5,7054.5
Bhutan,BTN,"Age population, age 13, female",SP.POP.AG13.FE.IN,6252,6157.5,6144.5,6158.5,6167
Bhutan,BTN,"Age population, age 13, male",SP.POP.AG13.MA.IN,6832,6779,6798.5,6820,6802
Bhutan,BTN,"Age population, age 14, female",SP.POP.AG14.FE.IN,6448.5,6251,6157,6142.5,6156
Bhutan,BTN,"Age population, age 14, male",SP.POP.AG14.MA.IN,6989,6829.5,6777,6796,6818.5
Bhutan,BTN,"Age population, age 15, female",SP.POP.AG15.FE.IN,6698,6447.5,6250.5,6156,6142
Bhutan,BTN,"Age population, age 15, male",SP.POP.AG15.MA.IN,7206.5,6987.5,6828.5,6776,6797
Bhutan,BTN,"Age population, age 16, female",SP.POP.AG16.FE.IN,6911,6698.5,6448.5,6253,6161.5
Bhutan,BTN,"Age population, age 16, male",SP.POP.AG16.MA.IN,7386.5,7204,6985.5,6831.5,6786.5
Bhutan,BTN,"Age population, age 17, female",SP.POP.AG17.FE.IN,7036.5,6911,6698.5,6457,6272
Bhutan,BTN,"Age population, age 17, male",SP.POP.AG17.MA.IN,7488.5,7384.5,7202,6998,6861.5
Bolivia,BOL,"Age population, age 24, male",SP.POP.AG24.MA.IN,109434.5,110147,111536,112359.5,112412.5
Bolivia,BOL,"Age population, age 24, female",SP.POP.AG24.FE.IN,107373.5,108065.5,109389,110137.5,110119
Bolivia,BOL,"Age population, age 23, male",SP.POP.AG23.MA.IN,110514,111886,112701,112745,112879.5
Bolivia,BOL,"Age population, age 23, female",SP.POP.AG23.FE.IN,108289.5,109592,110331,110304,110410.5
Bolivia,BOL,"Age population, age 22, female",SP.POP.AG22.FE.IN,109809.5,110528.5,110489.5,110585.5,111240
Bolivia,BOL,"Age population, age 22, male",SP.POP.AG22.MA.IN,112244.5,113041.5,113074.5,113199,113856
Bolivia,BOL,"Age population, age 21, male",SP.POP.AG21.MA.IN,113388,113401.5,113513.5,114160.5,115033
Bolivia,BOL,"Age population, age 21, female",SP.POP.AG21.FE.IN,110739.5,110680.5,110763.5,111406.5,112248
Bolivia,BOL,"Age population, age 20, male",SP.POP.AG20.MA.IN,113728,113822,114457.5,115320,116219
Bolivia,BOL,"Age population, age 20, female",SP.POP.AG20.FE.IN,110882,110946,111577,112407,113223
Bolivia,BOL,"Age population, age 19, male",SP.POP.AG19.MA.IN,114124.5,114744,115597.5,116488,118333.5
Bolivia,BOL,"Age population, age 19, female",SP.POP.AG19.FE.IN,111136,111749.5,112568.5,113374,115088
Bolivia,BOL,"Age population, age 18, female",SP.POP.AG18.FE.IN,111924.5,112728,113524.5,115230.5,116681
Bolivia,BOL,"Age population, age 18, male",SP.POP.AG18.MA.IN,115020,115859.5,116742,118582.5,120140
Bolivia,BOL,"Age population, age 13, female",SP.POP.AG13.FE.IN,117674.5,118123.5,118593,119041.5,119430
Bolivia,BOL,"Age population, age 13, male",SP.POP.AG13.MA.IN,121572,122085.5,122582,123046,123427.5
Bolivia,BOL,"Age population, age 14, female",SP.POP.AG14.FE.IN,117150,117580,118038.5,118510.5,118961
Bolivia,BOL,"Age population, age 14, male",SP.POP.AG14.MA.IN,120921,121423.5,121941,122439,122904.5
Bolivia,BOL,"Age population, age 15, female",SP.POP.AG15.FE.IN,115616.5,117044.5,117485,117947.5,118423
Bolivia,BOL,"Age population, age 15, male",SP.POP.AG15.MA.IN,119211,120753.5,121262,121783,122284.5
Bolivia,BOL,"Age population, age 16, female",SP.POP.AG16.FE.IN,113808,115495,116933,117379,117847
Bolivia,BOL,"Age population, age 16, male",SP.POP.AG16.MA.IN,117194,119022,120570.5,121083,121608.5
Bolivia,BOL,"Age population, age 17, female",SP.POP.AG17.FE.IN,112886.5,113669,115367.5,116811.5,117264
Bolivia,BOL,"Age population, age 17, male",SP.POP.AG17.MA.IN,116106,116977,118813,120366,120884
Bosnia and Herzegovina,BIH,"Age population, age 24, male",SP.POP.AG24.MA.IN,19380.5,20375.5,19053,17641.5,17169.5
Bosnia and Herzegovina,BIH,"Age population, age 24, female",SP.POP.AG24.FE.IN,17438.5,18400,17313,16109.5,15721.5
Bosnia and Herzegovina,BIH,"Age population, age 23, male",SP.POP.AG23.MA.IN,20646.5,19074.5,17703,17292.5,17297
Bosnia and Herzegovina,BIH,"Age population, age 23, female",SP.POP.AG23.FE.IN,18675.5,17326,16165.5,15843,15887.5
Bosnia and Herzegovina,BIH,"Age population, age 22, female",SP.POP.AG22.FE.IN,17602.5,16179,15904.5,16016.5,16146
Bosnia and Herzegovina,BIH,"Age population, age 22, male",SP.POP.AG22.MA.IN,19343.5,17724,17358,17426,17551.5
Bosnia and Herzegovina,BIH,"Age population, age 21, male",SP.POP.AG21.MA.IN,17984.5,17378.5,17494.5,17684,17645
Bosnia and Herzegovina,BIH,"Age population, age 21, female",SP.POP.AG21.FE.IN,16449.5,15917.5,16080.5,16278,16265.5
Bosnia and Herzegovina,BIH,"Age population, age 20, male",SP.POP.AG20.MA.IN,17627.5,17517,17753.5,17775.5,17505
Bosnia and Herzegovina,BIH,"Age population, age 20, female",SP.POP.AG20.FE.IN,16177,16094,16342.5,16395.5,16190
Bosnia and Herzegovina,BIH,"Age population, age 19, male",SP.POP.AG19.MA.IN,17748.5,17776,17839.5,17624,17035
Bosnia and Herzegovina,BIH,"Age population, age 19, female",SP.POP.AG19.FE.IN,16335.5,16355,16455.5,16310,15781.5
Bosnia and Herzegovina,BIH,"Age population, age 18, female",SP.POP.AG18.FE.IN,16572.5,16467.5,16361.5,15883.5,15471
Bosnia and Herzegovina,BIH,"Age population, age 18, male",SP.POP.AG18.MA.IN,17983,17861,17680,17136.5,16704
Bosnia and Herzegovina,BIH,"Age population, age 13, female",SP.POP.AG13.FE.IN,15507.5,15563,15427.5,14549.5,13948.5
Bosnia and Herzegovina,BIH,"Age population, age 13, male",SP.POP.AG13.MA.IN,16723.5,16789.5,16635.5,15667.5,15004.5
Bosnia and Herzegovina,BIH,"Age population, age 14, female",SP.POP.AG14.FE.IN,15672,15445,15558.5,15416.5,14524.5
Bosnia and Herzegovina,BIH,"Age population, age 14, male",SP.POP.AG14.MA.IN,16899.5,16666,16786.5,16624,15643
Bosnia and Herzegovina,BIH,"Age population, age 15, female",SP.POP.AG15.FE.IN,16053,15582.5,15439,15546,15390.5
Bosnia and Herzegovina,BIH,"Age population, age 15, male",SP.POP.AG15.MA.IN,17302,16817,16661,16773,16597.5
Bosnia and Herzegovina,BIH,"Age population, age 16, female",SP.POP.AG16.FE.IN,16527,15932,15575,15422,15512
Bosnia and Herzegovina,BIH,"Age population, age 16, male",SP.POP.AG16.MA.IN,17841,17190.5,16810,16642.5,16737.5
Bosnia and Herzegovina,BIH,"Age population, age 17, female",SP.POP.AG17.FE.IN,16655,16371.5,15922,15548,15369.5
Bosnia and Herzegovina,BIH,"Age population, age 17, male",SP.POP.AG17.MA.IN,18038.5,17697,17178.5,16781,16590
Botswana,BWA,"Age population, age 24, male",SP.POP.AG24.MA.IN,24747,24528,24446.5,24279.5,24367
Botswana,BWA,"Age population, age 24, female",SP.POP.AG24.FE.IN,24509,24343.5,24549.5,24406.5,24400.5
Botswana,BWA,"Age population, age 23, male",SP.POP.AG23.MA.IN,24464.5,24688.5,24482.5,24543,24534.5
Botswana,BWA,"Age population, age 23, female",SP.POP.AG23.FE.IN,24218.5,24679.5,24531,24525.5,24603.5
Botswana,BWA,"Age population, age 22, female",SP.POP.AG22.FE.IN,24536,24660.5,24650.5,24730,24580.5
Botswana,BWA,"Age population, age 22, male",SP.POP.AG22.MA.IN,24615,24722,24746,24712.5,24486
Botswana,BWA,"Age population, age 21, male",SP.POP.AG21.MA.IN,24679,24979,24912,24662.5,24585
Botswana,BWA,"Age population, age 21, female",SP.POP.AG21.FE.IN,24535,24776.5,24853,24706.5,24588.5
Botswana,BWA,"Age population, age 20, male",SP.POP.AG20.MA.IN,24945.5,25134.5,24854,24756,24866.5
Botswana,BWA,"Age population, age 20, female",SP.POP.AG20.FE.IN,24678,24974,24825,24710,24710
Botswana,BWA,"Age population, age 19, male",SP.POP.AG19.MA.IN,25100.5,25059,24932,25024,24822
Botswana,BWA,"Age population, age 19, female",SP.POP.AG19.FE.IN,24876.5,24938.5,24820.5,24822.5,24602
Botswana,BWA,"Age population, age 18, female",SP.POP.AG18.FE.IN,24842,24923,24920,24699,24293
Botswana,BWA,"Age population, age 18, male",SP.POP.AG18.MA.IN,25023,25116,25180.5,24958.5,24502.5
Botswana,BWA,"Age population, age 13, female",SP.POP.AG13.FE.IN,24238,24145.5,24274,24390.5,24481
Botswana,BWA,"Age population, age 13, male",SP.POP.AG13.MA.IN,24530.5,24410,24568.5,24729.5,24831.5
Botswana,BWA,"Age population, age 14, female",SP.POP.AG14.FE.IN,24505,24181,24109,24240,24357.5
Botswana,BWA,"Age population, age 14, male",SP.POP.AG14.MA.IN,24845,24450.5,24355.5,24520,24685
Botswana,BWA,"Age population, age 15, female",SP.POP.AG15.FE.IN,24811.5,24497.5,24133.5,24068.5,24204
Botswana,BWA,"Age population, age 15, male",SP.POP.AG15.MA.IN,25201,24814,24375.5,24296,24472.5
Botswana,BWA,"Age population, age 16, female",SP.POP.AG16.FE.IN,24932,24857,24436,24082.5,24026
Botswana,BWA,"Age population, age 16, male",SP.POP.AG16.MA.IN,25301,25218.5,24713,24298,24237.5
Botswana,BWA,"Age population, age 17, female",SP.POP.AG17.FE.IN,24841.5,25009.5,24780.5,24370.5,24025
Botswana,BWA,"Age population, age 17, male",SP.POP.AG17.MA.IN,25091,25339,25088.5,24611.5,24218
Brazil,BRA,"Age population, age 24, male",SP.POP.AG24.MA.IN,1676630.5,1681348.5,1670259,1643498,1612400
Brazil,BRA,"Age population, age 24, female",SP.POP.AG24.FE.IN,1646923,1649601.5,1636446,1608321,1576263
Brazil,BRA,"Age population, age 23, male",SP.POP.AG23.MA.IN,1690217,1679349,1651726.5,1619851,1586030
Brazil,BRA,"Age population, age 23, female",SP.POP.AG23.FE.IN,1655825,1642910.5,1613800,1580857,1546621.5
Brazil,BRA,"Age population, age 22, female",SP.POP.AG22.FE.IN,1649095,1620241.5,1586174.5,1550916,1515260.5
Brazil,BRA,"Age population, age 22, male",SP.POP.AG22.MA.IN,1688239.5,1660861,1628012.5,1593297,1557265
Brazil,BRA,"Age population, age 21, male",SP.POP.AG21.MA.IN,1669658.5,1637118.5,1601367,1564362,1542234.5
Brazil,BRA,"Age population, age 21, female",SP.POP.AG21.FE.IN,1626284,1592489,1556006,1519226,1497314
Brazil,BRA,"Age population, age 20, male",SP.POP.AG20.MA.IN,1645644.5,1610276,1572270.5,1549226,1540563
Brazil,BRA,"Age population, age 20, female",SP.POP.AG20.FE.IN,1598272,1562068,1524056.5,1501014.5,1492332.5
Brazil,BRA,"Age population, age 19, male",SP.POP.AG19.MA.IN,1618246.5,1580677.5,1556822,1547405.5,1529477
Brazil,BRA,"Age population, age 19, female",SP.POP.AG19.FE.IN,1567459,1529722.5,1505561,1495848,1478517.5
Brazil,BRA,"Age population, age 18, female",SP.POP.AG18.FE.IN,1534583,1510684,1500032,1481827.5,1457465.5
Brazil,BRA,"Age population, age 18, male",SP.POP.AG18.MA.IN,1587742.5,1564358.5,1554363,1535837.5,1510424.5
Brazil,BRA,"Age population, age 13, female",SP.POP.AG13.FE.IN,1444824,1427824,1419888,1413456.5,1407244.5
Brazil,BRA,"Age population, age 13, male",SP.POP.AG13.MA.IN,1502315.5,1485224,1477328.5,1470778,1464518.5
Brazil,BRA,"Age population, age 14, female",SP.POP.AG14.FE.IN,1468497.5,1443352.5,1426298.5,1418456,1412102
Brazil,BRA,"Age population, age 14, male",SP.POP.AG14.MA.IN,1526329,1500748.5,1483612,1475699.5,1469122
Brazil,BRA,"Age population, age 15, female",SP.POP.AG15.FE.IN,1491971.5,1466436,1441197.5,1424435.5,1416856.5
Brazil,BRA,"Age population, age 15, male",SP.POP.AG15.MA.IN,1549991.5,1523995.5,1498318.5,1481307.5,1473501.5
Brazil,BRA,"Age population, age 16, female",SP.POP.AG16.FE.IN,1507988.5,1489212.5,1463537,1438755.5,1422412.5
Brazil,BRA,"Age population, age 16, male",SP.POP.AG16.MA.IN,1565280.5,1546627,1520452,1495008.5,1478210.5
Brazil,BRA,"Age population, age 17, female",SP.POP.AG17.FE.IN,1514902.5,1504487,1485520,1460449.5,1436228
Brazil,BRA,"Age population, age 17, male",SP.POP.AG17.MA.IN,1570249.5,1560680,1541728.5,1515873.5,1490745
British Virgin Islands,VGB,"Age population, age 24, male",SP.POP.AG24.MA.IN,236.5,244,248,252,244.5
British Virgin Islands,VGB,"Age population, age 24, female",SP.POP.AG24.FE.IN,271,262,264.5,270,265
British Virgin Islands,VGB,"Age population, age 23, male",SP.POP.AG23.MA.IN,234,232.5,242,240.5,233
British Virgin Islands,VGB,"Age population, age 23, female",SP.POP.AG23.FE.IN,254.5,256.5,263.5,260.5,253
British Virgin Islands,VGB,"Age population, age 22, female",SP.POP.AG22.FE.IN,249.5,255.5,253.5,247.5,247
British Virgin Islands,VGB,"Age population, age 22, male",SP.POP.AG22.MA.IN,223,226.5,230,228,236
British Virgin Islands,VGB,"Age population, age 21, male",SP.POP.AG21.MA.IN,217.5,214.5,216.5,230,252.5
British Virgin Islands,VGB,"Age population, age 21, female",SP.POP.AG21.FE.IN,249,245.5,240,240.5,249
British Virgin Islands,VGB,"Age population, age 20, male",SP.POP.AG20.MA.IN,206,202.5,219.5,246,267.5
British Virgin Islands,VGB,"Age population, age 20, female",SP.POP.AG20.FE.IN,240,232.5,233,242.5,254
British Virgin Islands,VGB,"Age population, age 19, male",SP.POP.AG19.MA.IN,195,206,236,261.5,271
British Virgin Islands,VGB,"Age population, age 19, female",SP.POP.AG19.FE.IN,227,226,235.5,247.5,257
British Virgin Islands,VGB,"Age population, age 18, female",SP.POP.AG18.FE.IN,221.5,229,241,251.5,265
British Virgin Islands,VGB,"Age population, age 18, male",SP.POP.AG18.MA.IN,200,224.5,253,266,276.5
British Virgin Islands,VGB,"Age population, age 13, female",SP.POP.AG13.FE.IN,272,267.5,236.5,217.5,209
British Virgin Islands,VGB,"Age population, age 13, male",SP.POP.AG13.MA.IN,280.5,277,242.5,220,210.5
British Virgin Islands,VGB,"Age population, age 14, female",SP.POP.AG14.FE.IN,252.5,273,269.5,238,218
British Virgin Islands,VGB,"Age population, age 14, male",SP.POP.AG14.MA.IN,260.5,281.5,280,244,220
British Virgin Islands,VGB,"Age population, age 15, female",SP.POP.AG15.FE.IN,240,253.5,275.5,271.5,239
British Virgin Islands,VGB,"Age population, age 15, male",SP.POP.AG15.MA.IN,249.5,262,286,283,245
British Virgin Islands,VGB,"Age population, age 16, female",SP.POP.AG16.FE.IN,233,242,257,278,272.5
British Virgin Islands,VGB,"Age population, age 16, male",SP.POP.AG16.MA.IN,239,251.5,268,290,284.5
British Virgin Islands,VGB,"Age population, age 17, female",SP.POP.AG17.FE.IN,225.5,235.5,246.5,261,280.5
British Virgin Islands,VGB,"Age population, age 17, male",SP.POP.AG17.MA.IN,220,243,259.5,273,292
Brunei Darussalam,BRN,"Age population, age 24, male",SP.POP.AG24.MA.IN,4497.5,4327.5,4183.5,4040,3892.5
Brunei Darussalam,BRN,"Age population, age 24, female",SP.POP.AG24.FE.IN,3589,3516,3493.5,3484,3462
Brunei Darussalam,BRN,"Age population, age 23, male",SP.POP.AG23.MA.IN,4332.5,4188,4036,3880,3782
Brunei Darussalam,BRN,"Age population, age 23, female",SP.POP.AG23.FE.IN,3518,3495.5,3479.5,3451.5,3448
Brunei Darussalam,BRN,"Age population, age 22, female",SP.POP.AG22.FE.IN,3497.5,3481.5,3440,3423,3439
Brunei Darussalam,BRN,"Age population, age 22, male",SP.POP.AG22.MA.IN,4192,4040,3867.5,3752.5,3701
Brunei Darussalam,BRN,"Age population, age 21, male",SP.POP.AG21.MA.IN,4044.5,3871.5,3732.5,3656.5,3645
Brunei Darussalam,BRN,"Age population, age 21, female",SP.POP.AG21.FE.IN,3483.5,3442,3405.5,3402,3398.5
Brunei Darussalam,BRN,"Age population, age 20, male",SP.POP.AG20.MA.IN,3876,3736.5,3632,3592,3579
Brunei Darussalam,BRN,"Age population, age 20, female",SP.POP.AG20.FE.IN,3444,3407.5,3381,3354,3292
Brunei Darussalam,BRN,"Age population, age 19, male",SP.POP.AG19.MA.IN,3740,3635.5,3568,3527,3421.5
Brunei Darussalam,BRN,"Age population, age 19, female",SP.POP.AG19.FE.IN,3409.5,3383,3333.5,3249,3150
Brunei Darussalam,BRN,"Age population, age 18, female",SP.POP.AG18.FE.IN,3385,3335.5,3232,3114,3008.5
Brunei Darussalam,BRN,"Age population, age 18, male",SP.POP.AG18.MA.IN,3639,3571,3507,3378.5,3242.5
Brunei Darussalam,BRN,"Age population, age 13, female",SP.POP.AG13.FE.IN,2947,2987,2994,3056,3129.5
Brunei Darussalam,BRN,"Age population, age 13, male",SP.POP.AG13.MA.IN,3215.5,3272,3230,3279,3415
Brunei Darussalam,BRN,"Age population, age 14, female",SP.POP.AG14.FE.IN,2980.5,2946.5,2986,2993,3055
Brunei Darussalam,BRN,"Age population, age 14, male",SP.POP.AG14.MA.IN,3209.5,3214.5,3271,3229,3278
Brunei Darussalam,BRN,"Age population, age 15, female",SP.POP.AG15.FE.IN,3105,2979.5,2945.5,2986,2993.5
Brunei Darussalam,BRN,"Age population, age 15, male",SP.POP.AG15.MA.IN,3369,3207.5,3212.5,3270,3229
Brunei Darussalam,BRN,"Age population, age 16, female",SP.POP.AG16.FE.IN,3235,3104,2978,2947,2990.5
Brunei Darussalam,BRN,"Age population, age 16, male",SP.POP.AG16.MA.IN,3512.5,3367.5,3206.5,3215,3276
Brunei Darussalam,BRN,"Age population, age 17, female",SP.POP.AG17.FE.IN,3337,3234,3103,2984,2960
Brunei Darussalam,BRN,"Age population, age 17, male",SP.POP.AG17.MA.IN,3574,3510,3365,3212.5,3230
Bulgaria,BGR,"Age population, age 24, male",SP.POP.AG24.MA.IN,30395.5,29521,32026.5,33790,32846.5
Bulgaria,BGR,"Age population, age 24, female",SP.POP.AG24.FE.IN,28351.5,27610,30561.5,32364.5,31139
Bulgaria,BGR,"Age population, age 23, male",SP.POP.AG23.MA.IN,29337.5,31750,33778,32919.5,32048.5
Bulgaria,BGR,"Age population, age 23, female",SP.POP.AG23.FE.IN,27417.5,30244.5,32333.5,31205.5,29958.5
Bulgaria,BGR,"Age population, age 22, female",SP.POP.AG22.FE.IN,30055.5,32014,31190,30056.5,30118
Bulgaria,BGR,"Age population, age 22, male",SP.POP.AG22.MA.IN,31560,33495,32917,32148.5,32173
Bulgaria,BGR,"Age population, age 21, male",SP.POP.AG21.MA.IN,33324.5,32641.5,32160.5,32298,32692
Bulgaria,BGR,"Age population, age 21, female",SP.POP.AG21.FE.IN,31857.5,30879,30058,30242.5,30950
Bulgaria,BGR,"Age population, age 20, male",SP.POP.AG20.MA.IN,32458,31903.5,32324,32832,33294
Bulgaria,BGR,"Age population, age 20, female",SP.POP.AG20.FE.IN,30722.5,29763.5,30256.5,31089,31598
Bulgaria,BGR,"Age population, age 19, male",SP.POP.AG19.MA.IN,31708.5,32092.5,32864,33432,33964.5
Bulgaria,BGR,"Age population, age 19, female",SP.POP.AG19.FE.IN,29569.5,29982,31105.5,31733,32099.5
Bulgaria,BGR,"Age population, age 18, female",SP.POP.AG18.FE.IN,29830,30861,31746.5,32214.5,32675
Bulgaria,BGR,"Age population, age 18, male",SP.POP.AG18.MA.IN,31928.5,32659,33459.5,34083,34763
Bulgaria,BGR,"Age population, age 13, female",SP.POP.AG13.FE.IN,33429,34978.5,34896,33704,33230
Bulgaria,BGR,"Age population, age 13, male",SP.POP.AG13.MA.IN,35554,36697.5,36565,35780.5,35426.5
Bulgaria,BGR,"Age population, age 14, female",SP.POP.AG14.FE.IN,32561.5,33470,35039,34900,33692.5
Bulgaria,BGR,"Age population, age 14, male",SP.POP.AG14.MA.IN,34700,35589,36752,36568,35767.5
Bulgaria,BGR,"Age population, age 15, female",SP.POP.AG15.FE.IN,31953.5,32614.5,33565,35048.5,34885
Bulgaria,BGR,"Age population, age 15, male",SP.POP.AG15.MA.IN,33890.5,34744.5,35666,36753.5,36549
Bulgaria,BGR,"Age population, age 16, female",SP.POP.AG16.FE.IN,31434.5,32042.5,32751,33576.5,35021.5
Bulgaria,BGR,"Age population, age 16, male",SP.POP.AG16.MA.IN,33198.5,33951,34854.5,35666,36721.5
Bulgaria,BGR,"Age population, age 17, female",SP.POP.AG17.FE.IN,30684,31535.5,32218,32757.5,33526.5
Bulgaria,BGR,"Age population, age 17, male",SP.POP.AG17.MA.IN,32478,33281.5,34098.5,34850.5,35610.5
Burkina Faso,BFA,"Age population, age 24, male",SP.POP.AG24.MA.IN,187084,192665.5,198158.5,204822,211888.5
Burkina Faso,BFA,"Age population, age 24, female",SP.POP.AG24.FE.IN,185277,190668.5,195985,202258.5,208851.5
Burkina Faso,BFA,"Age population, age 23, male",SP.POP.AG23.MA.IN,194050.5,199803,206407.5,213364,219674
Burkina Faso,BFA,"Age population, age 23, female",SP.POP.AG23.FE.IN,191555.5,196964.5,203326,210018.5,216013
Burkina Faso,BFA,"Age population, age 22, female",SP.POP.AG22.FE.IN,197856.5,204313,211128.5,217255,224471
Burkina Faso,BFA,"Age population, age 22, male",SP.POP.AG22.MA.IN,201215,208087,215022.5,221253,228732
Burkina Faso,BFA,"Age population, age 21, male",SP.POP.AG21.MA.IN,209495.5,216695.5,222936.5,230374,238460
Burkina Faso,BFA,"Age population, age 21, female",SP.POP.AG21.FE.IN,205208.5,212117.5,218393.5,225773,233458
Burkina Faso,BFA,"Age population, age 20, male",SP.POP.AG20.MA.IN,218058,224546,232021.5,240095,248399
Burkina Faso,BFA,"Age population, age 20, female",SP.POP.AG20.FE.IN,213011,219374.5,226918,234779,242618
Burkina Faso,BFA,"Age population, age 19, male",SP.POP.AG19.MA.IN,225816,233517,241636.5,249942,260474.5
Burkina Faso,BFA,"Age population, age 19, female",SP.POP.AG19.FE.IN,220249,227877.5,235892.5,243895,254069.5
Burkina Faso,BFA,"Age population, age 18, female",SP.POP.AG18.FE.IN,228719,236810.5,244933,255242,265382.5
Burkina Faso,BFA,"Age population, age 18, male",SP.POP.AG18.MA.IN,234672.5,242986,251321,261856,272375
Burkina Faso,BFA,"Age population, age 13, female",SP.POP.AG13.FE.IN,277512.5,285412,293316,301205,308616.5
Burkina Faso,BFA,"Age population, age 13, male",SP.POP.AG13.MA.IN,285683,293933.5,302054,310212,317930
Burkina Faso,BFA,"Age population, age 14, female",SP.POP.AG14.FE.IN,268452,277007.5,284885.5,292780,300656.5
Burkina Faso,BFA,"Age population, age 14, male",SP.POP.AG14.MA.IN,276125,285079.5,293286.5,301400.5,309554
Burkina Faso,BFA,"Age population, age 15, female",SP.POP.AG15.FE.IN,257585,267887,276410,284292,292187.5
Burkina Faso,BFA,"Age population, age 15, male",SP.POP.AG15.MA.IN,264867,275441.5,284327,292558,300704
Burkina Faso,BFA,"Age population, age 16, female",SP.POP.AG16.FE.IN,246500,256947,267202.5,275725.5,283605
Burkina Faso,BFA,"Age population, age 16, male",SP.POP.AG16.MA.IN,253408.5,264082,274554.5,283479.5,291766
Burkina Faso,BFA,"Age population, age 17, female",SP.POP.AG17.FE.IN,237596.5,245786,256173,266397.5,274889
Burkina Faso,BFA,"Age population, age 17, male",SP.POP.AG17.MA.IN,244013.5,252508.5,263049,273547,282521
Burundi,BDI,"Age population, age 24, male",SP.POP.AG24.MA.IN,95341.5,94717,98806,104409,109496.5
Burundi,BDI,"Age population, age 24, female",SP.POP.AG24.FE.IN,95831,95210.5,99344,105022,110194.5
Burundi,BDI,"Age population, age 23, male",SP.POP.AG23.MA.IN,95300,99239,105149.5,110610.5,116753.5
Burundi,BDI,"Age population, age 23, female",SP.POP.AG23.FE.IN,95633.5,99603,105582,111121.5,117372.5
Burundi,BDI,"Age population, age 22, female",SP.POP.AG22.FE.IN,100033.5,105852.5,111704,118332.5,125299
Burundi,BDI,"Age population, age 22, male",SP.POP.AG22.MA.IN,99838.5,105607.5,111387,117916,124734.5
Burundi,BDI,"Age population, age 21, male",SP.POP.AG21.MA.IN,106222.5,111863,118719,125924,133161
Burundi,BDI,"Age population, age 21, female",SP.POP.AG21.FE.IN,106293,111986.5,118934.5,126279,133667
Burundi,BDI,"Age population, age 20, male",SP.POP.AG20.MA.IN,112480.5,119208.5,126734,134344,142689.5
Burundi,BDI,"Age population, age 20, female",SP.POP.AG20.FE.IN,112434.5,119233.5,126890.5,134642.5,143067.5
Burundi,BDI,"Age population, age 19, male",SP.POP.AG19.MA.IN,119815.5,127226.5,135132.5,143823,152142.5
Burundi,BDI,"Age population, age 19, female",SP.POP.AG19.FE.IN,119685,127205,135245.5,144006.5,152302
Burundi,BDI,"Age population, age 18, female",SP.POP.AG18.FE.IN,127652,135570,144579.5,153161.5,160870
Burundi,BDI,"Age population, age 18, male",SP.POP.AG18.MA.IN,127810,135615,144562,153175.5,160954.5
Burundi,BDI,"Age population, age 13, female",SP.POP.AG13.FE.IN,170958,179509.5,189332,196414.5,199525
Burundi,BDI,"Age population, age 13, male",SP.POP.AG13.MA.IN,171645,180292,190235,197416,200653.5
Burundi,BDI,"Age population, age 14, female",SP.POP.AG14.FE.IN,162723.5,170627,179211.5,188968,195972
Burundi,BDI,"Age population, age 14, male",SP.POP.AG14.MA.IN,163266,171236,179906.5,189778,196876.5
Burundi,BDI,"Age population, age 15, female",SP.POP.AG15.FE.IN,154380.5,162375,170328,178842.5,188511
Burundi,BDI,"Age population, age 15, male",SP.POP.AG15.MA.IN,154745.5,162836,170844,179440,189218
Burundi,BDI,"Age population, age 16, female",SP.POP.AG16.FE.IN,145315.5,154003.5,162065.5,169929,178334
Burundi,BDI,"Age population, age 16, male",SP.POP.AG16.MA.IN,145536,154280,162423,170336.5,178818.5
Burundi,BDI,"Age population, age 17, female",SP.POP.AG17.FE.IN,136002,144908,153681,161610.5,169317.5
Burundi,BDI,"Age population, age 17, male",SP.POP.AG17.MA.IN,136163.5,145028,153839.5,161845,169597.5
Cabo Verde,CPV,"Age population, age 24, male",SP.POP.AG24.MA.IN,4604.5,4476.5,4395.5,4369.5,4358.5
Cabo Verde,CPV,"Age population, age 24, female",SP.POP.AG24.FE.IN,4170,3977,3854.5,3752,3691.5
Cabo Verde,CPV,"Age population, age 23, male",SP.POP.AG23.MA.IN,4494.5,4425,4398,4387,4416.5
Cabo Verde,CPV,"Age population, age 23, female",SP.POP.AG23.FE.IN,3991.5,3882,3778.5,3718,3811
Cabo Verde,CPV,"Age population, age 22, female",SP.POP.AG22.FE.IN,3896.5,3806,3744.5,3838,4060.5
Cabo Verde,CPV,"Age population, age 22, male",SP.POP.AG22.MA.IN,4442.5,4427.5,4415.5,4445,4550
Cabo Verde,CPV,"Age population, age 21, male",SP.POP.AG21.MA.IN,4443.5,4443.5,4473,4578.5,4712
Cabo Verde,CPV,"Age population, age 21, female",SP.POP.AG21.FE.IN,3820.5,3772,3865,4088,4299
Cabo Verde,CPV,"Age population, age 20, male",SP.POP.AG20.MA.IN,4459,4499,4604,4739,4851.5
Cabo Verde,CPV,"Age population, age 20, female",SP.POP.AG20.FE.IN,3785.5,3890.5,4113.5,4325,4464.5
Cabo Verde,CPV,"Age population, age 19, male",SP.POP.AG19.MA.IN,4513,4628.5,4763,4876,4944
Cabo Verde,CPV,"Age population, age 19, female",SP.POP.AG19.FE.IN,3903,4137.5,4349,4488.5,4563.5
Cabo Verde,CPV,"Age population, age 18, female",SP.POP.AG18.FE.IN,4148,4370,4509,4584,4613
Cabo Verde,CPV,"Age population, age 18, male",SP.POP.AG18.MA.IN,4641,4784.5,4897,4965,4985.5
Cabo Verde,CPV,"Age population, age 13, female",SP.POP.AG13.FE.IN,4679.5,4721,4774.5,4809,4806
Cabo Verde,CPV,"Age population, age 13, male",SP.POP.AG13.MA.IN,5041,5079.5,5139,5174.5,5156
Cabo Verde,CPV,"Age population, age 14, female",SP.POP.AG14.FE.IN,4657,4676,4714.5,4768.5,4803.5
Cabo Verde,CPV,"Age population, age 14, male",SP.POP.AG14.MA.IN,5030.5,5037.5,5073.5,5133,5168.5
Cabo Verde,CPV,"Age population, age 15, female",SP.POP.AG15.FE.IN,4622,4653,4667.5,4707,4762
Cabo Verde,CPV,"Age population, age 15, male",SP.POP.AG15.MA.IN,5003,5026,5030,5067,5126.5
Cabo Verde,CPV,"Age population, age 16, female",SP.POP.AG16.FE.IN,4535,4615.5,4641,4658,4699.5
Cabo Verde,CPV,"Age population, age 16, male",SP.POP.AG16.MA.IN,4923,4996,5014.5,5020.5,5059
Cabo Verde,CPV,"Age population, age 17, female",SP.POP.AG17.FE.IN,4379.5,4527,4601,4629,4647
Cabo Verde,CPV,"Age population, age 17, male",SP.POP.AG17.MA.IN,4795.5,4915.5,4982,5002,5009
Cambodia,KHM,"Age population, age 24, male",SP.POP.AG24.MA.IN,130647.5,129245.5,129594,131341,134187
Cambodia,KHM,"Age population, age 24, female",SP.POP.AG24.FE.IN,135812,134244.5,134034,134851.5,136476.5
Cambodia,KHM,"Age population, age 23, male",SP.POP.AG23.MA.IN,130734.5,131169,132736,135381,138098
Cambodia,KHM,"Age population, age 23, female",SP.POP.AG23.FE.IN,135243,135095.5,135866,137422.5,138581
Cambodia,KHM,"Age population, age 22, female",SP.POP.AG22.FE.IN,136185.5,137028,138506,139564.5,140829.5
Cambodia,KHM,"Age population, age 22, male",SP.POP.AG22.MA.IN,132843,134514.5,136905.5,139345,142386.5
Cambodia,KHM,"Age population, age 21, male",SP.POP.AG21.MA.IN,136344.5,138855.5,140967.5,143660,148855
Cambodia,KHM,"Age population, age 21, female",SP.POP.AG21.FE.IN,138180,139737,140689.5,141829,145921.5
Cambodia,KHM,"Age population, age 20, male",SP.POP.AG20.MA.IN,140770.5,143008.5,145318,150115,156267
Cambodia,KHM,"Age population, age 20, female",SP.POP.AG20.FE.IN,140903,141934.5,142947.5,146900,152516.5
Cambodia,KHM,"Age population, age 19, male",SP.POP.AG19.MA.IN,144950.5,147389.5,151751,157450,162501.5
Cambodia,KHM,"Age population, age 19, female",SP.POP.AG19.FE.IN,143086,144178,147976.5,153424,157545.5
Cambodia,KHM,"Age population, age 18, female",SP.POP.AG18.FE.IN,145301,149179.5,154422,158321.5,161398.5
Cambodia,KHM,"Age population, age 18, male",SP.POP.AG18.MA.IN,149311,153807,159004.5,163533.5,167646.5
Cambodia,KHM,"Age population, age 13, female",SP.POP.AG13.FE.IN,165865,164691,163496,162645.5,162837.5
Cambodia,KHM,"Age population, age 13, male",SP.POP.AG13.MA.IN,174247.5,172348,170267.5,168599.5,168447
Cambodia,KHM,"Age population, age 14, female",SP.POP.AG14.FE.IN,164594.5,165177.5,163958.5,163040.5,162474
Cambodia,KHM,"Age population, age 14, male",SP.POP.AG14.MA.IN,172731.5,173118,171148,169528,168329.5
Cambodia,KHM,"Age population, age 15, female",SP.POP.AG15.FE.IN,161226.5,163758,164284.5,163409.5,162843
Cambodia,KHM,"Age population, age 15, male",SP.POP.AG15.MA.IN,168346.5,171368,171664.5,170259.5,169215.5
Cambodia,KHM,"Age population, age 16, female",SP.POP.AG16.FE.IN,156587,160290.5,162756.5,163641,163134.5
Cambodia,KHM,"Age population, age 16, male",SP.POP.AG16.MA.IN,162704,166786,169700,170614,169842.5
Cambodia,KHM,"Age population, age 17, female",SP.POP.AG17.FE.IN,150252.5,155573,159204,161998.5,163224
Cambodia,KHM,"Age population, age 17, male",SP.POP.AG17.MA.IN,155651,160980,164942,168469.5,170015.5
Cameroon,CMR,"Age population, age 24, male",SP.POP.AG24.MA.IN,225565,231398,238753.5,245613.5,251697.5
Cameroon,CMR,"Age population, age 24, female",SP.POP.AG24.FE.IN,226189,232151,239551,246333.5,252309.5
Cameroon,CMR,"Age population, age 23, male",SP.POP.AG23.MA.IN,232322,239611,246602.5,252837.5,260305.5
Cameroon,CMR,"Age population, age 23, female",SP.POP.AG23.FE.IN,232818,240147,247059,253188,260630
Cameroon,CMR,"Age population, age 22, female",SP.POP.AG22.FE.IN,240807.5,247649,253965.5,261622,271057.5
Cameroon,CMR,"Age population, age 22, male",SP.POP.AG22.MA.IN,240532,247458.5,253883.5,261565.5,271025
Cameroon,CMR,"Age population, age 21, male",SP.POP.AG21.MA.IN,248365,254727,262652.5,272380,282621.5
Cameroon,CMR,"Age population, age 21, female",SP.POP.AG21.FE.IN,248297.5,254545,262442,272145,282319
Cameroon,CMR,"Age population, age 20, male",SP.POP.AG20.MA.IN,255601.5,263473.5,273474.5,284008,293988.5
Cameroon,CMR,"Age population, age 20, female",SP.POP.AG20.FE.IN,255177,263010.5,272982,283447.5,293402.5
Cameroon,CMR,"Age population, age 19, male",SP.POP.AG19.MA.IN,264306,274263.5,285060.5,295318.5,304297.5
Cameroon,CMR,"Age population, age 19, female",SP.POP.AG19.FE.IN,263623,273538.5,284261,294493,303521.5
Cameroon,CMR,"Age population, age 18, female",SP.POP.AG18.FE.IN,274128,284801.5,295244.5,304499.5,313096.5
Cameroon,CMR,"Age population, age 18, male",SP.POP.AG18.MA.IN,275047.5,285807,296282.5,305489,314021.5
Cameroon,CMR,"Age population, age 13, female",SP.POP.AG13.FE.IN,324735,333551.5,341419.5,347978,354162
Cameroon,CMR,"Age population, age 13, male",SP.POP.AG13.MA.IN,326417.5,335610.5,343948,350969.5,357692.5
Cameroon,CMR,"Age population, age 14, female",SP.POP.AG14.FE.IN,315367.5,324329.5,333165.5,341022.5,347564.5
Cameroon,CMR,"Age population, age 14, male",SP.POP.AG14.MA.IN,316807.5,325943,335151,343473.5,350476
Cameroon,CMR,"Age population, age 15, female",SP.POP.AG15.FE.IN,306126.5,314928.5,323915.5,332738.5,340577
Cameroon,CMR,"Age population, age 15, male",SP.POP.AG15.MA.IN,307537,316286.5,325441.5,334632.5,342933.5
Cameroon,CMR,"Age population, age 16, female",SP.POP.AG16.FE.IN,296283,305644.5,314478,323433,332216
Cameroon,CMR,"Age population, age 16, male",SP.POP.AG16.MA.IN,297628.5,306954.5,315729.5,324847,333994
Cameroon,CMR,"Age population, age 17, female",SP.POP.AG17.FE.IN,285360,295759.5,305159.5,313914.5,322780
Cameroon,CMR,"Age population, age 17, male",SP.POP.AG17.MA.IN,286531,296973,306329.5,315021.5,324046.5
Canada,CAN,"Age population, age 24, male",SP.POP.AG24.MA.IN,267473,268911,274343.5,277550,271934
Canada,CAN,"Age population, age 24, female",SP.POP.AG24.FE.IN,243708,246537.5,254480.5,260430,258927
Canada,CAN,"Age population, age 23, male",SP.POP.AG23.MA.IN,262694.5,265828,269692.5,264830,254587
Canada,CAN,"Age population, age 23, female",SP.POP.AG23.FE.IN,239832,245353.5,252177.5,251650,245660.5
Canada,CAN,"Age population, age 22, female",SP.POP.AG22.FE.IN,238624.5,243022,242985,237548,235558.5
Canada,CAN,"Age population, age 22, male",SP.POP.AG22.MA.IN,259617,261194,256590,246667.5,242059
Canada,CAN,"Age population, age 21, male",SP.POP.AG21.MA.IN,255116,248276.5,238253.5,233577.5,235651
Canada,CAN,"Age population, age 21, female",SP.POP.AG21.FE.IN,236413,233992,228694,226865,229927
Canada,CAN,"Age population, age 20, male",SP.POP.AG20.MA.IN,242483.5,230329,225337.5,227104,230298.5
Canada,CAN,"Age population, age 20, female",SP.POP.AG20.FE.IN,227650.5,220064.5,218169.5,221159.5,224536.5
Canada,CAN,"Age population, age 19, male",SP.POP.AG19.MA.IN,224975,218017,219475.5,222353.5,226398
Canada,CAN,"Age population, age 19, female",SP.POP.AG19.FE.IN,214155,210132,213076,216384,220515.5
Canada,CAN,"Age population, age 18, female",SP.POP.AG18.FE.IN,204828,205860,209360.5,213656.5,219105.5
Canada,CAN,"Age population, age 18, male",SP.POP.AG18.MA.IN,213236.5,212943.5,215752,219712,225212
Canada,CAN,"Age population, age 13, female",SP.POP.AG13.FE.IN,207132,208934,208532.5,207336,207308
Canada,CAN,"Age population, age 13, male",SP.POP.AG13.MA.IN,214774,217126.5,216984.5,216042,216464.5
Canada,CAN,"Age population, age 14, female",SP.POP.AG14.FE.IN,203732.5,208588,210919,210223,208704
Canada,CAN,"Age population, age 14, male",SP.POP.AG14.MA.IN,210925.5,216078,218906.5,218567.5,217398.5
Canada,CAN,"Age population, age 15, female",SP.POP.AG15.FE.IN,200022,205843.5,211463,213088,211687
Canada,CAN,"Age population, age 15, male",SP.POP.AG15.MA.IN,207287.5,212796,218634,220908.5,220011.5
Canada,CAN,"Age population, age 16, female",SP.POP.AG16.FE.IN,199409.5,202919,209787,214451,215144.5
Canada,CAN,"Age population, age 16, male",SP.POP.AG16.MA.IN,206815,209865.5,216315.5,221394,222925
Canada,CAN,"Age population, age 17, female",SP.POP.AG17.FE.IN,201297,203149.5,208010,213990.5,217801
Canada,CAN,"Age population, age 17, male",SP.POP.AG17.MA.IN,208850,210159.5,214431,220222.5,224666.5
Caribbean small states,CSS,"Age population, age 24, male",SP.POP.AG24.MA.IN,..,..,..,..,..
Caribbean small states,CSS,"Age population, age 24, female",SP.POP.AG24.FE.IN,..,..,..,..,..
Caribbean small states,CSS,"Age population, age 23, male",SP.POP.AG23.MA.IN,..,..,..,..,..
Caribbean small states,CSS,"Age population, age 23, female",SP.POP.AG23.FE.IN,..,..,..,..,..
Caribbean small states,CSS,"Age population, age 22, female",SP.POP.AG22.FE.IN,..,..,..,..,..
Caribbean small states,CSS,"Age population, age 22, male",SP.POP.AG22.MA.IN,..,..,..,..,..
Caribbean small states,CSS,"Age population, age 21, male",SP.POP.AG21.MA.IN,..,..,..,..,..
Caribbean small states,CSS,"Age population, age 21, female",SP.POP.AG21.FE.IN,..,..,..,..,..
Caribbean small states,CSS,"Age population, age 20, male",SP.POP.AG20.MA.IN,..,..,..,..,..
Caribbean small states,CSS,"Age population, age 20, female",SP.POP.AG20.FE.IN,..,..,..,..,..
Caribbean small states,CSS,"Age population, age 19, male",SP.POP.AG19.MA.IN,..,..,..,..,..
Caribbean small states,CSS,"Age population, age 19, female",SP.POP.AG19.FE.IN,..,..,..,..,..
Caribbean small states,CSS,"Age population, age 18, female",SP.POP.AG18.FE.IN,..,..,..,..,..
Caribbean small states,CSS,"Age population, age 18, male",SP.POP.AG18.MA.IN,..,..,..,..,..
Caribbean small states,CSS,"Age population, age 13, female",SP.POP.AG13.FE.IN,..,..,..,..,..
Caribbean small states,CSS,"Age population, age 13, male",SP.POP.AG13.MA.IN,..,..,..,..,..
Caribbean small states,CSS,"Age population, age 14, female",SP.POP.AG14.FE.IN,..,..,..,..,..
Caribbean small states,CSS,"Age population, age 14, male",SP.POP.AG14.MA.IN,..,..,..,..,..
Caribbean small states,CSS,"Age population, age 15, female",SP.POP.AG15.FE.IN,..,..,..,..,..
Caribbean small states,CSS,"Age population, age 15, male",SP.POP.AG15.MA.IN,..,..,..,..,..
Caribbean small states,CSS,"Age population, age 16, female",SP.POP.AG16.FE.IN,..,..,..,..,..
Caribbean small states,CSS,"Age population, age 16, male",SP.POP.AG16.MA.IN,..,..,..,..,..
Caribbean small states,CSS,"Age population, age 17, female",SP.POP.AG17.FE.IN,..,..,..,..,..
Caribbean small states,CSS,"Age population, age 17, male",SP.POP.AG17.MA.IN,..,..,..,..,..
Cayman Islands,CYM,"Age population, age 24, male",SP.POP.AG24.MA.IN,449,432,419,413,415.5
Cayman Islands,CYM,"Age population, age 24, female",SP.POP.AG24.FE.IN,436,409,394.5,396,405.5
Cayman Islands,CYM,"Age population, age 23, male",SP.POP.AG23.MA.IN,413.5,401,393.5,393.5,397
Cayman Islands,CYM,"Age population, age 23, female",SP.POP.AG23.FE.IN,389.5,375.5,376,385,398.5
Cayman Islands,CYM,"Age population, age 22, female",SP.POP.AG22.FE.IN,356,357.5,365,376.5,393.5
Cayman Islands,CYM,"Age population, age 22, male",SP.POP.AG22.MA.IN,383,375.5,372.5,373.5,386
Cayman Islands,CYM,"Age population, age 21, male",SP.POP.AG21.MA.IN,357.5,355,353,362,385
Cayman Islands,CYM,"Age population, age 21, female",SP.POP.AG21.FE.IN,338,346,356,371,398
Cayman Islands,CYM,"Age population, age 20, male",SP.POP.AG20.MA.IN,338,336,342,361.5,390
Cayman Islands,CYM,"Age population, age 20, female",SP.POP.AG20.FE.IN,327.5,338,351,376,398.5
Cayman Islands,CYM,"Age population, age 19, male",SP.POP.AG19.MA.IN,320.5,327,343.5,368.5,395.5
Cayman Islands,CYM,"Age population, age 19, female",SP.POP.AG19.FE.IN,321,334,357.5,378.5,394.5
Cayman Islands,CYM,"Age population, age 18, female",SP.POP.AG18.FE.IN,319.5,343,362.5,377.5,396
Cayman Islands,CYM,"Age population, age 18, male",SP.POP.AG18.MA.IN,313,329.5,353,378.5,406
Cayman Islands,CYM,"Age population, age 13, female",SP.POP.AG13.FE.IN,374.5,385,391.5,391.5,388
Cayman Islands,CYM,"Age population, age 13, male",SP.POP.AG13.MA.IN,395,409.5,414,410.5,401.5
Cayman Islands,CYM,"Age population, age 14, female",SP.POP.AG14.FE.IN,361.5,378,388.5,394.5,393.5
Cayman Islands,CYM,"Age population, age 14, male",SP.POP.AG14.MA.IN,371,399,413.5,417,412.5
Cayman Islands,CYM,"Age population, age 15, female",SP.POP.AG15.FE.IN,346.5,367.5,384,392.5,396.5
Cayman Islands,CYM,"Age population, age 15, male",SP.POP.AG15.MA.IN,348,377,404.5,417,419.5
Cayman Islands,CYM,"Age population, age 16, female",SP.POP.AG16.FE.IN,339.5,355,375.5,390,396.5
Cayman Islands,CYM,"Age population, age 16, male",SP.POP.AG16.MA.IN,331,356,384,409.5,421
Cayman Islands,CYM,"Age population, age 17, female",SP.POP.AG17.FE.IN,329.5,350,365.5,384,397.5
Cayman Islands,CYM,"Age population, age 17, male",SP.POP.AG17.MA.IN,317.5,341,366,393,417.5
Central African Republic,CAF,"Age population, age 24, male",SP.POP.AG24.MA.IN,42987.5,42116,42956.5,46172.5,48413.5
Central African Republic,CAF,"Age population, age 24, female",SP.POP.AG24.FE.IN,45674,46847.5,49365.5,52307.5,54048
Central African Republic,CAF,"Age population, age 23, male",SP.POP.AG23.MA.IN,45957.5,45617,46699,48945,50960.5
Central African Republic,CAF,"Age population, age 23, female",SP.POP.AG23.FE.IN,48465,50187,52806.5,54539.5,55765
Central African Republic,CAF,"Age population, age 22, female",SP.POP.AG22.FE.IN,51816,53639,55036,56253,58210.5
Central African Republic,CAF,"Age population, age 22, male",SP.POP.AG22.MA.IN,49685.5,49561,49474,51495.5,54462.5
Central African Republic,CAF,"Age population, age 21, male",SP.POP.AG21.MA.IN,53763.5,52452.5,52018,54996.5,57836.5
Central African Republic,CAF,"Age population, age 21, female",SP.POP.AG21.FE.IN,55252,55860,56736,58688.5,60508.5
Central African Republic,CAF,"Age population, age 20, male",SP.POP.AG20.MA.IN,56479.5,54860,55502,58353,60806
Central African Republic,CAF,"Age population, age 20, female",SP.POP.AG20.FE.IN,57414.5,57530,59154,60968,62467
Central African Republic,CAF,"Age population, age 19, male",SP.POP.AG19.MA.IN,58529,58103,58828.5,61288,63597.5
Central African Republic,CAF,"Age population, age 19, female",SP.POP.AG19.FE.IN,58997,59913.5,61404.5,62894.5,64406.5
Central African Republic,CAF,"Age population, age 18, female",SP.POP.AG18.FE.IN,61274,62123.5,63289,64786.5,65335
Central African Republic,CAF,"Age population, age 18, male",SP.POP.AG18.MA.IN,61324,61114.5,61717.5,64026.5,65078
Central African Republic,CAF,"Age population, age 13, female",SP.POP.AG13.FE.IN,67863.5,68878.5,74047,79434.5,80367
Central African Republic,CAF,"Age population, age 13, male",SP.POP.AG13.MA.IN,68722,69243,74668.5,80732,81812
Central African Republic,CAF,"Age population, age 14, female",SP.POP.AG14.FE.IN,67352.5,67135.5,68379.5,73865,79249.5
Central African Republic,CAF,"Age population, age 14, male",SP.POP.AG14.MA.IN,68498.5,67673,68466.5,74474.5,80530
Central African Republic,CAF,"Age population, age 15, female",SP.POP.AG15.FE.IN,66721.5,66520.5,66605,68178.5,73674.5
Central African Republic,CAF,"Age population, age 15, male",SP.POP.AG15.MA.IN,67905.5,67089,66651.5,68254.5,74265.5
Central African Republic,CAF,"Age population, age 16, female",SP.POP.AG16.FE.IN,65059.5,65755.5,65940,66368,67969
Central African Republic,CAF,"Age population, age 16, male",SP.POP.AG16.MA.IN,65954.5,66041.5,65745.5,66399.5,68022.5
Central African Republic,CAF,"Age population, age 17, female",SP.POP.AG17.FE.IN,63357,63960.5,65130,65653.5,66112
Central African Republic,CAF,"Age population, age 17, male",SP.POP.AG17.MA.IN,63850.5,63656.5,64398.5,65437,66113
Central Europe and the Baltics,CEB,"Age population, age 24, male",SP.POP.AG24.MA.IN,..,..,..,..,..
Central Europe and the Baltics,CEB,"Age population, age 24, female",SP.POP.AG24.FE.IN,..,..,..,..,..
Central Europe and the Baltics,CEB,"Age population, age 23, male",SP.POP.AG23.MA.IN,..,..,..,..,..
Central Europe and the Baltics,CEB,"Age population, age 23, female",SP.POP.AG23.FE.IN,..,..,..,..,..
Central Europe and the Baltics,CEB,"Age population, age 22, female",SP.POP.AG22.FE.IN,..,..,..,..,..
Central Europe and the Baltics,CEB,"Age population, age 22, male",SP.POP.AG22.MA.IN,..,..,..,..,..
Central Europe and the Baltics,CEB,"Age population, age 21, male",SP.POP.AG21.MA.IN,..,..,..,..,..
Central Europe and the Baltics,CEB,"Age population, age 21, female",SP.POP.AG21.FE.IN,..,..,..,..,..
Central Europe and the Baltics,CEB,"Age population, age 20, male",SP.POP.AG20.MA.IN,..,..,..,..,..
Central Europe and the Baltics,CEB,"Age population, age 20, female",SP.POP.AG20.FE.IN,..,..,..,..,..
Central Europe and the Baltics,CEB,"Age population, age 19, male",SP.POP.AG19.MA.IN,..,..,..,..,..
Central Europe and the Baltics,CEB,"Age population, age 19, female",SP.POP.AG19.FE.IN,..,..,..,..,..
Central Europe and the Baltics,CEB,"Age population, age 18, female",SP.POP.AG18.FE.IN,..,..,..,..,..
Central Europe and the Baltics,CEB,"Age population, age 18, male",SP.POP.AG18.MA.IN,..,..,..,..,..
Central Europe and the Baltics,CEB,"Age population, age 13, female",SP.POP.AG13.FE.IN,..,..,..,..,..
Central Europe and the Baltics,CEB,"Age population, age 13, male",SP.POP.AG13.MA.IN,..,..,..,..,..
Central Europe and the Baltics,CEB,"Age population, age 14, female",SP.POP.AG14.FE.IN,..,..,..,..,..
Central Europe and the Baltics,CEB,"Age population, age 14, male",SP.POP.AG14.MA.IN,..,..,..,..,..
Central Europe and the Baltics,CEB,"Age population, age 15, female",SP.POP.AG15.FE.IN,..,..,..,..,..
Central Europe and the Baltics,CEB,"Age population, age 15, male",SP.POP.AG15.MA.IN,..,..,..,..,..
Central Europe and the Baltics,CEB,"Age population, age 16, female",SP.POP.AG16.FE.IN,..,..,..,..,..
Central Europe and the Baltics,CEB,"Age population, age 16, male",SP.POP.AG16.MA.IN,..,..,..,..,..
Central Europe and the Baltics,CEB,"Age population, age 17, female",SP.POP.AG17.FE.IN,..,..,..,..,..
Central Europe and the Baltics,CEB,"Age population, age 17, male",SP.POP.AG17.MA.IN,..,..,..,..,..
Chad,TCD,"Age population, age 24, male",SP.POP.AG24.MA.IN,147320,152853.5,162975.5,174250,178917
Chad,TCD,"Age population, age 24, female",SP.POP.AG24.FE.IN,145207.5,150807,161177,172744.5,177369.5
Chad,TCD,"Age population, age 23, male",SP.POP.AG23.MA.IN,152898.5,158902.5,169119,180077,183287.5
Chad,TCD,"Age population, age 23, female",SP.POP.AG23.FE.IN,150427.5,156453,166951.5,178188,181223
Chad,TCD,"Age population, age 22, female",SP.POP.AG22.FE.IN,156081,162226,172883,182789.5,185464
Chad,TCD,"Age population, age 22, male",SP.POP.AG22.MA.IN,158978.5,165099.5,175476.5,185191.5,188122
Chad,TCD,"Age population, age 21, male",SP.POP.AG21.MA.IN,165208,171593.5,181185.5,190690.5,195996.5
Chad,TCD,"Age population, age 21, female",SP.POP.AG21.FE.IN,161889,168270.5,178069.5,187720.5,192683.5
Chad,TCD,"Age population, age 20, male",SP.POP.AG20.MA.IN,171734,177524.5,187223.5,198952,205790.5
Chad,TCD,"Age population, age 20, female",SP.POP.AG20.FE.IN,167996.5,173692.5,183562,195367,201705.5
Chad,TCD,"Age population, age 19, male",SP.POP.AG19.MA.IN,177696,183885,195924.5,208733.5,214342
Chad,TCD,"Age population, age 19, female",SP.POP.AG19.FE.IN,173502,179552.5,191692,204422,209527
Chad,TCD,"Age population, age 18, female",SP.POP.AG18.FE.IN,179464,188182.5,201192,211925,216617.5
Chad,TCD,"Age population, age 18, male",SP.POP.AG18.MA.IN,184097,193020.5,206088,216921,222062
Chad,TCD,"Age population, age 13, female",SP.POP.AG13.FE.IN,222762,230206,239187,248239.5,256436
Chad,TCD,"Age population, age 13, male",SP.POP.AG13.MA.IN,229585.5,237146.5,246110.5,255022.5,263253.5
Chad,TCD,"Age population, age 14, female",SP.POP.AG14.FE.IN,215025.5,222267.5,230662.5,239952,247613.5
Chad,TCD,"Age population, age 14, male",SP.POP.AG14.MA.IN,221574.5,228950,237356,246626,254270.5
Chad,TCD,"Age population, age 15, female",SP.POP.AG15.FE.IN,207179,214636,223252.5,231886,239256
Chad,TCD,"Age population, age 15, male",SP.POP.AG15.MA.IN,213306,221034.5,229631,238277.5,245807
Chad,TCD,"Age population, age 16, female",SP.POP.AG16.FE.IN,198445.5,206899.5,216236,224992,230966
Chad,TCD,"Age population, age 16, male",SP.POP.AG16.MA.IN,204072,212855.5,222261.5,231007,237236.5
Chad,TCD,"Age population, age 17, female",SP.POP.AG17.FE.IN,188216.5,198283.5,209157,218503.5,223650.5
Chad,TCD,"Age population, age 17, male",SP.POP.AG17.MA.IN,193298.5,203708.5,214663,224093.5,229537.5
Channel Islands,CHI,"Age population, age 24, male",SP.POP.AG24.MA.IN,966,999,1020,990,946
Channel Islands,CHI,"Age population, age 24, female",SP.POP.AG24.FE.IN,908,922,941,946,934
Channel Islands,CHI,"Age population, age 23, male",SP.POP.AG23.MA.IN,987,1003,972,929,911
Channel Islands,CHI,"Age population, age 23, female",SP.POP.AG23.FE.IN,910,925,928,916,902
Channel Islands,CHI,"Age population, age 22, female",SP.POP.AG22.FE.IN,911,911,896,880,894
Channel Islands,CHI,"Age population, age 22, male",SP.POP.AG22.MA.IN,991,956,909,888,925
Channel Islands,CHI,"Age population, age 21, male",SP.POP.AG21.MA.IN,941,893,867,899,937
Channel Islands,CHI,"Age population, age 21, female",SP.POP.AG21.FE.IN,894,879,858,868,893
Channel Islands,CHI,"Age population, age 20, male",SP.POP.AG20.MA.IN,878,852,877,910,925
Channel Islands,CHI,"Age population, age 20, female",SP.POP.AG20.FE.IN,862,841,846,866,867
Channel Islands,CHI,"Age population, age 19, male",SP.POP.AG19.MA.IN,839,864,890,900,908
Channel Islands,CHI,"Age population, age 19, female",SP.POP.AG19.FE.IN,825,830,845,841,871
Channel Islands,CHI,"Age population, age 18, female",SP.POP.AG18.FE.IN,813,831,822,849,889
Channel Islands,CHI,"Age population, age 18, male",SP.POP.AG18.MA.IN,852,878,882,886,894
Channel Islands,CHI,"Age population, age 13, female",SP.POP.AG13.FE.IN,862,855,857,889,915
Channel Islands,CHI,"Age population, age 13, male",SP.POP.AG13.MA.IN,877,888,891,914,936
Channel Islands,CHI,"Age population, age 14, female",SP.POP.AG14.FE.IN,853,864,859,860,891
Channel Islands,CHI,"Age population, age 14, male",SP.POP.AG14.MA.IN,860,880,892,894,917
Channel Islands,CHI,"Age population, age 15, female",SP.POP.AG15.FE.IN,821,857,870,864,864
Channel Islands,CHI,"Age population, age 15, male",SP.POP.AG15.MA.IN,857,862,884,895,897
Channel Islands,CHI,"Age population, age 16, female",SP.POP.AG16.FE.IN,802,825,864,876,870
Channel Islands,CHI,"Age population, age 16, male",SP.POP.AG16.MA.IN,864,863,869,890,901
Channel Islands,CHI,"Age population, age 17, female",SP.POP.AG17.FE.IN,819,810,835,873,885
Channel Islands,CHI,"Age population, age 17, male",SP.POP.AG17.MA.IN,868,871,872,878,900
Chile,CHL,"Age population, age 24, male",SP.POP.AG24.MA.IN,153876,150176.5,146337.5,143066.5,140511
Chile,CHL,"Age population, age 24, female",SP.POP.AG24.FE.IN,149702,146395.5,142913,139682.5,137119.5
Chile,CHL,"Age population, age 23, male",SP.POP.AG23.MA.IN,149111,145291.5,142066.5,139651,135639.5
Chile,CHL,"Age population, age 23, female",SP.POP.AG23.FE.IN,145160,141700.5,138573,136208,132094.5
Chile,CHL,"Age population, age 22, female",SP.POP.AG22.FE.IN,140459.5,137356.5,135132.5,131248.5,126737.5
Chile,CHL,"Age population, age 22, male",SP.POP.AG22.MA.IN,144223.5,141020.5,138686.5,134842.5,130575
Chile,CHL,"Age population, age 21, male",SP.POP.AG21.MA.IN,139972.5,137664,133933,129858.5,126778.5
Chile,CHL,"Age population, age 21, female",SP.POP.AG21.FE.IN,136136,133938,130227.5,125972,122599
Chile,CHL,"Age population, age 20, male",SP.POP.AG20.MA.IN,136659.5,132955.5,129013,126138.5,124353.5
Chile,CHL,"Age population, age 20, female",SP.POP.AG20.FE.IN,132765.5,129081.5,125018,121911.5,119750.5
Chile,CHL,"Age population, age 19, male",SP.POP.AG19.MA.IN,132018,128104,125365,123780,122640.5
Chile,CHL,"Age population, age 19, female",SP.POP.AG19.FE.IN,127989.5,123951,121034.5,119132.5,117895
Chile,CHL,"Age population, age 18, female",SP.POP.AG18.FE.IN,122968.5,120076,118353.5,117355,118024
Chile,CHL,"Age population, age 18, male",SP.POP.AG18.MA.IN,127258,124547,123094,122140,122718.5
Chile,CHL,"Age population, age 13, female",SP.POP.AG13.FE.IN,118688,120873,121925,122025,121785
Chile,CHL,"Age population, age 13, male",SP.POP.AG13.MA.IN,123587.5,125675.5,126649,126860.5,126592
Chile,CHL,"Age population, age 14, female",SP.POP.AG14.FE.IN,116158,118948,121127.5,122162,122223
Chile,CHL,"Age population, age 14, male",SP.POP.AG14.MA.IN,121064.5,123818.5,125900,126869,127058.5
Chile,CHL,"Age population, age 15, female",SP.POP.AG15.FE.IN,115491,116543,119323,121427,122362
Chile,CHL,"Age population, age 15, male",SP.POP.AG15.MA.IN,120517.5,121400.5,124144,126170.5,127064.5
Chile,CHL,"Age population, age 16, female",SP.POP.AG16.FE.IN,116837.5,116023.5,117062.5,119719.5,121669.5
Chile,CHL,"Age population, age 16, male",SP.POP.AG16.MA.IN,121788.5,120981,121849.5,124496,126401
Chile,CHL,"Age population, age 17, female",SP.POP.AG17.FE.IN,119230.5,117529,116698,117585,120049.5
Chile,CHL,"Age population, age 17, male",SP.POP.AG17.MA.IN,123816.5,122388,121560.5,122310,124804.5
China,CHN,"Age population, age 24, male",SP.POP.AG24.MA.IN,9042101,8799445.5,8627939,8751337.5,8704260.5
China,CHN,"Age population, age 24, female",SP.POP.AG24.FE.IN,7852190,7610898,7436346.5,7519260,7458075.5
China,CHN,"Age population, age 23, male",SP.POP.AG23.MA.IN,8812638.5,8642642,8769105,8721805,8437051
China,CHN,"Age population, age 23, female",SP.POP.AG23.FE.IN,7621463,7448658,7535192,7474249,7210188.5
China,CHN,"Age population, age 22, female",SP.POP.AG22.FE.IN,7458931,7547344,7493202.5,7232569,7145460.5
China,CHN,"Age population, age 22, male",SP.POP.AG22.MA.IN,8655237.5,8783413.5,8742142,8460158,8377201.5
China,CHN,"Age population, age 21, male",SP.POP.AG21.MA.IN,8795428,8755731.5,8482376.5,8405177,8434783.5
China,CHN,"Age population, age 21, female",SP.POP.AG21.FE.IN,7557261,7504911,7253861,7173212,7186039
China,CHN,"Age population, age 20, male",SP.POP.AG20.MA.IN,8766885,8494914,8427986.5,8465086.5,8572857.5
China,CHN,"Age population, age 20, female",SP.POP.AG20.FE.IN,7514231.5,7264823,7195375.5,7216407.5,7299813
China,CHN,"Age population, age 19, male",SP.POP.AG19.MA.IN,8504954,8439444.5,8486644.5,8601915,8716516
China,CHN,"Age population, age 19, female",SP.POP.AG19.FE.IN,7273310.5,7205452,7237409,7328954,7421823
China,CHN,"Age population, age 18, female",SP.POP.AG18.FE.IN,7213037,7246446.5,7346974.5,7446322.5,7589504.5
China,CHN,"Age population, age 18, male",SP.POP.AG18.MA.IN,8448413.5,8496959,8620582.5,8741168.5,8908825
China,CHN,"Age population, age 13, female",SP.POP.AG13.FE.IN,7841552,8051608.5,8118043,8090173,8415156
China,CHN,"Age population, age 13, male",SP.POP.AG13.MA.IN,9195725,9431356,9493770,9441745.5,9794284.5
China,CHN,"Age population, age 14, female",SP.POP.AG14.FE.IN,7626524.5,7838400,8048093,8114259.5,8086851.5
China,CHN,"Age population, age 14, male",SP.POP.AG14.MA.IN,8950193,9191171,9426544.5,9488573,9436849
China,CHN,"Age population, age 15, female",SP.POP.AG15.FE.IN,7471607,7622709.5,7834025,8043424,8110314
China,CHN,"Age population, age 15, male",SP.POP.AG15.MA.IN,8769874,8945015.5,9185503.5,9420438,9483017.5
China,CHN,"Age population, age 16, female",SP.POP.AG16.FE.IN,7360482.5,7466943,7617263,7827456,8037069
China,CHN,"Age population, age 16, male",SP.POP.AG16.MA.IN,8636618.5,8763897,8938295.5,9177591.5,9412617.5
China,CHN,"Age population, age 17, female",SP.POP.AG17.FE.IN,7253065,7354855,7460293,7607438,7816175
China,CHN,"Age population, age 17, male",SP.POP.AG17.MA.IN,8504878.5,8629704.5,8755998,8927343.5,9165228.5
Colombia,COL,"Age population, age 24, male",SP.POP.AG24.MA.IN,453485.5,457828,457128.5,451793,446682
Colombia,COL,"Age population, age 24, female",SP.POP.AG24.FE.IN,448038,452093,450914,445024.5,439167
Colombia,COL,"Age population, age 23, male",SP.POP.AG23.MA.IN,455335,454875,450083,445372,441652
Colombia,COL,"Age population, age 23, female",SP.POP.AG23.FE.IN,448460,447692,442451.5,437061,432517.5
Colombia,COL,"Age population, age 22, female",SP.POP.AG22.FE.IN,444041,439214,434575,430591,426426.5
Colombia,COL,"Age population, age 22, male",SP.POP.AG22.MA.IN,452381,447836,443757.5,440517,437293.5
Colombia,COL,"Age population, age 21, male",SP.POP.AG21.MA.IN,445390.5,441579.5,439041.5,436359,429980
Colombia,COL,"Age population, age 21, female",SP.POP.AG21.FE.IN,435619.5,431392,428238,424706,417656.5
Colombia,COL,"Age population, age 20, male",SP.POP.AG20.MA.IN,439246.5,436991.5,435026.5,429195,419423
Colombia,COL,"Age population, age 20, female",SP.POP.AG20.FE.IN,427944,425190,422506.5,416110,406194.5
Colombia,COL,"Age population, age 19, male",SP.POP.AG19.MA.IN,434827.5,433147,427976.5,418704,409714
Colombia,COL,"Age population, age 19, female",SP.POP.AG19.FE.IN,421984.5,419678,414076.5,404773,395503
Colombia,COL,"Age population, age 18, female",SP.POP.AG18.FE.IN,416807.5,411547,402942.5,394208.5,388376.5
Colombia,COL,"Age population, age 18, male",SP.POP.AG18.MA.IN,431199,426292,417586.5,409025,403472
Colombia,COL,"Age population, age 13, female",SP.POP.AG13.FE.IN,380793,377406,369646,360839,356348
Colombia,COL,"Age population, age 13, male",SP.POP.AG13.MA.IN,397585,394034.5,385665,376309,371494
Colombia,COL,"Age population, age 14, female",SP.POP.AG14.FE.IN,383579.5,381514,378040,370175,361301.5
Colombia,COL,"Age population, age 14, male",SP.POP.AG14.MA.IN,400225,398134.5,394518.5,386085.5,376697
Colombia,COL,"Age population, age 15, female",SP.POP.AG15.FE.IN,389355,384665,382467.5,378735,370677.5
Colombia,COL,"Age population, age 15, male",SP.POP.AG15.MA.IN,405687,401036.5,398843.5,395031,386458
Colombia,COL,"Age population, age 16, female",SP.POP.AG16.FE.IN,398778,390880.5,386006.5,383417,379383.5
Colombia,COL,"Age population, age 16, male",SP.POP.AG16.MA.IN,414697.5,406800,402005.5,399503,395459.5
Colombia,COL,"Age population, age 17, female",SP.POP.AG17.FE.IN,409088,400776.5,392639.5,387265.5,384292
Colombia,COL,"Age population, age 17, male",SP.POP.AG17.MA.IN,424593.5,416115,408031,402839.5,400036.5
Comoros,COM,"Age population, age 24, male",SP.POP.AG24.MA.IN,6433.5,6892,7307.5,7624.5,7842.5
Comoros,COM,"Age population, age 24, female",SP.POP.AG24.FE.IN,6680,7009.5,7298.5,7504,7621
Comoros,COM,"Age population, age 23, male",SP.POP.AG23.MA.IN,6950.5,7369.5,7683.5,7898,8024.5
Comoros,COM,"Age population, age 23, female",SP.POP.AG23.FE.IN,7060,7351.5,7556.5,7674,7713.5
Comoros,COM,"Age population, age 22, female",SP.POP.AG22.FE.IN,7408,7616,7731,7768,7770
Comoros,COM,"Age population, age 22, male",SP.POP.AG22.MA.IN,7440.5,7757.5,7963,8081,8127.5
Comoros,COM,"Age population, age 21, male",SP.POP.AG21.MA.IN,7840,8050,8153,8185,8241
Comoros,COM,"Age population, age 21, female",SP.POP.AG21.FE.IN,7679,7796.5,7827.5,7824,7854
Comoros,COM,"Age population, age 20, male",SP.POP.AG20.MA.IN,8143.5,8250.5,8261,8296.5,8421.5
Comoros,COM,"Age population, age 20, female",SP.POP.AG20.FE.IN,7865,7899.5,7886,7906.5,8002.5
Comoros,COM,"Age population, age 19, male",SP.POP.AG19.MA.IN,8350.5,8366,8374.5,8473,8636.5
Comoros,COM,"Age population, age 19, female",SP.POP.AG19.FE.IN,7970.5,7960.5,7968,8051,8208
Comoros,COM,"Age population, age 18, female",SP.POP.AG18.FE.IN,8033.5,8044,8110,8250.5,8463
Comoros,COM,"Age population, age 18, male",SP.POP.AG18.MA.IN,8469.5,8483,8550.5,8683,8886
Comoros,COM,"Age population, age 13, female",SP.POP.AG13.FE.IN,8951.5,9165.5,9365,9568,9763.5
Comoros,COM,"Age population, age 13, male",SP.POP.AG13.MA.IN,9441.5,9599,9743,9908,10083.5
Comoros,COM,"Age population, age 14, female",SP.POP.AG14.FE.IN,8684,8890,9100.5,9324.5,9552
Comoros,COM,"Age population, age 14, male",SP.POP.AG14.MA.IN,9195.5,9351.5,9504,9687.5,9891.5
Comoros,COM,"Age population, age 15, female",SP.POP.AG15.FE.IN,8448,8619,8822,9058.5,9308
Comoros,COM,"Age population, age 15, male",SP.POP.AG15.MA.IN,8967,9099,9249.5,9444,9669
Comoros,COM,"Age population, age 16, female",SP.POP.AG16.FE.IN,8256,8379.5,8547.5,8776.5,9038.5
Comoros,COM,"Age population, age 16, male",SP.POP.AG16.MA.IN,8764,8865.5,8992.5,9185.5,9421.5
Comoros,COM,"Age population, age 17, female",SP.POP.AG17.FE.IN,8116,8186,8305.5,8497.5,8750.5
Comoros,COM,"Age population, age 17, male",SP.POP.AG17.MA.IN,8588.5,8660.5,8756.5,8923.5,9156.5
"Congo, Dem. Rep.",COD,"Age population, age 24, male",SP.POP.AG24.MA.IN,815249.5,821996.5,844759,878505,907254.5
"Congo, Dem. Rep.",COD,"Age population, age 24, female",SP.POP.AG24.FE.IN,822196,829370.5,853038.5,887711.5,917495
"Congo, Dem. Rep.",COD,"Age population, age 23, male",SP.POP.AG23.MA.IN,826916.5,849187,883313,912476.5,937176
"Congo, Dem. Rep.",COD,"Age population, age 23, female",SP.POP.AG23.FE.IN,832840,855996.5,891063.5,921250.5,946858.5
"Congo, Dem. Rep.",COD,"Age population, age 22, female",SP.POP.AG22.FE.IN,859475.5,894061,924863,951106.5,975990.5
"Congo, Dem. Rep.",COD,"Age population, age 22, male",SP.POP.AG22.MA.IN,854185,887877.5,917631,942965.5,966804.5
"Congo, Dem. Rep.",COD,"Age population, age 21, male",SP.POP.AG21.MA.IN,892924,922234,948345.5,973026.5,998097
"Congo, Dem. Rep.",COD,"Age population, age 21, female",SP.POP.AG21.FE.IN,897569.5,927882,954934.5,980666.5,1006684
"Congo, Dem. Rep.",COD,"Age population, age 20, male",SP.POP.AG20.MA.IN,927195,952870.5,978436,1004463.5,1035715.5
"Congo, Dem. Rep.",COD,"Age population, age 20, female",SP.POP.AG20.FE.IN,931381.5,957950.5,984598,1011578,1043345.5
"Congo, Dem. Rep.",COD,"Age population, age 19, male",SP.POP.AG19.MA.IN,957614,982778.5,1009670.5,1041871,1082492
"Congo, Dem. Rep.",COD,"Age population, age 19, female",SP.POP.AG19.FE.IN,961389,987582,1015449,1048161.5,1089356.5
"Congo, Dem. Rep.",COD,"Age population, age 18, female",SP.POP.AG18.FE.IN,990908,1018366,1051823,1093824,1137397.5
"Congo, Dem. Rep.",COD,"Age population, age 18, male",SP.POP.AG18.MA.IN,987201.5,1013743.5,1046685,1088128,1130987.5
"Congo, Dem. Rep.",COD,"Age population, age 13, female",SP.POP.AG13.FE.IN,1195364.5,1241229,1287075,1335714,1387539.5
"Congo, Dem. Rep.",COD,"Age population, age 13, male",SP.POP.AG13.MA.IN,1191624.5,1237217.5,1283053.5,1331843,1384059.5
"Congo, Dem. Rep.",COD,"Age population, age 14, female",SP.POP.AG14.FE.IN,1149479.5,1192892,1238861.5,1284654,1333217
"Congo, Dem. Rep.",COD,"Age population, age 14, male",SP.POP.AG14.MA.IN,1145921.5,1188760.5,1234409.5,1280169,1328865
"Congo, Dem. Rep.",COD,"Age population, age 15, female",SP.POP.AG15.FE.IN,1102637.5,1146890,1190454.5,1236359,1282069.5
"Congo, Dem. Rep.",COD,"Age population, age 15, male",SP.POP.AG15.MA.IN,1099238,1142875,1185815,1231374.5,1277030.5
"Congo, Dem. Rep.",COD,"Age population, age 16, female",SP.POP.AG16.FE.IN,1057598,1099872.5,1144329.5,1187758,1233501
"Congo, Dem. Rep.",COD,"Age population, age 16, male",SP.POP.AG16.MA.IN,1054116.5,1095912.5,1139694,1182475.5,1227851
"Congo, Dem. Rep.",COD,"Age population, age 17, female",SP.POP.AG17.FE.IN,1021524.5,1054638,1097177,1141325,1184422
"Congo, Dem. Rep.",COD,"Age population, age 17, male",SP.POP.AG17.MA.IN,1017788.5,1050452,1092447,1135900,1178329
"Congo, Rep.",COG,"Age population, age 24, male",SP.POP.AG24.MA.IN,46021,46992,47938,49161.5,51360
"Congo, Rep.",COG,"Age population, age 24, female",SP.POP.AG24.FE.IN,45713.5,46672.5,47622,48860,51062
"Congo, Rep.",COG,"Age population, age 23, male",SP.POP.AG23.MA.IN,47167,48080.5,49330.5,51562,54218.5
"Congo, Rep.",COG,"Age population, age 23, female",SP.POP.AG23.FE.IN,46821.5,47735,48998,51231.5,53869
"Congo, Rep.",COG,"Age population, age 22, female",SP.POP.AG22.FE.IN,47879.5,49107.5,51380.5,54062.5,55956.5
"Congo, Rep.",COG,"Age population, age 22, male",SP.POP.AG22.MA.IN,48252,49469,51743.5,54448.5,56368.5
"Congo, Rep.",COG,"Age population, age 21, male",SP.POP.AG21.MA.IN,49637.5,51882,54641.5,56619,58737
"Congo, Rep.",COG,"Age population, age 21, female",SP.POP.AG21.FE.IN,49247.5,51487,54221,56169.5,58265
"Congo, Rep.",COG,"Age population, age 20, male",SP.POP.AG20.MA.IN,52046.5,54778.5,56814,58995,61452.5
"Congo, Rep.",COG,"Age population, age 20, female",SP.POP.AG20.FE.IN,51623,54325,56330,58486,60915.5
"Congo, Rep.",COG,"Age population, age 19, male",SP.POP.AG19.MA.IN,54936.5,56946,59183.5,61701.5,64209
"Congo, Rep.",COG,"Age population, age 19, female",SP.POP.AG19.FE.IN,54457,56431,58640.5,61128,63599.5
"Congo, Rep.",COG,"Age population, age 18, female",SP.POP.AG18.FE.IN,56554,58736.5,61268.5,63787.5,66462.5
"Congo, Rep.",COG,"Age population, age 18, male",SP.POP.AG18.MA.IN,57093.5,59308,61873.5,64431.5,67158.5
"Congo, Rep.",COG,"Age population, age 13, female",SP.POP.AG13.FE.IN,70237,73770,77652,80709.5,82028
"Congo, Rep.",COG,"Age population, age 13, male",SP.POP.AG13.MA.IN,71097.5,74732,78740.5,81921,83335
"Congo, Rep.",COG,"Age population, age 14, female",SP.POP.AG14.FE.IN,66868,70170,73709.5,77587,80640
"Congo, Rep.",COG,"Age population, age 14, male",SP.POP.AG14.MA.IN,67637,71023.5,74662.5,78665.5,81840.5
"Congo, Rep.",COG,"Age population, age 15, female",SP.POP.AG15.FE.IN,64079,66791.5,70102.5,73637.5,77510
"Congo, Rep.",COG,"Age population, age 15, male",SP.POP.AG15.MA.IN,64780,67551,70945,74578.5,78575
"Congo, Rep.",COG,"Age population, age 16, female",SP.POP.AG16.FE.IN,61458.5,63990,66716.5,70019.5,73545.5
"Congo, Rep.",COG,"Age population, age 16, male",SP.POP.AG16.MA.IN,62104.5,64680,67463,70847,74469.5
"Congo, Rep.",COG,"Age population, age 17, female",SP.POP.AG17.FE.IN,58849,61358,63908,66616.5,69899.5
"Congo, Rep.",COG,"Age population, age 17, male",SP.POP.AG17.MA.IN,59441.5,61988,64579.5,67342.5,70704.5
Costa Rica,CRI,"Age population, age 24, male",SP.POP.AG24.MA.IN,40572.5,40313.5,40392.5,40355,39751.5
Costa Rica,CRI,"Age population, age 24, female",SP.POP.AG24.FE.IN,39194.5,38923.5,38942.5,38872,38260
Costa Rica,CRI,"Age population, age 23, male",SP.POP.AG23.MA.IN,40367.5,40443.5,40401,39795.5,38401.5
Costa Rica,CRI,"Age population, age 23, female",SP.POP.AG23.FE.IN,38920,38939.5,38872,38259.5,36873
Costa Rica,CRI,"Age population, age 22, female",SP.POP.AG22.FE.IN,38935,38868,38259,36872.5,35650.5
Costa Rica,CRI,"Age population, age 22, male",SP.POP.AG22.MA.IN,40494.5,40450.5,39841,38443.5,37130.5
Costa Rica,CRI,"Age population, age 21, male",SP.POP.AG21.MA.IN,40497,39886,38485.5,37170.5,36568
Costa Rica,CRI,"Age population, age 21, female",SP.POP.AG21.FE.IN,38864,38255.5,36871,35649,35157.5
Costa Rica,CRI,"Age population, age 20, male",SP.POP.AG20.MA.IN,39926,38524.5,37208.5,36605.5,36774
Costa Rica,CRI,"Age population, age 20, female",SP.POP.AG20.FE.IN,38251.5,36868,35647.5,35156.5,35342.5
Costa Rica,CRI,"Age population, age 19, male",SP.POP.AG19.MA.IN,38556,37240,36638.5,36807.5,36540
Costa Rica,CRI,"Age population, age 19, female",SP.POP.AG19.FE.IN,36865,35644.5,35154,35341,35093.5
Costa Rica,CRI,"Age population, age 18, female",SP.POP.AG18.FE.IN,35642.5,35152,35338,35092,34885
Costa Rica,CRI,"Age population, age 18, male",SP.POP.AG18.MA.IN,37264.5,36664,36836,36568,36354
Costa Rica,CRI,"Age population, age 13, female",SP.POP.AG13.FE.IN,35738,36115.5,35031,34612.5,35098
Costa Rica,CRI,"Age population, age 13, male",SP.POP.AG13.MA.IN,37333.5,37732,36602.5,36163.5,36630.5
Costa Rica,CRI,"Age population, age 14, female",SP.POP.AG14.FE.IN,34888.5,35734,36112.5,35029,34610.5
Costa Rica,CRI,"Age population, age 14, male",SP.POP.AG14.MA.IN,36414,37325.5,37724,36595.5,36157.5
Costa Rica,CRI,"Age population, age 15, female",SP.POP.AG15.FE.IN,35093.5,34884.5,35730.5,36110,35026.5
Costa Rica,CRI,"Age population, age 15, male",SP.POP.AG15.MA.IN,36617.5,36405,37316.5,37715,36587
Costa Rica,CRI,"Age population, age 16, female",SP.POP.AG16.FE.IN,35339.5,35091,34883,35730.5,36109
Costa Rica,CRI,"Age population, age 16, male",SP.POP.AG16.MA.IN,36870.5,36606,36393.5,37303.5,37701.5
Costa Rica,CRI,"Age population, age 17, female",SP.POP.AG17.FE.IN,35152.5,35338,35090,34884,35730.5
Costa Rica,CRI,"Age population, age 17, male",SP.POP.AG17.MA.IN,36682.5,36856,36590.5,36376.5,37286
Cote d'Ivoire,CIV,"Age population, age 24, male",SP.POP.AG24.MA.IN,230821.5,244573,262187.5,273201.5,280948
Cote d'Ivoire,CIV,"Age population, age 24, female",SP.POP.AG24.FE.IN,224745.5,229683.5,239722,247796.5,254808
Cote d'Ivoire,CIV,"Age population, age 23, male",SP.POP.AG23.MA.IN,245147.5,262756,273454.5,280633,291614.5
Cote d'Ivoire,CIV,"Age population, age 23, female",SP.POP.AG23.FE.IN,229993.5,239992,247814,254319,265316
Cote d'Ivoire,CIV,"Age population, age 22, female",SP.POP.AG22.FE.IN,240294,248067.5,253808.5,263789.5,278325
Cote d'Ivoire,CIV,"Age population, age 22, male",SP.POP.AG22.MA.IN,263360.5,274026.5,280337.5,290213,303041.5
Cote d'Ivoire,CIV,"Age population, age 21, male",SP.POP.AG21.MA.IN,274630.5,280894.5,289427.5,300668,310239
Cote d'Ivoire,CIV,"Age population, age 21, female",SP.POP.AG21.FE.IN,248357.5,254045,262812.5,275878,289148
Cote d'Ivoire,CIV,"Age population, age 20, male",SP.POP.AG20.MA.IN,281479.5,289974.5,299603.5,307309,318280
Cote d'Ivoire,CIV,"Age population, age 20, female",SP.POP.AG20.FE.IN,254326,263049,274648,286190,301040
Cote d'Ivoire,CIV,"Age population, age 19, male",SP.POP.AG19.MA.IN,290543.5,300140.5,306249.5,315401,334328.5
Cote d'Ivoire,CIV,"Age population, age 19, female",SP.POP.AG19.FE.IN,263333.5,274896,284988,298150.5,318502.5
Cote d'Ivoire,CIV,"Age population, age 18, female",SP.POP.AG18.FE.IN,275188,285245,297223,316187.5,335684
Cote d'Ivoire,CIV,"Age population, age 18, male",SP.POP.AG18.MA.IN,300692.5,306764,314607.5,332047,352406.5
Cote d'Ivoire,CIV,"Age population, age 13, female",SP.POP.AG13.FE.IN,349292.5,360595.5,369727,375543,377311.5
Cote d'Ivoire,CIV,"Age population, age 13, male",SP.POP.AG13.MA.IN,368143.5,379997,388659,395488.5,398307.5
Cote d'Ivoire,CIV,"Age population, age 14, female",SP.POP.AG14.FE.IN,334746,348977.5,360289.5,369377,375203.5
Cote d'Ivoire,CIV,"Age population, age 14, male",SP.POP.AG14.MA.IN,351932.5,367716.5,379578.5,388210.5,395057
Cote d'Ivoire,CIV,"Age population, age 15, female",SP.POP.AG15.FE.IN,316275.5,334429,348670.5,359952.5,369085.5
Cote d'Ivoire,CIV,"Age population, age 15, male",SP.POP.AG15.MA.IN,332589.5,351494.5,367283.5,379132.5,387821
Cote d'Ivoire,CIV,"Age population, age 16, female",SP.POP.AG16.FE.IN,297791,315964,334126,348460,359942
Cote d'Ivoire,CIV,"Age population, age 16, male",SP.POP.AG16.MA.IN,315569,332137,351044,366954,379022.5
Cote d'Ivoire,CIV,"Age population, age 17, female",SP.POP.AG17.FE.IN,285540,297491,315677,334216,349073
Cote d'Ivoire,CIV,"Age population, age 17, male",SP.POP.AG17.MA.IN,307280,315094.5,331670.5,351004.5,367476
Croatia,HRV,"Age population, age 24, male",SP.POP.AG24.MA.IN,22707,22195,21572,21074.5,20349
Croatia,HRV,"Age population, age 24, female",SP.POP.AG24.FE.IN,21292.5,21018.5,20420,19830.5,19151
Croatia,HRV,"Age population, age 23, male",SP.POP.AG23.MA.IN,22136.5,21371.5,21039.5,20449,19763.5
Croatia,HRV,"Age population, age 23, female",SP.POP.AG23.FE.IN,20949.5,20198.5,19785.5,19252.5,18747.5
Croatia,HRV,"Age population, age 22, female",SP.POP.AG22.FE.IN,20130,19564,19212,18860.5,18679
Croatia,HRV,"Age population, age 22, male",SP.POP.AG22.MA.IN,21313.5,20838.5,20418.5,19875.5,19656
Croatia,HRV,"Age population, age 21, male",SP.POP.AG21.MA.IN,20781.5,20221,19849,19776,19936.5
Croatia,HRV,"Age population, age 21, female",SP.POP.AG21.FE.IN,19495.5,18994,18826.5,18802,18791.5
Croatia,HRV,"Age population, age 20, male",SP.POP.AG20.MA.IN,20167,19660.5,19753.5,20058,20676
Croatia,HRV,"Age population, age 20, female",SP.POP.AG20.FE.IN,18929,18618,18772,18915.5,19546.5
Croatia,HRV,"Age population, age 19, male",SP.POP.AG19.MA.IN,19611.5,19582.5,20041,20791,20976
Croatia,HRV,"Age population, age 19, female",SP.POP.AG19.FE.IN,18557.5,18578,18888,19662.5,19824.5
Croatia,HRV,"Age population, age 18, female",SP.POP.AG18.FE.IN,18523.5,18714.5,19635.5,19923,19598
Croatia,HRV,"Age population, age 18, male",SP.POP.AG18.MA.IN,19540,19891,20775.5,21074,20759
Croatia,HRV,"Age population, age 13, female",SP.POP.AG13.FE.IN,20053.5,20740.5,20665.5,19810,19287.5
Croatia,HRV,"Age population, age 13, male",SP.POP.AG13.MA.IN,21105,21701.5,21686,21038.5,20601
Croatia,HRV,"Age population, age 14, female",SP.POP.AG14.FE.IN,19525,20068,20787.5,20675,19789.5
Croatia,HRV,"Age population, age 14, male",SP.POP.AG14.MA.IN,20709,21117,21743,21694,21019
Croatia,HRV,"Age population, age 15, female",SP.POP.AG15.FE.IN,19740.5,19546,20136.5,20806,20652.5
Croatia,HRV,"Age population, age 15, male",SP.POP.AG15.MA.IN,20926,20726.5,21177.5,21759,21672.5
Croatia,HRV,"Age population, age 16, female",SP.POP.AG16.FE.IN,19446.5,19770,19641.5,20164,20776
Croatia,HRV,"Age population, age 16, male",SP.POP.AG16.MA.IN,20617,20949.5,20809.5,21199.5,21728.5
Croatia,HRV,"Age population, age 17, female",SP.POP.AG17.FE.IN,18667.5,19484.5,19893,19672,20115
Croatia,HRV,"Age population, age 17, male",SP.POP.AG17.MA.IN,19853.5,20646.5,21054.5,20831.5,21151.5
Cuba,CUB,"Age population, age 24, male",SP.POP.AG24.MA.IN,70246,70819,70592.5,69854.5,68682.5
Cuba,CUB,"Age population, age 24, female",SP.POP.AG24.FE.IN,66229,66918.5,67111.5,66756.5,65825
Cuba,CUB,"Age population, age 23, male",SP.POP.AG23.MA.IN,71220,71094,70309.5,69093.5,67719
Cuba,CUB,"Age population, age 23, female",SP.POP.AG23.FE.IN,67309.5,67606.5,67205,66229.5,64884
Cuba,CUB,"Age population, age 22, female",SP.POP.AG22.FE.IN,67998.5,67701.5,66663.5,65258.5,63317.5
Cuba,CUB,"Age population, age 22, male",SP.POP.AG22.MA.IN,71490.5,70806,69531,68100,66168
Cuba,CUB,"Age population, age 21, male",SP.POP.AG21.MA.IN,71190.5,70014.5,68515,66517,63410
Cuba,CUB,"Age population, age 21, female",SP.POP.AG21.FE.IN,68085.5,67150.5,65671,63659,60571
Cuba,CUB,"Age population, age 20, male",SP.POP.AG20.MA.IN,70378,68973,66905.5,63730.5,60100
Cuba,CUB,"Age population, age 20, female",SP.POP.AG20.FE.IN,67518.5,66139.5,64049,60885.5,57258.5
Cuba,CUB,"Age population, age 19, male",SP.POP.AG19.MA.IN,69307.5,67328,64091.5,60401.5,57713
Cuba,CUB,"Age population, age 19, female",SP.POP.AG19.FE.IN,66482,64485.5,61251,57555.5,54848
Cuba,CUB,"Age population, age 18, female",SP.POP.AG18.FE.IN,64792.5,61643.5,57890.5,55127.5,54547
Cuba,CUB,"Age population, age 18, male",SP.POP.AG18.MA.IN,67625.5,64467,60729,57995,57461
Cuba,CUB,"Age population, age 13, female",SP.POP.AG13.FE.IN,57061,59379.5,61025,62169.5,61094.5
Cuba,CUB,"Age population, age 13, male",SP.POP.AG13.MA.IN,59866.5,62080.5,63772,64959.5,64557
Cuba,CUB,"Age population, age 14, female",SP.POP.AG14.FE.IN,55392.5,56970,59264,60911.5,62057.5
Cuba,CUB,"Age population, age 14, male",SP.POP.AG14.MA.IN,58279,59777.5,61971.5,63661.5,64847
Cuba,CUB,"Age population, age 15, female",SP.POP.AG15.FE.IN,55873,55264.5,56807.5,59117,60778.5
Cuba,CUB,"Age population, age 15, male",SP.POP.AG15.MA.IN,58706.5,58156.5,59625,61828.5,63527.5
Cuba,CUB,"Age population, age 16, female",SP.POP.AG16.FE.IN,58448.5,55702,55046,56613.5,58946
Cuba,CUB,"Age population, age 16, male",SP.POP.AG16.MA.IN,61258,58543.5,57953,59438.5,61657.5
Cuba,CUB,"Age population, age 17, female",SP.POP.AG17.FE.IN,61909.5,58230,55422.5,54800,56399
Cuba,CUB,"Age population, age 17, male",SP.POP.AG17.MA.IN,64721.5,61050,58282,57715.5,59223
Curacao,CUW,"Age population, age 24, male",SP.POP.AG24.MA.IN,1701.5,1638.5,1568,1496,1429
Curacao,CUW,"Age population, age 24, female",SP.POP.AG24.FE.IN,1414,1354,1301,1257.5,1224.5
Curacao,CUW,"Age population, age 23, male",SP.POP.AG23.MA.IN,1626.5,1555.5,1480.5,1411,1349.5
Curacao,CUW,"Age population, age 23, female",SP.POP.AG23.FE.IN,1347.5,1295,1249.5,1215,1191.5
Curacao,CUW,"Age population, age 22, female",SP.POP.AG22.FE.IN,1288,1243,1204,1176,1158
Curacao,CUW,"Age population, age 22, male",SP.POP.AG22.MA.IN,1543,1468,1393,1326.5,1276
Curacao,CUW,"Age population, age 21, male",SP.POP.AG21.MA.IN,1456,1380.5,1306.5,1249,1209.5
Curacao,CUW,"Age population, age 21, female",SP.POP.AG21.FE.IN,1236,1197.5,1162.5,1137.5,1123.5
Curacao,CUW,"Age population, age 20, male",SP.POP.AG20.MA.IN,1369,1295,1228.5,1181,1151.5
Curacao,CUW,"Age population, age 20, female",SP.POP.AG20.FE.IN,1190.5,1155.5,1122,1100,1092
Curacao,CUW,"Age population, age 19, male",SP.POP.AG19.MA.IN,1284.5,1218.5,1162.5,1124.5,1106
Curacao,CUW,"Age population, age 19, female",SP.POP.AG19.FE.IN,1149.5,1115.5,1085,1069,1062.5
Curacao,CUW,"Age population, age 18, female",SP.POP.AG18.FE.IN,1110,1079.5,1056.5,1043.5,1039
Curacao,CUW,"Age population, age 18, male",SP.POP.AG18.MA.IN,1209,1152.5,1108,1083.5,1074
Curacao,CUW,"Age population, age 13, female",SP.POP.AG13.FE.IN,1006,1000.5,1026,1068.5,1121
Curacao,CUW,"Age population, age 13, male",SP.POP.AG13.MA.IN,1030,1026,1057.5,1110,1170
Curacao,CUW,"Age population, age 14, female",SP.POP.AG14.FE.IN,1015,1008,1002.5,1027.5,1069.5
Curacao,CUW,"Age population, age 14, male",SP.POP.AG14.MA.IN,1041,1033,1028.5,1060,1113
Curacao,CUW,"Age population, age 15, female",SP.POP.AG15.FE.IN,1028,1017,1010,1004,1028.5
Curacao,CUW,"Age population, age 15, male",SP.POP.AG15.MA.IN,1060.5,1044,1036,1032,1063.5
Curacao,CUW,"Age population, age 16, female",SP.POP.AG16.FE.IN,1048,1031,1020,1013,1007
Curacao,CUW,"Age population, age 16, male",SP.POP.AG16.MA.IN,1093.5,1065,1049.5,1041.5,1037
Curacao,CUW,"Age population, age 17, female",SP.POP.AG17.FE.IN,1074.5,1051.5,1034.5,1025.5,1020
Curacao,CUW,"Age population, age 17, male",SP.POP.AG17.MA.IN,1144,1099.5,1071.5,1058,1051.5
Cyprus,CYP,"Age population, age 24, male",SP.POP.AG24.MA.IN,8812,8534,8292.5,8100.5,7978
Cyprus,CYP,"Age population, age 24, female",SP.POP.AG24.FE.IN,8441.5,8217,8013,7836,7706.5
Cyprus,CYP,"Age population, age 23, male",SP.POP.AG23.MA.IN,8362,8123,7925.5,7799.5,7757.5
Cyprus,CYP,"Age population, age 23, female",SP.POP.AG23.FE.IN,8029.5,7831.5,7653.5,7524,7469.5
Cyprus,CYP,"Age population, age 22, female",SP.POP.AG22.FE.IN,7643.5,7472,7324.5,7252.5,7265.5
Cyprus,CYP,"Age population, age 22, male",SP.POP.AG22.MA.IN,7951.5,7757.5,7609.5,7546.5,7572
Cyprus,CYP,"Age population, age 21, male",SP.POP.AG21.MA.IN,7589,7444.5,7345,7335.5,7406
Cyprus,CYP,"Age population, age 21, female",SP.POP.AG21.FE.IN,7286.5,7146,7042,7022,7075
Cyprus,CYP,"Age population, age 20, male",SP.POP.AG20.MA.IN,7282.5,7188,7134,7160.5,7247
Cyprus,CYP,"Age population, age 20, female",SP.POP.AG20.FE.IN,6968,6871,6811,6823,6894.5
Cyprus,CYP,"Age population, age 19, male",SP.POP.AG19.MA.IN,7038,6989,6973,7016.5,7102.5
Cyprus,CYP,"Age population, age 19, female",SP.POP.AG19.FE.IN,6705.5,6651.5,6625,6657,6733
Cyprus,CYP,"Age population, age 18, female",SP.POP.AG18.FE.IN,6502.5,6481.5,6486,6533.5,6607
Cyprus,CYP,"Age population, age 18, male",SP.POP.AG18.MA.IN,6854,6843,6855,6908.5,6993.5
Cyprus,CYP,"Age population, age 13, female",SP.POP.AG13.FE.IN,6285,6417,6583.5,6764,6980.5
Cyprus,CYP,"Age population, age 13, male",SP.POP.AG13.MA.IN,6703.5,6840.5,7014,7184.5,7395
Cyprus,CYP,"Age population, age 14, female",SP.POP.AG14.FE.IN,6225.5,6325,6456,6619,6795.5
Cyprus,CYP,"Age population, age 14, male",SP.POP.AG14.MA.IN,6638.5,6739.5,6874.5,7047,7216
Cyprus,CYP,"Age population, age 15, female",SP.POP.AG15.FE.IN,6216,6285.5,6383,6502.5,6654.5
Cyprus,CYP,"Age population, age 15, male",SP.POP.AG15.MA.IN,6618.5,6690.5,6790.5,6918,7082
Cyprus,CYP,"Age population, age 16, female",SP.POP.AG16.FE.IN,6257.5,6297.5,6364,6449,6556.5
Cyprus,CYP,"Age population, age 16, male",SP.POP.AG16.MA.IN,6648.5,6691,6761,6852,6970
Cyprus,CYP,"Age population, age 17, female",SP.POP.AG17.FE.IN,6353.5,6363,6399,6460.5,6542
Cyprus,CYP,"Age population, age 17, male",SP.POP.AG17.MA.IN,6727.5,6743.5,6782,6851,6942.5
Czechia,CZE,"Age population, age 24, male",SP.POP.AG24.MA.IN,49766.5,52685.5,54885,54182.5,53278.5
Czechia,CZE,"Age population, age 24, female",SP.POP.AG24.FE.IN,46928.5,50036.5,52590.5,51665.5,50709.5
Czechia,CZE,"Age population, age 23, male",SP.POP.AG23.MA.IN,49323.5,51842,54927,54673,53789
Czechia,CZE,"Age population, age 23, female",SP.POP.AG23.FE.IN,46505.5,49356,52435.5,52162,51596
Czechia,CZE,"Age population, age 22, female",SP.POP.AG22.FE.IN,45835.5,49191.5,52682,52534,52107.5
Czechia,CZE,"Age population, age 22, male",SP.POP.AG22.MA.IN,48510.5,51899,55174,54682,54270
Czechia,CZE,"Age population, age 21, male",SP.POP.AG21.MA.IN,48683.5,52220.5,54942.5,54671,54658.5
Czechia,CZE,"Age population, age 21, female",SP.POP.AG21.FE.IN,45758,49498.5,52809.5,52538,52358.5
Czechia,CZE,"Age population, age 20, male",SP.POP.AG20.MA.IN,49143.5,52135.5,54766.5,54719.5,55752
Czechia,CZE,"Age population, age 20, female",SP.POP.AG20.FE.IN,46186.5,49758.5,52642.5,52437,53276
Czechia,CZE,"Age population, age 19, male",SP.POP.AG19.MA.IN,49317,52177.5,54754.5,55690.5,56992
Czechia,CZE,"Age population, age 19, female",SP.POP.AG19.FE.IN,46684,49802,52476,53225,54266
Czechia,CZE,"Age population, age 18, female",SP.POP.AG18.FE.IN,47046.5,49927,53283,54255.5,56475.5
Czechia,CZE,"Age population, age 18, male",SP.POP.AG18.MA.IN,49657.5,52442,55740.5,56971.5,59112.5
Czechia,CZE,"Age population, age 13, female",SP.POP.AG13.FE.IN,57753,58963.5,58527.5,55791.5,53521.5
Czechia,CZE,"Age population, age 13, male",SP.POP.AG13.MA.IN,60362.5,61489.5,61219,58734,56131.5
Czechia,CZE,"Age population, age 14, female",SP.POP.AG14.FE.IN,54311.5,58424.5,59664.5,58315,55387
Czechia,CZE,"Age population, age 14, male",SP.POP.AG14.MA.IN,57179.5,60959.5,62120.5,61019.5,58349
Czechia,CZE,"Age population, age 15, female",SP.POP.AG15.FE.IN,51088,55335,59442,59454,57944.5
Czechia,CZE,"Age population, age 15, male",SP.POP.AG15.MA.IN,54122,58092,61870.5,61925,60669
Czechia,CZE,"Age population, age 16, female",SP.POP.AG16.FE.IN,49174.5,52559,56730.5,59246.5,59143.5
Czechia,CZE,"Age population, age 16, male",SP.POP.AG16.MA.IN,52033.5,55450,59345,61691,61632.5
Czechia,CZE,"Age population, age 17, female",SP.POP.AG17.FE.IN,47559,51086,54361.5,56572.5,59031
Czechia,CZE,"Age population, age 17, male",SP.POP.AG17.MA.IN,50302.5,53759.5,57068,59198.5,61490
Denmark,DNK,"Age population, age 24, male",SP.POP.AG24.MA.IN,40101.5,39982,39452,39374,39189.5
Denmark,DNK,"Age population, age 24, female",SP.POP.AG24.FE.IN,38484,38344.5,38071.5,38213,38084.5
Denmark,DNK,"Age population, age 23, male",SP.POP.AG23.MA.IN,39210.5,38959.5,38964.5,38590,38121.5
Denmark,DNK,"Age population, age 23, female",SP.POP.AG23.FE.IN,37622,37524.5,37803.5,37489.5,36777.5
Denmark,DNK,"Age population, age 22, female",SP.POP.AG22.FE.IN,36499.5,37163,37000,36017,36003.5
Denmark,DNK,"Age population, age 22, male",SP.POP.AG22.MA.IN,38097,38442.5,38102,37358.5,37532.5
Denmark,DNK,"Age population, age 21, male",SP.POP.AG21.MA.IN,37549.5,37568.5,36804,36636,37228.5
Denmark,DNK,"Age population, age 21, female",SP.POP.AG21.FE.IN,36136.5,36346,35461,35107,35727.5
Denmark,DNK,"Age population, age 20, male",SP.POP.AG20.MA.IN,36741,36296,36058.5,36274,36837
Denmark,DNK,"Age population, age 20, female",SP.POP.AG20.FE.IN,35224,34773.5,34527,34772,35473.5
Denmark,DNK,"Age population, age 19, male",SP.POP.AG19.MA.IN,35547,35618.5,35724.5,35931.5,36765.5
Denmark,DNK,"Age population, age 19, female",SP.POP.AG19.FE.IN,33817,33929,34222,34567,35334.5
Denmark,DNK,"Age population, age 18, female",SP.POP.AG18.FE.IN,33226.5,33794,34093,34576,34883.5
Denmark,DNK,"Age population, age 18, male",SP.POP.AG18.MA.IN,34946.5,35342.5,35458,36008,36535.5
Denmark,DNK,"Age population, age 13, female",SP.POP.AG13.FE.IN,33274.5,33093.5,32948,32226,30817.5
Denmark,DNK,"Age population, age 13, male",SP.POP.AG13.MA.IN,35164.5,35120,34776,33613.5,32322.5
Denmark,DNK,"Age population, age 14, female",SP.POP.AG14.FE.IN,33316,33527.5,33384.5,33085,32319
Denmark,DNK,"Age population, age 14, male",SP.POP.AG14.MA.IN,35091.5,35413.5,35411,34920.5,33710
Denmark,DNK,"Age population, age 15, female",SP.POP.AG15.FE.IN,33445,33649.5,33864.5,33528,33194.5
Denmark,DNK,"Age population, age 15, male",SP.POP.AG15.MA.IN,34996,35373.5,35724,35561,35031.5
Denmark,DNK,"Age population, age 16, female",SP.POP.AG16.FE.IN,33497,33932,34070.5,34048,33711.5
Denmark,DNK,"Age population, age 16, male",SP.POP.AG16.MA.IN,34835,35370,35722,35912,35745.5
Denmark,DNK,"Age population, age 17, female",SP.POP.AG17.FE.IN,33379,33740,34206.5,34332.5,34387
Denmark,DNK,"Age population, age 17, male",SP.POP.AG17.MA.IN,34899.5,35070.5,35638,35984.5,36252.5
Djibouti,DJI,"Age population, age 24, male",SP.POP.AG24.MA.IN,9968,10162.5,10497.5,10857,11220
Djibouti,DJI,"Age population, age 24, female",SP.POP.AG24.FE.IN,9939.5,10139,10475.5,10832.5,11188.5
Djibouti,DJI,"Age population, age 23, male",SP.POP.AG23.MA.IN,10196,10535,10879,11231,11600.5
Djibouti,DJI,"Age population, age 23, female",SP.POP.AG23.FE.IN,10154.5,10494.5,10836,11181,11540
Djibouti,DJI,"Age population, age 22, female",SP.POP.AG22.FE.IN,10510,10855,11165,11493,11803.5
Djibouti,DJI,"Age population, age 22, male",SP.POP.AG22.MA.IN,10569.5,10917,11233.5,11572,11891.5
Djibouti,DJI,"Age population, age 21, male",SP.POP.AG21.MA.IN,10952,11272.5,11557.5,11827,11966.5
Djibouti,DJI,"Age population, age 21, female",SP.POP.AG21.FE.IN,10870.5,11184,11460,11722,11857
Djibouti,DJI,"Age population, age 20, male",SP.POP.AG20.MA.IN,11306.5,11595.5,11802,11881,11878.5
Djibouti,DJI,"Age population, age 20, female",SP.POP.AG20.FE.IN,11199,11479,11679,11754.5,11749.5
Djibouti,DJI,"Age population, age 19, male",SP.POP.AG19.MA.IN,11628,11838.5,11855,11792.5,11751
Djibouti,DJI,"Age population, age 19, female",SP.POP.AG19.FE.IN,11493,11697,11712.5,11649,11605
Djibouti,DJI,"Age population, age 18, female",SP.POP.AG18.FE.IN,11710,11729,11615.5,11523.5,11460.5
Djibouti,DJI,"Age population, age 18, male",SP.POP.AG18.MA.IN,11867.5,11887.5,11773.5,11682.5,11621
Djibouti,DJI,"Age population, age 13, female",SP.POP.AG13.FE.IN,11335,11281,11263.5,11227.5,11181
Djibouti,DJI,"Age population, age 13, male",SP.POP.AG13.MA.IN,11539,11483.5,11466,11431,11386
Djibouti,DJI,"Age population, age 14, female",SP.POP.AG14.FE.IN,11421.5,11330,11272,11252.5,11214
Djibouti,DJI,"Age population, age 14, male",SP.POP.AG14.MA.IN,11619.5,11527,11468.5,11449.5,11411.5
Djibouti,DJI,"Age population, age 15, female",SP.POP.AG15.FE.IN,11525.5,11415.5,11320.5,11262.5,11241.5
Djibouti,DJI,"Age population, age 15, male",SP.POP.AG15.MA.IN,11716,11605.5,11509.5,11451,11431
Djibouti,DJI,"Age population, age 16, female",SP.POP.AG16.FE.IN,11640,11517.5,11404,11315,11262
Djibouti,DJI,"Age population, age 16, male",SP.POP.AG16.MA.IN,11822,11699,11585.5,11496,11442
Djibouti,DJI,"Age population, age 17, female",SP.POP.AG17.FE.IN,11740.5,11630.5,11504.5,11409,11336.5
Djibouti,DJI,"Age population, age 17, male",SP.POP.AG17.MA.IN,11913,11802,11675.5,11580.5,11508
Dominica,DMA,"Age population, age 24, male",SP.POP.AG24.MA.IN,494,475.5,468.5,473.5,461
Dominica,DMA,"Age population, age 24, female",SP.POP.AG24.FE.IN,489,458.5,455,468,464
Dominica,DMA,"Age population, age 23, male",SP.POP.AG23.MA.IN,481.5,473.5,478,465.5,427.5
Dominica,DMA,"Age population, age 23, female",SP.POP.AG23.FE.IN,464,459,471.5,467.5,447
Dominica,DMA,"Age population, age 22, female",SP.POP.AG22.FE.IN,465,475.5,471,450.5,427
Dominica,DMA,"Age population, age 22, male",SP.POP.AG22.MA.IN,479,482.5,469.5,431,410.5
Dominica,DMA,"Age population, age 21, male",SP.POP.AG21.MA.IN,489,474.5,434.5,413,426.5
Dominica,DMA,"Age population, age 21, female",SP.POP.AG21.FE.IN,483,475.5,453.5,429.5,420
Dominica,DMA,"Age population, age 20, male",SP.POP.AG20.MA.IN,481.5,439.5,416.5,429,438.5
Dominica,DMA,"Age population, age 20, female",SP.POP.AG20.FE.IN,482.5,457.5,432.5,422,426
Dominica,DMA,"Age population, age 19, male",SP.POP.AG19.MA.IN,445.5,421,432.5,441,426.5
Dominica,DMA,"Age population, age 19, female",SP.POP.AG19.FE.IN,464.5,436.5,424.5,427.5,437.5
Dominica,DMA,"Age population, age 18, female",SP.POP.AG18.FE.IN,443.5,428,429.5,439,447
Dominica,DMA,"Age population, age 18, male",SP.POP.AG18.MA.IN,427,435.5,443,428,409.5
Dominica,DMA,"Age population, age 13, female",SP.POP.AG13.FE.IN,461,462.5,448.5,424,426.5
Dominica,DMA,"Age population, age 13, male",SP.POP.AG13.MA.IN,419,425,431,425,432.5
Dominica,DMA,"Age population, age 14, female",SP.POP.AG14.FE.IN,457,457,461.5,448,423
Dominica,DMA,"Age population, age 14, male",SP.POP.AG14.MA.IN,419.5,414,423.5,430,424
Dominica,DMA,"Age population, age 15, female",SP.POP.AG15.FE.IN,449,452,455.5,460,446.5
Dominica,DMA,"Age population, age 15, male",SP.POP.AG15.MA.IN,438,415,413,422.5,428.5
Dominica,DMA,"Age population, age 16, female",SP.POP.AG16.FE.IN,439,443.5,450,454.5,459.5
Dominica,DMA,"Age population, age 16, male",SP.POP.AG16.MA.IN,452,433,413,411.5,421
Dominica,DMA,"Age population, age 17, female",SP.POP.AG17.FE.IN,434.5,432.5,441,448.5,453
Dominica,DMA,"Age population, age 17, male",SP.POP.AG17.MA.IN,441.5,447,431,411,409.5
Dominican Republic,DOM,"Age population, age 24, male",SP.POP.AG24.MA.IN,95996.5,94386,94736.5,96979.5,98073.5
Dominican Republic,DOM,"Age population, age 24, female",SP.POP.AG24.FE.IN,93108.5,91492.5,91776.5,93919.5,94949
Dominican Republic,DOM,"Age population, age 23, male",SP.POP.AG23.MA.IN,95144,95657,97882.5,98961.5,98238.5
Dominican Republic,DOM,"Age population, age 23, female",SP.POP.AG23.FE.IN,92138.5,92597.5,94703,95698,94940.5
Dominican Republic,DOM,"Age population, age 22, female",SP.POP.AG22.FE.IN,93240,95523.5,96484.5,95694.5,94513
Dominican Republic,DOM,"Age population, age 22, male",SP.POP.AG22.MA.IN,96411,98804.5,99869,99132.5,98000
Dominican Republic,DOM,"Age population, age 21, male",SP.POP.AG21.MA.IN,99543,100775,100026,98881,97802
Dominican Republic,DOM,"Age population, age 21, female",SP.POP.AG21.FE.IN,96150.5,97289,96469,95256.5,94119
Dominican Republic,DOM,"Age population, age 20, male",SP.POP.AG20.MA.IN,101476.5,100892.5,99739.5,98647,97410.5
Dominican Republic,DOM,"Age population, age 20, female",SP.POP.AG20.FE.IN,97887.5,97238.5,95998.5,94831.5,93594.5
Dominican Republic,DOM,"Age population, age 19, male",SP.POP.AG19.MA.IN,101535,100539.5,99440,98186,96790
Dominican Republic,DOM,"Age population, age 19, female",SP.POP.AG19.FE.IN,97792,96714.5,95519,94249.5,92914.5
Dominican Republic,DOM,"Age population, age 18, female",SP.POP.AG18.FE.IN,97211,96162,94856,93480,93395.5
Dominican Republic,DOM,"Age population, age 18, male",SP.POP.AG18.MA.IN,101106,100148.5,98878,97455.5,97334.5
Dominican Republic,DOM,"Age population, age 13, female",SP.POP.AG13.FE.IN,96753.5,99173,100578.5,100820.5,100608
Dominican Republic,DOM,"Age population, age 13, male",SP.POP.AG13.MA.IN,100869.5,103374.5,104809.5,105016.5,104736
Dominican Republic,DOM,"Age population, age 14, female",SP.POP.AG14.FE.IN,94797,96607,98986,100404.5,100656.5
Dominican Republic,DOM,"Age population, age 14, male",SP.POP.AG14.MA.IN,98852,100719.5,103196.5,104638.5,104845
Dominican Republic,DOM,"Age population, age 15, female",SP.POP.AG15.FE.IN,94717.5,94591,96343,98766.5,100227.5
Dominican Republic,DOM,"Age population, age 15, male",SP.POP.AG15.MA.IN,98783.5,98639,100462.5,102975,104444.5
Dominican Republic,DOM,"Age population, age 16, female",SP.POP.AG16.FE.IN,95765.5,94440.5,94234,96051.5,98540
Dominican Republic,DOM,"Age population, age 16, male",SP.POP.AG16.MA.IN,99857.5,98490.5,98282,100157.5,102715
Dominican Republic,DOM,"Age population, age 17, female",SP.POP.AG17.FE.IN,96591,95412,93983,93843,95727.5
Dominican Republic,DOM,"Age population, age 17, male",SP.POP.AG17.MA.IN,100627,99474,98017,97858.5,99780.5
Early-demographic dividend,EAR,"Age population, age 24, male",SP.POP.AG24.MA.IN,..,..,..,..,..
Early-demographic dividend,EAR,"Age population, age 24, female",SP.POP.AG24.FE.IN,..,..,..,..,..
Early-demographic dividend,EAR,"Age population, age 23, male",SP.POP.AG23.MA.IN,..,..,..,..,..
Early-demographic dividend,EAR,"Age population, age 23, female",SP.POP.AG23.FE.IN,..,..,..,..,..
Early-demographic dividend,EAR,"Age population, age 22, female",SP.POP.AG22.FE.IN,..,..,..,..,..
Early-demographic dividend,EAR,"Age population, age 22, male",SP.POP.AG22.MA.IN,..,..,..,..,..
Early-demographic dividend,EAR,"Age population, age 21, male",SP.POP.AG21.MA.IN,..,..,..,..,..
Early-demographic dividend,EAR,"Age population, age 21, female",SP.POP.AG21.FE.IN,..,..,..,..,..
Early-demographic dividend,EAR,"Age population, age 20, male",SP.POP.AG20.MA.IN,..,..,..,..,..
Early-demographic dividend,EAR,"Age population, age 20, female",SP.POP.AG20.FE.IN,..,..,..,..,..
Early-demographic dividend,EAR,"Age population, age 19, male",SP.POP.AG19.MA.IN,..,..,..,..,..
Early-demographic dividend,EAR,"Age population, age 19, female",SP.POP.AG19.FE.IN,..,..,..,..,..
Early-demographic dividend,EAR,"Age population, age 18, female",SP.POP.AG18.FE.IN,..,..,..,..,..
Early-demographic dividend,EAR,"Age population, age 18, male",SP.POP.AG18.MA.IN,..,..,..,..,..
Early-demographic dividend,EAR,"Age population, age 13, female",SP.POP.AG13.FE.IN,..,..,..,..,..
Early-demographic dividend,EAR,"Age population, age 13, male",SP.POP.AG13.MA.IN,..,..,..,..,..
Early-demographic dividend,EAR,"Age population, age 14, female",SP.POP.AG14.FE.IN,..,..,..,..,..
Early-demographic dividend,EAR,"Age population, age 14, male",SP.POP.AG14.MA.IN,..,..,..,..,..
Early-demographic dividend,EAR,"Age population, age 15, female",SP.POP.AG15.FE.IN,..,..,..,..,..
Early-demographic dividend,EAR,"Age population, age 15, male",SP.POP.AG15.MA.IN,..,..,..,..,..
Early-demographic dividend,EAR,"Age population, age 16, female",SP.POP.AG16.FE.IN,..,..,..,..,..
Early-demographic dividend,EAR,"Age population, age 16, male",SP.POP.AG16.MA.IN,..,..,..,..,..
Early-demographic dividend,EAR,"Age population, age 17, female",SP.POP.AG17.FE.IN,..,..,..,..,..
Early-demographic dividend,EAR,"Age population, age 17, male",SP.POP.AG17.MA.IN,..,..,..,..,..
East Asia & Pacific,EAS,"Age population, age 24, male",SP.POP.AG24.MA.IN,..,..,..,..,..
East Asia & Pacific,EAS,"Age population, age 24, female",SP.POP.AG24.FE.IN,..,..,..,..,..
East Asia & Pacific,EAS,"Age population, age 23, male",SP.POP.AG23.MA.IN,..,..,..,..,..
East Asia & Pacific,EAS,"Age population, age 23, female",SP.POP.AG23.FE.IN,..,..,..,..,..
East Asia & Pacific,EAS,"Age population, age 22, female",SP.POP.AG22.FE.IN,..,..,..,..,..
East Asia & Pacific,EAS,"Age population, age 22, male",SP.POP.AG22.MA.IN,..,..,..,..,..
East Asia & Pacific,EAS,"Age population, age 21, male",SP.POP.AG21.MA.IN,..,..,..,..,..
East Asia & Pacific,EAS,"Age population, age 21, female",SP.POP.AG21.FE.IN,..,..,..,..,..
East Asia & Pacific,EAS,"Age population, age 20, male",SP.POP.AG20.MA.IN,..,..,..,..,..
East Asia & Pacific,EAS,"Age population, age 20, female",SP.POP.AG20.FE.IN,..,..,..,..,..
East Asia & Pacific,EAS,"Age population, age 19, male",SP.POP.AG19.MA.IN,..,..,..,..,..
East Asia & Pacific,EAS,"Age population, age 19, female",SP.POP.AG19.FE.IN,..,..,..,..,..
East Asia & Pacific,EAS,"Age population, age 18, female",SP.POP.AG18.FE.IN,..,..,..,..,..
East Asia & Pacific,EAS,"Age population, age 18, male",SP.POP.AG18.MA.IN,..,..,..,..,..
East Asia & Pacific,EAS,"Age population, age 13, female",SP.POP.AG13.FE.IN,..,..,..,..,..
East Asia & Pacific,EAS,"Age population, age 13, male",SP.POP.AG13.MA.IN,..,..,..,..,..
East Asia & Pacific,EAS,"Age population, age 14, female",SP.POP.AG14.FE.IN,..,..,..,..,..
East Asia & Pacific,EAS,"Age population, age 14, male",SP.POP.AG14.MA.IN,..,..,..,..,..
East Asia & Pacific,EAS,"Age population, age 15, female",SP.POP.AG15.FE.IN,..,..,..,..,..
East Asia & Pacific,EAS,"Age population, age 15, male",SP.POP.AG15.MA.IN,..,..,..,..,..
East Asia & Pacific,EAS,"Age population, age 16, female",SP.POP.AG16.FE.IN,..,..,..,..,..
East Asia & Pacific,EAS,"Age population, age 16, male",SP.POP.AG16.MA.IN,..,..,..,..,..
East Asia & Pacific,EAS,"Age population, age 17, female",SP.POP.AG17.FE.IN,..,..,..,..,..
East Asia & Pacific,EAS,"Age population, age 17, male",SP.POP.AG17.MA.IN,..,..,..,..,..
East Asia & Pacific (excluding high income),EAP,"Age population, age 24, male",SP.POP.AG24.MA.IN,..,..,..,..,..
East Asia & Pacific (excluding high income),EAP,"Age population, age 24, female",SP.POP.AG24.FE.IN,..,..,..,..,..
East Asia & Pacific (excluding high income),EAP,"Age population, age 23, male",SP.POP.AG23.MA.IN,..,..,..,..,..
East Asia & Pacific (excluding high income),EAP,"Age population, age 23, female",SP.POP.AG23.FE.IN,..,..,..,..,..
East Asia & Pacific (excluding high income),EAP,"Age population, age 22, female",SP.POP.AG22.FE.IN,..,..,..,..,..
East Asia & Pacific (excluding high income),EAP,"Age population, age 22, male",SP.POP.AG22.MA.IN,..,..,..,..,..
East Asia & Pacific (excluding high income),EAP,"Age population, age 21, male",SP.POP.AG21.MA.IN,..,..,..,..,..
East Asia & Pacific (excluding high income),EAP,"Age population, age 21, female",SP.POP.AG21.FE.IN,..,..,..,..,..
East Asia & Pacific (excluding high income),EAP,"Age population, age 20, male",SP.POP.AG20.MA.IN,..,..,..,..,..
East Asia & Pacific (excluding high income),EAP,"Age population, age 20, female",SP.POP.AG20.FE.IN,..,..,..,..,..
East Asia & Pacific (excluding high income),EAP,"Age population, age 19, male",SP.POP.AG19.MA.IN,..,..,..,..,..
East Asia & Pacific (excluding high income),EAP,"Age population, age 19, female",SP.POP.AG19.FE.IN,..,..,..,..,..
East Asia & Pacific (excluding high income),EAP,"Age population, age 18, female",SP.POP.AG18.FE.IN,..,..,..,..,..
East Asia & Pacific (excluding high income),EAP,"Age population, age 18, male",SP.POP.AG18.MA.IN,..,..,..,..,..
East Asia & Pacific (excluding high income),EAP,"Age population, age 13, female",SP.POP.AG13.FE.IN,..,..,..,..,..
East Asia & Pacific (excluding high income),EAP,"Age population, age 13, male",SP.POP.AG13.MA.IN,..,..,..,..,..
East Asia & Pacific (excluding high income),EAP,"Age population, age 14, female",SP.POP.AG14.FE.IN,..,..,..,..,..
East Asia & Pacific (excluding high income),EAP,"Age population, age 14, male",SP.POP.AG14.MA.IN,..,..,..,..,..
East Asia & Pacific (excluding high income),EAP,"Age population, age 15, female",SP.POP.AG15.FE.IN,..,..,..,..,..
East Asia & Pacific (excluding high income),EAP,"Age population, age 15, male",SP.POP.AG15.MA.IN,..,..,..,..,..
East Asia & Pacific (excluding high income),EAP,"Age population, age 16, female",SP.POP.AG16.FE.IN,..,..,..,..,..
East Asia & Pacific (excluding high income),EAP,"Age population, age 16, male",SP.POP.AG16.MA.IN,..,..,..,..,..
East Asia & Pacific (excluding high income),EAP,"Age population, age 17, female",SP.POP.AG17.FE.IN,..,..,..,..,..
East Asia & Pacific (excluding high income),EAP,"Age population, age 17, male",SP.POP.AG17.MA.IN,..,..,..,..,..
East Asia & Pacific (IDA & IBRD countries),TEA,"Age population, age 24, male",SP.POP.AG24.MA.IN,..,..,..,..,..
East Asia & Pacific (IDA & IBRD countries),TEA,"Age population, age 24, female",SP.POP.AG24.FE.IN,..,..,..,..,..
East Asia & Pacific (IDA & IBRD countries),TEA,"Age population, age 23, male",SP.POP.AG23.MA.IN,..,..,..,..,..
East Asia & Pacific (IDA & IBRD countries),TEA,"Age population, age 23, female",SP.POP.AG23.FE.IN,..,..,..,..,..
East Asia & Pacific (IDA & IBRD countries),TEA,"Age population, age 22, female",SP.POP.AG22.FE.IN,..,..,..,..,..
East Asia & Pacific (IDA & IBRD countries),TEA,"Age population, age 22, male",SP.POP.AG22.MA.IN,..,..,..,..,..
East Asia & Pacific (IDA & IBRD countries),TEA,"Age population, age 21, male",SP.POP.AG21.MA.IN,..,..,..,..,..
East Asia & Pacific (IDA & IBRD countries),TEA,"Age population, age 21, female",SP.POP.AG21.FE.IN,..,..,..,..,..
East Asia & Pacific (IDA & IBRD countries),TEA,"Age population, age 20, male",SP.POP.AG20.MA.IN,..,..,..,..,..
East Asia & Pacific (IDA & IBRD countries),TEA,"Age population, age 20, female",SP.POP.AG20.FE.IN,..,..,..,..,..
East Asia & Pacific (IDA & IBRD countries),TEA,"Age population, age 19, male",SP.POP.AG19.MA.IN,..,..,..,..,..
East Asia & Pacific (IDA & IBRD countries),TEA,"Age population, age 19, female",SP.POP.AG19.FE.IN,..,..,..,..,..
East Asia & Pacific (IDA & IBRD countries),TEA,"Age population, age 18, female",SP.POP.AG18.FE.IN,..,..,..,..,..
East Asia & Pacific (IDA & IBRD countries),TEA,"Age population, age 18, male",SP.POP.AG18.MA.IN,..,..,..,..,..
East Asia & Pacific (IDA & IBRD countries),TEA,"Age population, age 13, female",SP.POP.AG13.FE.IN,..,..,..,..,..
East Asia & Pacific (IDA & IBRD countries),TEA,"Age population, age 13, male",SP.POP.AG13.MA.IN,..,..,..,..,..
East Asia & Pacific (IDA & IBRD countries),TEA,"Age population, age 14, female",SP.POP.AG14.FE.IN,..,..,..,..,..
East Asia & Pacific (IDA & IBRD countries),TEA,"Age population, age 14, male",SP.POP.AG14.MA.IN,..,..,..,..,..
East Asia & Pacific (IDA & IBRD countries),TEA,"Age population, age 15, female",SP.POP.AG15.FE.IN,..,..,..,..,..
East Asia & Pacific (IDA & IBRD countries),TEA,"Age population, age 15, male",SP.POP.AG15.MA.IN,..,..,..,..,..
East Asia & Pacific (IDA & IBRD countries),TEA,"Age population, age 16, female",SP.POP.AG16.FE.IN,..,..,..,..,..
East Asia & Pacific (IDA & IBRD countries),TEA,"Age population, age 16, male",SP.POP.AG16.MA.IN,..,..,..,..,..
East Asia & Pacific (IDA & IBRD countries),TEA,"Age population, age 17, female",SP.POP.AG17.FE.IN,..,..,..,..,..
East Asia & Pacific (IDA & IBRD countries),TEA,"Age population, age 17, male",SP.POP.AG17.MA.IN,..,..,..,..,..
Ecuador,ECU,"Age population, age 24, male",SP.POP.AG24.MA.IN,159292,158930,158625.5,158180,157639
Ecuador,ECU,"Age population, age 24, female",SP.POP.AG24.FE.IN,155166,154696,154284,153690,152970
Ecuador,ECU,"Age population, age 23, male",SP.POP.AG23.MA.IN,159827,159403,158875.5,158246.5,157677.5
Ecuador,ECU,"Age population, age 23, female",SP.POP.AG23.FE.IN,155337.5,154850,154180,153374.5,152655
Ecuador,ECU,"Age population, age 22, female",SP.POP.AG22.FE.IN,155491.5,154746.5,153852,153036.5,152434
Ecuador,ECU,"Age population, age 22, male",SP.POP.AG22.MA.IN,160283.5,159641.5,158920,158254,157756.5
Ecuador,ECU,"Age population, age 21, male",SP.POP.AG21.MA.IN,160488.5,159662.5,158896.5,158296,157905.5
Ecuador,ECU,"Age population, age 21, female",SP.POP.AG21.FE.IN,155376,154410,153496,152789.5,152325
Ecuador,ECU,"Age population, age 20, male",SP.POP.AG20.MA.IN,160456,159599,158901,158409.5,158242.5
Ecuador,ECU,"Age population, age 20, female",SP.POP.AG20.FE.IN,155013,154032,153227.5,152660,152432
Ecuador,ECU,"Age population, age 19, male",SP.POP.AG19.MA.IN,160321,159546,158968.5,158711.5,158939
Ecuador,ECU,"Age population, age 19, female",SP.POP.AG19.FE.IN,154596.5,153731,153074.5,152752.5,152913.5
Ecuador,ECU,"Age population, age 18, female",SP.POP.AG18.FE.IN,154241.5,153530.5,153136.5,153220,153584.5
Ecuador,ECU,"Age population, age 18, male",SP.POP.AG18.MA.IN,160180,159540,159215,159369.5,159794.5
Ecuador,ECU,"Age population, age 13, female",SP.POP.AG13.FE.IN,155986.5,158197,158890.5,159420.5,158711
Ecuador,ECU,"Age population, age 13, male",SP.POP.AG13.MA.IN,162498.5,164823,165563,166127.5,165398.5
Ecuador,ECU,"Age population, age 14, female",SP.POP.AG14.FE.IN,154666.5,155806.5,158037.5,158738.5,159278.5
Ecuador,ECU,"Age population, age 14, male",SP.POP.AG14.MA.IN,161092.5,162310.5,164654,165394.5,165962
Ecuador,ECU,"Age population, age 15, female",SP.POP.AG15.FE.IN,154204,154430,155595,157847,158573.5
Ecuador,ECU,"Age population, age 15, male",SP.POP.AG15.MA.IN,160536.5,160838.5,162080.5,164436.5,165193
Ecuador,ECU,"Age population, age 16, female",SP.POP.AG16.FE.IN,153912.5,153899.5,154158,155356,157644
Ecuador,ECU,"Age population, age 16, male",SP.POP.AG16.MA.IN,160134,160198,160531.5,161798,164181
Ecuador,ECU,"Age population, age 17, female",SP.POP.AG17.FE.IN,153978,153536.5,153563,153865.5,155111.5
Ecuador,ECU,"Age population, age 17, male",SP.POP.AG17.MA.IN,160074.5,159699.5,159803.5,160173.5,161480
"Egypt, Arab Rep.",EGY,"Age population, age 24, male",SP.POP.AG24.MA.IN,905726.5,931416.5,954041.5,966828,978669.5
"Egypt, Arab Rep.",EGY,"Age population, age 24, female",SP.POP.AG24.FE.IN,864484.5,889474.5,911280.5,923713,936120.5
"Egypt, Arab Rep.",EGY,"Age population, age 23, male",SP.POP.AG23.MA.IN,932208.5,951746.5,963740,979505,994752.5
"Egypt, Arab Rep.",EGY,"Age population, age 23, female",SP.POP.AG23.FE.IN,889746.5,908307,920128,936476,954298.5
"Egypt, Arab Rep.",EGY,"Age population, age 22, female",SP.POP.AG22.FE.IN,908589.5,917157.5,933220.5,955196,971563
"Egypt, Arab Rep.",EGY,"Age population, age 22, male",SP.POP.AG22.MA.IN,952566.5,961479.5,976858,996272.5,1008734.5
"Egypt, Arab Rep.",EGY,"Age population, age 21, male",SP.POP.AG21.MA.IN,962328,974706,994122.5,1010882.5,1021177
"Egypt, Arab Rep.",EGY,"Age population, age 21, female",SP.POP.AG21.FE.IN,917456,930331.5,952332,972959,985437
"Egypt, Arab Rep.",EGY,"Age population, age 20, male",SP.POP.AG20.MA.IN,975589.5,992151.5,1009164,1023700,1039135.5
"Egypt, Arab Rep.",EGY,"Age population, age 20, female",SP.POP.AG20.FE.IN,930652.5,949609.5,970460.5,987131,1001322
"Egypt, Arab Rep.",EGY,"Age population, age 19, male",SP.POP.AG19.MA.IN,993064,1007432,1022286,1041674,1063552
"Egypt, Arab Rep.",EGY,"Age population, age 19, female",SP.POP.AG19.FE.IN,949958,967985,984926,1003030.5,1021570
"Egypt, Arab Rep.",EGY,"Age population, age 18, female",SP.POP.AG18.FE.IN,968354.5,982767.5,1001077.5,1023053.5,1047330.5
"Egypt, Arab Rep.",EGY,"Age population, age 18, male",SP.POP.AG18.MA.IN,1008347,1020835.5,1040474.5,1065801.5,1094166.5
"Egypt, Arab Rep.",EGY,"Age population, age 13, female",SP.POP.AG13.FE.IN,1075661,1104665,1139477,1172286,1214577
"Egypt, Arab Rep.",EGY,"Age population, age 13, male",SP.POP.AG13.MA.IN,1128825,1161463,1198068,1230709,1272838.5
"Egypt, Arab Rep.",EGY,"Age population, age 14, female",SP.POP.AG14.FE.IN,1046398,1075339.5,1105040,1140048,1172071
"Egypt, Arab Rep.",EGY,"Age population, age 14, male",SP.POP.AG14.MA.IN,1095313.5,1128226,1161499.5,1198347,1230238.5
"Egypt, Arab Rep.",EGY,"Age population, age 15, female",SP.POP.AG15.FE.IN,1020329.5,1046056,1075991,1105852,1139746.5
"Egypt, Arab Rep.",EGY,"Age population, age 15, male",SP.POP.AG15.MA.IN,1064731.5,1094642.5,1128460.5,1161925,1197717
"Egypt, Arab Rep.",EGY,"Age population, age 16, female",SP.POP.AG16.FE.IN,999662.5,1019970,1047055,1077093.5,1105382
"Egypt, Arab Rep.",EGY,"Age population, age 16, male",SP.POP.AG16.MA.IN,1040164,1063981.5,1095141,1129075,1161033
"Egypt, Arab Rep.",EGY,"Age population, age 17, female",SP.POP.AG17.FE.IN,983145,999289.5,1021361,1048462,1076332.5
"Egypt, Arab Rep.",EGY,"Age population, age 17, male",SP.POP.AG17.MA.IN,1021719,1039340,1064791,1095957.5,1127776
El Salvador,SLV,"Age population, age 24, male",SP.POP.AG24.MA.IN,66217.5,66666.5,66532.5,65391,63398.5
El Salvador,SLV,"Age population, age 24, female",SP.POP.AG24.FE.IN,63783,63956,63710.5,62553.5,60556
El Salvador,SLV,"Age population, age 23, male",SP.POP.AG23.MA.IN,67337.5,67156,66018,64035,61274
El Salvador,SLV,"Age population, age 23, female",SP.POP.AG23.FE.IN,64519,64229.5,63052.5,61041.5,58332.5
El Salvador,SLV,"Age population, age 22, female",SP.POP.AG22.FE.IN,64793,63572,61540,58816.5,56044
El Salvador,SLV,"Age population, age 22, male",SP.POP.AG22.MA.IN,67820.5,66635,64656.5,61904.5,58980
El Salvador,SLV,"Age population, age 21, male",SP.POP.AG21.MA.IN,67285,65258.5,62512,59598.5,57389.5
El Salvador,SLV,"Age population, age 21, female",SP.POP.AG21.FE.IN,64125.5,62049.5,59305.5,56518.5,54457
El Salvador,SLV,"Age population, age 20, male",SP.POP.AG20.MA.IN,65882,63087.5,60182.5,57989,56401
El Salvador,SLV,"Age population, age 20, female",SP.POP.AG20.FE.IN,62582,59795.5,56988,54912,53399.5
El Salvador,SLV,"Age population, age 19, male",SP.POP.AG19.MA.IN,63667.5,60718,58536,56965.5,56222
El Salvador,SLV,"Age population, age 19, female",SP.POP.AG19.FE.IN,60292,57444.5,55349.5,53823,52975.5
El Salvador,SLV,"Age population, age 18, female",SP.POP.AG18.FE.IN,57893.5,55763,54214,53349,53884
El Salvador,SLV,"Age population, age 18, male",SP.POP.AG18.MA.IN,61236,59016,57453.5,56724,57499.5
El Salvador,SLV,"Age population, age 13, female",SP.POP.AG13.FE.IN,55064,54311,54117.5,54170,54084
El Salvador,SLV,"Age population, age 13, male",SP.POP.AG13.MA.IN,58979.5,58256,58070,58023.5,57817.5
El Salvador,SLV,"Age population, age 14, female",SP.POP.AG14.FE.IN,54868.5,54932,54188.5,53998.5,54053
El Salvador,SLV,"Age population, age 14, male",SP.POP.AG14.MA.IN,58677.5,58844.5,58130,57941.5,57890.5
El Salvador,SLV,"Age population, age 15, female",SP.POP.AG15.FE.IN,54226.5,54682.5,54759.5,54039.5,53871
El Salvador,SLV,"Age population, age 15, male",SP.POP.AG15.MA.IN,57729.5,58484,58663.5,57961,57783
El Salvador,SLV,"Age population, age 16, female",SP.POP.AG16.FE.IN,54894,53975,54449.5,54562,53876
El Salvador,SLV,"Age population, age 16, male",SP.POP.AG16.MA.IN,58215,57461.5,58233,58430.5,57745
El Salvador,SLV,"Age population, age 17, female",SP.POP.AG17.FE.IN,56152,54573,53678.5,54188.5,54334
El Salvador,SLV,"Age population, age 17, male",SP.POP.AG17.MA.IN,59456,57862.5,57132.5,57914,58120.5
Equatorial Guinea,GNQ,"Age population, age 24, male",SP.POP.AG24.MA.IN,14208,14227.5,14216.5,14428.5,14858.5
Equatorial Guinea,GNQ,"Age population, age 24, female",SP.POP.AG24.FE.IN,12604,12664.5,12724,12943.5,13343
Equatorial Guinea,GNQ,"Age population, age 23, male",SP.POP.AG23.MA.IN,14127,14148.5,14330,14730,15304
Equatorial Guinea,GNQ,"Age population, age 23, female",SP.POP.AG23.FE.IN,12616.5,12692.5,12897,13282.5,13880.5
Equatorial Guinea,GNQ,"Age population, age 22, female",SP.POP.AG22.FE.IN,12643,12864.5,13208,13764.5,14686
Equatorial Guinea,GNQ,"Age population, age 22, male",SP.POP.AG22.MA.IN,14048,14262.5,14602.5,15116.5,15981
Equatorial Guinea,GNQ,"Age population, age 21, male",SP.POP.AG21.MA.IN,14165,14537.5,14966,15744,16850.5
Equatorial Guinea,GNQ,"Age population, age 21, female",SP.POP.AG21.FE.IN,12815.5,13176.5,13666,14520.5,15707.5
Equatorial Guinea,GNQ,"Age population, age 20, male",SP.POP.AG20.MA.IN,14445.5,14905,15584,16590.5,17373
Equatorial Guinea,GNQ,"Age population, age 20, female",SP.POP.AG20.FE.IN,13129.5,13635,14410,15516.5,16653
Equatorial Guinea,GNQ,"Age population, age 19, male",SP.POP.AG19.MA.IN,14822,15530.5,16441.5,17125.5,17714.5
Equatorial Guinea,GNQ,"Age population, age 19, female",SP.POP.AG19.FE.IN,13593.5,14384,15412,16469,17358.5
Equatorial Guinea,GNQ,"Age population, age 18, female",SP.POP.AG18.FE.IN,14348.5,15391.5,16385,17209.5,17986.5
Equatorial Guinea,GNQ,"Age population, age 18, male",SP.POP.AG18.MA.IN,15459,16397,17002.5,17511,18300.5
Equatorial Guinea,GNQ,"Age population, age 13, female",SP.POP.AG13.FE.IN,18589.5,19307,20001.5,20664,21239.5
Equatorial Guinea,GNQ,"Age population, age 13, male",SP.POP.AG13.MA.IN,18818.5,19552,20263.5,20948.5,21558
Equatorial Guinea,GNQ,"Age population, age 14, female",SP.POP.AG14.FE.IN,17855,18585.5,19299,19991.5,20651.5
Equatorial Guinea,GNQ,"Age population, age 14, male",SP.POP.AG14.MA.IN,18084,18821.5,19548,20261.5,20948
Equatorial Guinea,GNQ,"Age population, age 15, female",SP.POP.AG15.FE.IN,17134,17857,18582,19293.5,19983
Equatorial Guinea,GNQ,"Age population, age 15, male",SP.POP.AG15.MA.IN,17370.5,18098,18826,19552.5,20265.5
Equatorial Guinea,GNQ,"Age population, age 16, female",SP.POP.AG16.FE.IN,16351.5,17144,17860,18588,19302.5
Equatorial Guinea,GNQ,"Age population, age 16, male",SP.POP.AG16.MA.IN,16924,17399.5,18113.5,18846,19577.5
Equatorial Guinea,GNQ,"Age population, age 17, female",SP.POP.AG17.FE.IN,15364,16370,17153,17888,18635
Equatorial Guinea,GNQ,"Age population, age 17, male",SP.POP.AG17.MA.IN,16339.5,16967.5,17425,18162.5,18919.5
Eritrea,ERI,"Age population, age 24, male",SP.POP.AG24.MA.IN,32488.5,32366,32513.5,33117,33895.5
Eritrea,ERI,"Age population, age 24, female",SP.POP.AG24.FE.IN,32058.5,31953.5,32119.5,32742.5,33566.5
Eritrea,ERI,"Age population, age 23, male",SP.POP.AG23.MA.IN,32789,32937.5,33493.5,34189.5,35585
Eritrea,ERI,"Age population, age 23, female",SP.POP.AG23.FE.IN,32349,32516.5,33080,33812.5,35252
Eritrea,ERI,"Age population, age 22, female",SP.POP.AG22.FE.IN,32912,33478,34149.5,35501.5,37140
Eritrea,ERI,"Age population, age 22, male",SP.POP.AG22.MA.IN,33360.5,33918.5,34566.5,35886,37489
Eritrea,ERI,"Age population, age 21, male",SP.POP.AG21.MA.IN,34334.5,34985.5,36259,37791,39567.5
Eritrea,ERI,"Age population, age 21, female",SP.POP.AG21.FE.IN,33867.5,34541.5,35833,37388,39181.5
Eritrea,ERI,"Age population, age 20, male",SP.POP.AG20.MA.IN,35386.5,36664.5,38152,39863.5,41479
Eritrea,ERI,"Age population, age 20, female",SP.POP.AG20.FE.IN,34917.5,36212,37707.5,39423,41041
Eritrea,ERI,"Age population, age 19, male",SP.POP.AG19.MA.IN,37042,38534.5,40203,41757.5,42368.5
Eritrea,ERI,"Age population, age 19, female",SP.POP.AG19.FE.IN,36567,38066,39723,41267,41885.5
Eritrea,ERI,"Age population, age 18, female",SP.POP.AG18.FE.IN,38391.5,40051.5,41537.5,42084,42246
Eritrea,ERI,"Age population, age 18, male",SP.POP.AG18.MA.IN,38879.5,40552.5,42064,42615,42761
Eritrea,ERI,"Age population, age 13, female",SP.POP.AG13.FE.IN,42909,43491.5,43935.5,43970.5,43936.5
Eritrea,ERI,"Age population, age 13, male",SP.POP.AG13.MA.IN,43516.5,44123,44596,44659,44652
Eritrea,ERI,"Age population, age 14, female",SP.POP.AG14.FE.IN,42943.5,42794,43376.5,43835,43893
Eritrea,ERI,"Age population, age 14, male",SP.POP.AG14.MA.IN,43541,43391.5,43998.5,44481.5,44563.5
Eritrea,ERI,"Age population, age 15, female",SP.POP.AG15.FE.IN,42753,42791.5,42643,43257,43753
Eritrea,ERI,"Age population, age 15, male",SP.POP.AG15.MA.IN,43339,43380,43231.5,43863.5,44378
Eritrea,ERI,"Age population, age 16, female",SP.POP.AG16.FE.IN,42069,42557.5,42596,42495,43160.5
Eritrea,ERI,"Age population, age 16, male",SP.POP.AG16.MA.IN,42626,43132.5,43175,43065.5,43741
Eritrea,ERI,"Age population, age 17, female",SP.POP.AG17.FE.IN,40338,41826.5,42315,42409,42369.5
Eritrea,ERI,"Age population, age 17, male",SP.POP.AG17.MA.IN,40855.5,42371,42876,42963.5,42907.5
Estonia,EST,"Age population, age 24, male",SP.POP.AG24.MA.IN,6796,6607.5,6500.5,6618.5,6531
Estonia,EST,"Age population, age 24, female",SP.POP.AG24.FE.IN,6405,6281.5,6279,6265,6061
Estonia,EST,"Age population, age 23, male",SP.POP.AG23.MA.IN,6444,6392,6669.5,6704,6444
Estonia,EST,"Age population, age 23, female",SP.POP.AG23.FE.IN,6117,6174,6322.5,6251,6159.5
Estonia,EST,"Age population, age 22, female",SP.POP.AG22.FE.IN,6012.5,6221,6298.5,6325,6344
Estonia,EST,"Age population, age 22, male",SP.POP.AG22.MA.IN,6234.5,6566.5,6747,6596.5,6501.5
Estonia,EST,"Age population, age 21, male",SP.POP.AG21.MA.IN,6412,6644.5,6629.5,6631,6758
Estonia,EST,"Age population, age 21, female",SP.POP.AG21.FE.IN,6061.5,6197,6362,6482.5,6550
Estonia,EST,"Age population, age 20, male",SP.POP.AG20.MA.IN,6485.5,6520,6657.5,6869,7202
Estonia,EST,"Age population, age 20, female",SP.POP.AG20.FE.IN,6039.5,6258.5,6510,6666,6769.5
Estonia,EST,"Age population, age 19, male",SP.POP.AG19.MA.IN,6370.5,6552.5,6891,7299.5,7535.5
Estonia,EST,"Age population, age 19, female",SP.POP.AG19.FE.IN,6106.5,6408.5,6688,6870,6967
Estonia,EST,"Age population, age 18, female",SP.POP.AG18.FE.IN,6260,6583,6887,7053.5,7376.5
Estonia,EST,"Age population, age 18, male",SP.POP.AG18.MA.IN,6408,6784.5,7317,7619,7848.5
Estonia,EST,"Age population, age 13, female",SP.POP.AG13.FE.IN,7559,7776,7905,7659.5,7263
Estonia,EST,"Age population, age 13, male",SP.POP.AG13.MA.IN,7950.5,8087.5,8247,8126.5,7676.5
Estonia,EST,"Age population, age 14, female",SP.POP.AG14.FE.IN,7216,7685.5,7903,7904,7614
Estonia,EST,"Age population, age 14, male",SP.POP.AG14.MA.IN,7669.5,8080,8220,8248.5,8086
Estonia,EST,"Age population, age 15, female",SP.POP.AG15.FE.IN,6823.5,7342,7804.5,7901,7859
Estonia,EST,"Age population, age 15, male",SP.POP.AG15.MA.IN,7378.5,7800.5,8207.5,8221.5,8208
Estonia,EST,"Age population, age 16, female",SP.POP.AG16.FE.IN,6642.5,6953,7455,7801,7853
Estonia,EST,"Age population, age 16, male",SP.POP.AG16.MA.IN,7070.5,7513,7922.5,8205.5,8176.5
Estonia,EST,"Age population, age 17, female",SP.POP.AG17.FE.IN,6441.5,6780.5,7065,7448.5,7743
Estonia,EST,"Age population, age 17, male",SP.POP.AG17.MA.IN,6646.5,7208,7629,7917,8151
Eswatini,SWZ,"Age population, age 24, male",SP.POP.AG24.MA.IN,11264.5,11382,11861,12176.5,11955.5
Eswatini,SWZ,"Age population, age 24, female",SP.POP.AG24.FE.IN,10925,10979.5,11325.5,11578,11531
Eswatini,SWZ,"Age population, age 23, male",SP.POP.AG23.MA.IN,11543.5,12074,12359,12099.5,11789
Eswatini,SWZ,"Age population, age 23, female",SP.POP.AG23.FE.IN,11148,11530.5,11759,11680,11561.5
Eswatini,SWZ,"Age population, age 22, female",SP.POP.AG22.FE.IN,11699.5,11964,11858.5,11706.5,11765
Eswatini,SWZ,"Age population, age 22, male",SP.POP.AG22.MA.IN,12237.5,12570,12277.5,11927,11888
Eswatini,SWZ,"Age population, age 21, male",SP.POP.AG21.MA.IN,12734,12481,12095.5,12017,12160
Eswatini,SWZ,"Age population, age 21, female",SP.POP.AG21.FE.IN,12130.5,12058.5,11878.5,11902.5,12049
Eswatini,SWZ,"Age population, age 20, male",SP.POP.AG20.MA.IN,12640.5,12288,12175,12280,12470
Eswatini,SWZ,"Age population, age 20, female",SP.POP.AG20.FE.IN,12220,12070.5,12066.5,12179,12340
Eswatini,SWZ,"Age population, age 19, male",SP.POP.AG19.MA.IN,12439.5,12353,12425,12578.5,12746
Eswatini,SWZ,"Age population, age 19, female",SP.POP.AG19.FE.IN,12225,12245,12329.5,12458,12683.5
Eswatini,SWZ,"Age population, age 18, female",SP.POP.AG18.FE.IN,12390,12491.5,12592,12785.5,13034.5
Eswatini,SWZ,"Age population, age 18, male",SP.POP.AG18.MA.IN,12494,12584.5,12707.5,12841,12947.5
Eswatini,SWZ,"Age population, age 13, female",SP.POP.AG13.FE.IN,13466,13261,13124.5,13248,13510.5
Eswatini,SWZ,"Age population, age 13, male",SP.POP.AG13.MA.IN,13294.5,13226,13271,13415.5,13527.5
Eswatini,SWZ,"Age population, age 14, female",SP.POP.AG14.FE.IN,13386,13395,13210.5,13080,13210.5
Eswatini,SWZ,"Age population, age 14, male",SP.POP.AG14.MA.IN,13278,13232.5,13177.5,13228,13379
Eswatini,SWZ,"Age population, age 15, female",SP.POP.AG15.FE.IN,13116,13300.5,13324.5,13154.5,13040
Eswatini,SWZ,"Age population, age 15, male",SP.POP.AG15.MA.IN,13155.5,13201.5,13165.5,13124,13189.5
Eswatini,SWZ,"Age population, age 16, female",SP.POP.AG16.FE.IN,12848.5,13014.5,13207.5,13254,13108
Eswatini,SWZ,"Age population, age 16, male",SP.POP.AG16.MA.IN,12954.5,13063,13112.5,13097,13078
Eswatini,SWZ,"Age population, age 17, female",SP.POP.AG17.FE.IN,12622.5,12731.5,12898,13117,13192
Eswatini,SWZ,"Age population, age 17, male",SP.POP.AG17.MA.IN,12711.5,12844,12949.5,13025,13038
Ethiopia,ETH,"Age population, age 24, male",SP.POP.AG24.MA.IN,1159441,1187426,1217657,1251452.5,1289997
Ethiopia,ETH,"Age population, age 24, female",SP.POP.AG24.FE.IN,1140754,1170655.5,1202451,1237371,1276661
Ethiopia,ETH,"Age population, age 23, male",SP.POP.AG23.MA.IN,1192460.5,1222722,1253863,1289790.5,1334365.5
Ethiopia,ETH,"Age population, age 23, female",SP.POP.AG23.FE.IN,1172998.5,1204857,1237506.5,1274541.5,1319111.5
Ethiopia,ETH,"Age population, age 22, female",SP.POP.AG22.FE.IN,1207188.5,1239900.5,1272471,1312535.5,1354377
Ethiopia,ETH,"Age population, age 22, male",SP.POP.AG22.MA.IN,1227854,1259032.5,1290183.5,1329973,1372960
Ethiopia,ETH,"Age population, age 21, male",SP.POP.AG21.MA.IN,1264194.5,1295386.5,1328533,1364789,1410015
Ethiopia,ETH,"Age population, age 21, female",SP.POP.AG21.FE.IN,1242214,1274841.5,1308492.5,1343812,1387010
Ethiopia,ETH,"Age population, age 20, male",SP.POP.AG20.MA.IN,1300470,1333670.5,1362254,1399702,1448422
Ethiopia,ETH,"Age population, age 20, female",SP.POP.AG20.FE.IN,1277121.5,1310822.5,1338643.5,1374211.5,1419938.5
Ethiopia,ETH,"Age population, age 19, male",SP.POP.AG19.MA.IN,1338555,1367180,1397160,1438305.5,1476519.5
Ethiopia,ETH,"Age population, age 19, female",SP.POP.AG19.FE.IN,1313046.5,1340899,1369129,1407388.5,1442840
Ethiopia,ETH,"Age population, age 18, female",SP.POP.AG18.FE.IN,1343030.5,1371279.5,1403437.5,1432667.5,1456641
Ethiopia,ETH,"Age population, age 18, male",SP.POP.AG18.MA.IN,1371732,1401756,1436703,1468587.5,1494159.5
Ethiopia,ETH,"Age population, age 13, female",SP.POP.AG13.FE.IN,1466772,1470782,1476215,1488470.5,1495536
Ethiopia,ETH,"Age population, age 13, male",SP.POP.AG13.MA.IN,1512743,1516959,1523007.5,1536126,1543755.5
Ethiopia,ETH,"Age population, age 14, female",SP.POP.AG14.FE.IN,1452699,1465328.5,1469398,1474950,1487293
Ethiopia,ETH,"Age population, age 14, male",SP.POP.AG14.MA.IN,1496860.5,1510107.5,1514373,1520637,1533944
Ethiopia,ETH,"Age population, age 15, female",SP.POP.AG15.FE.IN,1433975,1451136,1463807.5,1468201,1474056.5
Ethiopia,ETH,"Age population, age 15, male",SP.POP.AG15.MA.IN,1475393.5,1493963.5,1507239.5,1511925,1518594.5
Ethiopia,ETH,"Age population, age 16, female",SP.POP.AG16.FE.IN,1407325.5,1432262,1449451,1463140.5,1468557.5
Ethiopia,ETH,"Age population, age 16, male",SP.POP.AG16.MA.IN,1444596.5,1472121.5,1490703.5,1505087,1510903.5
Ethiopia,ETH,"Age population, age 17, female",SP.POP.AG17.FE.IN,1373286.5,1405458,1430403,1450010.5,1466152.5
Ethiopia,ETH,"Age population, age 17, male",SP.POP.AG17.MA.IN,1405894.5,1440893,1468399,1489492,1506435.5
Euro area,EMU,"Age population, age 24, male",SP.POP.AG24.MA.IN,..,..,..,..,..
Euro area,EMU,"Age population, age 24, female",SP.POP.AG24.FE.IN,..,..,..,..,..
Euro area,EMU,"Age population, age 23, male",SP.POP.AG23.MA.IN,..,..,..,..,..
Euro area,EMU,"Age population, age 23, female",SP.POP.AG23.FE.IN,..,..,..,..,..
Euro area,EMU,"Age population, age 22, female",SP.POP.AG22.FE.IN,..,..,..,..,..
Euro area,EMU,"Age population, age 22, male",SP.POP.AG22.MA.IN,..,..,..,..,..
Euro area,EMU,"Age population, age 21, male",SP.POP.AG21.MA.IN,..,..,..,..,..
Euro area,EMU,"Age population, age 21, female",SP.POP.AG21.FE.IN,..,..,..,..,..
Euro area,EMU,"Age population, age 20, male",SP.POP.AG20.MA.IN,..,..,..,..,..
Euro area,EMU,"Age population, age 20, female",SP.POP.AG20.FE.IN,..,..,..,..,..
Euro area,EMU,"Age population, age 19, male",SP.POP.AG19.MA.IN,..,..,..,..,..
Euro area,EMU,"Age population, age 19, female",SP.POP.AG19.FE.IN,..,..,..,..,..
Euro area,EMU,"Age population, age 18, female",SP.POP.AG18.FE.IN,..,..,..,..,..
Euro area,EMU,"Age population, age 18, male",SP.POP.AG18.MA.IN,..,..,..,..,..
Euro area,EMU,"Age population, age 13, female",SP.POP.AG13.FE.IN,..,..,..,..,..
Euro area,EMU,"Age population, age 13, male",SP.POP.AG13.MA.IN,..,..,..,..,..
Euro area,EMU,"Age population, age 14, female",SP.POP.AG14.FE.IN,..,..,..,..,..
Euro area,EMU,"Age population, age 14, male",SP.POP.AG14.MA.IN,..,..,..,..,..
Euro area,EMU,"Age population, age 15, female",SP.POP.AG15.FE.IN,..,..,..,..,..
Euro area,EMU,"Age population, age 15, male",SP.POP.AG15.MA.IN,..,..,..,..,..
Euro area,EMU,"Age population, age 16, female",SP.POP.AG16.FE.IN,..,..,..,..,..
Euro area,EMU,"Age population, age 16, male",SP.POP.AG16.MA.IN,..,..,..,..,..
Euro area,EMU,"Age population, age 17, female",SP.POP.AG17.FE.IN,..,..,..,..,..
Euro area,EMU,"Age population, age 17, male",SP.POP.AG17.MA.IN,..,..,..,..,..
Europe & Central Asia,ECS,"Age population, age 24, male",SP.POP.AG24.MA.IN,..,..,..,..,..
Europe & Central Asia,ECS,"Age population, age 24, female",SP.POP.AG24.FE.IN,..,..,..,..,..
Europe & Central Asia,ECS,"Age population, age 23, male",SP.POP.AG23.MA.IN,..,..,..,..,..
Europe & Central Asia,ECS,"Age population, age 23, female",SP.POP.AG23.FE.IN,..,..,..,..,..
Europe & Central Asia,ECS,"Age population, age 22, female",SP.POP.AG22.FE.IN,..,..,..,..,..
Europe & Central Asia,ECS,"Age population, age 22, male",SP.POP.AG22.MA.IN,..,..,..,..,..
Europe & Central Asia,ECS,"Age population, age 21, male",SP.POP.AG21.MA.IN,..,..,..,..,..
Europe & Central Asia,ECS,"Age population, age 21, female",SP.POP.AG21.FE.IN,..,..,..,..,..
Europe & Central Asia,ECS,"Age population, age 20, male",SP.POP.AG20.MA.IN,..,..,..,..,..
Europe & Central Asia,ECS,"Age population, age 20, female",SP.POP.AG20.FE.IN,..,..,..,..,..
Europe & Central Asia,ECS,"Age population, age 19, male",SP.POP.AG19.MA.IN,..,..,..,..,..
Europe & Central Asia,ECS,"Age population, age 19, female",SP.POP.AG19.FE.IN,..,..,..,..,..
Europe & Central Asia,ECS,"Age population, age 18, female",SP.POP.AG18.FE.IN,..,..,..,..,..
Europe & Central Asia,ECS,"Age population, age 18, male",SP.POP.AG18.MA.IN,..,..,..,..,..
Europe & Central Asia,ECS,"Age population, age 13, female",SP.POP.AG13.FE.IN,..,..,..,..,..
Europe & Central Asia,ECS,"Age population, age 13, male",SP.POP.AG13.MA.IN,..,..,..,..,..
Europe & Central Asia,ECS,"Age population, age 14, female",SP.POP.AG14.FE.IN,..,..,..,..,..
Europe & Central Asia,ECS,"Age population, age 14, male",SP.POP.AG14.MA.IN,..,..,..,..,..
Europe & Central Asia,ECS,"Age population, age 15, female",SP.POP.AG15.FE.IN,..,..,..,..,..
Europe & Central Asia,ECS,"Age population, age 15, male",SP.POP.AG15.MA.IN,..,..,..,..,..
Europe & Central Asia,ECS,"Age population, age 16, female",SP.POP.AG16.FE.IN,..,..,..,..,..
Europe & Central Asia,ECS,"Age population, age 16, male",SP.POP.AG16.MA.IN,..,..,..,..,..
Europe & Central Asia,ECS,"Age population, age 17, female",SP.POP.AG17.FE.IN,..,..,..,..,..
Europe & Central Asia,ECS,"Age population, age 17, male",SP.POP.AG17.MA.IN,..,..,..,..,..
Europe & Central Asia (excluding high income),ECA,"Age population, age 24, male",SP.POP.AG24.MA.IN,..,..,..,..,..
Europe & Central Asia (excluding high income),ECA,"Age population, age 24, female",SP.POP.AG24.FE.IN,..,..,..,..,..
Europe & Central Asia (excluding high income),ECA,"Age population, age 23, male",SP.POP.AG23.MA.IN,..,..,..,..,..
Europe & Central Asia (excluding high income),ECA,"Age population, age 23, female",SP.POP.AG23.FE.IN,..,..,..,..,..
Europe & Central Asia (excluding high income),ECA,"Age population, age 22, female",SP.POP.AG22.FE.IN,..,..,..,..,..
Europe & Central Asia (excluding high income),ECA,"Age population, age 22, male",SP.POP.AG22.MA.IN,..,..,..,..,..
Europe & Central Asia (excluding high income),ECA,"Age population, age 21, male",SP.POP.AG21.MA.IN,..,..,..,..,..
Europe & Central Asia (excluding high income),ECA,"Age population, age 21, female",SP.POP.AG21.FE.IN,..,..,..,..,..
Europe & Central Asia (excluding high income),ECA,"Age population, age 20, male",SP.POP.AG20.MA.IN,..,..,..,..,..
Europe & Central Asia (excluding high income),ECA,"Age population, age 20, female",SP.POP.AG20.FE.IN,..,..,..,..,..
Europe & Central Asia (excluding high income),ECA,"Age population, age 19, male",SP.POP.AG19.MA.IN,..,..,..,..,..
Europe & Central Asia (excluding high income),ECA,"Age population, age 19, female",SP.POP.AG19.FE.IN,..,..,..,..,..
Europe & Central Asia (excluding high income),ECA,"Age population, age 18, female",SP.POP.AG18.FE.IN,..,..,..,..,..
Europe & Central Asia (excluding high income),ECA,"Age population, age 18, male",SP.POP.AG18.MA.IN,..,..,..,..,..
Europe & Central Asia (excluding high income),ECA,"Age population, age 13, female",SP.POP.AG13.FE.IN,..,..,..,..,..
Europe & Central Asia (excluding high income),ECA,"Age population, age 13, male",SP.POP.AG13.MA.IN,..,..,..,..,..
Europe & Central Asia (excluding high income),ECA,"Age population, age 14, female",SP.POP.AG14.FE.IN,..,..,..,..,..
Europe & Central Asia (excluding high income),ECA,"Age population, age 14, male",SP.POP.AG14.MA.IN,..,..,..,..,..
Europe & Central Asia (excluding high income),ECA,"Age population, age 15, female",SP.POP.AG15.FE.IN,..,..,..,..,..
Europe & Central Asia (excluding high income),ECA,"Age population, age 15, male",SP.POP.AG15.MA.IN,..,..,..,..,..
Europe & Central Asia (excluding high income),ECA,"Age population, age 16, female",SP.POP.AG16.FE.IN,..,..,..,..,..
Europe & Central Asia (excluding high income),ECA,"Age population, age 16, male",SP.POP.AG16.MA.IN,..,..,..,..,..
Europe & Central Asia (excluding high income),ECA,"Age population, age 17, female",SP.POP.AG17.FE.IN,..,..,..,..,..
Europe & Central Asia (excluding high income),ECA,"Age population, age 17, male",SP.POP.AG17.MA.IN,..,..,..,..,..
Europe & Central Asia (IDA & IBRD countries),TEC,"Age population, age 24, male",SP.POP.AG24.MA.IN,..,..,..,..,..
Europe & Central Asia (IDA & IBRD countries),TEC,"Age population, age 24, female",SP.POP.AG24.FE.IN,..,..,..,..,..
Europe & Central Asia (IDA & IBRD countries),TEC,"Age population, age 23, male",SP.POP.AG23.MA.IN,..,..,..,..,..
Europe & Central Asia (IDA & IBRD countries),TEC,"Age population, age 23, female",SP.POP.AG23.FE.IN,..,..,..,..,..
Europe & Central Asia (IDA & IBRD countries),TEC,"Age population, age 22, female",SP.POP.AG22.FE.IN,..,..,..,..,..
Europe & Central Asia (IDA & IBRD countries),TEC,"Age population, age 22, male",SP.POP.AG22.MA.IN,..,..,..,..,..
Europe & Central Asia (IDA & IBRD countries),TEC,"Age population, age 21, male",SP.POP.AG21.MA.IN,..,..,..,..,..
Europe & Central Asia (IDA & IBRD countries),TEC,"Age population, age 21, female",SP.POP.AG21.FE.IN,..,..,..,..,..
Europe & Central Asia (IDA & IBRD countries),TEC,"Age population, age 20, male",SP.POP.AG20.MA.IN,..,..,..,..,..
Europe & Central Asia (IDA & IBRD countries),TEC,"Age population, age 20, female",SP.POP.AG20.FE.IN,..,..,..,..,..
Europe & Central Asia (IDA & IBRD countries),TEC,"Age population, age 19, male",SP.POP.AG19.MA.IN,..,..,..,..,..
Europe & Central Asia (IDA & IBRD countries),TEC,"Age population, age 19, female",SP.POP.AG19.FE.IN,..,..,..,..,..
Europe & Central Asia (IDA & IBRD countries),TEC,"Age population, age 18, female",SP.POP.AG18.FE.IN,..,..,..,..,..
Europe & Central Asia (IDA & IBRD countries),TEC,"Age population, age 18, male",SP.POP.AG18.MA.IN,..,..,..,..,..
Europe & Central Asia (IDA & IBRD countries),TEC,"Age population, age 13, female",SP.POP.AG13.FE.IN,..,..,..,..,..
Europe & Central Asia (IDA & IBRD countries),TEC,"Age population, age 13, male",SP.POP.AG13.MA.IN,..,..,..,..,..
Europe & Central Asia (IDA & IBRD countries),TEC,"Age population, age 14, female",SP.POP.AG14.FE.IN,..,..,..,..,..
Europe & Central Asia (IDA & IBRD countries),TEC,"Age population, age 14, male",SP.POP.AG14.MA.IN,..,..,..,..,..
Europe & Central Asia (IDA & IBRD countries),TEC,"Age population, age 15, female",SP.POP.AG15.FE.IN,..,..,..,..,..
Europe & Central Asia (IDA & IBRD countries),TEC,"Age population, age 15, male",SP.POP.AG15.MA.IN,..,..,..,..,..
Europe & Central Asia (IDA & IBRD countries),TEC,"Age population, age 16, female",SP.POP.AG16.FE.IN,..,..,..,..,..
Europe & Central Asia (IDA & IBRD countries),TEC,"Age population, age 16, male",SP.POP.AG16.MA.IN,..,..,..,..,..
Europe & Central Asia (IDA & IBRD countries),TEC,"Age population, age 17, female",SP.POP.AG17.FE.IN,..,..,..,..,..
Europe & Central Asia (IDA & IBRD countries),TEC,"Age population, age 17, male",SP.POP.AG17.MA.IN,..,..,..,..,..
European Union,EUU,"Age population, age 24, male",SP.POP.AG24.MA.IN,..,..,..,..,..
European Union,EUU,"Age population, age 24, female",SP.POP.AG24.FE.IN,..,..,..,..,..
European Union,EUU,"Age population, age 23, male",SP.POP.AG23.MA.IN,..,..,..,..,..
European Union,EUU,"Age population, age 23, female",SP.POP.AG23.FE.IN,..,..,..,..,..
European Union,EUU,"Age population, age 22, female",SP.POP.AG22.FE.IN,..,..,..,..,..
European Union,EUU,"Age population, age 22, male",SP.POP.AG22.MA.IN,..,..,..,..,..
European Union,EUU,"Age population, age 21, male",SP.POP.AG21.MA.IN,..,..,..,..,..
European Union,EUU,"Age population, age 21, female",SP.POP.AG21.FE.IN,..,..,..,..,..
European Union,EUU,"Age population, age 20, male",SP.POP.AG20.MA.IN,..,..,..,..,..
European Union,EUU,"Age population, age 20, female",SP.POP.AG20.FE.IN,..,..,..,..,..
European Union,EUU,"Age population, age 19, male",SP.POP.AG19.MA.IN,..,..,..,..,..
European Union,EUU,"Age population, age 19, female",SP.POP.AG19.FE.IN,..,..,..,..,..
European Union,EUU,"Age population, age 18, female",SP.POP.AG18.FE.IN,..,..,..,..,..
European Union,EUU,"Age population, age 18, male",SP.POP.AG18.MA.IN,..,..,..,..,..
European Union,EUU,"Age population, age 13, female",SP.POP.AG13.FE.IN,..,..,..,..,..
European Union,EUU,"Age population, age 13, male",SP.POP.AG13.MA.IN,..,..,..,..,..
European Union,EUU,"Age population, age 14, female",SP.POP.AG14.FE.IN,..,..,..,..,..
European Union,EUU,"Age population, age 14, male",SP.POP.AG14.MA.IN,..,..,..,..,..
European Union,EUU,"Age population, age 15, female",SP.POP.AG15.FE.IN,..,..,..,..,..
European Union,EUU,"Age population, age 15, male",SP.POP.AG15.MA.IN,..,..,..,..,..
European Union,EUU,"Age population, age 16, female",SP.POP.AG16.FE.IN,..,..,..,..,..
European Union,EUU,"Age population, age 16, male",SP.POP.AG16.MA.IN,..,..,..,..,..
European Union,EUU,"Age population, age 17, female",SP.POP.AG17.FE.IN,..,..,..,..,..
European Union,EUU,"Age population, age 17, male",SP.POP.AG17.MA.IN,..,..,..,..,..
Faroe Islands,FRO,"Age population, age 24, male",SP.POP.AG24.MA.IN,302.5,327.5,347,389.5,413
Faroe Islands,FRO,"Age population, age 24, female",SP.POP.AG24.FE.IN,235.5,254.5,278,324.5,357
Faroe Islands,FRO,"Age population, age 23, male",SP.POP.AG23.MA.IN,330.5,335.5,380,406,411.5
Faroe Islands,FRO,"Age population, age 23, female",SP.POP.AG23.FE.IN,250,265,314,349.5,372.5
Faroe Islands,FRO,"Age population, age 22, female",SP.POP.AG22.FE.IN,268,301,339,365.5,396
Faroe Islands,FRO,"Age population, age 22, male",SP.POP.AG22.MA.IN,330.5,368,396,404.5,414.5
Faroe Islands,FRO,"Age population, age 21, male",SP.POP.AG21.MA.IN,362.5,384.5,395.5,409,409
Faroe Islands,FRO,"Age population, age 21, female",SP.POP.AG21.FE.IN,310.5,326.5,356,390,390
Faroe Islands,FRO,"Age population, age 20, male",SP.POP.AG20.MA.IN,386,385,401,404.5,416
Faroe Islands,FRO,"Age population, age 20, female",SP.POP.AG20.FE.IN,335,344,381,385,377.5
Faroe Islands,FRO,"Age population, age 19, male",SP.POP.AG19.MA.IN,376.5,391,397.5,412,406
Faroe Islands,FRO,"Age population, age 19, female",SP.POP.AG19.FE.IN,335,370,377,373,379
Faroe Islands,FRO,"Age population, age 18, female",SP.POP.AG18.FE.IN,377,367,366,375.5,393
Faroe Islands,FRO,"Age population, age 18, male",SP.POP.AG18.MA.IN,389,388.5,405.5,402.5,376
Faroe Islands,FRO,"Age population, age 13, female",SP.POP.AG13.FE.IN,382,355.5,348,351.5,346
Faroe Islands,FRO,"Age population, age 13, male",SP.POP.AG13.MA.IN,370.5,385,380.5,375.5,375.5
Faroe Islands,FRO,"Age population, age 14, female",SP.POP.AG14.FE.IN,376,381,358.5,350.5,353.5
Faroe Islands,FRO,"Age population, age 14, male",SP.POP.AG14.MA.IN,358.5,374.5,387.5,382.5,377
Faroe Islands,FRO,"Age population, age 15, female",SP.POP.AG15.FE.IN,362,380,385,361.5,352.5
Faroe Islands,FRO,"Age population, age 15, male",SP.POP.AG15.MA.IN,391,364,378.5,390,384
Faroe Islands,FRO,"Age population, age 16, female",SP.POP.AG16.FE.IN,341.5,362,385,388.5,363.5
Faroe Islands,FRO,"Age population, age 16, male",SP.POP.AG16.MA.IN,392,391.5,369,382,392
Faroe Islands,FRO,"Age population, age 17, female",SP.POP.AG17.FE.IN,360,357,369,390,391
Faroe Islands,FRO,"Age population, age 17, male",SP.POP.AG17.MA.IN,385,397.5,396.5,373,384.5
Fiji,FJI,"Age population, age 24, male",SP.POP.AG24.MA.IN,7538.5,7360,7251.5,7161,7134.5
Fiji,FJI,"Age population, age 24, female",SP.POP.AG24.FE.IN,7531.5,7391,7310,7243.5,7244
Fiji,FJI,"Age population, age 23, male",SP.POP.AG23.MA.IN,7415,7286.5,7213.5,7206,7281.5
Fiji,FJI,"Age population, age 23, female",SP.POP.AG23.FE.IN,7443,7344,7292.5,7310.5,7408.5
Fiji,FJI,"Age population, age 22, female",SP.POP.AG22.FE.IN,7393.5,7326,7359.5,7474.5,7575
Fiji,FJI,"Age population, age 22, male",SP.POP.AG22.MA.IN,7340.5,7248.5,7258,7352.5,7441
Fiji,FJI,"Age population, age 21, male",SP.POP.AG21.MA.IN,7300,7292,7403,7509,7582
Fiji,FJI,"Age population, age 21, female",SP.POP.AG21.FE.IN,7373,7393,7522.5,7639,7719
Fiji,FJI,"Age population, age 20, male",SP.POP.AG20.MA.IN,7343,7436.5,7558,7646.5,7735.5
Fiji,FJI,"Age population, age 20, female",SP.POP.AG20.FE.IN,7436.5,7555.5,7685,7779.5,7879.5
Fiji,FJI,"Age population, age 19, male",SP.POP.AG19.MA.IN,7487,7592,7692.5,7794.5,7933
Fiji,FJI,"Age population, age 19, female",SP.POP.AG19.FE.IN,7597,7718.5,7823,7934,8085
Fiji,FJI,"Age population, age 18, female",SP.POP.AG18.FE.IN,7759.5,7857,7974,8132,8295
Fiji,FJI,"Age population, age 18, male",SP.POP.AG18.MA.IN,7643,7726.5,7836,7983,8142.5
Fiji,FJI,"Age population, age 13, female",SP.POP.AG13.FE.IN,8528.5,8462,8396.5,8318.5,8317
Fiji,FJI,"Age population, age 13, male",SP.POP.AG13.MA.IN,8422,8383.5,8356,8323,8371.5
Fiji,FJI,"Age population, age 14, female",SP.POP.AG14.FE.IN,8445,8478.5,8427.5,8372,8302.5
Fiji,FJI,"Age population, age 14, male",SP.POP.AG14.MA.IN,8310.5,8356,8348,8330.5,8306
Fiji,FJI,"Age population, age 15, female",SP.POP.AG15.FE.IN,8247.5,8397.5,8442.5,8401.5,8355
Fiji,FJI,"Age population, age 15, male",SP.POP.AG15.MA.IN,8113.5,8248,8320.5,8322.5,8313
Fiji,FJI,"Age population, age 16, female",SP.POP.AG16.FE.IN,8052,8202,8362.5,8415.5,8381.5
Fiji,FJI,"Age population, age 16, male",SP.POP.AG16.MA.IN,7927.5,8053.5,8213.5,8293.5,8301.5
Fiji,FJI,"Age population, age 17, female",SP.POP.AG17.FE.IN,7898.5,8008.5,8167,8332,8388.5
Fiji,FJI,"Age population, age 17, male",SP.POP.AG17.MA.IN,7781,7870.5,8019.5,8182.5,8264.5
Finland,FIN,"Age population, age 24, male",SP.POP.AG24.MA.IN,32993.5,32141,32018,32373.5,32342.5
Finland,FIN,"Age population, age 24, female",SP.POP.AG24.FE.IN,31107.5,30343.5,29938,30088.5,30324.5
Finland,FIN,"Age population, age 23, male",SP.POP.AG23.MA.IN,31762,31752.5,31944,31755,32083.5
Finland,FIN,"Age population, age 23, female",SP.POP.AG23.FE.IN,30010.5,29675.5,29691,29800,30372
Finland,FIN,"Age population, age 22, female",SP.POP.AG22.FE.IN,29378.5,29436.5,29327,29690.5,30797.5
Finland,FIN,"Age population, age 22, male",SP.POP.AG22.MA.IN,31406,31689.5,31253.5,31344,32286
Finland,FIN,"Age population, age 21, male",SP.POP.AG21.MA.IN,31416,31004,30789,31423,32785
Finland,FIN,"Age population, age 21, female",SP.POP.AG21.FE.IN,29165.5,29077,29160.5,29986.5,31331.5
Finland,FIN,"Age population, age 20, male",SP.POP.AG20.MA.IN,30745.5,30541,30847,31871.5,32848
Finland,FIN,"Age population, age 20, female",SP.POP.AG20.FE.IN,28862.5,28916.5,29432.5,30462.5,31402
Finland,FIN,"Age population, age 19, male",SP.POP.AG19.MA.IN,30278,30600,31321.5,31982.5,32846
Finland,FIN,"Age population, age 19, female",SP.POP.AG19.FE.IN,28718,29188,29933.5,30576,31574
Finland,FIN,"Age population, age 18, female",SP.POP.AG18.FE.IN,28957.5,29683,30113,30883.5,31514
Finland,FIN,"Age population, age 18, male",SP.POP.AG18.MA.IN,30311,31076.5,31506,32121,32975.5
Finland,FIN,"Age population, age 13, female",SP.POP.AG13.FE.IN,30370,30984,31498.5,31498,31257
Finland,FIN,"Age population, age 13, male",SP.POP.AG13.MA.IN,31815.5,32349.5,32979.5,32931,32533.5
Finland,FIN,"Age population, age 14, female",SP.POP.AG14.FE.IN,30269,30578,31252,31651,31577.5
Finland,FIN,"Age population, age 14, male",SP.POP.AG14.MA.IN,31697,32040,32625,33143.5,33028
Finland,FIN,"Age population, age 15, female",SP.POP.AG15.FE.IN,30057,30484.5,30844.5,31409.5,31745.5
Finland,FIN,"Age population, age 15, male",SP.POP.AG15.MA.IN,31260.5,31905,32310.5,32793,33254.5
Finland,FIN,"Age population, age 16, female",SP.POP.AG16.FE.IN,29652,30258.5,30748,31038.5,31572.5
Finland,FIN,"Age population, age 16, male",SP.POP.AG16.MA.IN,31022,31480,32170.5,32514,32972.5
Finland,FIN,"Age population, age 17, female",SP.POP.AG17.FE.IN,29408.5,29856,30517.5,31013,31344.5
Finland,FIN,"Age population, age 17, male",SP.POP.AG17.MA.IN,30790.5,31254,31742,32446.5,32841.5
Fragile and conflict affected situations,FCS,"Age population, age 24, male",SP.POP.AG24.MA.IN,..,..,..,..,..
Fragile and conflict affected situations,FCS,"Age population, age 24, female",SP.POP.AG24.FE.IN,..,..,..,..,..
Fragile and conflict affected situations,FCS,"Age population, age 23, male",SP.POP.AG23.MA.IN,..,..,..,..,..
Fragile and conflict affected situations,FCS,"Age population, age 23, female",SP.POP.AG23.FE.IN,..,..,..,..,..
Fragile and conflict affected situations,FCS,"Age population, age 22, female",SP.POP.AG22.FE.IN,..,..,..,..,..
Fragile and conflict affected situations,FCS,"Age population, age 22, male",SP.POP.AG22.MA.IN,..,..,..,..,..
Fragile and conflict affected situations,FCS,"Age population, age 21, male",SP.POP.AG21.MA.IN,..,..,..,..,..
Fragile and conflict affected situations,FCS,"Age population, age 21, female",SP.POP.AG21.FE.IN,..,..,..,..,..
Fragile and conflict affected situations,FCS,"Age population, age 20, male",SP.POP.AG20.MA.IN,..,..,..,..,..
Fragile and conflict affected situations,FCS,"Age population, age 20, female",SP.POP.AG20.FE.IN,..,..,..,..,..
Fragile and conflict affected situations,FCS,"Age population, age 19, male",SP.POP.AG19.MA.IN,..,..,..,..,..
Fragile and conflict affected situations,FCS,"Age population, age 19, female",SP.POP.AG19.FE.IN,..,..,..,..,..
Fragile and conflict affected situations,FCS,"Age population, age 18, female",SP.POP.AG18.FE.IN,..,..,..,..,..
Fragile and conflict affected situations,FCS,"Age population, age 18, male",SP.POP.AG18.MA.IN,..,..,..,..,..
Fragile and conflict affected situations,FCS,"Age population, age 13, female",SP.POP.AG13.FE.IN,..,..,..,..,..
Fragile and conflict affected situations,FCS,"Age population, age 13, male",SP.POP.AG13.MA.IN,..,..,..,..,..
Fragile and conflict affected situations,FCS,"Age population, age 14, female",SP.POP.AG14.FE.IN,..,..,..,..,..
Fragile and conflict affected situations,FCS,"Age population, age 14, male",SP.POP.AG14.MA.IN,..,..,..,..,..
Fragile and conflict affected situations,FCS,"Age population, age 15, female",SP.POP.AG15.FE.IN,..,..,..,..,..
Fragile and conflict affected situations,FCS,"Age population, age 15, male",SP.POP.AG15.MA.IN,..,..,..,..,..
Fragile and conflict affected situations,FCS,"Age population, age 16, female",SP.POP.AG16.FE.IN,..,..,..,..,..
Fragile and conflict affected situations,FCS,"Age population, age 16, male",SP.POP.AG16.MA.IN,..,..,..,..,..
Fragile and conflict affected situations,FCS,"Age population, age 17, female",SP.POP.AG17.FE.IN,..,..,..,..,..
Fragile and conflict affected situations,FCS,"Age population, age 17, male",SP.POP.AG17.MA.IN,..,..,..,..,..
France,FRA,"Age population, age 24, male",SP.POP.AG24.MA.IN,385074.5,408118.5,408236,408758.5,422126
France,FRA,"Age population, age 24, female",SP.POP.AG24.FE.IN,373910,392779.5,392268,391043,401629
France,FRA,"Age population, age 23, male",SP.POP.AG23.MA.IN,406555,407661.5,407037,419043.5,424323
France,FRA,"Age population, age 23, female",SP.POP.AG23.FE.IN,390985,391543.5,388801.5,397624.5,402562.5
France,FRA,"Age population, age 22, female",SP.POP.AG22.FE.IN,389715.5,388068,394344.5,396441.5,405819.5
France,FRA,"Age population, age 22, male",SP.POP.AG22.MA.IN,406077,406439,416305,419176,426781
France,FRA,"Age population, age 21, male",SP.POP.AG21.MA.IN,404916.5,415719,415515.5,419830.5,429386.5
France,FRA,"Age population, age 21, female",SP.POP.AG21.FE.IN,386296,393631,392232.5,397865.5,408314
France,FRA,"Age population, age 20, male",SP.POP.AG20.MA.IN,414214.5,414889.5,415692.5,421486,431160
France,FRA,"Age population, age 20, female",SP.POP.AG20.FE.IN,391892.5,391494,393188.5,399422,410863.5
France,FRA,"Age population, age 19, male",SP.POP.AG19.MA.IN,413457,415062,417467.5,423497.5,432980
France,FRA,"Age population, age 19, female",SP.POP.AG19.FE.IN,389845.5,392443.5,394895.5,402287.5,412349.5
France,FRA,"Age population, age 18, female",SP.POP.AG18.FE.IN,390910.5,394154.5,398480.5,405207,408922
France,FRA,"Age population, age 18, male",SP.POP.AG18.MA.IN,413712,416815.5,420116.5,426604.5,429520.5
France,FRA,"Age population, age 13, female",SP.POP.AG13.FE.IN,398274,399007.5,401050.5,397024.5,388348
France,FRA,"Age population, age 13, male",SP.POP.AG13.MA.IN,419459,419055.5,420084,416911,409295
France,FRA,"Age population, age 14, female",SP.POP.AG14.FE.IN,400419.5,399076.5,399791.5,401524,397454.5
France,FRA,"Age population, age 14, male",SP.POP.AG14.MA.IN,421832,420241,419868.5,420486.5,417175
France,FRA,"Age population, age 15, female",SP.POP.AG15.FE.IN,400589.5,401353.5,399862,400356,402139.5
France,FRA,"Age population, age 15, male",SP.POP.AG15.MA.IN,422384,422729.5,421046,420345.5,420919
France,FRA,"Age population, age 16, female",SP.POP.AG16.FE.IN,396493,401670,402128,400804.5,401732
France,FRA,"Age population, age 16, male",SP.POP.AG16.MA.IN,418276.5,423391.5,423509,421864,421471.5
France,FRA,"Age population, age 17, female",SP.POP.AG17.FE.IN,392759,397738,402434.5,403853,403754
France,FRA,"Age population, age 17, male",SP.POP.AG17.MA.IN,415560.5,419412,424140.5,425028,424425.5
French Polynesia,PYF,"Age population, age 24, male",SP.POP.AG24.MA.IN,1820.5,1882.5,2045,2137.5,2111.5
French Polynesia,PYF,"Age population, age 24, female",SP.POP.AG24.FE.IN,1742,1777,1879,1987,2055
French Polynesia,PYF,"Age population, age 23, male",SP.POP.AG23.MA.IN,1909.5,2072,2163.5,2136.5,2105
French Polynesia,PYF,"Age population, age 23, female",SP.POP.AG23.FE.IN,1805,1907.5,2012.5,2076.5,2069.5
French Polynesia,PYF,"Age population, age 22, female",SP.POP.AG22.FE.IN,1935.5,2040.5,2101,2090,2037.5
French Polynesia,PYF,"Age population, age 22, male",SP.POP.AG22.MA.IN,2098.5,2190.5,2162.5,2129.5,2083.5
French Polynesia,PYF,"Age population, age 21, male",SP.POP.AG21.MA.IN,2216.5,2188.5,2154.5,2107,2079
French Polynesia,PYF,"Age population, age 21, female",SP.POP.AG21.FE.IN,2068,2129,2114.5,2057.5,2027.5
French Polynesia,PYF,"Age population, age 20, male",SP.POP.AG20.MA.IN,2213.5,2179.5,2130.5,2100.5,2153
French Polynesia,PYF,"Age population, age 20, female",SP.POP.AG20.FE.IN,2155.5,2141,2080,2046,2058
French Polynesia,PYF,"Age population, age 19, male",SP.POP.AG19.MA.IN,2202.5,2153.5,2122,2172.5,2224.5
French Polynesia,PYF,"Age population, age 19, female",SP.POP.AG19.FE.IN,2165.5,2105,2067,2075,2066.5
French Polynesia,PYF,"Age population, age 18, female",SP.POP.AG18.FE.IN,2127,2089,2093,2080.5,2092.5
French Polynesia,PYF,"Age population, age 18, male",SP.POP.AG18.MA.IN,2174.5,2143,2191.5,2241.5,2206.5
French Polynesia,PYF,"Age population, age 13, female",SP.POP.AG13.FE.IN,2188,2179.5,2129,2075.5,2016
French Polynesia,PYF,"Age population, age 13, male",SP.POP.AG13.MA.IN,2230.5,2286,2289,2198.5,2150.5
French Polynesia,PYF,"Age population, age 14, female",SP.POP.AG14.FE.IN,2137,2181.5,2173,2123.5,2070.5
French Polynesia,PYF,"Age population, age 14, male",SP.POP.AG14.MA.IN,2250.5,2224.5,2280,2283,2192.5
French Polynesia,PYF,"Age population, age 15, female",SP.POP.AG15.FE.IN,2124,2128.5,2172.5,2166,2118.5
French Polynesia,PYF,"Age population, age 15, male",SP.POP.AG15.MA.IN,2282.5,2242.5,2216.5,2273,2277
French Polynesia,PYF,"Age population, age 16, female",SP.POP.AG16.FE.IN,2128,2111.5,2115.5,2163,2160.5
French Polynesia,PYF,"Age population, age 16, male",SP.POP.AG16.MA.IN,2223.5,2271.5,2231.5,2207.5,2266
French Polynesia,PYF,"Age population, age 17, female",SP.POP.AG17.FE.IN,2108,2112,2096,2104,2155.5
French Polynesia,PYF,"Age population, age 17, male",SP.POP.AG17.MA.IN,2160,2209,2257,2219.5,2198.5
Gabon,GAB,"Age population, age 24, male",SP.POP.AG24.MA.IN,19280,19356,19490.5,19780.5,20248.5
Gabon,GAB,"Age population, age 24, female",SP.POP.AG24.FE.IN,18709.5,18939.5,19205,19590.5,20104
Gabon,GAB,"Age population, age 23, male",SP.POP.AG23.MA.IN,19371.5,19507.5,19754.5,20178.5,20781
Gabon,GAB,"Age population, age 23, female",SP.POP.AG23.FE.IN,18942,19214.5,19565.5,20044,20645.5
Gabon,GAB,"Age population, age 22, female",SP.POP.AG22.FE.IN,19217,19575,19983,20513,21205.5
Gabon,GAB,"Age population, age 22, male",SP.POP.AG22.MA.IN,19522.5,19770.5,20104.5,20616,21345
Gabon,GAB,"Age population, age 21, male",SP.POP.AG21.MA.IN,19784.5,20121,20500.5,21095,21913
Gabon,GAB,"Age population, age 21, female",SP.POP.AG21.FE.IN,19577,19992,20419.5,21009,21771.5
Gabon,GAB,"Age population, age 20, male",SP.POP.AG20.MA.IN,20135,20516,20956.5,21617,22502
Gabon,GAB,"Age population, age 20, female",SP.POP.AG20.FE.IN,19994,20429.5,20899,21539,22370
Gabon,GAB,"Age population, age 19, male",SP.POP.AG19.MA.IN,20530.5,20972.5,21481.5,22212.5,23101
Gabon,GAB,"Age population, age 19, female",SP.POP.AG19.FE.IN,20432.5,20909,21432.5,22144,22988.5
Gabon,GAB,"Age population, age 18, female",SP.POP.AG18.FE.IN,20912.5,21442.5,22057.5,22803.5,23638.5
Gabon,GAB,"Age population, age 18, male",SP.POP.AG18.MA.IN,20987,21498,22104,22865,23743.5
Gabon,GAB,"Age population, age 13, female",SP.POP.AG13.FE.IN,24327.5,25287.5,26354,27373,28148
Gabon,GAB,"Age population, age 13, male",SP.POP.AG13.MA.IN,24432.5,25423,26524.5,27578,28380.5
Gabon,GAB,"Age population, age 14, female",SP.POP.AG14.FE.IN,23511,24317.5,25275.5,26342.5,27361.5
Gabon,GAB,"Age population, age 14, male",SP.POP.AG14.MA.IN,23584.5,24417,25407,26509,27562.5
Gabon,GAB,"Age population, age 15, female",SP.POP.AG15.FE.IN,22766.5,23501,24304.5,25266,26336
Gabon,GAB,"Age population, age 15, male",SP.POP.AG15.MA.IN,22825.5,23571,24402.5,25395,26499.5
Gabon,GAB,"Age population, age 16, female",SP.POP.AG16.FE.IN,22075,22758.5,23489.5,24307,25282
Gabon,GAB,"Age population, age 16, male",SP.POP.AG16.MA.IN,22134.5,22811,23555.5,24403.5,25413
Gabon,GAB,"Age population, age 17, female",SP.POP.AG17.FE.IN,21447.5,22067.5,22747,23514.5,24369
Gabon,GAB,"Age population, age 17, male",SP.POP.AG17.MA.IN,21513,22120.5,22795.5,23586,24481
"Gambia, The",GMB,"Age population, age 24, male",SP.POP.AG24.MA.IN,23177,23601.5,24052,24468,24930
"Gambia, The",GMB,"Age population, age 24, female",SP.POP.AG24.FE.IN,23043.5,23438,23859.5,24259,24711.5
"Gambia, The",GMB,"Age population, age 23, male",SP.POP.AG23.MA.IN,23744,24204.5,24626,25094,25605
"Gambia, The",GMB,"Age population, age 23, female",SP.POP.AG23.FE.IN,23552.5,23984,24381,24831.5,25344
"Gambia, The",GMB,"Age population, age 22, female",SP.POP.AG22.FE.IN,24098,24505.5,24957,25471,26062.5
"Gambia, The",GMB,"Age population, age 22, male",SP.POP.AG22.MA.IN,24347.5,24779,25258.5,25781.5,26364.5
"Gambia, The",GMB,"Age population, age 21, male",SP.POP.AG21.MA.IN,24921,25410.5,25949,26548,27309
"Gambia, The",GMB,"Age population, age 21, female",SP.POP.AG21.FE.IN,24618.5,25080,25599,26195.5,26960.5
"Gambia, The",GMB,"Age population, age 20, male",SP.POP.AG20.MA.IN,25549,26097,26714,27494,28386.5
"Gambia, The",GMB,"Age population, age 20, female",SP.POP.AG20.FE.IN,25191,25719.5,26322.5,27095.5,27993.5
"Gambia, The",GMB,"Age population, age 19, male",SP.POP.AG19.MA.IN,26228.5,26854.5,27652,28563,29586
"Gambia, The",GMB,"Age population, age 19, female",SP.POP.AG19.FE.IN,25826,26438.5,27218,28123.5,29155.5
"Gambia, The",GMB,"Age population, age 18, female",SP.POP.AG18.FE.IN,26539.5,27327.5,28237.5,29274,30229
"Gambia, The",GMB,"Age population, age 18, male",SP.POP.AG18.MA.IN,26977,27783.5,28708,29745.5,30694
"Gambia, The",GMB,"Age population, age 13, female",SP.POP.AG13.FE.IN,31370.5,32185,33145,34192.5,35308.5
"Gambia, The",GMB,"Age population, age 13, male",SP.POP.AG13.MA.IN,31927,32759.5,33745,34823.5,35962
"Gambia, The",GMB,"Age population, age 14, female",SP.POP.AG14.FE.IN,30562.5,31312.5,32126,33087,34135.5
"Gambia, The",GMB,"Age population, age 14, male",SP.POP.AG14.MA.IN,31098.5,31861,32691.5,33676,34753
"Gambia, The",GMB,"Age population, age 15, female",SP.POP.AG15.FE.IN,29539,30496.5,31243.5,32061.5,33027
"Gambia, The",GMB,"Age population, age 15, male",SP.POP.AG15.MA.IN,30060.5,31024.5,31784.5,32616.5,33601.5
"Gambia, The",GMB,"Age population, age 16, female",SP.POP.AG16.FE.IN,28422,29465,30418,31170.5,31993
"Gambia, The",GMB,"Age population, age 16, male",SP.POP.AG16.MA.IN,28922.5,29975,30934.5,31696,32529.5
"Gambia, The",GMB,"Age population, age 17, female",SP.POP.AG17.FE.IN,27420.5,28337.5,29375,30331,31087
"Gambia, The",GMB,"Age population, age 17, male",SP.POP.AG17.MA.IN,27893.5,28825.5,29871.5,30828.5,31587.5
Georgia,GEO,"Age population, age 24, male",SP.POP.AG24.MA.IN,22642,22648.5,22302.5,21899,21755.5
Georgia,GEO,"Age population, age 24, female",SP.POP.AG24.FE.IN,21735.5,21570.5,21097.5,20608,20511
Georgia,GEO,"Age population, age 23, male",SP.POP.AG23.MA.IN,22441,22045,21898.5,21773.5,21604.5
Georgia,GEO,"Age population, age 23, female",SP.POP.AG23.FE.IN,21327.5,20805,20588.5,20509,20404.5
Georgia,GEO,"Age population, age 22, female",SP.POP.AG22.FE.IN,20560.5,20294.5,20499,20422.5,20263
Georgia,GEO,"Age population, age 22, male",SP.POP.AG22.MA.IN,21837,21642,21782.5,21641,21537
Georgia,GEO,"Age population, age 21, male",SP.POP.AG21.MA.IN,21438.5,21532,21658.5,21590.5,21672
Georgia,GEO,"Age population, age 21, female",SP.POP.AG21.FE.IN,20055,20211,20423.5,20300.5,20288
Georgia,GEO,"Age population, age 20, male",SP.POP.AG20.MA.IN,21338,21419.5,21614,21735,21983.5
Georgia,GEO,"Age population, age 20, female",SP.POP.AG20.FE.IN,19980,20146.5,20308,20337,20616.5
Georgia,GEO,"Age population, age 19, male",SP.POP.AG19.MA.IN,21240.5,21393,21759.5,22046.5,22419
Georgia,GEO,"Age population, age 19, female",SP.POP.AG19.FE.IN,19933,20050.5,20346.5,20666.5,21176
Georgia,GEO,"Age population, age 18, female",SP.POP.AG18.FE.IN,19859,20115,20673,21218.5,22067
Georgia,GEO,"Age population, age 18, male",SP.POP.AG18.MA.IN,21233,21562,22067.5,22473,23238.5
Georgia,GEO,"Age population, age 13, female",SP.POP.AG13.FE.IN,23483.5,25536,26671,26401.5,26030.5
Georgia,GEO,"Age population, age 13, male",SP.POP.AG13.MA.IN,24712.5,26736,27805.5,27649,27646.5
Georgia,GEO,"Age population, age 14, female",SP.POP.AG14.FE.IN,21895.5,23534.5,25596.5,26673.5,26403
Georgia,GEO,"Age population, age 14, male",SP.POP.AG14.MA.IN,23122.5,24754.5,26785.5,27802,27645.5
Georgia,GEO,"Age population, age 15, female",SP.POP.AG15.FE.IN,20954.5,21970,23624,25600,26672.5
Georgia,GEO,"Age population, age 15, male",SP.POP.AG15.MA.IN,22266,23184.5,24828.5,26781,27794
Georgia,GEO,"Age population, age 16, female",SP.POP.AG16.FE.IN,20340.5,21059,22095,23627,25593
Georgia,GEO,"Age population, age 16, male",SP.POP.AG16.MA.IN,21787.5,22352,23288,24822,26766.5
Georgia,GEO,"Age population, age 17, female",SP.POP.AG17.FE.IN,19950.5,20474.5,21221,22096,23610.5
Georgia,GEO,"Age population, age 17, male",SP.POP.AG17.MA.IN,21425.5,21899.5,22488,23277.5,24796.5
Germany,DEU,"Age population, age 24, male",SP.POP.AG24.MA.IN,504523.5,498144.5,484938,474515.5,452460.5
Germany,DEU,"Age population, age 24, female",SP.POP.AG24.FE.IN,458841,451623,437902,431175.5,417520
Germany,DEU,"Age population, age 23, male",SP.POP.AG23.MA.IN,494446,480390,471304,452702.5,431733.5
Germany,DEU,"Age population, age 23, female",SP.POP.AG23.FE.IN,448154.5,433669.5,427950,417406.5,401899.5
Germany,DEU,"Age population, age 22, female",SP.POP.AG22.FE.IN,430321,423897,412880.5,398809.5,394320.5
Germany,DEU,"Age population, age 22, male",SP.POP.AG22.MA.IN,476809.5,466920.5,448095,428841.5,420054.5
Germany,DEU,"Age population, age 21, male",SP.POP.AG21.MA.IN,463447,443820.5,423020,414299,415669
Germany,DEU,"Age population, age 21, female",SP.POP.AG21.FE.IN,420676,408934.5,393104.5,388515.5,391984.5
Germany,DEU,"Age population, age 20, male",SP.POP.AG20.MA.IN,440450.5,418940.5,407896.5,408215.5,410085.5
Germany,DEU,"Age population, age 20, female",SP.POP.AG20.FE.IN,405766.5,389267.5,382251,384579.5,387264.5
Germany,DEU,"Age population, age 19, male",SP.POP.AG19.MA.IN,415771,404063.5,402002.5,402582,401230.5
Germany,DEU,"Age population, age 19, female",SP.POP.AG19.FE.IN,386251,378610,378492,379837.5,378302.5
Germany,DEU,"Age population, age 18, female",SP.POP.AG18.FE.IN,375716,374957.5,374578,372184.5,376418.5
Germany,DEU,"Age population, age 18, male",SP.POP.AG18.MA.IN,401055.5,398318.5,397224.5,395059,399493.5
Germany,DEU,"Age population, age 13, female",SP.POP.AG13.FE.IN,369029,368594.5,369984.5,369933,368602.5
Germany,DEU,"Age population, age 13, male",SP.POP.AG13.MA.IN,390599.5,389885.5,391374,390830.5,389835
Germany,DEU,"Age population, age 14, female",SP.POP.AG14.FE.IN,363311,371812,372072,371410,369383
Germany,DEU,"Age population, age 14, male",SP.POP.AG14.MA.IN,385968,393549.5,393566.5,392846.5,390195
Germany,DEU,"Age population, age 15, female",SP.POP.AG15.FE.IN,361839,366051.5,375224.5,373597.5,371099.5
Germany,DEU,"Age population, age 15, male",SP.POP.AG15.MA.IN,384332.5,388870,397168,395143.5,392454.5
Germany,DEU,"Age population, age 16, female",SP.POP.AG16.FE.IN,368251.5,364622,369465,377159.5,374068
Germany,DEU,"Age population, age 16, male",SP.POP.AG16.MA.IN,390631,387255.5,392470,399158,395547.5
Germany,DEU,"Age population, age 17, female",SP.POP.AG17.FE.IN,372122.5,371079,368099.5,372316,379184.5
Germany,DEU,"Age population, age 17, male",SP.POP.AG17.MA.IN,395377.5,393583,390899,395382.5,401149
Ghana,GHA,"Age population, age 24, male",SP.POP.AG24.MA.IN,270778,277137.5,285142,295534,304854.5
Ghana,GHA,"Age population, age 24, female",SP.POP.AG24.FE.IN,267436,273946,282086.5,292513,301852
Ghana,GHA,"Age population, age 23, male",SP.POP.AG23.MA.IN,278548.5,286568,297085.5,306557,312957.5
Ghana,GHA,"Age population, age 23, female",SP.POP.AG23.FE.IN,274880,283009,293530.5,302996,309506.5
Ghana,GHA,"Age population, age 22, female",SP.POP.AG22.FE.IN,283947.5,294462.5,304088,310785,316452.5
Ghana,GHA,"Age population, age 22, male",SP.POP.AG22.MA.IN,288008,298551,308217.5,314828.5,320291.5
Ghana,GHA,"Age population, age 21, male",SP.POP.AG21.MA.IN,300009,309697.5,316557.5,322289.5,327105.5
Ghana,GHA,"Age population, age 21, female",SP.POP.AG21.FE.IN,295410.5,305027.5,311937.5,317846.5,322937.5
Ghana,GHA,"Age population, age 20, male",SP.POP.AG20.MA.IN,311143,318012.5,324023.5,329138,336709.5
Ghana,GHA,"Age population, age 20, female",SP.POP.AG20.FE.IN,305976.5,312870,319021.5,324382.5,332230
Ghana,GHA,"Age population, age 19, male",SP.POP.AG19.MA.IN,319399,325417.5,330799,338666,346295.5
Ghana,GHA,"Age population, age 19, female",SP.POP.AG19.FE.IN,313801.5,319935,325527.5,333638.5,341411
Ghana,GHA,"Age population, age 18, female",SP.POP.AG18.FE.IN,320826.5,326400.5,334704,342690,346686
Ghana,GHA,"Age population, age 18, male",SP.POP.AG18.MA.IN,326709.5,332095,340189.5,348061.5,351998
Ghana,GHA,"Age population, age 13, female",SP.POP.AG13.FE.IN,354836,361473.5,370917,381768,391486
Ghana,GHA,"Age population, age 13, male",SP.POP.AG13.MA.IN,361534.5,368335.5,378128,389346,399260
Ghana,GHA,"Age population, age 14, female",SP.POP.AG14.FE.IN,349820.5,354287.5,360937.5,370380,381218
Ghana,GHA,"Age population, age 14, male",SP.POP.AG14.MA.IN,356352,360788,367585,377362,388558
Ghana,GHA,"Age population, age 15, female",SP.POP.AG15.FE.IN,345055.5,349220.5,353703,360358,369793
Ghana,GHA,"Age population, age 15, male",SP.POP.AG15.MA.IN,351374,355536,359972.5,366761.5,376520.5
Ghana,GHA,"Age population, age 16, female",SP.POP.AG16.FE.IN,336278,344378,348561,353036.5,359670.5
Ghana,GHA,"Age population, age 16, male",SP.POP.AG16.MA.IN,342414.5,350451,354613.5,359028.5,365785.5
Ghana,GHA,"Age population, age 17, female",SP.POP.AG17.FE.IN,327230.5,335521.5,343633,347764.5,352174.5
Ghana,GHA,"Age population, age 17, male",SP.POP.AG17.MA.IN,333264,341370,349397.5,353489,357824
Gibraltar,GIB,"Age population, age 24, male",SP.POP.AG24.MA.IN,232.5,247.5,251,264,272.5
Gibraltar,GIB,"Age population, age 24, female",SP.POP.AG24.FE.IN,215,226.5,233,251,258
Gibraltar,GIB,"Age population, age 23, male",SP.POP.AG23.MA.IN,238.5,238,252,263,258.5
Gibraltar,GIB,"Age population, age 23, female",SP.POP.AG23.FE.IN,217,219.5,239,248.5,248.5
Gibraltar,GIB,"Age population, age 22, female",SP.POP.AG22.FE.IN,210,225.5,236.5,239,243.5
Gibraltar,GIB,"Age population, age 22, male",SP.POP.AG22.MA.IN,230.5,239.5,251,249,262
Gibraltar,GIB,"Age population, age 21, male",SP.POP.AG21.MA.IN,231,238.5,238,253.5,255
Gibraltar,GIB,"Age population, age 21, female",SP.POP.AG21.FE.IN,216,223,227.5,235,260.5
Gibraltar,GIB,"Age population, age 20, male",SP.POP.AG20.MA.IN,230.5,226.5,244,248,258
Gibraltar,GIB,"Age population, age 20, female",SP.POP.AG20.FE.IN,214.5,214.5,224,253,274
Gibraltar,GIB,"Age population, age 19, male",SP.POP.AG19.MA.IN,220.5,233,239,252,252.5
Gibraltar,GIB,"Age population, age 19, female",SP.POP.AG19.FE.IN,206.5,212,243,267,247.5
Gibraltar,GIB,"Age population, age 18, female",SP.POP.AG18.FE.IN,205.5,232.5,259,242.5,230
Gibraltar,GIB,"Age population, age 18, male",SP.POP.AG18.MA.IN,226,229.5,244,247,242.5
Gibraltar,GIB,"Age population, age 13, female",SP.POP.AG13.FE.IN,220,229.5,241,232.5,220.5
Gibraltar,GIB,"Age population, age 13, male",SP.POP.AG13.MA.IN,229,236.5,241.5,243,247
Gibraltar,GIB,"Age population, age 14, female",SP.POP.AG14.FE.IN,209.5,224,232.5,243.5,235
Gibraltar,GIB,"Age population, age 14, male",SP.POP.AG14.MA.IN,223,233,239.5,244,245
Gibraltar,GIB,"Age population, age 15, female",SP.POP.AG15.FE.IN,222,214,228.5,236,245.5
Gibraltar,GIB,"Age population, age 15, male",SP.POP.AG15.MA.IN,229.5,227,237,242.5,246
Gibraltar,GIB,"Age population, age 16, female",SP.POP.AG16.FE.IN,244,227.5,220,233,239
Gibraltar,GIB,"Age population, age 16, male",SP.POP.AG16.MA.IN,231,234,232.5,241,244.5
Gibraltar,GIB,"Age population, age 17, female",SP.POP.AG17.FE.IN,225.5,249.5,235,225.5,236
Gibraltar,GIB,"Age population, age 17, male",SP.POP.AG17.MA.IN,223.5,235.5,240,238,244.5
Greece,GRC,"Age population, age 24, male",SP.POP.AG24.MA.IN,57366,55163.5,54727,53850.5,53127
Greece,GRC,"Age population, age 24, female",SP.POP.AG24.FE.IN,51785.5,49806,49566,48465,47829.5
Greece,GRC,"Age population, age 23, male",SP.POP.AG23.MA.IN,56910.5,55318.5,55177.5,53701.5,53745.5
Greece,GRC,"Age population, age 23, female",SP.POP.AG23.FE.IN,51593.5,50085.5,49797.5,48506,48348
Greece,GRC,"Age population, age 22, female",SP.POP.AG22.FE.IN,51877,50320.5,49575,48600.5,48814
Greece,GRC,"Age population, age 22, male",SP.POP.AG22.MA.IN,57054,55772.5,54778.5,53913,54171
Greece,GRC,"Age population, age 21, male",SP.POP.AG21.MA.IN,57470.5,55377.5,54735,53951.5,53664
Greece,GRC,"Age population, age 21, female",SP.POP.AG21.FE.IN,52086.5,50098.5,49400.5,48662.5,48974
Greece,GRC,"Age population, age 20, male",SP.POP.AG20.MA.IN,57000,55325,54582,53195,53699.5
Greece,GRC,"Age population, age 20, female",SP.POP.AG20.FE.IN,51797.5,49921,49265,48557.5,49405.5
Greece,GRC,"Age population, age 19, male",SP.POP.AG19.MA.IN,56832.5,55172,53750,53176,54387
Greece,GRC,"Age population, age 19, female",SP.POP.AG19.FE.IN,51508.5,49785,49076.5,48926.5,50690
Greece,GRC,"Age population, age 18, female",SP.POP.AG18.FE.IN,51225,49593,49438,50308,51039.5
Greece,GRC,"Age population, age 18, male",SP.POP.AG18.MA.IN,56530.5,54330,53718.5,53967.5,54432
Greece,GRC,"Age population, age 13, female",SP.POP.AG13.FE.IN,53474,54967.5,53803,50928,48603
Greece,GRC,"Age population, age 13, male",SP.POP.AG13.MA.IN,56520.5,57586,56535,53976,51687.5
Greece,GRC,"Age population, age 14, female",SP.POP.AG14.FE.IN,52607.5,52974,54411,53134,50705.5
Greece,GRC,"Age population, age 14, male",SP.POP.AG14.MA.IN,55987,56043.5,56998,55859,53779.5
Greece,GRC,"Age population, age 15, female",SP.POP.AG15.FE.IN,52217,51943.5,52437.5,53782,52943
Greece,GRC,"Age population, age 15, male",SP.POP.AG15.MA.IN,55899,55365.5,55470,56353.5,55692.5
Greece,GRC,"Age population, age 16, female",SP.POP.AG16.FE.IN,51008.5,51365.5,51404.5,51823,53667.5
Greece,GRC,"Age population, age 16, male",SP.POP.AG16.MA.IN,55276.5,55103,54787,54841,56263.5
Greece,GRC,"Age population, age 17, female",SP.POP.AG17.FE.IN,50851,49953,50844.5,50832,51848
Greece,GRC,"Age population, age 17, male",SP.POP.AG17.MA.IN,55507.5,54289.5,54530.5,54191.5,54893.5
Greenland,GRL,"Age population, age 24, male",SP.POP.AG24.MA.IN,429.5,418.5,398.5,373.5,353.5
Greenland,GRL,"Age population, age 24, female",SP.POP.AG24.FE.IN,413,400,382,358,336
Greenland,GRL,"Age population, age 23, male",SP.POP.AG23.MA.IN,413.5,399.5,380.5,360,343.5
Greenland,GRL,"Age population, age 23, female",SP.POP.AG23.FE.IN,395.5,383.5,365,341.5,324
Greenland,GRL,"Age population, age 22, female",SP.POP.AG22.FE.IN,379.5,367,348.5,329.5,317.5
Greenland,GRL,"Age population, age 22, male",SP.POP.AG22.MA.IN,395.5,382,366.5,349.5,335.5
Greenland,GRL,"Age population, age 21, male",SP.POP.AG21.MA.IN,376,367,355.5,340.5,332.5
Greenland,GRL,"Age population, age 21, female",SP.POP.AG21.FE.IN,363.5,350.5,336.5,323,314
Greenland,GRL,"Age population, age 20, male",SP.POP.AG20.MA.IN,362,357,347,337.5,336.5
Greenland,GRL,"Age population, age 20, female",SP.POP.AG20.FE.IN,348,338,329,319.5,317
Greenland,GRL,"Age population, age 19, male",SP.POP.AG19.MA.IN,353.5,348,343,341.5,344.5
Greenland,GRL,"Age population, age 19, female",SP.POP.AG19.FE.IN,338,332,324.5,321,326.5
Greenland,GRL,"Age population, age 18, female",SP.POP.AG18.FE.IN,334.5,329,326,330.5,334.5
Greenland,GRL,"Age population, age 18, male",SP.POP.AG18.MA.IN,347,345.5,346.5,348.5,353.5
Greenland,GRL,"Age population, age 13, female",SP.POP.AG13.FE.IN,359.5,355,354,355.5,356.5
Greenland,GRL,"Age population, age 13, male",SP.POP.AG13.MA.IN,384,379,376,377,380
Greenland,GRL,"Age population, age 14, female",SP.POP.AG14.FE.IN,356.5,350,349,352.5,354
Greenland,GRL,"Age population, age 14, male",SP.POP.AG14.MA.IN,376.5,373.5,373,374,375
Greenland,GRL,"Age population, age 15, female",SP.POP.AG15.FE.IN,349,346.5,344,347.5,351
Greenland,GRL,"Age population, age 15, male",SP.POP.AG15.MA.IN,365.5,366,367,371,373
Greenland,GRL,"Age population, age 16, female",SP.POP.AG16.FE.IN,337.5,340.5,341,341.5,345.5
Greenland,GRL,"Age population, age 16, male",SP.POP.AG16.MA.IN,355.5,357.5,360,364,369
Greenland,GRL,"Age population, age 17, female",SP.POP.AG17.FE.IN,333,331,335,337.5,339.5
Greenland,GRL,"Age population, age 17, male",SP.POP.AG17.MA.IN,347,349.5,352.5,356.5,361.5
Grenada,GRD,"Age population, age 24, male",SP.POP.AG24.MA.IN,935,931,929.5,933.5,861
Grenada,GRD,"Age population, age 24, female",SP.POP.AG24.FE.IN,893.5,888,884,884,827.5
Grenada,GRD,"Age population, age 23, male",SP.POP.AG23.MA.IN,935.5,935.5,938.5,865,795.5
Grenada,GRD,"Age population, age 23, female",SP.POP.AG23.FE.IN,891,888,888.5,832,778
Grenada,GRD,"Age population, age 22, female",SP.POP.AG22.FE.IN,890,891.5,836,782.5,790
Grenada,GRD,"Age population, age 22, male",SP.POP.AG22.MA.IN,939.5,944,870.5,800.5,813
Grenada,GRD,"Age population, age 21, male",SP.POP.AG21.MA.IN,948.5,876.5,805.5,817.5,828.5
Grenada,GRD,"Age population, age 21, female",SP.POP.AG21.FE.IN,893.5,839,786.5,794.5,801.5
Grenada,GRD,"Age population, age 20, male",SP.POP.AG20.MA.IN,880,811,822.5,832.5,844.5
Grenada,GRD,"Age population, age 20, female",SP.POP.AG20.FE.IN,841.5,789.5,798.5,806.5,814.5
Grenada,GRD,"Age population, age 19, male",SP.POP.AG19.MA.IN,815,828,838,849,861
Grenada,GRD,"Age population, age 19, female",SP.POP.AG19.FE.IN,791.5,801.5,810,818.5,827.5
Grenada,GRD,"Age population, age 18, female",SP.POP.AG18.FE.IN,803.5,812,821.5,831.5,840
Grenada,GRD,"Age population, age 18, male",SP.POP.AG18.MA.IN,831.5,842,853,865,875.5
Grenada,GRD,"Age population, age 13, female",SP.POP.AG13.FE.IN,854.5,859.5,860.5,858.5,853.5
Grenada,GRD,"Age population, age 13, male",SP.POP.AG13.MA.IN,894.5,897.5,897,894.5,889.5
Grenada,GRD,"Age population, age 14, female",SP.POP.AG14.FE.IN,847,854,858,859,857.5
Grenada,GRD,"Age population, age 14, male",SP.POP.AG14.MA.IN,885.5,893.5,896.5,896,893.5
Grenada,GRD,"Age population, age 15, female",SP.POP.AG15.FE.IN,837,846,853,857,858
Grenada,GRD,"Age population, age 15, male",SP.POP.AG15.MA.IN,873.5,884,891,894,894.5
Grenada,GRD,"Age population, age 16, female",SP.POP.AG16.FE.IN,825.5,836,844.5,851,855.5
Grenada,GRD,"Age population, age 16, male",SP.POP.AG16.MA.IN,859,871.5,881,889,893
Grenada,GRD,"Age population, age 17, female",SP.POP.AG17.FE.IN,814,823.5,834,842.5,849
Grenada,GRD,"Age population, age 17, male",SP.POP.AG17.MA.IN,845,856.5,868,878.5,886.5
Guam,GUM,"Age population, age 24, male",SP.POP.AG24.MA.IN,1269.5,1256.5,1234.5,1207.5,1181
Guam,GUM,"Age population, age 24, female",SP.POP.AG24.FE.IN,1114,1106,1096,1087,1081
Guam,GUM,"Age population, age 23, male",SP.POP.AG23.MA.IN,1266,1246.5,1219.5,1192.5,1172.5
Guam,GUM,"Age population, age 23, female",SP.POP.AG23.FE.IN,1114,1106,1097,1091,1089.5
Guam,GUM,"Age population, age 22, female",SP.POP.AG22.FE.IN,1114.5,1108,1101.5,1099.5,1104
Guam,GUM,"Age population, age 22, male",SP.POP.AG22.MA.IN,1256,1231.5,1204.5,1184,1173.5
Guam,GUM,"Age population, age 21, male",SP.POP.AG21.MA.IN,1240.5,1215.5,1195.5,1185,1184.5
Guam,GUM,"Age population, age 21, female",SP.POP.AG21.FE.IN,1115.5,1111.5,1109.5,1113.5,1124
Guam,GUM,"Age population, age 20, male",SP.POP.AG20.MA.IN,1224.5,1206.5,1196,1195,1188.5
Guam,GUM,"Age population, age 20, female",SP.POP.AG20.FE.IN,1119,1119.5,1123.5,1133.5,1135
Guam,GUM,"Age population, age 19, male",SP.POP.AG19.MA.IN,1214.5,1206,1205.5,1199,1190
Guam,GUM,"Age population, age 19, female",SP.POP.AG19.FE.IN,1127,1133,1142,1143,1140
Guam,GUM,"Age population, age 18, female",SP.POP.AG18.FE.IN,1139.5,1151,1151,1147.5,1160
Guam,GUM,"Age population, age 18, male",SP.POP.AG18.MA.IN,1213,1214,1207,1198.5,1209
Guam,GUM,"Age population, age 13, female",SP.POP.AG13.FE.IN,1205,1239.5,1281,1324,1362
Guam,GUM,"Age population, age 13, male",SP.POP.AG13.MA.IN,1258,1298.5,1349,1401.5,1448
Guam,GUM,"Age population, age 14, female",SP.POP.AG14.FE.IN,1178.5,1202.5,1236.5,1278.5,1321.5
Guam,GUM,"Age population, age 14, male",SP.POP.AG14.MA.IN,1229,1256,1296,1346.5,1399.5
Guam,GUM,"Age population, age 15, female",SP.POP.AG15.FE.IN,1164.5,1176,1199.5,1234,1276
Guam,GUM,"Age population, age 15, male",SP.POP.AG15.MA.IN,1216,1226.5,1252.5,1293,1344
Guam,GUM,"Age population, age 16, female",SP.POP.AG16.FE.IN,1163.5,1160.5,1171,1195,1230.5
Guam,GUM,"Age population, age 16, male",SP.POP.AG16.MA.IN,1220,1212,1221.5,1248.5,1289.5
Guam,GUM,"Age population, age 17, female",SP.POP.AG17.FE.IN,1156.5,1158.5,1154,1165.5,1191
Guam,GUM,"Age population, age 17, male",SP.POP.AG17.MA.IN,1220.5,1215,1206,1216,1243.5
Guatemala,GTM,"Age population, age 24, male",SP.POP.AG24.MA.IN,174462,176971,179572.5,182189,184967
Guatemala,GTM,"Age population, age 24, female",SP.POP.AG24.FE.IN,171975.5,174440,176914,179418.5,182161.5
Guatemala,GTM,"Age population, age 23, male",SP.POP.AG23.MA.IN,177824.5,180185.5,182787.5,185552.5,187152.5
Guatemala,GTM,"Age population, age 23, female",SP.POP.AG23.FE.IN,175002.5,177236,179718.5,182439.5,184023.5
Guatemala,GTM,"Age population, age 22, female",SP.POP.AG22.FE.IN,177799,180043,182738,184293.5,184993.5
Guatemala,GTM,"Age population, age 22, male",SP.POP.AG22.MA.IN,181033,183405.5,186153,187732,188306
Guatemala,GTM,"Age population, age 21, male",SP.POP.AG21.MA.IN,184233,186770.5,188328.5,188876.5,189524.5
Guatemala,GTM,"Age population, age 21, female",SP.POP.AG21.FE.IN,180602.5,183066,184589.5,185256,186107.5
Guatemala,GTM,"Age population, age 20, male",SP.POP.AG20.MA.IN,187560.5,188930.5,189458,190081,189940.5
Guatemala,GTM,"Age population, age 20, female",SP.POP.AG20.FE.IN,183611,184916.5,185549,186365,186375.5
Guatemala,GTM,"Age population, age 19, male",SP.POP.AG19.MA.IN,189661,190025,190633.5,190470,190031
Guatemala,GTM,"Age population, age 19, female",SP.POP.AG19.FE.IN,185437,185870.5,186654,186629,186242
Guatemala,GTM,"Age population, age 18, female",SP.POP.AG18.FE.IN,186351.5,186961,186906.5,186487,186825.5
Guatemala,GTM,"Age population, age 18, male",SP.POP.AG18.MA.IN,190671,191143.5,190970,190512,190946.5
Guatemala,GTM,"Age population, age 13, female",SP.POP.AG13.FE.IN,187812.5,187935.5,189171.5,190916,192958.5
Guatemala,GTM,"Age population, age 13, male",SP.POP.AG13.MA.IN,192486,192713.5,194068,195981,198159
Guatemala,GTM,"Age population, age 14, female",SP.POP.AG14.FE.IN,187711,187637.5,187814,189051.5,190798
Guatemala,GTM,"Age population, age 14, male",SP.POP.AG14.MA.IN,192231,192299.5,192568.5,193922,195836
Guatemala,GTM,"Age population, age 15, female",SP.POP.AG15.FE.IN,187284,187480,187479.5,187664.5,188911.5
Guatemala,GTM,"Age population, age 15, male",SP.POP.AG15.MA.IN,191631.5,191976,192101,192373,193732.5
Guatemala,GTM,"Age population, age 16, female",SP.POP.AG16.FE.IN,187552.5,186986.5,187279,187293,187495
Guatemala,GTM,"Age population, age 16, male",SP.POP.AG16.MA.IN,191846.5,191290.5,191707.5,191836,192118.5
Guatemala,GTM,"Age population, age 17, female",SP.POP.AG17.FE.IN,187390,187187,186743,187054.5,187090.5
Guatemala,GTM,"Age population, age 17, male",SP.POP.AG17.MA.IN,191691.5,191404.5,190941,191361.5,191502
Guinea,GIN,"Age population, age 24, male",SP.POP.AG24.MA.IN,128551.5,130719.5,132703,135367,137040.5
Guinea,GIN,"Age population, age 24, female",SP.POP.AG24.FE.IN,126266.5,128239.5,130152.5,132773,134485
Guinea,GIN,"Age population, age 23, male",SP.POP.AG23.MA.IN,131394,133390.5,136157,137971.5,139065
Guinea,GIN,"Age population, age 23, female",SP.POP.AG23.FE.IN,128750,130647,133365.5,135208.5,136369.5
Guinea,GIN,"Age population, age 22, female",SP.POP.AG22.FE.IN,131154,133858,135820.5,137132,139116
Guinea,GIN,"Age population, age 22, male",SP.POP.AG22.MA.IN,134071,136852,138794,140051.5,142007.5
Guinea,GIN,"Age population, age 21, male",SP.POP.AG21.MA.IN,137529.5,139481.5,140887.5,143031,146351.5
Guinea,GIN,"Age population, age 21, female",SP.POP.AG21.FE.IN,134363,136307.5,137756.5,139910.5,143217.5
Guinea,GIN,"Age population, age 20, male",SP.POP.AG20.MA.IN,140139.5,141552.5,143857.5,147377,151459.5
Guinea,GIN,"Age population, age 20, female",SP.POP.AG20.FE.IN,136804.5,138235,140536,144021.5,148040.5
Guinea,GIN,"Age population, age 19, male",SP.POP.AG19.MA.IN,142175,144489.5,148166,152438,156519.5
Guinea,GIN,"Age population, age 19, female",SP.POP.AG19.FE.IN,138718.5,141004.5,144632.5,148819.5,152842
Guinea,GIN,"Age population, age 18, female",SP.POP.AG18.FE.IN,141472,145089.5,149397,153560.5,157394.5
Guinea,GIN,"Age population, age 18, male",SP.POP.AG18.MA.IN,145067.5,148757.5,153162,157400.5,161315.5
Guinea,GIN,"Age population, age 13, female",SP.POP.AG13.FE.IN,163749.5,167870.5,171710,174884.5,177639
Guinea,GIN,"Age population, age 13, male",SP.POP.AG13.MA.IN,168085,172379,176397.5,179747,182658.5
Guinea,GIN,"Age population, age 14, female",SP.POP.AG14.FE.IN,159267,163387,167511.5,171334,174483.5
Guinea,GIN,"Age population, age 14, male",SP.POP.AG14.MA.IN,163437,167724.5,172016,176015,179336
Guinea,GIN,"Age population, age 15, female",SP.POP.AG15.FE.IN,154907.5,158889.5,163013.5,167120.5,170917
Guinea,GIN,"Age population, age 15, male",SP.POP.AG15.MA.IN,158958,163048,167330.5,171603.5,175574
Guinea,GIN,"Age population, age 16, female",SP.POP.AG16.FE.IN,150263.5,154507,158494.5,162591,166660.5
Guinea,GIN,"Age population, age 16, male",SP.POP.AG16.MA.IN,154184.5,158527.5,162610.5,166864.5,171097
Guinea,GIN,"Age population, age 17, female",SP.POP.AG17.FE.IN,145538,149838,154087.5,158024,162055.5
Guinea,GIN,"Age population, age 17, male",SP.POP.AG17.MA.IN,149287.5,153705,158037.5,162065.5,166249.5
Guinea-Bissau,GNB,"Age population, age 24, male",SP.POP.AG24.MA.IN,18230,18731,19195,19662.5,20113.5
Guinea-Bissau,GNB,"Age population, age 24, female",SP.POP.AG24.FE.IN,18160.5,18646,19092,19541.5,19975.5
Guinea-Bissau,GNB,"Age population, age 23, male",SP.POP.AG23.MA.IN,18803.5,19267,19748,20211,20704.5
Guinea-Bissau,GNB,"Age population, age 23, female",SP.POP.AG23.FE.IN,18698,19143.5,19606.5,20051.5,20531
Guinea-Bissau,GNB,"Age population, age 22, female",SP.POP.AG22.FE.IN,19195,19657,20119,20614,21173.5
Guinea-Bissau,GNB,"Age population, age 22, male",SP.POP.AG22.MA.IN,19339.5,19820.5,20300.5,20810,21385.5
Guinea-Bissau,GNB,"Age population, age 21, male",SP.POP.AG21.MA.IN,19892,20372,20902,21497,22015.5
Guinea-Bissau,GNB,"Age population, age 21, female",SP.POP.AG21.FE.IN,19709,20170,20684.5,21262.5,21765.5
Guinea-Bissau,GNB,"Age population, age 20, male",SP.POP.AG20.MA.IN,20442.5,20972.5,21589,22128,22682.5
Guinea-Bissau,GNB,"Age population, age 20, female",SP.POP.AG20.FE.IN,20221,20735,21333.5,21856,22395
Guinea-Bissau,GNB,"Age population, age 19, male",SP.POP.AG19.MA.IN,21041,21658,22217,22790,23427.5
Guinea-Bissau,GNB,"Age population, age 19, female",SP.POP.AG19.FE.IN,20785.5,21383.5,21925,22481.5,23097.5
Guinea-Bissau,GNB,"Age population, age 18, female",SP.POP.AG18.FE.IN,21434,21974.5,22545.5,23175,23817.5
Guinea-Bissau,GNB,"Age population, age 18, male",SP.POP.AG18.MA.IN,21724,22283,22872,23524.5,24191.5
Guinea-Bissau,GNB,"Age population, age 13, female",SP.POP.AG13.FE.IN,24618.5,25054,25555,26165,26777.5
Guinea-Bissau,GNB,"Age population, age 13, male",SP.POP.AG13.MA.IN,25066,25525,26059.5,26711.5,27360
Guinea-Bissau,GNB,"Age population, age 14, female",SP.POP.AG14.FE.IN,24025,24574,25010.5,25516.5,26131.5
Guinea-Bissau,GNB,"Age population, age 14, male",SP.POP.AG14.MA.IN,24443,25015,25474.5,26014,26671
Guinea-Bissau,GNB,"Age population, age 15, female",SP.POP.AG15.FE.IN,23327,23980,24529,24969.5,25480.5
Guinea-Bissau,GNB,"Age population, age 15, male",SP.POP.AG15.MA.IN,23711,24390,24962.5,25426.5,25970.5
Guinea-Bissau,GNB,"Age population, age 16, female",SP.POP.AG16.FE.IN,22642.5,23280,23933.5,24485,24928
Guinea-Bissau,GNB,"Age population, age 16, male",SP.POP.AG16.MA.IN,22994,23655.5,24334,24908.5,25375.5
Guinea-Bissau,GNB,"Age population, age 17, female",SP.POP.AG17.FE.IN,22023.5,22594.5,23233,23883.5,24433
Guinea-Bissau,GNB,"Age population, age 17, male",SP.POP.AG17.MA.IN,22346,22934.5,23596,24272,24844
Guyana,GUY,"Age population, age 24, male",SP.POP.AG24.MA.IN,7938,7967,7821.5,7597.5,7345.5
Guyana,GUY,"Age population, age 24, female",SP.POP.AG24.FE.IN,8002,7943.5,7722.5,7439,7139.5
Guyana,GUY,"Age population, age 23, male",SP.POP.AG23.MA.IN,8051,7958.5,7721.5,7453.5,7167.5
Guyana,GUY,"Age population, age 23, female",SP.POP.AG23.FE.IN,8025,7861,7562,7244.5,6929.5
Guyana,GUY,"Age population, age 22, female",SP.POP.AG22.FE.IN,7941,7699,7364,7029,6743
Guyana,GUY,"Age population, age 22, male",SP.POP.AG22.MA.IN,8041,7857,7573.5,7269.5,6991.5
Guyana,GUY,"Age population, age 21, male",SP.POP.AG21.MA.IN,7936,7705,7384,7087,6896
Guyana,GUY,"Age population, age 21, female",SP.POP.AG21.FE.IN,7777.5,7499,7144.5,6836,6646.5
Guyana,GUY,"Age population, age 20, male",SP.POP.AG20.MA.IN,7779.5,7507.5,7193,6983,6905.5
Guyana,GUY,"Age population, age 20, female",SP.POP.AG20.FE.IN,7574,7273,6944,6732,6657
Guyana,GUY,"Age population, age 19, male",SP.POP.AG19.MA.IN,7575,7306,7079.5,6984,7045.5
Guyana,GUY,"Age population, age 19, female",SP.POP.AG19.FE.IN,7342,7062.5,6830.5,6734,6798
Guyana,GUY,"Age population, age 18, female",SP.POP.AG18.FE.IN,7124,6937,6820.5,6863.5,7027
Guyana,GUY,"Age population, age 18, male",SP.POP.AG18.MA.IN,7365,7179.5,7068,7112.5,7272.5
Guyana,GUY,"Age population, age 13, female",SP.POP.AG13.FE.IN,7399,7529.5,7582.5,7621,7681
Guyana,GUY,"Age population, age 13, male",SP.POP.AG13.MA.IN,7637.5,7767.5,7819.5,7856.5,7912
Guyana,GUY,"Age population, age 14, female",SP.POP.AG14.FE.IN,7220.5,7381,7499.5,7556,7598
Guyana,GUY,"Age population, age 14, male",SP.POP.AG14.MA.IN,7459.5,7620.5,7739,7793,7833
Guyana,GUY,"Age population, age 15, female",SP.POP.AG15.FE.IN,7045.5,7194.5,7337,7465,7531.5
Guyana,GUY,"Age population, age 15, male",SP.POP.AG15.MA.IN,7285.5,7435.5,7580.5,7706.5,7768.5
Guyana,GUY,"Age population, age 16, female",SP.POP.AG16.FE.IN,6956.5,7011.5,7135.5,7293,7437
Guyana,GUY,"Age population, age 16, male",SP.POP.AG16.MA.IN,7195.5,7252.5,7380.5,7538,7677.5
Guyana,GUY,"Age population, age 17, female",SP.POP.AG17.FE.IN,6991,6913,6935.5,7078,7255
Guyana,GUY,"Age population, age 17, male",SP.POP.AG17.MA.IN,7230.5,7154,7182.5,7325.5,7498.5
Haiti,HTI,"Age population, age 24, male",SP.POP.AG24.MA.IN,105175.5,105743.5,106339.5,107561.5,108149
Haiti,HTI,"Age population, age 24, female",SP.POP.AG24.FE.IN,105145,105776,106467,107738,108352
Haiti,HTI,"Age population, age 23, male",SP.POP.AG23.MA.IN,106772,107363,108530.5,109062,108726
Haiti,HTI,"Age population, age 23, female",SP.POP.AG23.FE.IN,106640,107304.5,108504,109055,108773
Haiti,HTI,"Age population, age 22, female",SP.POP.AG22.FE.IN,108167,109341,109805,109444,109817
Haiti,HTI,"Age population, age 22, male",SP.POP.AG22.MA.IN,108387,109553.5,110015,109605.5,109975.5
Haiti,HTI,"Age population, age 21, male",SP.POP.AG21.MA.IN,110556.5,111016,110524,110812,111556
Haiti,HTI,"Age population, age 21, female",SP.POP.AG21.FE.IN,110187,110624.5,110165,110449.5,111112.5
Haiti,HTI,"Age population, age 20, male",SP.POP.AG20.MA.IN,111974,111476.5,111685,112349,113029.5
Haiti,HTI,"Age population, age 20, female",SP.POP.AG20.FE.IN,111437,110949.5,111136,111710,112310
Haiti,HTI,"Age population, age 19, male",SP.POP.AG19.MA.IN,112365,112568.5,113166,113779,114765.5
Haiti,HTI,"Age population, age 19, female",SP.POP.AG19.FE.IN,111709,111870,112356.5,112877,113837
Haiti,HTI,"Age population, age 18, female",SP.POP.AG18.FE.IN,112560.5,113022.5,113470,114365.5,115412.5
Haiti,HTI,"Age population, age 18, male",SP.POP.AG18.MA.IN,113370.5,113962.5,114524.5,115460.5,116509.5
Haiti,HTI,"Age population, age 13, female",SP.POP.AG13.FE.IN,118042,118720.5,119510,120768.5,121116.5
Haiti,HTI,"Age population, age 13, male",SP.POP.AG13.MA.IN,119630,120205,121003.5,122295.5,122560.5
Haiti,HTI,"Age population, age 14, female",SP.POP.AG14.FE.IN,117053,117787.5,118483,119281.5,120545
Haiti,HTI,"Age population, age 14, male",SP.POP.AG14.MA.IN,118572,119309,119894,120689.5,121977.5
Haiti,HTI,"Age population, age 15, female",SP.POP.AG15.FE.IN,115799.5,116724,117475.5,118201.5,119026.5
Haiti,HTI,"Age population, age 15, male",SP.POP.AG15.MA.IN,117200.5,118174,118920.5,119521.5,120331.5
Haiti,HTI,"Age population, age 16, female",SP.POP.AG16.FE.IN,114566.5,115381,116325,117120,117884
Haiti,HTI,"Age population, age 16, male",SP.POP.AG16.MA.IN,115816,116707.5,117690,118463,119089
Haiti,HTI,"Age population, age 17, female",SP.POP.AG17.FE.IN,113629,114053.5,114889.5,115884,116723.5
Haiti,HTI,"Age population, age 17, male",SP.POP.AG17.MA.IN,114665,115219.5,116119,117131.5,117934
Heavily indebted poor countries (HIPC),HPC,"Age population, age 24, male",SP.POP.AG24.MA.IN,..,..,..,..,..
Heavily indebted poor countries (HIPC),HPC,"Age population, age 24, female",SP.POP.AG24.FE.IN,..,..,..,..,..
Heavily indebted poor countries (HIPC),HPC,"Age population, age 23, male",SP.POP.AG23.MA.IN,..,..,..,..,..
Heavily indebted poor countries (HIPC),HPC,"Age population, age 23, female",SP.POP.AG23.FE.IN,..,..,..,..,..
Heavily indebted poor countries (HIPC),HPC,"Age population, age 22, female",SP.POP.AG22.FE.IN,..,..,..,..,..
Heavily indebted poor countries (HIPC),HPC,"Age population, age 22, male",SP.POP.AG22.MA.IN,..,..,..,..,..
Heavily indebted poor countries (HIPC),HPC,"Age population, age 21, male",SP.POP.AG21.MA.IN,..,..,..,..,..
Heavily indebted poor countries (HIPC),HPC,"Age population, age 21, female",SP.POP.AG21.FE.IN,..,..,..,..,..
Heavily indebted poor countries (HIPC),HPC,"Age population, age 20, male",SP.POP.AG20.MA.IN,..,..,..,..,..
Heavily indebted poor countries (HIPC),HPC,"Age population, age 20, female",SP.POP.AG20.FE.IN,..,..,..,..,..
Heavily indebted poor countries (HIPC),HPC,"Age population, age 19, male",SP.POP.AG19.MA.IN,..,..,..,..,..
Heavily indebted poor countries (HIPC),HPC,"Age population, age 19, female",SP.POP.AG19.FE.IN,..,..,..,..,..
Heavily indebted poor countries (HIPC),HPC,"Age population, age 18, female",SP.POP.AG18.FE.IN,..,..,..,..,..
Heavily indebted poor countries (HIPC),HPC,"Age population, age 18, male",SP.POP.AG18.MA.IN,..,..,..,..,..
Heavily indebted poor countries (HIPC),HPC,"Age population, age 13, female",SP.POP.AG13.FE.IN,..,..,..,..,..
Heavily indebted poor countries (HIPC),HPC,"Age population, age 13, male",SP.POP.AG13.MA.IN,..,..,..,..,..
Heavily indebted poor countries (HIPC),HPC,"Age population, age 14, female",SP.POP.AG14.FE.IN,..,..,..,..,..
Heavily indebted poor countries (HIPC),HPC,"Age population, age 14, male",SP.POP.AG14.MA.IN,..,..,..,..,..
Heavily indebted poor countries (HIPC),HPC,"Age population, age 15, female",SP.POP.AG15.FE.IN,..,..,..,..,..
Heavily indebted poor countries (HIPC),HPC,"Age population, age 15, male",SP.POP.AG15.MA.IN,..,..,..,..,..
Heavily indebted poor countries (HIPC),HPC,"Age population, age 16, female",SP.POP.AG16.FE.IN,..,..,..,..,..
Heavily indebted poor countries (HIPC),HPC,"Age population, age 16, male",SP.POP.AG16.MA.IN,..,..,..,..,..
Heavily indebted poor countries (HIPC),HPC,"Age population, age 17, female",SP.POP.AG17.FE.IN,..,..,..,..,..
Heavily indebted poor countries (HIPC),HPC,"Age population, age 17, male",SP.POP.AG17.MA.IN,..,..,..,..,..
High income,HIC,"Age population, age 24, male",SP.POP.AG24.MA.IN,..,..,..,..,..
High income,HIC,"Age population, age 24, female",SP.POP.AG24.FE.IN,..,..,..,..,..
High income,HIC,"Age population, age 23, male",SP.POP.AG23.MA.IN,..,..,..,..,..
High income,HIC,"Age population, age 23, female",SP.POP.AG23.FE.IN,..,..,..,..,..
High income,HIC,"Age population, age 22, female",SP.POP.AG22.FE.IN,..,..,..,..,..
High income,HIC,"Age population, age 22, male",SP.POP.AG22.MA.IN,..,..,..,..,..
High income,HIC,"Age population, age 21, male",SP.POP.AG21.MA.IN,..,..,..,..,..
High income,HIC,"Age population, age 21, female",SP.POP.AG21.FE.IN,..,..,..,..,..
High income,HIC,"Age population, age 20, male",SP.POP.AG20.MA.IN,..,..,..,..,..
High income,HIC,"Age population, age 20, female",SP.POP.AG20.FE.IN,..,..,..,..,..
High income,HIC,"Age population, age 19, male",SP.POP.AG19.MA.IN,..,..,..,..,..
High income,HIC,"Age population, age 19, female",SP.POP.AG19.FE.IN,..,..,..,..,..
High income,HIC,"Age population, age 18, female",SP.POP.AG18.FE.IN,..,..,..,..,..
High income,HIC,"Age population, age 18, male",SP.POP.AG18.MA.IN,..,..,..,..,..
High income,HIC,"Age population, age 13, female",SP.POP.AG13.FE.IN,..,..,..,..,..
High income,HIC,"Age population, age 13, male",SP.POP.AG13.MA.IN,..,..,..,..,..
High income,HIC,"Age population, age 14, female",SP.POP.AG14.FE.IN,..,..,..,..,..
High income,HIC,"Age population, age 14, male",SP.POP.AG14.MA.IN,..,..,..,..,..
High income,HIC,"Age population, age 15, female",SP.POP.AG15.FE.IN,..,..,..,..,..
High income,HIC,"Age population, age 15, male",SP.POP.AG15.MA.IN,..,..,..,..,..
High income,HIC,"Age population, age 16, female",SP.POP.AG16.FE.IN,..,..,..,..,..
High income,HIC,"Age population, age 16, male",SP.POP.AG16.MA.IN,..,..,..,..,..
High income,HIC,"Age population, age 17, female",SP.POP.AG17.FE.IN,..,..,..,..,..
High income,HIC,"Age population, age 17, male",SP.POP.AG17.MA.IN,..,..,..,..,..
Honduras,HND,"Age population, age 24, male",SP.POP.AG24.MA.IN,101264.5,102637.5,104416,106513.5,107879
Honduras,HND,"Age population, age 24, female",SP.POP.AG24.FE.IN,97549.5,98818,100467.5,102405,103615.5
Honduras,HND,"Age population, age 23, male",SP.POP.AG23.MA.IN,102900,104669,106753,108107,108414
Honduras,HND,"Age population, age 23, female",SP.POP.AG23.FE.IN,99010,100650,102575.5,103776.5,103953
Honduras,HND,"Age population, age 22, female",SP.POP.AG22.FE.IN,100841.5,102758.5,103943.5,104107,103808
Honduras,HND,"Age population, age 22, male",SP.POP.AG22.MA.IN,104933,107010.5,108348,108639.5,108423.5
Honduras,HND,"Age population, age 21, male",SP.POP.AG21.MA.IN,107275.5,108606,108877.5,108643.5,108401.5
Honduras,HND,"Age population, age 21, female",SP.POP.AG21.FE.IN,102948.5,104125.5,104270,103954.5,103677.5
Honduras,HND,"Age population, age 20, male",SP.POP.AG20.MA.IN,108866.5,109129.5,108875,108615,108415.5
Honduras,HND,"Age population, age 20, female",SP.POP.AG20.FE.IN,104312,104448,104112.5,103818.5,103611
Honduras,HND,"Age population, age 19, male",SP.POP.AG19.MA.IN,109378,109114.5,108835.5,108620,108224
Honduras,HND,"Age population, age 19, female",SP.POP.AG19.FE.IN,104626,104282,103970,103747,103353.5
Honduras,HND,"Age population, age 18, female",SP.POP.AG18.FE.IN,104447.5,104127.5,103889.5,103483.5,103350
Honduras,HND,"Age population, age 18, male",SP.POP.AG18.MA.IN,109341,109053.5,108822,108412.5,108308.5
Honduras,HND,"Age population, age 13, female",SP.POP.AG13.FE.IN,104051.5,104304.5,104314,104240,104425.5
Honduras,HND,"Age population, age 13, male",SP.POP.AG13.MA.IN,109158,109403.5,109421,109377.5,109578.5
Honduras,HND,"Age population, age 14, female",SP.POP.AG14.FE.IN,103758.5,103988.5,104243.5,104254.5,104181.5
Honduras,HND,"Age population, age 14, male",SP.POP.AG14.MA.IN,108837,109085,109333,109352.5,109310
Honduras,HND,"Age population, age 15, female",SP.POP.AG15.FE.IN,103834,103677,103910.5,104171,104186
Honduras,HND,"Age population, age 15, male",SP.POP.AG15.MA.IN,108870,108741,108992.5,109245,109268.5
Honduras,HND,"Age population, age 16, female",SP.POP.AG16.FE.IN,104155,103731.5,103579,103819.5,104086
Honduras,HND,"Age population, age 16, male",SP.POP.AG16.MA.IN,109171.5,108743.5,108619.5,108878.5,109136.5
Honduras,HND,"Age population, age 17, female",SP.POP.AG17.FE.IN,104274,104029.5,103611.5,103468.5,103717
Honduras,HND,"Age population, age 17, male",SP.POP.AG17.MA.IN,109249.5,109010.5,108588.5,108474.5,108741
"Hong Kong SAR, China",HKG,"Age population, age 24, male",SP.POP.AG24.MA.IN,38918.5,35193.5,32608.5,31340,29037
"Hong Kong SAR, China",HKG,"Age population, age 24, female",SP.POP.AG24.FE.IN,41369.5,36980.5,33518,30874,28254.5
"Hong Kong SAR, China",HKG,"Age population, age 23, male",SP.POP.AG23.MA.IN,35249.5,32662,31629.5,29272,26335
"Hong Kong SAR, China",HKG,"Age population, age 23, female",SP.POP.AG23.FE.IN,37078,33614.5,31237,28523.5,26101
"Hong Kong SAR, China",HKG,"Age population, age 22, female",SP.POP.AG22.FE.IN,33711,31333,29008,26643.5,25172
"Hong Kong SAR, China",HKG,"Age population, age 22, male",SP.POP.AG22.MA.IN,32716,31682.5,29659,26789,24807.5
"Hong Kong SAR, China",HKG,"Age population, age 21, male",SP.POP.AG21.MA.IN,31735.5,29710.5,27257.5,25456.5,24540
"Hong Kong SAR, China",HKG,"Age population, age 21, female",SP.POP.AG21.FE.IN,31428,29102.5,27230,25957.5,24870
"Hong Kong SAR, China",HKG,"Age population, age 20, male",SP.POP.AG20.MA.IN,29760,27306,25963,25296,25450
"Hong Kong SAR, China",HKG,"Age population, age 20, female",SP.POP.AG20.FE.IN,29193.5,27320.5,26592,25790.5,25138.5
"Hong Kong SAR, China",HKG,"Age population, age 19, male",SP.POP.AG19.MA.IN,27351.5,26007.5,25779.5,26189,27279.5
"Hong Kong SAR, China",HKG,"Age population, age 19, female",SP.POP.AG19.FE.IN,27405,26676.5,26396.5,26039,26458.5
"Hong Kong SAR, China",HKG,"Age population, age 18, female",SP.POP.AG18.FE.IN,26752.5,26472.5,26548,27207,28454.5
"Hong Kong SAR, China",HKG,"Age population, age 18, male",SP.POP.AG18.MA.IN,26048.5,25820,26595,27894.5,29430.5
"Hong Kong SAR, China",HKG,"Age population, age 13, female",SP.POP.AG13.FE.IN,29325,27291.5,27480.5,30596,31854
"Hong Kong SAR, China",HKG,"Age population, age 13, male",SP.POP.AG13.MA.IN,30238.5,28218,28458,31851,33053
"Hong Kong SAR, China",HKG,"Age population, age 14, female",SP.POP.AG14.FE.IN,29282,29302,27269.5,27425,30588.5
"Hong Kong SAR, China",HKG,"Age population, age 14, male",SP.POP.AG14.MA.IN,30088.5,30223.5,28203.5,28413,31841
"Hong Kong SAR, China",HKG,"Age population, age 15, female",SP.POP.AG15.FE.IN,27676,29250,29270,27198,27394.5
"Hong Kong SAR, China",HKG,"Age population, age 15, male",SP.POP.AG15.MA.IN,28245.5,30069.5,30205,28147.5,28384
"Hong Kong SAR, China",HKG,"Age population, age 16, female",SP.POP.AG16.FE.IN,26668.5,27633.5,29208,29145,27081.5
"Hong Kong SAR, China",HKG,"Age population, age 16, male",SP.POP.AG16.MA.IN,26661,28221,30045,30106,28048
"Hong Kong SAR, China",HKG,"Age population, age 17, female",SP.POP.AG17.FE.IN,26538.5,26614,27578.5,28976.5,28855.5
"Hong Kong SAR, China",HKG,"Age population, age 17, male",SP.POP.AG17.MA.IN,25856,26631.5,28191,29861,29864.5
Hungary,HUN,"Age population, age 24, male",SP.POP.AG24.MA.IN,57070,54094,52331,52867,53575
Hungary,HUN,"Age population, age 24, female",SP.POP.AG24.FE.IN,53250,50802.5,49509.5,49700,50338.5
Hungary,HUN,"Age population, age 23, male",SP.POP.AG23.MA.IN,53813,52107.5,52433,53243,52988
Hungary,HUN,"Age population, age 23, female",SP.POP.AG23.FE.IN,50497,49279.5,49320,50101,50018
Hungary,HUN,"Age population, age 22, female",SP.POP.AG22.FE.IN,48974.5,49097,49579.5,49465,49231
Hungary,HUN,"Age population, age 22, male",SP.POP.AG22.MA.IN,51828,52212.5,52655,52323,51977.5
Hungary,HUN,"Age population, age 21, male",SP.POP.AG21.MA.IN,51938.5,52437.5,51599.5,51017,51362
Hungary,HUN,"Age population, age 21, female",SP.POP.AG21.FE.IN,48798,49359.5,48815,48396,48573
Hungary,HUN,"Age population, age 20, male",SP.POP.AG20.MA.IN,52169,51380,50229,50240,52273.5
Hungary,HUN,"Age population, age 20, female",SP.POP.AG20.FE.IN,49067.5,48595,47682,47578.5,49180
Hungary,HUN,"Age population, age 19, male",SP.POP.AG19.MA.IN,51125.5,50010,49479.5,51180.5,53531.5
Hungary,HUN,"Age population, age 19, female",SP.POP.AG19.FE.IN,48318.5,47466,46887,48203,50539.5
Hungary,HUN,"Age population, age 18, female",SP.POP.AG18.FE.IN,47208,46676,47611.5,49730,50192.5
Hungary,HUN,"Age population, age 18, male",SP.POP.AG18.MA.IN,49773.5,49265,50531.5,52627,52758
Hungary,HUN,"Age population, age 13, female",SP.POP.AG13.FE.IN,48515,48405,46374.5,44363.5,44260
Hungary,HUN,"Age population, age 13, male",SP.POP.AG13.MA.IN,50926,50881.5,48598,46567,47101.5
Hungary,HUN,"Age population, age 14, female",SP.POP.AG14.FE.IN,48925,48659.5,48627.5,46522,44352.5
Hungary,HUN,"Age population, age 14, male",SP.POP.AG14.MA.IN,51386,51067.5,51110.5,48760.5,46573.5
Hungary,HUN,"Age population, age 15, female",SP.POP.AG15.FE.IN,48873,49092.5,48884,48785.5,46537
Hungary,HUN,"Age population, age 15, male",SP.POP.AG15.MA.IN,51731,51550.5,51302.5,51285.5,48794
Hungary,HUN,"Age population, age 16, female",SP.POP.AG16.FE.IN,47190,49060.5,49318.5,49098.5,48895.5
Hungary,HUN,"Age population, age 16, male",SP.POP.AG16.MA.IN,50121.5,51908.5,51782.5,51536.5,51422.5
Hungary,HUN,"Age population, age 17, female",SP.POP.AG17.FE.IN,46440.5,47401,49277,49633.5,49400
Hungary,HUN,"Age population, age 17, male",SP.POP.AG17.MA.IN,49048,50316,52130,52128.5,51884.5
IBRD only,IBD,"Age population, age 24, male",SP.POP.AG24.MA.IN,..,..,..,..,..
IBRD only,IBD,"Age population, age 24, female",SP.POP.AG24.FE.IN,..,..,..,..,..
IBRD only,IBD,"Age population, age 23, male",SP.POP.AG23.MA.IN,..,..,..,..,..
IBRD only,IBD,"Age population, age 23, female",SP.POP.AG23.FE.IN,..,..,..,..,..
IBRD only,IBD,"Age population, age 22, female",SP.POP.AG22.FE.IN,..,..,..,..,..
IBRD only,IBD,"Age population, age 22, male",SP.POP.AG22.MA.IN,..,..,..,..,..
IBRD only,IBD,"Age population, age 21, male",SP.POP.AG21.MA.IN,..,..,..,..,..
IBRD only,IBD,"Age population, age 21, female",SP.POP.AG21.FE.IN,..,..,..,..,..
IBRD only,IBD,"Age population, age 20, male",SP.POP.AG20.MA.IN,..,..,..,..,..
IBRD only,IBD,"Age population, age 20, female",SP.POP.AG20.FE.IN,..,..,..,..,..
IBRD only,IBD,"Age population, age 19, male",SP.POP.AG19.MA.IN,..,..,..,..,..
IBRD only,IBD,"Age population, age 19, female",SP.POP.AG19.FE.IN,..,..,..,..,..
IBRD only,IBD,"Age population, age 18, female",SP.POP.AG18.FE.IN,..,..,..,..,..
IBRD only,IBD,"Age population, age 18, male",SP.POP.AG18.MA.IN,..,..,..,..,..
IBRD only,IBD,"Age population, age 13, female",SP.POP.AG13.FE.IN,..,..,..,..,..
IBRD only,IBD,"Age population, age 13, male",SP.POP.AG13.MA.IN,..,..,..,..,..
IBRD only,IBD,"Age population, age 14, female",SP.POP.AG14.FE.IN,..,..,..,..,..
IBRD only,IBD,"Age population, age 14, male",SP.POP.AG14.MA.IN,..,..,..,..,..
IBRD only,IBD,"Age population, age 15, female",SP.POP.AG15.FE.IN,..,..,..,..,..
IBRD only,IBD,"Age population, age 15, male",SP.POP.AG15.MA.IN,..,..,..,..,..
IBRD only,IBD,"Age population, age 16, female",SP.POP.AG16.FE.IN,..,..,..,..,..
IBRD only,IBD,"Age population, age 16, male",SP.POP.AG16.MA.IN,..,..,..,..,..
IBRD only,IBD,"Age population, age 17, female",SP.POP.AG17.FE.IN,..,..,..,..,..
IBRD only,IBD,"Age population, age 17, male",SP.POP.AG17.MA.IN,..,..,..,..,..
Iceland,ISL,"Age population, age 24, male",SP.POP.AG24.MA.IN,2850,2823,2753,2770.5,2804
Iceland,ISL,"Age population, age 24, female",SP.POP.AG24.FE.IN,2647,2661,2704.5,2753.5,2697
Iceland,ISL,"Age population, age 23, male",SP.POP.AG23.MA.IN,2713,2645.5,2685.5,2730.5,2653
Iceland,ISL,"Age population, age 23, female",SP.POP.AG23.FE.IN,2543.5,2590.5,2673.5,2638,2582
Iceland,ISL,"Age population, age 22, female",SP.POP.AG22.FE.IN,2472.5,2558.5,2554,2515,2556.5
Iceland,ISL,"Age population, age 22, male",SP.POP.AG22.MA.IN,2536.5,2579.5,2642,2571,2585
Iceland,ISL,"Age population, age 21, male",SP.POP.AG21.MA.IN,2473,2538.5,2480.5,2496,2621.5
Iceland,ISL,"Age population, age 21, female",SP.POP.AG21.FE.IN,2442.5,2440.5,2429,2483.5,2556.5
Iceland,ISL,"Age population, age 20, male",SP.POP.AG20.MA.IN,2436.5,2382,2408,2532,2629.5
Iceland,ISL,"Age population, age 20, female",SP.POP.AG20.FE.IN,2330,2320.5,2399,2482,2507
Iceland,ISL,"Age population, age 19, male",SP.POP.AG19.MA.IN,2287.5,2316,2450,2546,2601
Iceland,ISL,"Age population, age 19, female",SP.POP.AG19.FE.IN,2217,2298,2403,2437,2455
Iceland,ISL,"Age population, age 18, female",SP.POP.AG18.FE.IN,2205,2312.5,2368.5,2396.5,2450.5
Iceland,ISL,"Age population, age 18, male",SP.POP.AG18.MA.IN,2232,2367,2474.5,2530.5,2584
Iceland,ISL,"Age population, age 13, female",SP.POP.AG13.FE.IN,2348.5,2447,2482.5,2402,2344
Iceland,ISL,"Age population, age 13, male",SP.POP.AG13.MA.IN,2479.5,2594.5,2635.5,2546.5,2470.5
Iceland,ISL,"Age population, age 14, female",SP.POP.AG14.FE.IN,2278.5,2373.5,2472,2499,2412.5
Iceland,ISL,"Age population, age 14, male",SP.POP.AG14.MA.IN,2412,2502,2617,2652.5,2560.5
Iceland,ISL,"Age population, age 15, female",SP.POP.AG15.FE.IN,2225.5,2315.5,2410,2493.5,2510.5
Iceland,ISL,"Age population, age 15, male",SP.POP.AG15.MA.IN,2370.5,2445,2534.5,2638.5,2667.5
Iceland,ISL,"Age population, age 16, female",SP.POP.AG16.FE.IN,2224.5,2276.5,2365,2440,2510.5
Iceland,ISL,"Age population, age 16, male",SP.POP.AG16.MA.IN,2344.5,2415.5,2489.5,2564.5,2659.5
Iceland,ISL,"Age population, age 17, female",SP.POP.AG17.FE.IN,2232,2290,2340.5,2406.5,2468
Iceland,ISL,"Age population, age 17, male",SP.POP.AG17.MA.IN,2295.5,2403.5,2473.5,2532,2598.5
IDA & IBRD total,IBT,"Age population, age 24, male",SP.POP.AG24.MA.IN,..,..,..,..,..
IDA & IBRD total,IBT,"Age population, age 24, female",SP.POP.AG24.FE.IN,..,..,..,..,..
IDA & IBRD total,IBT,"Age population, age 23, male",SP.POP.AG23.MA.IN,..,..,..,..,..
IDA & IBRD total,IBT,"Age population, age 23, female",SP.POP.AG23.FE.IN,..,..,..,..,..
IDA & IBRD total,IBT,"Age population, age 22, female",SP.POP.AG22.FE.IN,..,..,..,..,..
IDA & IBRD total,IBT,"Age population, age 22, male",SP.POP.AG22.MA.IN,..,..,..,..,..
IDA & IBRD total,IBT,"Age population, age 21, male",SP.POP.AG21.MA.IN,..,..,..,..,..
IDA & IBRD total,IBT,"Age population, age 21, female",SP.POP.AG21.FE.IN,..,..,..,..,..
IDA & IBRD total,IBT,"Age population, age 20, male",SP.POP.AG20.MA.IN,..,..,..,..,..
IDA & IBRD total,IBT,"Age population, age 20, female",SP.POP.AG20.FE.IN,..,..,..,..,..
IDA & IBRD total,IBT,"Age population, age 19, male",SP.POP.AG19.MA.IN,..,..,..,..,..
IDA & IBRD total,IBT,"Age population, age 19, female",SP.POP.AG19.FE.IN,..,..,..,..,..
IDA & IBRD total,IBT,"Age population, age 18, female",SP.POP.AG18.FE.IN,..,..,..,..,..
IDA & IBRD total,IBT,"Age population, age 18, male",SP.POP.AG18.MA.IN,..,..,..,..,..
IDA & IBRD total,IBT,"Age population, age 13, female",SP.POP.AG13.FE.IN,..,..,..,..,..
IDA & IBRD total,IBT,"Age population, age 13, male",SP.POP.AG13.MA.IN,..,..,..,..,..
IDA & IBRD total,IBT,"Age population, age 14, female",SP.POP.AG14.FE.IN,..,..,..,..,..
IDA & IBRD total,IBT,"Age population, age 14, male",SP.POP.AG14.MA.IN,..,..,..,..,..
IDA & IBRD total,IBT,"Age population, age 15, female",SP.POP.AG15.FE.IN,..,..,..,..,..
IDA & IBRD total,IBT,"Age population, age 15, male",SP.POP.AG15.MA.IN,..,..,..,..,..
IDA & IBRD total,IBT,"Age population, age 16, female",SP.POP.AG16.FE.IN,..,..,..,..,..
IDA & IBRD total,IBT,"Age population, age 16, male",SP.POP.AG16.MA.IN,..,..,..,..,..
IDA & IBRD total,IBT,"Age population, age 17, female",SP.POP.AG17.FE.IN,..,..,..,..,..
IDA & IBRD total,IBT,"Age population, age 17, male",SP.POP.AG17.MA.IN,..,..,..,..,..
IDA blend,IDB,"Age population, age 24, male",SP.POP.AG24.MA.IN,..,..,..,..,..
IDA blend,IDB,"Age population, age 24, female",SP.POP.AG24.FE.IN,..,..,..,..,..
IDA blend,IDB,"Age population, age 23, male",SP.POP.AG23.MA.IN,..,..,..,..,..
IDA blend,IDB,"Age population, age 23, female",SP.POP.AG23.FE.IN,..,..,..,..,..
IDA blend,IDB,"Age population, age 22, female",SP.POP.AG22.FE.IN,..,..,..,..,..
IDA blend,IDB,"Age population, age 22, male",SP.POP.AG22.MA.IN,..,..,..,..,..
IDA blend,IDB,"Age population, age 21, male",SP.POP.AG21.MA.IN,..,..,..,..,..
IDA blend,IDB,"Age population, age 21, female",SP.POP.AG21.FE.IN,..,..,..,..,..
IDA blend,IDB,"Age population, age 20, male",SP.POP.AG20.MA.IN,..,..,..,..,..
IDA blend,IDB,"Age population, age 20, female",SP.POP.AG20.FE.IN,..,..,..,..,..
IDA blend,IDB,"Age population, age 19, male",SP.POP.AG19.MA.IN,..,..,..,..,..
IDA blend,IDB,"Age population, age 19, female",SP.POP.AG19.FE.IN,..,..,..,..,..
IDA blend,IDB,"Age population, age 18, female",SP.POP.AG18.FE.IN,..,..,..,..,..
IDA blend,IDB,"Age population, age 18, male",SP.POP.AG18.MA.IN,..,..,..,..,..
IDA blend,IDB,"Age population, age 13, female",SP.POP.AG13.FE.IN,..,..,..,..,..
IDA blend,IDB,"Age population, age 13, male",SP.POP.AG13.MA.IN,..,..,..,..,..
IDA blend,IDB,"Age population, age 14, female",SP.POP.AG14.FE.IN,..,..,..,..,..
IDA blend,IDB,"Age population, age 14, male",SP.POP.AG14.MA.IN,..,..,..,..,..
IDA blend,IDB,"Age population, age 15, female",SP.POP.AG15.FE.IN,..,..,..,..,..
IDA blend,IDB,"Age population, age 15, male",SP.POP.AG15.MA.IN,..,..,..,..,..
IDA blend,IDB,"Age population, age 16, female",SP.POP.AG16.FE.IN,..,..,..,..,..
IDA blend,IDB,"Age population, age 16, male",SP.POP.AG16.MA.IN,..,..,..,..,..
IDA blend,IDB,"Age population, age 17, female",SP.POP.AG17.FE.IN,..,..,..,..,..
IDA blend,IDB,"Age population, age 17, male",SP.POP.AG17.MA.IN,..,..,..,..,..
IDA only,IDX,"Age population, age 24, male",SP.POP.AG24.MA.IN,..,..,..,..,..
IDA only,IDX,"Age population, age 24, female",SP.POP.AG24.FE.IN,..,..,..,..,..
IDA only,IDX,"Age population, age 23, male",SP.POP.AG23.MA.IN,..,..,..,..,..
IDA only,IDX,"Age population, age 23, female",SP.POP.AG23.FE.IN,..,..,..,..,..
IDA only,IDX,"Age population, age 22, female",SP.POP.AG22.FE.IN,..,..,..,..,..
IDA only,IDX,"Age population, age 22, male",SP.POP.AG22.MA.IN,..,..,..,..,..
IDA only,IDX,"Age population, age 21, male",SP.POP.AG21.MA.IN,..,..,..,..,..
IDA only,IDX,"Age population, age 21, female",SP.POP.AG21.FE.IN,..,..,..,..,..
IDA only,IDX,"Age population, age 20, male",SP.POP.AG20.MA.IN,..,..,..,..,..
IDA only,IDX,"Age population, age 20, female",SP.POP.AG20.FE.IN,..,..,..,..,..
IDA only,IDX,"Age population, age 19, male",SP.POP.AG19.MA.IN,..,..,..,..,..
IDA only,IDX,"Age population, age 19, female",SP.POP.AG19.FE.IN,..,..,..,..,..
IDA only,IDX,"Age population, age 18, female",SP.POP.AG18.FE.IN,..,..,..,..,..
IDA only,IDX,"Age population, age 18, male",SP.POP.AG18.MA.IN,..,..,..,..,..
IDA only,IDX,"Age population, age 13, female",SP.POP.AG13.FE.IN,..,..,..,..,..
IDA only,IDX,"Age population, age 13, male",SP.POP.AG13.MA.IN,..,..,..,..,..
IDA only,IDX,"Age population, age 14, female",SP.POP.AG14.FE.IN,..,..,..,..,..
IDA only,IDX,"Age population, age 14, male",SP.POP.AG14.MA.IN,..,..,..,..,..
IDA only,IDX,"Age population, age 15, female",SP.POP.AG15.FE.IN,..,..,..,..,..
IDA only,IDX,"Age population, age 15, male",SP.POP.AG15.MA.IN,..,..,..,..,..
IDA only,IDX,"Age population, age 16, female",SP.POP.AG16.FE.IN,..,..,..,..,..
IDA only,IDX,"Age population, age 16, male",SP.POP.AG16.MA.IN,..,..,..,..,..
IDA only,IDX,"Age population, age 17, female",SP.POP.AG17.FE.IN,..,..,..,..,..
IDA only,IDX,"Age population, age 17, male",SP.POP.AG17.MA.IN,..,..,..,..,..
IDA total,IDA,"Age population, age 24, male",SP.POP.AG24.MA.IN,..,..,..,..,..
IDA total,IDA,"Age population, age 24, female",SP.POP.AG24.FE.IN,..,..,..,..,..
IDA total,IDA,"Age population, age 23, male",SP.POP.AG23.MA.IN,..,..,..,..,..
IDA total,IDA,"Age population, age 23, female",SP.POP.AG23.FE.IN,..,..,..,..,..
IDA total,IDA,"Age population, age 22, female",SP.POP.AG22.FE.IN,..,..,..,..,..
IDA total,IDA,"Age population, age 22, male",SP.POP.AG22.MA.IN,..,..,..,..,..
IDA total,IDA,"Age population, age 21, male",SP.POP.AG21.MA.IN,..,..,..,..,..
IDA total,IDA,"Age population, age 21, female",SP.POP.AG21.FE.IN,..,..,..,..,..
IDA total,IDA,"Age population, age 20, male",SP.POP.AG20.MA.IN,..,..,..,..,..
IDA total,IDA,"Age population, age 20, female",SP.POP.AG20.FE.IN,..,..,..,..,..
IDA total,IDA,"Age population, age 19, male",SP.POP.AG19.MA.IN,..,..,..,..,..
IDA total,IDA,"Age population, age 19, female",SP.POP.AG19.FE.IN,..,..,..,..,..
IDA total,IDA,"Age population, age 18, female",SP.POP.AG18.FE.IN,..,..,..,..,..
IDA total,IDA,"Age population, age 18, male",SP.POP.AG18.MA.IN,..,..,..,..,..
IDA total,IDA,"Age population, age 13, female",SP.POP.AG13.FE.IN,..,..,..,..,..
IDA total,IDA,"Age population, age 13, male",SP.POP.AG13.MA.IN,..,..,..,..,..
IDA total,IDA,"Age population, age 14, female",SP.POP.AG14.FE.IN,..,..,..,..,..
IDA total,IDA,"Age population, age 14, male",SP.POP.AG14.MA.IN,..,..,..,..,..
IDA total,IDA,"Age population, age 15, female",SP.POP.AG15.FE.IN,..,..,..,..,..
IDA total,IDA,"Age population, age 15, male",SP.POP.AG15.MA.IN,..,..,..,..,..
IDA total,IDA,"Age population, age 16, female",SP.POP.AG16.FE.IN,..,..,..,..,..
IDA total,IDA,"Age population, age 16, male",SP.POP.AG16.MA.IN,..,..,..,..,..
IDA total,IDA,"Age population, age 17, female",SP.POP.AG17.FE.IN,..,..,..,..,..
IDA total,IDA,"Age population, age 17, male",SP.POP.AG17.MA.IN,..,..,..,..,..
India,IND,"Age population, age 24, male",SP.POP.AG24.MA.IN,13153779,13235725.5,13313559.5,13454946.5,13624299.5
India,IND,"Age population, age 24, female",SP.POP.AG24.FE.IN,11925374.5,11988595,12056443,12184335.5,12349360.5
India,IND,"Age population, age 23, male",SP.POP.AG23.MA.IN,13268563.5,13351782,13488983.5,13656794.5,13690610
India,IND,"Age population, age 23, female",SP.POP.AG23.FE.IN,12016972.5,12090663.5,12213670,12376772,12436197
India,IND,"Age population, age 22, female",SP.POP.AG22.FE.IN,12118020,12247097,12408221,12468672.5,12395965
India,IND,"Age population, age 22, male",SP.POP.AG22.MA.IN,13383271,13526136.5,13693096,13728654,13640757.5
India,IND,"Age population, age 21, male",SP.POP.AG21.MA.IN,13556127,13728706.5,13766343.5,13683214,13587568
India,IND,"Age population, age 21, female",SP.POP.AG21.FE.IN,12273333.5,12440456,12501518,12432498,12334677
India,IND,"Age population, age 20, male",SP.POP.AG20.MA.IN,13756975,13799837.5,13720599.5,13631608,13493698
India,IND,"Age population, age 20, female",SP.POP.AG20.FE.IN,12465416,12532119.5,12465299.5,12372798.5,12249168
India,IND,"Age population, age 19, male",SP.POP.AG19.MA.IN,13826007,13751485,13666601.5,13535372.5,13355356.5
India,IND,"Age population, age 19, female",SP.POP.AG19.FE.IN,12555552.5,12493871.5,12403760,12285470,12134014.5
India,IND,"Age population, age 18, female",SP.POP.AG18.FE.IN,12515542.5,12430001,12312947,12165405.5,12047601.5
India,IND,"Age population, age 18, male",SP.POP.AG18.MA.IN,13775249.5,13694537,13566070.5,13391140,13250059
India,IND,"Age population, age 13, female",SP.POP.AG13.FE.IN,12077264.5,12106144,12083891.5,12006169.5,11950664.5
India,IND,"Age population, age 13, male",SP.POP.AG13.MA.IN,13276831.5,13310112.5,13291468.5,13199761.5,13111836.5
India,IND,"Age population, age 14, female",SP.POP.AG14.FE.IN,12120288.5,12067385.5,12095077,12074629.5,11998106.5
India,IND,"Age population, age 14, male",SP.POP.AG14.MA.IN,13327295,13267048.5,13299364,13282100.5,13191248.5
India,IND,"Age population, age 15, female",SP.POP.AG15.FE.IN,12223970.5,12107873,12053237,12083766,12065152.5
India,IND,"Age population, age 15, male",SP.POP.AG15.MA.IN,13452718.5,13314893,13253201,13287787,13271909.5
India,IND,"Age population, age 16, female",SP.POP.AG16.FE.IN,12354017,12208954.5,12090462,12039055,12071282
India,IND,"Age population, age 16, male",SP.POP.AG16.MA.IN,13609003.5,13437401,13297526.5,13238340,13274066
India,IND,"Age population, age 17, female",SP.POP.AG17.FE.IN,12449703.5,12336535,12188345.5,12072257,12021279
India,IND,"Age population, age 17, male",SP.POP.AG17.MA.IN,13715683,13590703,13416360,13277940,13218459
Indonesia,IDN,"Age population, age 24, male",SP.POP.AG24.MA.IN,2287705,2286994.5,2260317.5,2234771,2228221
Indonesia,IDN,"Age population, age 24, female",SP.POP.AG24.FE.IN,2181939.5,2180839.5,2154082.5,2128770.5,2121855
Indonesia,IDN,"Age population, age 23, male",SP.POP.AG23.MA.IN,2291291.5,2264729,2239618.5,2233550.5,2236388.5
Indonesia,IDN,"Age population, age 23, female",SP.POP.AG23.FE.IN,2183783,2157164.5,2132418.5,2126114.5,2127870.5
Indonesia,IDN,"Age population, age 22, female",SP.POP.AG22.FE.IN,2160016.5,2135447.5,2130342.5,2133334.5,2134730
Indonesia,IDN,"Age population, age 22, male",SP.POP.AG22.MA.IN,2268992.5,2244027,2239107,2243126,2245053
Indonesia,IDN,"Age population, age 21, male",SP.POP.AG21.MA.IN,2248256.5,2243517,2249307.5,2253024.5,2266392.5
Indonesia,IDN,"Age population, age 21, female",SP.POP.AG21.FE.IN,2138247.5,2133345.5,2138087,2141262.5,2154156
Indonesia,IDN,"Age population, age 20, male",SP.POP.AG20.MA.IN,2247689.5,2253667.5,2259494,2275009,2317154
Indonesia,IDN,"Age population, age 20, female",SP.POP.AG20.FE.IN,2136117.5,2141063,2146282.5,2161261,2201970
Indonesia,IDN,"Age population, age 19, male",SP.POP.AG19.MA.IN,2257685.5,2263683,2281284,2325576,2367662.5
Indonesia,IDN,"Age population, age 19, female",SP.POP.AG19.FE.IN,2143781,2149188.5,2166167.5,2208930,2249621.5
Indonesia,IDN,"Age population, age 18, female",SP.POP.AG18.FE.IN,2151785.5,2168941,2213367.5,2255743.5,2286358.5
Indonesia,IDN,"Age population, age 18, male",SP.POP.AG18.MA.IN,2267398.5,2285165.5,2331209,2375061,2406581.5
Indonesia,IDN,"Age population, age 13, female",SP.POP.AG13.FE.IN,2309838.5,2310777.5,2335560.5,2382420.5,2418861.5
Indonesia,IDN,"Age population, age 13, male",SP.POP.AG13.MA.IN,2432186,2432471.5,2458675,2509314,2548718.5
Indonesia,IDN,"Age population, age 14, female",SP.POP.AG14.FE.IN,2297606.5,2308514.5,2309428.5,2334216.5,2381065
Indonesia,IDN,"Age population, age 14, male",SP.POP.AG14.MA.IN,2420141,2430731.5,2430997.5,2457230,2507878
Indonesia,IDN,"Age population, age 15, female",SP.POP.AG15.FE.IN,2263614.5,2296027.5,2306881.5,2307801,2332573
Indonesia,IDN,"Age population, age 15, male",SP.POP.AG15.MA.IN,2384925.5,2418317.5,2428862.5,2429150,2455379
Indonesia,IDN,"Age population, age 16, female",SP.POP.AG16.FE.IN,2218103.5,2261744.5,2294060.5,2304749,2305501.5
Indonesia,IDN,"Age population, age 16, male",SP.POP.AG16.MA.IN,2337464,2382639.5,2415941,2426321,2426444.5
Indonesia,IDN,"Age population, age 17, female",SP.POP.AG17.FE.IN,2171344,2215945,2259446,2291192.5,2301316
Indonesia,IDN,"Age population, age 17, male",SP.POP.AG17.MA.IN,2288450.5,2334669,2379707,2412410,2422206
"Iran, Islamic Rep.",IRN,"Age population, age 24, male",SP.POP.AG24.MA.IN,598749.5,595331,599208,597448.5,594334.5
"Iran, Islamic Rep.",IRN,"Age population, age 24, female",SP.POP.AG24.FE.IN,579564,574516,574216,570681.5,568109.5
"Iran, Islamic Rep.",IRN,"Age population, age 23, male",SP.POP.AG23.MA.IN,588986.5,593454,594117.5,592743,592350.5
"Iran, Islamic Rep.",IRN,"Age population, age 23, female",SP.POP.AG23.FE.IN,567185,567555.5,566788,566173.5,566798
"Iran, Islamic Rep.",IRN,"Age population, age 22, female",SP.POP.AG22.FE.IN,560215.5,560116.5,562623,565507,568300
"Iran, Islamic Rep.",IRN,"Age population, age 22, male",SP.POP.AG22.MA.IN,587174.5,588431.5,589824,591464,594010
"Iran, Islamic Rep.",IRN,"Age population, age 21, male",SP.POP.AG21.MA.IN,582362.5,584336.5,589013.5,593828.5,601731.5
"Iran, Islamic Rep.",IRN,"Age population, age 21, female",SP.POP.AG21.FE.IN,552923.5,556084.5,562363,567654.5,574743
"Iran, Islamic Rep.",IRN,"Age population, age 20, male",SP.POP.AG20.MA.IN,578631.5,583863,591797,602057,617845.5
"Iran, Islamic Rep.",IRN,"Age population, age 20, female",SP.POP.AG20.FE.IN,549217.5,556120,564890,574565,588864
"Iran, Islamic Rep.",IRN,"Age population, age 19, male",SP.POP.AG19.MA.IN,578668,587111,600341.5,618383,638155
"Iran, Islamic Rep.",IRN,"Age population, age 19, female",SP.POP.AG19.FE.IN,549766,559113,572113,588888.5,606752
"Iran, Islamic Rep.",IRN,"Age population, age 18, female",SP.POP.AG18.FE.IN,553449.5,566965.5,586721,606785.5,621000.5
"Iran, Islamic Rep.",IRN,"Age population, age 18, male",SP.POP.AG18.MA.IN,582545.5,596229.5,616914.5,638671.5,654437.5
"Iran, Islamic Rep.",IRN,"Age population, age 13, female",SP.POP.AG13.FE.IN,628144.5,642761,655763,667192,682508
"Iran, Islamic Rep.",IRN,"Age population, age 13, male",SP.POP.AG13.MA.IN,664566,679856,693627,706058,723202
"Iran, Islamic Rep.",IRN,"Age population, age 14, female",SP.POP.AG14.FE.IN,614658.5,629523.5,644013,656478.5,667546
"Iran, Islamic Rep.",IRN,"Age population, age 14, male",SP.POP.AG14.MA.IN,650056.5,665656,680842,694181.5,706318.5
"Iran, Islamic Rep.",IRN,"Age population, age 15, female",SP.POP.AG15.FE.IN,598432,616750.5,631418.5,644942,656761
"Iran, Islamic Rep.",IRN,"Age population, age 15, male",SP.POP.AG15.MA.IN,632333.5,651707.5,667138,681507,694303
"Iran, Islamic Rep.",IRN,"Age population, age 16, female",SP.POP.AG16.FE.IN,578441,601389,619429.5,632629.5,645150
"Iran, Islamic Rep.",IRN,"Age population, age 16, male",SP.POP.AG16.MA.IN,610370.5,634667.5,653797.5,667963,681470.5
"Iran, Islamic Rep.",IRN,"Age population, age 17, female",SP.POP.AG17.FE.IN,562139.5,582339,604923.5,620963.5,632754.5
"Iran, Islamic Rep.",IRN,"Age population, age 17, male",SP.POP.AG17.MA.IN,592380,613458,637432.5,654819.5,667754
Iraq,IRQ,"Age population, age 24, male",SP.POP.AG24.MA.IN,390307,401357,411811,420205.5,426320.5
Iraq,IRQ,"Age population, age 24, female",SP.POP.AG24.FE.IN,377639.5,387772,397240.5,404535.5,409678.5
Iraq,IRQ,"Age population, age 23, male",SP.POP.AG23.MA.IN,401489,412035,421022,427224,432274.5
Iraq,IRQ,"Age population, age 23, female",SP.POP.AG23.FE.IN,387673,397244,405138.5,410373.5,414521
Iraq,IRQ,"Age population, age 22, female",SP.POP.AG22.FE.IN,397128.5,405128,411065,415414,420631
Iraq,IRQ,"Age population, age 22, male",SP.POP.AG22.MA.IN,412169.5,421252,428147,433392,439503
Iraq,IRQ,"Age population, age 21, male",SP.POP.AG21.MA.IN,421379.5,428373,434400,440803,450148
Iraq,IRQ,"Age population, age 21, female",SP.POP.AG21.FE.IN,404994.5,411038,416178,421695.5,430289.5
Iraq,IRQ,"Age population, age 20, male",SP.POP.AG20.MA.IN,428480,434609.5,441842,451536.5,460534
Iraq,IRQ,"Age population, age 20, female",SP.POP.AG20.FE.IN,410887,416135.5,422488,431438,439980
Iraq,IRQ,"Age population, age 19, male",SP.POP.AG19.MA.IN,434682.5,442022.5,452537.5,461875,473913
Iraq,IRQ,"Age population, age 19, female",SP.POP.AG19.FE.IN,415964,422428,432200,441088.5,452548
Iraq,IRQ,"Age population, age 18, female",SP.POP.AG18.FE.IN,422236,432123,441762,453506,466557.5
Iraq,IRQ,"Age population, age 18, male",SP.POP.AG18.MA.IN,442049,452678.5,462769,475087.5,488877.5
Iraq,IRQ,"Age population, age 13, female",SP.POP.AG13.FE.IN,478426,492788.5,513641.5,541999.5,563846.5
Iraq,IRQ,"Age population, age 13, male",SP.POP.AG13.MA.IN,502216,517644.5,539680,569439.5,592421.5
Iraq,IRQ,"Age population, age 14, female",SP.POP.AG14.FE.IN,467250,478770,493002,513398.5,541777.5
Iraq,IRQ,"Age population, age 14, male",SP.POP.AG14.MA.IN,490156,502488,517780.5,539340,569118
Iraq,IRQ,"Age population, age 15, female",SP.POP.AG15.FE.IN,453646,467565.5,478960,492737.5,513146.5
Iraq,IRQ,"Age population, age 15, male",SP.POP.AG15.MA.IN,475704,490376.5,502579.5,517400.5,538970.5
Iraq,IRQ,"Age population, age 16, female",SP.POP.AG16.FE.IN,441410,453925.5,467720.5,478638,492394.5
Iraq,IRQ,"Age population, age 16, male",SP.POP.AG16.MA.IN,462760,475861,490405.5,502116.5,516915.5
Iraq,IRQ,"Age population, age 17, female",SP.POP.AG17.FE.IN,431905,441660.5,454056,467298.5,478123
Iraq,IRQ,"Age population, age 17, male",SP.POP.AG17.MA.IN,452648.5,462856,475834.5,489813.5,501432.5
Ireland,IRL,"Age population, age 24, male",SP.POP.AG24.MA.IN,30898,32646,33356.5,33796.5,34837
Ireland,IRL,"Age population, age 24, female",SP.POP.AG24.FE.IN,29844.5,31392,32135.5,32793,34019
Ireland,IRL,"Age population, age 23, male",SP.POP.AG23.MA.IN,32101.5,32938,33249.5,34038,35434
Ireland,IRL,"Age population, age 23, female",SP.POP.AG23.FE.IN,30828.5,31718,32238,33208.5,34704.5
Ireland,IRL,"Age population, age 22, female",SP.POP.AG22.FE.IN,31148.5,31816,32595.5,33774.5,34971
Ireland,IRL,"Age population, age 22, male",SP.POP.AG22.MA.IN,32386,32820,33430.5,34514,35847.5
Ireland,IRL,"Age population, age 21, male",SP.POP.AG21.MA.IN,32271.5,33001,33862.5,34836.5,36030.5
Ireland,IRL,"Age population, age 21, female",SP.POP.AG21.FE.IN,31250,32172,33119.5,33952,34591
Ireland,IRL,"Age population, age 20, male",SP.POP.AG20.MA.IN,32462.5,33430,34172,34995,36028.5
Ireland,IRL,"Age population, age 20, female",SP.POP.AG20.FE.IN,31616,32691,33283.5,33549.5,34159
Ireland,IRL,"Age population, age 19, male",SP.POP.AG19.MA.IN,32908.5,33732.5,34362,35058.5,36143.5
Ireland,IRL,"Age population, age 19, female",SP.POP.AG19.FE.IN,32149.5,32849,32915.5,33185,34342.5
Ireland,IRL,"Age population, age 18, female",SP.POP.AG18.FE.IN,32329,32477,32629.5,33524,35368
Ireland,IRL,"Age population, age 18, male",SP.POP.AG18.MA.IN,33231,33918,34503,35328.5,37074.5
Ireland,IRL,"Age population, age 13, female",SP.POP.AG13.FE.IN,34988,35863.5,36509.5,36547.5,35820.5
Ireland,IRL,"Age population, age 13, male",SP.POP.AG13.MA.IN,36646.5,37579,38128,38065.5,37423
Ireland,IRL,"Age population, age 14, female",SP.POP.AG14.FE.IN,33601,35369,36336,36739.5,36695.5
Ireland,IRL,"Age population, age 14, male",SP.POP.AG14.MA.IN,35280.5,37036,38072.5,38363.5,38211.5
Ireland,IRL,"Age population, age 15, female",SP.POP.AG15.FE.IN,32235.5,33991.5,35819.5,36568,36899.5
Ireland,IRL,"Age population, age 15, male",SP.POP.AG15.MA.IN,34014,35674,37506,38309,38521.5
Ireland,IRL,"Age population, age 16, female",SP.POP.AG16.FE.IN,31747,32651.5,34426.5,36080,36801
Ireland,IRL,"Age population, age 16, male",SP.POP.AG16.MA.IN,33611.5,34431,36131,37771.5,38539.5
Ireland,IRL,"Age population, age 17, female",SP.POP.AG17.FE.IN,31988,32194.5,33079,34762,36470.5
Ireland,IRL,"Age population, age 17, male",SP.POP.AG17.MA.IN,33442,34057.5,34880,36471,38159.5
Isle of Man,IMN,"Age population, age 24, male",SP.POP.AG24.MA.IN,428,440.5,463.5,471.5,464
Isle of Man,IMN,"Age population, age 24, female",SP.POP.AG24.FE.IN,431.5,430,427.5,420,411
Isle of Man,IMN,"Age population, age 23, male",SP.POP.AG23.MA.IN,446,459.5,468,461,460.5
Isle of Man,IMN,"Age population, age 23, female",SP.POP.AG23.FE.IN,429,423.5,416.5,408,419.5
Isle of Man,IMN,"Age population, age 22, female",SP.POP.AG22.FE.IN,424.5,413,404,416,432
Isle of Man,IMN,"Age population, age 22, male",SP.POP.AG22.MA.IN,467,464.5,457.5,457.5,469
Isle of Man,IMN,"Age population, age 21, male",SP.POP.AG21.MA.IN,467,454.5,455,467,478.5
Isle of Man,IMN,"Age population, age 21, female",SP.POP.AG21.FE.IN,409.5,400.5,413,429,427
Isle of Man,IMN,"Age population, age 20, male",SP.POP.AG20.MA.IN,449,451,463.5,476,483
Isle of Man,IMN,"Age population, age 20, female",SP.POP.AG20.FE.IN,391,409,425.5,424,424.5
Isle of Man,IMN,"Age population, age 19, male",SP.POP.AG19.MA.IN,451,461,474,481,482
Isle of Man,IMN,"Age population, age 19, female",SP.POP.AG19.FE.IN,416,422,421.5,422,427
Isle of Man,IMN,"Age population, age 18, female",SP.POP.AG18.FE.IN,426,418.5,419.5,425,430.5
Isle of Man,IMN,"Age population, age 18, male",SP.POP.AG18.MA.IN,463,471,478.5,480.5,483.5
Isle of Man,IMN,"Age population, age 13, female",SP.POP.AG13.FE.IN,443,466.5,488,484,464.5
Isle of Man,IMN,"Age population, age 13, male",SP.POP.AG13.MA.IN,489.5,502,500,484.5,477.5
Isle of Man,IMN,"Age population, age 14, female",SP.POP.AG14.FE.IN,425.5,440,467.5,488.5,484
Isle of Man,IMN,"Age population, age 14, male",SP.POP.AG14.MA.IN,481,489,503,501,485
Isle of Man,IMN,"Age population, age 15, female",SP.POP.AG15.FE.IN,421.5,425.5,441,468.5,489.5
Isle of Man,IMN,"Age population, age 15, male",SP.POP.AG15.MA.IN,473,479,490,503.5,501
Isle of Man,IMN,"Age population, age 16, female",SP.POP.AG16.FE.IN,416.5,421,427.5,442.5,469
Isle of Man,IMN,"Age population, age 16, male",SP.POP.AG16.MA.IN,477.5,477,481,491,504
Isle of Man,IMN,"Age population, age 17, female",SP.POP.AG17.FE.IN,413,417,423,429,443.5
Isle of Man,IMN,"Age population, age 17, male",SP.POP.AG17.MA.IN,472.5,475.5,478,482,492
Israel,ISR,"Age population, age 24, male",SP.POP.AG24.MA.IN,64309,66426.5,68063,69616,71276
Israel,ISR,"Age population, age 24, female",SP.POP.AG24.FE.IN,61845,63914.5,65363.5,66656,68275
Israel,ISR,"Age population, age 23, male",SP.POP.AG23.MA.IN,65810.5,67527.5,69330,70826,72239
Israel,ISR,"Age population, age 23, female",SP.POP.AG23.FE.IN,63237.5,64758,66323.5,67793,69500
Israel,ISR,"Age population, age 22, female",SP.POP.AG22.FE.IN,64080,65717.5,67307.5,68710,71725
Israel,ISR,"Age population, age 22, male",SP.POP.AG22.MA.IN,66914,68798.5,70400,71503.5,74410
Israel,ISR,"Age population, age 21, male",SP.POP.AG21.MA.IN,68200,69881.5,70955.5,73427,75626.5
Israel,ISR,"Age population, age 21, female",SP.POP.AG21.FE.IN,65051,66711.5,68091,70665.5,72587.5
Israel,ISR,"Age population, age 20, male",SP.POP.AG20.MA.IN,69312.5,70463.5,72819,74513.5,75214
Israel,ISR,"Age population, age 20, female",SP.POP.AG20.FE.IN,66072.5,67520,69980.5,71387,71759
Israel,ISR,"Age population, age 19, male",SP.POP.AG19.MA.IN,69936.5,72364,73928.5,74138.5,75617.5
Israel,ISR,"Age population, age 19, female",SP.POP.AG19.FE.IN,66925.5,69449,70726.5,70595.5,72046
Israel,ISR,"Age population, age 18, female",SP.POP.AG18.FE.IN,68915.5,70249,70040.5,71078.5,73183
Israel,ISR,"Age population, age 18, male",SP.POP.AG18.MA.IN,71894,73521.5,73648.5,74725.5,76745.5
Israel,ISR,"Age population, age 13, female",SP.POP.AG13.FE.IN,73632,76123.5,78344,79366,80575.5
Israel,ISR,"Age population, age 13, male",SP.POP.AG13.MA.IN,77194,79642,82347,83507,84456.5
Israel,ISR,"Age population, age 14, female",SP.POP.AG14.FE.IN,71789.5,73775.5,76250,78379.5,79404
Israel,ISR,"Age population, age 14, male",SP.POP.AG14.MA.IN,75508,77320,79752.5,82378.5,83544
Israel,ISR,"Age population, age 15, female",SP.POP.AG15.FE.IN,70051.5,71999.5,73962,76309,78444.5
Israel,ISR,"Age population, age 15, male",SP.POP.AG15.MA.IN,73836.5,75691,77479,79800,82436.5
Israel,ISR,"Age population, age 16, female",SP.POP.AG16.FE.IN,69254,70341.5,72258,74085.5,76479.5
Israel,ISR,"Age population, age 16, male",SP.POP.AG16.MA.IN,72971,74089,75910.5,77582,79954
Israel,ISR,"Age population, age 17, female",SP.POP.AG17.FE.IN,69789.5,69630,70677,72501.5,74473.5
Israel,ISR,"Age population, age 17, male",SP.POP.AG17.MA.IN,73119,73300,74374.5,76120.5,77936
Italy,ITA,"Age population, age 24, male",SP.POP.AG24.MA.IN,316398,322518,325205.5,323992,321759.5
Italy,ITA,"Age population, age 24, female",SP.POP.AG24.FE.IN,285880,287846,291474.5,295805,297984
Italy,ITA,"Age population, age 23, male",SP.POP.AG23.MA.IN,318874,321626,320757.5,318284.5,314998.5
Italy,ITA,"Age population, age 23, female",SP.POP.AG23.FE.IN,283884,287584,292641,294888.5,295394
Italy,ITA,"Age population, age 22, female",SP.POP.AG22.FE.IN,283608,288736.5,290810.5,290471,295539
Italy,ITA,"Age population, age 22, male",SP.POP.AG22.MA.IN,318000,317201.5,314123,309637.5,313184
Italy,ITA,"Age population, age 21, male",SP.POP.AG21.MA.IN,313659,310647.5,304695.5,306188,313943.5
Italy,ITA,"Age population, age 21, female",SP.POP.AG21.FE.IN,284835.5,286982,285634,289023.5,297013
Italy,ITA,"Age population, age 20, male",SP.POP.AG20.MA.IN,307270,301378.5,300897,306109,311286.5
Italy,ITA,"Age population, age 20, female",SP.POP.AG20.FE.IN,283248.5,281970,283845,289668,293962
Italy,ITA,"Age population, age 19, male",SP.POP.AG19.MA.IN,298259.5,297842.5,301069,303728,307198
Italy,ITA,"Age population, age 19, female",SP.POP.AG19.FE.IN,278497.5,280430.5,284715,286858,289310.5
Italy,ITA,"Age population, age 18, female",SP.POP.AG18.FE.IN,277316,281651,282645.5,283396,286019
Italy,ITA,"Age population, age 18, male",SP.POP.AG18.MA.IN,295069.5,298346,299461,300907.5,303418
Italy,ITA,"Age population, age 13, female",SP.POP.AG13.FE.IN,277234,276543.5,272828.5,266989.5,261394.5
Italy,ITA,"Age population, age 13, male",SP.POP.AG13.MA.IN,293647,292526.5,289410.5,283294.5,276964
Italy,ITA,"Age population, age 14, female",SP.POP.AG14.FE.IN,276850,278079,277379,273327.5,267287.5
Italy,ITA,"Age population, age 14, male",SP.POP.AG14.MA.IN,294345.5,294394.5,293260,289907,283668
Italy,ITA,"Age population, age 15, female",SP.POP.AG15.FE.IN,276372,278082,279293,278107,273787
Italy,ITA,"Age population, age 15, male",SP.POP.AG15.MA.IN,294334,295429,295458.5,293967,290442
Italy,ITA,"Age population, age 16, female",SP.POP.AG16.FE.IN,277814,278068.5,279750,280520.5,279203.5
Italy,ITA,"Age population, age 16, male",SP.POP.AG16.MA.IN,295197,295823,296890,296658,295169
Italy,ITA,"Age population, age 17, female",SP.POP.AG17.FE.IN,278971,280008.5,280226.5,281835,282932.5
Italy,ITA,"Age population, age 17, male",SP.POP.AG17.MA.IN,295977,297126.5,297718.5,298960,299245.5
Jamaica,JAM,"Age population, age 24, male",SP.POP.AG24.MA.IN,27135,26328.5,25362,24276,23487
Jamaica,JAM,"Age population, age 24, female",SP.POP.AG24.FE.IN,26240,25465.5,24535,23489.5,22723
Jamaica,JAM,"Age population, age 23, male",SP.POP.AG23.MA.IN,26515.5,25600.5,24509.5,23720,23435
Jamaica,JAM,"Age population, age 23, female",SP.POP.AG23.FE.IN,25633.5,24757.5,23710,22947,22662
Jamaica,JAM,"Age population, age 22, female",SP.POP.AG22.FE.IN,24924.5,23931.5,23166,22883,22725
Jamaica,JAM,"Age population, age 22, male",SP.POP.AG22.MA.IN,25785,24744.5,23950,23665,23508.5
Jamaica,JAM,"Age population, age 21, male",SP.POP.AG21.MA.IN,24922,24177.5,23887.5,23730,23466
Jamaica,JAM,"Age population, age 21, female",SP.POP.AG21.FE.IN,24095.5,23383.5,23096,22937.5,22680.5
Jamaica,JAM,"Age population, age 20, male",SP.POP.AG20.MA.IN,24346,24104.5,23941.5,23674.5,23272
Jamaica,JAM,"Age population, age 20, female",SP.POP.AG20.FE.IN,23540,23304,23140,22880.5,22491.5
Jamaica,JAM,"Age population, age 19, male",SP.POP.AG19.MA.IN,24261.5,24143,23868.5,23461.5,22981
Jamaica,JAM,"Age population, age 19, female",SP.POP.AG19.FE.IN,23449.5,23334,23067,22673,22209.5
Jamaica,JAM,"Age population, age 18, female",SP.POP.AG18.FE.IN,23465.5,23241,22836.5,22364.5,21832.5
Jamaica,JAM,"Age population, age 18, male",SP.POP.AG18.MA.IN,24283,24049,23631.5,23143.5,22596
Jamaica,JAM,"Age population, age 13, female",SP.POP.AG13.FE.IN,21654.5,21026.5,20360,19650,18974.5
Jamaica,JAM,"Age population, age 13, male",SP.POP.AG13.MA.IN,22408.5,21769,21099,20372.5,19671
Jamaica,JAM,"Age population, age 14, female",SP.POP.AG14.FE.IN,22212,21615,20975.5,20310,19600
Jamaica,JAM,"Age population, age 14, male",SP.POP.AG14.MA.IN,22983,22369,21719.5,21050,20322.5
Jamaica,JAM,"Age population, age 15, female",SP.POP.AG15.FE.IN,22699.5,22157.5,21542.5,20913.5,20258
Jamaica,JAM,"Age population, age 15, male",SP.POP.AG15.MA.IN,23483,22928,22298.5,21657.5,20996.5
Jamaica,JAM,"Age population, age 16, female",SP.POP.AG16.FE.IN,23082.5,22625,22060,21463,20850.5
Jamaica,JAM,"Age population, age 16, male",SP.POP.AG16.MA.IN,23882.5,23408.5,22831.5,22217.5,21591.5
Jamaica,JAM,"Age population, age 17, female",SP.POP.AG17.FE.IN,23355.5,22988,22500,21954,21375
Jamaica,JAM,"Age population, age 17, male",SP.POP.AG17.MA.IN,24168.5,23785,23283,22723.5,22125
Japan,JPN,"Age population, age 24, male",SP.POP.AG24.MA.IN,616322.5,619295.5,624279.5,631733,640317.5
Japan,JPN,"Age population, age 24, female",SP.POP.AG24.FE.IN,591739.5,594999,598461,603919.5,611706.5
Japan,JPN,"Age population, age 23, male",SP.POP.AG23.MA.IN,618222.5,621145.5,627297.5,634690.5,638499.5
Japan,JPN,"Age population, age 23, female",SP.POP.AG23.FE.IN,593703,594999,598667.5,604796,608501
Japan,JPN,"Age population, age 22, female",SP.POP.AG22.FE.IN,593706.5,595206.5,597520,597540,601631.5
Japan,JPN,"Age population, age 22, male",SP.POP.AG22.MA.IN,620103,624211,628382.5,629089.5,632800.5
Japan,JPN,"Age population, age 21, male",SP.POP.AG21.MA.IN,623190,625381,621166.5,620071.5,622720
Japan,JPN,"Age population, age 21, female",SP.POP.AG21.FE.IN,593954.5,594129.5,588529,587138.5,591946
Japan,JPN,"Age population, age 20, male",SP.POP.AG20.MA.IN,624391.5,618284,611328.5,608221.5,604997.5
Japan,JPN,"Age population, age 20, female",SP.POP.AG20.FE.IN,592919.5,585266.5,577276,575614.5,574782.5
Japan,JPN,"Age population, age 19, male",SP.POP.AG19.MA.IN,617363,608649,599791,590917.5,593667
Japan,JPN,"Age population, age 19, female",SP.POP.AG19.FE.IN,584125.5,574229,566135,558987,563342.5
Japan,JPN,"Age population, age 18, female",SP.POP.AG18.FE.IN,573203.5,563400,550989,550186,559731.5
Japan,JPN,"Age population, age 18, male",SP.POP.AG18.MA.IN,607815,597387,583806.5,581947.5,590814
Japan,JPN,"Age population, age 13, female",SP.POP.AG13.FE.IN,543795,538703.5,531779.5,525678.5,519137.5
Japan,JPN,"Age population, age 13, male",SP.POP.AG13.MA.IN,575965.5,569809,563335.5,557196.5,549118
Japan,JPN,"Age population, age 14, female",SP.POP.AG14.FE.IN,544863,544055,539440.5,532502.5,526358.5
Japan,JPN,"Age population, age 14, male",SP.POP.AG14.MA.IN,577721.5,576183,570456.5,563908,557668.5
Japan,JPN,"Age population, age 15, female",SP.POP.AG15.FE.IN,541835.5,545251.5,545131.5,540513,533538
Japan,JPN,"Age population, age 15, male",SP.POP.AG15.MA.IN,574620.5,578042.5,577122,571337.5,564701
Japan,JPN,"Age population, age 16, female",SP.POP.AG16.FE.IN,547921,542381.5,546736.5,547122,542965
Japan,JPN,"Age population, age 16, male",SP.POP.AG16.MA.IN,581158.5,575069.5,579337,578826,573408.5
Japan,JPN,"Age population, age 17, female",SP.POP.AG17.FE.IN,562524.5,548632,544310.5,550419.5,552497.5
Japan,JPN,"Age population, age 17, male",SP.POP.AG17.MA.IN,596670.5,581743.5,576752,582558,583534
Jordan,JOR,"Age population, age 24, male",SP.POP.AG24.MA.IN,104558,100703,97401,97214.5,94833
Jordan,JOR,"Age population, age 24, female",SP.POP.AG24.FE.IN,97293,95871,94278,94797.5,93491.5
Jordan,JOR,"Age population, age 23, male",SP.POP.AG23.MA.IN,100810,97611,98602.5,98753,96246
Jordan,JOR,"Age population, age 23, female",SP.POP.AG23.FE.IN,95956.5,94463.5,96025.5,96988,94637.5
Jordan,JOR,"Age population, age 22, female",SP.POP.AG22.FE.IN,94545,96207.5,97922.5,97446,98668
Jordan,JOR,"Age population, age 22, male",SP.POP.AG22.MA.IN,97713.5,98809,99812.5,99392.5,100021.5
Jordan,JOR,"Age population, age 21, male",SP.POP.AG21.MA.IN,98911,100021.5,100125.5,102368,102915
Jordan,JOR,"Age population, age 21, female",SP.POP.AG21.FE.IN,96287,98106,98088,100762.5,102026.5
Jordan,JOR,"Age population, age 20, male",SP.POP.AG20.MA.IN,100127,100335.5,102857,104643.5,105226.5
Jordan,JOR,"Age population, age 20, female",SP.POP.AG20.FE.IN,98189,98273.5,101188.5,103571,104161
Jordan,JOR,"Age population, age 19, male",SP.POP.AG19.MA.IN,100435.5,103066,105021.5,106613.5,107442
Jordan,JOR,"Age population, age 19, female",SP.POP.AG19.FE.IN,98351.5,101372.5,103897.5,105400.5,106996.5
Jordan,JOR,"Age population, age 18, female",SP.POP.AG18.FE.IN,101451.5,104085,105712,108090,112912.5
Jordan,JOR,"Age population, age 18, male",SP.POP.AG18.MA.IN,103166.5,105232,106972.5,108669,112851.5
Jordan,JOR,"Age population, age 13, female",SP.POP.AG13.FE.IN,120058,121040,122567,121990.5,118703
Jordan,JOR,"Age population, age 13, male",SP.POP.AG13.MA.IN,119905.5,121068,123474.5,123788,122254
Jordan,JOR,"Age population, age 14, female",SP.POP.AG14.FE.IN,114513,119976.5,120833.5,122164.5,121116
Jordan,JOR,"Age population, age 14, male",SP.POP.AG14.MA.IN,114639.5,119818.5,120855.5,123029.5,122805
Jordan,JOR,"Age population, age 15, female",SP.POP.AG15.FE.IN,108681,114437.5,119777,120449.5,121328
Jordan,JOR,"Age population, age 15, male",SP.POP.AG15.MA.IN,109333,114556,119610.5,120429.5,122088
Jordan,JOR,"Age population, age 16, female",SP.POP.AG16.FE.IN,105978,108604,114244.5,119415.5,119611
Jordan,JOR,"Age population, age 16, male",SP.POP.AG16.MA.IN,107273.5,109245.5,114351,119205.5,119485
Jordan,JOR,"Age population, age 17, female",SP.POP.AG17.FE.IN,104165,105902,108414,113901.5,118519.5
Jordan,JOR,"Age population, age 17, male",SP.POP.AG17.MA.IN,105329.5,107182,109039,113963,118197
Kazakhstan,KAZ,"Age population, age 24, male",SP.POP.AG24.MA.IN,126990.5,122176,119506,118175,118755
Kazakhstan,KAZ,"Age population, age 24, female",SP.POP.AG24.FE.IN,122528.5,117683.5,114957,113679.5,114319.5
Kazakhstan,KAZ,"Age population, age 23, male",SP.POP.AG23.MA.IN,121981.5,119245,118477.5,119141,121671.5
Kazakhstan,KAZ,"Age population, age 23, female",SP.POP.AG23.FE.IN,117368.5,114575.5,113892.5,114615,117101.5
Kazakhstan,KAZ,"Age population, age 22, female",SP.POP.AG22.FE.IN,114256.5,113509,114872,117486,121968
Kazakhstan,KAZ,"Age population, age 22, male",SP.POP.AG22.MA.IN,119040,118209.5,119477.5,122135.5,126819.5
Kazakhstan,KAZ,"Age population, age 21, male",SP.POP.AG21.MA.IN,118005.5,119214,122500.5,127350,133991
Kazakhstan,KAZ,"Age population, age 21, female",SP.POP.AG21.FE.IN,113195.5,114497,117780.5,122428.5,128690.5
Kazakhstan,KAZ,"Age population, age 20, male",SP.POP.AG20.MA.IN,119020.5,122251,127724.5,134551,142511.5
Kazakhstan,KAZ,"Age population, age 20, female",SP.POP.AG20.FE.IN,114199,117424.5,122740.5,129188,136637
Kazakhstan,KAZ,"Age population, age 19, male",SP.POP.AG19.MA.IN,122078,127500.5,134908.5,143047.5,152440
Kazakhstan,KAZ,"Age population, age 19, female",SP.POP.AG19.FE.IN,117151,122415,129490,137117.5,145857.5
Kazakhstan,KAZ,"Age population, age 18, female",SP.POP.AG18.FE.IN,122176.5,129204.5,137382,146270,156104.5
Kazakhstan,KAZ,"Age population, age 18, male",SP.POP.AG18.MA.IN,127354.5,134718,143363,152903.5,163495.5
Kazakhstan,KAZ,"Age population, age 13, female",SP.POP.AG13.FE.IN,166267,174074.5,179868.5,184256,187411
Kazakhstan,KAZ,"Age population, age 13, male",SP.POP.AG13.MA.IN,174520.5,182650.5,188434,192531.5,195182.5
Kazakhstan,KAZ,"Age population, age 14, female",SP.POP.AG14.FE.IN,156372,166303.5,174126,179801.5,184179
Kazakhstan,KAZ,"Age population, age 14, male",SP.POP.AG14.MA.IN,163957.5,174520,182663,188341.5,192431
Kazakhstan,KAZ,"Age population, age 15, female",SP.POP.AG15.FE.IN,146187.5,156440.5,166391,174043.5,179709.5
Kazakhstan,KAZ,"Age population, age 15, male",SP.POP.AG15.MA.IN,152997.5,163979.5,174558.5,182550.5,188219.5
Kazakhstan,KAZ,"Age population, age 16, female",SP.POP.AG16.FE.IN,136992,146296,156574,166280.5,173909.5
Kazakhstan,KAZ,"Age population, age 16, male",SP.POP.AG16.MA.IN,143128,153048,164052,174412.5,182380.5
Kazakhstan,KAZ,"Age population, age 17, female",SP.POP.AG17.FE.IN,129007.5,137145,146481.5,156419,166068.5
Kazakhstan,KAZ,"Age population, age 17, male",SP.POP.AG17.MA.IN,134602.5,143210,153160,163856,174158.5
Kenya,KEN,"Age population, age 24, male",SP.POP.AG24.MA.IN,458541.5,473763,490083,506980.5,526588
Kenya,KEN,"Age population, age 24, female",SP.POP.AG24.FE.IN,483723,499073,514378.5,529323.5,546325.5
Kenya,KEN,"Age population, age 23, male",SP.POP.AG23.MA.IN,476238,491994.5,509123,529028,548338
Kenya,KEN,"Age population, age 23, female",SP.POP.AG23.FE.IN,500584.5,515760.5,530963,548279,564730.5
Kenya,KEN,"Age population, age 22, female",SP.POP.AG22.FE.IN,517113,532249.5,549963.5,566860,580548
Kenya,KEN,"Age population, age 22, male",SP.POP.AG22.MA.IN,494569.5,511035.5,531269,550960.5,567572
Kenya,KEN,"Age population, age 21, male",SP.POP.AG21.MA.IN,513682.5,533171,553263.5,570318,586638
Kenya,KEN,"Age population, age 21, female",SP.POP.AG21.FE.IN,533470.5,551165.5,568571,582807,595954.5
Kenya,KEN,"Age population, age 20, male",SP.POP.AG20.MA.IN,535886.5,555141,572610.5,589390.5,607074.5
Kenya,KEN,"Age population, age 20, female",SP.POP.AG20.FE.IN,552315.5,569712.5,584505,598248.5,612863.5
Kenya,KEN,"Age population, age 19, male",SP.POP.AG19.MA.IN,557901.5,574441,591587,609680.5,627950
Kenya,KEN,"Age population, age 19, female",SP.POP.AG19.FE.IN,570828.5,585591.5,599863.5,615045.5,630779.5
Kenya,KEN,"Age population, age 18, female",SP.POP.AG18.FE.IN,586689.5,600889.5,616504,632702,649806
Kenya,KEN,"Age population, age 18, male",SP.POP.AG18.MA.IN,577204.5,593351.5,611704.5,630268.5,649943.5
Kenya,KEN,"Age population, age 13, female",SP.POP.AG13.FE.IN,671279,682307.5,688489.5,687910.5,681884.5
Kenya,KEN,"Age population, age 13, male",SP.POP.AG13.MA.IN,676090.5,688287.5,695712,696271.5,690872
Kenya,KEN,"Age population, age 14, female",SP.POP.AG14.FE.IN,654543,670174.5,681560.5,687795,687263.5
Kenya,KEN,"Age population, age 14, male",SP.POP.AG14.MA.IN,656850.5,674200.5,687249.5,694812.5,695505
Kenya,KEN,"Age population, age 15, female",SP.POP.AG15.FE.IN,636129,653355.5,669347,680772.5,687041
Kenya,KEN,"Age population, age 15, male",SP.POP.AG15.MA.IN,635932,654700,673008.5,686208,693915.5
Kenya,KEN,"Age population, age 16, female",SP.POP.AG16.FE.IN,618673.5,634909.5,652461.5,668433.5,679833
Kenya,KEN,"Age population, age 16, male",SP.POP.AG16.MA.IN,615934.5,633551.5,653350,671773,685081
Kenya,KEN,"Age population, age 17, female",SP.POP.AG17.FE.IN,602019,617483.5,633969.5,651386,667208.5
Kenya,KEN,"Age population, age 17, male",SP.POP.AG17.MA.IN,596058,613363.5,632043.5,651863,670291
Kiribati,KIR,"Age population, age 24, male",SP.POP.AG24.MA.IN,1184,1187,1174.5,1149.5,1117
Kiribati,KIR,"Age population, age 24, female",SP.POP.AG24.FE.IN,1220.5,1209,1182,1140.5,1093
Kiribati,KIR,"Age population, age 23, male",SP.POP.AG23.MA.IN,1195.5,1186.5,1162.5,1129.5,1082.5
Kiribati,KIR,"Age population, age 23, female",SP.POP.AG23.FE.IN,1215.5,1193,1151.5,1103,1057
Kiribati,KIR,"Age population, age 22, female",SP.POP.AG22.FE.IN,1199,1162.5,1113.5,1066,1030
Kiribati,KIR,"Age population, age 22, male",SP.POP.AG22.MA.IN,1193.5,1173.5,1141.5,1094.5,1047
Kiribati,KIR,"Age population, age 21, male",SP.POP.AG21.MA.IN,1180.5,1152.5,1106,1058.5,1050.5
Kiribati,KIR,"Age population, age 21, female",SP.POP.AG21.FE.IN,1167.5,1124.5,1076.5,1039,1044.5
Kiribati,KIR,"Age population, age 20, male",SP.POP.AG20.MA.IN,1158.5,1116.5,1070,1062,1091
Kiribati,KIR,"Age population, age 20, female",SP.POP.AG20.FE.IN,1130,1087.5,1049.5,1053.5,1098.5
Kiribati,KIR,"Age population, age 19, male",SP.POP.AG19.MA.IN,1122,1080,1072.5,1101.5,1146
Kiribati,KIR,"Age population, age 19, female",SP.POP.AG19.FE.IN,1093,1059,1062.5,1106.5,1171
Kiribati,KIR,"Age population, age 18, female",SP.POP.AG18.FE.IN,1064,1071.5,1115,1178,1255.5
Kiribati,KIR,"Age population, age 18, male",SP.POP.AG18.MA.IN,1084.5,1081,1110.5,1155,1212.5
Kiribati,KIR,"Age population, age 13, female",SP.POP.AG13.FE.IN,1352,1404.5,1452,1498,1514.5
Kiribati,KIR,"Age population, age 13, male",SP.POP.AG13.MA.IN,1298,1347.5,1404,1468,1503.5
Kiribati,KIR,"Age population, age 14, female",SP.POP.AG14.FE.IN,1276.5,1346.5,1401,1449.5,1495.5
Kiribati,KIR,"Age population, age 14, male",SP.POP.AG14.MA.IN,1234.5,1294.5,1344.5,1401,1465
Kiribati,KIR,"Age population, age 15, female",SP.POP.AG15.FE.IN,1196.5,1272,1342.5,1397.5,1446.5
Kiribati,KIR,"Age population, age 15, male",SP.POP.AG15.MA.IN,1172,1230.5,1290,1340,1397
Kiribati,KIR,"Age population, age 16, female",SP.POP.AG16.FE.IN,1127.5,1192,1267,1338.5,1394
Kiribati,KIR,"Age population, age 16, male",SP.POP.AG16.MA.IN,1121,1168.5,1226,1285.5,1336
Kiribati,KIR,"Age population, age 17, female",SP.POP.AG17.FE.IN,1076.5,1123,1185,1260.5,1333.5
Kiribati,KIR,"Age population, age 17, male",SP.POP.AG17.MA.IN,1084.5,1117.5,1162.5,1219.5,1280
"Korea, Dem. People's Rep.",PRK,"Age population, age 24, male",SP.POP.AG24.MA.IN,201578,198517,195437,191156,187041.5
"Korea, Dem. People's Rep.",PRK,"Age population, age 24, female",SP.POP.AG24.FE.IN,193627.5,190650,187674.5,183546.5,179611.5
"Korea, Dem. People's Rep.",PRK,"Age population, age 23, male",SP.POP.AG23.MA.IN,198955.5,195873.5,191624.5,187543.5,183515.5
"Korea, Dem. People's Rep.",PRK,"Age population, age 23, female",SP.POP.AG23.FE.IN,190894.5,187918.5,183860,179997.5,176173.5
"Korea, Dem. People's Rep.",PRK,"Age population, age 22, female",SP.POP.AG22.FE.IN,188152.5,184093.5,180360,176668,172370
"Korea, Dem. People's Rep.",PRK,"Age population, age 22, male",SP.POP.AG22.MA.IN,196308,192054,188066.5,184134,179764
"Korea, Dem. People's Rep.",PRK,"Age population, age 21, male",SP.POP.AG21.MA.IN,192477,188485.5,184702,180481.5,174844
"Korea, Dem. People's Rep.",PRK,"Age population, age 21, female",SP.POP.AG21.FE.IN,184315.5,180582.5,177072.5,172958,167364.5
"Korea, Dem. People's Rep.",PRK,"Age population, age 20, male",SP.POP.AG20.MA.IN,188892,185104,181062,175602.5,168181
"Korea, Dem. People's Rep.",PRK,"Age population, age 20, female",SP.POP.AG20.FE.IN,180792,177282,173378,167995.5,160777
"Korea, Dem. People's Rep.",PRK,"Age population, age 19, male",SP.POP.AG19.MA.IN,185481.5,181435.5,176148.5,168898,166311
"Korea, Dem. People's Rep.",PRK,"Age population, age 19, female",SP.POP.AG19.FE.IN,177475.5,173571,168392.5,161378.5,158833
"Korea, Dem. People's Rep.",PRK,"Age population, age 18, female",SP.POP.AG18.FE.IN,173748,168568,161720,159346,159845
"Korea, Dem. People's Rep.",PRK,"Age population, age 18, male",SP.POP.AG18.MA.IN,181774.5,176481.5,169367,166924.5,167527
"Korea, Dem. People's Rep.",PRK,"Age population, age 13, female",SP.POP.AG13.FE.IN,161121,159411.5,156633.5,156775.5,157830.5
"Korea, Dem. People's Rep.",PRK,"Age population, age 13, male",SP.POP.AG13.MA.IN,169220,167467,164593,164772,165919
"Korea, Dem. People's Rep.",PRK,"Age population, age 14, female",SP.POP.AG14.FE.IN,160647.5,161035.5,159326.5,156545,156681.5
"Korea, Dem. People's Rep.",PRK,"Age population, age 14, male",SP.POP.AG14.MA.IN,168632,169090,167336.5,164471,164656.5
"Korea, Dem. People's Rep.",PRK,"Age population, age 15, female",SP.POP.AG15.FE.IN,159861.5,160550.5,160937,159220,156431.5
"Korea, Dem. People's Rep.",PRK,"Age population, age 15, male",SP.POP.AG15.MA.IN,167723,168476.5,168932.5,167185,164326
"Korea, Dem. People's Rep.",PRK,"Age population, age 16, female",SP.POP.AG16.FE.IN,162004,159748.5,160435,160795.5,159053.5
"Korea, Dem. People's Rep.",PRK,"Age population, age 16, male",SP.POP.AG16.MA.IN,169881,167533.5,168284.5,168728,166971
"Korea, Dem. People's Rep.",PRK,"Age population, age 17, female",SP.POP.AG17.FE.IN,168722.5,161872.5,159617,160237,160530
"Korea, Dem. People's Rep.",PRK,"Age population, age 17, male",SP.POP.AG17.MA.IN,176769.5,169647,167300,168002.5,168398
"Korea, Rep.",KOR,"Age population, age 24, male",SP.POP.AG24.MA.IN,369486,354824.5,344761,341908.5,328683.5
"Korea, Rep.",KOR,"Age population, age 24, female",SP.POP.AG24.FE.IN,335281.5,327255,316876,312909,299106
"Korea, Rep.",KOR,"Age population, age 23, male",SP.POP.AG23.MA.IN,353161,340790,338513.5,325996,295765
"Korea, Rep.",KOR,"Age population, age 23, female",SP.POP.AG23.FE.IN,326640,315121,310493.5,296137,267724.5
"Korea, Rep.",KOR,"Age population, age 22, female",SP.POP.AG22.FE.IN,314253,308255.5,292703,263193,249717
"Korea, Rep.",KOR,"Age population, age 22, male",SP.POP.AG22.MA.IN,338956.5,334349,321666.5,291388,273166
"Korea, Rep.",KOR,"Age population, age 21, male",SP.POP.AG21.MA.IN,332311.5,317144.5,286146.5,267313.5,263987
"Korea, Rep.",KOR,"Age population, age 21, female",SP.POP.AG21.FE.IN,307726.5,291156.5,259430.5,243831,245404.5
"Korea, Rep.",KOR,"Age population, age 20, male",SP.POP.AG20.MA.IN,314955,281470,261615.5,257361,249080
"Korea, Rep.",KOR,"Age population, age 20, female",SP.POP.AG20.FE.IN,291388.5,259471.5,240522,238826.5,233492
"Korea, Rep.",KOR,"Age population, age 19, male",SP.POP.AG19.MA.IN,279187,256801,251706.5,242663,237300
"Korea, Rep.",KOR,"Age population, age 19, female",SP.POP.AG19.FE.IN,258378.5,237964.5,234341.5,227148,222144.5
"Korea, Rep.",KOR,"Age population, age 18, female",SP.POP.AG18.FE.IN,235700,229591,222099.5,216857,227366
"Korea, Rep.",KOR,"Age population, age 18, male",SP.POP.AG18.MA.IN,254565.5,247032.5,237621.5,231958,242347
"Korea, Rep.",KOR,"Age population, age 13, female",SP.POP.AG13.FE.IN,227323.5,219507.5,218481.5,226523,231049
"Korea, Rep.",KOR,"Age population, age 13, male",SP.POP.AG13.MA.IN,241035,233108,232453.5,240108,243677.5
"Korea, Rep.",KOR,"Age population, age 14, female",SP.POP.AG14.FE.IN,222328,227303.5,219461,218633.5,226849.5
"Korea, Rep.",KOR,"Age population, age 14, male",SP.POP.AG14.MA.IN,236898.5,240915,232875,232472,240352
"Korea, Rep.",KOR,"Age population, age 15, female",SP.POP.AG15.FE.IN,211224,222131,226980,219545.5,219101
"Korea, Rep.",KOR,"Age population, age 15, male",SP.POP.AG15.MA.IN,226273.5,236751,240691,232973.5,232865.5
"Korea, Rep.",KOR,"Age population, age 16, female",SP.POP.AG16.FE.IN,215789,211173.5,222088.5,227487.5,220575
"Korea, Rep.",KOR,"Age population, age 16, male",SP.POP.AG16.MA.IN,231886,226310,236907,241271,233946.5
"Korea, Rep.",KOR,"Age population, age 17, female",SP.POP.AG17.FE.IN,226532.5,216170.5,211990.5,223610,229678.5
"Korea, Rep.",KOR,"Age population, age 17, male",SP.POP.AG17.MA.IN,244340,232417,227442.5,238575.5,243436
Kosovo,XKX,"Age population, age 24, male",SP.POP.AG24.MA.IN,14597.5,14008.5,13803.5,14409,15217
Kosovo,XKX,"Age population, age 24, female",SP.POP.AG24.FE.IN,14311.5,13603.5,13332,13951,14828.5
Kosovo,XKX,"Age population, age 23, male",SP.POP.AG23.MA.IN,14670,14368,14893,15585,15246
Kosovo,XKX,"Age population, age 23, female",SP.POP.AG23.FE.IN,14299.5,13926,14448.5,15195,14970
Kosovo,XKX,"Age population, age 22, female",SP.POP.AG22.FE.IN,14623,15043.5,15681,15314.5,14247.5
Kosovo,XKX,"Age population, age 22, male",SP.POP.AG22.MA.IN,15026,15455.5,16056,15592,14456.5
Kosovo,XKX,"Age population, age 21, male",SP.POP.AG21.MA.IN,16097,16604,16039,14772.5,13932.5
Kosovo,XKX,"Age population, age 21, female",SP.POP.AG21.FE.IN,15727.5,16265,15778,14561.5,13725.5
Kosovo,XKX,"Age population, age 20, male",SP.POP.AG20.MA.IN,17216,16561.5,15189,14217.5,13815
Kosovo,XKX,"Age population, age 20, female",SP.POP.AG20.FE.IN,16920.5,16337.5,14996,14008.5,13607.5
Kosovo,XKX,"Age population, age 19, male",SP.POP.AG19.MA.IN,17129,15673,14597,14068.5,13834.5
Kosovo,XKX,"Age population, age 19, female",SP.POP.AG19.FE.IN,16947,15516,14406,13859,13600.5
Kosovo,XKX,"Age population, age 18, female",SP.POP.AG18.FE.IN,16063.5,14873.5,14209.5,13814.5,13644
Kosovo,XKX,"Age population, age 18, male",SP.POP.AG18.MA.IN,16179.5,15028.5,14402,14051,13962
Kosovo,XKX,"Age population, age 13, female",SP.POP.AG13.FE.IN,14471,14478.5,14681,14121.5,13081.5
Kosovo,XKX,"Age population, age 13, male",SP.POP.AG13.MA.IN,14823,14868,15024.5,14874.5,14408
Kosovo,XKX,"Age population, age 14, female",SP.POP.AG14.FE.IN,14524.5,14318.5,14349,14571.5,14040
Kosovo,XKX,"Age population, age 14, male",SP.POP.AG14.MA.IN,14784,14686,14751.5,14921,14792
Kosovo,XKX,"Age population, age 15, female",SP.POP.AG15.FE.IN,14740,14304,14130.5,14210,14490
Kosovo,XKX,"Age population, age 15, male",SP.POP.AG15.MA.IN,14902.5,14586,14516.5,14621,14838.5
Kosovo,XKX,"Age population, age 16, female",SP.POP.AG16.FE.IN,15000,14439.5,14048,13951,14116
Kosovo,XKX,"Age population, age 16, male",SP.POP.AG16.MA.IN,15125,14630.5,14354,14348,14525
Kosovo,XKX,"Age population, age 17, female",SP.POP.AG17.FE.IN,15346,14612.5,14109,13814,13825
Kosovo,XKX,"Age population, age 17, male",SP.POP.AG17.MA.IN,15462.5,14772,14329.5,14133.5,14220
Kuwait,KWT,"Age population, age 24, male",SP.POP.AG24.MA.IN,29811.5,37416.5,34038.5,31806.5,35075
Kuwait,KWT,"Age population, age 24, female",SP.POP.AG24.FE.IN,20840.5,23500.5,23495.5,23356,24410
Kuwait,KWT,"Age population, age 23, male",SP.POP.AG23.MA.IN,25890.5,28543,26500.5,25761.5,29035.5
Kuwait,KWT,"Age population, age 23, female",SP.POP.AG23.FE.IN,20445,21588,21950.5,22314,23499
Kuwait,KWT,"Age population, age 22, female",SP.POP.AG22.FE.IN,20331.5,20503.5,21275,22141,23390.5
Kuwait,KWT,"Age population, age 22, male",SP.POP.AG22.MA.IN,23311,22575,21940.5,22702,25757.5
Kuwait,KWT,"Age population, age 21, male",SP.POP.AG21.MA.IN,22075.5,19513.5,20354.5,22353,24106.5
Kuwait,KWT,"Age population, age 21, female",SP.POP.AG21.FE.IN,20500.5,20246,21467,22756,23756
Kuwait,KWT,"Age population, age 20, male",SP.POP.AG20.MA.IN,22185.5,19354,21463.5,23576,23995.5
Kuwait,KWT,"Age population, age 20, female",SP.POP.AG20.FE.IN,20952,20814.5,22444.5,23827,24504.5
Kuwait,KWT,"Age population, age 19, male",SP.POP.AG19.MA.IN,23401,21551,23868,25754,25925
Kuwait,KWT,"Age population, age 19, female",SP.POP.AG19.FE.IN,21643.5,22057.5,23820.5,25146,25735.5
Kuwait,KWT,"Age population, age 18, female",SP.POP.AG18.FE.IN,22410,23378,25205,26450,27017.5
Kuwait,KWT,"Age population, age 18, male",SP.POP.AG18.MA.IN,24777,23910,26166,27804,28001.5
Kuwait,KWT,"Age population, age 13, female",SP.POP.AG13.FE.IN,26719,28831.5,30773,31310.5,31511
Kuwait,KWT,"Age population, age 13, male",SP.POP.AG13.MA.IN,30494.5,30269,32488,33122.5,33459
Kuwait,KWT,"Age population, age 14, female",SP.POP.AG14.FE.IN,25837,27936.5,29977,30697,30962
Kuwait,KWT,"Age population, age 14, male",SP.POP.AG14.MA.IN,29520.5,29523.5,31743,32546,32948
Kuwait,KWT,"Age population, age 15, female",SP.POP.AG15.FE.IN,24934.5,26914,28950.5,29860,30197
Kuwait,KWT,"Age population, age 15, male",SP.POP.AG15.MA.IN,28451.5,28660.5,30816,31795,32232.5
Kuwait,KWT,"Age population, age 16, female",SP.POP.AG16.FE.IN,24056,25808.5,27774,28839,29291
Kuwait,KWT,"Age population, age 16, male",SP.POP.AG16.MA.IN,27302,27465,29624.5,30773,31138
Kuwait,KWT,"Age population, age 17, female",SP.POP.AG17.FE.IN,23213.5,24628.5,26522.5,27683,28222.5
Kuwait,KWT,"Age population, age 17, male",SP.POP.AG17.MA.IN,26078,25881,28083.5,29466,29716.5
Kyrgyz Republic,KGZ,"Age population, age 24, male",SP.POP.AG24.MA.IN,54369.5,51864.5,51213.5,51565.5,51447.5
Kyrgyz Republic,KGZ,"Age population, age 24, female",SP.POP.AG24.FE.IN,54351.5,53009.5,52928,53338,53045
Kyrgyz Republic,KGZ,"Age population, age 23, male",SP.POP.AG23.MA.IN,52337.5,51085,51547,51487,50925.5
Kyrgyz Republic,KGZ,"Age population, age 23, female",SP.POP.AG23.FE.IN,52791.5,52766,53289.5,53054,52359
Kyrgyz Republic,KGZ,"Age population, age 22, female",SP.POP.AG22.FE.IN,52499,53127,53025.5,52407,53076
Kyrgyz Republic,KGZ,"Age population, age 22, male",SP.POP.AG22.MA.IN,51615,51418,51486,50998.5,52226
Kyrgyz Republic,KGZ,"Age population, age 21, male",SP.POP.AG21.MA.IN,51780,51360,51013.5,52331,55110.5
Kyrgyz Republic,KGZ,"Age population, age 21, female",SP.POP.AG21.FE.IN,52769,52865.5,52398,53160.5,53947
Kyrgyz Republic,KGZ,"Age population, age 20, male",SP.POP.AG20.MA.IN,51211.5,50893,52358,55235.5,57749
Kyrgyz Republic,KGZ,"Age population, age 20, female",SP.POP.AG20.FE.IN,52133.5,52243,53164,54053.5,54641.5
Kyrgyz Republic,KGZ,"Age population, age 19, male",SP.POP.AG19.MA.IN,50692,52249,55267,57873.5,59344.5
Kyrgyz Republic,KGZ,"Age population, age 19, female",SP.POP.AG19.FE.IN,51524,53020.5,54061.5,54749,55444
Kyrgyz Republic,KGZ,"Age population, age 18, female",SP.POP.AG18.FE.IN,52412.5,53934,54754,55535,58002.5
Kyrgyz Republic,KGZ,"Age population, age 18, male",SP.POP.AG18.MA.IN,52176,55173.5,57902,59452,61888.5
Kyrgyz Republic,KGZ,"Age population, age 13, female",SP.POP.AG13.FE.IN,61966,65698.5,69948,71807.5,72007.5
Kyrgyz Republic,KGZ,"Age population, age 13, male",SP.POP.AG13.MA.IN,65377.5,69723,74382.5,76214,76220.5
Kyrgyz Republic,KGZ,"Age population, age 14, female",SP.POP.AG14.FE.IN,57943.5,61901.5,65721,69948,71798.5
Kyrgyz Republic,KGZ,"Age population, age 14, male",SP.POP.AG14.MA.IN,61549.5,65557.5,69724,74364.5,76189
Kyrgyz Republic,KGZ,"Age population, age 15, female",SP.POP.AG15.FE.IN,55294.5,58001.5,61943,65725,69934
Kyrgyz Republic,KGZ,"Age population, age 15, male",SP.POP.AG15.MA.IN,58993.5,61954.5,65573.5,69708.5,74333.5
Kyrgyz Republic,KGZ,"Age population, age 16, female",SP.POP.AG16.FE.IN,54593.5,55448,58064.5,61949,65701
Kyrgyz Republic,KGZ,"Age population, age 16, male",SP.POP.AG16.MA.IN,57711,59420,61989,65558.5,69668
Kyrgyz Republic,KGZ,"Age population, age 17, female",SP.POP.AG17.FE.IN,53489.5,54645,55534.5,58069,61906
Kyrgyz Republic,KGZ,"Age population, age 17, male",SP.POP.AG17.MA.IN,55126.5,57828,59475.5,61972,65499
Lao PDR,LAO,"Age population, age 24, male",SP.POP.AG24.MA.IN,70206.5,71468.5,72967,73276,72415
Lao PDR,LAO,"Age population, age 24, female",SP.POP.AG24.FE.IN,69080,69640,70607,71302.5,71130
Lao PDR,LAO,"Age population, age 23, male",SP.POP.AG23.MA.IN,71809.5,73305,73618,72763,71517
Lao PDR,LAO,"Age population, age 23, female",SP.POP.AG23.FE.IN,69929.5,70892.5,71593.5,71429,70205.5
Lao PDR,LAO,"Age population, age 22, female",SP.POP.AG22.FE.IN,71181.5,71877.5,71728.5,70523,69421
Lao PDR,LAO,"Age population, age 22, male",SP.POP.AG22.MA.IN,73648,73956,73113.5,71883,71180
Lao PDR,LAO,"Age population, age 21, male",SP.POP.AG21.MA.IN,74293,73443,72234,71557,71619
Lao PDR,LAO,"Age population, age 21, female",SP.POP.AG21.FE.IN,72160.5,72005.5,70823.5,69749,69549.5
Lao PDR,LAO,"Age population, age 20, male",SP.POP.AG20.MA.IN,73764.5,72547.5,71898.5,71992.5,72532.5
Lao PDR,LAO,"Age population, age 20, female",SP.POP.AG20.FE.IN,72276,71087.5,70041.5,69875,70443.5
Lao PDR,LAO,"Age population, age 19, male",SP.POP.AG19.MA.IN,72846.5,72191,72312,72882.5,73940.5
Lao PDR,LAO,"Age population, age 19, female",SP.POP.AG19.FE.IN,71339,70287,70147,70746,71838
Lao PDR,LAO,"Age population, age 18, female",SP.POP.AG18.FE.IN,70514,70369.5,70987,72100,72875
Lao PDR,LAO,"Age population, age 18, male",SP.POP.AG18.MA.IN,72460,72577,73166.5,74246.5,74989
Lao PDR,LAO,"Age population, age 13, female",SP.POP.AG13.FE.IN,73797,73868.5,73862.5,73909,74157.5
Lao PDR,LAO,"Age population, age 13, male",SP.POP.AG13.MA.IN,76051.5,76182.5,76269,76422.5,76786.5
Lao PDR,LAO,"Age population, age 14, female",SP.POP.AG14.FE.IN,73484,73712,73785.5,73782.5,73831
Lao PDR,LAO,"Age population, age 14, male",SP.POP.AG14.MA.IN,75724.5,75945,76078.5,76167,76321
Lao PDR,LAO,"Age population, age 15, female",SP.POP.AG15.FE.IN,72605.5,73374.5,73605,73690,73697.5
Lao PDR,LAO,"Age population, age 15, male",SP.POP.AG15.MA.IN,74848.5,75591,75814.5,75957.5,76054.5
Lao PDR,LAO,"Age population, age 16, female",SP.POP.AG16.FE.IN,71352.5,72467,73238.5,73484,73583.5
Lao PDR,LAO,"Age population, age 16, male",SP.POP.AG16.MA.IN,73598.5,74683.5,75428,75664,75819
Lao PDR,LAO,"Age population, age 17, female",SP.POP.AG17.FE.IN,70569,71183,72300.5,73081,73334.5
Lao PDR,LAO,"Age population, age 17, male",SP.POP.AG17.MA.IN,72812,73398.5,74485.5,75236,75477.5
Late-demographic dividend,LTE,"Age population, age 24, male",SP.POP.AG24.MA.IN,..,..,..,..,..
Late-demographic dividend,LTE,"Age population, age 24, female",SP.POP.AG24.FE.IN,..,..,..,..,..
Late-demographic dividend,LTE,"Age population, age 23, male",SP.POP.AG23.MA.IN,..,..,..,..,..
Late-demographic dividend,LTE,"Age population, age 23, female",SP.POP.AG23.FE.IN,..,..,..,..,..
Late-demographic dividend,LTE,"Age population, age 22, female",SP.POP.AG22.FE.IN,..,..,..,..,..
Late-demographic dividend,LTE,"Age population, age 22, male",SP.POP.AG22.MA.IN,..,..,..,..,..
Late-demographic dividend,LTE,"Age population, age 21, male",SP.POP.AG21.MA.IN,..,..,..,..,..
Late-demographic dividend,LTE,"Age population, age 21, female",SP.POP.AG21.FE.IN,..,..,..,..,..
Late-demographic dividend,LTE,"Age population, age 20, male",SP.POP.AG20.MA.IN,..,..,..,..,..
Late-demographic dividend,LTE,"Age population, age 20, female",SP.POP.AG20.FE.IN,..,..,..,..,..
Late-demographic dividend,LTE,"Age population, age 19, male",SP.POP.AG19.MA.IN,..,..,..,..,..
Late-demographic dividend,LTE,"Age population, age 19, female",SP.POP.AG19.FE.IN,..,..,..,..,..
Late-demographic dividend,LTE,"Age population, age 18, female",SP.POP.AG18.FE.IN,..,..,..,..,..
Late-demographic dividend,LTE,"Age population, age 18, male",SP.POP.AG18.MA.IN,..,..,..,..,..
Late-demographic dividend,LTE,"Age population, age 13, female",SP.POP.AG13.FE.IN,..,..,..,..,..
Late-demographic dividend,LTE,"Age population, age 13, male",SP.POP.AG13.MA.IN,..,..,..,..,..
Late-demographic dividend,LTE,"Age population, age 14, female",SP.POP.AG14.FE.IN,..,..,..,..,..
Late-demographic dividend,LTE,"Age population, age 14, male",SP.POP.AG14.MA.IN,..,..,..,..,..
Late-demographic dividend,LTE,"Age population, age 15, female",SP.POP.AG15.FE.IN,..,..,..,..,..
Late-demographic dividend,LTE,"Age population, age 15, male",SP.POP.AG15.MA.IN,..,..,..,..,..
Late-demographic dividend,LTE,"Age population, age 16, female",SP.POP.AG16.FE.IN,..,..,..,..,..
Late-demographic dividend,LTE,"Age population, age 16, male",SP.POP.AG16.MA.IN,..,..,..,..,..
Late-demographic dividend,LTE,"Age population, age 17, female",SP.POP.AG17.FE.IN,..,..,..,..,..
Late-demographic dividend,LTE,"Age population, age 17, male",SP.POP.AG17.MA.IN,..,..,..,..,..
Latin America & Caribbean,LCN,"Age population, age 24, male",SP.POP.AG24.MA.IN,..,..,..,..,..
Latin America & Caribbean,LCN,"Age population, age 24, female",SP.POP.AG24.FE.IN,..,..,..,..,..
Latin America & Caribbean,LCN,"Age population, age 23, male",SP.POP.AG23.MA.IN,..,..,..,..,..
Latin America & Caribbean,LCN,"Age population, age 23, female",SP.POP.AG23.FE.IN,..,..,..,..,..
Latin America & Caribbean,LCN,"Age population, age 22, female",SP.POP.AG22.FE.IN,..,..,..,..,..
Latin America & Caribbean,LCN,"Age population, age 22, male",SP.POP.AG22.MA.IN,..,..,..,..,..
Latin America & Caribbean,LCN,"Age population, age 21, male",SP.POP.AG21.MA.IN,..,..,..,..,..
Latin America & Caribbean,LCN,"Age population, age 21, female",SP.POP.AG21.FE.IN,..,..,..,..,..
Latin America & Caribbean,LCN,"Age population, age 20, male",SP.POP.AG20.MA.IN,..,..,..,..,..
Latin America & Caribbean,LCN,"Age population, age 20, female",SP.POP.AG20.FE.IN,..,..,..,..,..
Latin America & Caribbean,LCN,"Age population, age 19, male",SP.POP.AG19.MA.IN,..,..,..,..,..
Latin America & Caribbean,LCN,"Age population, age 19, female",SP.POP.AG19.FE.IN,..,..,..,..,..
Latin America & Caribbean,LCN,"Age population, age 18, female",SP.POP.AG18.FE.IN,..,..,..,..,..
Latin America & Caribbean,LCN,"Age population, age 18, male",SP.POP.AG18.MA.IN,..,..,..,..,..
Latin America & Caribbean,LCN,"Age population, age 13, female",SP.POP.AG13.FE.IN,..,..,..,..,..
Latin America & Caribbean,LCN,"Age population, age 13, male",SP.POP.AG13.MA.IN,..,..,..,..,..
Latin America & Caribbean,LCN,"Age population, age 14, female",SP.POP.AG14.FE.IN,..,..,..,..,..
Latin America & Caribbean,LCN,"Age population, age 14, male",SP.POP.AG14.MA.IN,..,..,..,..,..
Latin America & Caribbean,LCN,"Age population, age 15, female",SP.POP.AG15.FE.IN,..,..,..,..,..
Latin America & Caribbean,LCN,"Age population, age 15, male",SP.POP.AG15.MA.IN,..,..,..,..,..
Latin America & Caribbean,LCN,"Age population, age 16, female",SP.POP.AG16.FE.IN,..,..,..,..,..
Latin America & Caribbean,LCN,"Age population, age 16, male",SP.POP.AG16.MA.IN,..,..,..,..,..
Latin America & Caribbean,LCN,"Age population, age 17, female",SP.POP.AG17.FE.IN,..,..,..,..,..
Latin America & Caribbean,LCN,"Age population, age 17, male",SP.POP.AG17.MA.IN,..,..,..,..,..
Latin America & Caribbean (excluding high income),LAC,"Age population, age 24, male",SP.POP.AG24.MA.IN,..,..,..,..,..
Latin America & Caribbean (excluding high income),LAC,"Age population, age 24, female",SP.POP.AG24.FE.IN,..,..,..,..,..
Latin America & Caribbean (excluding high income),LAC,"Age population, age 23, male",SP.POP.AG23.MA.IN,..,..,..,..,..
Latin America & Caribbean (excluding high income),LAC,"Age population, age 23, female",SP.POP.AG23.FE.IN,..,..,..,..,..
Latin America & Caribbean (excluding high income),LAC,"Age population, age 22, female",SP.POP.AG22.FE.IN,..,..,..,..,..
Latin America & Caribbean (excluding high income),LAC,"Age population, age 22, male",SP.POP.AG22.MA.IN,..,..,..,..,..
Latin America & Caribbean (excluding high income),LAC,"Age population, age 21, male",SP.POP.AG21.MA.IN,..,..,..,..,..
Latin America & Caribbean (excluding high income),LAC,"Age population, age 21, female",SP.POP.AG21.FE.IN,..,..,..,..,..
Latin America & Caribbean (excluding high income),LAC,"Age population, age 20, male",SP.POP.AG20.MA.IN,..,..,..,..,..
Latin America & Caribbean (excluding high income),LAC,"Age population, age 20, female",SP.POP.AG20.FE.IN,..,..,..,..,..
Latin America & Caribbean (excluding high income),LAC,"Age population, age 19, male",SP.POP.AG19.MA.IN,..,..,..,..,..
Latin America & Caribbean (excluding high income),LAC,"Age population, age 19, female",SP.POP.AG19.FE.IN,..,..,..,..,..
Latin America & Caribbean (excluding high income),LAC,"Age population, age 18, female",SP.POP.AG18.FE.IN,..,..,..,..,..
Latin America & Caribbean (excluding high income),LAC,"Age population, age 18, male",SP.POP.AG18.MA.IN,..,..,..,..,..
Latin America & Caribbean (excluding high income),LAC,"Age population, age 13, female",SP.POP.AG13.FE.IN,..,..,..,..,..
Latin America & Caribbean (excluding high income),LAC,"Age population, age 13, male",SP.POP.AG13.MA.IN,..,..,..,..,..
Latin America & Caribbean (excluding high income),LAC,"Age population, age 14, female",SP.POP.AG14.FE.IN,..,..,..,..,..
Latin America & Caribbean (excluding high income),LAC,"Age population, age 14, male",SP.POP.AG14.MA.IN,..,..,..,..,..
Latin America & Caribbean (excluding high income),LAC,"Age population, age 15, female",SP.POP.AG15.FE.IN,..,..,..,..,..
Latin America & Caribbean (excluding high income),LAC,"Age population, age 15, male",SP.POP.AG15.MA.IN,..,..,..,..,..
Latin America & Caribbean (excluding high income),LAC,"Age population, age 16, female",SP.POP.AG16.FE.IN,..,..,..,..,..
Latin America & Caribbean (excluding high income),LAC,"Age population, age 16, male",SP.POP.AG16.MA.IN,..,..,..,..,..
Latin America & Caribbean (excluding high income),LAC,"Age population, age 17, female",SP.POP.AG17.FE.IN,..,..,..,..,..
Latin America & Caribbean (excluding high income),LAC,"Age population, age 17, male",SP.POP.AG17.MA.IN,..,..,..,..,..
Latin America & the Caribbean (IDA & IBRD countries),TLA,"Age population, age 24, male",SP.POP.AG24.MA.IN,..,..,..,..,..
Latin America & the Caribbean (IDA & IBRD countries),TLA,"Age population, age 24, female",SP.POP.AG24.FE.IN,..,..,..,..,..
Latin America & the Caribbean (IDA & IBRD countries),TLA,"Age population, age 23, male",SP.POP.AG23.MA.IN,..,..,..,..,..
Latin America & the Caribbean (IDA & IBRD countries),TLA,"Age population, age 23, female",SP.POP.AG23.FE.IN,..,..,..,..,..
Latin America & the Caribbean (IDA & IBRD countries),TLA,"Age population, age 22, female",SP.POP.AG22.FE.IN,..,..,..,..,..
Latin America & the Caribbean (IDA & IBRD countries),TLA,"Age population, age 22, male",SP.POP.AG22.MA.IN,..,..,..,..,..
Latin America & the Caribbean (IDA & IBRD countries),TLA,"Age population, age 21, male",SP.POP.AG21.MA.IN,..,..,..,..,..
Latin America & the Caribbean (IDA & IBRD countries),TLA,"Age population, age 21, female",SP.POP.AG21.FE.IN,..,..,..,..,..
Latin America & the Caribbean (IDA & IBRD countries),TLA,"Age population, age 20, male",SP.POP.AG20.MA.IN,..,..,..,..,..
Latin America & the Caribbean (IDA & IBRD countries),TLA,"Age population, age 20, female",SP.POP.AG20.FE.IN,..,..,..,..,..
Latin America & the Caribbean (IDA & IBRD countries),TLA,"Age population, age 19, male",SP.POP.AG19.MA.IN,..,..,..,..,..
Latin America & the Caribbean (IDA & IBRD countries),TLA,"Age population, age 19, female",SP.POP.AG19.FE.IN,..,..,..,..,..
Latin America & the Caribbean (IDA & IBRD countries),TLA,"Age population, age 18, female",SP.POP.AG18.FE.IN,..,..,..,..,..
Latin America & the Caribbean (IDA & IBRD countries),TLA,"Age population, age 18, male",SP.POP.AG18.MA.IN,..,..,..,..,..
Latin America & the Caribbean (IDA & IBRD countries),TLA,"Age population, age 13, female",SP.POP.AG13.FE.IN,..,..,..,..,..
Latin America & the Caribbean (IDA & IBRD countries),TLA,"Age population, age 13, male",SP.POP.AG13.MA.IN,..,..,..,..,..
Latin America & the Caribbean (IDA & IBRD countries),TLA,"Age population, age 14, female",SP.POP.AG14.FE.IN,..,..,..,..,..
Latin America & the Caribbean (IDA & IBRD countries),TLA,"Age population, age 14, male",SP.POP.AG14.MA.IN,..,..,..,..,..
Latin America & the Caribbean (IDA & IBRD countries),TLA,"Age population, age 15, female",SP.POP.AG15.FE.IN,..,..,..,..,..
Latin America & the Caribbean (IDA & IBRD countries),TLA,"Age population, age 15, male",SP.POP.AG15.MA.IN,..,..,..,..,..
Latin America & the Caribbean (IDA & IBRD countries),TLA,"Age population, age 16, female",SP.POP.AG16.FE.IN,..,..,..,..,..
Latin America & the Caribbean (IDA & IBRD countries),TLA,"Age population, age 16, male",SP.POP.AG16.MA.IN,..,..,..,..,..
Latin America & the Caribbean (IDA & IBRD countries),TLA,"Age population, age 17, female",SP.POP.AG17.FE.IN,..,..,..,..,..
Latin America & the Caribbean (IDA & IBRD countries),TLA,"Age population, age 17, male",SP.POP.AG17.MA.IN,..,..,..,..,..
Latvia,LVA,"Age population, age 24, male",SP.POP.AG24.MA.IN,8522.5,8360.5,8597,9029.5,8905
Latvia,LVA,"Age population, age 24, female",SP.POP.AG24.FE.IN,7778,7720.5,8007.5,8534,8585
Latvia,LVA,"Age population, age 23, male",SP.POP.AG23.MA.IN,8325.5,8539.5,9043.5,9000.5,8859.5
Latvia,LVA,"Age population, age 23, female",SP.POP.AG23.FE.IN,7681,7949,8546,8686.5,8535.5
Latvia,LVA,"Age population, age 22, female",SP.POP.AG22.FE.IN,7910.5,8485.5,8700,8638.5,8744
Latvia,LVA,"Age population, age 22, male",SP.POP.AG22.MA.IN,8506.5,8986.5,9015.5,8956,9260
Latvia,LVA,"Age population, age 21, male",SP.POP.AG21.MA.IN,8950,8955.5,8972,9355,9389
Latvia,LVA,"Age population, age 21, female",SP.POP.AG21.FE.IN,8444.5,8636.5,8653.5,8847,8794
Latvia,LVA,"Age population, age 20, male",SP.POP.AG20.MA.IN,8912,8907.5,9371,9480.5,9592.5
Latvia,LVA,"Age population, age 20, female",SP.POP.AG20.FE.IN,8592.5,8589.5,8864.5,8893.5,9054.5
Latvia,LVA,"Age population, age 19, male",SP.POP.AG19.MA.IN,8864.5,9309,9495,9678,10083
Latvia,LVA,"Age population, age 19, female",SP.POP.AG19.FE.IN,8548,8801.5,8908,9145.5,9615
Latvia,LVA,"Age population, age 18, female",SP.POP.AG18.FE.IN,8757.5,8842,9154,9692,10136.5
Latvia,LVA,"Age population, age 18, male",SP.POP.AG18.MA.IN,9266.5,9431.5,9688,10157,10559.5
Latvia,LVA,"Age population, age 13, female",SP.POP.AG13.FE.IN,10513,10376,9572.5,9096.5,9372
Latvia,LVA,"Age population, age 13, male",SP.POP.AG13.MA.IN,10944.5,10774.5,10160.5,9783.5,10035
Latvia,LVA,"Age population, age 14, female",SP.POP.AG14.FE.IN,10062.5,10571.5,10458,9589,9075
Latvia,LVA,"Age population, age 14, male",SP.POP.AG14.MA.IN,10475.5,11005.5,10860,10178.5,9764
Latvia,LVA,"Age population, age 15, female",SP.POP.AG15.FE.IN,9574,10117,10648,10472.5,9566.5
Latvia,LVA,"Age population, age 15, male",SP.POP.AG15.MA.IN,10035.5,10532.5,11086,10876,10158
Latvia,LVA,"Age population, age 16, female",SP.POP.AG16.FE.IN,9038.5,9626.5,10190.5,10659,10443.5
Latvia,LVA,"Age population, age 16, male",SP.POP.AG16.MA.IN,9571.5,10090,10609.5,11098,10849.5
Latvia,LVA,"Age population, age 17, female",SP.POP.AG17.FE.IN,8794.5,9086.5,9694,10195.5,10617.5
Latvia,LVA,"Age population, age 17, male",SP.POP.AG17.MA.IN,9384,9620.5,10160.5,10615.5,11059.5
Least developed countries: UN classification,LDC,"Age population, age 24, male",SP.POP.AG24.MA.IN,..,..,..,..,..
Least developed countries: UN classification,LDC,"Age population, age 24, female",SP.POP.AG24.FE.IN,..,..,..,..,..
Least developed countries: UN classification,LDC,"Age population, age 23, male",SP.POP.AG23.MA.IN,..,..,..,..,..
Least developed countries: UN classification,LDC,"Age population, age 23, female",SP.POP.AG23.FE.IN,..,..,..,..,..
Least developed countries: UN classification,LDC,"Age population, age 22, female",SP.POP.AG22.FE.IN,..,..,..,..,..
Least developed countries: UN classification,LDC,"Age population, age 22, male",SP.POP.AG22.MA.IN,..,..,..,..,..
Least developed countries: UN classification,LDC,"Age population, age 21, male",SP.POP.AG21.MA.IN,..,..,..,..,..
Least developed countries: UN classification,LDC,"Age population, age 21, female",SP.POP.AG21.FE.IN,..,..,..,..,..
Least developed countries: UN classification,LDC,"Age population, age 20, male",SP.POP.AG20.MA.IN,..,..,..,..,..
Least developed countries: UN classification,LDC,"Age population, age 20, female",SP.POP.AG20.FE.IN,..,..,..,..,..
Least developed countries: UN classification,LDC,"Age population, age 19, male",SP.POP.AG19.MA.IN,..,..,..,..,..
Least developed countries: UN classification,LDC,"Age population, age 19, female",SP.POP.AG19.FE.IN,..,..,..,..,..
Least developed countries: UN classification,LDC,"Age population, age 18, female",SP.POP.AG18.FE.IN,..,..,..,..,..
Least developed countries: UN classification,LDC,"Age population, age 18, male",SP.POP.AG18.MA.IN,..,..,..,..,..
Least developed countries: UN classification,LDC,"Age population, age 13, female",SP.POP.AG13.FE.IN,..,..,..,..,..
Least developed countries: UN classification,LDC,"Age population, age 13, male",SP.POP.AG13.MA.IN,..,..,..,..,..
Least developed countries: UN classification,LDC,"Age population, age 14, female",SP.POP.AG14.FE.IN,..,..,..,..,..
Least developed countries: UN classification,LDC,"Age population, age 14, male",SP.POP.AG14.MA.IN,..,..,..,..,..
Least developed countries: UN classification,LDC,"Age population, age 15, female",SP.POP.AG15.FE.IN,..,..,..,..,..
Least developed countries: UN classification,LDC,"Age population, age 15, male",SP.POP.AG15.MA.IN,..,..,..,..,..
Least developed countries: UN classification,LDC,"Age population, age 16, female",SP.POP.AG16.FE.IN,..,..,..,..,..
Least developed countries: UN classification,LDC,"Age population, age 16, male",SP.POP.AG16.MA.IN,..,..,..,..,..
Least developed countries: UN classification,LDC,"Age population, age 17, female",SP.POP.AG17.FE.IN,..,..,..,..,..
Least developed countries: UN classification,LDC,"Age population, age 17, male",SP.POP.AG17.MA.IN,..,..,..,..,..
Lebanon,LBN,"Age population, age 24, male",SP.POP.AG24.MA.IN,43597.5,45545,46933.5,47944,48827.5
Lebanon,LBN,"Age population, age 24, female",SP.POP.AG24.FE.IN,43690.5,43699,43610,43619,43916
Lebanon,LBN,"Age population, age 23, male",SP.POP.AG23.MA.IN,46110.5,47563.5,48478,49135.5,49833
Lebanon,LBN,"Age population, age 23, female",SP.POP.AG23.FE.IN,44285.5,44263,44146.5,44188.5,44597
Lebanon,LBN,"Age population, age 22, female",SP.POP.AG22.FE.IN,44850.5,44799.5,44716,44875,45427.5
Lebanon,LBN,"Age population, age 22, male",SP.POP.AG22.MA.IN,48128.5,49106,49670,50149,50752
Lebanon,LBN,"Age population, age 21, male",SP.POP.AG21.MA.IN,49658.5,50283.5,50673,51069,51605.5
Lebanon,LBN,"Age population, age 21, female",SP.POP.AG21.FE.IN,45376.5,45357,45392.5,45705.5,46416
Lebanon,LBN,"Age population, age 20, male",SP.POP.AG20.MA.IN,50811,51257,51568,51912,52392
Lebanon,LBN,"Age population, age 20, female",SP.POP.AG20.FE.IN,45909.5,46007,46200,46683.5,47548.5
Lebanon,LBN,"Age population, age 19, male",SP.POP.AG19.MA.IN,51746.5,52109.5,52372,52673,53183
Lebanon,LBN,"Age population, age 19, female",SP.POP.AG19.FE.IN,46521.5,46772,47141,47793.5,48820
Lebanon,LBN,"Age population, age 18, female",SP.POP.AG18.FE.IN,47235,47656.5,48199,49029,50174.5
Lebanon,LBN,"Age population, age 18, male",SP.POP.AG18.MA.IN,52548,52856,53078,53423,54043.5
Lebanon,LBN,"Age population, age 13, female",SP.POP.AG13.FE.IN,52199,53269.5,54422.5,55473.5,56069.5
Lebanon,LBN,"Age population, age 13, male",SP.POP.AG13.MA.IN,55609,56339.5,57239,58101,58565.5
Lebanon,LBN,"Age population, age 14, female",SP.POP.AG14.FE.IN,51084,52064,53121,54302.5,55411.5
Lebanon,LBN,"Age population, age 14, male",SP.POP.AG14.MA.IN,54933,55486,56203.5,57122.5,58032
Lebanon,LBN,"Age population, age 15, female",SP.POP.AG15.FE.IN,49993.5,50893,51853,52965.5,54238
Lebanon,LBN,"Age population, age 15, male",SP.POP.AG15.MA.IN,54337.5,54757,55293,56053.5,57049.5
Lebanon,LBN,"Age population, age 16, female",SP.POP.AG16.FE.IN,48973.5,49735.5,50606.5,51647,52885.5
Lebanon,LBN,"Age population, age 16, male",SP.POP.AG16.MA.IN,53801.5,54098,54493.5,55093,55960.5
Lebanon,LBN,"Age population, age 17, female",SP.POP.AG17.FE.IN,48056.5,48644,49369,50337,51532
Lebanon,LBN,"Age population, age 17, male",SP.POP.AG17.MA.IN,53232.5,53492.5,53759,54230,54961
Lesotho,LSO,"Age population, age 24, male",SP.POP.AG24.MA.IN,20969.5,20808.5,20405.5,20390,20957.5
Lesotho,LSO,"Age population, age 24, female",SP.POP.AG24.FE.IN,21385,21200.5,20756.5,20677,21166
Lesotho,LSO,"Age population, age 23, male",SP.POP.AG23.MA.IN,21020,20620,20584.5,21145.5,22124.5
Lesotho,LSO,"Age population, age 23, female",SP.POP.AG23.FE.IN,21391,20956,20865,21355,22256.5
Lesotho,LSO,"Age population, age 22, female",SP.POP.AG22.FE.IN,21136.5,21058.5,21541,22446.5,22999.5
Lesotho,LSO,"Age population, age 22, male",SP.POP.AG22.MA.IN,20821.5,20792,21337.5,22313,22931
Lesotho,LSO,"Age population, age 21, male",SP.POP.AG21.MA.IN,20983,21537,22501,23115.5,22992
Lesotho,LSO,"Age population, age 21, female",SP.POP.AG21.FE.IN,21228.5,21727.5,22628.5,23186.5,23012.5
Lesotho,LSO,"Age population, age 20, male",SP.POP.AG20.MA.IN,21718,22691,23294,23166,22918.5
Lesotho,LSO,"Age population, age 20, female",SP.POP.AG20.FE.IN,21888.5,22809,23361.5,23190,22902
Lesotho,LSO,"Age population, age 19, male",SP.POP.AG19.MA.IN,22862,23470.5,23328.5,23076,23172
Lesotho,LSO,"Age population, age 19, female",SP.POP.AG19.FE.IN,22959.5,23530,23351.5,23064.5,23130
Lesotho,LSO,"Age population, age 18, female",SP.POP.AG18.FE.IN,23666.5,23502.5,23206,23271.5,23900.5
Lesotho,LSO,"Age population, age 18, male",SP.POP.AG18.MA.IN,23626.5,23487.5,23220,23310,23971.5
Lesotho,LSO,"Age population, age 13, female",SP.POP.AG13.FE.IN,25049.5,25309,25433.5,26169.5,26920.5
Lesotho,LSO,"Age population, age 13, male",SP.POP.AG13.MA.IN,25153,25425.5,25568,26329.5,27105.5
Lesotho,LSO,"Age population, age 14, female",SP.POP.AG14.FE.IN,24275,24993,25251.5,25379.5,26116
Lesotho,LSO,"Age population, age 14, male",SP.POP.AG14.MA.IN,24353.5,25090,25367,25514,26277
Lesotho,LSO,"Age population, age 15, female",SP.POP.AG15.FE.IN,23585.5,24206,24919.5,25187.5,25321.5
Lesotho,LSO,"Age population, age 15, male",SP.POP.AG15.MA.IN,23637,24277.5,25015.5,25302,25455.5
Lesotho,LSO,"Age population, age 16, female",SP.POP.AG16.FE.IN,23438,23502,24114,24840,25117
Lesotho,LSO,"Age population, age 16, male",SP.POP.AG16.MA.IN,23468.5,23545,24185.5,24936,25232
Lesotho,LSO,"Age population, age 17, female",SP.POP.AG17.FE.IN,23622,23337.5,23391,24016.5,24750
Lesotho,LSO,"Age population, age 17, male",SP.POP.AG17.MA.IN,23623,23356,23431.5,24086.5,24846
Liberia,LBR,"Age population, age 24, male",SP.POP.AG24.MA.IN,43567,45403.5,47404,49337.5,51085
Liberia,LBR,"Age population, age 24, female",SP.POP.AG24.FE.IN,43293.5,45023.5,46927,48779.5,50467
Liberia,LBR,"Age population, age 23, male",SP.POP.AG23.MA.IN,45709,47647,49616.5,51418.5,52978
Liberia,LBR,"Age population, age 23, female",SP.POP.AG23.FE.IN,45302.5,47138,49022,50759.5,52267
Liberia,LBR,"Age population, age 22, female",SP.POP.AG22.FE.IN,47418,49232.5,51008,52571,54059.5
Liberia,LBR,"Age population, age 22, male",SP.POP.AG22.MA.IN,47954.5,49861.5,51707,53327,54873.5
Liberia,LBR,"Age population, age 21, male",SP.POP.AG21.MA.IN,50165,51949.5,53618.5,55229.5,57147
Liberia,LBR,"Age population, age 21, female",SP.POP.AG21.FE.IN,49508.5,51216,52822.5,54369.5,56215.5
Liberia,LBR,"Age population, age 20, male",SP.POP.AG20.MA.IN,52244.5,53854,55516,57499.5,59900.5
Liberia,LBR,"Age population, age 20, female",SP.POP.AG20.FE.IN,51483.5,53024,54617,56523.5,58831.5
Liberia,LBR,"Age population, age 19, male",SP.POP.AG19.MA.IN,54133,55740.5,57772,60234.5,62850.5
Liberia,LBR,"Age population, age 19, female",SP.POP.AG19.FE.IN,53278.5,54809.5,56758.5,59122.5,61629
Liberia,LBR,"Age population, age 18, female",SP.POP.AG18.FE.IN,55045.5,56939.5,59338,61889.5,63929.5
Liberia,LBR,"Age population, age 18, male",SP.POP.AG18.MA.IN,55997,57981.5,60484,63150.5,65276.5
Liberia,LBR,"Age population, age 13, female",SP.POP.AG13.FE.IN,65816,66579.5,67376,68210,70060.5
Liberia,LBR,"Age population, age 13, male",SP.POP.AG13.MA.IN,67308,68110,68923,69803,71771.5
Liberia,LBR,"Age population, age 14, female",SP.POP.AG14.FE.IN,64568.5,65707.5,66487,67279,68105
Liberia,LBR,"Age population, age 14, male",SP.POP.AG14.MA.IN,65990.5,67191.5,68008.5,68816.5,69686.5
Liberia,LBR,"Age population, age 15, female",SP.POP.AG15.FE.IN,62386,64435,65596.5,66376.5,67165
Liberia,LBR,"Age population, age 15, male",SP.POP.AG15.MA.IN,63704.5,65851,67072,67887,68688.5
Liberia,LBR,"Age population, age 16, female",SP.POP.AG16.FE.IN,59691,62226,64304.5,65466,66241.5
Liberia,LBR,"Age population, age 16, male",SP.POP.AG16.MA.IN,60874,63535.5,65707.5,66925.5,67733
Liberia,LBR,"Age population, age 17, female",SP.POP.AG17.FE.IN,57152,59504,62077,64147,65294.5
Liberia,LBR,"Age population, age 17, male",SP.POP.AG17.MA.IN,58211.5,60674.5,63368,65527.5,66728
Libya,LBY,"Age population, age 24, male",SP.POP.AG24.MA.IN,56235,57066,57877,58835.5,60167.5
Libya,LBY,"Age population, age 24, female",SP.POP.AG24.FE.IN,53895.5,54805.5,55524.5,56269,57346.5
Libya,LBY,"Age population, age 23, male",SP.POP.AG23.MA.IN,57172.5,58003,58909.5,60211.5,61896
Libya,LBY,"Age population, age 23, female",SP.POP.AG23.FE.IN,54867,55630.5,56326.5,57347.5,58836
Libya,LBY,"Age population, age 22, female",SP.POP.AG22.FE.IN,55692,56432,57392.5,58811,60598
Libya,LBY,"Age population, age 22, male",SP.POP.AG22.MA.IN,58110,59038.5,60272,61905,63847.5
Libya,LBY,"Age population, age 21, male",SP.POP.AG21.MA.IN,59146.5,60403.5,61954,63825.5,65872
Libya,LBY,"Age population, age 21, female",SP.POP.AG21.FE.IN,56493.5,57498.5,58847,60550.5,62425.5
Libya,LBY,"Age population, age 20, male",SP.POP.AG20.MA.IN,60509.5,62086.5,63869.5,65832.5,67754
Libya,LBY,"Age population, age 20, female",SP.POP.AG20.FE.IN,57560,58953.5,60584.5,62369,63870
Libya,LBY,"Age population, age 19, male",SP.POP.AG19.MA.IN,62188.5,63999.5,65877.5,67713,69418
Libya,LBY,"Age population, age 19, female",SP.POP.AG19.FE.IN,59014,60689.5,62405.5,63817.5,64988.5
Libya,LBY,"Age population, age 18, female",SP.POP.AG18.FE.IN,60747,62508,63863,64952.5,65956
Libya,LBY,"Age population, age 18, male",SP.POP.AG18.MA.IN,64094.5,66002.5,67766,69391.5,70369
Libya,LBY,"Age population, age 13, female",SP.POP.AG13.FE.IN,66769.5,67124.5,68246.5,70084,68870
Libya,LBY,"Age population, age 13, male",SP.POP.AG13.MA.IN,70824,70907.5,72010.5,74000,72649.5
Libya,LBY,"Age population, age 14, female",SP.POP.AG14.FE.IN,66120.5,66744,67051.5,68178,70061
Libya,LBY,"Age population, age 14, male",SP.POP.AG14.MA.IN,70566.5,70793,70835,71946.5,73977
Libya,LBY,"Age population, age 15, female",SP.POP.AG15.FE.IN,65136,66089,66668,66982.5,68152
Libya,LBY,"Age population, age 15, male",SP.POP.AG15.MA.IN,69612,70526,70713.5,70765.5,71916.5
Libya,LBY,"Age population, age 16, female",SP.POP.AG16.FE.IN,64006.5,65097,66007,66599,66960.5
Libya,LBY,"Age population, age 16, male",SP.POP.AG16.MA.IN,67950,69557.5,70435.5,70641,70736.5
Libya,LBY,"Age population, age 17, female",SP.POP.AG17.FE.IN,62561,63960,65008.5,65943.5,66590.5
Libya,LBY,"Age population, age 17, male",SP.POP.AG17.MA.IN,66085.5,67881.5,69454.5,70365,70623.5
Liechtenstein,LIE,"Age population, age 24, male",SP.POP.AG24.MA.IN,231.5,220.5,204.5,219,233
Liechtenstein,LIE,"Age population, age 24, female",SP.POP.AG24.FE.IN,225.5,228.5,228.5,229.5,216
Liechtenstein,LIE,"Age population, age 23, male",SP.POP.AG23.MA.IN,216.5,200.5,214.5,228.5,227
Liechtenstein,LIE,"Age population, age 23, female",SP.POP.AG23.FE.IN,224,223.5,224.5,211.5,214
Liechtenstein,LIE,"Age population, age 22, female",SP.POP.AG22.FE.IN,219,219.5,206,208,208.5
Liechtenstein,LIE,"Age population, age 22, male",SP.POP.AG22.MA.IN,197,211,223.5,221,212.5
Liechtenstein,LIE,"Age population, age 21, male",SP.POP.AG21.MA.IN,207,219.5,216,206,214
Liechtenstein,LIE,"Age population, age 21, female",SP.POP.AG21.FE.IN,215,201,202.5,202.5,206.5
Liechtenstein,LIE,"Age population, age 20, male",SP.POP.AG20.MA.IN,215.5,212,200.5,207,216
Liechtenstein,LIE,"Age population, age 20, female",SP.POP.AG20.FE.IN,197,198.5,197,199.5,218
Liechtenstein,LIE,"Age population, age 19, male",SP.POP.AG19.MA.IN,208.5,197,202.5,210,206.5
Liechtenstein,LIE,"Age population, age 19, female",SP.POP.AG19.FE.IN,194.5,193,194,211,211
Liechtenstein,LIE,"Age population, age 18, female",SP.POP.AG18.FE.IN,189.5,190,206,205,192.5
Liechtenstein,LIE,"Age population, age 18, male",SP.POP.AG18.MA.IN,194,199.5,205.5,201,209
Liechtenstein,LIE,"Age population, age 13, female",SP.POP.AG13.FE.IN,169,176,180,184.5,190.5
Liechtenstein,LIE,"Age population, age 13, male",SP.POP.AG13.MA.IN,203,218.5,207,194.5,203
Liechtenstein,LIE,"Age population, age 14, female",SP.POP.AG14.FE.IN,182.5,170,177,181,185.5
Liechtenstein,LIE,"Age population, age 14, male",SP.POP.AG14.MA.IN,200,204,219.5,207.5,194.5
Liechtenstein,LIE,"Age population, age 15, female",SP.POP.AG15.FE.IN,197,183.5,171,178,182
Liechtenstein,LIE,"Age population, age 15, male",SP.POP.AG15.MA.IN,193.5,201,205,220.5,208.5
Liechtenstein,LIE,"Age population, age 16, female",SP.POP.AG16.FE.IN,201,199,185.5,172.5,179.5
Liechtenstein,LIE,"Age population, age 16, male",SP.POP.AG16.MA.IN,200.5,195.5,203,206.5,221.5
Liechtenstein,LIE,"Age population, age 17, female",SP.POP.AG17.FE.IN,187,203,201.5,188.5,175.5
Liechtenstein,LIE,"Age population, age 17, male",SP.POP.AG17.MA.IN,197,202.5,197.5,205,209
Lithuania,LTU,"Age population, age 24, male",SP.POP.AG24.MA.IN,16508.5,17047,17923,17707.5,16309.5
Lithuania,LTU,"Age population, age 24, female",SP.POP.AG24.FE.IN,15209.5,15740.5,16840,16941.5,15742
Lithuania,LTU,"Age population, age 23, male",SP.POP.AG23.MA.IN,16170.5,16800.5,17269.5,16521.5,15317
Lithuania,LTU,"Age population, age 23, female",SP.POP.AG23.FE.IN,14801,15638,16468,15963.5,14832.5
Lithuania,LTU,"Age population, age 22, female",SP.POP.AG22.FE.IN,14696,15265.5,15499,15052.5,14431.5
Lithuania,LTU,"Age population, age 22, male",SP.POP.AG22.MA.IN,15924,16149,16090.5,15522,14997
Lithuania,LTU,"Age population, age 21, male",SP.POP.AG21.MA.IN,15293.5,14995,15108.5,15193,14697.5
Lithuania,LTU,"Age population, age 21, female",SP.POP.AG21.FE.IN,14339,14318.5,14604.5,14644,14261
Lithuania,LTU,"Age population, age 20, male",SP.POP.AG20.MA.IN,14182,14066,14805.5,14880.5,14305.5
Lithuania,LTU,"Age population, age 20, female",SP.POP.AG20.FE.IN,13432,13473.5,14220.5,14461.5,13949
Lithuania,LTU,"Age population, age 19, male",SP.POP.AG19.MA.IN,13315.5,13843.5,14526,14472.5,14038
Lithuania,LTU,"Age population, age 19, female",SP.POP.AG19.FE.IN,12647.5,13166,14069,14131,13695.5
Lithuania,LTU,"Age population, age 18, female",SP.POP.AG18.FE.IN,12424.5,13122.5,13777.5,13850.5,13487
Lithuania,LTU,"Age population, age 18, male",SP.POP.AG18.MA.IN,13172.5,13667.5,14155,14180,13873.5
Lithuania,LTU,"Age population, age 13, female",SP.POP.AG13.FE.IN,12937.5,13854,14356,14244,14201.5
Lithuania,LTU,"Age population, age 13, male",SP.POP.AG13.MA.IN,13581.5,14560,15028,15027,15011.5
Lithuania,LTU,"Age population, age 14, female",SP.POP.AG14.FE.IN,12537,13141.5,14115.5,14459.5,14195
Lithuania,LTU,"Age population, age 14, male",SP.POP.AG14.MA.IN,13032.5,13764,14793.5,15121,14981.5
Lithuania,LTU,"Age population, age 15, female",SP.POP.AG15.FE.IN,12468,12834,13520,14263.5,14410.5
Lithuania,LTU,"Age population, age 15, male",SP.POP.AG15.MA.IN,12942,13295.5,14100,14924.5,15073.5
Lithuania,LTU,"Age population, age 16, female",SP.POP.AG16.FE.IN,12437.5,12874,13352,13720,14203.5
Lithuania,LTU,"Age population, age 16, male",SP.POP.AG16.MA.IN,12947.5,13303.5,13755.5,14276,14866.5
Lithuania,LTU,"Age population, age 17, female",SP.POP.AG17.FE.IN,12483,12962.5,13543.5,13607,13635
Lithuania,LTU,"Age population, age 17, male",SP.POP.AG17.MA.IN,13091.5,13417,13904,13983.5,14197.5
Low & middle income,LMY,"Age population, age 24, male",SP.POP.AG24.MA.IN,..,..,..,..,..
Low & middle income,LMY,"Age population, age 24, female",SP.POP.AG24.FE.IN,..,..,..,..,..
Low & middle income,LMY,"Age population, age 23, male",SP.POP.AG23.MA.IN,..,..,..,..,..
Low & middle income,LMY,"Age population, age 23, female",SP.POP.AG23.FE.IN,..,..,..,..,..
Low & middle income,LMY,"Age population, age 22, female",SP.POP.AG22.FE.IN,..,..,..,..,..
Low & middle income,LMY,"Age population, age 22, male",SP.POP.AG22.MA.IN,..,..,..,..,..
Low & middle income,LMY,"Age population, age 21, male",SP.POP.AG21.MA.IN,..,..,..,..,..
Low & middle income,LMY,"Age population, age 21, female",SP.POP.AG21.FE.IN,..,..,..,..,..
Low & middle income,LMY,"Age population, age 20, male",SP.POP.AG20.MA.IN,..,..,..,..,..
Low & middle income,LMY,"Age population, age 20, female",SP.POP.AG20.FE.IN,..,..,..,..,..
Low & middle income,LMY,"Age population, age 19, male",SP.POP.AG19.MA.IN,..,..,..,..,..
Low & middle income,LMY,"Age population, age 19, female",SP.POP.AG19.FE.IN,..,..,..,..,..
Low & middle income,LMY,"Age population, age 18, female",SP.POP.AG18.FE.IN,..,..,..,..,..
Low & middle income,LMY,"Age population, age 18, male",SP.POP.AG18.MA.IN,..,..,..,..,..
Low & middle income,LMY,"Age population, age 13, female",SP.POP.AG13.FE.IN,..,..,..,..,..
Low & middle income,LMY,"Age population, age 13, male",SP.POP.AG13.MA.IN,..,..,..,..,..
Low & middle income,LMY,"Age population, age 14, female",SP.POP.AG14.FE.IN,..,..,..,..,..
Low & middle income,LMY,"Age population, age 14, male",SP.POP.AG14.MA.IN,..,..,..,..,..
Low & middle income,LMY,"Age population, age 15, female",SP.POP.AG15.FE.IN,..,..,..,..,..
Low & middle income,LMY,"Age population, age 15, male",SP.POP.AG15.MA.IN,..,..,..,..,..
Low & middle income,LMY,"Age population, age 16, female",SP.POP.AG16.FE.IN,..,..,..,..,..
Low & middle income,LMY,"Age population, age 16, male",SP.POP.AG16.MA.IN,..,..,..,..,..
Low & middle income,LMY,"Age population, age 17, female",SP.POP.AG17.FE.IN,..,..,..,..,..
Low & middle income,LMY,"Age population, age 17, male",SP.POP.AG17.MA.IN,..,..,..,..,..
Low income,LIC,"Age population, age 24, male",SP.POP.AG24.MA.IN,..,..,..,..,..
Low income,LIC,"Age population, age 24, female",SP.POP.AG24.FE.IN,..,..,..,..,..
Low income,LIC,"Age population, age 23, male",SP.POP.AG23.MA.IN,..,..,..,..,..
Low income,LIC,"Age population, age 23, female",SP.POP.AG23.FE.IN,..,..,..,..,..
Low income,LIC,"Age population, age 22, female",SP.POP.AG22.FE.IN,..,..,..,..,..
Low income,LIC,"Age population, age 22, male",SP.POP.AG22.MA.IN,..,..,..,..,..
Low income,LIC,"Age population, age 21, male",SP.POP.AG21.MA.IN,..,..,..,..,..
Low income,LIC,"Age population, age 21, female",SP.POP.AG21.FE.IN,..,..,..,..,..
Low income,LIC,"Age population, age 20, male",SP.POP.AG20.MA.IN,..,..,..,..,..
Low income,LIC,"Age population, age 20, female",SP.POP.AG20.FE.IN,..,..,..,..,..
Low income,LIC,"Age population, age 19, male",SP.POP.AG19.MA.IN,..,..,..,..,..
Low income,LIC,"Age population, age 19, female",SP.POP.AG19.FE.IN,..,..,..,..,..
Low income,LIC,"Age population, age 18, female",SP.POP.AG18.FE.IN,..,..,..,..,..
Low income,LIC,"Age population, age 18, male",SP.POP.AG18.MA.IN,..,..,..,..,..
Low income,LIC,"Age population, age 13, female",SP.POP.AG13.FE.IN,..,..,..,..,..
Low income,LIC,"Age population, age 13, male",SP.POP.AG13.MA.IN,..,..,..,..,..
Low income,LIC,"Age population, age 14, female",SP.POP.AG14.FE.IN,..,..,..,..,..
Low income,LIC,"Age population, age 14, male",SP.POP.AG14.MA.IN,..,..,..,..,..
Low income,LIC,"Age population, age 15, female",SP.POP.AG15.FE.IN,..,..,..,..,..
Low income,LIC,"Age population, age 15, male",SP.POP.AG15.MA.IN,..,..,..,..,..
Low income,LIC,"Age population, age 16, female",SP.POP.AG16.FE.IN,..,..,..,..,..
Low income,LIC,"Age population, age 16, male",SP.POP.AG16.MA.IN,..,..,..,..,..
Low income,LIC,"Age population, age 17, female",SP.POP.AG17.FE.IN,..,..,..,..,..
Low income,LIC,"Age population, age 17, male",SP.POP.AG17.MA.IN,..,..,..,..,..
Lower middle income,LMC,"Age population, age 24, male",SP.POP.AG24.MA.IN,..,..,..,..,..
Lower middle income,LMC,"Age population, age 24, female",SP.POP.AG24.FE.IN,..,..,..,..,..
Lower middle income,LMC,"Age population, age 23, male",SP.POP.AG23.MA.IN,..,..,..,..,..
Lower middle income,LMC,"Age population, age 23, female",SP.POP.AG23.FE.IN,..,..,..,..,..
Lower middle income,LMC,"Age population, age 22, female",SP.POP.AG22.FE.IN,..,..,..,..,..
Lower middle income,LMC,"Age population, age 22, male",SP.POP.AG22.MA.IN,..,..,..,..,..
Lower middle income,LMC,"Age population, age 21, male",SP.POP.AG21.MA.IN,..,..,..,..,..
Lower middle income,LMC,"Age population, age 21, female",SP.POP.AG21.FE.IN,..,..,..,..,..
Lower middle income,LMC,"Age population, age 20, male",SP.POP.AG20.MA.IN,..,..,..,..,..
Lower middle income,LMC,"Age population, age 20, female",SP.POP.AG20.FE.IN,..,..,..,..,..
Lower middle income,LMC,"Age population, age 19, male",SP.POP.AG19.MA.IN,..,..,..,..,..
Lower middle income,LMC,"Age population, age 19, female",SP.POP.AG19.FE.IN,..,..,..,..,..
Lower middle income,LMC,"Age population, age 18, female",SP.POP.AG18.FE.IN,..,..,..,..,..
Lower middle income,LMC,"Age population, age 18, male",SP.POP.AG18.MA.IN,..,..,..,..,..
Lower middle income,LMC,"Age population, age 13, female",SP.POP.AG13.FE.IN,..,..,..,..,..
Lower middle income,LMC,"Age population, age 13, male",SP.POP.AG13.MA.IN,..,..,..,..,..
Lower middle income,LMC,"Age population, age 14, female",SP.POP.AG14.FE.IN,..,..,..,..,..
Lower middle income,LMC,"Age population, age 14, male",SP.POP.AG14.MA.IN,..,..,..,..,..
Lower middle income,LMC,"Age population, age 15, female",SP.POP.AG15.FE.IN,..,..,..,..,..
Lower middle income,LMC,"Age population, age 15, male",SP.POP.AG15.MA.IN,..,..,..,..,..
Lower middle income,LMC,"Age population, age 16, female",SP.POP.AG16.FE.IN,..,..,..,..,..
Lower middle income,LMC,"Age population, age 16, male",SP.POP.AG16.MA.IN,..,..,..,..,..
Lower middle income,LMC,"Age population, age 17, female",SP.POP.AG17.FE.IN,..,..,..,..,..
Lower middle income,LMC,"Age population, age 17, male",SP.POP.AG17.MA.IN,..,..,..,..,..
Luxembourg,LUX,"Age population, age 24, male",SP.POP.AG24.MA.IN,4496,4539.5,4376,4221.5,4062
Luxembourg,LUX,"Age population, age 24, female",SP.POP.AG24.FE.IN,4185,4222.5,4082.5,3955,3875
Luxembourg,LUX,"Age population, age 23, male",SP.POP.AG23.MA.IN,4124,4119.5,4142,3944.5,3866
Luxembourg,LUX,"Age population, age 23, female",SP.POP.AG23.FE.IN,3906,3889.5,3878.5,3760.5,3694.5
Luxembourg,LUX,"Age population, age 22, female",SP.POP.AG22.FE.IN,3615.5,3727,3679.5,3567,3573.5
Luxembourg,LUX,"Age population, age 22, male",SP.POP.AG22.MA.IN,3837,3975.5,3859.5,3734,3865.5
Luxembourg,LUX,"Age population, age 21, male",SP.POP.AG21.MA.IN,3816.5,3760,3645,3724,3823.5
Luxembourg,LUX,"Age population, age 21, female",SP.POP.AG21.FE.IN,3591,3589,3481,3435,3509.5
Luxembourg,LUX,"Age population, age 20, male",SP.POP.AG20.MA.IN,3675.5,3585.5,3636.5,3680,3820.5
Luxembourg,LUX,"Age population, age 20, female",SP.POP.AG20.FE.IN,3495.5,3423,3348.5,3370,3433
Luxembourg,LUX,"Age population, age 19, male",SP.POP.AG19.MA.IN,3496,3575.5,3597,3686.5,3757.5
Luxembourg,LUX,"Age population, age 19, female",SP.POP.AG19.FE.IN,3324,3267,3289,3303,3443
Luxembourg,LUX,"Age population, age 18, female",SP.POP.AG18.FE.IN,3181,3229,3233.5,3333.5,3517
Luxembourg,LUX,"Age population, age 18, male",SP.POP.AG18.MA.IN,3472.5,3522,3614,3645,3646.5
Luxembourg,LUX,"Age population, age 13, female",SP.POP.AG13.FE.IN,3327,3354.5,3455.5,3463.5,3465
Luxembourg,LUX,"Age population, age 13, male",SP.POP.AG13.MA.IN,3444,3547.5,3625,3686.5,3709.5
Luxembourg,LUX,"Age population, age 14, female",SP.POP.AG14.FE.IN,3294.5,3376.5,3410,3480,3483.5
Luxembourg,LUX,"Age population, age 14, male",SP.POP.AG14.MA.IN,3409,3502,3596,3652.5,3708.5
Luxembourg,LUX,"Age population, age 15, female",SP.POP.AG15.FE.IN,3182,3344,3420.5,3436,3502
Luxembourg,LUX,"Age population, age 15, male",SP.POP.AG15.MA.IN,3442,3458,3552,3623,3675.5
Luxembourg,LUX,"Age population, age 16, female",SP.POP.AG16.FE.IN,3128,3232.5,3396.5,3452,3467.5
Luxembourg,LUX,"Age population, age 16, male",SP.POP.AG16.MA.IN,3466,3517.5,3519.5,3584.5,3657
Luxembourg,LUX,"Age population, age 17, female",SP.POP.AG17.FE.IN,3135.5,3168.5,3279.5,3436,3504
Luxembourg,LUX,"Age population, age 17, male",SP.POP.AG17.MA.IN,3435.5,3550.5,3587.5,3563,3639
"Macao SAR, China",MAC,"Age population, age 24, male",SP.POP.AG24.MA.IN,4618,4177.5,3962.5,4137,4152.5
"Macao SAR, China",MAC,"Age population, age 24, female",SP.POP.AG24.FE.IN,4921.5,5019.5,5032.5,5192,5283
"Macao SAR, China",MAC,"Age population, age 23, male",SP.POP.AG23.MA.IN,4069.5,3853,4059.5,4125,3772
"Macao SAR, China",MAC,"Age population, age 23, female",SP.POP.AG23.FE.IN,4789.5,4800,5047.5,5244.5,4860
"Macao SAR, China",MAC,"Age population, age 22, female",SP.POP.AG22.FE.IN,4570.5,4814,5088,4798,3897.5
"Macao SAR, China",MAC,"Age population, age 22, male",SP.POP.AG22.MA.IN,3744.5,3950,4037.5,3721.5,3113.5
"Macao SAR, China",MAC,"Age population, age 21, male",SP.POP.AG21.MA.IN,3844.5,3930,3625.5,3042.5,2761.5
"Macao SAR, China",MAC,"Age population, age 21, female",SP.POP.AG21.FE.IN,4588,4858.5,4634,3815,3126.5
"Macao SAR, China",MAC,"Age population, age 20, male",SP.POP.AG20.MA.IN,3829.5,3524,2945,2680,2869
"Macao SAR, China",MAC,"Age population, age 20, female",SP.POP.AG20.FE.IN,4641.5,4414,3651.5,3033,3029.5
"Macao SAR, China",MAC,"Age population, age 19, male",SP.POP.AG19.MA.IN,3430,2849.5,2587,2789.5,3041.5
"Macao SAR, China",MAC,"Age population, age 19, female",SP.POP.AG19.FE.IN,4212.5,3446.5,2879,2939,3085.5
"Macao SAR, China",MAC,"Age population, age 18, female",SP.POP.AG18.FE.IN,3265,2694.5,2804,3010,3036.5
"Macao SAR, China",MAC,"Age population, age 18, male",SP.POP.AG18.MA.IN,2765.5,2501.5,2709,2975.5,3001
"Macao SAR, China",MAC,"Age population, age 13, female",SP.POP.AG13.FE.IN,2831,2894.5,2885.5,3104,3478
"Macao SAR, China",MAC,"Age population, age 13, male",SP.POP.AG13.MA.IN,2743.5,2788,2964.5,3250,3727.5
"Macao SAR, China",MAC,"Age population, age 14, female",SP.POP.AG14.FE.IN,2726.5,2881,2945,2914.5,3107.5
"Macao SAR, China",MAC,"Age population, age 14, male",SP.POP.AG14.MA.IN,2825,2770,2815,2981,3252
"Macao SAR, China",MAC,"Age population, age 15, female",SP.POP.AG15.FE.IN,2670,2798.5,2954.5,2986.5,2920
"Macao SAR, China",MAC,"Age population, age 15, male",SP.POP.AG15.MA.IN,2804,2860.5,2806.5,2837,2984
"Macao SAR, China",MAC,"Age population, age 16, female",SP.POP.AG16.FE.IN,2517,2769.5,2899,3013.5,3000.5
"Macao SAR, China",MAC,"Age population, age 16, male",SP.POP.AG16.MA.IN,2575,2851,2908.5,2838,2847.5
"Macao SAR, China",MAC,"Age population, age 17, female",SP.POP.AG17.FE.IN,2538,2645.5,2900,2983,3044.5
"Macao SAR, China",MAC,"Age population, age 17, male",SP.POP.AG17.MA.IN,2429,2635,2911.5,2954,2863.5
Madagascar,MDG,"Age population, age 24, male",SP.POP.AG24.MA.IN,275184.5,284591.5,291481.5,295359,298887
Madagascar,MDG,"Age population, age 24, female",SP.POP.AG24.FE.IN,271892,281156.5,288053,292057.5,295667
Madagascar,MDG,"Age population, age 23, male",SP.POP.AG23.MA.IN,285798.5,292719.5,296653.5,300227,303995
Madagascar,MDG,"Age population, age 23, female",SP.POP.AG23.FE.IN,281979,288892.5,292994,296698,300558
Madagascar,MDG,"Age population, age 22, female",SP.POP.AG22.FE.IN,289713.5,293823.5,297703,301739,305827.5
Madagascar,MDG,"Age population, age 22, male",SP.POP.AG22.MA.IN,293947,297900,301598,305482.5,309600.5
Madagascar,MDG,"Age population, age 21, male",SP.POP.AG21.MA.IN,299118,302834,306906,311205,316647
Madagascar,MDG,"Age population, age 21, female",SP.POP.AG21.FE.IN,294635,298521.5,302803.5,307140.5,312366
Madagascar,MDG,"Age population, age 20, male",SP.POP.AG20.MA.IN,304019.5,308111,312632.5,318295,324359
Madagascar,MDG,"Age population, age 20, female",SP.POP.AG20.FE.IN,299321.5,303611.5,308232.5,313747,319540.5
Madagascar,MDG,"Age population, age 19, male",SP.POP.AG19.MA.IN,309239,313780,319666,325948,332466
Madagascar,MDG,"Age population, age 19, female",SP.POP.AG19.FE.IN,304394,309023.5,314817.5,320893,327148
Madagascar,MDG,"Age population, age 18, female",SP.POP.AG18.FE.IN,309780.5,315585,321893,328381.5,335954
Madagascar,MDG,"Age population, age 18, male",SP.POP.AG18.MA.IN,314830,320737.5,327206.5,333906,341706
Madagascar,MDG,"Age population, age 13, female",SP.POP.AG13.FE.IN,348392.5,357689,364846,367482,369485.5
Madagascar,MDG,"Age population, age 13, male",SP.POP.AG13.MA.IN,355231,365127.5,372894.5,376032,378361.5
Madagascar,MDG,"Age population, age 14, female",SP.POP.AG14.FE.IN,339048.5,347816,357100,364249,366889
Madagascar,MDG,"Age population, age 14, male",SP.POP.AG14.MA.IN,345408,354570.5,364449,372211,375357.5
Madagascar,MDG,"Age population, age 15, female",SP.POP.AG15.FE.IN,330607,338449.5,347204,356470.5,363611
Madagascar,MDG,"Age population, age 15, male",SP.POP.AG15.MA.IN,336680,344702.5,353846,363709.5,371467
Madagascar,MDG,"Age population, age 16, female",SP.POP.AG16.FE.IN,323308.5,329970.5,337800.5,346513,355741
Madagascar,MDG,"Age population, age 16, male",SP.POP.AG16.MA.IN,329053,335903.5,343907,353015.5,362848.5
Madagascar,MDG,"Age population, age 17, female",SP.POP.AG17.FE.IN,316308.5,322627,329279,337015.5,345635.5
Madagascar,MDG,"Age population, age 17, male",SP.POP.AG17.MA.IN,321698,328187.5,335018.5,342946,351982
Malawi,MWI,"Age population, age 24, male",SP.POP.AG24.MA.IN,174391.5,182010,188960.5,194341.5,200045.5
Malawi,MWI,"Age population, age 24, female",SP.POP.AG24.FE.IN,179795,186568,193238.5,198810,204753
Malawi,MWI,"Age population, age 23, male",SP.POP.AG23.MA.IN,182601.5,189568,194946,200695,207828.5
Malawi,MWI,"Age population, age 23, female",SP.POP.AG23.FE.IN,186907.5,193607.5,199184.5,205168.5,212512
Malawi,MWI,"Age population, age 22, female",SP.POP.AG22.FE.IN,193944.5,199549.5,205587.5,213020,221391.5
Malawi,MWI,"Age population, age 22, male",SP.POP.AG22.MA.IN,190155.5,195547,201347,208578.5,216679.5
Malawi,MWI,"Age population, age 21, male",SP.POP.AG21.MA.IN,196119,201935.5,209269.5,217515,226554.5
Malawi,MWI,"Age population, age 21, female",SP.POP.AG21.FE.IN,199880,205947,213478.5,221980.5,231300
Malawi,MWI,"Age population, age 20, male",SP.POP.AG20.MA.IN,202487,209842,218220.5,227430.5,237019.5
Malawi,MWI,"Age population, age 20, female",SP.POP.AG20.FE.IN,206270.5,213832,222459,231931.5,241726.5
Malawi,MWI,"Age population, age 19, male",SP.POP.AG19.MA.IN,210371,218771.5,228116,237872,247075
Malawi,MWI,"Age population, age 19, female",SP.POP.AG19.FE.IN,214147.5,222804,232401,242345,251725.5
Malawi,MWI,"Age population, age 18, female",SP.POP.AG18.FE.IN,223106,232731.5,242777,252277.5,260369.5
Malawi,MWI,"Age population, age 18, male",SP.POP.AG18.MA.IN,219269.5,228637.5,238504,247843,255788
Malawi,MWI,"Age population, age 13, female",SP.POP.AG13.FE.IN,268388.5,273376.5,276639.5,279156.5,281167
Malawi,MWI,"Age population, age 13, male",SP.POP.AG13.MA.IN,264433.5,269811.5,273723.5,276748.5,279081
Malawi,MWI,"Age population, age 14, female",SP.POP.AG14.FE.IN,261602,268198.5,273177,276450,278971
Malawi,MWI,"Age population, age 14, male",SP.POP.AG14.MA.IN,257531,264173,269545.5,273469,276496.5
Malawi,MWI,"Age population, age 15, female",SP.POP.AG15.FE.IN,253175.5,261388,267973,272962.5,276241
Malawi,MWI,"Age population, age 15, male",SP.POP.AG15.MA.IN,249155,257232,263865.5,269249,273175.5
Malawi,MWI,"Age population, age 16, female",SP.POP.AG16.FE.IN,243350,252936,261132.5,267718,272701.5
Malawi,MWI,"Age population, age 16, male",SP.POP.AG16.MA.IN,239381,248808.5,256873,263506,268878.5
Malawi,MWI,"Age population, age 17, female",SP.POP.AG17.FE.IN,233016.5,243086.5,252651.5,260822,267371.5
Malawi,MWI,"Age population, age 17, male",SP.POP.AG17.MA.IN,229093.5,238980.5,248390.5,256425,263015
Malaysia,MYS,"Age population, age 24, male",SP.POP.AG24.MA.IN,333196,334135,333522.5,333423.5,333755.5
Malaysia,MYS,"Age population, age 24, female",SP.POP.AG24.FE.IN,278684.5,284578,289357,294169,298509.5
Malaysia,MYS,"Age population, age 23, male",SP.POP.AG23.MA.IN,330712,330161,329752,329778.5,331551
Malaysia,MYS,"Age population, age 23, female",SP.POP.AG23.FE.IN,280752.5,285606.5,290381,294671.5,298367
Malaysia,MYS,"Age population, age 22, female",SP.POP.AG22.FE.IN,281771,286621.5,290451,293660,299340
Malaysia,MYS,"Age population, age 22, male",SP.POP.AG22.MA.IN,326766.5,326420.5,325636,326588.5,332397.5
Malaysia,MYS,"Age population, age 21, male",SP.POP.AG21.MA.IN,323136.5,322412.5,322111,326647,331590.5
Malaysia,MYS,"Age population, age 21, female",SP.POP.AG21.FE.IN,282855.5,286760,289129.5,293934.5,299354.5
Malaysia,MYS,"Age population, age 20, male",SP.POP.AG20.MA.IN,319320.5,319077,322119.5,325537,318980.5
Malaysia,MYS,"Age population, age 20, female",SP.POP.AG20.FE.IN,283153.5,285594.5,289351.5,293679.5,290642.5
Malaysia,MYS,"Age population, age 19, male",SP.POP.AG19.MA.IN,316256.5,319356,321325.5,313275.5,298610
Malaysia,MYS,"Age population, age 19, female",SP.POP.AG19.FE.IN,282242,286066,289382.5,285287.5,275895
Malaysia,MYS,"Age population, age 18, female",SP.POP.AG18.FE.IN,283060,286437,281593.5,271411,268436
Malaysia,MYS,"Age population, age 18, male",SP.POP.AG18.MA.IN,316874.5,318893.5,309700.5,293854.5,288647.5
Malaysia,MYS,"Age population, age 13, female",SP.POP.AG13.FE.IN,260027,260940,264515.5,264127.5,267080
Malaysia,MYS,"Age population, age 13, male",SP.POP.AG13.MA.IN,281105.5,282603.5,287193.5,287066,290930
Malaysia,MYS,"Age population, age 14, female",SP.POP.AG14.FE.IN,260348,260831.5,261729,265217,264743.5
Malaysia,MYS,"Age population, age 14, male",SP.POP.AG14.MA.IN,281081,281762,283247,287816,287666
Malaysia,MYS,"Age population, age 15, female",SP.POP.AG15.FE.IN,264824,261528,261988.5,262652.5,265915
Malaysia,MYS,"Age population, age 15, male",SP.POP.AG15.MA.IN,288102.5,282040,282702.5,284049.5,288481.5
Malaysia,MYS,"Age population, age 16, female",SP.POP.AG16.FE.IN,276949.5,266453,263126.5,263340.5,263775.5
Malaysia,MYS,"Age population, age 16, male",SP.POP.AG16.MA.IN,305924.5,289424.5,283341,283900.5,285155
Malaysia,MYS,"Age population, age 17, female",SP.POP.AG17.FE.IN,283855.5,279060.5,268525,265166.5,265373
Malaysia,MYS,"Age population, age 17, male",SP.POP.AG17.MA.IN,316793.5,307632,291113.5,285220,285982.5
Maldives,MDV,"Age population, age 24, male",SP.POP.AG24.MA.IN,7773.5,6986,5857,4885.5,4125.5
Maldives,MDV,"Age population, age 24, female",SP.POP.AG24.FE.IN,3444,3206.5,2934,2723,2593
Maldives,MDV,"Age population, age 23, male",SP.POP.AG23.MA.IN,6752,5933.5,4954.5,4182.5,3640
Maldives,MDV,"Age population, age 23, female",SP.POP.AG23.FE.IN,3203,2974,2745.5,2594.5,2533.5
Maldives,MDV,"Age population, age 22, female",SP.POP.AG22.FE.IN,2979,2785,2608.5,2519.5,2525
Maldives,MDV,"Age population, age 22, male",SP.POP.AG22.MA.IN,5759.5,5030.5,4231.5,3658.5,3322
Maldives,MDV,"Age population, age 21, male",SP.POP.AG21.MA.IN,4910.5,4305.5,3688.5,3304.5,3145.5
Maldives,MDV,"Age population, age 21, female",SP.POP.AG21.FE.IN,2796,2648,2526,2496.5,2568
Maldives,MDV,"Age population, age 20, male",SP.POP.AG20.MA.IN,4228,3759,3321,3104.5,3099
Maldives,MDV,"Age population, age 20, female",SP.POP.AG20.FE.IN,2660.5,2563.5,2497.5,2530.5,2661.5
Maldives,MDV,"Age population, age 19, male",SP.POP.AG19.MA.IN,3716,3386,3115,3051.5,3184
Maldives,MDV,"Age population, age 19, female",SP.POP.AG19.FE.IN,2578,2533,2530.5,2624,2809.5
Maldives,MDV,"Age population, age 18, female",SP.POP.AG18.FE.IN,2547.5,2562,2625,2778,3008
Maldives,MDV,"Age population, age 18, male",SP.POP.AG18.MA.IN,3369.5,3173,3062.5,3144.5,3403
Maldives,MDV,"Age population, age 13, female",SP.POP.AG13.FE.IN,3248.5,3454,3590,3654.5,3644
Maldives,MDV,"Age population, age 13, male",SP.POP.AG13.MA.IN,3751.5,4050.5,4247.5,4333,4310.5
Maldives,MDV,"Age population, age 14, female",SP.POP.AG14.FE.IN,3019.5,3246,3445,3584,3653
Maldives,MDV,"Age population, age 14, male",SP.POP.AG14.MA.IN,3440.5,3746,4035.5,4234.5,4323
Maldives,MDV,"Age population, age 15, female",SP.POP.AG15.FE.IN,2816,3011,3232.5,3437.5,3583
Maldives,MDV,"Age population, age 15, male",SP.POP.AG15.MA.IN,3215,3425.5,3724,4020,4226.5
Maldives,MDV,"Age population, age 16, female",SP.POP.AG16.FE.IN,2665.5,2804.5,2993.5,3225,3440.5
Maldives,MDV,"Age population, age 16, male",SP.POP.AG16.MA.IN,3124,3198.5,3395,3707,4018
Maldives,MDV,"Age population, age 17, female",SP.POP.AG17.FE.IN,2576.5,2652.5,2782.5,2987,3235.5
Maldives,MDV,"Age population, age 17, male",SP.POP.AG17.MA.IN,3174.5,3112,3158.5,3378.5,3716
Mali,MLI,"Age population, age 24, male",SP.POP.AG24.MA.IN,177702,185426.5,194397.5,203334,211347.5
Mali,MLI,"Age population, age 24, female",SP.POP.AG24.FE.IN,172441.5,180107,188942.5,197820,205860.5
Mali,MLI,"Age population, age 23, male",SP.POP.AG23.MA.IN,186830,196027,205036.5,213141,221859
Mali,MLI,"Age population, age 23, female",SP.POP.AG23.FE.IN,181368.5,190406,199332,207430,216171.5
Mali,MLI,"Age population, age 22, female",SP.POP.AG22.FE.IN,191688,200814,208977.5,217799,227390.5
Mali,MLI,"Age population, age 22, male",SP.POP.AG22.MA.IN,197469,206706,214902.5,223737,233341
Mali,MLI,"Age population, age 21, male",SP.POP.AG21.MA.IN,208151.5,216566.5,225513,235254.5,245434.5
Mali,MLI,"Age population, age 21, female",SP.POP.AG21.FE.IN,202104,210460.5,219364.5,229053.5,239150.5
Mali,MLI,"Age population, age 20, male",SP.POP.AG20.MA.IN,217966.5,227122.5,236985.5,247311,257880.5
Mali,MLI,"Age population, age 20, female",SP.POP.AG20.FE.IN,211737,220827.5,230605.5,240805.5,251228.5
Mali,MLI,"Age population, age 19, male",SP.POP.AG19.MA.IN,228436,238493,248931.5,259634.5,269340.5
Mali,MLI,"Age population, age 19, female",SP.POP.AG19.FE.IN,222070.5,232024.5,242302.5,252816,262403.5
Mali,MLI,"Age population, age 18, female",SP.POP.AG18.FE.IN,233207,243644.5,254205,263847,272983.5
Mali,MLI,"Age population, age 18, male",SP.POP.AG18.MA.IN,239691,250301,261086.5,270890,279962.5
Mali,MLI,"Age population, age 13, female",SP.POP.AG13.FE.IN,287270.5,297083.5,307374,317188,326470
Mali,MLI,"Age population, age 13, male",SP.POP.AG13.MA.IN,294273.5,304450.5,315069.5,325040.5,334364
Mali,MLI,"Age population, age 14, female",SP.POP.AG14.FE.IN,276958,286629.5,296397,306685,316494
Mali,MLI,"Age population, age 14, male",SP.POP.AG14.MA.IN,283910.5,293653.5,303783,314383.5,324332
Mali,MLI,"Age population, age 15, female",SP.POP.AG15.FE.IN,267031,276220.5,285828.5,295630,305947.5
Mali,MLI,"Age population, age 15, male",SP.POP.AG15.MA.IN,274014.5,283205.5,292882,303027.5,313637.5
Mali,MLI,"Age population, age 16, female",SP.POP.AG16.FE.IN,256419,266173.5,275277.5,284938,294787.5
Mali,MLI,"Age population, age 16, male",SP.POP.AG16.MA.IN,263245.5,273198,282299.5,292008,302177.5
Mali,MLI,"Age population, age 17, female",SP.POP.AG17.FE.IN,244738.5,255437,265079.5,274223.5,283917
Mali,MLI,"Age population, age 17, male",SP.POP.AG17.MA.IN,251372.5,262304,272139,281255.5,290967
Malta,MLT,"Age population, age 24, male",SP.POP.AG24.MA.IN,4065,3661,3266.5,3076.5,3001
Malta,MLT,"Age population, age 24, female",SP.POP.AG24.FE.IN,3176.5,2959.5,2779.5,2733,2660
Malta,MLT,"Age population, age 23, male",SP.POP.AG23.MA.IN,3633.5,3237,2972,2846.5,2798
Malta,MLT,"Age population, age 23, female",SP.POP.AG23.FE.IN,2938,2755,2646,2532.5,2421
Malta,MLT,"Age population, age 22, female",SP.POP.AG22.FE.IN,2735.5,2623.5,2443,2284,2407
Malta,MLT,"Age population, age 22, male",SP.POP.AG22.MA.IN,3212,2945,2739,2632,2687.5
Malta,MLT,"Age population, age 21, male",SP.POP.AG21.MA.IN,2925,2715,2523,2515,2588
Malta,MLT,"Age population, age 21, female",SP.POP.AG21.FE.IN,2605,2421,2191.5,2262.5,2412
Malta,MLT,"Age population, age 20, male",SP.POP.AG20.MA.IN,2697.5,2501,2409.5,2417.5,2516
Malta,MLT,"Age population, age 20, female",SP.POP.AG20.FE.IN,2403.5,2171.5,2173.5,2269.5,2337
Malta,MLT,"Age population, age 19, male",SP.POP.AG19.MA.IN,2484.5,2389,2321,2360,2475
Malta,MLT,"Age population, age 19, female",SP.POP.AG19.FE.IN,2155,2155.5,2188,2206.5,2264.5
Malta,MLT,"Age population, age 18, female",SP.POP.AG18.FE.IN,2141.5,2170,2136.5,2156.5,2200
Malta,MLT,"Age population, age 18, male",SP.POP.AG18.MA.IN,2373.5,2301.5,2278,2346,2440.5
Malta,MLT,"Age population, age 13, female",SP.POP.AG13.FE.IN,2129,2250,2272.5,2333,2372.5
Malta,MLT,"Age population, age 13, male",SP.POP.AG13.MA.IN,2337,2391.5,2357.5,2426.5,2526.5
Malta,MLT,"Age population, age 14, female",SP.POP.AG14.FE.IN,2052.5,2142.5,2268.5,2292.5,2344.5
Malta,MLT,"Age population, age 14, male",SP.POP.AG14.MA.IN,2270,2351.5,2411.5,2380,2440.5
Malta,MLT,"Age population, age 15, female",SP.POP.AG15.FE.IN,2070.5,2066.5,2160,2289,2306.5
Malta,MLT,"Age population, age 15, male",SP.POP.AG15.MA.IN,2249,2284,2370.5,2435,2397.5
Malta,MLT,"Age population, age 16, female",SP.POP.AG16.FE.IN,2103,2084,2083.5,2185.5,2313.5
Malta,MLT,"Age population, age 16, male",SP.POP.AG16.MA.IN,2243.5,2264.5,2303.5,2401,2465.5
Malta,MLT,"Age population, age 17, female",SP.POP.AG17.FE.IN,2155,2117.5,2102,2121.5,2233
Malta,MLT,"Age population, age 17, male",SP.POP.AG17.MA.IN,2285.5,2258.5,2283.5,2347.5,2458
Marshall Islands,MHL,"Age population, age 24, male",SP.POP.AG24.MA.IN,298.5,289,283,278.5,277
Marshall Islands,MHL,"Age population, age 24, female",SP.POP.AG24.FE.IN,287,269,258.5,248,238
Marshall Islands,MHL,"Age population, age 23, male",SP.POP.AG23.MA.IN,327,320,313.5,309,311
Marshall Islands,MHL,"Age population, age 23, female",SP.POP.AG23.FE.IN,309,297,282.5,267.5,262
Marshall Islands,MHL,"Age population, age 22, female",SP.POP.AG22.FE.IN,337.5,321,301,289.5,296.5
Marshall Islands,MHL,"Age population, age 22, male",SP.POP.AG22.MA.IN,358.5,350.5,343,341,349
Marshall Islands,MHL,"Age population, age 21, male",SP.POP.AG21.MA.IN,388,379,373,376.5,390
Marshall Islands,MHL,"Age population, age 21, female",SP.POP.AG21.FE.IN,361,339,321,321.5,346
Marshall Islands,MHL,"Age population, age 20, male",SP.POP.AG20.MA.IN,414.5,407,405.5,413.5,432.5
Marshall Islands,MHL,"Age population, age 20, female",SP.POP.AG20.FE.IN,377,358,351.5,369,394.5
Marshall Islands,MHL,"Age population, age 19, male",SP.POP.AG19.MA.IN,440,437,440.5,454,468.5
Marshall Islands,MHL,"Age population, age 19, female",SP.POP.AG19.FE.IN,394,385.5,396,414.5,422
Marshall Islands,MHL,"Age population, age 18, female",SP.POP.AG18.FE.IN,417.5,426.5,438.5,439,431.5
Marshall Islands,MHL,"Age population, age 18, male",SP.POP.AG18.MA.IN,466.5,468.5,477,486.5,491
Marshall Islands,MHL,"Age population, age 13, female",SP.POP.AG13.FE.IN,486.5,479,468.5,460,450
Marshall Islands,MHL,"Age population, age 13, male",SP.POP.AG13.MA.IN,544.5,533,528,507,467.5
Marshall Islands,MHL,"Age population, age 14, female",SP.POP.AG14.FE.IN,491,477.5,471,461,453
Marshall Islands,MHL,"Age population, age 14, male",SP.POP.AG14.MA.IN,549,536.5,525,520.5,500
Marshall Islands,MHL,"Age population, age 15, female",SP.POP.AG15.FE.IN,499.5,478.5,465,460.5,453.5
Marshall Islands,MHL,"Age population, age 15, male",SP.POP.AG15.MA.IN,542,536.5,525,515.5,512.5
Marshall Islands,MHL,"Age population, age 16, female",SP.POP.AG16.FE.IN,488,481.5,461.5,452.5,453
Marshall Islands,MHL,"Age population, age 16, male",SP.POP.AG16.MA.IN,522,526,521.5,513,507
Marshall Islands,MHL,"Age population, age 17, female",SP.POP.AG17.FE.IN,454,465,459.5,445,442
Marshall Islands,MHL,"Age population, age 17, male",SP.POP.AG17.MA.IN,494,501,506,505.5,501.5
Mauritania,MRT,"Age population, age 24, male",SP.POP.AG24.MA.IN,37413,38599,39931.5,41370,42910
Mauritania,MRT,"Age population, age 24, female",SP.POP.AG24.FE.IN,40322,41418.5,42633.5,43912,45242
Mauritania,MRT,"Age population, age 23, male",SP.POP.AG23.MA.IN,38659.5,39949.5,41450.5,43080,44786
Mauritania,MRT,"Age population, age 23, female",SP.POP.AG23.FE.IN,41456.5,42624.5,43963.5,45378,46812.5
Mauritania,MRT,"Age population, age 22, female",SP.POP.AG22.FE.IN,42663,43955.5,45440.5,46967.5,48508
Mauritania,MRT,"Age population, age 22, male",SP.POP.AG22.MA.IN,40014,41473.5,43177,44982,46849.5
Mauritania,MRT,"Age population, age 21, male",SP.POP.AG21.MA.IN,41542,43205.5,45093.5,47066.5,49075
Mauritania,MRT,"Age population, age 21, female",SP.POP.AG21.FE.IN,43994,45433.5,47039,48678,50322.5
Mauritania,MRT,"Age population, age 20, male",SP.POP.AG20.MA.IN,43278,45128,47187,49301.5,51374.5
Mauritania,MRT,"Age population, age 20, female",SP.POP.AG20.FE.IN,45475,47037,48757,50500.5,52190
Mauritania,MRT,"Age population, age 19, male",SP.POP.AG19.MA.IN,45202,47226.5,49423,51595.5,53696
Mauritania,MRT,"Age population, age 19, female",SP.POP.AG19.FE.IN,47080,48760,50579.5,52361,54072.5
Mauritania,MRT,"Age population, age 18, female",SP.POP.AG18.FE.IN,48803.5,50587,52434.5,54225.5,55953
Mauritania,MRT,"Age population, age 18, male",SP.POP.AG18.MA.IN,47299.5,49465.5,51708,53893,56003.5
Mauritania,MRT,"Age population, age 13, female",SP.POP.AG13.FE.IN,58017,59819.5,61635,63459.5,65280.5
Mauritania,MRT,"Age population, age 13, male",SP.POP.AG13.MA.IN,58582,60803.5,63029.5,65289.5,67561
Mauritania,MRT,"Age population, age 14, female",SP.POP.AG14.FE.IN,56189,57981,59793.5,61598.5,63407
Mauritania,MRT,"Age population, age 14, male",SP.POP.AG14.MA.IN,56337.5,58537.5,60767.5,62982.5,65225
Mauritania,MRT,"Age population, age 15, female",SP.POP.AG15.FE.IN,54347,56151,57958,59755.5,61540
Mauritania,MRT,"Age population, age 15, male",SP.POP.AG15.MA.IN,54091,56287,58499,60714,62908
Mauritania,MRT,"Age population, age 16, female",SP.POP.AG16.FE.IN,52490.5,54307,56131,57915,59683
Mauritania,MRT,"Age population, age 16, male",SP.POP.AG16.MA.IN,51816.5,54034.5,56247,58435.5,60620
Mauritania,MRT,"Age population, age 17, female",SP.POP.AG17.FE.IN,50631,52447.5,54289,56078,57819
Mauritania,MRT,"Age population, age 17, male",SP.POP.AG17.MA.IN,49535.5,51752.5,53991.5,56167,58310
Mauritius,MUS,"Age population, age 24, male",SP.POP.AG24.MA.IN,10363,10053,9745.5,9528,9376.5
Mauritius,MUS,"Age population, age 24, female",SP.POP.AG24.FE.IN,9535,9331.5,9188.5,9109,9067.5
Mauritius,MUS,"Age population, age 23, male",SP.POP.AG23.MA.IN,10079,9838,9608,9442.5,9368
Mauritius,MUS,"Age population, age 23, female",SP.POP.AG23.FE.IN,9359,9233,9162,9128.5,9156
Mauritius,MUS,"Age population, age 22, female",SP.POP.AG22.FE.IN,9242.5,9206,9181.5,9218,9259
Mauritius,MUS,"Age population, age 22, male",SP.POP.AG22.MA.IN,9852.5,9700.5,9523.5,9435.5,9383.5
Mauritius,MUS,"Age population, age 21, male",SP.POP.AG21.MA.IN,9755,9612,9514.5,9451,9336
Mauritius,MUS,"Age population, age 21, female",SP.POP.AG21.FE.IN,9251,9225,9270.5,9321,9294.5
Mauritius,MUS,"Age population, age 20, male",SP.POP.AG20.MA.IN,9660,9598.5,9526.5,9401.5,9177.5
Mauritius,MUS,"Age population, age 20, female",SP.POP.AG20.FE.IN,9259.5,9313,9372,9354.5,9219
Mauritius,MUS,"Age population, age 19, male",SP.POP.AG19.MA.IN,9627,9603,9470.5,9238,8883
Mauritius,MUS,"Age population, age 19, female",SP.POP.AG19.FE.IN,9326,9412,9402,9274.5,9007
Mauritius,MUS,"Age population, age 18, female",SP.POP.AG18.FE.IN,9424,9438,9316,9054,8676.5
Mauritius,MUS,"Age population, age 18, male",SP.POP.AG18.MA.IN,9633.5,9537,9297,8934.5,8473
Mauritius,MUS,"Age population, age 13, female",SP.POP.AG13.FE.IN,8309.5,7891.5,7488,7134,6826
Mauritius,MUS,"Age population, age 13, male",SP.POP.AG13.MA.IN,8081.5,7585,7165,6836,6591
Mauritius,MUS,"Age population, age 14, female",SP.POP.AG14.FE.IN,8730,8330,7881,7476.5,7121
Mauritius,MUS,"Age population, age 14, male",SP.POP.AG14.MA.IN,8580.5,8075,7569,7151,6823.5
Mauritius,MUS,"Age population, age 15, female",SP.POP.AG15.FE.IN,9098.5,8757.5,8314.5,7866.5,7462.5
Mauritius,MUS,"Age population, age 15, male",SP.POP.AG15.MA.IN,9037.5,8583,8051,7549.5,7136.5
Mauritius,MUS,"Age population, age 16, female",SP.POP.AG16.FE.IN,9339.5,9112.5,8738,8296.5,7849.5
Mauritius,MUS,"Age population, age 16, male",SP.POP.AG16.MA.IN,9369,9028,8549,8025,7531.5
Mauritius,MUS,"Age population, age 17, female",SP.POP.AG17.FE.IN,9432.5,9347,9087,8712.5,8271
Mauritius,MUS,"Age population, age 17, male",SP.POP.AG17.MA.IN,9552,9353.5,8982.5,8513,7997.5
Mexico,MEX,"Age population, age 24, male",SP.POP.AG24.MA.IN,1065063,1066202.5,1074883,1092903.5,1108456
Mexico,MEX,"Age population, age 24, female",SP.POP.AG24.FE.IN,1067290,1065913.5,1071915.5,1086705.5,1098547.5
Mexico,MEX,"Age population, age 23, male",SP.POP.AG23.MA.IN,1072303,1080602,1097920.5,1112989,1118193.5
Mexico,MEX,"Age population, age 23, female",SP.POP.AG23.FE.IN,1068388.5,1074133.5,1088996,1101008.5,1102884
Mexico,MEX,"Age population, age 22, female",SP.POP.AG22.FE.IN,1076570.5,1091203,1103223.5,1105196,1102902
Mexico,MEX,"Age population, age 22, male",SP.POP.AG22.MA.IN,1086544.5,1103525,1117840.5,1122487.5,1122751
Mexico,MEX,"Age population, age 21, male",SP.POP.AG21.MA.IN,1109266.5,1123251.5,1127100.5,1126767.5,1123837.5
Mexico,MEX,"Age population, age 21, female",SP.POP.AG21.FE.IN,1093580,1105394.5,1107311.5,1105049.5,1100060.5
Mexico,MEX,"Age population, age 20, male",SP.POP.AG20.MA.IN,1128689.5,1132197.5,1131089,1127571.5,1125125.5
Mexico,MEX,"Age population, age 20, female",SP.POP.AG20.FE.IN,1107677.5,1109407.5,1107060,1102067,1097930
Mexico,MEX,"Age population, age 19, male",SP.POP.AG19.MA.IN,1137186.5,1135743.5,1131533,1128569,1125417.5
Mexico,MEX,"Age population, age 19, female",SP.POP.AG19.FE.IN,1111549.5,1109038.5,1103968,1099829.5,1095288
Mexico,MEX,"Age population, age 18, female",SP.POP.AG18.FE.IN,1110994,1105782,1101594,1097070.5,1093996
Mexico,MEX,"Age population, age 18, male",SP.POP.AG18.MA.IN,1140147,1135623,1132084.5,1128507.5,1126652.5
Mexico,MEX,"Age population, age 13, female",SP.POP.AG13.FE.IN,1099705.5,1102080,1105206.5,1108058,1109923.5
Mexico,MEX,"Age population, age 13, male",SP.POP.AG13.MA.IN,1136802.5,1139497,1143131.5,1146517.5,1148842
Mexico,MEX,"Age population, age 14, female",SP.POP.AG14.FE.IN,1099006.5,1098976,1101417,1104498,1107278.5
Mexico,MEX,"Age population, age 14, male",SP.POP.AG14.MA.IN,1135419,1135652.5,1138428,1142126,1145533
Mexico,MEX,"Age population, age 15, female",SP.POP.AG15.FE.IN,1101212.5,1098058.5,1098108.5,1100545.5,1103590
Mexico,MEX,"Age population, age 15, male",SP.POP.AG15.MA.IN,1136494.5,1133778,1134133.5,1137077.5,1140885
Mexico,MEX,"Age population, age 16, female",SP.POP.AG16.FE.IN,1104669.5,1100011,1096950.5,1097014,1099423
Mexico,MEX,"Age population, age 16, male",SP.POP.AG16.MA.IN,1138494,1134231.5,1131687.5,1132308,1135436.5
Mexico,MEX,"Age population, age 17, female",SP.POP.AG17.FE.IN,1107509.5,1103199,1098648,1095606.5,1095637
Mexico,MEX,"Age population, age 17, male",SP.POP.AG17.MA.IN,1139333,1135520.5,1131484.5,1129298,1130171
"Micronesia, Fed. Sts.",FSM,"Age population, age 24, male",SP.POP.AG24.MA.IN,1084,1100.5,1116,1129.5,1081
"Micronesia, Fed. Sts.",FSM,"Age population, age 24, female",SP.POP.AG24.FE.IN,1073.5,1130.5,1106.5,1067,1020.5
"Micronesia, Fed. Sts.",FSM,"Age population, age 23, male",SP.POP.AG23.MA.IN,1127.5,1142.5,1154,1104.5,1045
"Micronesia, Fed. Sts.",FSM,"Age population, age 23, female",SP.POP.AG23.FE.IN,1156,1131.5,1090.5,1042.5,1017
"Micronesia, Fed. Sts.",FSM,"Age population, age 22, female",SP.POP.AG22.FE.IN,1158,1116,1065,1037.5,1076
"Micronesia, Fed. Sts.",FSM,"Age population, age 22, male",SP.POP.AG22.MA.IN,1169,1180,1128.5,1067,1067.5
"Micronesia, Fed. Sts.",FSM,"Age population, age 21, male",SP.POP.AG21.MA.IN,1206,1154,1090,1088.5,1103
"Micronesia, Fed. Sts.",FSM,"Age population, age 21, female",SP.POP.AG21.FE.IN,1142,1090.5,1059.5,1095,1108.5
"Micronesia, Fed. Sts.",FSM,"Age population, age 20, male",SP.POP.AG20.MA.IN,1178.5,1113.5,1109.5,1122,1136.5
"Micronesia, Fed. Sts.",FSM,"Age population, age 20, female",SP.POP.AG20.FE.IN,1115,1083.5,1115.5,1126,1145
"Micronesia, Fed. Sts.",FSM,"Age population, age 19, male",SP.POP.AG19.MA.IN,1136.5,1132,1141.5,1153.5,1127
"Micronesia, Fed. Sts.",FSM,"Age population, age 19, female",SP.POP.AG19.FE.IN,1106.5,1137.5,1144.5,1160.5,1168
"Micronesia, Fed. Sts.",FSM,"Age population, age 18, female",SP.POP.AG18.FE.IN,1159,1165,1177.5,1182,1143
"Micronesia, Fed. Sts.",FSM,"Age population, age 18, male",SP.POP.AG18.MA.IN,1152.5,1161.5,1171,1142,1127.5
"Micronesia, Fed. Sts.",FSM,"Age population, age 13, female",SP.POP.AG13.FE.IN,1176,1196.5,1199.5,1179.5,1162.5
"Micronesia, Fed. Sts.",FSM,"Age population, age 13, male",SP.POP.AG13.MA.IN,1201,1228,1255,1255,1237
"Micronesia, Fed. Sts.",FSM,"Age population, age 14, female",SP.POP.AG14.FE.IN,1185.5,1170,1190.5,1193.5,1174
"Micronesia, Fed. Sts.",FSM,"Age population, age 14, male",SP.POP.AG14.MA.IN,1169,1195.5,1223,1250,1250
"Micronesia, Fed. Sts.",FSM,"Age population, age 15, female",SP.POP.AG15.FE.IN,1222.5,1176.5,1161,1183,1188
"Micronesia, Fed. Sts.",FSM,"Age population, age 15, male",SP.POP.AG15.MA.IN,1181,1161,1187.5,1216,1244
"Micronesia, Fed. Sts.",FSM,"Age population, age 16, female",SP.POP.AG16.FE.IN,1210.5,1211,1165.5,1152.5,1177
"Micronesia, Fed. Sts.",FSM,"Age population, age 16, male",SP.POP.AG16.MA.IN,1202,1170,1150,1178.5,1209
"Micronesia, Fed. Sts.",FSM,"Age population, age 17, female",SP.POP.AG17.FE.IN,1183.5,1195,1196,1154,1144.5
"Micronesia, Fed. Sts.",FSM,"Age population, age 17, male",SP.POP.AG17.MA.IN,1179,1188,1156,1139,1170
Middle East & North Africa,MEA,"Age population, age 24, male",SP.POP.AG24.MA.IN,..,..,..,..,..
Middle East & North Africa,MEA,"Age population, age 24, female",SP.POP.AG24.FE.IN,..,..,..,..,..
Middle East & North Africa,MEA,"Age population, age 23, male",SP.POP.AG23.MA.IN,..,..,..,..,..
Middle East & North Africa,MEA,"Age population, age 23, female",SP.POP.AG23.FE.IN,..,..,..,..,..
Middle East & North Africa,MEA,"Age population, age 22, female",SP.POP.AG22.FE.IN,..,..,..,..,..
Middle East & North Africa,MEA,"Age population, age 22, male",SP.POP.AG22.MA.IN,..,..,..,..,..
Middle East & North Africa,MEA,"Age population, age 21, male",SP.POP.AG21.MA.IN,..,..,..,..,..
Middle East & North Africa,MEA,"Age population, age 21, female",SP.POP.AG21.FE.IN,..,..,..,..,..
Middle East & North Africa,MEA,"Age population, age 20, male",SP.POP.AG20.MA.IN,..,..,..,..,..
Middle East & North Africa,MEA,"Age population, age 20, female",SP.POP.AG20.FE.IN,..,..,..,..,..
Middle East & North Africa,MEA,"Age population, age 19, male",SP.POP.AG19.MA.IN,..,..,..,..,..
Middle East & North Africa,MEA,"Age population, age 19, female",SP.POP.AG19.FE.IN,..,..,..,..,..
Middle East & North Africa,MEA,"Age population, age 18, female",SP.POP.AG18.FE.IN,..,..,..,..,..
Middle East & North Africa,MEA,"Age population, age 18, male",SP.POP.AG18.MA.IN,..,..,..,..,..
Middle East & North Africa,MEA,"Age population, age 13, female",SP.POP.AG13.FE.IN,..,..,..,..,..
Middle East & North Africa,MEA,"Age population, age 13, male",SP.POP.AG13.MA.IN,..,..,..,..,..
Middle East & North Africa,MEA,"Age population, age 14, female",SP.POP.AG14.FE.IN,..,..,..,..,..
Middle East & North Africa,MEA,"Age population, age 14, male",SP.POP.AG14.MA.IN,..,..,..,..,..
Middle East & North Africa,MEA,"Age population, age 15, female",SP.POP.AG15.FE.IN,..,..,..,..,..
Middle East & North Africa,MEA,"Age population, age 15, male",SP.POP.AG15.MA.IN,..,..,..,..,..
Middle East & North Africa,MEA,"Age population, age 16, female",SP.POP.AG16.FE.IN,..,..,..,..,..
Middle East & North Africa,MEA,"Age population, age 16, male",SP.POP.AG16.MA.IN,..,..,..,..,..
Middle East & North Africa,MEA,"Age population, age 17, female",SP.POP.AG17.FE.IN,..,..,..,..,..
Middle East & North Africa,MEA,"Age population, age 17, male",SP.POP.AG17.MA.IN,..,..,..,..,..
Middle East & North Africa (excluding high income),MNA,"Age population, age 24, male",SP.POP.AG24.MA.IN,..,..,..,..,..
Middle East & North Africa (excluding high income),MNA,"Age population, age 24, female",SP.POP.AG24.FE.IN,..,..,..,..,..
Middle East & North Africa (excluding high income),MNA,"Age population, age 23, male",SP.POP.AG23.MA.IN,..,..,..,..,..
Middle East & North Africa (excluding high income),MNA,"Age population, age 23, female",SP.POP.AG23.FE.IN,..,..,..,..,..
Middle East & North Africa (excluding high income),MNA,"Age population, age 22, female",SP.POP.AG22.FE.IN,..,..,..,..,..
Middle East & North Africa (excluding high income),MNA,"Age population, age 22, male",SP.POP.AG22.MA.IN,..,..,..,..,..
Middle East & North Africa (excluding high income),MNA,"Age population, age 21, male",SP.POP.AG21.MA.IN,..,..,..,..,..
Middle East & North Africa (excluding high income),MNA,"Age population, age 21, female",SP.POP.AG21.FE.IN,..,..,..,..,..
Middle East & North Africa (excluding high income),MNA,"Age population, age 20, male",SP.POP.AG20.MA.IN,..,..,..,..,..
Middle East & North Africa (excluding high income),MNA,"Age population, age 20, female",SP.POP.AG20.FE.IN,..,..,..,..,..
Middle East & North Africa (excluding high income),MNA,"Age population, age 19, male",SP.POP.AG19.MA.IN,..,..,..,..,..
Middle East & North Africa (excluding high income),MNA,"Age population, age 19, female",SP.POP.AG19.FE.IN,..,..,..,..,..
Middle East & North Africa (excluding high income),MNA,"Age population, age 18, female",SP.POP.AG18.FE.IN,..,..,..,..,..
Middle East & North Africa (excluding high income),MNA,"Age population, age 18, male",SP.POP.AG18.MA.IN,..,..,..,..,..
Middle East & North Africa (excluding high income),MNA,"Age population, age 13, female",SP.POP.AG13.FE.IN,..,..,..,..,..
Middle East & North Africa (excluding high income),MNA,"Age population, age 13, male",SP.POP.AG13.MA.IN,..,..,..,..,..
Middle East & North Africa (excluding high income),MNA,"Age population, age 14, female",SP.POP.AG14.FE.IN,..,..,..,..,..
Middle East & North Africa (excluding high income),MNA,"Age population, age 14, male",SP.POP.AG14.MA.IN,..,..,..,..,..
Middle East & North Africa (excluding high income),MNA,"Age population, age 15, female",SP.POP.AG15.FE.IN,..,..,..,..,..
Middle East & North Africa (excluding high income),MNA,"Age population, age 15, male",SP.POP.AG15.MA.IN,..,..,..,..,..
Middle East & North Africa (excluding high income),MNA,"Age population, age 16, female",SP.POP.AG16.FE.IN,..,..,..,..,..
Middle East & North Africa (excluding high income),MNA,"Age population, age 16, male",SP.POP.AG16.MA.IN,..,..,..,..,..
Middle East & North Africa (excluding high income),MNA,"Age population, age 17, female",SP.POP.AG17.FE.IN,..,..,..,..,..
Middle East & North Africa (excluding high income),MNA,"Age population, age 17, male",SP.POP.AG17.MA.IN,..,..,..,..,..
Middle East & North Africa (IDA & IBRD countries),TMN,"Age population, age 24, male",SP.POP.AG24.MA.IN,..,..,..,..,..
Middle East & North Africa (IDA & IBRD countries),TMN,"Age population, age 24, female",SP.POP.AG24.FE.IN,..,..,..,..,..
Middle East & North Africa (IDA & IBRD countries),TMN,"Age population, age 23, male",SP.POP.AG23.MA.IN,..,..,..,..,..
Middle East & North Africa (IDA & IBRD countries),TMN,"Age population, age 23, female",SP.POP.AG23.FE.IN,..,..,..,..,..
Middle East & North Africa (IDA & IBRD countries),TMN,"Age population, age 22, female",SP.POP.AG22.FE.IN,..,..,..,..,..
Middle East & North Africa (IDA & IBRD countries),TMN,"Age population, age 22, male",SP.POP.AG22.MA.IN,..,..,..,..,..
Middle East & North Africa (IDA & IBRD countries),TMN,"Age population, age 21, male",SP.POP.AG21.MA.IN,..,..,..,..,..
Middle East & North Africa (IDA & IBRD countries),TMN,"Age population, age 21, female",SP.POP.AG21.FE.IN,..,..,..,..,..
Middle East & North Africa (IDA & IBRD countries),TMN,"Age population, age 20, male",SP.POP.AG20.MA.IN,..,..,..,..,..
Middle East & North Africa (IDA & IBRD countries),TMN,"Age population, age 20, female",SP.POP.AG20.FE.IN,..,..,..,..,..
Middle East & North Africa (IDA & IBRD countries),TMN,"Age population, age 19, male",SP.POP.AG19.MA.IN,..,..,..,..,..
Middle East & North Africa (IDA & IBRD countries),TMN,"Age population, age 19, female",SP.POP.AG19.FE.IN,..,..,..,..,..
Middle East & North Africa (IDA & IBRD countries),TMN,"Age population, age 18, female",SP.POP.AG18.FE.IN,..,..,..,..,..
Middle East & North Africa (IDA & IBRD countries),TMN,"Age population, age 18, male",SP.POP.AG18.MA.IN,..,..,..,..,..
Middle East & North Africa (IDA & IBRD countries),TMN,"Age population, age 13, female",SP.POP.AG13.FE.IN,..,..,..,..,..
Middle East & North Africa (IDA & IBRD countries),TMN,"Age population, age 13, male",SP.POP.AG13.MA.IN,..,..,..,..,..
Middle East & North Africa (IDA & IBRD countries),TMN,"Age population, age 14, female",SP.POP.AG14.FE.IN,..,..,..,..,..
Middle East & North Africa (IDA & IBRD countries),TMN,"Age population, age 14, male",SP.POP.AG14.MA.IN,..,..,..,..,..
Middle East & North Africa (IDA & IBRD countries),TMN,"Age population, age 15, female",SP.POP.AG15.FE.IN,..,..,..,..,..
Middle East & North Africa (IDA & IBRD countries),TMN,"Age population, age 15, male",SP.POP.AG15.MA.IN,..,..,..,..,..
Middle East & North Africa (IDA & IBRD countries),TMN,"Age population, age 16, female",SP.POP.AG16.FE.IN,..,..,..,..,..
Middle East & North Africa (IDA & IBRD countries),TMN,"Age population, age 16, male",SP.POP.AG16.MA.IN,..,..,..,..,..
Middle East & North Africa (IDA & IBRD countries),TMN,"Age population, age 17, female",SP.POP.AG17.FE.IN,..,..,..,..,..
Middle East & North Africa (IDA & IBRD countries),TMN,"Age population, age 17, male",SP.POP.AG17.MA.IN,..,..,..,..,..
Middle income,MIC,"Age population, age 24, male",SP.POP.AG24.MA.IN,..,..,..,..,..
Middle income,MIC,"Age population, age 24, female",SP.POP.AG24.FE.IN,..,..,..,..,..
Middle income,MIC,"Age population, age 23, male",SP.POP.AG23.MA.IN,..,..,..,..,..
Middle income,MIC,"Age population, age 23, female",SP.POP.AG23.FE.IN,..,..,..,..,..
Middle income,MIC,"Age population, age 22, female",SP.POP.AG22.FE.IN,..,..,..,..,..
Middle income,MIC,"Age population, age 22, male",SP.POP.AG22.MA.IN,..,..,..,..,..
Middle income,MIC,"Age population, age 21, male",SP.POP.AG21.MA.IN,..,..,..,..,..
Middle income,MIC,"Age population, age 21, female",SP.POP.AG21.FE.IN,..,..,..,..,..
Middle income,MIC,"Age population, age 20, male",SP.POP.AG20.MA.IN,..,..,..,..,..
Middle income,MIC,"Age population, age 20, female",SP.POP.AG20.FE.IN,..,..,..,..,..
Middle income,MIC,"Age population, age 19, male",SP.POP.AG19.MA.IN,..,..,..,..,..
Middle income,MIC,"Age population, age 19, female",SP.POP.AG19.FE.IN,..,..,..,..,..
Middle income,MIC,"Age population, age 18, female",SP.POP.AG18.FE.IN,..,..,..,..,..
Middle income,MIC,"Age population, age 18, male",SP.POP.AG18.MA.IN,..,..,..,..,..
Middle income,MIC,"Age population, age 13, female",SP.POP.AG13.FE.IN,..,..,..,..,..
Middle income,MIC,"Age population, age 13, male",SP.POP.AG13.MA.IN,..,..,..,..,..
Middle income,MIC,"Age population, age 14, female",SP.POP.AG14.FE.IN,..,..,..,..,..
Middle income,MIC,"Age population, age 14, male",SP.POP.AG14.MA.IN,..,..,..,..,..
Middle income,MIC,"Age population, age 15, female",SP.POP.AG15.FE.IN,..,..,..,..,..
Middle income,MIC,"Age population, age 15, male",SP.POP.AG15.MA.IN,..,..,..,..,..
Middle income,MIC,"Age population, age 16, female",SP.POP.AG16.FE.IN,..,..,..,..,..
Middle income,MIC,"Age population, age 16, male",SP.POP.AG16.MA.IN,..,..,..,..,..
Middle income,MIC,"Age population, age 17, female",SP.POP.AG17.FE.IN,..,..,..,..,..
Middle income,MIC,"Age population, age 17, male",SP.POP.AG17.MA.IN,..,..,..,..,..
Moldova,MDA,"Age population, age 24, male",SP.POP.AG24.MA.IN,15177.5,14369.5,14280.5,14114,13953
Moldova,MDA,"Age population, age 24, female",SP.POP.AG24.FE.IN,15917,14823,14600.5,14316.5,13989
Moldova,MDA,"Age population, age 23, male",SP.POP.AG23.MA.IN,14501.5,14126,14409,14465,14415.5
Moldova,MDA,"Age population, age 23, female",SP.POP.AG23.FE.IN,14953.5,14428,14618,14523,14425.5
Moldova,MDA,"Age population, age 22, female",SP.POP.AG22.FE.IN,14568,14455,14811,14931,15158
Moldova,MDA,"Age population, age 22, male",SP.POP.AG22.MA.IN,14262.5,14260,14746.5,14899,15005
Moldova,MDA,"Age population, age 21, male",SP.POP.AG21.MA.IN,14388.5,14599,15163.5,15450.5,15763
Moldova,MDA,"Age population, age 21, female",SP.POP.AG21.FE.IN,14590,14650,15201,15624.5,16134.5
Moldova,MDA,"Age population, age 20, male",SP.POP.AG20.MA.IN,14708,15012.5,15697.5,16168,16566
Moldova,MDA,"Age population, age 20, female",SP.POP.AG20.FE.IN,14769,15039,15875.5,16558.5,17088.5
Moldova,MDA,"Age population, age 19, male",SP.POP.AG19.MA.IN,15093,15541.5,16395.5,16928.5,17329
Moldova,MDA,"Age population, age 19, female",SP.POP.AG19.FE.IN,15131.5,15711,16789,17467,17852.5
Moldova,MDA,"Age population, age 18, female",SP.POP.AG18.FE.IN,15766,16619.5,17673.5,18175.5,18581.5
Moldova,MDA,"Age population, age 18, male",SP.POP.AG18.MA.IN,15586,16235,17133.5,17639.5,18084.5
Moldova,MDA,"Age population, age 13, female",SP.POP.AG13.FE.IN,19255,19973,20408,20378,20596.5
Moldova,MDA,"Age population, age 13, male",SP.POP.AG13.MA.IN,18725.5,19455,20095,20566.5,21421
Moldova,MDA,"Age population, age 14, female",SP.POP.AG14.FE.IN,18630,19455,20188.5,20287,20256.5
Moldova,MDA,"Age population, age 14, male",SP.POP.AG14.MA.IN,18135.5,18922,19661.5,19977,20449.5
Moldova,MDA,"Age population, age 15, female",SP.POP.AG15.FE.IN,18055.5,18785.5,19661.5,20068.5,20164.5
Moldova,MDA,"Age population, age 15, male",SP.POP.AG15.MA.IN,17529.5,18291,19119.5,19544,19859
Moldova,MDA,"Age population, age 16, female",SP.POP.AG16.FE.IN,17443.5,18162.5,18986,19534.5,19926.5
Moldova,MDA,"Age population, age 16, male",SP.POP.AG16.MA.IN,16910,17636.5,18479,18993.5,19406
Moldova,MDA,"Age population, age 17, female",SP.POP.AG17.FE.IN,16624.5,17495.5,18353.5,18838,19345
Moldova,MDA,"Age population, age 17, male",SP.POP.AG17.MA.IN,16233,16965,17815.5,18332.5,18809.5
Monaco,MCO,"Age population, age 24, male",SP.POP.AG24.MA.IN,167.5,181,197.5,197,192.5
Monaco,MCO,"Age population, age 24, female",SP.POP.AG24.FE.IN,160.5,173.5,186,185.5,185
Monaco,MCO,"Age population, age 23, male",SP.POP.AG23.MA.IN,170,186.5,194.5,189.5,188
Monaco,MCO,"Age population, age 23, female",SP.POP.AG23.FE.IN,162,174.5,183,182,181.5
Monaco,MCO,"Age population, age 22, female",SP.POP.AG22.FE.IN,163.5,171.5,179,177.5,177.5
Monaco,MCO,"Age population, age 22, male",SP.POP.AG22.MA.IN,176.5,184,186.5,184,182.5
Monaco,MCO,"Age population, age 21, male",SP.POP.AG21.MA.IN,174,176,180.5,177.5,175.5
Monaco,MCO,"Age population, age 21, female",SP.POP.AG21.FE.IN,161,168,174,172.5,171
Monaco,MCO,"Age population, age 20, male",SP.POP.AG20.MA.IN,166.5,170.5,173.5,170,170
Monaco,MCO,"Age population, age 20, female",SP.POP.AG20.FE.IN,158,163.5,168.5,165,161
Monaco,MCO,"Age population, age 19, male",SP.POP.AG19.MA.IN,162,164,166.5,165,167
Monaco,MCO,"Age population, age 19, female",SP.POP.AG19.FE.IN,154,158.5,161.5,156,155
Monaco,MCO,"Age population, age 18, female",SP.POP.AG18.FE.IN,150,152.5,152.5,150.5,152.5
Monaco,MCO,"Age population, age 18, male",SP.POP.AG18.MA.IN,156,158.5,162,162.5,163
Monaco,MCO,"Age population, age 13, female",SP.POP.AG13.FE.IN,143,150,154,155.5,158
Monaco,MCO,"Age population, age 13, male",SP.POP.AG13.MA.IN,151.5,157.5,158.5,159,161.5
Monaco,MCO,"Age population, age 14, female",SP.POP.AG14.FE.IN,139,145.5,152,154,155.5
Monaco,MCO,"Age population, age 14, male",SP.POP.AG14.MA.IN,150,154,159,158.5,159.5
Monaco,MCO,"Age population, age 15, female",SP.POP.AG15.FE.IN,137.5,143,149,153,155
Monaco,MCO,"Age population, age 15, male",SP.POP.AG15.MA.IN,150,154,157.5,160,159.5
Monaco,MCO,"Age population, age 16, female",SP.POP.AG16.FE.IN,139,142.5,148,150,154
Monaco,MCO,"Age population, age 16, male",SP.POP.AG16.MA.IN,149.5,155,158.5,158.5,161
Monaco,MCO,"Age population, age 17, female",SP.POP.AG17.FE.IN,145,145,148.5,149.5,152
Monaco,MCO,"Age population, age 17, male",SP.POP.AG17.MA.IN,151.5,155,160.5,160,160.5
Mongolia,MNG,"Age population, age 24, male",SP.POP.AG24.MA.IN,24304,23862.5,23288.5,22664,22162.5
Mongolia,MNG,"Age population, age 24, female",SP.POP.AG24.FE.IN,23063,22684,22132,21470.5,20870.5
Mongolia,MNG,"Age population, age 23, male",SP.POP.AG23.MA.IN,23906,23320,22630,22062,21969.5
Mongolia,MNG,"Age population, age 23, female",SP.POP.AG23.FE.IN,22699,22143.5,21436.5,20791,20578
Mongolia,MNG,"Age population, age 22, female",SP.POP.AG22.FE.IN,22159,21448,20700.5,20384.5,20777
Mongolia,MNG,"Age population, age 22, male",SP.POP.AG22.MA.IN,23361,22658.5,21966.5,21749,22270.5
Mongolia,MNG,"Age population, age 21, male",SP.POP.AG21.MA.IN,22696,21993,21599.5,21944,23041.5
Mongolia,MNG,"Age population, age 21, female",SP.POP.AG21.FE.IN,21463,20712,20243,20481.5,21448.5
Mongolia,MNG,"Age population, age 20, male",SP.POP.AG20.MA.IN,22027.5,21625,21765,22656.5,24240.5
Mongolia,MNG,"Age population, age 20, female",SP.POP.AG20.FE.IN,20726,20254,20311.5,21095.5,22553.5
Mongolia,MNG,"Age population, age 19, male",SP.POP.AG19.MA.IN,21656.5,21790,22482.5,23865.5,25857.5
Mongolia,MNG,"Age population, age 19, female",SP.POP.AG19.FE.IN,20268,20323,20929.5,22207.5,24082
Mongolia,MNG,"Age population, age 18, female",SP.POP.AG18.FE.IN,20337.5,20941.5,22072,23797.5,26010.5
Mongolia,MNG,"Age population, age 18, male",SP.POP.AG18.MA.IN,21818.5,22506,23724,25549,27877.5
Mongolia,MNG,"Age population, age 13, female",SP.POP.AG13.FE.IN,28259,31134,34063.5,34740.5,35536
Mongolia,MNG,"Age population, age 13, male",SP.POP.AG13.MA.IN,30235,33192,36241.5,37093.5,37987.5
Mongolia,MNG,"Age population, age 14, female",SP.POP.AG14.FE.IN,25794.5,28249,31125.5,34053,34729
Mongolia,MNG,"Age population, age 14, male",SP.POP.AG14.MA.IN,27668,30214,33177,36227.5,37082
Mongolia,MNG,"Age population, age 15, female",SP.POP.AG15.FE.IN,23731,25783,28239.5,31119.5,34050.5
Mongolia,MNG,"Age population, age 15, male",SP.POP.AG15.MA.IN,25502,27645.5,30196.5,33166.5,36224
Mongolia,MNG,"Age population, age 16, female",SP.POP.AG16.FE.IN,22097,23718.5,25772.5,28249.5,31150
Mongolia,MNG,"Age population, age 16, male",SP.POP.AG16.MA.IN,23772,25478,27626.5,30203.5,33199
Mongolia,MNG,"Age population, age 17, female",SP.POP.AG17.FE.IN,20955,22084,23707,25816.5,28350
Mongolia,MNG,"Age population, age 17, male",SP.POP.AG17.MA.IN,22533,23746.5,25456.5,27669,30310.5
Montenegro,MNE,"Age population, age 24, male",SP.POP.AG24.MA.IN,3742.5,3778,3843,3881,3904.5
Montenegro,MNE,"Age population, age 24, female",SP.POP.AG24.FE.IN,3615.5,3637,3728.5,3804,3829.5
Montenegro,MNE,"Age population, age 23, male",SP.POP.AG23.MA.IN,3722.5,3727,3862,4000.5,4014
Montenegro,MNE,"Age population, age 23, female",SP.POP.AG23.FE.IN,3585,3616.5,3787.5,3936,3878.5
Montenegro,MNE,"Age population, age 22, female",SP.POP.AG22.FE.IN,3563.5,3675,3919.5,3979,3844
Montenegro,MNE,"Age population, age 22, male",SP.POP.AG22.MA.IN,3672,3747.5,3982.5,4105,4001
Montenegro,MNE,"Age population, age 21, male",SP.POP.AG21.MA.IN,3694.5,3869,4085.5,4086,3865.5
Montenegro,MNE,"Age population, age 21, female",SP.POP.AG21.FE.IN,3623.5,3807,3960.5,3936,3747.5
Montenegro,MNE,"Age population, age 20, male",SP.POP.AG20.MA.IN,3812,3968.5,4065.5,3943.5,3787
Montenegro,MNE,"Age population, age 20, female",SP.POP.AG20.FE.IN,3750.5,3843.5,3916,3831,3639.5
Montenegro,MNE,"Age population, age 19, male",SP.POP.AG19.MA.IN,3908.5,3946,3920,3856,3795.5
Montenegro,MNE,"Age population, age 19, female",SP.POP.AG19.FE.IN,3783.5,3797,3809.5,3714.5,3619.5
Montenegro,MNE,"Age population, age 18, female",SP.POP.AG18.FE.IN,3736,3692,3691.5,3683.5,3752
Montenegro,MNE,"Age population, age 18, male",SP.POP.AG18.MA.IN,3881,3799,3831,3853.5,3956
Montenegro,MNE,"Age population, age 13, female",SP.POP.AG13.FE.IN,3753,3915,4070.5,3941.5,3778
Montenegro,MNE,"Age population, age 13, male",SP.POP.AG13.MA.IN,3984.5,4157,4248,4163,4118
Montenegro,MNE,"Age population, age 14, female",SP.POP.AG14.FE.IN,3599,3827.5,4032.5,4103.5,3917.5
Montenegro,MNE,"Age population, age 14, male",SP.POP.AG14.MA.IN,3789.5,4063.5,4282,4284,4141
Montenegro,MNE,"Age population, age 15, female",SP.POP.AG15.FE.IN,3483.5,3666.5,3939.5,4064.5,4080
Montenegro,MNE,"Age population, age 15, male",SP.POP.AG15.MA.IN,3648,3861.5,4181.5,4316.5,4262
Montenegro,MNE,"Age population, age 16, female",SP.POP.AG16.FE.IN,3514,3547.5,3776,3969,4036.5
Montenegro,MNE,"Age population, age 16, male",SP.POP.AG16.MA.IN,3650,3716,3975.5,4212.5,4291
Montenegro,MNE,"Age population, age 17, female",SP.POP.AG17.FE.IN,3629.5,3576.5,3658.5,3802.5,3931.5
Montenegro,MNE,"Age population, age 17, male",SP.POP.AG17.MA.IN,3733.5,3715.5,3829,4003,4178
Morocco,MAR,"Age population, age 24, male",SP.POP.AG24.MA.IN,295858,297490.5,296083.5,296741.5,299685
Morocco,MAR,"Age population, age 24, female",SP.POP.AG24.FE.IN,282930.5,283484,281203.5,280631.5,282721
Morocco,MAR,"Age population, age 23, male",SP.POP.AG23.MA.IN,299065.5,297106.5,297839.5,300929,299801.5
Morocco,MAR,"Age population, age 23, female",SP.POP.AG23.FE.IN,284960.5,282177,281731,284015.5,283620.5
Morocco,MAR,"Age population, age 22, female",SP.POP.AG22.FE.IN,283622.5,282699.5,285167,285015.5,285087.5
Morocco,MAR,"Age population, age 22, male",SP.POP.AG22.MA.IN,298705.5,298860.5,302085.5,301151.5,299065
Morocco,MAR,"Age population, age 21, male",SP.POP.AG21.MA.IN,300450.5,303091,302337.5,300484.5,302382.5
Morocco,MAR,"Age population, age 21, female",SP.POP.AG21.FE.IN,284079,286117,286192.5,286545.5,290229
Morocco,MAR,"Age population, age 20, male",SP.POP.AG20.MA.IN,304635,303302,301653,303804.5,309586
Morocco,MAR,"Age population, age 20, female",SP.POP.AG20.FE.IN,287405,287103,287703,291682,297332
Morocco,MAR,"Age population, age 19, male",SP.POP.AG19.MA.IN,304752.5,302551.5,304899,310919,318257.5
Morocco,MAR,"Age population, age 19, female",SP.POP.AG19.FE.IN,288262,288553.5,292763.5,298685,304634.5
Morocco,MAR,"Age population, age 18, female",SP.POP.AG18.FE.IN,289555.5,293533.5,299632,305791,311426.5
Morocco,MAR,"Age population, age 18, male",SP.POP.AG18.MA.IN,303873.5,305710,311882,319406,326332
Morocco,MAR,"Age population, age 13, female",SP.POP.AG13.FE.IN,319045.5,323995,329077.5,330950,328853
Morocco,MAR,"Age population, age 13, male",SP.POP.AG13.MA.IN,335454,341201.5,347210.5,349635.5,347674
Morocco,MAR,"Age population, age 14, female",SP.POP.AG14.FE.IN,313742,318779,323735,328796.5,330642
Morocco,MAR,"Age population, age 14, male",SP.POP.AG14.MA.IN,329011.5,334909.5,340924,346919.5,349322.5
Morocco,MAR,"Age population, age 15, female",SP.POP.AG15.FE.IN,307638.5,313356,318431.5,323399.5,328467
Morocco,MAR,"Age population, age 15, male",SP.POP.AG15.MA.IN,321637.5,328308.5,334543.5,340574,346576.5
Morocco,MAR,"Age population, age 16, female",SP.POP.AG16.FE.IN,300952.5,307125.5,312904.5,317997.5,322975
Morocco,MAR,"Age population, age 16, male",SP.POP.AG16.MA.IN,313580,320786.5,327835.5,334091.5,340131.5
Morocco,MAR,"Age population, age 17, female",SP.POP.AG17.FE.IN,294353.5,300305,306561.5,312318,317374.5
Morocco,MAR,"Age population, age 17, male",SP.POP.AG17.MA.IN,306870,312589,320196,327229.5,333453
Mozambique,MOZ,"Age population, age 24, male",SP.POP.AG24.MA.IN,271927,281484.5,291150.5,300508,308294.5
Mozambique,MOZ,"Age population, age 24, female",SP.POP.AG24.FE.IN,280031.5,289488,299147,308320,315683
Mozambique,MOZ,"Age population, age 23, male",SP.POP.AG23.MA.IN,283283,293110,302419,310394,317076
Mozambique,MOZ,"Age population, age 23, female",SP.POP.AG23.FE.IN,290450,300175,309488.5,317216,323329
Mozambique,MOZ,"Age population, age 22, female",SP.POP.AG22.FE.IN,301134.5,310516.5,318430,324936.5,330858
Mozambique,MOZ,"Age population, age 22, male",SP.POP.AG22.MA.IN,294893.5,304369,312350.5,319256,325793.5
Mozambique,MOZ,"Age population, age 21, male",SP.POP.AG21.MA.IN,306112.5,314255.5,321218,328008,335466.5
Mozambique,MOZ,"Age population, age 21, female",SP.POP.AG21.FE.IN,311463.5,319444,326173.5,332507.5,339460
Mozambique,MOZ,"Age population, age 20, male",SP.POP.AG20.MA.IN,315926.5,323042.5,329922,337643.5,346032
Mozambique,MOZ,"Age population, age 20, female",SP.POP.AG20.FE.IN,320365.5,327158.5,333732,341095,349039.5
Mozambique,MOZ,"Age population, age 19, male",SP.POP.AG19.MA.IN,324609,331631,339443,348075,357040
Mozambique,MOZ,"Age population, age 19, female",SP.POP.AG19.FE.IN,328041,334672.5,342259.5,350579.5,359167.5
Mozambique,MOZ,"Age population, age 18, female",SP.POP.AG18.FE.IN,335501,343141,351637,360530,371345.5
Mozambique,MOZ,"Age population, age 18, male",SP.POP.AG18.MA.IN,333064.5,341006.5,349698,358850.5,370115
Mozambique,MOZ,"Age population, age 13, female",SP.POP.AG13.FE.IN,392232,412873,429047,440949,451683.5
Mozambique,MOZ,"Age population, age 13, male",SP.POP.AG13.MA.IN,392874.5,413890,430508.5,443148.5,454319
Mozambique,MOZ,"Age population, age 14, female",SP.POP.AG14.FE.IN,374390,391765.5,412387,428541,440374
Mozambique,MOZ,"Age population, age 14, male",SP.POP.AG14.MA.IN,374477,392243.5,413214.5,429835.5,442427
Mozambique,MOZ,"Age population, age 15, female",SP.POP.AG15.FE.IN,362767,373865.5,391215.5,411831.5,427932
Mozambique,MOZ,"Age population, age 15, male",SP.POP.AG15.MA.IN,362322.5,373728.5,391435.5,412440,429048
Mozambique,MOZ,"Age population, age 16, female",SP.POP.AG16.FE.IN,353127.5,362164.5,373233.5,390576.5,411123.5
Mozambique,MOZ,"Age population, age 16, male",SP.POP.AG16.MA.IN,352167,361416,372750.5,390511.5,411506
Mozambique,MOZ,"Age population, age 17, female",SP.POP.AG17.FE.IN,343901.5,352443.5,361443,372471,389688.5
Mozambique,MOZ,"Age population, age 17, male",SP.POP.AG17.MA.IN,342277.5,351081,360239,371615,389330
Myanmar,MMR,"Age population, age 24, male",SP.POP.AG24.MA.IN,452374.5,451140.5,450080.5,451135,454722.5
Myanmar,MMR,"Age population, age 24, female",SP.POP.AG24.FE.IN,437705.5,436467.5,435465,436393.5,439798.5
Myanmar,MMR,"Age population, age 23, male",SP.POP.AG23.MA.IN,453473.5,452439.5,453390,456946,460874
Myanmar,MMR,"Age population, age 23, female",SP.POP.AG23.FE.IN,437811,436792.5,437792.5,441286.5,445015.5
Myanmar,MMR,"Age population, age 22, female",SP.POP.AG22.FE.IN,438115,439103,442764.5,446674,444653.5
Myanmar,MMR,"Age population, age 22, male",SP.POP.AG22.MA.IN,454760,455747.5,459315.5,463320,461274.5
Myanmar,MMR,"Age population, age 21, male",SP.POP.AG21.MA.IN,458022,461638.5,465755,463866,455406.5
Myanmar,MMR,"Age population, age 21, female",SP.POP.AG21.FE.IN,440392,444045,448203.5,446436.5,438234.5
Myanmar,MMR,"Age population, age 20, male",SP.POP.AG20.MA.IN,463812.5,467975,466252,457998,449681.5
Myanmar,MMR,"Age population, age 20, female",SP.POP.AG20.FE.IN,445284,449435,447952,440038,431940
Myanmar,MMR,"Age population, age 19, male",SP.POP.AG19.MA.IN,469987.5,468283,460199,452104.5,446842
Myanmar,MMR,"Age population, age 19, female",SP.POP.AG19.FE.IN,450601,449104,441454.5,433632,428532
Myanmar,MMR,"Age population, age 18, female",SP.POP.AG18.FE.IN,450168,442499,434877.5,429990.5,428076.5
Myanmar,MMR,"Age population, age 18, male",SP.POP.AG18.MA.IN,470073,461980,454025.5,448950.5,446871.5
Myanmar,MMR,"Age population, age 13, female",SP.POP.AG13.FE.IN,429937.5,428792.5,428217,426591.5,425194
Myanmar,MMR,"Age population, age 13, male",SP.POP.AG13.MA.IN,450779,449705,449106,447478,446198
Myanmar,MMR,"Age population, age 14, female",SP.POP.AG14.FE.IN,431218,429504,428367,427800.5,426182.5
Myanmar,MMR,"Age population, age 14, male",SP.POP.AG14.MA.IN,451798,450050.5,448991,448397,446766.5
Myanmar,MMR,"Age population, age 15, female",SP.POP.AG15.FE.IN,432463.5,430681.5,428976,427875.5,427342.5
Myanmar,MMR,"Age population, age 15, male",SP.POP.AG15.MA.IN,452898.5,450919,449183.5,448166,447601.5
Myanmar,MMR,"Age population, age 16, female",SP.POP.AG16.FE.IN,436592.5,431802.5,430030.5,428358.5,427287
Myanmar,MMR,"Age population, age 16, male",SP.POP.AG16.MA.IN,456840,451827.5,449857.5,448171,447184.5
Myanmar,MMR,"Age population, age 17, female",SP.POP.AG17.FE.IN,443435,435796,431019.5,429225.5,427526.5
Myanmar,MMR,"Age population, age 17, male",SP.POP.AG17.MA.IN,463517,455547.5,450547,448578.5,446870.5
Namibia,NAM,"Age population, age 24, male",SP.POP.AG24.MA.IN,24760,25503.5,26599.5,27127.5,26331.5
Namibia,NAM,"Age population, age 24, female",SP.POP.AG24.FE.IN,25140.5,25715.5,26508.5,26884.5,26158.5
Namibia,NAM,"Age population, age 23, male",SP.POP.AG23.MA.IN,25399,26463,27097,26446.5,25355
Namibia,NAM,"Age population, age 23, female",SP.POP.AG23.FE.IN,25633,26360.5,26808.5,26236,25154
Namibia,NAM,"Age population, age 22, female",SP.POP.AG22.FE.IN,26262.5,26647,26208,25329.5,24993.5
Namibia,NAM,"Age population, age 22, male",SP.POP.AG22.MA.IN,26320.5,26935,26466,25573.5,25424
Namibia,NAM,"Age population, age 21, male",SP.POP.AG21.MA.IN,26763.5,26298,25640.5,25739.5,26102.5
Namibia,NAM,"Age population, age 21, female",SP.POP.AG21.FE.IN,26530.5,26040.5,25348,25259.5,25478
Namibia,NAM,"Age population, age 20, male",SP.POP.AG20.MA.IN,26160,25513.5,25837,26472.5,27034
Namibia,NAM,"Age population, age 20, female",SP.POP.AG20.FE.IN,25949,25216,25308,25796,26294
Namibia,NAM,"Age population, age 19, male",SP.POP.AG19.MA.IN,25407,25709.5,26574.5,27398.5,27661.5
Namibia,NAM,"Age population, age 19, female",SP.POP.AG19.FE.IN,25159.5,25187,25851.5,26608.5,27048.5
Namibia,NAM,"Age population, age 18, female",SP.POP.AG18.FE.IN,25105.5,25712.5,26650,27312.5,27970
Namibia,NAM,"Age population, age 18, male",SP.POP.AG18.MA.IN,25556,26416,27483,27969,28053
Namibia,NAM,"Age population, age 13, female",SP.POP.AG13.FE.IN,29077,30039.5,31700,33016,33110.5
Namibia,NAM,"Age population, age 13, male",SP.POP.AG13.MA.IN,28790,29571,31142,32371,32370
Namibia,NAM,"Age population, age 14, female",SP.POP.AG14.FE.IN,27956.5,29207.5,30124,31715,33006.5
Namibia,NAM,"Age population, age 14, male",SP.POP.AG14.MA.IN,28048,28909,29638,31147.5,32355.5
Namibia,NAM,"Age population, age 15, female",SP.POP.AG15.FE.IN,27084,28065,29299,30145,31695
Namibia,NAM,"Age population, age 15, male",SP.POP.AG15.MA.IN,27656,28187.5,28990,29646,31118.5
Namibia,NAM,"Age population, age 16, female",SP.POP.AG16.FE.IN,26372,27201.5,28152,29319,30095.5
Namibia,NAM,"Age population, age 16, male",SP.POP.AG16.MA.IN,27080,27858,28294.5,28991.5,29582
Namibia,NAM,"Age population, age 17, female",SP.POP.AG17.FE.IN,25591,26512,27330.5,28158.5,29210
Namibia,NAM,"Age population, age 17, male",SP.POP.AG17.MA.IN,26205,27318,28022,28274,28859.5
Nauru,NRU,"Age population, age 24, male",SP.POP.AG24.MA.IN,99.5,95,86,80.5,85
Nauru,NRU,"Age population, age 24, female",SP.POP.AG24.FE.IN,94,91,87,85.5,85.5
Nauru,NRU,"Age population, age 23, male",SP.POP.AG23.MA.IN,99,90,84,88,87.5
Nauru,NRU,"Age population, age 23, female",SP.POP.AG23.FE.IN,94.5,91,88.5,88,84.5
Nauru,NRU,"Age population, age 22, female",SP.POP.AG22.FE.IN,94,92,91,86.5,85
Nauru,NRU,"Age population, age 22, male",SP.POP.AG22.MA.IN,93,87,90.5,89.5,86.5
Nauru,NRU,"Age population, age 21, male",SP.POP.AG21.MA.IN,90.5,94.5,92.5,89,95
Nauru,NRU,"Age population, age 21, female",SP.POP.AG21.FE.IN,95,94.5,89.5,87,90
Nauru,NRU,"Age population, age 20, male",SP.POP.AG20.MA.IN,97.5,96,92,97.5,104.5
Nauru,NRU,"Age population, age 20, female",SP.POP.AG20.FE.IN,98,93,90,92,94
Nauru,NRU,"Age population, age 19, male",SP.POP.AG19.MA.IN,99,95,100,106.5,116
Nauru,NRU,"Age population, age 19, female",SP.POP.AG19.FE.IN,96,93,94.5,96,100.5
Nauru,NRU,"Age population, age 18, female",SP.POP.AG18.FE.IN,96,98.5,98.5,102,111.5
Nauru,NRU,"Age population, age 18, male",SP.POP.AG18.MA.IN,98,102.5,108,117.5,130.5
Nauru,NRU,"Age population, age 13, female",SP.POP.AG13.FE.IN,127.5,137.5,143.5,148,151.5
Nauru,NRU,"Age population, age 13, male",SP.POP.AG13.MA.IN,146,152,157.5,162.5,161.5
Nauru,NRU,"Age population, age 14, female",SP.POP.AG14.FE.IN,117,126.5,136,142,147.5
Nauru,NRU,"Age population, age 14, male",SP.POP.AG14.MA.IN,136,145,151,156.5,161.5
Nauru,NRU,"Age population, age 15, female",SP.POP.AG15.FE.IN,107.5,116,125,135,141.5
Nauru,NRU,"Age population, age 15, male",SP.POP.AG15.MA.IN,123,135,144,150,155.5
Nauru,NRU,"Age population, age 16, female",SP.POP.AG16.FE.IN,103,106.5,115,124.5,134.5
Nauru,NRU,"Age population, age 16, male",SP.POP.AG16.MA.IN,112.5,122,133.5,142.5,149
Nauru,NRU,"Age population, age 17, female",SP.POP.AG17.FE.IN,100.5,101,104,113,123
Nauru,NRU,"Age population, age 17, male",SP.POP.AG17.MA.IN,104.5,110.5,120,132,141.5
Nepal,NPL,"Age population, age 24, male",SP.POP.AG24.MA.IN,271417.5,274267.5,270671.5,267308.5,264161
Nepal,NPL,"Age population, age 24, female",SP.POP.AG24.FE.IN,300975.5,302261,300188.5,297937,294479
Nepal,NPL,"Age population, age 23, male",SP.POP.AG23.MA.IN,278371,282647.5,278385,273475.5,270417.5
Nepal,NPL,"Age population, age 23, female",SP.POP.AG23.FE.IN,304547,306608.5,303933,299591,295028
Nepal,NPL,"Age population, age 22, female",SP.POP.AG22.FE.IN,308889.5,310356,305421,299825.5,295944.5
Nepal,NPL,"Age population, age 22, male",SP.POP.AG22.MA.IN,286740,290299.5,284225,279179.5,277791.5
Nepal,NPL,"Age population, age 21, male",SP.POP.AG21.MA.IN,294304,295842.5,289387.5,285826,284758
Nepal,NPL,"Age population, age 21, female",SP.POP.AG21.FE.IN,312593.5,311724,305378.5,300337,296114
Nepal,NPL,"Age population, age 20, male",SP.POP.AG20.MA.IN,299665,300442,295340,292027,289165
Nepal,NPL,"Age population, age 20, female",SP.POP.AG20.FE.IN,313870,311419.5,305532,300083,295255.5
Nepal,NPL,"Age population, age 19, male",SP.POP.AG19.MA.IN,303986.5,305554.5,300697,295651,289849.5
Nepal,NPL,"Age population, age 19, female",SP.POP.AG19.FE.IN,313421.5,311159.5,304840,298796,292854.5
Nepal,NPL,"Age population, age 18, female",SP.POP.AG18.FE.IN,312968,309905,303000.5,295893.5,290805.5
Nepal,NPL,"Age population, age 18, male",SP.POP.AG18.MA.IN,308729,309804,303266.5,295412,291138
Nepal,NPL,"Age population, age 13, female",SP.POP.AG13.FE.IN,294983.5,288683.5,283425,278451,275349
Nepal,NPL,"Age population, age 13, male",SP.POP.AG13.MA.IN,304555,301231,298930.5,295956.5,293257.5
Nepal,NPL,"Age population, age 14, female",SP.POP.AG14.FE.IN,299661,294409,287214,282044,277260
Nepal,NPL,"Age population, age 14, male",SP.POP.AG14.MA.IN,306705,303660.5,298874.5,296582,293793.5
Nepal,NPL,"Age population, age 15, female",SP.POP.AG15.FE.IN,304065.5,298878.5,292328,285509,280837.5
Nepal,NPL,"Age population, age 15, male",SP.POP.AG15.MA.IN,309799.5,305433,300181,295933.5,294396
Nepal,NPL,"Age population, age 16, female",SP.POP.AG16.FE.IN,308682,303031.5,296064,290143,284111.5
Nepal,NPL,"Age population, age 16, male",SP.POP.AG16.MA.IN,313275.5,308069.5,300597.5,296355.5,293399
Nepal,NPL,"Age population, age 17, female",SP.POP.AG17.FE.IN,311476.5,307376.5,299427.5,293243,288308
Nepal,NPL,"Age population, age 17, male",SP.POP.AG17.MA.IN,312531.5,311044,301758,295589.5,293015.5
Netherlands,NLD,"Age population, age 24, male",SP.POP.AG24.MA.IN,114229.5,118634.5,123910.5,126869,126917
Netherlands,NLD,"Age population, age 24, female",SP.POP.AG24.FE.IN,111260.5,116009.5,120698.5,123741.5,123424.5
Netherlands,NLD,"Age population, age 23, male",SP.POP.AG23.MA.IN,115442.5,120346,124163.5,124433.5,122673.5
Netherlands,NLD,"Age population, age 23, female",SP.POP.AG23.FE.IN,112621,116917,120907.5,120860.5,118614.5
Netherlands,NLD,"Age population, age 22, female",SP.POP.AG22.FE.IN,113525,117121,117809,115605,115890.5
Netherlands,NLD,"Age population, age 22, male",SP.POP.AG22.MA.IN,117178,120626,121527,119750.5,120151.5
Netherlands,NLD,"Age population, age 21, male",SP.POP.AG21.MA.IN,117538,118077,116716.5,116890.5,116693.5
Netherlands,NLD,"Age population, age 21, female",SP.POP.AG21.FE.IN,113786,114086,112414.5,112538,112725.5
Netherlands,NLD,"Age population, age 20, male",SP.POP.AG20.MA.IN,115138.5,113432.5,113876,113325.5,111680
Netherlands,NLD,"Age population, age 20, female",SP.POP.AG20.FE.IN,110888,108841,109359,109264.5,107926
Netherlands,NLD,"Age population, age 19, male",SP.POP.AG19.MA.IN,110718,110843,110519,108518.5,107822.5
Netherlands,NLD,"Age population, age 19, female",SP.POP.AG19.FE.IN,105863,106033,106296,104679,103594.5
Netherlands,NLD,"Age population, age 18, female",SP.POP.AG18.FE.IN,103357,103310.5,102111,100869.5,100096
Netherlands,NLD,"Age population, age 18, male",SP.POP.AG18.MA.IN,108415.5,107807,106096,105168.5,104123
Netherlands,NLD,"Age population, age 13, female",SP.POP.AG13.FE.IN,93812,94755.5,95071,93893.5,91980.5
Netherlands,NLD,"Age population, age 13, male",SP.POP.AG13.MA.IN,98317.5,99697,99545,98424.5,96745.5
Netherlands,NLD,"Age population, age 14, female",SP.POP.AG14.FE.IN,93896,94547,95578.5,95637,94347.5
Netherlands,NLD,"Age population, age 14, male",SP.POP.AG14.MA.IN,98364.5,98975,100434.5,100069,98864
Netherlands,NLD,"Age population, age 15, female",SP.POP.AG15.FE.IN,95256.5,94963.5,95741.5,96312.5,96136.5
Netherlands,NLD,"Age population, age 15, male",SP.POP.AG15.MA.IN,100046,99313.5,100036.5,101107,100553
Netherlands,NLD,"Age population, age 16, female",SP.POP.AG16.FE.IN,97650.5,96721.5,96598,96772.5,97060
Netherlands,NLD,"Age population, age 16, male",SP.POP.AG16.MA.IN,102073,101354,100777,100989.5,101833.5
Netherlands,NLD,"Age population, age 17, female",SP.POP.AG17.FE.IN,101005,99540,98829,98086.5,98054.5
Netherlands,NLD,"Age population, age 17, male",SP.POP.AG17.MA.IN,105725.5,103772,103252.5,102166,102237.5
New Caledonia,NCL,"Age population, age 24, male",SP.POP.AG24.MA.IN,1921.5,1920,1955,2075.5,2170.5
New Caledonia,NCL,"Age population, age 24, female",SP.POP.AG24.FE.IN,1841,1884.5,1971.5,2091,2188.5
New Caledonia,NCL,"Age population, age 23, male",SP.POP.AG23.MA.IN,1924.5,1948.5,2070.5,2167,2141.5
New Caledonia,NCL,"Age population, age 23, female",SP.POP.AG23.FE.IN,1882,1962.5,2082.5,2180.5,2180.5
New Caledonia,NCL,"Age population, age 22, female",SP.POP.AG22.FE.IN,1966,2072.5,2171,2171.5,2172.5
New Caledonia,NCL,"Age population, age 22, male",SP.POP.AG22.MA.IN,1958.5,2064,2162.5,2139,2119.5
New Caledonia,NCL,"Age population, age 21, male",SP.POP.AG21.MA.IN,2078.5,2157,2135.5,2118,2167.5
New Caledonia,NCL,"Age population, age 21, female",SP.POP.AG21.FE.IN,2083.5,2162,2162.5,2163.5,2140.5
New Caledonia,NCL,"Age population, age 20, male",SP.POP.AG20.MA.IN,2174.5,2129.5,2114,2166,2172.5
New Caledonia,NCL,"Age population, age 20, female",SP.POP.AG20.FE.IN,2178.5,2153.5,2154.5,2131.5,2114
New Caledonia,NCL,"Age population, age 19, male",SP.POP.AG19.MA.IN,2147,2108,2161.5,2169,2151.5
New Caledonia,NCL,"Age population, age 19, female",SP.POP.AG19.FE.IN,2172.5,2146.5,2123,2105.5,2155.5
New Caledonia,NCL,"Age population, age 18, female",SP.POP.AG18.FE.IN,2164,2116,2098.5,2148.5,2146
New Caledonia,NCL,"Age population, age 18, male",SP.POP.AG18.MA.IN,2124,2156.5,2164.5,2147.5,2171.5
New Caledonia,NCL,"Age population, age 13, female",SP.POP.AG13.FE.IN,2086.5,2067.5,2078.5,2075.5,2053.5
New Caledonia,NCL,"Age population, age 13, male",SP.POP.AG13.MA.IN,2151.5,2124.5,2124.5,2113,2150
New Caledonia,NCL,"Age population, age 14, female",SP.POP.AG14.FE.IN,2133,2085.5,2069,2080,2077.5
New Caledonia,NCL,"Age population, age 14, male",SP.POP.AG14.MA.IN,2164,2147,2126,2126.5,2114.5
New Caledonia,NCL,"Age population, age 15, female",SP.POP.AG15.FE.IN,2139.5,2133,2087.5,2071,2081.5
New Caledonia,NCL,"Age population, age 15, male",SP.POP.AG15.MA.IN,2145,2160.5,2149.5,2128,2128
New Caledonia,NCL,"Age population, age 16, female",SP.POP.AG16.FE.IN,2098.5,2138,2137,2090.5,2073
New Caledonia,NCL,"Age population, age 16, male",SP.POP.AG16.MA.IN,2168,2139.5,2164,2152.5,2130
New Caledonia,NCL,"Age population, age 17, female",SP.POP.AG17.FE.IN,2128,2092.5,2143,2141,2094
New Caledonia,NCL,"Age population, age 17, male",SP.POP.AG17.MA.IN,2168,2160,2143,2167,2155.5
New Zealand,NZL,"Age population, age 24, male",SP.POP.AG24.MA.IN,35361.5,34573,34488.5,34832,34877.5
New Zealand,NZL,"Age population, age 24, female",SP.POP.AG24.FE.IN,32951,32267,32272.5,32736,33020.5
New Zealand,NZL,"Age population, age 23, male",SP.POP.AG23.MA.IN,34544.5,34106,34391.5,34394,34201.5
New Zealand,NZL,"Age population, age 23, female",SP.POP.AG23.FE.IN,32209,31839.5,32292.5,32578,32560.5
New Zealand,NZL,"Age population, age 22, female",SP.POP.AG22.FE.IN,31785,31864.5,32062,31966,32273
New Zealand,NZL,"Age population, age 22, male",SP.POP.AG22.MA.IN,34078.5,34016.5,33886,33575,33955
New Zealand,NZL,"Age population, age 21, male",SP.POP.AG21.MA.IN,33987.5,33517.5,33011.5,33210,33788.5
New Zealand,NZL,"Age population, age 21, female",SP.POP.AG21.FE.IN,31812,31642,31391,31551,32224
New Zealand,NZL,"Age population, age 20, male",SP.POP.AG20.MA.IN,33489,32656,32628,32992,33521
New Zealand,NZL,"Age population, age 20, female",SP.POP.AG20.FE.IN,31589.5,30983,30952.5,31441.5,32105.5
New Zealand,NZL,"Age population, age 19, male",SP.POP.AG19.MA.IN,32631.5,32300,32444,32764,33782.5
New Zealand,NZL,"Age population, age 19, female",SP.POP.AG19.FE.IN,30935,30573.5,30876.5,31360,32238.5
New Zealand,NZL,"Age population, age 18, female",SP.POP.AG18.FE.IN,30530,30536.5,30876,31615.5,32808
New Zealand,NZL,"Age population, age 18, male",SP.POP.AG18.MA.IN,32280.5,32155,32298.5,33151,34552.5
New Zealand,NZL,"Age population, age 13, female",SP.POP.AG13.FE.IN,32556,32765,33038.5,33063,32846.5
New Zealand,NZL,"Age population, age 13, male",SP.POP.AG13.MA.IN,34544,34903,34990,34747,34389.5
New Zealand,NZL,"Age population, age 14, female",SP.POP.AG14.FE.IN,31912.5,32563.5,32854,33115,33125
New Zealand,NZL,"Age population, age 14, male",SP.POP.AG14.MA.IN,33700.5,34547,34978,35067.5,34821.5
New Zealand,NZL,"Age population, age 15, female",SP.POP.AG15.FE.IN,30986,31924.5,32694,32958.5,33190.5
New Zealand,NZL,"Age population, age 15, male",SP.POP.AG15.MA.IN,32592.5,33707.5,34659,35080.5,35154
New Zealand,NZL,"Age population, age 16, female",SP.POP.AG16.FE.IN,30555,31006,32106.5,32855,33095.5
New Zealand,NZL,"Age population, age 16, male",SP.POP.AG16.MA.IN,32042,32600.5,33856,34810.5,35227
New Zealand,NZL,"Age population, age 17, female",SP.POP.AG17.FE.IN,30499,30582.5,31243.5,32361,33123.5
New Zealand,NZL,"Age population, age 17, male",SP.POP.AG17.MA.IN,32139,32053.5,32795.5,34096.5,35088
Nicaragua,NIC,"Age population, age 24, male",SP.POP.AG24.MA.IN,62046.5,62006.5,62151,62403,62307
Nicaragua,NIC,"Age population, age 24, female",SP.POP.AG24.FE.IN,60705,60600.5,60707,60958,60886.5
Nicaragua,NIC,"Age population, age 23, male",SP.POP.AG23.MA.IN,62282.5,62395,62633.5,62532.5,62129.5
Nicaragua,NIC,"Age population, age 23, female",SP.POP.AG23.FE.IN,60831,60906,61142,61062,60671
Nicaragua,NIC,"Age population, age 22, female",SP.POP.AG22.FE.IN,61135.5,61340,61239,60834.5,60940
Nicaragua,NIC,"Age population, age 22, male",SP.POP.AG22.MA.IN,62663,62871.5,62752,62340.5,62456.5
Nicaragua,NIC,"Age population, age 21, male",SP.POP.AG21.MA.IN,63127.5,62980.5,62547.5,62652,63368
Nicaragua,NIC,"Age population, age 21, female",SP.POP.AG21.FE.IN,61564.5,61432.5,61002,61089.5,61768.5
Nicaragua,NIC,"Age population, age 20, male",SP.POP.AG20.MA.IN,63220.5,62762.5,62847,63550.5,64569
Nicaragua,NIC,"Age population, age 20, female",SP.POP.AG20.FE.IN,61648.5,61189.5,61249.5,61908.5,62881
Nicaragua,NIC,"Age population, age 19, male",SP.POP.AG19.MA.IN,62981.5,63045,63733.5,64741,65447
Nicaragua,NIC,"Age population, age 19, female",SP.POP.AG19.FE.IN,61391,61425,62059.5,63014.5,63736.5
Nicaragua,NIC,"Age population, age 18, female",SP.POP.AG18.FE.IN,61608,62220.5,63156,63863.5,64246.5
Nicaragua,NIC,"Age population, age 18, male",SP.POP.AG18.MA.IN,63241,63911,64908,65606,65976.5
Nicaragua,NIC,"Age population, age 13, female",SP.POP.AG13.FE.IN,65105,65423,65746.5,65908,65939
Nicaragua,NIC,"Age population, age 13, male",SP.POP.AG13.MA.IN,66913.5,67277.5,67639,67830.5,67882.5
Nicaragua,NIC,"Age population, age 14, female",SP.POP.AG14.FE.IN,64656.5,65041,65365.5,65689,65851
Nicaragua,NIC,"Age population, age 14, male",SP.POP.AG14.MA.IN,66418,66851.5,67223.5,67584,67771.5
Nicaragua,NIC,"Age population, age 15, female",SP.POP.AG15.FE.IN,64222.5,64571,64964.5,65294,65622.5
Nicaragua,NIC,"Age population, age 15, male",SP.POP.AG15.MA.IN,65988,66334.5,66778.5,67153,67512.5
Nicaragua,NIC,"Age population, age 16, female",SP.POP.AG16.FE.IN,63434,64112.5,64472.5,64874,65211.5
Nicaragua,NIC,"Age population, age 16, male",SP.POP.AG16.MA.IN,65201,65878,66237,66684,67060
Nicaragua,NIC,"Age population, age 17, female",SP.POP.AG17.FE.IN,62381,63298,63991,64362.5,64774
Nicaragua,NIC,"Age population, age 17, male",SP.POP.AG17.MA.IN,64079.5,65061.5,65752,66116.5,66567.5
Niger,NER,"Age population, age 24, male",SP.POP.AG24.MA.IN,200461,210323.5,220447,230334,240294
Niger,NER,"Age population, age 24, female",SP.POP.AG24.FE.IN,192481.5,202072.5,212124.5,221902,231500.5
Niger,NER,"Age population, age 23, male",SP.POP.AG23.MA.IN,210953.5,221025.5,231030,241148,251401
Niger,NER,"Age population, age 23, female",SP.POP.AG23.FE.IN,202654.5,212661,222557,232310,242058.5
Niger,NER,"Age population, age 22, female",SP.POP.AG22.FE.IN,213253,223101,233030,242991,253021
Niger,NER,"Age population, age 22, male",SP.POP.AG22.MA.IN,221684,231635.5,241932,252404,262876
Niger,NER,"Age population, age 21, male",SP.POP.AG21.MA.IN,232299,242543,253248,263991.5,274669
Niger,NER,"Age population, age 21, female",SP.POP.AG21.FE.IN,223698.5,233579.5,243766.5,254058.5,264524
Niger,NER,"Age population, age 20, male",SP.POP.AG20.MA.IN,243189,253844.5,264847.5,275821,286800.5
Niger,NER,"Age population, age 20, female",SP.POP.AG20.FE.IN,234178.5,244319,254863.5,265614.5,276446.5
Niger,NER,"Age population, age 19, male",SP.POP.AG19.MA.IN,254453,265411,276635.5,287899,299025.5
Niger,NER,"Age population, age 19, female",SP.POP.AG19.FE.IN,244914,255414.5,266410,277516.5,288344
Niger,NER,"Age population, age 18, female",SP.POP.AG18.FE.IN,255999.5,266955.5,278267,289325,300245.5
Niger,NER,"Age population, age 18, male",SP.POP.AG18.MA.IN,265975,277159.5,288633,299997.5,311301.5
Niger,NER,"Age population, age 13, female",SP.POP.AG13.FE.IN,314349,325573,336778,347525,357875
Niger,NER,"Age population, age 13, male",SP.POP.AG13.MA.IN,325648,337447.5,349172,360245,370761.5
Niger,NER,"Age population, age 14, female",SP.POP.AG14.FE.IN,302682,313892.5,325127.5,336318.5,347041.5
Niger,NER,"Age population, age 14, male",SP.POP.AG14.MA.IN,313534.5,325234,337042,348751.5,359800
Niger,NER,"Age population, age 15, female",SP.POP.AG15.FE.IN,291040.5,302196,313423,324636.5,335795.5
Niger,NER,"Age population, age 15, male",SP.POP.AG15.MA.IN,301552.5,313100.5,324814,336599,348275.5
Niger,NER,"Age population, age 16, female",SP.POP.AG16.FE.IN,279347,290524.5,301701.5,312884,324041
Niger,NER,"Age population, age 16, male",SP.POP.AG16.MA.IN,289607,301096,312663.5,324331,336058.5
Niger,NER,"Age population, age 17, female",SP.POP.AG17.FE.IN,267523.5,278801.5,290007,301095.5,312174
Niger,NER,"Age population, age 17, male",SP.POP.AG17.MA.IN,277681,289121,300636.5,312113.5,323674
Nigeria,NGA,"Age population, age 24, male",SP.POP.AG24.MA.IN,1842367.5,1889030,1951213.5,2038364.5,2133525.5
Nigeria,NGA,"Age population, age 24, female",SP.POP.AG24.FE.IN,1779929.5,1824580.5,1884439,1967938.5,2058599.5
Nigeria,NGA,"Age population, age 23, male",SP.POP.AG23.MA.IN,1902997,1965147.5,2048358.5,2139381.5,2231680.5
Nigeria,NGA,"Age population, age 23, female",SP.POP.AG23.FE.IN,1836504,1896333.5,1976835,2064248.5,2152483.5
Nigeria,NGA,"Age population, age 22, female",SP.POP.AG22.FE.IN,1908473,1989001,2069550,2150567.5,2242669.5
Nigeria,NGA,"Age population, age 22, male",SP.POP.AG22.MA.IN,1979456,2062717.5,2145900,2230051.5,2327084
Nigeria,NGA,"Age population, age 21, male",SP.POP.AG21.MA.IN,2077210,2160420.5,2233199.5,2318570.5,2416728
Nigeria,NGA,"Age population, age 21, female",SP.POP.AG21.FE.IN,2001485,2082041.5,2152687,2234065,2326835
Nigeria,NGA,"Age population, age 20, male",SP.POP.AG20.MA.IN,2174758.5,2247498.5,2319587.5,2404144,2501565
Nigeria,NGA,"Age population, age 20, female",SP.POP.AG20.FE.IN,2094851.5,2165453.5,2234521,2314608,2407203
Nigeria,NGA,"Age population, age 19, male",SP.POP.AG19.MA.IN,2261301,2333350.5,2404914.5,2489037,2583453
Nigeria,NGA,"Age population, age 19, female",SP.POP.AG19.FE.IN,2178434,2247457.5,2315444,2395594.5,2484940.5
Nigeria,NGA,"Age population, age 18, female",SP.POP.AG18.FE.IN,2260395,2328341.5,2398465,2477486.5,2557177.5
Nigeria,NGA,"Age population, age 18, male",SP.POP.AG18.MA.IN,2346367,2417896,2491232.5,2574598.5,2657776
Nigeria,NGA,"Age population, age 13, female",SP.POP.AG13.FE.IN,2669106.5,2741015,2806732,2872568.5,2926923
Nigeria,NGA,"Age population, age 13, male",SP.POP.AG13.MA.IN,2766247.5,2842341.5,2909626.5,2975530.5,3030164
Nigeria,NGA,"Age population, age 14, female",SP.POP.AG14.FE.IN,2585915.5,2658628.5,2730522.5,2796117,2861851
Nigeria,NGA,"Age population, age 14, male",SP.POP.AG14.MA.IN,2681568,2756845,2832917,2900277,2966271.5
Nigeria,NGA,"Age population, age 15, female",SP.POP.AG15.FE.IN,2506492,2575176,2647882.5,2719995.5,2785868.5
Nigeria,NGA,"Age population, age 15, male",SP.POP.AG15.MA.IN,2600643.5,2671865.5,2747132.5,2823620,2891448.5
Nigeria,NGA,"Age population, age 16, female",SP.POP.AG16.FE.IN,2423076,2495147,2563848,2637964.5,2711567
Nigeria,NGA,"Age population, age 16, male",SP.POP.AG16.MA.IN,2514464,2590308,2661543.5,2738483,2816699
Nigeria,NGA,"Age population, age 17, female",SP.POP.AG17.FE.IN,2340945.5,2411048,2483126.5,2555626.5,2633671
Nigeria,NGA,"Age population, age 17, male",SP.POP.AG17.MA.IN,2429988,2503304,2579151,2654581.5,2735825.5
North America,NAC,"Age population, age 24, male",SP.POP.AG24.MA.IN,..,..,..,..,..
North America,NAC,"Age population, age 24, female",SP.POP.AG24.FE.IN,..,..,..,..,..
North America,NAC,"Age population, age 23, male",SP.POP.AG23.MA.IN,..,..,..,..,..
North America,NAC,"Age population, age 23, female",SP.POP.AG23.FE.IN,..,..,..,..,..
North America,NAC,"Age population, age 22, female",SP.POP.AG22.FE.IN,..,..,..,..,..
North America,NAC,"Age population, age 22, male",SP.POP.AG22.MA.IN,..,..,..,..,..
North America,NAC,"Age population, age 21, male",SP.POP.AG21.MA.IN,..,..,..,..,..
North America,NAC,"Age population, age 21, female",SP.POP.AG21.FE.IN,..,..,..,..,..
North America,NAC,"Age population, age 20, male",SP.POP.AG20.MA.IN,..,..,..,..,..
North America,NAC,"Age population, age 20, female",SP.POP.AG20.FE.IN,..,..,..,..,..
North America,NAC,"Age population, age 19, male",SP.POP.AG19.MA.IN,..,..,..,..,..
North America,NAC,"Age population, age 19, female",SP.POP.AG19.FE.IN,..,..,..,..,..
North America,NAC,"Age population, age 18, female",SP.POP.AG18.FE.IN,..,..,..,..,..
North America,NAC,"Age population, age 18, male",SP.POP.AG18.MA.IN,..,..,..,..,..
North America,NAC,"Age population, age 13, female",SP.POP.AG13.FE.IN,..,..,..,..,..
North America,NAC,"Age population, age 13, male",SP.POP.AG13.MA.IN,..,..,..,..,..
North America,NAC,"Age population, age 14, female",SP.POP.AG14.FE.IN,..,..,..,..,..
North America,NAC,"Age population, age 14, male",SP.POP.AG14.MA.IN,..,..,..,..,..
North America,NAC,"Age population, age 15, female",SP.POP.AG15.FE.IN,..,..,..,..,..
North America,NAC,"Age population, age 15, male",SP.POP.AG15.MA.IN,..,..,..,..,..
North America,NAC,"Age population, age 16, female",SP.POP.AG16.FE.IN,..,..,..,..,..
North America,NAC,"Age population, age 16, male",SP.POP.AG16.MA.IN,..,..,..,..,..
North America,NAC,"Age population, age 17, female",SP.POP.AG17.FE.IN,..,..,..,..,..
North America,NAC,"Age population, age 17, male",SP.POP.AG17.MA.IN,..,..,..,..,..
North Macedonia,MKD,"Age population, age 24, male",SP.POP.AG24.MA.IN,11442.5,10916.5,10738.5,10826.5,10673
North Macedonia,MKD,"Age population, age 24, female",SP.POP.AG24.FE.IN,11147,10717.5,10539.5,10634,10492.5
North Macedonia,MKD,"Age population, age 23, male",SP.POP.AG23.MA.IN,11032,10853,10940,10783,10623.5
North Macedonia,MKD,"Age population, age 23, female",SP.POP.AG23.FE.IN,10833,10655.5,10750,10605,10397.5
North Macedonia,MKD,"Age population, age 22, female",SP.POP.AG22.FE.IN,10773,10866.5,10720.5,10509.5,10290
North Macedonia,MKD,"Age population, age 22, male",SP.POP.AG22.MA.IN,10968,11053.5,10896,10733.5,10498.5
North Macedonia,MKD,"Age population, age 21, male",SP.POP.AG21.MA.IN,11164.5,11006.5,10843.5,10606,10203
North Macedonia,MKD,"Age population, age 21, female",SP.POP.AG21.FE.IN,10981.5,10836,10623,10398.5,10025.5
North Macedonia,MKD,"Age population, age 20, male",SP.POP.AG20.MA.IN,11112,10950,10712,10304.5,10096
North Macedonia,MKD,"Age population, age 20, female",SP.POP.AG20.FE.IN,10945.5,10733.5,10508,10130,9880
North Macedonia,MKD,"Age population, age 19, male",SP.POP.AG19.MA.IN,11046.5,10809.5,10401.5,10188.5,10122.5
North Macedonia,MKD,"Age population, age 19, female",SP.POP.AG19.FE.IN,10836,10611,10230.5,9974.5,9874.5
North Macedonia,MKD,"Age population, age 18, female",SP.POP.AG18.FE.IN,10704,10323.5,10062.5,9955,9958
North Macedonia,MKD,"Age population, age 18, male",SP.POP.AG18.MA.IN,10895,10488,10272.5,10201,10231
North Macedonia,MKD,"Age population, age 13, female",SP.POP.AG13.FE.IN,10314.5,10655,10841,10676,10578
North Macedonia,MKD,"Age population, age 13, male",SP.POP.AG13.MA.IN,10618,11027,11152.5,10963,10992.5
North Macedonia,MKD,"Age population, age 14, female",SP.POP.AG14.FE.IN,10165.5,10288.5,10628,10814,10651
North Macedonia,MKD,"Age population, age 14, male",SP.POP.AG14.MA.IN,10425,10593,11002,11127.5,10938.5
North Macedonia,MKD,"Age population, age 15, female",SP.POP.AG15.FE.IN,10145,10129,10251,10595.5,10788
North Macedonia,MKD,"Age population, age 15, male",SP.POP.AG15.MA.IN,10375,10390.5,10558.5,10972,11102.5
North Macedonia,MKD,"Age population, age 16, female",SP.POP.AG16.FE.IN,10207.5,10093.5,10077.5,10208.5,10564
North Macedonia,MKD,"Age population, age 16, male",SP.POP.AG16.MA.IN,10405.5,10328,10343.5,10519,10941
North Macedonia,MKD,"Age population, age 17, female",SP.POP.AG17.FE.IN,10403.5,10142.5,10027.5,10021,10164
North Macedonia,MKD,"Age population, age 17, male",SP.POP.AG17.MA.IN,10561.5,10346,10269,10292,10476
Northern Mariana Islands,MNP,"Age population, age 24, male",SP.POP.AG24.MA.IN,278.5,255.5,243,243,253
Northern Mariana Islands,MNP,"Age population, age 24, female",SP.POP.AG24.FE.IN,240.5,218.5,202,202.5,215
Northern Mariana Islands,MNP,"Age population, age 23, male",SP.POP.AG23.MA.IN,283,270,265.5,270.5,282
Northern Mariana Islands,MNP,"Age population, age 23, female",SP.POP.AG23.FE.IN,247,229.5,226,234,247.5
Northern Mariana Islands,MNP,"Age population, age 22, female",SP.POP.AG22.FE.IN,258,253.5,256.5,264.5,276.5
Northern Mariana Islands,MNP,"Age population, age 22, male",SP.POP.AG22.MA.IN,296.5,291.5,292,298,313.5
Northern Mariana Islands,MNP,"Age population, age 21, male",SP.POP.AG21.MA.IN,317.5,317.5,318,327.5,343.5
Northern Mariana Islands,MNP,"Age population, age 21, female",SP.POP.AG21.FE.IN,281.5,284,286,291.5,306
Northern Mariana Islands,MNP,"Age population, age 20, male",SP.POP.AG20.MA.IN,342,342,346,356,366
Northern Mariana Islands,MNP,"Age population, age 20, female",SP.POP.AG20.FE.IN,310.5,312,311.5,319,330.5
Northern Mariana Islands,MNP,"Age population, age 19, male",SP.POP.AG19.MA.IN,365,368.5,372.5,376.5,386
Northern Mariana Islands,MNP,"Age population, age 19, female",SP.POP.AG19.FE.IN,337.5,336.5,337,342,350
Northern Mariana Islands,MNP,"Age population, age 18, female",SP.POP.AG18.FE.IN,358.5,359.5,359,360,365
Northern Mariana Islands,MNP,"Age population, age 18, male",SP.POP.AG18.MA.IN,389,392.5,391.5,395.5,404
Northern Mariana Islands,MNP,"Age population, age 13, female",SP.POP.AG13.FE.IN,403,395,385,370,351
Northern Mariana Islands,MNP,"Age population, age 13, male",SP.POP.AG13.MA.IN,442,431.5,415.5,399,381.5
Northern Mariana Islands,MNP,"Age population, age 14, female",SP.POP.AG14.FE.IN,405.5,397,389,379.5,365.5
Northern Mariana Islands,MNP,"Age population, age 14, male",SP.POP.AG14.MA.IN,440.5,436.5,426.5,411,395.5
Northern Mariana Islands,MNP,"Age population, age 15, female",SP.POP.AG15.FE.IN,401.5,396.5,388,382.5,375.5
Northern Mariana Islands,MNP,"Age population, age 15, male",SP.POP.AG15.MA.IN,433,432.5,428.5,420,406.5
Northern Mariana Islands,MNP,"Age population, age 16, female",SP.POP.AG16.FE.IN,394,389.5,384,379,377.5
Northern Mariana Islands,MNP,"Age population, age 16, male",SP.POP.AG16.MA.IN,423,422,421.5,420.5,415.5
Northern Mariana Islands,MNP,"Age population, age 17, female",SP.POP.AG17.FE.IN,378.5,378,374,373.5,373
Northern Mariana Islands,MNP,"Age population, age 17, male",SP.POP.AG17.MA.IN,411,409,407.5,411,415
Norway,NOR,"Age population, age 24, male",SP.POP.AG24.MA.IN,36089,35614.5,35984,36905.5,36677.5
Norway,NOR,"Age population, age 24, female",SP.POP.AG24.FE.IN,33799.5,33425.5,33777.5,34557.5,34676.5
Norway,NOR,"Age population, age 23, male",SP.POP.AG23.MA.IN,34981.5,35128.5,35922.5,35873,35372
Norway,NOR,"Age population, age 23, female",SP.POP.AG23.FE.IN,32669,32782,33533,33855,33934.5
Norway,NOR,"Age population, age 22, female",SP.POP.AG22.FE.IN,32233.5,32622,32771.5,32982,33910
Norway,NOR,"Age population, age 22, male",SP.POP.AG22.MA.IN,34611,35103.5,34829.5,34434.5,35156
Norway,NOR,"Age population, age 21, male",SP.POP.AG21.MA.IN,34785,34059,33358,34119,35546.5
Norway,NOR,"Age population, age 21, female",SP.POP.AG21.FE.IN,32192,31944,31866,32858,34046
Norway,NOR,"Age population, age 20, male",SP.POP.AG20.MA.IN,33721.5,32659,33061.5,34481.5,35334.5
Norway,NOR,"Age population, age 20, female",SP.POP.AG20.FE.IN,31583.5,31095,31756.5,32965.5,33815.5
Norway,NOR,"Age population, age 19, male",SP.POP.AG19.MA.IN,32388.5,32423.5,33503.5,34337.5,35220.5
Norway,NOR,"Age population, age 19, female",SP.POP.AG19.FE.IN,30783,31037,31939.5,32803.5,33675.5
Norway,NOR,"Age population, age 18, female",SP.POP.AG18.FE.IN,30765.5,31292,31912,32826,33403
Norway,NOR,"Age population, age 18, male",SP.POP.AG18.MA.IN,32216,32968.5,33493,34382.5,35134
Norway,NOR,"Age population, age 13, female",SP.POP.AG13.FE.IN,31799,32617.5,32915,32304,31805
Norway,NOR,"Age population, age 13, male",SP.POP.AG13.MA.IN,33614.5,34580.5,34693.5,34081,33605.5
Norway,NOR,"Age population, age 14, female",SP.POP.AG14.FE.IN,31528.5,32039.5,32935.5,33122,32450.5
Norway,NOR,"Age population, age 14, male",SP.POP.AG14.MA.IN,33211.5,33972.5,34975,34888,34226
Norway,NOR,"Age population, age 15, female",SP.POP.AG15.FE.IN,31315.5,31807.5,32425,33202,33281.5
Norway,NOR,"Age population, age 15, male",SP.POP.AG15.MA.IN,32855.5,33558.5,34392.5,35222.5,35046.5
Norway,NOR,"Age population, age 16, female",SP.POP.AG16.FE.IN,31021.5,31593.5,32248,32796.5,33439
Norway,NOR,"Age population, age 16, male",SP.POP.AG16.MA.IN,32565,33188,34020.5,34736.5,35456.5
Norway,NOR,"Age population, age 17, female",SP.POP.AG17.FE.IN,30950,31289,32111,32776,33198.5
Norway,NOR,"Age population, age 17, male",SP.POP.AG17.MA.IN,32609.5,32893.5,33709.5,34514,35134
Not classified,INX,"Age population, age 24, male",SP.POP.AG24.MA.IN,..,..,..,..,..
Not classified,INX,"Age population, age 24, female",SP.POP.AG24.FE.IN,..,..,..,..,..
Not classified,INX,"Age population, age 23, male",SP.POP.AG23.MA.IN,..,..,..,..,..
Not classified,INX,"Age population, age 23, female",SP.POP.AG23.FE.IN,..,..,..,..,..
Not classified,INX,"Age population, age 22, female",SP.POP.AG22.FE.IN,..,..,..,..,..
Not classified,INX,"Age population, age 22, male",SP.POP.AG22.MA.IN,..,..,..,..,..
Not classified,INX,"Age population, age 21, male",SP.POP.AG21.MA.IN,..,..,..,..,..
Not classified,INX,"Age population, age 21, female",SP.POP.AG21.FE.IN,..,..,..,..,..
Not classified,INX,"Age population, age 20, male",SP.POP.AG20.MA.IN,..,..,..,..,..
Not classified,INX,"Age population, age 20, female",SP.POP.AG20.FE.IN,..,..,..,..,..
Not classified,INX,"Age population, age 19, male",SP.POP.AG19.MA.IN,..,..,..,..,..
Not classified,INX,"Age population, age 19, female",SP.POP.AG19.FE.IN,..,..,..,..,..
Not classified,INX,"Age population, age 18, female",SP.POP.AG18.FE.IN,..,..,..,..,..
Not classified,INX,"Age population, age 18, male",SP.POP.AG18.MA.IN,..,..,..,..,..
Not classified,INX,"Age population, age 13, female",SP.POP.AG13.FE.IN,..,..,..,..,..
Not classified,INX,"Age population, age 13, male",SP.POP.AG13.MA.IN,..,..,..,..,..
Not classified,INX,"Age population, age 14, female",SP.POP.AG14.FE.IN,..,..,..,..,..
Not classified,INX,"Age population, age 14, male",SP.POP.AG14.MA.IN,..,..,..,..,..
Not classified,INX,"Age population, age 15, female",SP.POP.AG15.FE.IN,..,..,..,..,..
Not classified,INX,"Age population, age 15, male",SP.POP.AG15.MA.IN,..,..,..,..,..
Not classified,INX,"Age population, age 16, female",SP.POP.AG16.FE.IN,..,..,..,..,..
Not classified,INX,"Age population, age 16, male",SP.POP.AG16.MA.IN,..,..,..,..,..
Not classified,INX,"Age population, age 17, female",SP.POP.AG17.FE.IN,..,..,..,..,..
Not classified,INX,"Age population, age 17, male",SP.POP.AG17.MA.IN,..,..,..,..,..
OECD members,OED,"Age population, age 24, male",SP.POP.AG24.MA.IN,..,..,..,..,..
OECD members,OED,"Age population, age 24, female",SP.POP.AG24.FE.IN,..,..,..,..,..
OECD members,OED,"Age population, age 23, male",SP.POP.AG23.MA.IN,..,..,..,..,..
OECD members,OED,"Age population, age 23, female",SP.POP.AG23.FE.IN,..,..,..,..,..
OECD members,OED,"Age population, age 22, female",SP.POP.AG22.FE.IN,..,..,..,..,..
OECD members,OED,"Age population, age 22, male",SP.POP.AG22.MA.IN,..,..,..,..,..
OECD members,OED,"Age population, age 21, male",SP.POP.AG21.MA.IN,..,..,..,..,..
OECD members,OED,"Age population, age 21, female",SP.POP.AG21.FE.IN,..,..,..,..,..
OECD members,OED,"Age population, age 20, male",SP.POP.AG20.MA.IN,..,..,..,..,..
OECD members,OED,"Age population, age 20, female",SP.POP.AG20.FE.IN,..,..,..,..,..
OECD members,OED,"Age population, age 19, male",SP.POP.AG19.MA.IN,..,..,..,..,..
OECD members,OED,"Age population, age 19, female",SP.POP.AG19.FE.IN,..,..,..,..,..
OECD members,OED,"Age population, age 18, female",SP.POP.AG18.FE.IN,..,..,..,..,..
OECD members,OED,"Age population, age 18, male",SP.POP.AG18.MA.IN,..,..,..,..,..
OECD members,OED,"Age population, age 13, female",SP.POP.AG13.FE.IN,..,..,..,..,..
OECD members,OED,"Age population, age 13, male",SP.POP.AG13.MA.IN,..,..,..,..,..
OECD members,OED,"Age population, age 14, female",SP.POP.AG14.FE.IN,..,..,..,..,..
OECD members,OED,"Age population, age 14, male",SP.POP.AG14.MA.IN,..,..,..,..,..
OECD members,OED,"Age population, age 15, female",SP.POP.AG15.FE.IN,..,..,..,..,..
OECD members,OED,"Age population, age 15, male",SP.POP.AG15.MA.IN,..,..,..,..,..
OECD members,OED,"Age population, age 16, female",SP.POP.AG16.FE.IN,..,..,..,..,..
OECD members,OED,"Age population, age 16, male",SP.POP.AG16.MA.IN,..,..,..,..,..
OECD members,OED,"Age population, age 17, female",SP.POP.AG17.FE.IN,..,..,..,..,..
OECD members,OED,"Age population, age 17, male",SP.POP.AG17.MA.IN,..,..,..,..,..
Oman,OMN,"Age population, age 24, male",SP.POP.AG24.MA.IN,51103.5,55405,65075,71316,74131.5
Oman,OMN,"Age population, age 24, female",SP.POP.AG24.FE.IN,27592.5,28016.5,30395,31840,32436.5
Oman,OMN,"Age population, age 23, male",SP.POP.AG23.MA.IN,42056,50185.5,65936.5,74392,77355.5
Oman,OMN,"Age population, age 23, female",SP.POP.AG23.FE.IN,25958.5,26814.5,30214,32499.5,33264.5
Oman,OMN,"Age population, age 22, female",SP.POP.AG22.FE.IN,24672.5,26411,28739.5,29620.5,30523.5
Oman,OMN,"Age population, age 22, male",SP.POP.AG22.MA.IN,34039,43477.5,55120,58942,61314
Oman,OMN,"Age population, age 21, male",SP.POP.AG21.MA.IN,28416.5,33941.5,38781.5,39925.5,41496.5
Oman,OMN,"Age population, age 21, female",SP.POP.AG21.FE.IN,23995.5,24839.5,26569,27927.5,28578.5
Oman,OMN,"Age population, age 20, male",SP.POP.AG20.MA.IN,24692,25199,26071.5,26820.5,27727.5
Oman,OMN,"Age population, age 20, female",SP.POP.AG20.FE.IN,23479.5,24076,25343.5,26135.5,26883.5
Oman,OMN,"Age population, age 19, male",SP.POP.AG19.MA.IN,24608,24993,25950.5,26961.5,28026
Oman,OMN,"Age population, age 19, female",SP.POP.AG19.FE.IN,23811,24461.5,25394,26389.5,27437
Oman,OMN,"Age population, age 18, female",SP.POP.AG18.FE.IN,24411,25076,25994.5,27003,28326
Oman,OMN,"Age population, age 18, male",SP.POP.AG18.MA.IN,25180,26048,27171,28300,29687.5
Oman,OMN,"Age population, age 13, female",SP.POP.AG13.FE.IN,30619,33202,35451,36574.5,38324
Oman,OMN,"Age population, age 13, male",SP.POP.AG13.MA.IN,32065,34632.5,36601,37809.5,39863
Oman,OMN,"Age population, age 14, female",SP.POP.AG14.FE.IN,28527,30361.5,33410,35664,36637.5
Oman,OMN,"Age population, age 14, male",SP.POP.AG14.MA.IN,29596,31723.5,34886,36795.5,37788.5
Oman,OMN,"Age population, age 15, female",SP.POP.AG15.FE.IN,26890,28139.5,30298,33278.5,35415
Oman,OMN,"Age population, age 15, male",SP.POP.AG15.MA.IN,28097,29372,31821.5,34957,36792.5
Oman,OMN,"Age population, age 16, female",SP.POP.AG16.FE.IN,25823,26578.5,28148,30454,33458.5
Oman,OMN,"Age population, age 16, male",SP.POP.AG16.MA.IN,26885.5,27838,29469.5,31952.5,34981
Oman,OMN,"Age population, age 17, female",SP.POP.AG17.FE.IN,25117.5,25760.5,26744.5,28200,30266
Oman,OMN,"Age population, age 17, male",SP.POP.AG17.MA.IN,26194,26970.5,28097.5,29594.5,31795
Other small states,OSS,"Age population, age 24, male",SP.POP.AG24.MA.IN,..,..,..,..,..
Other small states,OSS,"Age population, age 24, female",SP.POP.AG24.FE.IN,..,..,..,..,..
Other small states,OSS,"Age population, age 23, male",SP.POP.AG23.MA.IN,..,..,..,..,..
Other small states,OSS,"Age population, age 23, female",SP.POP.AG23.FE.IN,..,..,..,..,..
Other small states,OSS,"Age population, age 22, female",SP.POP.AG22.FE.IN,..,..,..,..,..
Other small states,OSS,"Age population, age 22, male",SP.POP.AG22.MA.IN,..,..,..,..,..
Other small states,OSS,"Age population, age 21, male",SP.POP.AG21.MA.IN,..,..,..,..,..
Other small states,OSS,"Age population, age 21, female",SP.POP.AG21.FE.IN,..,..,..,..,..
Other small states,OSS,"Age population, age 20, male",SP.POP.AG20.MA.IN,..,..,..,..,..
Other small states,OSS,"Age population, age 20, female",SP.POP.AG20.FE.IN,..,..,..,..,..
Other small states,OSS,"Age population, age 19, male",SP.POP.AG19.MA.IN,..,..,..,..,..
Other small states,OSS,"Age population, age 19, female",SP.POP.AG19.FE.IN,..,..,..,..,..
Other small states,OSS,"Age population, age 18, female",SP.POP.AG18.FE.IN,..,..,..,..,..
Other small states,OSS,"Age population, age 18, male",SP.POP.AG18.MA.IN,..,..,..,..,..
Other small states,OSS,"Age population, age 13, female",SP.POP.AG13.FE.IN,..,..,..,..,..
Other small states,OSS,"Age population, age 13, male",SP.POP.AG13.MA.IN,..,..,..,..,..
Other small states,OSS,"Age population, age 14, female",SP.POP.AG14.FE.IN,..,..,..,..,..
Other small states,OSS,"Age population, age 14, male",SP.POP.AG14.MA.IN,..,..,..,..,..
Other small states,OSS,"Age population, age 15, female",SP.POP.AG15.FE.IN,..,..,..,..,..
Other small states,OSS,"Age population, age 15, male",SP.POP.AG15.MA.IN,..,..,..,..,..
Other small states,OSS,"Age population, age 16, female",SP.POP.AG16.FE.IN,..,..,..,..,..
Other small states,OSS,"Age population, age 16, male",SP.POP.AG16.MA.IN,..,..,..,..,..
Other small states,OSS,"Age population, age 17, female",SP.POP.AG17.FE.IN,..,..,..,..,..
Other small states,OSS,"Age population, age 17, male",SP.POP.AG17.MA.IN,..,..,..,..,..
Pacific island small states,PSS,"Age population, age 24, male",SP.POP.AG24.MA.IN,..,..,..,..,..
Pacific island small states,PSS,"Age population, age 24, female",SP.POP.AG24.FE.IN,..,..,..,..,..
Pacific island small states,PSS,"Age population, age 23, male",SP.POP.AG23.MA.IN,..,..,..,..,..
Pacific island small states,PSS,"Age population, age 23, female",SP.POP.AG23.FE.IN,..,..,..,..,..
Pacific island small states,PSS,"Age population, age 22, female",SP.POP.AG22.FE.IN,..,..,..,..,..
Pacific island small states,PSS,"Age population, age 22, male",SP.POP.AG22.MA.IN,..,..,..,..,..
Pacific island small states,PSS,"Age population, age 21, male",SP.POP.AG21.MA.IN,..,..,..,..,..
Pacific island small states,PSS,"Age population, age 21, female",SP.POP.AG21.FE.IN,..,..,..,..,..
Pacific island small states,PSS,"Age population, age 20, male",SP.POP.AG20.MA.IN,..,..,..,..,..
Pacific island small states,PSS,"Age population, age 20, female",SP.POP.AG20.FE.IN,..,..,..,..,..
Pacific island small states,PSS,"Age population, age 19, male",SP.POP.AG19.MA.IN,..,..,..,..,..
Pacific island small states,PSS,"Age population, age 19, female",SP.POP.AG19.FE.IN,..,..,..,..,..
Pacific island small states,PSS,"Age population, age 18, female",SP.POP.AG18.FE.IN,..,..,..,..,..
Pacific island small states,PSS,"Age population, age 18, male",SP.POP.AG18.MA.IN,..,..,..,..,..
Pacific island small states,PSS,"Age population, age 13, female",SP.POP.AG13.FE.IN,..,..,..,..,..
Pacific island small states,PSS,"Age population, age 13, male",SP.POP.AG13.MA.IN,..,..,..,..,..
Pacific island small states,PSS,"Age population, age 14, female",SP.POP.AG14.FE.IN,..,..,..,..,..
Pacific island small states,PSS,"Age population, age 14, male",SP.POP.AG14.MA.IN,..,..,..,..,..
Pacific island small states,PSS,"Age population, age 15, female",SP.POP.AG15.FE.IN,..,..,..,..,..
Pacific island small states,PSS,"Age population, age 15, male",SP.POP.AG15.MA.IN,..,..,..,..,..
Pacific island small states,PSS,"Age population, age 16, female",SP.POP.AG16.FE.IN,..,..,..,..,..
Pacific island small states,PSS,"Age population, age 16, male",SP.POP.AG16.MA.IN,..,..,..,..,..
Pacific island small states,PSS,"Age population, age 17, female",SP.POP.AG17.FE.IN,..,..,..,..,..
Pacific island small states,PSS,"Age population, age 17, male",SP.POP.AG17.MA.IN,..,..,..,..,..
Pakistan,PAK,"Age population, age 24, male",SP.POP.AG24.MA.IN,2181726,2213348.5,2253296,2297098,2325444
Pakistan,PAK,"Age population, age 24, female",SP.POP.AG24.FE.IN,2032771.5,2078175,2135136,2191151.5,2225419.5
Pakistan,PAK,"Age population, age 23, male",SP.POP.AG23.MA.IN,2243488.5,2297812.5,2338173,2357385.5,2371560.5
Pakistan,PAK,"Age population, age 23, female",SP.POP.AG23.FE.IN,2093895.5,2158416.5,2216139.5,2248701,2269745.5
Pakistan,PAK,"Age population, age 22, female",SP.POP.AG22.FE.IN,2174146.5,2239443.5,2273227.5,2292212,2316108.5
Pakistan,PAK,"Age population, age 22, male",SP.POP.AG22.MA.IN,2327930,2382585,2397952.5,2402781,2418418.5
Pakistan,PAK,"Age population, age 21, male",SP.POP.AG21.MA.IN,2412106.5,2441351.5,2441992,2448244.5,2453180.5
Pakistan,PAK,"Age population, age 21, female",SP.POP.AG21.FE.IN,2254896.5,2296094,2315779.5,2337293.5,2346787.5
Pakistan,PAK,"Age population, age 20, male",SP.POP.AG20.MA.IN,2469566,2483364,2485301.5,2481059,2496705
Pakistan,PAK,"Age population, age 20, female",SP.POP.AG20.FE.IN,2310920,2337697.5,2359489.5,2366383,2380170.5
Pakistan,PAK,"Age population, age 19, male",SP.POP.AG19.MA.IN,2509539,2523611,2515081.5,2522041.5,2587862.5
Pakistan,PAK,"Age population, age 19, female",SP.POP.AG19.FE.IN,2351540,2379934,2386754.5,2397855,2465577
Pakistan,PAK,"Age population, age 18, female",SP.POP.AG18.FE.IN,2392462.5,2405203.5,2415847,2480830.5,2569021.5
Pakistan,PAK,"Age population, age 18, male",SP.POP.AG18.MA.IN,2547084,2549327,2552056,2609829.5,2698295.5
Pakistan,PAK,"Age population, age 13, female",SP.POP.AG13.FE.IN,2702916,2791679.5,2863524,2908878.5,2925292.5
Pakistan,PAK,"Age population, age 13, male",SP.POP.AG13.MA.IN,2861508.5,2944847,3009507.5,3048367.5,3058529
Pakistan,PAK,"Age population, age 14, female",SP.POP.AG14.FE.IN,2609737.5,2698610.5,2785718,2857198.5,2902948.5
Pakistan,PAK,"Age population, age 14, male",SP.POP.AG14.MA.IN,2764926.5,2854286.5,2934914,2999777.5,3039976.5
Pakistan,PAK,"Age population, age 15, female",SP.POP.AG15.FE.IN,2516683.5,2604031,2690511,2778151.5,2851123
Pakistan,PAK,"Age population, age 15, male",SP.POP.AG15.MA.IN,2672303.5,2755032.5,2840310,2922796.5,2991027.5
Pakistan,PAK,"Age population, age 16, female",SP.POP.AG16.FE.IN,2441028,2509316.5,2593387.5,2681039,2771081.5
Pakistan,PAK,"Age population, age 16, male",SP.POP.AG16.MA.IN,2598113,2659177.5,2736181.5,2824727.5,2912489.5
Pakistan,PAK,"Age population, age 17, female",SP.POP.AG17.FE.IN,2416132,2431875.5,2495952,2581284.5,2671779
Pakistan,PAK,"Age population, age 17, male",SP.POP.AG17.MA.IN,2569542.5,2581457.5,2635034.5,2716057,2811230.5
Palau,PLW,"Age population, age 24, male",SP.POP.AG24.MA.IN,108,94,88.5,88.5,93.5
Palau,PLW,"Age population, age 24, female",SP.POP.AG24.FE.IN,91,84,80,84.5,88
Palau,PLW,"Age population, age 23, male",SP.POP.AG23.MA.IN,96,90,89.5,94.5,103
Palau,PLW,"Age population, age 23, female",SP.POP.AG23.FE.IN,85.5,81.5,85,88.5,94.5
Palau,PLW,"Age population, age 22, female",SP.POP.AG22.FE.IN,82.5,86,89,95,99.5
Palau,PLW,"Age population, age 22, male",SP.POP.AG22.MA.IN,91,90.5,95,103.5,110
Palau,PLW,"Age population, age 21, male",SP.POP.AG21.MA.IN,91.5,96,104.5,111,115
Palau,PLW,"Age population, age 21, female",SP.POP.AG21.FE.IN,87,90,95.5,100,105.5
Palau,PLW,"Age population, age 20, male",SP.POP.AG20.MA.IN,97.5,106,111.5,115.5,116
Palau,PLW,"Age population, age 20, female",SP.POP.AG20.FE.IN,91.5,97.5,101,105.5,110
Palau,PLW,"Age population, age 19, male",SP.POP.AG19.MA.IN,107,113,116.5,116.5,116
Palau,PLW,"Age population, age 19, female",SP.POP.AG19.FE.IN,98.5,102,106.5,111,115.5
Palau,PLW,"Age population, age 18, female",SP.POP.AG18.FE.IN,102.5,106.5,111,115.5,121
Palau,PLW,"Age population, age 18, male",SP.POP.AG18.MA.IN,113,116.5,117,117,119.5
Palau,PLW,"Age population, age 13, female",SP.POP.AG13.FE.IN,122,120.5,119,116.5,113.5
Palau,PLW,"Age population, age 13, male",SP.POP.AG13.MA.IN,122,121,122.5,126,127.5
Palau,PLW,"Age population, age 14, female",SP.POP.AG14.FE.IN,122,122,120.5,119,116.5
Palau,PLW,"Age population, age 14, male",SP.POP.AG14.MA.IN,120,122,121,122.5,126
Palau,PLW,"Age population, age 15, female",SP.POP.AG15.FE.IN,116.5,122,122,120.5,119
Palau,PLW,"Age population, age 15, male",SP.POP.AG15.MA.IN,117,120,122,121,122.5
Palau,PLW,"Age population, age 16, female",SP.POP.AG16.FE.IN,111.5,116.5,121.5,121.5,120.5
Palau,PLW,"Age population, age 16, male",SP.POP.AG16.MA.IN,117.5,117,120,122,121
Palau,PLW,"Age population, age 17, female",SP.POP.AG17.FE.IN,107,111,116,121.5,121.5
Palau,PLW,"Age population, age 17, male",SP.POP.AG17.MA.IN,117,117.5,117,119.5,121.5
Panama,PAN,"Age population, age 24, male",SP.POP.AG24.MA.IN,34997,35359.5,35697.5,35959.5,36195.5
Panama,PAN,"Age population, age 24, female",SP.POP.AG24.FE.IN,33927.5,34243,34550.5,34784,34978.5
Panama,PAN,"Age population, age 23, male",SP.POP.AG23.MA.IN,35294.5,35619.5,35895,36142.5,36371.5
Panama,PAN,"Age population, age 23, female",SP.POP.AG23.FE.IN,34124.5,34412,34674,34893.5,35077
Panama,PAN,"Age population, age 22, female",SP.POP.AG22.FE.IN,34293,34535.5,34787,34999,35194
Panama,PAN,"Age population, age 22, male",SP.POP.AG22.MA.IN,35554.5,35816.5,36081.5,36325,36553.5
Panama,PAN,"Age population, age 21, male",SP.POP.AG21.MA.IN,35750,36000,36266,36514,36898
Panama,PAN,"Age population, age 21, female",SP.POP.AG21.FE.IN,34418.5,34651,34897,35123,35474.5
Panama,PAN,"Age population, age 20, male",SP.POP.AG20.MA.IN,35935,36183.5,36456.5,36862.5,37098.5
Panama,PAN,"Age population, age 20, female",SP.POP.AG20.FE.IN,34539,34767.5,35027.5,35410,35626.5
Panama,PAN,"Age population, age 19, male",SP.POP.AG19.MA.IN,36120.5,36374,36805.5,37063,37119.5
Panama,PAN,"Age population, age 19, female",SP.POP.AG19.FE.IN,34662.5,34907,35321,35565.5,35612
Panama,PAN,"Age population, age 18, female",SP.POP.AG18.FE.IN,34813,35213,35484.5,35555,35804
Panama,PAN,"Age population, age 18, male",SP.POP.AG18.MA.IN,36317,36729,37008.5,37084,37340
Panama,PAN,"Age population, age 13, female",SP.POP.AG13.FE.IN,35992.5,36330,36631.5,37140,37594
Panama,PAN,"Age population, age 13, male",SP.POP.AG13.MA.IN,37595.5,37949.5,38279.5,38834.5,39356.5
Panama,PAN,"Age population, age 14, female",SP.POP.AG14.FE.IN,35610.5,36011.5,36352.5,36651,37157.5
Panama,PAN,"Age population, age 14, male",SP.POP.AG14.MA.IN,37209.5,37605,37960.5,38292,38848
Panama,PAN,"Age population, age 15, female",SP.POP.AG15.FE.IN,35364.5,35642.5,36048.5,36381.5,36673
Panama,PAN,"Age population, age 15, male",SP.POP.AG15.MA.IN,36952.5,37228.5,37628,37979.5,38307.5
Panama,PAN,"Age population, age 16, female",SP.POP.AG16.FE.IN,35329,35411.5,35697,36090.5,36411.5
Panama,PAN,"Age population, age 16, male",SP.POP.AG16.MA.IN,36902,36981.5,37266,37657.5,38001
Panama,PAN,"Age population, age 17, female",SP.POP.AG17.FE.IN,35132.5,35393,35485.5,35753.5,36131
Panama,PAN,"Age population, age 17, male",SP.POP.AG17.MA.IN,36679.5,36942,37034.5,37306,37686
Papua New Guinea,PNG,"Age population, age 24, male",SP.POP.AG24.MA.IN,93511,95105.5,96758.5,98231.5,99735
Papua New Guinea,PNG,"Age population, age 24, female",SP.POP.AG24.FE.IN,86156,87398,88642.5,89728,90832.5
Papua New Guinea,PNG,"Age population, age 23, male",SP.POP.AG23.MA.IN,95333,97045,98502,99984.5,101808.5
Papua New Guinea,PNG,"Age population, age 23, female",SP.POP.AG23.FE.IN,87431.5,88799,89874,90963.5,92385.5
Papua New Guinea,PNG,"Age population, age 22, female",SP.POP.AG22.FE.IN,88824.5,90031.5,91097.5,92491.5,93923.5
Papua New Guinea,PNG,"Age population, age 22, male",SP.POP.AG22.MA.IN,97271.5,98793,100247,102037.5,103775.5
Papua New Guinea,PNG,"Age population, age 21, male",SP.POP.AG21.MA.IN,99015.5,100540.5,102291.5,103984.5,105373
Papua New Guinea,PNG,"Age population, age 21, female",SP.POP.AG21.FE.IN,90049,91253.5,92613.5,94007,95202
Papua New Guinea,PNG,"Age population, age 20, male",SP.POP.AG20.MA.IN,100754.5,102583.5,104230,105566.5,106809.5
Papua New Guinea,PNG,"Age population, age 20, female",SP.POP.AG20.FE.IN,91266,92770.5,94123.5,95273,96421
Papua New Guinea,PNG,"Age population, age 19, male",SP.POP.AG19.MA.IN,102780.5,104512.5,105802.5,106994.5,108239
Papua New Guinea,PNG,"Age population, age 19, female",SP.POP.AG19.FE.IN,92778,94278,95387.5,96491,97738.5
Papua New Guinea,PNG,"Age population, age 18, female",SP.POP.AG18.FE.IN,94279,95537,96607,97817,99086.5
Papua New Guinea,PNG,"Age population, age 18, male",SP.POP.AG18.MA.IN,104682.5,106065.5,107217.5,108419,109569.5
Papua New Guinea,PNG,"Age population, age 13, female",SP.POP.AG13.FE.IN,100911,102552,104342.5,106192,107597.5
Papua New Guinea,PNG,"Age population, age 13, male",SP.POP.AG13.MA.IN,111479,112895,114457,116090.5,117252
Papua New Guinea,PNG,"Age population, age 14, female",SP.POP.AG14.FE.IN,99360.5,100951.5,102465,104255.5,106106
Papua New Guinea,PNG,"Age population, age 14, male",SP.POP.AG14.MA.IN,110100,111489.5,112783.5,114346.5,115981.5
Papua New Guinea,PNG,"Age population, age 15, female",SP.POP.AG15.FE.IN,98026,99402.5,100853.5,102368.5,104161.5
Papua New Guinea,PNG,"Age population, age 15, male",SP.POP.AG15.MA.IN,108865,110089.5,111354,112651.5,114218.5
Papua New Guinea,PNG,"Age population, age 16, female",SP.POP.AG16.FE.IN,96724,98061,99289.5,100746.5,102269
Papua New Guinea,PNG,"Age population, age 16, male",SP.POP.AG16.MA.IN,107535.5,108823,109925,111197.5,112504
Papua New Guinea,PNG,"Age population, age 17, female",SP.POP.AG17.FE.IN,95527.5,96747.5,97933.5,99176,100649
Papua New Guinea,PNG,"Age population, age 17, male",SP.POP.AG17.MA.IN,106195,107451,108624,109743,111034
Paraguay,PRY,"Age population, age 24, male",SP.POP.AG24.MA.IN,61770.5,61614.5,61160,60281.5,59119
Paraguay,PRY,"Age population, age 24, female",SP.POP.AG24.FE.IN,59867,59679,59207.5,58310.5,57141
Paraguay,PRY,"Age population, age 23, male",SP.POP.AG23.MA.IN,61907,61517,60614,59424.5,58300.5
Paraguay,PRY,"Age population, age 23, female",SP.POP.AG23.FE.IN,59914,59503.5,58583,57390.5,56297.5
Paraguay,PRY,"Age population, age 22, female",SP.POP.AG22.FE.IN,59740,58879,57654,56529,55782
Paraguay,PRY,"Age population, age 22, male",SP.POP.AG22.MA.IN,61811.5,60971,59750,58592,57829
Paraguay,PRY,"Age population, age 21, male",SP.POP.AG21.MA.IN,61265,60100,58906.5,58105.5,58060
Paraguay,PRY,"Age population, age 21, female",SP.POP.AG21.FE.IN,59113.5,57944.5,56780,55995,55921.5
Paraguay,PRY,"Age population, age 20, male",SP.POP.AG20.MA.IN,60390,59243,58406,58324,58574
Paraguay,PRY,"Age population, age 20, female",SP.POP.AG20.FE.IN,58172,57060,56234,56120.5,56349.5
Paraguay,PRY,"Age population, age 19, male",SP.POP.AG19.MA.IN,59522,58721.5,58609.5,58827,58916.5
Paraguay,PRY,"Age population, age 19, female",SP.POP.AG19.FE.IN,57276,56495.5,56346,56539,56611.5
Paraguay,PRY,"Age population, age 18, female",SP.POP.AG18.FE.IN,56696,56584,56748.5,56792,56952.5
Paraguay,PRY,"Age population, age 18, male",SP.POP.AG18.MA.IN,58981.5,58895,59090,59154.5,59341
Paraguay,PRY,"Age population, age 13, female",SP.POP.AG13.FE.IN,58256.5,59158.5,59642.5,60132.5,61212.5
Paraguay,PRY,"Age population, age 13, male",SP.POP.AG13.MA.IN,60818.5,61792.5,62329,62861,64003.5
Paraguay,PRY,"Age population, age 14, female",SP.POP.AG14.FE.IN,57533.5,58156,59081.5,59565,60054.5
Paraguay,PRY,"Age population, age 14, male",SP.POP.AG14.MA.IN,60035.5,60707,61709.5,62244,62775
Paraguay,PRY,"Age population, age 15, female",SP.POP.AG15.FE.IN,57293.5,57415,58050.5,58982.5,59473.5
Paraguay,PRY,"Age population, age 15, male",SP.POP.AG15.MA.IN,59752.5,59900,60591.5,61597,62136.5
Paraguay,PRY,"Age population, age 16, female",SP.POP.AG16.FE.IN,57118.5,57154,57276,57923,58867
Paraguay,PRY,"Age population, age 16, male",SP.POP.AG16.MA.IN,59536.5,59587,59743.5,60442.5,61457
Paraguay,PRY,"Age population, age 17, female",SP.POP.AG17.FE.IN,56765,56957,56979,57117.5,57781
Paraguay,PRY,"Age population, age 17, male",SP.POP.AG17.MA.IN,59127.5,59337,59384.5,59553,60265
Peru,PER,"Age population, age 24, male",SP.POP.AG24.MA.IN,272584,274192,276033.5,278073,277933.5
Peru,PER,"Age population, age 24, female",SP.POP.AG24.FE.IN,278762.5,278733,278718.5,278896.5,277074.5
Peru,PER,"Age population, age 23, male",SP.POP.AG23.MA.IN,273867.5,275900.5,278130,278109,277995
Peru,PER,"Age population, age 23, female",SP.POP.AG23.FE.IN,278128.5,278284.5,278657,276985.5,275297.5
Peru,PER,"Age population, age 22, female",SP.POP.AG22.FE.IN,277672.5,278217,276749,275219.5,276834.5
Peru,PER,"Age population, age 22, male",SP.POP.AG22.MA.IN,275553,277977,278158,278171,281309
Peru,PER,"Age population, age 21, male",SP.POP.AG21.MA.IN,277620.5,277990.5,278212,281488,287066
Peru,PER,"Age population, age 21, female",SP.POP.AG21.FE.IN,277614.5,276314.5,274994.5,276774,281275
Peru,PER,"Age population, age 20, male",SP.POP.AG20.MA.IN,277639.5,278042.5,281523,287241.5,291700.5
Peru,PER,"Age population, age 20, female",SP.POP.AG20.FE.IN,275740.5,274581,276567,281231,285030.5
Peru,PER,"Age population, age 19, male",SP.POP.AG19.MA.IN,277714.5,281366.5,287269.5,291857.5,293906
Peru,PER,"Age population, age 19, female",SP.POP.AG19.FE.IN,274056,276194,281049,284998.5,286374.5
Peru,PER,"Age population, age 18, female",SP.POP.AG18.FE.IN,275736.5,280730,284845,286351,287004
Peru,PER,"Age population, age 18, male",SP.POP.AG18.MA.IN,281080,287139,291879,294037.5,295360.5
Peru,PER,"Age population, age 13, female",SP.POP.AG13.FE.IN,285434.5,282996,279748,278468.5,276773.5
Peru,PER,"Age population, age 13, male",SP.POP.AG13.MA.IN,294647,292577.5,289612,288473.5,286616.5
Peru,PER,"Age population, age 14, female",SP.POP.AG14.FE.IN,286683.5,285483,283009.5,279741,278440.5
Peru,PER,"Age population, age 14, male",SP.POP.AG14.MA.IN,295399.5,294662,292556,289572.5,288413.5
Peru,PER,"Age population, age 15, female",SP.POP.AG15.FE.IN,285855,286795,285542.5,283021.5,279712.5
Peru,PER,"Age population, age 15, male",SP.POP.AG15.MA.IN,293876,295456.5,294664,292519.5,289500.5
Peru,PER,"Age population, age 16, female",SP.POP.AG16.FE.IN,284308.5,286046.5,286913,285584.5,283001.5
Peru,PER,"Age population, age 16, male",SP.POP.AG16.MA.IN,291607,293987.5,295489,294635.5,292438.5
Peru,PER,"Age population, age 17, female",SP.POP.AG17.FE.IN,280356.5,284591,286232,286992.5,285580
Peru,PER,"Age population, age 17, male",SP.POP.AG17.MA.IN,286906.5,291778.5,294054.5,295468.5,294544.5
Philippines,PHL,"Age population, age 24, male",SP.POP.AG24.MA.IN,1044153.5,1055847.5,1069256.5,1078746.5,1078819
Philippines,PHL,"Age population, age 24, female",SP.POP.AG24.FE.IN,1029799,1041517,1054506.5,1064548.5,1066865.5
Philippines,PHL,"Age population, age 23, male",SP.POP.AG23.MA.IN,1060801,1074911,1083853,1083844.5,1072431.5
Philippines,PHL,"Age population, age 23, female",SP.POP.AG23.FE.IN,1045643.5,1059362.5,1068855.5,1071118.5,1062755.5
Philippines,PHL,"Age population, age 22, female",SP.POP.AG22.FE.IN,1063456,1073691,1075556.5,1067299.5,1059791
Philippines,PHL,"Age population, age 22, male",SP.POP.AG22.MA.IN,1079759.5,1089402,1088987.5,1077639.5,1070554.5
Philippines,PHL,"Age population, age 21, male",SP.POP.AG21.MA.IN,1094081.5,1094342,1082716,1075846,1084562
Philippines,PHL,"Age population, age 21, female",SP.POP.AG21.FE.IN,1077687,1080289.5,1071770.5,1064513,1067525.5
Philippines,PHL,"Age population, age 20, male",SP.POP.AG20.MA.IN,1098767,1087771.5,1080726,1089756,1102845
Philippines,PHL,"Age population, age 20, female",SP.POP.AG20.FE.IN,1084113,1076305,1068873,1072217,1078174
Philippines,PHL,"Age population, age 19, male",SP.POP.AG19.MA.IN,1091853.5,1085393.5,1094280.5,1107666.5,1118526.5
Philippines,PHL,"Age population, age 19, female",SP.POP.AG19.FE.IN,1079871,1073112,1076286.5,1082543.5,1090394.5
Philippines,PHL,"Age population, age 18, female",SP.POP.AG18.FE.IN,1076349,1080140,1086138,1094152.5,1107912.5
Philippines,PHL,"Age population, age 18, male",SP.POP.AG18.MA.IN,1089065.5,1098486,1111659,1122691.5,1136394.5
Philippines,PHL,"Age population, age 13, female",SP.POP.AG13.FE.IN,1140509,1153735.5,1153972.5,1163975,1168389
Philippines,PHL,"Age population, age 13, male",SP.POP.AG13.MA.IN,1172644.5,1187305,1189129.5,1201081,1206453.5
Philippines,PHL,"Age population, age 14, female",SP.POP.AG14.FE.IN,1117113.5,1139266.5,1152354,1152764.5,1162828.5
Philippines,PHL,"Age population, age 14, male",SP.POP.AG14.MA.IN,1146593,1171253.5,1185826,1187797.5,1199791
Philippines,PHL,"Age population, age 15, female",SP.POP.AG15.FE.IN,1101985.5,1115527,1137454.5,1150914,1151537
Philippines,PHL,"Age population, age 15, male",SP.POP.AG15.MA.IN,1131322.5,1144819,1169318.5,1184212,1186362.5
Philippines,PHL,"Age population, age 16, female",SP.POP.AG16.FE.IN,1091948.5,1099992.5,1113210,1135643.5,1149382
Philippines,PHL,"Age population, age 16, male",SP.POP.AG16.MA.IN,1118056.5,1129087.5,1142342.5,1167277.5,1182404
Philippines,PHL,"Age population, age 17, female",SP.POP.AG17.FE.IN,1082993,1089521.5,1097135.5,1110864,1133503.5
Philippines,PHL,"Age population, age 17, male",SP.POP.AG17.MA.IN,1101706,1115324.5,1126015,1139713.5,1164807.5
Poland,POL,"Age population, age 24, male",SP.POP.AG24.MA.IN,218035,211452.5,205489,195374.5,183105
Poland,POL,"Age population, age 24, female",SP.POP.AG24.FE.IN,208416.5,202563.5,197147,187538,175557
Poland,POL,"Age population, age 23, male",SP.POP.AG23.MA.IN,208908,202974,197762,188476.5,177903
Poland,POL,"Age population, age 23, female",SP.POP.AG23.FE.IN,199992,194615.5,189750,180691,170178.5
Poland,POL,"Age population, age 22, female",SP.POP.AG22.FE.IN,192145,187313,182811,175072,167762.5
Poland,POL,"Age population, age 22, male",SP.POP.AG22.MA.IN,200526.5,195341,190762,183019,175784.5
Poland,POL,"Age population, age 21, male",SP.POP.AG21.MA.IN,192981.5,188425,185157.5,180539.5,177608.5
Poland,POL,"Age population, age 21, female",SP.POP.AG21.FE.IN,184933,180463,177058.5,172312,169236.5
Poland,POL,"Age population, age 20, male",SP.POP.AG20.MA.IN,186136,182897,182507,181957.5,183328.5
Poland,POL,"Age population, age 20, female",SP.POP.AG20.FE.IN,178172,174799.5,174143,173398,174527
Poland,POL,"Age population, age 19, male",SP.POP.AG19.MA.IN,180683.5,180326.5,183735.5,187229.5,192757
Poland,POL,"Age population, age 19, female",SP.POP.AG19.FE.IN,172595.5,171972,175049.5,178256.5,183376
Poland,POL,"Age population, age 18, female",SP.POP.AG18.FE.IN,169832,172941,179674,186561.5,193882.5
Poland,POL,"Age population, age 18, male",SP.POP.AG18.MA.IN,178162,181601.5,188755,196089,203878
Poland,POL,"Age population, age 13, female",SP.POP.AG13.FE.IN,200646.5,207994,210624,206560.5,200729
Poland,POL,"Age population, age 13, male",SP.POP.AG13.MA.IN,210995,218719,221564,217443.5,211466.5
Poland,POL,"Age population, age 14, female",SP.POP.AG14.FE.IN,192610.5,203138.5,210462.5,210112,205421.5
Poland,POL,"Age population, age 14, male",SP.POP.AG14.MA.IN,202574.5,213613,221312,221033.5,216270.5
Poland,POL,"Age population, age 15, female",SP.POP.AG15.FE.IN,183277,194985.5,205485.5,209944,208966.5
Poland,POL,"Age population, age 15, male",SP.POP.AG15.MA.IN,192723,205057.5,216069.5,220767.5,219846.5
Poland,POL,"Age population, age 16, female",SP.POP.AG16.FE.IN,175397.5,185533.5,197212.5,204878,208595.5
Poland,POL,"Age population, age 16, male",SP.POP.AG16.MA.IN,184353,195068,207373.5,215421.5,219361.5
Poland,POL,"Age population, age 17, female",SP.POP.AG17.FE.IN,170811,177572,187681.5,196393.5,203044
Poland,POL,"Age population, age 17, male",SP.POP.AG17.MA.IN,179419,186599,197287,206498,213509.5
Portugal,PRT,"Age population, age 24, male",SP.POP.AG24.MA.IN,55666.5,56504.5,57953,59971.5,59238
Portugal,PRT,"Age population, age 24, female",SP.POP.AG24.FE.IN,53472.5,54360,55593,57514.5,56649.5
Portugal,PRT,"Age population, age 23, male",SP.POP.AG23.MA.IN,56086.5,57717.5,59604.5,58673.5,57554
Portugal,PRT,"Age population, age 23, female",SP.POP.AG23.FE.IN,54149.5,55349.5,57072,55941,54970.5
Portugal,PRT,"Age population, age 22, female",SP.POP.AG22.FE.IN,55135.5,56828,55345.5,53956.5,55174.5
Portugal,PRT,"Age population, age 22, male",SP.POP.AG22.MA.IN,57351,59362,58135.5,56652,57688
Portugal,PRT,"Age population, age 21, male",SP.POP.AG21.MA.IN,59000.5,57886.5,55967,56493.5,56714
Portugal,PRT,"Age population, age 21, female",SP.POP.AG21.FE.IN,56568.5,55089.5,53227.5,53898.5,54324.5
Portugal,PRT,"Age population, age 20, male",SP.POP.AG20.MA.IN,57576.5,55714,55738,55366,56321
Portugal,PRT,"Age population, age 20, female",SP.POP.AG20.FE.IN,54822.5,52974,53113.5,52919.5,53725.5
Portugal,PRT,"Age population, age 19, male",SP.POP.AG19.MA.IN,55435,55498.5,54633.5,55017.5,55184
Portugal,PRT,"Age population, age 19, female",SP.POP.AG19.FE.IN,52662,52874.5,52164,52377.5,52933
Portugal,PRT,"Age population, age 18, female",SP.POP.AG18.FE.IN,52535.5,51922,51734.5,51807.5,51086
Portugal,PRT,"Age population, age 18, male",SP.POP.AG18.MA.IN,55201.5,54393,54396,54098.5,52800
Portugal,PRT,"Age population, age 13, female",SP.POP.AG13.FE.IN,49191.5,49073,49493,49283.5,46291.5
Portugal,PRT,"Age population, age 13, male",SP.POP.AG13.MA.IN,51265.5,50972.5,50726,51037.5,48878.5
Portugal,PRT,"Age population, age 14, female",SP.POP.AG14.FE.IN,49472,49444.5,49301,49610.5,49374
Portugal,PRT,"Age population, age 14, male",SP.POP.AG14.MA.IN,51198,51555.5,51205,50829,51094
Portugal,PRT,"Age population, age 15, female",SP.POP.AG15.FE.IN,50826,49732.5,49675.5,49431,49729
Portugal,PRT,"Age population, age 15, male",SP.POP.AG15.MA.IN,53110.5,51491,51788.5,51319,50914
Portugal,PRT,"Age population, age 16, female",SP.POP.AG16.FE.IN,51244,51094,49967,49865,49666
Portugal,PRT,"Age population, age 16, male",SP.POP.AG16.MA.IN,53893,53397,51732,51962.5,51521
Portugal,PRT,"Age population, age 17, female",SP.POP.AG17.FE.IN,51655.5,51495.5,51328.5,50281.5,50342.5
Portugal,PRT,"Age population, age 17, male",SP.POP.AG17.MA.IN,54120.5,54154,53637,52032,52406
Post-demographic dividend,PST,"Age population, age 24, male",SP.POP.AG24.MA.IN,..,..,..,..,..
Post-demographic dividend,PST,"Age population, age 24, female",SP.POP.AG24.FE.IN,..,..,..,..,..
Post-demographic dividend,PST,"Age population, age 23, male",SP.POP.AG23.MA.IN,..,..,..,..,..
Post-demographic dividend,PST,"Age population, age 23, female",SP.POP.AG23.FE.IN,..,..,..,..,..
Post-demographic dividend,PST,"Age population, age 22, female",SP.POP.AG22.FE.IN,..,..,..,..,..
Post-demographic dividend,PST,"Age population, age 22, male",SP.POP.AG22.MA.IN,..,..,..,..,..
Post-demographic dividend,PST,"Age population, age 21, male",SP.POP.AG21.MA.IN,..,..,..,..,..
Post-demographic dividend,PST,"Age population, age 21, female",SP.POP.AG21.FE.IN,..,..,..,..,..
Post-demographic dividend,PST,"Age population, age 20, male",SP.POP.AG20.MA.IN,..,..,..,..,..
Post-demographic dividend,PST,"Age population, age 20, female",SP.POP.AG20.FE.IN,..,..,..,..,..
Post-demographic dividend,PST,"Age population, age 19, male",SP.POP.AG19.MA.IN,..,..,..,..,..
Post-demographic dividend,PST,"Age population, age 19, female",SP.POP.AG19.FE.IN,..,..,..,..,..
Post-demographic dividend,PST,"Age population, age 18, female",SP.POP.AG18.FE.IN,..,..,..,..,..
Post-demographic dividend,PST,"Age population, age 18, male",SP.POP.AG18.MA.IN,..,..,..,..,..
Post-demographic dividend,PST,"Age population, age 13, female",SP.POP.AG13.FE.IN,..,..,..,..,..
Post-demographic dividend,PST,"Age population, age 13, male",SP.POP.AG13.MA.IN,..,..,..,..,..
Post-demographic dividend,PST,"Age population, age 14, female",SP.POP.AG14.FE.IN,..,..,..,..,..
Post-demographic dividend,PST,"Age population, age 14, male",SP.POP.AG14.MA.IN,..,..,..,..,..
Post-demographic dividend,PST,"Age population, age 15, female",SP.POP.AG15.FE.IN,..,..,..,..,..
Post-demographic dividend,PST,"Age population, age 15, male",SP.POP.AG15.MA.IN,..,..,..,..,..
Post-demographic dividend,PST,"Age population, age 16, female",SP.POP.AG16.FE.IN,..,..,..,..,..
Post-demographic dividend,PST,"Age population, age 16, male",SP.POP.AG16.MA.IN,..,..,..,..,..
Post-demographic dividend,PST,"Age population, age 17, female",SP.POP.AG17.FE.IN,..,..,..,..,..
Post-demographic dividend,PST,"Age population, age 17, male",SP.POP.AG17.MA.IN,..,..,..,..,..
Pre-demographic dividend,PRE,"Age population, age 24, male",SP.POP.AG24.MA.IN,..,..,..,..,..
Pre-demographic dividend,PRE,"Age population, age 24, female",SP.POP.AG24.FE.IN,..,..,..,..,..
Pre-demographic dividend,PRE,"Age population, age 23, male",SP.POP.AG23.MA.IN,..,..,..,..,..
Pre-demographic dividend,PRE,"Age population, age 23, female",SP.POP.AG23.FE.IN,..,..,..,..,..
Pre-demographic dividend,PRE,"Age population, age 22, female",SP.POP.AG22.FE.IN,..,..,..,..,..
Pre-demographic dividend,PRE,"Age population, age 22, male",SP.POP.AG22.MA.IN,..,..,..,..,..
Pre-demographic dividend,PRE,"Age population, age 21, male",SP.POP.AG21.MA.IN,..,..,..,..,..
Pre-demographic dividend,PRE,"Age population, age 21, female",SP.POP.AG21.FE.IN,..,..,..,..,..
Pre-demographic dividend,PRE,"Age population, age 20, male",SP.POP.AG20.MA.IN,..,..,..,..,..
Pre-demographic dividend,PRE,"Age population, age 20, female",SP.POP.AG20.FE.IN,..,..,..,..,..
Pre-demographic dividend,PRE,"Age population, age 19, male",SP.POP.AG19.MA.IN,..,..,..,..,..
Pre-demographic dividend,PRE,"Age population, age 19, female",SP.POP.AG19.FE.IN,..,..,..,..,..
Pre-demographic dividend,PRE,"Age population, age 18, female",SP.POP.AG18.FE.IN,..,..,..,..,..
Pre-demographic dividend,PRE,"Age population, age 18, male",SP.POP.AG18.MA.IN,..,..,..,..,..
Pre-demographic dividend,PRE,"Age population, age 13, female",SP.POP.AG13.FE.IN,..,..,..,..,..
Pre-demographic dividend,PRE,"Age population, age 13, male",SP.POP.AG13.MA.IN,..,..,..,..,..
Pre-demographic dividend,PRE,"Age population, age 14, female",SP.POP.AG14.FE.IN,..,..,..,..,..
Pre-demographic dividend,PRE,"Age population, age 14, male",SP.POP.AG14.MA.IN,..,..,..,..,..
Pre-demographic dividend,PRE,"Age population, age 15, female",SP.POP.AG15.FE.IN,..,..,..,..,..
Pre-demographic dividend,PRE,"Age population, age 15, male",SP.POP.AG15.MA.IN,..,..,..,..,..
Pre-demographic dividend,PRE,"Age population, age 16, female",SP.POP.AG16.FE.IN,..,..,..,..,..
Pre-demographic dividend,PRE,"Age population, age 16, male",SP.POP.AG16.MA.IN,..,..,..,..,..
Pre-demographic dividend,PRE,"Age population, age 17, female",SP.POP.AG17.FE.IN,..,..,..,..,..
Pre-demographic dividend,PRE,"Age population, age 17, male",SP.POP.AG17.MA.IN,..,..,..,..,..
Puerto Rico,PRI,"Age population, age 24, male",SP.POP.AG24.MA.IN,19866,20459,21424.5,22132,22253
Puerto Rico,PRI,"Age population, age 24, female",SP.POP.AG24.FE.IN,20327.5,20734.5,21354,21685.5,21515
Puerto Rico,PRI,"Age population, age 23, male",SP.POP.AG23.MA.IN,20389.5,20994,21807.5,22139.5,21798
Puerto Rico,PRI,"Age population, age 23, female",SP.POP.AG23.FE.IN,20650.5,20995.5,21395,21381.5,20812.5
Puerto Rico,PRI,"Age population, age 22, female",SP.POP.AG22.FE.IN,20912,21037.5,21108,20707.5,20024.5
Puerto Rico,PRI,"Age population, age 22, male",SP.POP.AG22.MA.IN,20923.5,21375,21829.5,21710.5,21061.5
Puerto Rico,PRI,"Age population, age 21, male",SP.POP.AG21.MA.IN,21304.5,21404,21420.5,21000.5,20513
Puerto Rico,PRI,"Age population, age 21, female",SP.POP.AG21.FE.IN,20954.5,20756.5,20455,19948.5,19627
Puerto Rico,PRI,"Age population, age 20, male",SP.POP.AG20.MA.IN,21333,21008.5,20730.5,20472,20194
Puerto Rico,PRI,"Age population, age 20, female",SP.POP.AG20.FE.IN,20676.5,20116,19717.5,19574.5,19365
Puerto Rico,PRI,"Age population, age 19, male",SP.POP.AG19.MA.IN,20936.5,20339,20221.5,20162.5,19702.5
Puerto Rico,PRI,"Age population, age 19, female",SP.POP.AG19.FE.IN,20038.5,19394.5,19360.5,19323.5,18783.5
Puerto Rico,PRI,"Age population, age 18, female",SP.POP.AG18.FE.IN,19322,19060,19127,18747,18169
Puerto Rico,PRI,"Age population, age 18, male",SP.POP.AG18.MA.IN,20267,19855.5,19931,19674,19186.5
Puerto Rico,PRI,"Age population, age 13, female",SP.POP.AG13.FE.IN,17094,16719.5,16483,15998.5,15388.5
Puerto Rico,PRI,"Age population, age 13, male",SP.POP.AG13.MA.IN,18208,17879,17383,16763.5,16231.5
Puerto Rico,PRI,"Age population, age 14, female",SP.POP.AG14.FE.IN,17688.5,17144.5,16919.5,16614,16031
Puerto Rico,PRI,"Age population, age 14, male",SP.POP.AG14.MA.IN,18625,18267,18116.5,17533.5,16794
Puerto Rico,PRI,"Age population, age 15, female",SP.POP.AG15.FE.IN,18258.5,17741.5,17357.5,17057,16645
Puerto Rico,PRI,"Age population, age 15, male",SP.POP.AG15.MA.IN,19089.5,18688,18523.5,18275.5,17561
Puerto Rico,PRI,"Age population, age 16, female",SP.POP.AG16.FE.IN,18789,18316,17974,17506,17087
Puerto Rico,PRI,"Age population, age 16, male",SP.POP.AG16.MA.IN,19524.5,19155.5,18968.5,18697,18302.5
Puerto Rico,PRI,"Age population, age 17, female",SP.POP.AG17.FE.IN,18993,18851,18568,18135.5,17537
Puerto Rico,PRI,"Age population, age 17, male",SP.POP.AG17.MA.IN,19784.5,19594,19462.5,19159,18723.5
Qatar,QAT,"Age population, age 24, male",SP.POP.AG24.MA.IN,46321.5,43467,37231.5,33407.5,32435
Qatar,QAT,"Age population, age 24, female",SP.POP.AG24.FE.IN,11165.5,10793.5,10246.5,10824,12414
Qatar,QAT,"Age population, age 23, male",SP.POP.AG23.MA.IN,38427,35606.5,29475,25677.5,26027.5
Qatar,QAT,"Age population, age 23, female",SP.POP.AG23.FE.IN,9466.5,9389,9329.5,9996.5,11414
Qatar,QAT,"Age population, age 22, female",SP.POP.AG22.FE.IN,8351.5,8471,8741,9475,10908
Qatar,QAT,"Age population, age 22, male",SP.POP.AG22.MA.IN,30646.5,27860,21885.5,19536,22303.5
Qatar,QAT,"Age population, age 21, male",SP.POP.AG21.MA.IN,22958,20312.5,15894.5,16075.5,20680
Qatar,QAT,"Age population, age 21, female",SP.POP.AG21.FE.IN,7768.5,7897.5,8458.5,9438,10811
Qatar,QAT,"Age population, age 20, male",SP.POP.AG20.MA.IN,15913,14400.5,12596.5,14714,19466
Qatar,QAT,"Age population, age 20, female",SP.POP.AG20.FE.IN,7453,7650.5,8661,9799,10827
Qatar,QAT,"Age population, age 19, male",SP.POP.AG19.MA.IN,11225.5,11219,11515.5,13977,17488
Qatar,QAT,"Age population, age 19, female",SP.POP.AG19.FE.IN,7508.5,7909,9246,10229,10927.5
Qatar,QAT,"Age population, age 18, female",SP.POP.AG18.FE.IN,8079.5,8570.5,9837,10603,11145
Qatar,QAT,"Age population, age 18, male",SP.POP.AG18.MA.IN,9510,10292,11500.5,13339.5,15442
Qatar,QAT,"Age population, age 13, female",SP.POP.AG13.FE.IN,11613,12126,12933,13334,13452
Qatar,QAT,"Age population, age 13, male",SP.POP.AG13.MA.IN,12267.5,12858.5,13740,13809.5,13410.5
Qatar,QAT,"Age population, age 14, female",SP.POP.AG14.FE.IN,10750.5,11364,12312.5,12758.5,12840.5
Qatar,QAT,"Age population, age 14, male",SP.POP.AG14.MA.IN,11387,12079,13159.5,13142.5,12394.5
Qatar,QAT,"Age population, age 15, female",SP.POP.AG15.FE.IN,9988.5,10587,11633.5,12148.5,12232
Qatar,QAT,"Age population, age 15, male",SP.POP.AG15.MA.IN,10730,11356.5,12534,12560.5,11625
Qatar,QAT,"Age population, age 16, female",SP.POP.AG16.FE.IN,9386.5,9881,10956.5,11585.5,11790
Qatar,QAT,"Age population, age 16, male",SP.POP.AG16.MA.IN,10270.5,10849,11995.5,12564,12188
Qatar,QAT,"Age population, age 17, female",SP.POP.AG17.FE.IN,8818.5,9256,10358,11053.5,11449
Qatar,QAT,"Age population, age 17, male",SP.POP.AG17.MA.IN,9703.5,10460,11689.5,12828,13671
Romania,ROU,"Age population, age 24, male",SP.POP.AG24.MA.IN,100679,102833,104000.5,103197,100311
Romania,ROU,"Age population, age 24, female",SP.POP.AG24.FE.IN,96105.5,98606,99874,98905,96160.5
Romania,ROU,"Age population, age 23, male",SP.POP.AG23.MA.IN,102232,103487.5,103837.5,100970,97667.5
Romania,ROU,"Age population, age 23, female",SP.POP.AG23.FE.IN,97899.5,99273,99515,96782.5,93726.5
Romania,ROU,"Age population, age 22, female",SP.POP.AG22.FE.IN,98565,98910,97413.5,94391.5,96919.5
Romania,ROU,"Age population, age 22, male",SP.POP.AG22.MA.IN,102886.5,103320.5,101628.5,98374,100939.5
Romania,ROU,"Age population, age 21, male",SP.POP.AG21.MA.IN,102730,101126,99038.5,101675.5,106213.5
Romania,ROU,"Age population, age 21, female",SP.POP.AG21.FE.IN,98220.5,96822,95031.5,97610.5,101941
Romania,ROU,"Age population, age 20, male",SP.POP.AG20.MA.IN,100565,98565,102327.5,106944.5,109293.5
Romania,ROU,"Age population, age 20, female",SP.POP.AG20.FE.IN,96163,94462.5,98236.5,102629.5,105173
Romania,ROU,"Age population, age 19, male",SP.POP.AG19.MA.IN,98050,101891.5,107553.5,109976.5,110407.5
Romania,ROU,"Age population, age 19, female",SP.POP.AG19.FE.IN,93845.5,97705.5,103211,105813,106394.5
Romania,ROU,"Age population, age 18, female",SP.POP.AG18.FE.IN,97152,102740.5,106324,106939.5,105854.5
Romania,ROU,"Age population, age 18, male",SP.POP.AG18.MA.IN,101441,107178.5,110514.5,110993.5,110212
Romania,ROU,"Age population, age 13, female",SP.POP.AG13.FE.IN,107405,108951,107420,102285.5,99111
Romania,ROU,"Age population, age 13, male",SP.POP.AG13.MA.IN,112393.5,114051,111988.5,106699.5,103712
Romania,ROU,"Age population, age 14, female",SP.POP.AG14.FE.IN,106130,107547.5,109071,107282,102151.5
Romania,ROU,"Age population, age 14, male",SP.POP.AG14.MA.IN,110608.5,112506,114147,111847,106555
Romania,ROU,"Age population, age 15, female",SP.POP.AG15.FE.IN,106740,106339.5,107723.5,108898,107138.5
Romania,ROU,"Age population, age 15, male",SP.POP.AG15.MA.IN,110924,110777.5,112648,113970.5,111690
Romania,ROU,"Age population, age 16, female",SP.POP.AG16.FE.IN,105541.5,107032.5,106586.5,107493.5,108709
Romania,ROU,"Age population, age 16, male",SP.POP.AG16.MA.IN,109886.5,111166.5,110985,112416.5,113763.5
Romania,ROU,"Age population, age 17, female",SP.POP.AG17.FE.IN,102267.5,105926,107357.5,106271.5,107207.5
Romania,ROU,"Age population, age 17, male",SP.POP.AG17.MA.IN,106797,110200.5,111432,110662,112106
Russian Federation,RUS,"Age population, age 24, male",SP.POP.AG24.MA.IN,723461,715408.5,707698.5,708736,718097
Russian Federation,RUS,"Age population, age 24, female",SP.POP.AG24.FE.IN,699237.5,692580.5,684553,683967,692484.5
Russian Federation,RUS,"Age population, age 23, male",SP.POP.AG23.MA.IN,711851.5,707783.5,709670.5,718353.5,734691
Russian Federation,RUS,"Age population, age 23, female",SP.POP.AG23.FE.IN,687874.5,682987.5,683651,692353,708976
Russian Federation,RUS,"Age population, age 22, female",SP.POP.AG22.FE.IN,678224.5,682031.5,689366.5,703481.5,743560
Russian Federation,RUS,"Age population, age 22, male",SP.POP.AG22.MA.IN,704114.5,709641,716773,729932,771753
Russian Federation,RUS,"Age population, age 21, male",SP.POP.AG21.MA.IN,706067,716684,725985.5,762450.5,787820.5
Russian Federation,RUS,"Age population, age 21, female",SP.POP.AG21.FE.IN,677405.5,687816.5,698061.5,733177,758142
Russian Federation,RUS,"Age population, age 20, male",SP.POP.AG20.MA.IN,713044.5,725601.5,757079,775791,785526.5
Russian Federation,RUS,"Age population, age 20, female",SP.POP.AG20.FE.IN,683239.5,696418.5,726336.5,744864.5,756863
Russian Federation,RUS,"Age population, age 19, male",SP.POP.AG19.MA.IN,722104.5,756490,770200,773370,777078
Russian Federation,RUS,"Age population, age 19, female",SP.POP.AG19.FE.IN,692103.5,724740,738014,743529.5,746870
Russian Federation,RUS,"Age population, age 18, female",SP.POP.AG18.FE.IN,720616,736307,737878.5,735888,766899.5
Russian Federation,RUS,"Age population, age 18, male",SP.POP.AG18.MA.IN,753037.5,769189.5,768658,767040.5,802950
Russian Federation,RUS,"Age population, age 13, female",SP.POP.AG13.FE.IN,805331.5,831923,830433,855160,909362.5
Russian Federation,RUS,"Age population, age 13, male",SP.POP.AG13.MA.IN,844997.5,872909,873628,901365,960514
Russian Federation,RUS,"Age population, age 14, female",SP.POP.AG14.FE.IN,753113,807914.5,833919,830010,854130
Russian Federation,RUS,"Age population, age 14, male",SP.POP.AG14.MA.IN,790672.5,847490,874873,873144,900354.5
Russian Federation,RUS,"Age population, age 15, female",SP.POP.AG15.FE.IN,727176.5,755839,809732.5,833689.5,829401.5
Russian Federation,RUS,"Age population, age 15, male",SP.POP.AG15.MA.IN,759535,793218.5,849194,874488,872460
Russian Federation,RUS,"Age population, age 16, female",SP.POP.AG16.FE.IN,732626.5,730272.5,757655.5,810200.5,834476.5
Russian Federation,RUS,"Age population, age 16, male",SP.POP.AG16.MA.IN,764228,762352,794833.5,849377.5,875040
Russian Federation,RUS,"Age population, age 17, female",SP.POP.AG17.FE.IN,732472.5,736103.5,732081,759554,813792.5
Russian Federation,RUS,"Age population, age 17, male",SP.POP.AG17.MA.IN,765869.5,767322,763876,796295.5,852518
Rwanda,RWA,"Age population, age 24, male",SP.POP.AG24.MA.IN,108058.5,109591.5,112734.5,117475.5,124049
Rwanda,RWA,"Age population, age 24, female",SP.POP.AG24.FE.IN,111411,114118,118304.5,123572,130109
Rwanda,RWA,"Age population, age 23, male",SP.POP.AG23.MA.IN,110330,113174,117997.5,124468,132456.5
Rwanda,RWA,"Age population, age 23, female",SP.POP.AG23.FE.IN,114802.5,118653.5,123999.5,130424.5,137831
Rwanda,RWA,"Age population, age 22, female",SP.POP.AG22.FE.IN,119306,124349.5,130875.5,138209.5,145822.5
Rwanda,RWA,"Age population, age 22, male",SP.POP.AG22.MA.IN,113963.5,118437.5,125016,132943.5,141531
Rwanda,RWA,"Age population, age 21, male",SP.POP.AG21.MA.IN,119254.5,125454,133510.5,142075.5,149697
Rwanda,RWA,"Age population, age 21, female",SP.POP.AG21.FE.IN,124976,131222,138675.5,146254,152837
Rwanda,RWA,"Age population, age 20, male",SP.POP.AG20.MA.IN,126265.5,133942.5,142644.5,150267,155608.5
Rwanda,RWA,"Age population, age 20, female",SP.POP.AG20.FE.IN,131816.5,139016.5,146721.5,153294.5,157750.5
Rwanda,RWA,"Age population, age 19, male",SP.POP.AG19.MA.IN,134696.5,143063.5,150812,156158.5,158988
Rwanda,RWA,"Age population, age 19, female",SP.POP.AG19.FE.IN,139561.5,147052,153741.5,158193,160323
Rwanda,RWA,"Age population, age 18, female",SP.POP.AG18.FE.IN,147308.5,154051,158594,160711.5,160699.5
Rwanda,RWA,"Age population, age 18, male",SP.POP.AG18.MA.IN,143497,151206,156651.5,159475.5,159978
Rwanda,RWA,"Age population, age 13, female",SP.POP.AG13.FE.IN,160451.5,159048,158916,160148,162769.5
Rwanda,RWA,"Age population, age 13, male",SP.POP.AG13.MA.IN,160383,159190.5,159233,160560.5,163213.5
Rwanda,RWA,"Age population, age 14, female",SP.POP.AG14.FE.IN,161619.5,160228.5,158908,158768.5,160035
Rwanda,RWA,"Age population, age 14, male",SP.POP.AG14.MA.IN,161146,160090,159025,159058,160418.5
Rwanda,RWA,"Age population, age 15, female",SP.POP.AG15.FE.IN,161345.5,161489,160058,158737.5,158639.5
Rwanda,RWA,"Age population, age 15, male",SP.POP.AG15.MA.IN,160313,160951.5,159888,158821.5,158893.5
Rwanda,RWA,"Age population, age 16, female",SP.POP.AG16.FE.IN,158944.5,161296,161280.5,159846.5,158571
Rwanda,RWA,"Age population, age 16, male",SP.POP.AG16.MA.IN,157168.5,160194,160702,159632.5,158607.5
Rwanda,RWA,"Age population, age 17, female",SP.POP.AG17.FE.IN,154135,158874.5,161049,161010.5,159616.5
Rwanda,RWA,"Age population, age 17, male",SP.POP.AG17.MA.IN,151425.5,157006,159892,160372.5,159338.5
Samoa,WSM,"Age population, age 24, male",SP.POP.AG24.MA.IN,1506.5,1413,1446,1585.5,1630.5
Samoa,WSM,"Age population, age 24, female",SP.POP.AG24.FE.IN,1622.5,1500.5,1471.5,1487.5,1442
Samoa,WSM,"Age population, age 23, male",SP.POP.AG23.MA.IN,1470.5,1503,1640.5,1684,1597.5
Samoa,WSM,"Age population, age 23, female",SP.POP.AG23.FE.IN,1561,1531.5,1542.5,1493,1464.5
Samoa,WSM,"Age population, age 22, female",SP.POP.AG22.FE.IN,1592,1603,1546.5,1512,1600
Samoa,WSM,"Age population, age 22, male",SP.POP.AG22.MA.IN,1561.5,1698,1737,1647,1715.5
Samoa,WSM,"Age population, age 21, male",SP.POP.AG21.MA.IN,1754.5,1793.5,1698,1762,1898
Samoa,WSM,"Age population, age 21, female",SP.POP.AG21.FE.IN,1662.5,1605.5,1563.5,1644.5,1753
Samoa,WSM,"Age population, age 20, male",SP.POP.AG20.MA.IN,1848,1751.5,1809,1940,2010.5
Samoa,WSM,"Age population, age 20, female",SP.POP.AG20.FE.IN,1662.5,1620,1692.5,1792.5,1872.5
Samoa,WSM,"Age population, age 19, male",SP.POP.AG19.MA.IN,1801.5,1859,1983.5,2048,2140
Samoa,WSM,"Age population, age 19, female",SP.POP.AG19.FE.IN,1673.5,1745.5,1836.5,1908,2020.5
Samoa,WSM,"Age population, age 18, female",SP.POP.AG18.FE.IN,1793.5,1884.5,1947,2051,2099.5
Samoa,WSM,"Age population, age 18, male",SP.POP.AG18.MA.IN,1903.5,2028.5,2086.5,2172.5,2222.5
Samoa,WSM,"Age population, age 13, female",SP.POP.AG13.FE.IN,2310,2442,2504.5,2599.5,2702.5
Samoa,WSM,"Age population, age 13, male",SP.POP.AG13.MA.IN,2434.5,2546.5,2628,2774,2862.5
Samoa,WSM,"Age population, age 14, female",SP.POP.AG14.FE.IN,2197.5,2296,2428,2491.5,2587.5
Samoa,WSM,"Age population, age 14, male",SP.POP.AG14.MA.IN,2316,2421.5,2534.5,2616,2762
Samoa,WSM,"Age population, age 15, female",SP.POP.AG15.FE.IN,2145.5,2177.5,2276,2411.5,2478.5
Samoa,WSM,"Age population, age 15, male",SP.POP.AG15.MA.IN,2260.5,2298,2403.5,2519,2603
Samoa,WSM,"Age population, age 16, female",SP.POP.AG16.FE.IN,2023.5,2118.5,2151,2256,2397.5
Samoa,WSM,"Age population, age 16, male",SP.POP.AG16.MA.IN,2156,2235.5,2273.5,2384.5,2504.5
Samoa,WSM,"Age population, age 17, female",SP.POP.AG17.FE.IN,1926.5,1989,2084.5,2124.5,2237
Samoa,WSM,"Age population, age 17, male",SP.POP.AG17.MA.IN,2066.5,2124.5,2204.5,2248.5,2365
San Marino,SMR,"Age population, age 24, male",SP.POP.AG24.MA.IN,183,181.5,183,175.5,180.5
San Marino,SMR,"Age population, age 24, female",SP.POP.AG24.FE.IN,164.5,168.5,173.5,168.5,175
San Marino,SMR,"Age population, age 23, male",SP.POP.AG23.MA.IN,182,185.5,177,178.5,194.5
San Marino,SMR,"Age population, age 23, female",SP.POP.AG23.FE.IN,168,175,170,172.5,175.5
San Marino,SMR,"Age population, age 22, female",SP.POP.AG22.FE.IN,173.5,171,173,172,163
San Marino,SMR,"Age population, age 22, male",SP.POP.AG22.MA.IN,185,178,179,191,191.5
San Marino,SMR,"Age population, age 21, male",SP.POP.AG21.MA.IN,178,182,191,187,184
San Marino,SMR,"Age population, age 21, female",SP.POP.AG21.FE.IN,170,175,172,158.5,166.5
San Marino,SMR,"Age population, age 20, male",SP.POP.AG20.MA.IN,183,193,187,179.5,189
San Marino,SMR,"Age population, age 20, female",SP.POP.AG20.FE.IN,174,173,158.5,162,150
San Marino,SMR,"Age population, age 19, male",SP.POP.AG19.MA.IN,192.5,188,179,184.5,191
San Marino,SMR,"Age population, age 19, female",SP.POP.AG19.FE.IN,171,159.5,162,145.5,140.5
San Marino,SMR,"Age population, age 18, female",SP.POP.AG18.FE.IN,159,164,145,136,168
San Marino,SMR,"Age population, age 18, male",SP.POP.AG18.MA.IN,187.5,180.5,184.5,187.5,176
San Marino,SMR,"Age population, age 13, female",SP.POP.AG13.FE.IN,191,177,164.5,175.5,165.5
San Marino,SMR,"Age population, age 13, male",SP.POP.AG13.MA.IN,175.5,183,188,181.5,163.5
San Marino,SMR,"Age population, age 14, female",SP.POP.AG14.FE.IN,168,190,176,164.5,176.5
San Marino,SMR,"Age population, age 14, male",SP.POP.AG14.MA.IN,176,174,181.5,187.5,182
San Marino,SMR,"Age population, age 15, female",SP.POP.AG15.FE.IN,139.5,167,189,175.5,164.5
San Marino,SMR,"Age population, age 15, male",SP.POP.AG15.MA.IN,189.5,175,173,181.5,188.5
San Marino,SMR,"Age population, age 16, female",SP.POP.AG16.FE.IN,148.5,138.5,165.5,188.5,176.5
San Marino,SMR,"Age population, age 16, male",SP.POP.AG16.MA.IN,187,189,173.5,172,182
San Marino,SMR,"Age population, age 17, female",SP.POP.AG17.FE.IN,165,147,136.5,165.5,190.5
San Marino,SMR,"Age population, age 17, male",SP.POP.AG17.MA.IN,181,186.5,188,173.5,174
Sao Tome and Principe,STP,"Age population, age 24, male",SP.POP.AG24.MA.IN,1694.5,1753,1843.5,1944.5,2053
Sao Tome and Principe,STP,"Age population, age 24, female",SP.POP.AG24.FE.IN,1750,1821,1914,2025.5,2154
Sao Tome and Principe,STP,"Age population, age 23, male",SP.POP.AG23.MA.IN,1775,1860.5,1961,2070,2168.5
Sao Tome and Principe,STP,"Age population, age 23, female",SP.POP.AG23.FE.IN,1839.5,1928.5,2039.5,2168.5,2282
Sao Tome and Principe,STP,"Age population, age 22, female",SP.POP.AG22.FE.IN,1947,2054.5,2183.5,2297,2385.5
Sao Tome and Principe,STP,"Age population, age 22, male",SP.POP.AG22.MA.IN,1882.5,1978.5,2087.5,2186,2276.5
Sao Tome and Principe,STP,"Age population, age 21, male",SP.POP.AG21.MA.IN,2000.5,2103.5,2202.5,2294,2403
Sao Tome and Principe,STP,"Age population, age 21, female",SP.POP.AG21.FE.IN,2072.5,2198.5,2312,2400.5,2485.5
Sao Tome and Principe,STP,"Age population, age 20, male",SP.POP.AG20.MA.IN,2125.5,2219.5,2310.5,2419.5,2543
Sao Tome and Principe,STP,"Age population, age 20, female",SP.POP.AG20.FE.IN,2216.5,2327,2415.5,2500.5,2594.5
Sao Tome and Principe,STP,"Age population, age 19, male",SP.POP.AG19.MA.IN,2240,2326,2435.5,2559,2670.5
Sao Tome and Principe,STP,"Age population, age 19, female",SP.POP.AG19.FE.IN,2344,2429.5,2514,2608,2701.5
Sao Tome and Principe,STP,"Age population, age 18, female",SP.POP.AG18.FE.IN,2445,2527,2620.5,2713.5,2783.5
Sao Tome and Principe,STP,"Age population, age 18, male",SP.POP.AG18.MA.IN,2345.5,2449.5,2573,2684.5,2763
Sao Tome and Principe,STP,"Age population, age 13, female",SP.POP.AG13.FE.IN,2849,2827.5,2769.5,2703,2843.5
Sao Tome and Principe,STP,"Age population, age 13, male",SP.POP.AG13.MA.IN,2834,2813.5,2757.5,2722.5,2869
Sao Tome and Principe,STP,"Age population, age 14, female",SP.POP.AG14.FE.IN,2817,2842.5,2823,2765.5,2699
Sao Tome and Principe,STP,"Age population, age 14, male",SP.POP.AG14.MA.IN,2801,2826.5,2810.5,2754,2718.5
Sao Tome and Principe,STP,"Age population, age 15, female",SP.POP.AG15.FE.IN,2743,2809,2836.5,2817.5,2761
Sao Tome and Principe,STP,"Age population, age 15, male",SP.POP.AG15.MA.IN,2718.5,2791,2820.5,2805,2749
Sao Tome and Principe,STP,"Age population, age 16, female",SP.POP.AG16.FE.IN,2643.5,2733.5,2801.5,2830.5,2812.5
Sao Tome and Principe,STP,"Age population, age 16, male",SP.POP.AG16.MA.IN,2600,2706,2783,2813.5,2799
Sao Tome and Principe,STP,"Age population, age 17, female",SP.POP.AG17.FE.IN,2540.5,2631.5,2724,2793.5,2823
Sao Tome and Principe,STP,"Age population, age 17, male",SP.POP.AG17.MA.IN,2467,2585.5,2696,2774,2805.5
Saudi Arabia,SAU,"Age population, age 24, male",SP.POP.AG24.MA.IN,351674.5,358016.5,340321.5,337911,357255.5
Saudi Arabia,SAU,"Age population, age 24, female",SP.POP.AG24.FE.IN,221561.5,222964,224695.5,227059,233777
Saudi Arabia,SAU,"Age population, age 23, male",SP.POP.AG23.MA.IN,314844.5,321670,309799,309921.5,328127
Saudi Arabia,SAU,"Age population, age 23, female",SP.POP.AG23.FE.IN,210854,214751.5,219665,223849.5,230687
Saudi Arabia,SAU,"Age population, age 22, female",SP.POP.AG22.FE.IN,203377,209699,217631.5,223143,229233.5
Saudi Arabia,SAU,"Age population, age 22, male",SP.POP.AG22.MA.IN,283535,291254.5,285130.5,287415,304053
Saudi Arabia,SAU,"Age population, age 21, male",SP.POP.AG21.MA.IN,258352.5,267069,266001.5,269890,284744.5
Saudi Arabia,SAU,"Age population, age 21, female",SP.POP.AG21.FE.IN,199396.5,207843,218130.5,224032,228772.5
Saudi Arabia,SAU,"Age population, age 20, male",SP.POP.AG20.MA.IN,239260.5,248841,251918.5,257052,270350
Saudi Arabia,SAU,"Age population, age 20, female",SP.POP.AG20.FE.IN,198813.5,208751,220263.5,225873.5,229743
Saudi Arabia,SAU,"Age population, age 19, male",SP.POP.AG19.MA.IN,226031.5,236096.5,242569.5,249008.5,261084
Saudi Arabia,SAU,"Age population, age 19, female",SP.POP.AG19.FE.IN,201024.5,211536,223255.5,228836,232623.5
Saudi Arabia,SAU,"Age population, age 18, female",SP.POP.AG18.FE.IN,205004.5,215420,226878,232597,236466.5
Saudi Arabia,SAU,"Age population, age 18, male",SP.POP.AG18.MA.IN,218216,228500,237999.5,245858.5,256302.5
Saudi Arabia,SAU,"Age population, age 13, female",SP.POP.AG13.FE.IN,238449.5,245163,252825.5,257788.5,261320.5
Saudi Arabia,SAU,"Age population, age 13, male",SP.POP.AG13.MA.IN,245966.5,254436,264707,268780,269587.5
Saudi Arabia,SAU,"Age population, age 14, female",SP.POP.AG14.FE.IN,230998.5,238615,247290,252373.5,255830.5
Saudi Arabia,SAU,"Age population, age 14, male",SP.POP.AG14.MA.IN,235267.5,245102.5,257859.5,262292,262276
Saudi Arabia,SAU,"Age population, age 15, female",SP.POP.AG15.FE.IN,223379,231977,241713.5,246991,250236
Saudi Arabia,SAU,"Age population, age 15, male",SP.POP.AG15.MA.IN,224968,235729,250301.5,255610.5,255248
Saudi Arabia,SAU,"Age population, age 16, female",SP.POP.AG16.FE.IN,216273,225689,236241.5,241910,245266.5
Saudi Arabia,SAU,"Age population, age 16, male",SP.POP.AG16.MA.IN,217844,228676,243072.5,250825,253084
Saudi Arabia,SAU,"Age population, age 17, female",SP.POP.AG17.FE.IN,210122,220135,231207,237035,240757.5
Saudi Arabia,SAU,"Age population, age 17, male",SP.POP.AG17.MA.IN,215505.5,226024.5,238347.5,247073.5,254137
Senegal,SEN,"Age population, age 24, male",SP.POP.AG24.MA.IN,155403,161326,166221.5,170146.5,173773.5
Senegal,SEN,"Age population, age 24, female",SP.POP.AG24.FE.IN,154261.5,160203.5,165251.5,169117.5,172214.5
Senegal,SEN,"Age population, age 23, male",SP.POP.AG23.MA.IN,160373.5,166079.5,171089,175059.5,178625
Senegal,SEN,"Age population, age 23, female",SP.POP.AG23.FE.IN,159110.5,164906,169752,173105,175576.5
Senegal,SEN,"Age population, age 22, female",SP.POP.AG22.FE.IN,163896.5,169487,174012,177018,179045.5
Senegal,SEN,"Age population, age 22, male",SP.POP.AG22.MA.IN,165274.5,171057.5,176330,180568,184226
Senegal,SEN,"Age population, age 21, male",SP.POP.AG21.MA.IN,170327.5,176265,182118,186739.5,190506
Senegal,SEN,"Age population, age 21, female",SP.POP.AG21.FE.IN,168560,173747,178164.5,180974,182777.5
Senegal,SEN,"Age population, age 20, male",SP.POP.AG20.MA.IN,175408.5,181950.5,188425.5,193315,197190.5
Senegal,SEN,"Age population, age 20, female",SP.POP.AG20.FE.IN,172767.5,177841,182246,184968,186965
Senegal,SEN,"Age population, age 19, male",SP.POP.AG19.MA.IN,181029,188269.5,194941,199911.5,203975.5
Senegal,SEN,"Age population, age 19, female",SP.POP.AG19.FE.IN,176932.5,182041,186206,189101.5,191621
Senegal,SEN,"Age population, age 18, female",SP.POP.AG18.FE.IN,181377,186108.5,190163.5,193426,196588
Senegal,SEN,"Age population, age 18, male",SP.POP.AG18.MA.IN,187368,194754,201306.5,206275.5,210615.5
Senegal,SEN,"Age population, age 13, female",SP.POP.AG13.FE.IN,202398.5,207219,211034.5,213823,215721
Senegal,SEN,"Age population, age 13, male",SP.POP.AG13.MA.IN,216470,222944.5,227866,231340,234082
Senegal,SEN,"Age population, age 14, female",SP.POP.AG14.FE.IN,197866,202745,207249,210859.5,213649.5
Senegal,SEN,"Age population, age 14, male",SP.POP.AG14.MA.IN,211084.5,217871.5,223461,227575.5,231038
Senegal,SEN,"Age population, age 15, female",SP.POP.AG15.FE.IN,193673,198329,202865.5,207030,210624.5
Senegal,SEN,"Age population, age 15, male",SP.POP.AG15.MA.IN,205608.5,212527.5,218450,223117.5,227203.5
Senegal,SEN,"Age population, age 16, female",SP.POP.AG16.FE.IN,189621,194141.5,198442,202533,206599.5
Senegal,SEN,"Age population, age 16, male",SP.POP.AG16.MA.IN,199858,206934,213043,217968,222511
Senegal,SEN,"Age population, age 17, female",SP.POP.AG17.FE.IN,185600,190088.5,194231,197903,201721.5
Senegal,SEN,"Age population, age 17, male",SP.POP.AG17.MA.IN,193767,201014.5,207345,212307,216897
Serbia,SRB,"Age population, age 24, male",SP.POP.AG24.MA.IN,37343,35717,34888,34250.5,34829.5
Serbia,SRB,"Age population, age 24, female",SP.POP.AG24.FE.IN,37265,35810.5,35089.5,34579,35103.5
Serbia,SRB,"Age population, age 23, male",SP.POP.AG23.MA.IN,35655,34794,34343,35056.5,35538
Serbia,SRB,"Age population, age 23, female",SP.POP.AG23.FE.IN,35738.5,34977.5,34664.5,35336.5,35858
Serbia,SRB,"Age population, age 22, female",SP.POP.AG22.FE.IN,34883,34555.5,35432.5,36107,35495
Serbia,SRB,"Age population, age 22, male",SP.POP.AG22.MA.IN,34724,34251,35158.5,35781.5,35155
Serbia,SRB,"Age population, age 21, male",SP.POP.AG21.MA.IN,34187.5,35069,35890,35407,34765
Serbia,SRB,"Age population, age 21, female",SP.POP.AG21.FE.IN,34445.5,35326,36211,35754.5,34975.5
Serbia,SRB,"Age population, age 20, male",SP.POP.AG20.MA.IN,34991,35801,35514.5,35014,34240
Serbia,SRB,"Age population, age 20, female",SP.POP.AG20.FE.IN,35216,36103.5,35857.5,35231.5,34531.5
Serbia,SRB,"Age population, age 19, male",SP.POP.AG19.MA.IN,35725.5,35419.5,35114.5,34470,33761.5
Serbia,SRB,"Age population, age 19, female",SP.POP.AG19.FE.IN,36013.5,35746.5,35328.5,34770,33967.5
Serbia,SRB,"Age population, age 18, female",SP.POP.AG18.FE.IN,35667.5,35219,34852,34169.5,33345.5
Serbia,SRB,"Age population, age 18, male",SP.POP.AG18.MA.IN,35366,35020,34555,33956,33320
Serbia,SRB,"Age population, age 13, female",SP.POP.AG13.FE.IN,32981,32956.5,32972,32722,32478
Serbia,SRB,"Age population, age 13, male",SP.POP.AG13.MA.IN,33157.5,33286,33285,33041.5,32820
Serbia,SRB,"Age population, age 14, female",SP.POP.AG14.FE.IN,33379.5,33041,33060,32961,32674
Serbia,SRB,"Age population, age 14, male",SP.POP.AG14.MA.IN,33363,33204,33390.5,33276.5,32996
Serbia,SRB,"Age population, age 15, female",SP.POP.AG15.FE.IN,34086.5,33428,33145,33047,32910
Serbia,SRB,"Age population, age 15, male",SP.POP.AG15.MA.IN,33882,33404,33308,33378.5,33226.5
Serbia,SRB,"Age population, age 16, female",SP.POP.AG16.FE.IN,34704,34122,33535,33125,32979.5
Serbia,SRB,"Age population, age 16, male",SP.POP.AG16.MA.IN,34427,33917,33506,33286,33311.5
Serbia,SRB,"Age population, age 17, female",SP.POP.AG17.FE.IN,35161.5,34744,34228.5,33497.5,33022
Serbia,SRB,"Age population, age 17, male",SP.POP.AG17.MA.IN,34980.5,34457,34018,33468,33184.5
Seychelles,SYC,"Age population, age 24, male",SP.POP.AG24.MA.IN,1151,1093,1073,1069,1029
Seychelles,SYC,"Age population, age 24, female",SP.POP.AG24.FE.IN,797.5,733.5,741.5,799.5,805.5
Seychelles,SYC,"Age population, age 23, male",SP.POP.AG23.MA.IN,1052,1025.5,1027.5,994.5,950
Seychelles,SYC,"Age population, age 23, female",SP.POP.AG23.FE.IN,717.5,717,770,773.5,780.5
Seychelles,SYC,"Age population, age 22, female",SP.POP.AG22.FE.IN,704,745.5,746,751.5,788.5
Seychelles,SYC,"Age population, age 22, male",SP.POP.AG22.MA.IN,988.5,981,955,919.5,894
Seychelles,SYC,"Age population, age 21, male",SP.POP.AG21.MA.IN,944.5,909.5,883.5,868,861
Seychelles,SYC,"Age population, age 21, female",SP.POP.AG21.FE.IN,730,721.5,726,763.5,793.5
Seychelles,SYC,"Age population, age 20, male",SP.POP.AG20.MA.IN,877.5,839.5,834.5,839,847
Seychelles,SYC,"Age population, age 20, female",SP.POP.AG20.FE.IN,708,702.5,740.5,772,788
Seychelles,SYC,"Age population, age 19, male",SP.POP.AG19.MA.IN,813,794,809,829,842.5
Seychelles,SYC,"Age population, age 19, female",SP.POP.AG19.FE.IN,692.5,718.5,751,769.5,790
Seychelles,SYC,"Age population, age 18, female",SP.POP.AG18.FE.IN,708,731,751.5,774.5,803.5
Seychelles,SYC,"Age population, age 18, male",SP.POP.AG18.MA.IN,772.5,773,803,827.5,836.5
Seychelles,SYC,"Age population, age 13, female",SP.POP.AG13.FE.IN,781.5,803,825,835,836.5
Seychelles,SYC,"Age population, age 13, male",SP.POP.AG13.MA.IN,787.5,803.5,826.5,850,866.5
Seychelles,SYC,"Age population, age 14, female",SP.POP.AG14.FE.IN,763,787.5,809,830,838.5
Seychelles,SYC,"Age population, age 14, male",SP.POP.AG14.MA.IN,781,795,812.5,832.5,853.5
Seychelles,SYC,"Age population, age 15, female",SP.POP.AG15.FE.IN,738.5,770,795.5,815,833.5
Seychelles,SYC,"Age population, age 15, male",SP.POP.AG15.MA.IN,771.5,790,808.5,821,836.5
Seychelles,SYC,"Age population, age 16, female",SP.POP.AG16.FE.IN,726,746,781,803.5,820
Seychelles,SYC,"Age population, age 16, male",SP.POP.AG16.MA.IN,759,782,809,821,826.5
Seychelles,SYC,"Age population, age 17, female",SP.POP.AG17.FE.IN,721,734,759.5,792,811
Seychelles,SYC,"Age population, age 17, male",SP.POP.AG17.MA.IN,756,772.5,806.5,825,828.5
Sierra Leone,SLE,"Age population, age 24, male",SP.POP.AG24.MA.IN,72907,75460.5,77833.5,80122,82252
Sierra Leone,SLE,"Age population, age 24, female",SP.POP.AG24.FE.IN,72720,75039,77359.5,79385.5,81100
Sierra Leone,SLE,"Age population, age 23, male",SP.POP.AG23.MA.IN,75715.5,78100,80485.5,82718.5,84699.5
Sierra Leone,SLE,"Age population, age 23, female",SP.POP.AG23.FE.IN,75223.5,77548.5,79673,81490.5,83425
Sierra Leone,SLE,"Age population, age 22, female",SP.POP.AG22.FE.IN,77736,79864,81791,83840,85702.5
Sierra Leone,SLE,"Age population, age 22, male",SP.POP.AG22.MA.IN,78368.5,80765,83106.5,85202,86677
Sierra Leone,SLE,"Age population, age 21, male",SP.POP.AG21.MA.IN,81042,83394,85605.5,87202,87904
Sierra Leone,SLE,"Age population, age 21, female",SP.POP.AG21.FE.IN,80054,81983,84149.5,86134.5,87043.5
Sierra Leone,SLE,"Age population, age 20, male",SP.POP.AG20.MA.IN,83675.5,85898,87608.5,88428.5,89426.5
Sierra Leone,SLE,"Age population, age 20, female",SP.POP.AG20.FE.IN,82173.5,84343,86445,87475,88449.5
Sierra Leone,SLE,"Age population, age 19, male",SP.POP.AG19.MA.IN,86176.5,87897,88819.5,89926,91978.5
Sierra Leone,SLE,"Age population, age 19, female",SP.POP.AG19.FE.IN,84533,86638.5,87773.5,88858.5,90883.5
Sierra Leone,SLE,"Age population, age 18, female",SP.POP.AG18.FE.IN,86827.5,87964.5,89133.5,91249.5,93368.5
Sierra Leone,SLE,"Age population, age 18, male",SP.POP.AG18.MA.IN,88166.5,89096.5,90285.5,92429,94534
Sierra Leone,SLE,"Age population, age 13, female",SP.POP.AG13.FE.IN,96478,98530,100128,101736.5,103242.5
Sierra Leone,SLE,"Age population, age 13, male",SP.POP.AG13.MA.IN,97848,99816.5,101329.5,102883.5,104363.5
Sierra Leone,SLE,"Age population, age 14, female",SP.POP.AG14.FE.IN,94219.5,96324,98368.5,99969,101578
Sierra Leone,SLE,"Age population, age 14, male",SP.POP.AG14.MA.IN,95619.5,97661.5,99618,101134,102688.5
Sierra Leone,SLE,"Age population, age 15, female",SP.POP.AG15.FE.IN,91840.5,94059.5,96157,98201.5,99800.5
Sierra Leone,SLE,"Age population, age 15, male",SP.POP.AG15.MA.IN,93209.5,95419.5,97449.5,99406.5,100921
Sierra Leone,SLE,"Age population, age 16, female",SP.POP.AG16.FE.IN,89493.5,91673,93885.5,95973,98005.5
Sierra Leone,SLE,"Age population, age 16, male",SP.POP.AG16.MA.IN,90780.5,92993.5,95191,97211.5,99156.5
Sierra Leone,SLE,"Age population, age 17, female",SP.POP.AG17.FE.IN,88147,89318.5,91493,93675,95729
Sierra Leone,SLE,"Age population, age 17, male",SP.POP.AG17.MA.IN,89349,90547.5,92748.5,94915.5,96902
Singapore,SGP,"Age population, age 24, male",SP.POP.AG24.MA.IN,63248.5,63854.5,65157,65163.5,64200
Singapore,SGP,"Age population, age 24, female",SP.POP.AG24.FE.IN,51339.5,51493.5,52206.5,52434,52109
Singapore,SGP,"Age population, age 23, male",SP.POP.AG23.MA.IN,62011,62769.5,64583.5,63584,60816
Singapore,SGP,"Age population, age 23, female",SP.POP.AG23.FE.IN,50154.5,50351,51849.5,51520,49827.5
Singapore,SGP,"Age population, age 22, female",SP.POP.AG22.FE.IN,48656.5,49807,50830.5,49024.5,46922
Singapore,SGP,"Age population, age 22, male",SP.POP.AG22.MA.IN,60328.5,61929.5,62905.5,59996,56550
Singapore,SGP,"Age population, age 21, male",SP.POP.AG21.MA.IN,58754.5,59952.5,59241,55559.5,51804
Singapore,SGP,"Age population, age 21, female",SP.POP.AG21.FE.IN,47622.5,48571,48252,45938.5,43573.5
Singapore,SGP,"Age population, age 20, male",SP.POP.AG20.MA.IN,55948,55960.5,54781,50737.5,46674.5
Singapore,SGP,"Age population, age 20, female",SP.POP.AG20.FE.IN,45807.5,45771,45138,42506.5,39966.5
Singapore,SGP,"Age population, age 19, male",SP.POP.AG19.MA.IN,51126,51190,50006,45662,41496
Singapore,SGP,"Age population, age 19, female",SP.POP.AG19.FE.IN,42373,42430,41750.5,38950.5,36252.5
Singapore,SGP,"Age population, age 18, female",SP.POP.AG18.FE.IN,38489.5,38875.5,38308,35410.5,32377.5
Singapore,SGP,"Age population, age 18, male",SP.POP.AG18.MA.IN,45689,46206.5,45043,40657,36416.5
Singapore,SGP,"Age population, age 13, female",SP.POP.AG13.FE.IN,22877.5,22834,22100.5,21210.5,21340.5
Singapore,SGP,"Age population, age 13, male",SP.POP.AG13.MA.IN,25008,25003,23943.5,22527.5,22551.5
Singapore,SGP,"Age population, age 14, female",SP.POP.AG14.FE.IN,24614,25291.5,24330,22180,21250
Singapore,SGP,"Age population, age 14, male",SP.POP.AG14.MA.IN,27463,28150,26877.5,24018.5,22570
Singapore,SGP,"Age population, age 15, female",SP.POP.AG15.FE.IN,27883,28770.5,27762,24449.5,22244
Singapore,SGP,"Age population, age 15, male",SP.POP.AG15.MA.IN,31212,32232.5,30953.5,26987.5,24085
Singapore,SGP,"Age population, age 16, female",SP.POP.AG16.FE.IN,31361.5,32216.5,31456,27959,24605
Singapore,SGP,"Age population, age 16, male",SP.POP.AG16.MA.IN,35592,36627.5,35514,31138,27145.5
Singapore,SGP,"Age population, age 17, female",SP.POP.AG17.FE.IN,34709.5,35429.5,34922.5,31782.5,28302
Singapore,SGP,"Age population, age 17, male",SP.POP.AG17.MA.IN,40399,41237,40190,35823,31481.5
Sint Maarten (Dutch part),SXM,"Age population, age 24, male",SP.POP.AG24.MA.IN,204.5,194.5,196.5,207,222.5
Sint Maarten (Dutch part),SXM,"Age population, age 24, female",SP.POP.AG24.FE.IN,223.5,217.5,219,229,242.5
Sint Maarten (Dutch part),SXM,"Age population, age 23, male",SP.POP.AG23.MA.IN,192,186.5,197.5,213,231
Sint Maarten (Dutch part),SXM,"Age population, age 23, female",SP.POP.AG23.FE.IN,213.5,207,218,233,247
Sint Maarten (Dutch part),SXM,"Age population, age 22, female",SP.POP.AG22.FE.IN,204,206,222.5,238,248.5
Sint Maarten (Dutch part),SXM,"Age population, age 22, male",SP.POP.AG22.MA.IN,183.5,186.5,203,222,248.5
Sint Maarten (Dutch part),SXM,"Age population, age 21, male",SP.POP.AG21.MA.IN,184,192,212.5,240.5,267.5
Sint Maarten (Dutch part),SXM,"Age population, age 21, female",SP.POP.AG21.FE.IN,203,210.5,228,241,255.5
Sint Maarten (Dutch part),SXM,"Age population, age 20, male",SP.POP.AG20.MA.IN,191,203,232,260.5,278.5
Sint Maarten (Dutch part),SXM,"Age population, age 20, female",SP.POP.AG20.FE.IN,209,217.5,232,249,262.5
Sint Maarten (Dutch part),SXM,"Age population, age 19, male",SP.POP.AG19.MA.IN,201,222,252,272,288.5
Sint Maarten (Dutch part),SXM,"Age population, age 19, female",SP.POP.AG19.FE.IN,216.5,222.5,240.5,256,262
Sint Maarten (Dutch part),SXM,"Age population, age 18, female",SP.POP.AG18.FE.IN,220.5,231.5,249,257,265.5
Sint Maarten (Dutch part),SXM,"Age population, age 18, male",SP.POP.AG18.MA.IN,219,243,265,283.5,296.5
Sint Maarten (Dutch part),SXM,"Age population, age 13, female",SP.POP.AG13.FE.IN,257,259.5,258.5,256,252.5
Sint Maarten (Dutch part),SXM,"Age population, age 13, male",SP.POP.AG13.MA.IN,290,303.5,301,295.5,293
Sint Maarten (Dutch part),SXM,"Age population, age 14, female",SP.POP.AG14.FE.IN,250.5,258.5,262.5,261,258
Sint Maarten (Dutch part),SXM,"Age population, age 14, male",SP.POP.AG14.MA.IN,279,293.5,305.5,303,297.5
Sint Maarten (Dutch part),SXM,"Age population, age 15, female",SP.POP.AG15.FE.IN,243,251.5,262.5,265.5,263
Sint Maarten (Dutch part),SXM,"Age population, age 15, male",SP.POP.AG15.MA.IN,268,282.5,296.5,308,305
Sint Maarten (Dutch part),SXM,"Age population, age 16, female",SP.POP.AG16.FE.IN,239.5,243.5,256,266.5,268.5
Sint Maarten (Dutch part),SXM,"Age population, age 16, male",SP.POP.AG16.MA.IN,254.5,271.5,287.5,300,310
Sint Maarten (Dutch part),SXM,"Age population, age 17, female",SP.POP.AG17.FE.IN,229.5,241,250.5,261,269.5
Sint Maarten (Dutch part),SXM,"Age population, age 17, male",SP.POP.AG17.MA.IN,240,258,277.5,292,303
Slovak Republic,SVK,"Age population, age 24, male",SP.POP.AG24.MA.IN,30427,29747,29173.5,28478,27064
Slovak Republic,SVK,"Age population, age 24, female",SP.POP.AG24.FE.IN,28738,28231,27945.5,27309,25531.5
Slovak Republic,SVK,"Age population, age 23, male",SP.POP.AG23.MA.IN,29595,28928.5,28681,27564,25969
Slovak Republic,SVK,"Age population, age 23, female",SP.POP.AG23.FE.IN,28081,27697,27499.5,26022.5,24536.5
Slovak Republic,SVK,"Age population, age 22, female",SP.POP.AG22.FE.IN,27553,27257,26210,25015,24663
Slovak Republic,SVK,"Age population, age 22, male",SP.POP.AG22.MA.IN,28782,28444.5,27764,26454.5,25928
Slovak Republic,SVK,"Age population, age 21, male",SP.POP.AG21.MA.IN,28300.5,27529.5,26645,26389,26849.5
Slovak Republic,SVK,"Age population, age 21, female",SP.POP.AG21.FE.IN,27114,25971.5,25196.5,25118.5,25432.5
Slovak Republic,SVK,"Age population, age 20, male",SP.POP.AG20.MA.IN,27383,26412,26568.5,27279,27721
Slovak Republic,SVK,"Age population, age 20, female",SP.POP.AG20.FE.IN,25830.5,24964.5,25290,25857.5,26171
Slovak Republic,SVK,"Age population, age 19, male",SP.POP.AG19.MA.IN,26273.5,26350,27442.5,28109,27861
Slovak Republic,SVK,"Age population, age 19, female",SP.POP.AG19.FE.IN,24833.5,25074.5,26013,26555,26257
Slovak Republic,SVK,"Age population, age 18, female",SP.POP.AG18.FE.IN,24937.5,25799,26686.5,26584,26439.5
Slovak Republic,SVK,"Age population, age 18, male",SP.POP.AG18.MA.IN,26206,27224.5,28245,28191,27919
Slovak Republic,SVK,"Age population, age 13, female",SP.POP.AG13.FE.IN,27116.5,28560,29313,29859,29194.5
Slovak Republic,SVK,"Age population, age 13, male",SP.POP.AG13.MA.IN,28582,30279,30645,30927.5,30797
Slovak Republic,SVK,"Age population, age 14, female",SP.POP.AG14.FE.IN,26340.5,27319.5,28792.5,29279.5,29751.5
Slovak Republic,SVK,"Age population, age 14, male",SP.POP.AG14.MA.IN,27800,28797,30524.5,30612.5,30819.5
Slovak Republic,SVK,"Age population, age 15, female",SP.POP.AG15.FE.IN,26274,26532,27548.5,28757,29170
Slovak Republic,SVK,"Age population, age 15, male",SP.POP.AG15.MA.IN,27856.5,28004.5,29037.5,30488,30501
Slovak Republic,SVK,"Age population, age 16, female",SP.POP.AG16.FE.IN,26300.5,26455,26762,27502.5,28624.5
Slovak Republic,SVK,"Age population, age 16, male",SP.POP.AG16.MA.IN,27834,28053,28245.5,28990,30354
Slovak Republic,SVK,"Age population, age 17, female",SP.POP.AG17.FE.IN,25649.5,26470,26683.5,26694,27318.5
Slovak Republic,SVK,"Age population, age 17, male",SP.POP.AG17.MA.IN,27063,28016.5,28291.5,28176,28804.5
Slovenia,SVN,"Age population, age 24, male",SP.POP.AG24.MA.IN,12082.5,11611.5,11137.5,10976,10716
Slovenia,SVN,"Age population, age 24, female",SP.POP.AG24.FE.IN,10276,10070.5,9832.5,9973,9882
Slovenia,SVN,"Age population, age 23, male",SP.POP.AG23.MA.IN,11566,11105,10889,10568.5,10236
Slovenia,SVN,"Age population, age 23, female",SP.POP.AG23.FE.IN,10024,9799,9915.5,9797,9567
Slovenia,SVN,"Age population, age 22, female",SP.POP.AG22.FE.IN,9754,9884,9708.5,9417.5,9500
Slovenia,SVN,"Age population, age 22, male",SP.POP.AG22.MA.IN,11060.5,10856.5,10447,10020.5,10098.5
Slovenia,SVN,"Age population, age 21, male",SP.POP.AG21.MA.IN,10814,10414,9868.5,9824,10124.5
Slovenia,SVN,"Age population, age 21, female",SP.POP.AG21.FE.IN,9839,9676,9299,9292,9677.5
Slovenia,SVN,"Age population, age 20, male",SP.POP.AG20.MA.IN,10372.5,9836.5,9660,9822,10279.5
Slovenia,SVN,"Age population, age 20, female",SP.POP.AG20.FE.IN,9631,9267,9160,9439,9875.5
Slovenia,SVN,"Age population, age 19, male",SP.POP.AG19.MA.IN,9799,9630,9665,9989.5,10523.5
Slovenia,SVN,"Age population, age 19, female",SP.POP.AG19.FE.IN,9225,9129.5,9311,9644.5,9971
Slovenia,SVN,"Age population, age 18, female",SP.POP.AG18.FE.IN,9090,9280.5,9536,9778.5,10341
Slovenia,SVN,"Age population, age 18, male",SP.POP.AG18.MA.IN,9595.5,9636,9857.5,10282.5,10871.5
Slovenia,SVN,"Age population, age 13, female",SP.POP.AG13.FE.IN,10859,11211.5,11242.5,11299.5,11136.5
Slovenia,SVN,"Age population, age 13, male",SP.POP.AG13.MA.IN,11186.5,11668,11878,11841,11718.5
Slovenia,SVN,"Age population, age 14, female",SP.POP.AG14.FE.IN,10098,10884.5,11246.5,11259.5,11304.5
Slovenia,SVN,"Age population, age 14, male",SP.POP.AG14.MA.IN,10574.5,11213.5,11705,11902,11859
Slovenia,SVN,"Age population, age 15, female",SP.POP.AG15.FE.IN,9637,10125.5,10917.5,11265.5,11270.5
Slovenia,SVN,"Age population, age 15, male",SP.POP.AG15.MA.IN,10124.5,10603.5,11248,11730.5,11926
Slovenia,SVN,"Age population, age 16, female",SP.POP.AG16.FE.IN,9471.5,9667.5,10156.5,10945.5,11297.5
Slovenia,SVN,"Age population, age 16, male",SP.POP.AG16.MA.IN,9797.5,10153.5,10636,11286,11780
Slovenia,SVN,"Age population, age 17, female",SP.POP.AG17.FE.IN,9244,9505.5,9698.5,10206.5,11021.5
Slovenia,SVN,"Age population, age 17, male",SP.POP.AG17.MA.IN,9604.5,9828.5,10185,10700,11388
Small states,SST,"Age population, age 24, male",SP.POP.AG24.MA.IN,..,..,..,..,..
Small states,SST,"Age population, age 24, female",SP.POP.AG24.FE.IN,..,..,..,..,..
Small states,SST,"Age population, age 23, male",SP.POP.AG23.MA.IN,..,..,..,..,..
Small states,SST,"Age population, age 23, female",SP.POP.AG23.FE.IN,..,..,..,..,..
Small states,SST,"Age population, age 22, female",SP.POP.AG22.FE.IN,..,..,..,..,..
Small states,SST,"Age population, age 22, male",SP.POP.AG22.MA.IN,..,..,..,..,..
Small states,SST,"Age population, age 21, male",SP.POP.AG21.MA.IN,..,..,..,..,..
Small states,SST,"Age population, age 21, female",SP.POP.AG21.FE.IN,..,..,..,..,..
Small states,SST,"Age population, age 20, male",SP.POP.AG20.MA.IN,..,..,..,..,..
Small states,SST,"Age population, age 20, female",SP.POP.AG20.FE.IN,..,..,..,..,..
Small states,SST,"Age population, age 19, male",SP.POP.AG19.MA.IN,..,..,..,..,..
Small states,SST,"Age population, age 19, female",SP.POP.AG19.FE.IN,..,..,..,..,..
Small states,SST,"Age population, age 18, female",SP.POP.AG18.FE.IN,..,..,..,..,..
Small states,SST,"Age population, age 18, male",SP.POP.AG18.MA.IN,..,..,..,..,..
Small states,SST,"Age population, age 13, female",SP.POP.AG13.FE.IN,..,..,..,..,..
Small states,SST,"Age population, age 13, male",SP.POP.AG13.MA.IN,..,..,..,..,..
Small states,SST,"Age population, age 14, female",SP.POP.AG14.FE.IN,..,..,..,..,..
Small states,SST,"Age population, age 14, male",SP.POP.AG14.MA.IN,..,..,..,..,..
Small states,SST,"Age population, age 15, female",SP.POP.AG15.FE.IN,..,..,..,..,..
Small states,SST,"Age population, age 15, male",SP.POP.AG15.MA.IN,..,..,..,..,..
Small states,SST,"Age population, age 16, female",SP.POP.AG16.FE.IN,..,..,..,..,..
Small states,SST,"Age population, age 16, male",SP.POP.AG16.MA.IN,..,..,..,..,..
Small states,SST,"Age population, age 17, female",SP.POP.AG17.FE.IN,..,..,..,..,..
Small states,SST,"Age population, age 17, male",SP.POP.AG17.MA.IN,..,..,..,..,..
Solomon Islands,SLB,"Age population, age 24, male",SP.POP.AG24.MA.IN,6459,6745,7023,7289,7538.5
Solomon Islands,SLB,"Age population, age 24, female",SP.POP.AG24.FE.IN,6403,6684,6935.5,7154,7342
Solomon Islands,SLB,"Age population, age 23, male",SP.POP.AG23.MA.IN,6726.5,7003.5,7271,7522.5,7754
Solomon Islands,SLB,"Age population, age 23, female",SP.POP.AG23.FE.IN,6661,6911.5,7133.5,7326,7491
Solomon Islands,SLB,"Age population, age 22, female",SP.POP.AG22.FE.IN,6888.5,7109.5,7307.5,7479,7622.5
Solomon Islands,SLB,"Age population, age 22, male",SP.POP.AG22.MA.IN,6985.5,7252,7507.5,7743,7956
Solomon Islands,SLB,"Age population, age 21, male",SP.POP.AG21.MA.IN,7235,7489.5,7731,7950,8141.5
Solomon Islands,SLB,"Age population, age 21, female",SP.POP.AG21.FE.IN,7087,7283.5,7462.5,7614,7732
Solomon Islands,SLB,"Age population, age 20, male",SP.POP.AG20.MA.IN,7474.5,7714.5,7941,8140,8277.5
Solomon Islands,SLB,"Age population, age 20, female",SP.POP.AG20.FE.IN,7262.5,7440.5,7600.5,7727.5,7788
Solomon Islands,SLB,"Age population, age 19, male",SP.POP.AG19.MA.IN,7701,7926,8132,8277.5,8409.5
Solomon Islands,SLB,"Age population, age 19, female",SP.POP.AG19.FE.IN,7421,7579.5,7715,7785,7848
Solomon Islands,SLB,"Age population, age 18, female",SP.POP.AG18.FE.IN,7562.5,7697,7774.5,7846,7984
Solomon Islands,SLB,"Age population, age 18, male",SP.POP.AG18.MA.IN,7915,8120,8271.5,8410.5,8597
Solomon Islands,SLB,"Age population, age 13, female",SP.POP.AG13.FE.IN,8168.5,8436,8757,9076.5,9343.5
Solomon Islands,SLB,"Age population, age 13, male",SP.POP.AG13.MA.IN,8823,9091.5,9396.5,9696.5,9949.5
Solomon Islands,SLB,"Age population, age 14, female",SP.POP.AG14.FE.IN,7962.5,8171,8438.5,8759,9078
Solomon Islands,SLB,"Age population, age 14, male",SP.POP.AG14.MA.IN,8589,8822.5,9091.5,9396.5,9696.5
Solomon Islands,SLB,"Age population, age 15, female",SP.POP.AG15.FE.IN,7817,7967.5,8176.5,8442,8760
Solomon Islands,SLB,"Age population, age 15, male",SP.POP.AG15.MA.IN,8395,8591,8824.5,9092.5,9396
Solomon Islands,SLB,"Age population, age 16, female",SP.POP.AG16.FE.IN,7747.5,7825,7976,8181.5,8443
Solomon Islands,SLB,"Age population, age 16, male",SP.POP.AG16.MA.IN,8255.5,8399,8595.5,8826,9090.5
Solomon Islands,SLB,"Age population, age 17, female",SP.POP.AG17.FE.IN,7682.5,7759,7837.5,7983,8182
Solomon Islands,SLB,"Age population, age 17, male",SP.POP.AG17.MA.IN,8111,8262,8406.5,8599,8825
Somalia,SOM,"Age population, age 24, male",SP.POP.AG24.MA.IN,146733,151898,156882,162199,166877
Somalia,SOM,"Age population, age 24, female",SP.POP.AG24.FE.IN,144979,150128.5,155083.5,160554,165472.5
Somalia,SOM,"Age population, age 23, male",SP.POP.AG23.MA.IN,153125.5,158150,163147,168254.5,172667
Somalia,SOM,"Age population, age 23, female",SP.POP.AG23.FE.IN,150933,155837.5,160935,166248.5,170885.5
Somalia,SOM,"Age population, age 22, female",SP.POP.AG22.FE.IN,156648,161700.5,166952,172318.5,176532.5
Somalia,SOM,"Age population, age 22, male",SP.POP.AG22.MA.IN,159400.5,164456,169564,174750.5,178762
Somalia,SOM,"Age population, age 21, male",SP.POP.AG21.MA.IN,165716,170894,176371.5,181464.5,185220
Somalia,SOM,"Age population, age 21, female",SP.POP.AG21.FE.IN,162522,167729.5,173316.5,178561,182466
Somalia,SOM,"Age population, age 20, male",SP.POP.AG20.MA.IN,172137.5,177681.5,183227,188242.5,192114.5
Somalia,SOM,"Age population, age 20, female",SP.POP.AG20.FE.IN,168561.5,174102.5,179725.5,184836,188731.5
Somalia,SOM,"Age population, age 19, male",SP.POP.AG19.MA.IN,178886,184478.5,189921,195047,199287
Somalia,SOM,"Age population, age 19, female",SP.POP.AG19.FE.IN,174945,180519,185989,191086,195192
Somalia,SOM,"Age population, age 18, female",SP.POP.AG18.FE.IN,181367.5,186785.5,192074.5,197223,201811.5
Somalia,SOM,"Age population, age 18, male",SP.POP.AG18.MA.IN,185629,191093.5,196464.5,201792.5,206607
Somalia,SOM,"Age population, age 13, female",SP.POP.AG13.FE.IN,210631,211819.5,211217,216453.5,234946.5
Somalia,SOM,"Age population, age 13, male",SP.POP.AG13.MA.IN,216717.5,218336,217678,222182,240408
Somalia,SOM,"Age population, age 14, female",SP.POP.AG14.FE.IN,205485,209755.5,211014.5,211110.5,216093.5
Somalia,SOM,"Age population, age 14, male",SP.POP.AG14.MA.IN,211195,215757,217439.5,217509.5,221749
Somalia,SOM,"Age population, age 15, female",SP.POP.AG15.FE.IN,199606,204625,208959.5,210855,210685
Somalia,SOM,"Age population, age 15, male",SP.POP.AG15.MA.IN,204900.5,210216.5,214826,217170.5,216964.5
Somalia,SOM,"Age population, age 16, female",SP.POP.AG16.FE.IN,193719.5,198754.5,203833,208680.5,210218.5
Somalia,SOM,"Age population, age 16, male",SP.POP.AG16.MA.IN,198605.5,203892.5,209240.5,214375.5,216347
Somalia,SOM,"Age population, age 17, female",SP.POP.AG17.FE.IN,187636,192869.5,197962.5,203352,207650
Somalia,SOM,"Age population, age 17, male",SP.POP.AG17.MA.IN,192188.5,197558,202863,208513.5,213074.5
South Africa,ZAF,"Age population, age 24, male",SP.POP.AG24.MA.IN,546930.5,544161,544545,541037.5,530423.5
South Africa,ZAF,"Age population, age 24, female",SP.POP.AG24.FE.IN,551862.5,545151.5,537944,528966,516547.5
South Africa,ZAF,"Age population, age 23, male",SP.POP.AG23.MA.IN,538926,540442,537575.5,527702,516786.5
South Africa,ZAF,"Age population, age 23, female",SP.POP.AG23.FE.IN,539461,535667,525787.5,512597.5,501669
South Africa,ZAF,"Age population, age 22, female",SP.POP.AG22.FE.IN,529750,523421.5,508438,495825.5,494615.5
South Africa,ZAF,"Age population, age 22, male",SP.POP.AG22.MA.IN,534524,533305.5,523030.5,511811,508853.5
South Africa,ZAF,"Age population, age 21, male",SP.POP.AG21.MA.IN,527292,518692.5,506133.5,501937,513441.5
South Africa,ZAF,"Age population, age 21, female",SP.POP.AG21.FE.IN,517851.5,506049,490871,487186,501546.5
South Africa,ZAF,"Age population, age 20, male",SP.POP.AG20.MA.IN,512238.5,501866,495786,505507.5,528332
South Africa,ZAF,"Age population, age 20, female",SP.POP.AG20.FE.IN,500302,488538.5,481888,493355.5,518571.5
South Africa,ZAF,"Age population, age 19, male",SP.POP.AG19.MA.IN,496804.5,491759,499608.5,520641.5,542344.5
South Africa,ZAF,"Age population, age 19, female",SP.POP.AG19.FE.IN,484249.5,479706.5,488325.5,510740.5,534776
South Africa,ZAF,"Age population, age 18, female",SP.POP.AG18.FE.IN,476553.5,486392.5,506524.5,528299,543452
South Africa,ZAF,"Age population, age 18, male",SP.POP.AG18.MA.IN,487925.5,496000,515639,535997.5,548575
South Africa,ZAF,"Age population, age 13, female",SP.POP.AG13.FE.IN,540226.5,541200,539180.5,534884,530308.5
South Africa,ZAF,"Age population, age 13, male",SP.POP.AG13.MA.IN,544532,544976,543495.5,539165,533936.5
South Africa,ZAF,"Age population, age 14, female",SP.POP.AG14.FE.IN,535587,540692,541546.5,539572,535290
South Africa,ZAF,"Age population, age 14, male",SP.POP.AG14.MA.IN,540255,543953,545695,543944,539300.5
South Africa,ZAF,"Age population, age 15, female",SP.POP.AG15.FE.IN,523250.5,536072,541289.5,542111.5,540081.5
South Africa,ZAF,"Age population, age 15, male",SP.POP.AG15.MA.IN,529577,539997.5,545158.5,546432.5,544174
South Africa,ZAF,"Age population, age 16, female",SP.POP.AG16.FE.IN,504181,523959,536980.5,542329.5,543268.5
South Africa,ZAF,"Age population, age 16, male",SP.POP.AG16.MA.IN,511973,529840.5,541789,546518,547321.5
South Africa,ZAF,"Age population, age 17, female",SP.POP.AG17.FE.IN,484869.5,504914,525216.5,538906,544916
South Africa,ZAF,"Age population, age 17, male",SP.POP.AG17.MA.IN,494162.5,512586.5,532266.5,544199.5,548878.5
South Asia,SAS,"Age population, age 24, male",SP.POP.AG24.MA.IN,..,..,..,..,..
South Asia,SAS,"Age population, age 24, female",SP.POP.AG24.FE.IN,..,..,..,..,..
South Asia,SAS,"Age population, age 23, male",SP.POP.AG23.MA.IN,..,..,..,..,..
South Asia,SAS,"Age population, age 23, female",SP.POP.AG23.FE.IN,..,..,..,..,..
South Asia,SAS,"Age population, age 22, female",SP.POP.AG22.FE.IN,..,..,..,..,..
South Asia,SAS,"Age population, age 22, male",SP.POP.AG22.MA.IN,..,..,..,..,..
South Asia,SAS,"Age population, age 21, male",SP.POP.AG21.MA.IN,..,..,..,..,..
South Asia,SAS,"Age population, age 21, female",SP.POP.AG21.FE.IN,..,..,..,..,..
South Asia,SAS,"Age population, age 20, male",SP.POP.AG20.MA.IN,..,..,..,..,..
South Asia,SAS,"Age population, age 20, female",SP.POP.AG20.FE.IN,..,..,..,..,..
South Asia,SAS,"Age population, age 19, male",SP.POP.AG19.MA.IN,..,..,..,..,..
South Asia,SAS,"Age population, age 19, female",SP.POP.AG19.FE.IN,..,..,..,..,..
South Asia,SAS,"Age population, age 18, female",SP.POP.AG18.FE.IN,..,..,..,..,..
South Asia,SAS,"Age population, age 18, male",SP.POP.AG18.MA.IN,..,..,..,..,..
South Asia,SAS,"Age population, age 13, female",SP.POP.AG13.FE.IN,..,..,..,..,..
South Asia,SAS,"Age population, age 13, male",SP.POP.AG13.MA.IN,..,..,..,..,..
South Asia,SAS,"Age population, age 14, female",SP.POP.AG14.FE.IN,..,..,..,..,..
South Asia,SAS,"Age population, age 14, male",SP.POP.AG14.MA.IN,..,..,..,..,..
South Asia,SAS,"Age population, age 15, female",SP.POP.AG15.FE.IN,..,..,..,..,..
South Asia,SAS,"Age population, age 15, male",SP.POP.AG15.MA.IN,..,..,..,..,..
South Asia,SAS,"Age population, age 16, female",SP.POP.AG16.FE.IN,..,..,..,..,..
South Asia,SAS,"Age population, age 16, male",SP.POP.AG16.MA.IN,..,..,..,..,..
South Asia,SAS,"Age population, age 17, female",SP.POP.AG17.FE.IN,..,..,..,..,..
South Asia,SAS,"Age population, age 17, male",SP.POP.AG17.MA.IN,..,..,..,..,..
South Asia (IDA & IBRD),TSA,"Age population, age 24, male",SP.POP.AG24.MA.IN,..,..,..,..,..
South Asia (IDA & IBRD),TSA,"Age population, age 24, female",SP.POP.AG24.FE.IN,..,..,..,..,..
South Asia (IDA & IBRD),TSA,"Age population, age 23, male",SP.POP.AG23.MA.IN,..,..,..,..,..
South Asia (IDA & IBRD),TSA,"Age population, age 23, female",SP.POP.AG23.FE.IN,..,..,..,..,..
South Asia (IDA & IBRD),TSA,"Age population, age 22, female",SP.POP.AG22.FE.IN,..,..,..,..,..
South Asia (IDA & IBRD),TSA,"Age population, age 22, male",SP.POP.AG22.MA.IN,..,..,..,..,..
South Asia (IDA & IBRD),TSA,"Age population, age 21, male",SP.POP.AG21.MA.IN,..,..,..,..,..
South Asia (IDA & IBRD),TSA,"Age population, age 21, female",SP.POP.AG21.FE.IN,..,..,..,..,..
South Asia (IDA & IBRD),TSA,"Age population, age 20, male",SP.POP.AG20.MA.IN,..,..,..,..,..
South Asia (IDA & IBRD),TSA,"Age population, age 20, female",SP.POP.AG20.FE.IN,..,..,..,..,..
South Asia (IDA & IBRD),TSA,"Age population, age 19, male",SP.POP.AG19.MA.IN,..,..,..,..,..
South Asia (IDA & IBRD),TSA,"Age population, age 19, female",SP.POP.AG19.FE.IN,..,..,..,..,..
South Asia (IDA & IBRD),TSA,"Age population, age 18, female",SP.POP.AG18.FE.IN,..,..,..,..,..
South Asia (IDA & IBRD),TSA,"Age population, age 18, male",SP.POP.AG18.MA.IN,..,..,..,..,..
South Asia (IDA & IBRD),TSA,"Age population, age 13, female",SP.POP.AG13.FE.IN,..,..,..,..,..
South Asia (IDA & IBRD),TSA,"Age population, age 13, male",SP.POP.AG13.MA.IN,..,..,..,..,..
South Asia (IDA & IBRD),TSA,"Age population, age 14, female",SP.POP.AG14.FE.IN,..,..,..,..,..
South Asia (IDA & IBRD),TSA,"Age population, age 14, male",SP.POP.AG14.MA.IN,..,..,..,..,..
South Asia (IDA & IBRD),TSA,"Age population, age 15, female",SP.POP.AG15.FE.IN,..,..,..,..,..
South Asia (IDA & IBRD),TSA,"Age population, age 15, male",SP.POP.AG15.MA.IN,..,..,..,..,..
South Asia (IDA & IBRD),TSA,"Age population, age 16, female",SP.POP.AG16.FE.IN,..,..,..,..,..
South Asia (IDA & IBRD),TSA,"Age population, age 16, male",SP.POP.AG16.MA.IN,..,..,..,..,..
South Asia (IDA & IBRD),TSA,"Age population, age 17, female",SP.POP.AG17.FE.IN,..,..,..,..,..
South Asia (IDA & IBRD),TSA,"Age population, age 17, male",SP.POP.AG17.MA.IN,..,..,..,..,..
South Sudan,SSD,"Age population, age 24, male",SP.POP.AG24.MA.IN,75815,80005,92435,105564,114257.5
South Sudan,SSD,"Age population, age 24, female",SP.POP.AG24.FE.IN,74512.5,78543,91137,104421,113489.5
South Sudan,SSD,"Age population, age 23, male",SP.POP.AG23.MA.IN,81667.5,90940.5,104387,114780,122969.5
South Sudan,SSD,"Age population, age 23, female",SP.POP.AG23.FE.IN,80004,89357.5,102935.5,113638,122189.5
South Sudan,SSD,"Age population, age 22, female",SP.POP.AG22.FE.IN,90852,100897,111866.5,122315,129629
South Sudan,SSD,"Age population, age 22, male",SP.POP.AG22.MA.IN,92664.5,102670.5,113341,123498,130639.5
South Sudan,SSD,"Age population, age 21, male",SP.POP.AG21.MA.IN,104422.5,111487.5,121896,131159.5,136997
South Sudan,SSD,"Age population, age 21, female",SP.POP.AG21.FE.IN,102401.5,109675,120368.5,129735.5,135644
South Sudan,SSD,"Age population, age 20, male",SP.POP.AG20.MA.IN,113204.5,119897.5,129384.5,137501,142452
South Sudan,SSD,"Age population, age 20, female",SP.POP.AG20.FE.IN,111149.5,118033.5,127623.5,135747,140825
South Sudan,SSD,"Age population, age 19, male",SP.POP.AG19.MA.IN,121528,127233,135550,142944.5,147324
South Sudan,SSD,"Age population, age 19, female",SP.POP.AG19.FE.IN,119445.5,125161,133489.5,140950.5,145442
South Sudan,SSD,"Age population, age 18, female",SP.POP.AG18.FE.IN,126474,130939.5,138594,145613.5,149979
South Sudan,SSD,"Age population, age 18, male",SP.POP.AG18.MA.IN,128729.5,133264,140845.5,147815.5,152099.5
South Sudan,SSD,"Age population, age 13, female",SP.POP.AG13.FE.IN,150229.5,154047.5,160260,166813,168845.5
South Sudan,SSD,"Age population, age 13, male",SP.POP.AG13.MA.IN,153129.5,157000,163337,170142,172381.5
South Sudan,SSD,"Age population, age 14, female",SP.POP.AG14.FE.IN,145699,149631,156889,163031.5,166485.5
South Sudan,SSD,"Age population, age 14, male",SP.POP.AG14.MA.IN,148484,152439,159752.5,166013,169654.5
South Sudan,SSD,"Age population, age 15, female",SP.POP.AG15.FE.IN,141369,144980.5,152412,159558.5,162699.5
South Sudan,SSD,"Age population, age 15, male",SP.POP.AG15.MA.IN,144053.5,147673.5,155112.5,162313.5,165511.5
South Sudan,SSD,"Age population, age 16, female",SP.POP.AG16.FE.IN,137001,140502,147705.5,154988.5,159234.5
South Sudan,SSD,"Age population, age 16, male",SP.POP.AG16.MA.IN,139589.5,143085,150262.5,157557.5,161797
South Sudan,SSD,"Age population, age 17, female",SP.POP.AG17.FE.IN,132120,135974,143178.5,150210,154701.5
South Sudan,SSD,"Age population, age 17, male",SP.POP.AG17.MA.IN,134593.5,138441.5,145588.5,152601,157042.5
Spain,ESP,"Age population, age 24, male",SP.POP.AG24.MA.IN,247553,248119.5,248856,255029,258923.5
Spain,ESP,"Age population, age 24, female",SP.POP.AG24.FE.IN,238548,236359.5,235664.5,240492,243525.5
Spain,ESP,"Age population, age 23, male",SP.POP.AG23.MA.IN,246031.5,247867.5,253208.5,255943.5,257521
Spain,ESP,"Age population, age 23, female",SP.POP.AG23.FE.IN,234152,234654,238362.5,239951.5,242346
Spain,ESP,"Age population, age 22, female",SP.POP.AG22.FE.IN,232468,237371,237092.5,237315.5,245898
Spain,ESP,"Age population, age 22, male",SP.POP.AG22.MA.IN,245798.5,252228,253404.5,253103.5,260027
Spain,ESP,"Age population, age 21, male",SP.POP.AG21.MA.IN,250178.5,252400,249941,254371.5,264151.5
Spain,ESP,"Age population, age 21, female",SP.POP.AG21.FE.IN,235198,236086.5,233841,239624.5,251080.5
Spain,ESP,"Age population, age 20, male",SP.POP.AG20.MA.IN,250397,248922,250908.5,257873.5,264926.5
Spain,ESP,"Age population, age 20, female",SP.POP.AG20.FE.IN,233973,232837.5,235859.5,244204,252335
Spain,ESP,"Age population, age 19, male",SP.POP.AG19.MA.IN,247022.5,249899.5,254536.5,258887,265611
Spain,ESP,"Age population, age 19, female",SP.POP.AG19.FE.IN,230832.5,234872,240594,245746,252911
Spain,ESP,"Age population, age 18, female",SP.POP.AG18.FE.IN,233004,239603,242675.5,247411.5,252136.5
Spain,ESP,"Age population, age 18, male",SP.POP.AG18.MA.IN,248133,253526,256052.5,260578,266300.5
Spain,ESP,"Age population, age 13, female",SP.POP.AG13.FE.IN,248971.5,248477.5,241993.5,237875.5,232524.5
Spain,ESP,"Age population, age 13, male",SP.POP.AG13.MA.IN,264475.5,264732.5,257450.5,252503,247009
Spain,ESP,"Age population, age 14, female",SP.POP.AG14.FE.IN,244454,250036.5,249536.5,242549,238343.5
Spain,ESP,"Age population, age 14, male",SP.POP.AG14.MA.IN,259084,265549,265851.5,257964,252853.5
Spain,ESP,"Age population, age 15, female",SP.POP.AG15.FE.IN,242717.5,245669,251089.5,250149,243149.5
Spain,ESP,"Age population, age 15, male",SP.POP.AG15.MA.IN,256082.5,260277.5,266647.5,266413,258440.5
Spain,ESP,"Age population, age 16, female",SP.POP.AG16.FE.IN,240100.5,244096.5,246712,251986,251315
Spain,ESP,"Age population, age 16, male",SP.POP.AG16.MA.IN,253526,257407.5,261350,267469.5,267415.5
Spain,ESP,"Age population, age 17, female",SP.POP.AG17.FE.IN,237871.5,241655.5,245124,248197,254332
Spain,ESP,"Age population, age 17, male",SP.POP.AG17.MA.IN,251891,255015.5,258468,262718.5,269569.5
Sri Lanka,LKA,"Age population, age 24, male",SP.POP.AG24.MA.IN,167436,166526,166208,166558.5,168134.5
Sri Lanka,LKA,"Age population, age 24, female",SP.POP.AG24.FE.IN,164405.5,162707.5,161860,161976,163591
Sri Lanka,LKA,"Age population, age 23, male",SP.POP.AG23.MA.IN,167191.5,166854.5,167235,168868,171383
Sri Lanka,LKA,"Age population, age 23, female",SP.POP.AG23.FE.IN,163355.5,162489.5,162610,164253,167019.5
Sri Lanka,LKA,"Age population, age 22, female",SP.POP.AG22.FE.IN,163136.5,163238,164918,167744,170824
Sri Lanka,LKA,"Age population, age 22, male",SP.POP.AG22.MA.IN,167515,167877.5,169576.5,172182.5,174919
Sri Lanka,LKA,"Age population, age 21, male",SP.POP.AG21.MA.IN,168521,170202,172905,175761.5,178017
Sri Lanka,LKA,"Age population, age 21, female",SP.POP.AG21.FE.IN,163872.5,165533.5,168425,171590.5,174140
Sri Lanka,LKA,"Age population, age 20, male",SP.POP.AG20.MA.IN,170814.5,173499,176469.5,178859,180437
Sri Lanka,LKA,"Age population, age 20, female",SP.POP.AG20.FE.IN,166140.5,169014,172260.5,174908.5,176678
Sri Lanka,LKA,"Age population, age 19, male",SP.POP.AG19.MA.IN,174063.5,177017.5,179515,181218,182125
Sri Lanka,LKA,"Age population, age 19, female",SP.POP.AG19.FE.IN,169578.5,172809,175533,177393.5,178381.5
Sri Lanka,LKA,"Age population, age 18, female",SP.POP.AG18.FE.IN,173318,176027.5,177938,178988,179218
Sri Lanka,LKA,"Age population, age 18, male",SP.POP.AG18.MA.IN,177522,180005,181787.5,182788,183044.5
Sri Lanka,LKA,"Age population, age 13, female",SP.POP.AG13.FE.IN,180172.5,179173.5,177714.5,175764.5,174432
Sri Lanka,LKA,"Age population, age 13, male",SP.POP.AG13.MA.IN,184187,183380.5,182155.5,180469.5,180386
Sri Lanka,LKA,"Age population, age 14, female",SP.POP.AG14.FE.IN,180501.5,180020,179025.5,177573.5,175625.5
Sri Lanka,LKA,"Age population, age 14, male",SP.POP.AG14.MA.IN,184369.5,184035,183233.5,182009,180316.5
Sri Lanka,LKA,"Age population, age 15, female",SP.POP.AG15.FE.IN,180068,180287.5,179812,178848,177422.5
Sri Lanka,LKA,"Age population, age 15, male",SP.POP.AG15.MA.IN,183869,184160.5,183833,183051.5,181841
Sri Lanka,LKA,"Age population, age 16, female",SP.POP.AG16.FE.IN,178730.5,179782,180009.5,179574,178644.5
Sri Lanka,LKA,"Age population, age 16, male",SP.POP.AG16.MA.IN,182563.5,183590,183890.5,183587.5,182824.5
Sri Lanka,LKA,"Age population, age 17, female",SP.POP.AG17.FE.IN,176468,178366,179428,179679,179260.5
Sri Lanka,LKA,"Age population, age 17, male",SP.POP.AG17.MA.IN,180438,182207.5,183244.5,183549.5,183242.5
St. Kitts and Nevis,KNA,"Age population, age 24, male",SP.POP.AG24.MA.IN,338,347,351,342.5,322.5
St. Kitts and Nevis,KNA,"Age population, age 24, female",SP.POP.AG24.FE.IN,369,374,377.5,368,346
St. Kitts and Nevis,KNA,"Age population, age 23, male",SP.POP.AG23.MA.IN,348.5,351.5,343.5,323.5,304
St. Kitts and Nevis,KNA,"Age population, age 23, female",SP.POP.AG23.FE.IN,374,378,368.5,346,328.5
St. Kitts and Nevis,KNA,"Age population, age 22, female",SP.POP.AG22.FE.IN,378,369,347,329,317
St. Kitts and Nevis,KNA,"Age population, age 22, male",SP.POP.AG22.MA.IN,353.5,344,324,304.5,293
St. Kitts and Nevis,KNA,"Age population, age 21, male",SP.POP.AG21.MA.IN,345.5,324.5,305.5,294.5,286
St. Kitts and Nevis,KNA,"Age population, age 21, female",SP.POP.AG21.FE.IN,369.5,347,329.5,318,305.5
St. Kitts and Nevis,KNA,"Age population, age 20, male",SP.POP.AG20.MA.IN,326,306,295,287,284.5
St. Kitts and Nevis,KNA,"Age population, age 20, female",SP.POP.AG20.FE.IN,348,330.5,319,306,308
St. Kitts and Nevis,KNA,"Age population, age 19, male",SP.POP.AG19.MA.IN,308,295.5,288,286,292.5
St. Kitts and Nevis,KNA,"Age population, age 19, female",SP.POP.AG19.FE.IN,331,319,306.5,309,328
St. Kitts and Nevis,KNA,"Age population, age 18, female",SP.POP.AG18.FE.IN,320,306.5,309,328.5,342
St. Kitts and Nevis,KNA,"Age population, age 18, male",SP.POP.AG18.MA.IN,297.5,288.5,286.5,293.5,304.5
St. Kitts and Nevis,KNA,"Age population, age 13, female",SP.POP.AG13.FE.IN,338.5,304.5,235.5,250.5,308.5
St. Kitts and Nevis,KNA,"Age population, age 13, male",SP.POP.AG13.MA.IN,313,288.5,217,235,301.5
St. Kitts and Nevis,KNA,"Age population, age 14, female",SP.POP.AG14.FE.IN,344,336.5,304,235.5,250.5
St. Kitts and Nevis,KNA,"Age population, age 14, male",SP.POP.AG14.MA.IN,307.5,311.5,288,217,235
St. Kitts and Nevis,KNA,"Age population, age 15, female",SP.POP.AG15.FE.IN,330.5,343,336.5,303.5,235
St. Kitts and Nevis,KNA,"Age population, age 15, male",SP.POP.AG15.MA.IN,296.5,306,311,287.5,216.5
St. Kitts and Nevis,KNA,"Age population, age 16, female",SP.POP.AG16.FE.IN,311,329,342.5,336.5,303.5
St. Kitts and Nevis,KNA,"Age population, age 16, male",SP.POP.AG16.MA.IN,289,294.5,305.5,311,287.5
St. Kitts and Nevis,KNA,"Age population, age 17, female",SP.POP.AG17.FE.IN,308.5,310,329,342.5,336.5
St. Kitts and Nevis,KNA,"Age population, age 17, male",SP.POP.AG17.MA.IN,290,286.5,294,305.5,310.5
St. Lucia,LCA,"Age population, age 24, male",SP.POP.AG24.MA.IN,1600,1542,1497,1473.5,1448
St. Lucia,LCA,"Age population, age 24, female",SP.POP.AG24.FE.IN,1550.5,1486,1473.5,1478,1426.5
St. Lucia,LCA,"Age population, age 23, male",SP.POP.AG23.MA.IN,1544.5,1499,1476,1451.5,1407
St. Lucia,LCA,"Age population, age 23, female",SP.POP.AG23.FE.IN,1486.5,1474.5,1479.5,1428.5,1343
St. Lucia,LCA,"Age population, age 22, female",SP.POP.AG22.FE.IN,1475.5,1480.5,1430.5,1346,1283.5
St. Lucia,LCA,"Age population, age 22, male",SP.POP.AG22.MA.IN,1502,1478.5,1454.5,1411,1361
St. Lucia,LCA,"Age population, age 21, male",SP.POP.AG21.MA.IN,1481,1457,1414,1365.5,1326
St. Lucia,LCA,"Age population, age 21, female",SP.POP.AG21.FE.IN,1481,1431.5,1348,1287,1262
St. Lucia,LCA,"Age population, age 20, male",SP.POP.AG20.MA.IN,1459,1416.5,1369.5,1331,1285.5
St. Lucia,LCA,"Age population, age 20, female",SP.POP.AG20.FE.IN,1431.5,1348.5,1289,1265.5,1247
St. Lucia,LCA,"Age population, age 19, male",SP.POP.AG19.MA.IN,1419,1371.5,1334.5,1290.5,1253
St. Lucia,LCA,"Age population, age 19, female",SP.POP.AG19.FE.IN,1349.5,1290,1267.5,1250,1214.5
St. Lucia,LCA,"Age population, age 18, female",SP.POP.AG18.FE.IN,1290,1268,1252,1218,1185.5
St. Lucia,LCA,"Age population, age 18, male",SP.POP.AG18.MA.IN,1373.5,1336,1293,1257.5,1253
St. Lucia,LCA,"Age population, age 13, female",SP.POP.AG13.FE.IN,1183.5,1206.5,1181,1081,1031.5
St. Lucia,LCA,"Age population, age 13, male",SP.POP.AG13.MA.IN,1273,1287.5,1231,1110,1058.5
St. Lucia,LCA,"Age population, age 14, female",SP.POP.AG14.FE.IN,1189.5,1183.5,1206.5,1180.5,1080.5
St. Lucia,LCA,"Age population, age 14, male",SP.POP.AG14.MA.IN,1260,1273,1287,1230,1109
St. Lucia,LCA,"Age population, age 15, female",SP.POP.AG15.FE.IN,1220.5,1189,1182.5,1205.5,1180
St. Lucia,LCA,"Age population, age 15, male",SP.POP.AG15.MA.IN,1262,1259,1272,1286,1229
St. Lucia,LCA,"Age population, age 16, female",SP.POP.AG16.FE.IN,1253.5,1220,1188.5,1182.5,1205
St. Lucia,LCA,"Age population, age 16, male",SP.POP.AG16.MA.IN,1296.5,1261,1258,1270.5,1284.5
St. Lucia,LCA,"Age population, age 17, female",SP.POP.AG17.FE.IN,1269,1253,1219.5,1188,1181
St. Lucia,LCA,"Age population, age 17, male",SP.POP.AG17.MA.IN,1338,1295,1260,1256.5,1268.5
St. Martin (French part),MAF,"Age population, age 24, male",SP.POP.AG24.MA.IN,146,142,126.5,107.5,99.5
St. Martin (French part),MAF,"Age population, age 24, female",SP.POP.AG24.FE.IN,163,155.5,132,113.5,100
St. Martin (French part),MAF,"Age population, age 23, male",SP.POP.AG23.MA.IN,158.5,150,136.5,122,112.5
St. Martin (French part),MAF,"Age population, age 23, female",SP.POP.AG23.FE.IN,161,152.5,143.5,123,110.5
St. Martin (French part),MAF,"Age population, age 22, female",SP.POP.AG22.FE.IN,164.5,166.5,152,131.5,125
St. Martin (French part),MAF,"Age population, age 22, male",SP.POP.AG22.MA.IN,170.5,161,150,133.5,129
St. Martin (French part),MAF,"Age population, age 21, male",SP.POP.AG21.MA.IN,185.5,175.5,159.5,147,149
St. Martin (French part),MAF,"Age population, age 21, female",SP.POP.AG21.FE.IN,181,176,158.5,143.5,139
St. Martin (French part),MAF,"Age population, age 20, male",SP.POP.AG20.MA.IN,202.5,186.5,171.5,165.5,167.5
St. Martin (French part),MAF,"Age population, age 20, female",SP.POP.AG20.FE.IN,197.5,184,168.5,154.5,156.5
St. Martin (French part),MAF,"Age population, age 19, male",SP.POP.AG19.MA.IN,213,197.5,187,181,180.5
St. Martin (French part),MAF,"Age population, age 19, female",SP.POP.AG19.FE.IN,209.5,195,177.5,170,166.5
St. Martin (French part),MAF,"Age population, age 18, female",SP.POP.AG18.FE.IN,216,202,190.5,178.5,177
St. Martin (French part),MAF,"Age population, age 18, male",SP.POP.AG18.MA.IN,217.5,209.5,200,192.5,190
St. Martin (French part),MAF,"Age population, age 13, female",SP.POP.AG13.FE.IN,226,216.5,206.5,198,194.5
St. Martin (French part),MAF,"Age population, age 13, male",SP.POP.AG13.MA.IN,231.5,218.5,207.5,198.5,192
St. Martin (French part),MAF,"Age population, age 14, female",SP.POP.AG14.FE.IN,222,216,207,200,193
St. Martin (French part),MAF,"Age population, age 14, male",SP.POP.AG14.MA.IN,234,224,209.5,201.5,193.5
St. Martin (French part),MAF,"Age population, age 15, female",SP.POP.AG15.FE.IN,227,216,206.5,198.5,194.5
St. Martin (French part),MAF,"Age population, age 15, male",SP.POP.AG15.MA.IN,238,225.5,213,201.5,196
St. Martin (French part),MAF,"Age population, age 16, female",SP.POP.AG16.FE.IN,226,213.5,201,196,193
St. Martin (French part),MAF,"Age population, age 16, male",SP.POP.AG16.MA.IN,233,225,212.5,202.5,195.5
St. Martin (French part),MAF,"Age population, age 17, female",SP.POP.AG17.FE.IN,221.5,213,196.5,187,188.5
St. Martin (French part),MAF,"Age population, age 17, male",SP.POP.AG17.MA.IN,227,220.5,208.5,199.5,195.5
St. Vincent and the Grenadines,VCT,"Age population, age 24, male",SP.POP.AG24.MA.IN,799,779.5,782.5,777.5,753.5
St. Vincent and the Grenadines,VCT,"Age population, age 24, female",SP.POP.AG24.FE.IN,726.5,701.5,696,691,682.5
St. Vincent and the Grenadines,VCT,"Age population, age 23, male",SP.POP.AG23.MA.IN,797.5,800,793,767.5,737
St. Vincent and the Grenadines,VCT,"Age population, age 23, female",SP.POP.AG23.FE.IN,719.5,713,706,696,681
St. Vincent and the Grenadines,VCT,"Age population, age 22, female",SP.POP.AG22.FE.IN,731.5,723.5,711.5,694.5,667.5
St. Vincent and the Grenadines,VCT,"Age population, age 22, male",SP.POP.AG22.MA.IN,818,810.5,782.5,750,714.5
St. Vincent and the Grenadines,VCT,"Age population, age 21, male",SP.POP.AG21.MA.IN,827.5,800,765,727,699.5
St. Vincent and the Grenadines,VCT,"Age population, age 21, female",SP.POP.AG21.FE.IN,740.5,728,709,680,652.5
St. Vincent and the Grenadines,VCT,"Age population, age 20, male",SP.POP.AG20.MA.IN,816,780.5,740.5,711.5,705
St. Vincent and the Grenadines,VCT,"Age population, age 20, female",SP.POP.AG20.FE.IN,745.5,725.5,694,664,650.5
St. Vincent and the Grenadines,VCT,"Age population, age 19, male",SP.POP.AG19.MA.IN,796,756,724.5,715.5,723.5
St. Vincent and the Grenadines,VCT,"Age population, age 19, female",SP.POP.AG19.FE.IN,741.5,709,676.5,661,671
St. Vincent and the Grenadines,VCT,"Age population, age 18, female",SP.POP.AG18.FE.IN,723.5,690.5,672,680,706.5
St. Vincent and the Grenadines,VCT,"Age population, age 18, male",SP.POP.AG18.MA.IN,769.5,737.5,727,733,751
St. Vincent and the Grenadines,VCT,"Age population, age 13, female",SP.POP.AG13.FE.IN,762,776,775.5,767.5,771.5
St. Vincent and the Grenadines,VCT,"Age population, age 13, male",SP.POP.AG13.MA.IN,800,813,811.5,798,795.5
St. Vincent and the Grenadines,VCT,"Age population, age 14, female",SP.POP.AG14.FE.IN,734,757.5,772,772,764.5
St. Vincent and the Grenadines,VCT,"Age population, age 14, male",SP.POP.AG14.MA.IN,779.5,797,810,808.5,795
St. Vincent and the Grenadines,VCT,"Age population, age 15, female",SP.POP.AG15.FE.IN,707,728,752,767,768.5
St. Vincent and the Grenadines,VCT,"Age population, age 15, male",SP.POP.AG15.MA.IN,760,773.5,791,805,804.5
St. Vincent and the Grenadines,VCT,"Age population, age 16, female",SP.POP.AG16.FE.IN,694.5,699.5,721,747,763.5
St. Vincent and the Grenadines,VCT,"Age population, age 16, male",SP.POP.AG16.MA.IN,748.5,752,766,785.5,801
St. Vincent and the Grenadines,VCT,"Age population, age 17, female",SP.POP.AG17.FE.IN,703,684,689,713,741
St. Vincent and the Grenadines,VCT,"Age population, age 17, male",SP.POP.AG17.MA.IN,749.5,738.5,742.5,758.5,779.5
Sub-Saharan Africa,SSF,"Age population, age 24, male",SP.POP.AG24.MA.IN,..,..,..,..,..
Sub-Saharan Africa,SSF,"Age population, age 24, female",SP.POP.AG24.FE.IN,..,..,..,..,..
Sub-Saharan Africa,SSF,"Age population, age 23, male",SP.POP.AG23.MA.IN,..,..,..,..,..
Sub-Saharan Africa,SSF,"Age population, age 23, female",SP.POP.AG23.FE.IN,..,..,..,..,..
Sub-Saharan Africa,SSF,"Age population, age 22, female",SP.POP.AG22.FE.IN,..,..,..,..,..
Sub-Saharan Africa,SSF,"Age population, age 22, male",SP.POP.AG22.MA.IN,..,..,..,..,..
Sub-Saharan Africa,SSF,"Age population, age 21, male",SP.POP.AG21.MA.IN,..,..,..,..,..
Sub-Saharan Africa,SSF,"Age population, age 21, female",SP.POP.AG21.FE.IN,..,..,..,..,..
Sub-Saharan Africa,SSF,"Age population, age 20, male",SP.POP.AG20.MA.IN,..,..,..,..,..
Sub-Saharan Africa,SSF,"Age population, age 20, female",SP.POP.AG20.FE.IN,..,..,..,..,..
Sub-Saharan Africa,SSF,"Age population, age 19, male",SP.POP.AG19.MA.IN,..,..,..,..,..
Sub-Saharan Africa,SSF,"Age population, age 19, female",SP.POP.AG19.FE.IN,..,..,..,..,..
Sub-Saharan Africa,SSF,"Age population, age 18, female",SP.POP.AG18.FE.IN,..,..,..,..,..
Sub-Saharan Africa,SSF,"Age population, age 18, male",SP.POP.AG18.MA.IN,..,..,..,..,..
Sub-Saharan Africa,SSF,"Age population, age 13, female",SP.POP.AG13.FE.IN,..,..,..,..,..
Sub-Saharan Africa,SSF,"Age population, age 13, male",SP.POP.AG13.MA.IN,..,..,..,..,..
Sub-Saharan Africa,SSF,"Age population, age 14, female",SP.POP.AG14.FE.IN,..,..,..,..,..
Sub-Saharan Africa,SSF,"Age population, age 14, male",SP.POP.AG14.MA.IN,..,..,..,..,..
Sub-Saharan Africa,SSF,"Age population, age 15, female",SP.POP.AG15.FE.IN,..,..,..,..,..
Sub-Saharan Africa,SSF,"Age population, age 15, male",SP.POP.AG15.MA.IN,..,..,..,..,..
Sub-Saharan Africa,SSF,"Age population, age 16, female",SP.POP.AG16.FE.IN,..,..,..,..,..
Sub-Saharan Africa,SSF,"Age population, age 16, male",SP.POP.AG16.MA.IN,..,..,..,..,..
Sub-Saharan Africa,SSF,"Age population, age 17, female",SP.POP.AG17.FE.IN,..,..,..,..,..
Sub-Saharan Africa,SSF,"Age population, age 17, male",SP.POP.AG17.MA.IN,..,..,..,..,..
Sub-Saharan Africa (excluding high income),SSA,"Age population, age 24, male",SP.POP.AG24.MA.IN,..,..,..,..,..
Sub-Saharan Africa (excluding high income),SSA,"Age population, age 24, female",SP.POP.AG24.FE.IN,..,..,..,..,..
Sub-Saharan Africa (excluding high income),SSA,"Age population, age 23, male",SP.POP.AG23.MA.IN,..,..,..,..,..
Sub-Saharan Africa (excluding high income),SSA,"Age population, age 23, female",SP.POP.AG23.FE.IN,..,..,..,..,..
Sub-Saharan Africa (excluding high income),SSA,"Age population, age 22, female",SP.POP.AG22.FE.IN,..,..,..,..,..
Sub-Saharan Africa (excluding high income),SSA,"Age population, age 22, male",SP.POP.AG22.MA.IN,..,..,..,..,..
Sub-Saharan Africa (excluding high income),SSA,"Age population, age 21, male",SP.POP.AG21.MA.IN,..,..,..,..,..
Sub-Saharan Africa (excluding high income),SSA,"Age population, age 21, female",SP.POP.AG21.FE.IN,..,..,..,..,..
Sub-Saharan Africa (excluding high income),SSA,"Age population, age 20, male",SP.POP.AG20.MA.IN,..,..,..,..,..
Sub-Saharan Africa (excluding high income),SSA,"Age population, age 20, female",SP.POP.AG20.FE.IN,..,..,..,..,..
Sub-Saharan Africa (excluding high income),SSA,"Age population, age 19, male",SP.POP.AG19.MA.IN,..,..,..,..,..
Sub-Saharan Africa (excluding high income),SSA,"Age population, age 19, female",SP.POP.AG19.FE.IN,..,..,..,..,..
Sub-Saharan Africa (excluding high income),SSA,"Age population, age 18, female",SP.POP.AG18.FE.IN,..,..,..,..,..
Sub-Saharan Africa (excluding high income),SSA,"Age population, age 18, male",SP.POP.AG18.MA.IN,..,..,..,..,..
Sub-Saharan Africa (excluding high income),SSA,"Age population, age 13, female",SP.POP.AG13.FE.IN,..,..,..,..,..
Sub-Saharan Africa (excluding high income),SSA,"Age population, age 13, male",SP.POP.AG13.MA.IN,..,..,..,..,..
Sub-Saharan Africa (excluding high income),SSA,"Age population, age 14, female",SP.POP.AG14.FE.IN,..,..,..,..,..
Sub-Saharan Africa (excluding high income),SSA,"Age population, age 14, male",SP.POP.AG14.MA.IN,..,..,..,..,..
Sub-Saharan Africa (excluding high income),SSA,"Age population, age 15, female",SP.POP.AG15.FE.IN,..,..,..,..,..
Sub-Saharan Africa (excluding high income),SSA,"Age population, age 15, male",SP.POP.AG15.MA.IN,..,..,..,..,..
Sub-Saharan Africa (excluding high income),SSA,"Age population, age 16, female",SP.POP.AG16.FE.IN,..,..,..,..,..
Sub-Saharan Africa (excluding high income),SSA,"Age population, age 16, male",SP.POP.AG16.MA.IN,..,..,..,..,..
Sub-Saharan Africa (excluding high income),SSA,"Age population, age 17, female",SP.POP.AG17.FE.IN,..,..,..,..,..
Sub-Saharan Africa (excluding high income),SSA,"Age population, age 17, male",SP.POP.AG17.MA.IN,..,..,..,..,..
Sub-Saharan Africa (IDA & IBRD countries),TSS,"Age population, age 24, male",SP.POP.AG24.MA.IN,..,..,..,..,..
Sub-Saharan Africa (IDA & IBRD countries),TSS,"Age population, age 24, female",SP.POP.AG24.FE.IN,..,..,..,..,..
Sub-Saharan Africa (IDA & IBRD countries),TSS,"Age population, age 23, male",SP.POP.AG23.MA.IN,..,..,..,..,..
Sub-Saharan Africa (IDA & IBRD countries),TSS,"Age population, age 23, female",SP.POP.AG23.FE.IN,..,..,..,..,..
Sub-Saharan Africa (IDA & IBRD countries),TSS,"Age population, age 22, female",SP.POP.AG22.FE.IN,..,..,..,..,..
Sub-Saharan Africa (IDA & IBRD countries),TSS,"Age population, age 22, male",SP.POP.AG22.MA.IN,..,..,..,..,..
Sub-Saharan Africa (IDA & IBRD countries),TSS,"Age population, age 21, male",SP.POP.AG21.MA.IN,..,..,..,..,..
Sub-Saharan Africa (IDA & IBRD countries),TSS,"Age population, age 21, female",SP.POP.AG21.FE.IN,..,..,..,..,..
Sub-Saharan Africa (IDA & IBRD countries),TSS,"Age population, age 20, male",SP.POP.AG20.MA.IN,..,..,..,..,..
Sub-Saharan Africa (IDA & IBRD countries),TSS,"Age population, age 20, female",SP.POP.AG20.FE.IN,..,..,..,..,..
Sub-Saharan Africa (IDA & IBRD countries),TSS,"Age population, age 19, male",SP.POP.AG19.MA.IN,..,..,..,..,..
Sub-Saharan Africa (IDA & IBRD countries),TSS,"Age population, age 19, female",SP.POP.AG19.FE.IN,..,..,..,..,..
Sub-Saharan Africa (IDA & IBRD countries),TSS,"Age population, age 18, female",SP.POP.AG18.FE.IN,..,..,..,..,..
Sub-Saharan Africa (IDA & IBRD countries),TSS,"Age population, age 18, male",SP.POP.AG18.MA.IN,..,..,..,..,..
Sub-Saharan Africa (IDA & IBRD countries),TSS,"Age population, age 13, female",SP.POP.AG13.FE.IN,..,..,..,..,..
Sub-Saharan Africa (IDA & IBRD countries),TSS,"Age population, age 13, male",SP.POP.AG13.MA.IN,..,..,..,..,..
Sub-Saharan Africa (IDA & IBRD countries),TSS,"Age population, age 14, female",SP.POP.AG14.FE.IN,..,..,..,..,..
Sub-Saharan Africa (IDA & IBRD countries),TSS,"Age population, age 14, male",SP.POP.AG14.MA.IN,..,..,..,..,..
Sub-Saharan Africa (IDA & IBRD countries),TSS,"Age population, age 15, female",SP.POP.AG15.FE.IN,..,..,..,..,..
Sub-Saharan Africa (IDA & IBRD countries),TSS,"Age population, age 15, male",SP.POP.AG15.MA.IN,..,..,..,..,..
Sub-Saharan Africa (IDA & IBRD countries),TSS,"Age population, age 16, female",SP.POP.AG16.FE.IN,..,..,..,..,..
Sub-Saharan Africa (IDA & IBRD countries),TSS,"Age population, age 16, male",SP.POP.AG16.MA.IN,..,..,..,..,..
Sub-Saharan Africa (IDA & IBRD countries),TSS,"Age population, age 17, female",SP.POP.AG17.FE.IN,..,..,..,..,..
Sub-Saharan Africa (IDA & IBRD countries),TSS,"Age population, age 17, male",SP.POP.AG17.MA.IN,..,..,..,..,..
Sudan,SDN,"Age population, age 24, male",SP.POP.AG24.MA.IN,437295,448343,454540.5,456002,464202.5
Sudan,SDN,"Age population, age 24, female",SP.POP.AG24.FE.IN,434865.5,445422.5,451685,453471,462097.5
Sudan,SDN,"Age population, age 23, male",SP.POP.AG23.MA.IN,450039.5,462894,469718,469806,475943
Sudan,SDN,"Age population, age 23, female",SP.POP.AG23.FE.IN,446250,458929,465919.5,466688.5,473410
Sudan,SDN,"Age population, age 22, female",SP.POP.AG22.FE.IN,459743.5,473354,479752.5,479474.5,483480
Sudan,SDN,"Age population, age 22, male",SP.POP.AG22.MA.IN,464612,478327.5,484214,483091.5,486873.5
Sudan,SDN,"Age population, age 21, male",SP.POP.AG21.MA.IN,480056.5,493036,497974.5,495314,498651
Sudan,SDN,"Age population, age 21, female",SP.POP.AG21.FE.IN,474162.5,487368,492975,490793.5,494016.5
Sudan,SDN,"Age population, age 20, male",SP.POP.AG20.MA.IN,494744,506935.5,510289,507683,512819.5
Sudan,SDN,"Age population, age 20, female",SP.POP.AG20.FE.IN,488166.5,500751,504410,501923,506671.5
Sudan,SDN,"Age population, age 19, male",SP.POP.AG19.MA.IN,508580.5,519308.5,522262.5,521478,527775.5
Sudan,SDN,"Age population, age 19, female",SP.POP.AG19.FE.IN,501534,512321,515228,514255.5,520112.5
Sudan,SDN,"Age population, age 18, female",SP.POP.AG18.FE.IN,513077,523217,526780.5,526546.5,534397.5
Sudan,SDN,"Age population, age 18, male",SP.POP.AG18.MA.IN,520848,531255,535155.5,535183,543117
Sudan,SDN,"Age population, age 13, female",SP.POP.AG13.FE.IN,569823.5,581739,587921,588645,593047
Sudan,SDN,"Age population, age 13, male",SP.POP.AG13.MA.IN,581848,593972.5,600132,600760.5,605193.5
Sudan,SDN,"Age population, age 14, female",SP.POP.AG14.FE.IN,558389,569252,573352,578528,587578
Sudan,SDN,"Age population, age 14, male",SP.POP.AG14.MA.IN,569883.5,580928,585067,590154.5,599257.5
Sudan,SDN,"Age population, age 15, female",SP.POP.AG15.FE.IN,546799,557788.5,560948.5,564014,577290.5
Sudan,SDN,"Age population, age 15, male",SP.POP.AG15.MA.IN,557693.5,568884.5,572051.5,575087.5,588427.5
Sudan,SDN,"Age population, age 16, female",SP.POP.AG16.FE.IN,535537,546160,549572.5,551337.5,562156.5
Sudan,SDN,"Age population, age 16, male",SP.POP.AG16.MA.IN,545372.5,556576,560003.5,561697.5,572651
Sudan,SDN,"Age population, age 17, female",SP.POP.AG17.FE.IN,523937.5,534856,538009.5,539191.5,548223
Sudan,SDN,"Age population, age 17, male",SP.POP.AG17.MA.IN,532659,544115.5,547655,548753.5,557882
Suriname,SUR,"Age population, age 24, male",SP.POP.AG24.MA.IN,5255,5385,5497,5585,5618
Suriname,SUR,"Age population, age 24, female",SP.POP.AG24.FE.IN,5141,5288.5,5413.5,5501,5525
Suriname,SUR,"Age population, age 23, male",SP.POP.AG23.MA.IN,5416,5533,5619,5648,5601.5
Suriname,SUR,"Age population, age 23, female",SP.POP.AG23.FE.IN,5303.5,5432.5,5524.5,5551,5496.5
Suriname,SUR,"Age population, age 22, female",SP.POP.AG22.FE.IN,5447.5,5543.5,5575.5,5524.5,5399.5
Suriname,SUR,"Age population, age 22, male",SP.POP.AG22.MA.IN,5563.5,5654,5681.5,5632,5517.5
Suriname,SUR,"Age population, age 21, male",SP.POP.AG21.MA.IN,5684.5,5716.5,5666,5548.5,5427
Suriname,SUR,"Age population, age 21, female",SP.POP.AG21.FE.IN,5558.5,5594,5548.5,5427.5,5300
Suriname,SUR,"Age population, age 20, male",SP.POP.AG20.MA.IN,5745,5699,5581,5457.5,5393.5
Suriname,SUR,"Age population, age 20, female",SP.POP.AG20.FE.IN,5608.5,5566,5450.5,5328,5261
Suriname,SUR,"Age population, age 19, male",SP.POP.AG19.MA.IN,5725,5611.5,5487,5421.5,5437
Suriname,SUR,"Age population, age 19, female",SP.POP.AG19.FE.IN,5579.5,5467.5,5349.5,5286,5294.5
Suriname,SUR,"Age population, age 18, female",SP.POP.AG18.FE.IN,5480.5,5364.5,5305,5317,5362
Suriname,SUR,"Age population, age 18, male",SP.POP.AG18.MA.IN,5634.5,5514,5447.5,5461.5,5514.5
Suriname,SUR,"Age population, age 13, female",SP.POP.AG13.FE.IN,5437,5438.5,5424.5,5407,5420.5
Suriname,SUR,"Age population, age 13, male",SP.POP.AG13.MA.IN,5607.5,5613.5,5604.5,5588.5,5603
Suriname,SUR,"Age population, age 14, female",SP.POP.AG14.FE.IN,5407,5432,5433,5418.5,5401
Suriname,SUR,"Age population, age 14, male",SP.POP.AG14.MA.IN,5573,5601,5606.5,5597.5,5582.5
Suriname,SUR,"Age population, age 15, female",SP.POP.AG15.FE.IN,5352.5,5401.5,5425.5,5426,5411.5
Suriname,SUR,"Age population, age 15, male",SP.POP.AG15.MA.IN,5513,5563.5,5590.5,5597.5,5590
Suriname,SUR,"Age population, age 16, female",SP.POP.AG16.FE.IN,5329.5,5344.5,5391.5,5416,5417
Suriname,SUR,"Age population, age 16, male",SP.POP.AG16.MA.IN,5485.5,5501,5549.5,5578.5,5588
Suriname,SUR,"Age population, age 17, female",SP.POP.AG17.FE.IN,5376.5,5319,5333,5379.5,5403.5
Suriname,SUR,"Age population, age 17, male",SP.POP.AG17.MA.IN,5534,5470.5,5482.5,5533,5565
Sweden,SWE,"Age population, age 24, male",SP.POP.AG24.MA.IN,60979.5,61664,65170,65150,62493.5
Sweden,SWE,"Age population, age 24, female",SP.POP.AG24.FE.IN,56899,55781.5,55386,55571.5,56433
Sweden,SWE,"Age population, age 23, male",SP.POP.AG23.MA.IN,60662,64487.5,64394.5,61299,61969.5
Sweden,SWE,"Age population, age 23, female",SP.POP.AG23.FE.IN,54613,54643.5,54857,55307,57504
Sweden,SWE,"Age population, age 22, female",SP.POP.AG22.FE.IN,53448,54099,54453.5,56096,59398.5
Sweden,SWE,"Age population, age 22, male",SP.POP.AG22.MA.IN,63465,63673,60388,60491.5,63168
Sweden,SWE,"Age population, age 21, male",SP.POP.AG21.MA.IN,62868,59819,59483.5,61462.5,64128
Sweden,SWE,"Age population, age 21, female",SP.POP.AG21.FE.IN,53204,53855,55130,57760,60231.5
Sweden,SWE,"Age population, age 20, male",SP.POP.AG20.MA.IN,59357,59117,60421,62331,64157.5
Sweden,SWE,"Age population, age 20, female",SP.POP.AG20.FE.IN,53343,54712,56751.5,58498.5,60370
Sweden,SWE,"Age population, age 19, male",SP.POP.AG19.MA.IN,58672,60040.5,61336.5,62457.5,64513
Sweden,SWE,"Age population, age 19, female",SP.POP.AG19.FE.IN,54251,56367.5,57530.5,58729.5,60985.5
Sweden,SWE,"Age population, age 18, female",SP.POP.AG18.FE.IN,55899,57137,57893,59611.5,61421
Sweden,SWE,"Age population, age 18, male",SP.POP.AG18.MA.IN,59584,60952,61593.5,63088,65136.5
Sweden,SWE,"Age population, age 13, female",SP.POP.AG13.FE.IN,59939,60843.5,62240,62187,61513
Sweden,SWE,"Age population, age 13, male",SP.POP.AG13.MA.IN,63667,64651,66034.5,65877.5,65016
Sweden,SWE,"Age population, age 14, female",SP.POP.AG14.FE.IN,59379.5,60142.5,61096.5,62490.5,62368.5
Sweden,SWE,"Age population, age 14, male",SP.POP.AG14.MA.IN,62997,63966,64949.5,66305,66078
Sweden,SWE,"Age population, age 15, female",SP.POP.AG15.FE.IN,58365,59648,60417.5,61358,62699.5
Sweden,SWE,"Age population, age 15, male",SP.POP.AG15.MA.IN,61751.5,63286.5,64272,65228.5,66532
Sweden,SWE,"Age population, age 16, female",SP.POP.AG16.FE.IN,57253,58677.5,59955.5,60744.5,61699.5
Sweden,SWE,"Age population, age 16, male",SP.POP.AG16.MA.IN,60830.5,62080.5,63613,64615.5,65591
Sweden,SWE,"Age population, age 17, female",SP.POP.AG17.FE.IN,56706,57533.5,58960.5,60419.5,61366.5
Sweden,SWE,"Age population, age 17, male",SP.POP.AG17.MA.IN,60467.5,61192,62411,64095,65266.5
Switzerland,CHE,"Age population, age 24, male",SP.POP.AG24.MA.IN,52056,51319.5,50081,49696,48829.5
Switzerland,CHE,"Age population, age 24, female",SP.POP.AG24.FE.IN,49157.5,48117,46791.5,46234.5,45585
Switzerland,CHE,"Age population, age 23, male",SP.POP.AG23.MA.IN,50449,49692.5,49099.5,47895,47356
Switzerland,CHE,"Age population, age 23, female",SP.POP.AG23.FE.IN,47184,46411,45628,44629,44374.5
Switzerland,CHE,"Age population, age 22, female",SP.POP.AG22.FE.IN,45523,45259.5,43905,43174,44011
Switzerland,CHE,"Age population, age 22, male",SP.POP.AG22.MA.IN,48811,48721.5,47183.5,46184,46726.5
Switzerland,CHE,"Age population, age 21, male",SP.POP.AG21.MA.IN,47879.5,46813.5,45378,45360.5,46058.5
Switzerland,CHE,"Age population, age 21, female",SP.POP.AG21.FE.IN,44515,43545.5,42353,42611,43771.5
Switzerland,CHE,"Age population, age 20, male",SP.POP.AG20.MA.IN,46281.5,45017,44523.5,44612.5,45931
Switzerland,CHE,"Age population, age 20, female",SP.POP.AG20.FE.IN,43023.5,42002.5,41756,42289,43596
Switzerland,CHE,"Age population, age 19, male",SP.POP.AG19.MA.IN,44518.5,44180,43815.5,44562,45681
Switzerland,CHE,"Age population, age 19, female",SP.POP.AG19.FE.IN,41552,41421.5,41475,42192.5,43152.5
Switzerland,CHE,"Age population, age 18, female",SP.POP.AG18.FE.IN,40894,41146,41497.5,41979,43013
Switzerland,CHE,"Age population, age 18, male",SP.POP.AG18.MA.IN,43535,43473.5,43879,44534.5,45386.5
Switzerland,CHE,"Age population, age 13, female",SP.POP.AG13.FE.IN,41616,42517.5,43561.5,43777,43582.5
Switzerland,CHE,"Age population, age 13, male",SP.POP.AG13.MA.IN,44094,45104,45674,45910,46270
Switzerland,CHE,"Age population, age 14, female",SP.POP.AG14.FE.IN,41073.5,42023,42851,43748,43930.5
Switzerland,CHE,"Age population, age 14, male",SP.POP.AG14.MA.IN,43421.5,44505,45456.5,45866.5,46061.5
Switzerland,CHE,"Age population, age 15, female",SP.POP.AG15.FE.IN,40753,41462,42352.5,43048,43926
Switzerland,CHE,"Age population, age 15, male",SP.POP.AG15.MA.IN,43247,43839,44847.5,45654,46040
Switzerland,CHE,"Age population, age 16, female",SP.POP.AG16.FE.IN,40798,41118,41787,42604,43339.5
Switzerland,CHE,"Age population, age 16, male",SP.POP.AG16.MA.IN,43036.5,43661.5,44180,45100,45938
Switzerland,CHE,"Age population, age 17, female",SP.POP.AG17.FE.IN,40533,41172.5,41443.5,42158.5,43134.5
Switzerland,CHE,"Age population, age 17, male",SP.POP.AG17.MA.IN,42770.5,43539,44005,44551,45618
Syrian Arab Republic,SYR,"Age population, age 24, male",SP.POP.AG24.MA.IN,203419,228074.5,257632,282442.5,299081
Syrian Arab Republic,SYR,"Age population, age 24, female",SP.POP.AG24.FE.IN,194868.5,220326,251075.5,276335.5,292674
Syrian Arab Republic,SYR,"Age population, age 23, male",SP.POP.AG23.MA.IN,219088,243380.5,270567,290904,301646.5
Syrian Arab Republic,SYR,"Age population, age 23, female",SP.POP.AG23.FE.IN,210640,235764,264156,284873,295078.5
Syrian Arab Republic,SYR,"Age population, age 22, female",SP.POP.AG22.FE.IN,226063.5,248818,273131.5,288089,293277.5
Syrian Arab Republic,SYR,"Age population, age 22, male",SP.POP.AG22.MA.IN,234470,256423,279570,294347,300335
Syrian Arab Republic,SYR,"Age population, age 21, male",SP.POP.AG21.MA.IN,247759,265804,283761.5,294035.5,297416.5
Syrian Arab Republic,SYR,"Age population, age 21, female",SP.POP.AG21.FE.IN,239295.5,258071,277009,287223.5,289629.5
Syrian Arab Republic,SYR,"Age population, age 20, male",SP.POP.AG20.MA.IN,257574.5,270670.5,284289,292005,294460
Syrian Arab Republic,SYR,"Age population, age 20, female",SP.POP.AG20.FE.IN,248946.5,262574,276933,284419,285766.5
Syrian Arab Republic,SYR,"Age population, age 19, male",SP.POP.AG19.MA.IN,263068.5,272185,283159.5,289753,292674.5
Syrian Arab Republic,SYR,"Age population, age 19, female",SP.POP.AG19.FE.IN,254084.5,263500.5,275024,281239.5,282969
Syrian Arab Republic,SYR,"Age population, age 18, female",SP.POP.AG18.FE.IN,255876.5,262959.5,272915,279100.5,287315.5
Syrian Arab Republic,SYR,"Age population, age 18, male",SP.POP.AG18.MA.IN,265403,272354,281956.5,288645.5,298448.5
Syrian Arab Republic,SYR,"Age population, age 13, female",SP.POP.AG13.FE.IN,283803.5,287681.5,283349,280239.5,274191.5
Syrian Arab Republic,SYR,"Age population, age 13, male",SP.POP.AG13.MA.IN,297878.5,302186,297583,294524,288465.5
Syrian Arab Republic,SYR,"Age population, age 14, female",SP.POP.AG14.FE.IN,268976,285859,290937.5,285954.5,281943.5
Syrian Arab Republic,SYR,"Age population, age 14, male",SP.POP.AG14.MA.IN,281597.5,299663.5,305050,300056.5,296331.5
Syrian Arab Republic,SYR,"Age population, age 15, female",SP.POP.AG15.FE.IN,259413.5,271984,290615.5,294280.5,287616.5
Syrian Arab Republic,SYR,"Age population, age 15, male",SP.POP.AG15.MA.IN,270946.5,284212,303835,308148,301795.5
Syrian Arab Republic,SYR,"Age population, age 16, female",SP.POP.AG16.FE.IN,257161.5,263561.5,278546,294984.5,296131.5
Syrian Arab Republic,SYR,"Age population, age 16, male",SP.POP.AG16.MA.IN,267991.5,274569,289987.5,307850.5,310063.5
Syrian Arab Republic,SYR,"Age population, age 17, female",SP.POP.AG17.FE.IN,256398.5,262532,272060,284200.5,297352.5
Syrian Arab Republic,SYR,"Age population, age 17, male",SP.POP.AG17.MA.IN,266552.5,272709,282091.5,295208.5,310301
Tajikistan,TJK,"Age population, age 24, male",SP.POP.AG24.MA.IN,84967,87617,90601.5,91437,89079.5
Tajikistan,TJK,"Age population, age 24, female",SP.POP.AG24.FE.IN,89889.5,92285.5,94759.5,95120.5,93098
Tajikistan,TJK,"Age population, age 23, male",SP.POP.AG23.MA.IN,87901,91046.5,91915,89562.5,84416.5
Tajikistan,TJK,"Age population, age 23, female",SP.POP.AG23.FE.IN,92553,95196.5,95597.5,93586.5,90168.5
Tajikistan,TJK,"Age population, age 22, female",SP.POP.AG22.FE.IN,95463,96033.5,94069.5,90671.5,87146
Tajikistan,TJK,"Age population, age 22, male",SP.POP.AG22.MA.IN,91327.5,92354.5,90041.5,84908.5,79204.5
Tajikistan,TJK,"Age population, age 21, male",SP.POP.AG21.MA.IN,92626.5,90466,85377,79693,77142.5
Tajikistan,TJK,"Age population, age 21, female",SP.POP.AG21.FE.IN,96295.5,94496.5,91150.5,87651.5,86599
Tajikistan,TJK,"Age population, age 20, male",SP.POP.AG20.MA.IN,90722,85776,80138,77614,79037.5
Tajikistan,TJK,"Age population, age 20, female",SP.POP.AG20.FE.IN,94747,91559,88114,87091,87975
Tajikistan,TJK,"Age population, age 19, male",SP.POP.AG19.MA.IN,86009,80503.5,78022.5,79471,84874
Tajikistan,TJK,"Age population, age 19, female",SP.POP.AG19.FE.IN,91793.5,88495,87519.5,88428,89048
Tajikistan,TJK,"Age population, age 18, female",SP.POP.AG18.FE.IN,88707,87864,88805,89436,90953
Tajikistan,TJK,"Age population, age 18, male",SP.POP.AG18.MA.IN,80708.5,78347.5,79828.5,85247,90718
Tajikistan,TJK,"Age population, age 13, female",SP.POP.AG13.FE.IN,97569,105561,113464.5,116381.5,116460.5
Tajikistan,TJK,"Age population, age 13, male",SP.POP.AG13.MA.IN,97693.5,105433.5,112656.5,114950,114432.5
Tajikistan,TJK,"Age population, age 14, female",SP.POP.AG14.FE.IN,91785.5,97499,105452.5,113348.5,116265.5
Tajikistan,TJK,"Age population, age 14, male",SP.POP.AG14.MA.IN,91533.5,97614.5,105319,112535.5,114829.5
Tajikistan,TJK,"Age population, age 15, female",SP.POP.AG15.FE.IN,90118.5,91691.5,97350,105312,113226
Tajikistan,TJK,"Age population, age 15, male",SP.POP.AG15.MA.IN,85903.5,91434.5,97466.5,105177,112407.5
Tajikistan,TJK,"Age population, age 16, female",SP.POP.AG16.FE.IN,89259.5,89995,91494.5,97169,105159
Tajikistan,TJK,"Age population, age 16, male",SP.POP.AG16.MA.IN,80260,85779.5,91243.5,97288,105021.5
Tajikistan,TJK,"Age population, age 17, female",SP.POP.AG17.FE.IN,88048.5,89104.5,89746,91255,96953.5
Tajikistan,TJK,"Age population, age 17, male",SP.POP.AG17.MA.IN,78525,80111,85543.5,91011.5,97074
Tanzania,TZA,"Age population, age 24, male",SP.POP.AG24.MA.IN,547303.5,563668.5,580358.5,595591,612787.5
Tanzania,TZA,"Age population, age 24, female",SP.POP.AG24.FE.IN,543447,560441.5,578185.5,594438,612340.5
Tanzania,TZA,"Age population, age 23, male",SP.POP.AG23.MA.IN,565788,582951.5,598075,615004.5,632568
Tanzania,TZA,"Age population, age 23, female",SP.POP.AG23.FE.IN,561700,579730.5,596130,614016,632033
Tanzania,TZA,"Age population, age 22, female",SP.POP.AG22.FE.IN,580972.5,597648,615820.5,633976,655006
Tanzania,TZA,"Age population, age 22, male",SP.POP.AG22.MA.IN,585054,600636.5,617600.5,635057.5,655897.5
Tanzania,TZA,"Age population, age 21, male",SP.POP.AG21.MA.IN,602688.5,620101,637721.5,658611,683965
Tanzania,TZA,"Age population, age 21, female",SP.POP.AG21.FE.IN,598860.5,617301,635863,657176.5,682401.5
Tanzania,TZA,"Age population, age 20, male",SP.POP.AG20.MA.IN,622077.5,640123,661260.5,686769.5,711494.5
Tanzania,TZA,"Age population, age 20, female",SP.POP.AG20.FE.IN,618479.5,637296.5,659084.5,684680,708842
Tanzania,TZA,"Age population, age 19, male",SP.POP.AG19.MA.IN,641994.5,663530.5,689298.5,714192.5,734186
Tanzania,TZA,"Age population, age 19, female",SP.POP.AG19.FE.IN,638429.5,660457.5,686516,711043.5,730052.5
Tanzania,TZA,"Age population, age 18, female",SP.POP.AG18.FE.IN,661530.5,687807.5,712705,731995.5,744497.5
Tanzania,TZA,"Age population, age 18, male",SP.POP.AG18.MA.IN,665274,691405.5,716490.5,736590,750413
Tanzania,TZA,"Age population, age 13, female",SP.POP.AG13.FE.IN,760849.5,774750,790218,804434.5,823715
Tanzania,TZA,"Age population, age 13, male",SP.POP.AG13.MA.IN,769433,784115.5,800536,815700.5,836075.5
Tanzania,TZA,"Age population, age 14, female",SP.POP.AG14.FE.IN,748845,760234.5,774081,789554.5,803812
Tanzania,TZA,"Age population, age 14, male",SP.POP.AG14.MA.IN,756224,768629.5,783234.5,799697,814937.5
Tanzania,TZA,"Age population, age 15, female",SP.POP.AG15.FE.IN,735280.5,748140,759452,773318,788846
Tanzania,TZA,"Age population, age 15, male",SP.POP.AG15.MA.IN,741295.5,755269.5,767556,782241,798816.5
Tanzania,TZA,"Age population, age 16, female",SP.POP.AG16.FE.IN,714800.5,734469.5,747221,758528.5,772429.5
Tanzania,TZA,"Age population, age 16, male",SP.POP.AG16.MA.IN,719729.5,740147.5,753948.5,766321,781128
Tanzania,TZA,"Age population, age 17, female",SP.POP.AG17.FE.IN,688806.5,713890.5,733412.5,746071,757339
Tanzania,TZA,"Age population, age 17, male",SP.POP.AG17.MA.IN,692977,718369.5,738548.5,752378,764830.5
Thailand,THA,"Age population, age 24, male",SP.POP.AG24.MA.IN,535500,517422.5,490913,479090,482651
Thailand,THA,"Age population, age 24, female",SP.POP.AG24.FE.IN,513993,494363.5,466459,454007,458966
Thailand,THA,"Age population, age 23, male",SP.POP.AG23.MA.IN,518173.5,491446.5,478432.5,480838,484344
Thailand,THA,"Age population, age 23, female",SP.POP.AG23.FE.IN,494455.5,466318.5,452743.5,456548.5,462656.5
Thailand,THA,"Age population, age 22, female",SP.POP.AG22.FE.IN,466392.5,452594.5,454031.5,457733.5,459493.5
Thailand,THA,"Age population, age 22, male",SP.POP.AG22.MA.IN,492147.5,478942.5,479076.5,480319,479784
Thailand,THA,"Age population, age 21, male",SP.POP.AG21.MA.IN,479644.5,479617.5,477601,473813.5,472212
Thailand,THA,"Age population, age 21, female",SP.POP.AG21.FE.IN,452666,453894,454108,452345,452490
Thailand,THA,"Age population, age 20, male",SP.POP.AG20.MA.IN,480362,478193.5,470592.5,465196.5,463061
Thailand,THA,"Age population, age 20, female",SP.POP.AG20.FE.IN,453979,453995,448117,444119.5,443162
Thailand,THA,"Age population, age 19, male",SP.POP.AG19.MA.IN,478978.5,471234,462100.5,456254,452929.5
Thailand,THA,"Age population, age 19, female",SP.POP.AG19.FE.IN,454098,448035.5,440000.5,434984.5,432277
Thailand,THA,"Age population, age 18, female",SP.POP.AG18.FE.IN,448153.5,439956,431592,425520,421251
Thailand,THA,"Age population, age 18, male",SP.POP.AG18.MA.IN,472030,462774,453810.5,447399,442873
Thailand,THA,"Age population, age 13, female",SP.POP.AG13.FE.IN,408817.5,403473,398827,396609,395015
Thailand,THA,"Age population, age 13, male",SP.POP.AG13.MA.IN,433023,427662.5,422620,420077.5,418550.5
Thailand,THA,"Age population, age 14, female",SP.POP.AG14.FE.IN,415569.5,408685,403376.5,398744,396542
Thailand,THA,"Age population, age 14, male",SP.POP.AG14.MA.IN,439593.5,432658,427306.5,422354.5,419886.5
Thailand,THA,"Age population, age 15, female",SP.POP.AG15.FE.IN,423374.5,415429,408600,403397,398873.5
Thailand,THA,"Age population, age 15, male",SP.POP.AG15.MA.IN,447095,439125,432208.5,427042.5,422254
Thailand,THA,"Age population, age 16, female",SP.POP.AG16.FE.IN,431730.5,423231,415365.5,409018.5,404301.5
Thailand,THA,"Age population, age 16, male",SP.POP.AG16.MA.IN,455177,446509.5,438576,432196,427535
Thailand,THA,"Age population, age 17, female",SP.POP.AG17.FE.IN,440089,431588.5,423196.5,416596,411521
Thailand,THA,"Age population, age 17, male",SP.POP.AG17.MA.IN,463540,454485,445878.5,439191,434022.5
Timor-Leste,TLS,"Age population, age 24, male",SP.POP.AG24.MA.IN,12542.5,12951.5,13325,13713,14186.5
Timor-Leste,TLS,"Age population, age 24, female",SP.POP.AG24.FE.IN,12438,12803.5,13151.5,13550.5,14019.5
Timor-Leste,TLS,"Age population, age 23, male",SP.POP.AG23.MA.IN,13108.5,13463,13821.5,14265.5,14780.5
Timor-Leste,TLS,"Age population, age 23, female",SP.POP.AG23.FE.IN,12931,13287.5,13654,14089.5,14540.5
Timor-Leste,TLS,"Age population, age 22, female",SP.POP.AG22.FE.IN,13419.5,13790,14194.5,14613.5,15006
Timor-Leste,TLS,"Age population, age 22, male",SP.POP.AG22.MA.IN,13629.5,13959,14376,14863,15340.5
Timor-Leste,TLS,"Age population, age 21, male",SP.POP.AG21.MA.IN,14122.5,14510.5,14973.5,15425.5,15799
Timor-Leste,TLS,"Age population, age 21, female",SP.POP.AG21.FE.IN,13919.5,14328.5,14718.5,15080.5,15400.5
Timor-Leste,TLS,"Age population, age 20, male",SP.POP.AG20.MA.IN,14660,15103.5,15532.5,15882.5,16062.5
Timor-Leste,TLS,"Age population, age 20, female",SP.POP.AG20.FE.IN,14442.5,14847,15181.5,15473.5,15651
Timor-Leste,TLS,"Age population, age 19, male",SP.POP.AG19.MA.IN,15236.5,15654,15982.5,16140.5,16093
Timor-Leste,TLS,"Age population, age 19, female",SP.POP.AG19.FE.IN,14938.5,15302,15568,15718.5,15708
Timor-Leste,TLS,"Age population, age 18, female",SP.POP.AG18.FE.IN,15361.5,15676.5,15802.5,15766.5,15624.5
Timor-Leste,TLS,"Age population, age 18, male",SP.POP.AG18.MA.IN,15762.5,16092.5,16229.5,16160.5,15962.5
Timor-Leste,TLS,"Age population, age 13, female",SP.POP.AG13.FE.IN,15549,15199.5,14871.5,14740.5,14782.5
Timor-Leste,TLS,"Age population, age 13, male",SP.POP.AG13.MA.IN,15923.5,15561.5,15300,15234,15325.5
Timor-Leste,TLS,"Age population, age 14, female",SP.POP.AG14.FE.IN,15797.5,15551,15164,14844.5,14721
Timor-Leste,TLS,"Age population, age 14, male",SP.POP.AG14.MA.IN,16198.5,15875.5,15525.5,15270.5,15211
Timor-Leste,TLS,"Age population, age 15, female",SP.POP.AG15.FE.IN,15929,15793.5,15503,15129.5,14823.5
Timor-Leste,TLS,"Age population, age 15, male",SP.POP.AG15.MA.IN,16380.5,16141,15826.5,15488.5,15245.5
Timor-Leste,TLS,"Age population, age 16, female",SP.POP.AG16.FE.IN,15923,15918,15729.5,15457.5,15103
Timor-Leste,TLS,"Age population, age 16, male",SP.POP.AG16.MA.IN,16404.5,16316,16078,15779.5,15457.5
Timor-Leste,TLS,"Age population, age 17, female",SP.POP.AG17.FE.IN,15716,15898.5,15838.5,15672,15422.5
Timor-Leste,TLS,"Age population, age 17, male",SP.POP.AG17.MA.IN,16185.5,16325.5,16236.5,16018,15738.5
Togo,TGO,"Age population, age 24, male",SP.POP.AG24.MA.IN,73862.5,75732.5,78055.5,80378,82596
Togo,TGO,"Age population, age 24, female",SP.POP.AG24.FE.IN,72174.5,73976.5,76211.5,78407.5,80481.5
Togo,TGO,"Age population, age 23, male",SP.POP.AG23.MA.IN,76026.5,78357,80803.5,83157.5,85330.5
Togo,TGO,"Age population, age 23, female",SP.POP.AG23.FE.IN,74299,76545,78866.5,81076,83117.5
Togo,TGO,"Age population, age 22, female",SP.POP.AG22.FE.IN,76872.5,79204.5,81550.5,83738.5,85602.5
Togo,TGO,"Age population, age 22, male",SP.POP.AG22.MA.IN,78659.5,81113,83603,85924.5,87906
Togo,TGO,"Age population, age 21, male",SP.POP.AG21.MA.IN,81416.5,83913.5,86378,88514,90248
Togo,TGO,"Age population, age 21, female",SP.POP.AG21.FE.IN,79539,81895.5,84227,86243.5,87887.5
Togo,TGO,"Age population, age 20, male",SP.POP.AG20.MA.IN,84208.5,86678.5,88957.5,90845,93335
Togo,TGO,"Age population, age 20, female",SP.POP.AG20.FE.IN,82235,84577,86736.5,88531.5,90925
Togo,TGO,"Age population, age 19, male",SP.POP.AG19.MA.IN,86957,89239.5,91258,93892,97414.5
Togo,TGO,"Age population, age 19, female",SP.POP.AG19.FE.IN,84916.5,87084,89010.5,91546,94963.5
Togo,TGO,"Age population, age 18, female",SP.POP.AG18.FE.IN,87415.5,89348,91994.5,95533.5,99305
Togo,TGO,"Age population, age 18, male",SP.POP.AG18.MA.IN,89496,91517,94261.5,97906.5,101773
Togo,TGO,"Age population, age 13, female",SP.POP.AG13.FE.IN,104495,107932,111274.5,113296,113946
Togo,TGO,"Age population, age 13, male",SP.POP.AG13.MA.IN,106752.5,110258,113678.5,115769,116491.5
Togo,TGO,"Age population, age 14, female",SP.POP.AG14.FE.IN,100619,104292.5,107727,111045.5,113042
Togo,TGO,"Age population, age 14, male",SP.POP.AG14.MA.IN,102824.5,106583.5,110089,113485.5,115550
Togo,TGO,"Age population, age 15, female",SP.POP.AG15.FE.IN,96472,100397.5,104066.5,107476.5,110768
Togo,TGO,"Age population, age 15, male",SP.POP.AG15.MA.IN,98629.5,102646.5,106403.5,109885,113253.5
Togo,TGO,"Age population, age 16, female",SP.POP.AG16.FE.IN,92590.5,96222.5,100141,103777,107151
Togo,TGO,"Age population, age 16, male",SP.POP.AG16.MA.IN,94705,98438,102451.5,106176,109620
Togo,TGO,"Age population, age 17, female",SP.POP.AG17.FE.IN,89657.5,92310.5,95934.5,99797.5,103374
Togo,TGO,"Age population, age 17, male",SP.POP.AG17.MA.IN,91748.5,94495.5,98224.5,102183.5,105847.5
Tonga,TON,"Age population, age 24, male",SP.POP.AG24.MA.IN,634.5,613,648,739.5,804
Tonga,TON,"Age population, age 24, female",SP.POP.AG24.FE.IN,820,814.5,829.5,881.5,907.5
Tonga,TON,"Age population, age 23, male",SP.POP.AG23.MA.IN,674,708.5,789.5,844,864.5
Tonga,TON,"Age population, age 23, female",SP.POP.AG23.FE.IN,846.5,861.5,916.5,945.5,951
Tonga,TON,"Age population, age 22, female",SP.POP.AG22.FE.IN,894.5,949,979.5,987,1030
Tonga,TON,"Age population, age 22, male",SP.POP.AG22.MA.IN,769,850,892.5,902,947.5
Tonga,TON,"Age population, age 21, male",SP.POP.AG21.MA.IN,910,952,948.5,981.5,1007.5
Tonga,TON,"Age population, age 21, female",SP.POP.AG21.FE.IN,980.5,1011,1018.5,1062.5,1088.5
Tonga,TON,"Age population, age 20, male",SP.POP.AG20.MA.IN,1008.5,1005,1025,1038.5,1046.5
Tonga,TON,"Age population, age 20, female",SP.POP.AG20.FE.IN,1042,1049,1091.5,1117,1111
Tonga,TON,"Age population, age 19, male",SP.POP.AG19.MA.IN,1058,1077.5,1078,1074,1101.5
Tonga,TON,"Age population, age 19, female",SP.POP.AG19.FE.IN,1077.5,1120,1143.5,1136,1125
Tonga,TON,"Age population, age 18, female",SP.POP.AG18.FE.IN,1145.5,1169,1159.5,1147,1145.5
Tonga,TON,"Age population, age 18, male",SP.POP.AG18.MA.IN,1124.5,1124.5,1109,1125,1136
Tonga,TON,"Age population, age 13, female",SP.POP.AG13.FE.IN,1201.5,1186.5,1206.5,1241,1256.5
Tonga,TON,"Age population, age 13, male",SP.POP.AG13.MA.IN,1220,1267.5,1354,1360.5,1303.5
Tonga,TON,"Age population, age 14, female",SP.POP.AG14.FE.IN,1203,1193.5,1178.5,1198,1232
Tonga,TON,"Age population, age 14, male",SP.POP.AG14.MA.IN,1220.5,1208.5,1255.5,1343.5,1351.5
Tonga,TON,"Age population, age 15, female",SP.POP.AG15.FE.IN,1200,1193,1183.5,1169,1189
Tonga,TON,"Age population, age 15, male",SP.POP.AG15.MA.IN,1211.5,1203,1191,1242.5,1334.5
Tonga,TON,"Age population, age 16, female",SP.POP.AG16.FE.IN,1200.5,1185,1178.5,1171.5,1159
Tonga,TON,"Age population, age 16, male",SP.POP.AG16.MA.IN,1180,1186.5,1178.5,1173.5,1231.5
Tonga,TON,"Age population, age 17, female",SP.POP.AG17.FE.IN,1191,1181.5,1166.5,1163,1158
Tonga,TON,"Age population, age 17, male",SP.POP.AG17.MA.IN,1163.5,1148,1154,1155,1159.5
Trinidad and Tobago,TTO,"Age population, age 24, male",SP.POP.AG24.MA.IN,9947.5,9858.5,9833,9808,9734
Trinidad and Tobago,TTO,"Age population, age 24, female",SP.POP.AG24.FE.IN,9524,9402,9360,9349.5,9309
Trinidad and Tobago,TTO,"Age population, age 23, male",SP.POP.AG23.MA.IN,9755.5,9779,9800.5,9748.5,9640
Trinidad and Tobago,TTO,"Age population, age 23, female",SP.POP.AG23.FE.IN,9338,9322,9333.5,9306,9231.5
Trinidad and Tobago,TTO,"Age population, age 22, female",SP.POP.AG22.FE.IN,9257,9294.5,9294,9237,9153.5
Trinidad and Tobago,TTO,"Age population, age 22, male",SP.POP.AG22.MA.IN,9673.5,9744,9743,9661.5,9551.5
Trinidad and Tobago,TTO,"Age population, age 21, male",SP.POP.AG21.MA.IN,9639.5,9687,9659,9579,9494.5
Trinidad and Tobago,TTO,"Age population, age 21, female",SP.POP.AG21.FE.IN,9230.5,9254.5,9228.5,9166.5,9108
Trinidad and Tobago,TTO,"Age population, age 20, male",SP.POP.AG20.MA.IN,9586,9603.5,9578,9525.5,9502
Trinidad and Tobago,TTO,"Age population, age 20, female",SP.POP.AG20.FE.IN,9192.5,9191,9161.5,9125.5,9126.5
Trinidad and Tobago,TTO,"Age population, age 19, male",SP.POP.AG19.MA.IN,9509,9525,9524,9531.5,9585.5
Trinidad and Tobago,TTO,"Age population, age 19, female",SP.POP.AG19.FE.IN,9132.5,9126.5,9122,9145,9213
Trinidad and Tobago,TTO,"Age population, age 18, female",SP.POP.AG18.FE.IN,9074.5,9090,9141,9228.5,9288.5
Trinidad and Tobago,TTO,"Age population, age 18, male",SP.POP.AG18.MA.IN,9439,9475.5,9529,9610,9661
Trinidad and Tobago,TTO,"Age population, age 13, female",SP.POP.AG13.FE.IN,9303,9348,9370.5,9359,9333
Trinidad and Tobago,TTO,"Age population, age 13, male",SP.POP.AG13.MA.IN,9660.5,9705,9723.5,9704,9667
Trinidad and Tobago,TTO,"Age population, age 14, female",SP.POP.AG14.FE.IN,9258,9316.5,9355.5,9374,9360.5
Trinidad and Tobago,TTO,"Age population, age 14, male",SP.POP.AG14.MA.IN,9614.5,9681.5,9716.5,9727,9704.5
Trinidad and Tobago,TTO,"Age population, age 15, female",SP.POP.AG15.FE.IN,9174,9277.5,9328,9360,9374.5
Trinidad and Tobago,TTO,"Age population, age 15, male",SP.POP.AG15.MA.IN,9525,9647,9700,9721.5,9726
Trinidad and Tobago,TTO,"Age population, age 16, female",SP.POP.AG16.FE.IN,9077.5,9201.5,9294,9333,9358.5
Trinidad and Tobago,TTO,"Age population, age 16, male",SP.POP.AG16.MA.IN,9426,9571,9673.5,9705.5,9716.5
Trinidad and Tobago,TTO,"Age population, age 17, female",SP.POP.AG17.FE.IN,9045.5,9113.5,9223.5,9299,9327
Trinidad and Tobago,TTO,"Age population, age 17, male",SP.POP.AG17.MA.IN,9401.5,9486.5,9605.5,9678.5,9695
Tunisia,TUN,"Age population, age 24, male",SP.POP.AG24.MA.IN,85095.5,82571.5,81322.5,81252,80950.5
Tunisia,TUN,"Age population, age 24, female",SP.POP.AG24.FE.IN,83785.5,80848.5,79067,78212.5,77298.5
Tunisia,TUN,"Age population, age 23, male",SP.POP.AG23.MA.IN,82992,81802.5,81707,81373,80755
Tunisia,TUN,"Age population, age 23, female",SP.POP.AG23.FE.IN,81047,79297,78492,77621.5,76904
Tunisia,TUN,"Age population, age 22, female",SP.POP.AG22.FE.IN,79494,78721,77916.5,77259.5,77504
Tunisia,TUN,"Age population, age 22, male",SP.POP.AG22.MA.IN,82217,82182,81843,81213.5,81471.5
Tunisia,TUN,"Age population, age 21, male",SP.POP.AG21.MA.IN,82585.5,82305.5,81688.5,81954.5,83215
Tunisia,TUN,"Age population, age 21, female",SP.POP.AG21.FE.IN,78913.5,78140.5,77563,77883,78797.5
Tunisia,TUN,"Age population, age 20, male",SP.POP.AG20.MA.IN,82687.5,82126.5,82417.5,83698.5,85079
Tunisia,TUN,"Age population, age 20, female",SP.POP.AG20.FE.IN,78324.5,77777.5,78183,79179,80089
Tunisia,TUN,"Age population, age 19, male",SP.POP.AG19.MA.IN,82478.5,82821.5,84127.5,85529.5,87056.5
Tunisia,TUN,"Age population, age 19, female",SP.POP.AG19.FE.IN,77949.5,78383,79458.5,80444.5,81640
Tunisia,TUN,"Age population, age 18, female",SP.POP.AG18.FE.IN,78539.5,79640.5,80688.5,81943,84227.5
Tunisia,TUN,"Age population, age 18, male",SP.POP.AG18.MA.IN,83136,84489,85904.5,87441.5,90016.5
Tunisia,TUN,"Age population, age 13, female",SP.POP.AG13.FE.IN,88281.5,92263,95801.5,97786,99366.5
Tunisia,TUN,"Age population, age 13, male",SP.POP.AG13.MA.IN,94749.5,99143.5,103012.5,105068.5,106543.5
Tunisia,TUN,"Age population, age 14, female",SP.POP.AG14.FE.IN,84792,88222.5,92196.5,95728.5,97708
Tunisia,TUN,"Age population, age 14, male",SP.POP.AG14.MA.IN,90885,94650.5,99032.5,102904.5,104965
Tunisia,TUN,"Age population, age 15, female",SP.POP.AG15.FE.IN,82369,84716.5,88136,92111,95646
Tunisia,TUN,"Age population, age 15, male",SP.POP.AG15.MA.IN,88180.5,90752,94499,98899,102791
Tunisia,TUN,"Age population, age 16, female",SP.POP.AG16.FE.IN,80964,82274,84606.5,88027.5,92005
Tunisia,TUN,"Age population, age 16, male",SP.POP.AG16.MA.IN,86439,88003.5,90550,94324,98752
Tunisia,TUN,"Age population, age 17, female",SP.POP.AG17.FE.IN,79777.5,80847.5,82139,84458.5,87868
Tunisia,TUN,"Age population, age 17, male",SP.POP.AG17.MA.IN,84760,86215.5,87747.5,90315.5,94112.5
Turkiye,TUR,"Age population, age 24, male",SP.POP.AG24.MA.IN,721738,727072,722478.5,708812,685367.5
Turkiye,TUR,"Age population, age 24, female",SP.POP.AG24.FE.IN,691201,696210.5,692119,679025.5,656293
Turkiye,TUR,"Age population, age 23, male",SP.POP.AG23.MA.IN,729199.5,728892,716085,693076,660605.5
Turkiye,TUR,"Age population, age 23, female",SP.POP.AG23.FE.IN,699030,698766,686418.5,663955.5,632182.5
Turkiye,TUR,"Age population, age 22, female",SP.POP.AG22.FE.IN,699702,693064.5,672599,642365.5,608865.5
Turkiye,TUR,"Age population, age 22, male",SP.POP.AG22.MA.IN,729460,722443.5,701553,670794.5,636634.5
Turkiye,TUR,"Age population, age 21, male",SP.POP.AG21.MA.IN,721873.5,707736.5,680213,648909,620965
Turkiye,TUR,"Age population, age 21, female",SP.POP.AG21.FE.IN,692552.5,679116,651990.5,621168,593826
Turkiye,TUR,"Age population, age 20, male",SP.POP.AG20.MA.IN,706553,686085,658633.5,634194,615235
Turkiye,TUR,"Age population, age 20, female",SP.POP.AG20.FE.IN,677712,658233,631129,607105,588701
Turkiye,TUR,"Age population, age 19, male",SP.POP.AG19.MA.IN,684936,664056.5,643369,627842.5,618922.5
Turkiye,TUR,"Age population, age 19, female",SP.POP.AG19.FE.IN,656625.5,636942,616528.5,601362,592964.5
Turkiye,TUR,"Age population, age 18, female",SP.POP.AG18.FE.IN,635813,621763,609448.5,603559,604843.5
Turkiye,TUR,"Age population, age 18, male",SP.POP.AG18.MA.IN,663577.5,648211.5,635686,629477,630269
Turkiye,TUR,"Age population, age 13, female",SP.POP.AG13.FE.IN,626035,638967.5,646760,654032,660393
Turkiye,TUR,"Age population, age 13, male",SP.POP.AG13.MA.IN,651922,663257.5,670896,677994,684153.5
Turkiye,TUR,"Age population, age 14, female",SP.POP.AG14.FE.IN,617425.5,629385,637389,645280.5,652875
Turkiye,TUR,"Age population, age 14, male",SP.POP.AG14.MA.IN,643549,653977,661831,669506,676820
Turkiye,TUR,"Age population, age 15, female",SP.POP.AG15.FE.IN,612031,619806,627185.5,635470,643876
Turkiye,TUR,"Age population, age 15, male",SP.POP.AG15.MA.IN,638469,644752,651993,660029.5,668074.5
Turkiye,TUR,"Age population, age 16, female",SP.POP.AG16.FE.IN,613027.5,613558,616861.5,624354,633003.5
Turkiye,TUR,"Age population, age 16, male",SP.POP.AG16.MA.IN,639847,638923.5,642086.5,649311.5,657536
Turkiye,TUR,"Age population, age 17, female",SP.POP.AG17.FE.IN,620934.5,613978.5,609812.5,612509.5,619674.5
Turkiye,TUR,"Age population, age 17, male",SP.POP.AG17.MA.IN,648197.5,639844.5,635511,637920.5,644620.5
Turkmenistan,TKM,"Age population, age 24, male",SP.POP.AG24.MA.IN,65168,62799,60001.5,57365,54804
Turkmenistan,TKM,"Age population, age 24, female",SP.POP.AG24.FE.IN,64402,62316,59635,56835,53804.5
Turkmenistan,TKM,"Age population, age 23, male",SP.POP.AG23.MA.IN,62450.5,59787.5,57279.5,54870,52394.5
Turkmenistan,TKM,"Age population, age 23, female",SP.POP.AG23.FE.IN,61901,59370,56701,53824.5,50566.5
Turkmenistan,TKM,"Age population, age 22, female",SP.POP.AG22.FE.IN,58991,56431.5,53825.5,50861.5,47598
Turkmenistan,TKM,"Age population, age 22, male",SP.POP.AG22.MA.IN,59474,57060,54910.5,52718.5,50475
Turkmenistan,TKM,"Age population, age 21, male",SP.POP.AG21.MA.IN,56815.5,54692,52876.5,51034.5,49529.5
Turkmenistan,TKM,"Age population, age 21, female",SP.POP.AG21.FE.IN,56117,53558.5,50989.5,48146,45686.5
Turkmenistan,TKM,"Age population, age 20, male",SP.POP.AG20.MA.IN,54529,52665,51265.5,50227,49963.5
Turkmenistan,TKM,"Age population, age 20, female",SP.POP.AG20.FE.IN,53335.5,50733,48354.5,46385,45539
Turkmenistan,TKM,"Age population, age 19, male",SP.POP.AG19.MA.IN,52580.5,51068,50465.5,50660.5,51804.5
Turkmenistan,TKM,"Age population, age 19, female",SP.POP.AG19.FE.IN,50606,48117,46606,46242.5,47243.5
Turkmenistan,TKM,"Age population, age 18, female",SP.POP.AG18.FE.IN,48088,46395,46419.5,47829,50713
Turkmenistan,TKM,"Age population, age 18, male",SP.POP.AG18.MA.IN,51058,50287.5,50851.5,52384,54969.5
Turkmenistan,TKM,"Age population, age 13, female",SP.POP.AG13.FE.IN,55966,61244,66079.5,70226.5,73696
Turkmenistan,TKM,"Age population, age 13, male",SP.POP.AG13.MA.IN,59506,64007,68302.5,72204.5,75719
Turkmenistan,TKM,"Age population, age 14, female",SP.POP.AG14.FE.IN,51180,55878,61286.5,66119,70258.5
Turkmenistan,TKM,"Age population, age 14, male",SP.POP.AG14.MA.IN,55426.5,59438.5,64043,68333,72225
Turkmenistan,TKM,"Age population, age 15, female",SP.POP.AG15.FE.IN,47943.5,51040,55949,61327.5,66124.5
Turkmenistan,TKM,"Age population, age 15, male",SP.POP.AG15.MA.IN,52496,55319.5,59499.5,64074,68328.5
Turkmenistan,TKM,"Age population, age 16, female",SP.POP.AG16.FE.IN,46368.5,47790.5,51145.5,55971,61258
Turkmenistan,TKM,"Age population, age 16, male",SP.POP.AG16.MA.IN,50800,52378,55409.5,59510.5,63998.5
Turkmenistan,TKM,"Age population, age 17, female",SP.POP.AG17.FE.IN,46459.5,46241.5,47933,51116,55758
Turkmenistan,TKM,"Age population, age 17, male",SP.POP.AG17.MA.IN,50343.5,50700,52500,55369,59296
Turks and Caicos Islands,TCA,"Age population, age 24, male",SP.POP.AG24.MA.IN,301,290.5,281,274,267
Turks and Caicos Islands,TCA,"Age population, age 24, female",SP.POP.AG24.FE.IN,334,324.5,317,312.5,305.5
Turks and Caicos Islands,TCA,"Age population, age 23, male",SP.POP.AG23.MA.IN,283.5,277,270.5,264,255
Turks and Caicos Islands,TCA,"Age population, age 23, female",SP.POP.AG23.FE.IN,318.5,313,309,302.5,301.5
Turks and Caicos Islands,TCA,"Age population, age 22, female",SP.POP.AG22.FE.IN,307,305,299,298.5,295.5
Turks and Caicos Islands,TCA,"Age population, age 22, male",SP.POP.AG22.MA.IN,271,267,261,252,240
Turks and Caicos Islands,TCA,"Age population, age 21, male",SP.POP.AG21.MA.IN,261,257,249,237.5,227
Turks and Caicos Islands,TCA,"Age population, age 21, female",SP.POP.AG21.FE.IN,300,295,295.5,293,285.5
Turks and Caicos Islands,TCA,"Age population, age 20, male",SP.POP.AG20.MA.IN,252.5,245.5,234.5,225,222
Turks and Caicos Islands,TCA,"Age population, age 20, female",SP.POP.AG20.FE.IN,290,291.5,289.5,282.5,276.5
Turks and Caicos Islands,TCA,"Age population, age 19, male",SP.POP.AG19.MA.IN,241.5,231.5,222.5,219.5,228
Turks and Caicos Islands,TCA,"Age population, age 19, female",SP.POP.AG19.FE.IN,287,285.5,279.5,274.5,273
Turks and Caicos Islands,TCA,"Age population, age 18, female",SP.POP.AG18.FE.IN,283,277,272,271,278.5
Turks and Caicos Islands,TCA,"Age population, age 18, male",SP.POP.AG18.MA.IN,228.5,219.5,217.5,227,240.5
Turks and Caicos Islands,TCA,"Age population, age 13, female",SP.POP.AG13.FE.IN,283.5,286.5,278,251,241.5
Turks and Caicos Islands,TCA,"Age population, age 13, male",SP.POP.AG13.MA.IN,244.5,246.5,237,205,203
Turks and Caicos Islands,TCA,"Age population, age 14, female",SP.POP.AG14.FE.IN,272.5,285,287.5,279,251.5
Turks and Caicos Islands,TCA,"Age population, age 14, male",SP.POP.AG14.MA.IN,234.5,245.5,247.5,237.5,205.5
Turks and Caicos Islands,TCA,"Age population, age 15, female",SP.POP.AG15.FE.IN,265,274,286,288,279.5
Turks and Caicos Islands,TCA,"Age population, age 15, male",SP.POP.AG15.MA.IN,221,235.5,246.5,248.5,238.5
Turks and Caicos Islands,TCA,"Age population, age 16, female",SP.POP.AG16.FE.IN,267,267,276,287.5,289
Turks and Caicos Islands,TCA,"Age population, age 16, male",SP.POP.AG16.MA.IN,213,222.5,237.5,248,249
Turks and Caicos Islands,TCA,"Age population, age 17, female",SP.POP.AG17.FE.IN,274,269,269,277.5,288.5
Turks and Caicos Islands,TCA,"Age population, age 17, male",SP.POP.AG17.MA.IN,217,214.5,224.5,239,249
Tuvalu,TUV,"Age population, age 24, male",SP.POP.AG24.MA.IN,92,89.5,84.5,77,70
Tuvalu,TUV,"Age population, age 24, female",SP.POP.AG24.FE.IN,89.5,85.5,76.5,70,68
Tuvalu,TUV,"Age population, age 23, male",SP.POP.AG23.MA.IN,94,91,82.5,75,70.5
Tuvalu,TUV,"Age population, age 23, female",SP.POP.AG23.FE.IN,90,83.5,76,73,70
Tuvalu,TUV,"Age population, age 22, female",SP.POP.AG22.FE.IN,88.5,83.5,79,74.5,68.5
Tuvalu,TUV,"Age population, age 22, male",SP.POP.AG22.MA.IN,95,88.5,80,75,74
Tuvalu,TUV,"Age population, age 21, male",SP.POP.AG21.MA.IN,93.5,87,80.5,77.5,78
Tuvalu,TUV,"Age population, age 21, female",SP.POP.AG21.FE.IN,88,86,80.5,73,69.5
Tuvalu,TUV,"Age population, age 20, male",SP.POP.AG20.MA.IN,91.5,86.5,82.5,81.5,81
Tuvalu,TUV,"Age population, age 20, female",SP.POP.AG20.FE.IN,89.5,86.5,78,73.5,73.5
Tuvalu,TUV,"Age population, age 19, male",SP.POP.AG19.MA.IN,90.5,88,86,84,84
Tuvalu,TUV,"Age population, age 19, female",SP.POP.AG19.FE.IN,90.5,84,78,76.5,76.5
Tuvalu,TUV,"Age population, age 18, female",SP.POP.AG18.FE.IN,87,83,80.5,79.5,78
Tuvalu,TUV,"Age population, age 18, male",SP.POP.AG18.MA.IN,93,92,88.5,86.5,87.5
Tuvalu,TUV,"Age population, age 13, female",SP.POP.AG13.FE.IN,87.5,87,87.5,88.5,93
Tuvalu,TUV,"Age population, age 13, male",SP.POP.AG13.MA.IN,102.5,100,99.5,102.5,105.5
Tuvalu,TUV,"Age population, age 14, female",SP.POP.AG14.FE.IN,89,85,86,86.5,87.5
Tuvalu,TUV,"Age population, age 14, male",SP.POP.AG14.MA.IN,99,99.5,99,98,101
Tuvalu,TUV,"Age population, age 15, female",SP.POP.AG15.FE.IN,90.5,86.5,83,84,85
Tuvalu,TUV,"Age population, age 15, male",SP.POP.AG15.MA.IN,96,95.5,97,97.5,97
Tuvalu,TUV,"Age population, age 16, female",SP.POP.AG16.FE.IN,89,87.5,83,81,83
Tuvalu,TUV,"Age population, age 16, male",SP.POP.AG16.MA.IN,95.5,93,92.5,95,96.5
Tuvalu,TUV,"Age population, age 17, female",SP.POP.AG17.FE.IN,87,86,83,80,79
Tuvalu,TUV,"Age population, age 17, male",SP.POP.AG17.MA.IN,95.5,92.5,90,90.5,93.5
Uganda,UGA,"Age population, age 24, male",SP.POP.AG24.MA.IN,428695.5,442777,455004.5,468244.5,479373
Uganda,UGA,"Age population, age 24, female",SP.POP.AG24.FE.IN,433403.5,447616.5,459941.5,473055.5,484060
Uganda,UGA,"Age population, age 23, male",SP.POP.AG23.MA.IN,444688,458572.5,472353,483984.5,493922
Uganda,UGA,"Age population, age 23, female",SP.POP.AG23.FE.IN,449151,463191.5,476981,488636.5,498483
Uganda,UGA,"Age population, age 22, female",SP.POP.AG22.FE.IN,464710,480221.5,493300,504567,513036
Uganda,UGA,"Age population, age 22, male",SP.POP.AG22.MA.IN,460467.5,475900,488796,499982.5,508701.5
Uganda,UGA,"Age population, age 21, male",SP.POP.AG21.MA.IN,477758.5,492262,505358,515989.5,524912
Uganda,UGA,"Age population, age 21, female",SP.POP.AG21.FE.IN,481709,496478,509830.5,520401.5,528779
Uganda,UGA,"Age population, age 20, male",SP.POP.AG20.MA.IN,494052,508677.5,521575.5,532781.5,541729
Uganda,UGA,"Age population, age 20, female",SP.POP.AG20.FE.IN,497917.5,512891,525906,536757.5,544755.5
Uganda,UGA,"Age population, age 19, male",SP.POP.AG19.MA.IN,510369.5,524680.5,538098.5,549277.5,558481.5
Uganda,UGA,"Age population, age 19, female",SP.POP.AG19.FE.IN,514260,528783,542005.5,552405,560462
Uganda,UGA,"Age population, age 18, female",SP.POP.AG18.FE.IN,530053,544629.5,556937.5,566926.5,576551
Uganda,UGA,"Age population, age 18, male",SP.POP.AG18.MA.IN,526244.5,540923.5,553891,564896,575756.5
Uganda,UGA,"Age population, age 13, female",SP.POP.AG13.FE.IN,598288.5,611688,626788,640090,650868.5
Uganda,UGA,"Age population, age 13, male",SP.POP.AG13.MA.IN,599148,613858,630162,644583.5,656357
Uganda,UGA,"Age population, age 14, female",SP.POP.AG14.FE.IN,586147,597685,610722,625842,639166
Uganda,UGA,"Age population, age 14, male",SP.POP.AG14.MA.IN,585642.5,598452,612819,629146,643598
Uganda,UGA,"Age population, age 15, female",SP.POP.AG15.FE.IN,573284,585425.5,596433.5,609541,624736
Uganda,UGA,"Age population, age 15, male",SP.POP.AG15.MA.IN,571597,584812,597129,611559.5,627958.5
Uganda,UGA,"Age population, age 16, female",SP.POP.AG16.FE.IN,560256.5,572422,583830.5,594757,607789
Uganda,UGA,"Age population, age 16, male",SP.POP.AG16.MA.IN,557559.5,570596,583135,595368.5,609724.5
Uganda,UGA,"Age population, age 17, female",SP.POP.AG17.FE.IN,545777,559249,570464.5,581327.5,591709.5
Uganda,UGA,"Age population, age 17, male",SP.POP.AG17.MA.IN,542318.5,556364,568523.5,580543,592264.5
Ukraine,UKR,"Age population, age 24, male",SP.POP.AG24.MA.IN,225907.5,197752.5,172759.5,176458,196520
Ukraine,UKR,"Age population, age 24, female",SP.POP.AG24.FE.IN,215547,189792.5,166109,169980.5,191870
Ukraine,UKR,"Age population, age 23, male",SP.POP.AG23.MA.IN,212375.5,188298.5,168083.5,172998,195294.5
Ukraine,UKR,"Age population, age 23, female",SP.POP.AG23.FE.IN,203299.5,180273.5,160338.5,166082,189770.5
Ukraine,UKR,"Age population, age 22, female",SP.POP.AG22.FE.IN,193251,173931.5,157353,166323,194364
Ukraine,UKR,"Age population, age 22, male",SP.POP.AG22.MA.IN,202269,182941,165507.5,174040,200099
Ukraine,UKR,"Age population, age 21, male",SP.POP.AG21.MA.IN,196190,179633.5,167613.5,181508.5,205183
Ukraine,UKR,"Age population, age 21, female",SP.POP.AG21.FE.IN,186128,170163,158723,173696.5,199131.5
Ukraine,UKR,"Age population, age 20, male",SP.POP.AG20.MA.IN,192735,181568.5,176041.5,189040,206334
Ukraine,UKR,"Age population, age 20, female",SP.POP.AG20.FE.IN,182211.5,171367,167131,181063.5,198876.5
Ukraine,UKR,"Age population, age 19, male",SP.POP.AG19.MA.IN,194267.5,189608.5,184394.5,192228.5,211395.5
Ukraine,UKR,"Age population, age 19, female",SP.POP.AG19.FE.IN,183052.5,179448,175428,183039.5,203703.5
Ukraine,UKR,"Age population, age 18, female",SP.POP.AG18.FE.IN,191605,188253.5,178346.5,190146.5,210766
Ukraine,UKR,"Age population, age 18, male",SP.POP.AG18.MA.IN,202799.5,198445,188366.5,199311.5,219325.5
Ukraine,UKR,"Age population, age 13, female",SP.POP.AG13.FE.IN,237794,231456,211886,211993,224547
Ukraine,UKR,"Age population, age 13, male",SP.POP.AG13.MA.IN,252086.5,246582.5,225643,225060,237751
Ukraine,UKR,"Age population, age 14, female",SP.POP.AG14.FE.IN,225827,222950,215760,213352.5,217827
Ukraine,UKR,"Age population, age 14, male",SP.POP.AG14.MA.IN,237866.5,236359.5,229933,226830,230412.5
Ukraine,UKR,"Age population, age 15, female",SP.POP.AG15.FE.IN,213916,211343.5,207682.5,217254.5,219102.5
Ukraine,UKR,"Age population, age 15, male",SP.POP.AG15.MA.IN,225696,222574,220201,231124.5,232085.5
Ukraine,UKR,"Age population, age 16, female",SP.POP.AG16.FE.IN,205210,200598,197256,209472,223723.5
Ukraine,UKR,"Age population, age 16, male",SP.POP.AG16.MA.IN,217185.5,211460,207471,221622.5,236990
Ukraine,UKR,"Age population, age 17, female",SP.POP.AG17.FE.IN,201046,191838.5,186530,199845,217784.5
Ukraine,UKR,"Age population, age 17, male",SP.POP.AG17.MA.IN,212132,202903.5,196352.5,209560.5,229097.5
United Arab Emirates,ARE,"Age population, age 24, male",SP.POP.AG24.MA.IN,139353.5,145570,141780,137817.5,143931
United Arab Emirates,ARE,"Age population, age 24, female",SP.POP.AG24.FE.IN,82181.5,86040,87399.5,89014,90961
United Arab Emirates,ARE,"Age population, age 23, male",SP.POP.AG23.MA.IN,120000,124987,122847.5,122859.5,131855
United Arab Emirates,ARE,"Age population, age 23, female",SP.POP.AG23.FE.IN,78121.5,81453.5,81440.5,80409,80193.5
United Arab Emirates,ARE,"Age population, age 22, female",SP.POP.AG22.FE.IN,71286,74306.5,73881,71715.5,70482
United Arab Emirates,ARE,"Age population, age 22, male",SP.POP.AG22.MA.IN,104079,108417.5,108447.5,111737,119460
United Arab Emirates,ARE,"Age population, age 21, male",SP.POP.AG21.MA.IN,93061,96894.5,97959,100282.5,102861
United Arab Emirates,ARE,"Age population, age 21, female",SP.POP.AG21.FE.IN,63894,66625.5,66239.5,64017.5,61579
United Arab Emirates,ARE,"Age population, age 20, male",SP.POP.AG20.MA.IN,84533,88104,87221,84606.5,83244.5
United Arab Emirates,ARE,"Age population, age 20, female",SP.POP.AG20.FE.IN,56912,59409.5,59610.5,57068.5,53192.5
United Arab Emirates,ARE,"Age population, age 19, male",SP.POP.AG19.MA.IN,73018,76245.5,72666.5,66542.5,66797
United Arab Emirates,ARE,"Age population, age 19, female",SP.POP.AG19.FE.IN,51491,53827.5,53680,50438.5,47713
United Arab Emirates,ARE,"Age population, age 18, female",SP.POP.AG18.FE.IN,45928,48077,47819,46113,45954
United Arab Emirates,ARE,"Age population, age 18, male",SP.POP.AG18.MA.IN,57730,60263,57069,54200.5,57669.5
United Arab Emirates,ARE,"Age population, age 13, female",SP.POP.AG13.FE.IN,45048,47436,50585.5,54140,56866.5
United Arab Emirates,ARE,"Age population, age 13, male",SP.POP.AG13.MA.IN,46143.5,48614,52092.5,55169,56684.5
United Arab Emirates,ARE,"Age population, age 14, female",SP.POP.AG14.FE.IN,42773.5,44961,47732,50314.5,52378.5
United Arab Emirates,ARE,"Age population, age 14, male",SP.POP.AG14.MA.IN,43825,46039,49185.5,50938.5,51126.5
United Arab Emirates,ARE,"Age population, age 15, female",SP.POP.AG15.FE.IN,41129.5,43144,45727.5,47585.5,48391
United Arab Emirates,ARE,"Age population, age 15, male",SP.POP.AG15.MA.IN,42163,44122.5,47231.5,48241,46550
United Arab Emirates,ARE,"Age population, age 16, female",SP.POP.AG16.FE.IN,39642,41558,44175,46165,46341
United Arab Emirates,ARE,"Age population, age 16, male",SP.POP.AG16.MA.IN,40691.5,42518.5,45825,48428.5,47238
United Arab Emirates,ARE,"Age population, age 17, female",SP.POP.AG17.FE.IN,40813.5,42768.5,44218.5,45334.5,45836
United Arab Emirates,ARE,"Age population, age 17, male",SP.POP.AG17.MA.IN,44595,46542.5,47526,49726,51839
United Kingdom,GBR,"Age population, age 24, male",SP.POP.AG24.MA.IN,449721.5,446977.5,438544,432359.5,425635.5
United Kingdom,GBR,"Age population, age 24, female",SP.POP.AG24.FE.IN,424470.5,422069.5,412509,406556.5,403055
United Kingdom,GBR,"Age population, age 23, male",SP.POP.AG23.MA.IN,441091.5,435736.5,426398.5,416572.5,411772.5
United Kingdom,GBR,"Age population, age 23, female",SP.POP.AG23.FE.IN,415864.5,409718.5,400573,393928.5,391154.5
United Kingdom,GBR,"Age population, age 22, female",SP.POP.AG22.FE.IN,403558,397864.5,387129.5,380315.5,385928
United Kingdom,GBR,"Age population, age 22, male",SP.POP.AG22.MA.IN,429907.5,423651.5,409782.5,400989,407122
United Kingdom,GBR,"Age population, age 21, male",SP.POP.AG21.MA.IN,417961,407109.5,393592.5,395004.5,412185.5
United Kingdom,GBR,"Age population, age 21, female",SP.POP.AG21.FE.IN,391815,384494.5,372908,373752,391861
United Kingdom,GBR,"Age population, age 20, male",SP.POP.AG20.MA.IN,401677.5,391022,387448,399619,416431.5
United Kingdom,GBR,"Age population, age 20, female",SP.POP.AG20.FE.IN,378678,370350.5,366162,379231.5,397052
United Kingdom,GBR,"Age population, age 19, male",SP.POP.AG19.MA.IN,385935.5,384961,392491.5,404626.5,422223
United Kingdom,GBR,"Age population, age 19, female",SP.POP.AG19.FE.IN,364878.5,363693.5,372084.5,385185.5,402924.5
United Kingdom,GBR,"Age population, age 18, female",SP.POP.AG18.FE.IN,358712,369674,379000,392974.5,408545
United Kingdom,GBR,"Age population, age 18, male",SP.POP.AG18.MA.IN,380303.5,390014,398435,412325,429188.5
United Kingdom,GBR,"Age population, age 13, female",SP.POP.AG13.FE.IN,401622.5,408024,411631,419527.5,427273
United Kingdom,GBR,"Age population, age 13, male",SP.POP.AG13.MA.IN,423065.5,428929,432114,440548.5,448802.5
United Kingdom,GBR,"Age population, age 14, female",SP.POP.AG14.FE.IN,392210,404046,410747,413767.5,421104.5
United Kingdom,GBR,"Age population, age 14, male",SP.POP.AG14.MA.IN,412861,425446,431782.5,434314,442128.5
United Kingdom,GBR,"Age population, age 15, female",SP.POP.AG15.FE.IN,382191,395074,406705.5,412928.5,415518.5
United Kingdom,GBR,"Age population, age 15, male",SP.POP.AG15.MA.IN,401606.5,415626,428233.5,434029,436063.5
United Kingdom,GBR,"Age population, age 16, female",SP.POP.AG16.FE.IN,372599.5,385564,397665,409328,415598.5
United Kingdom,GBR,"Age population, age 16, male",SP.POP.AG16.MA.IN,392185.5,404809.5,418320.5,430900,436687
United Kingdom,GBR,"Age population, age 17, female",SP.POP.AG17.FE.IN,365196.5,376544.5,388086.5,401232,413965.5
United Kingdom,GBR,"Age population, age 17, male",SP.POP.AG17.MA.IN,385814,395895,407418.5,421915,435512
United States,USA,"Age population, age 24, male",SP.POP.AG24.MA.IN,2302493.5,2299375,2309434,2346560,2383604
United States,USA,"Age population, age 24, female",SP.POP.AG24.FE.IN,2144734,2145526.5,2158156.5,2195663,2235165
United States,USA,"Age population, age 23, male",SP.POP.AG23.MA.IN,2294089,2303990.5,2327498.5,2351645.5,2369661
United States,USA,"Age population, age 23, female",SP.POP.AG23.FE.IN,2138789.5,2151115.5,2177118.5,2205686,2225361
United States,USA,"Age population, age 22, female",SP.POP.AG22.FE.IN,2144269.5,2169968.5,2182131.5,2185862.5,2231529
United States,USA,"Age population, age 22, male",SP.POP.AG22.MA.IN,2298482,2321934,2327811,2328173,2375078
United States,USA,"Age population, age 21, male",SP.POP.AG21.MA.IN,2316235.5,2322102.5,2300310.5,2325728.5,2382900.5
United States,USA,"Age population, age 21, female",SP.POP.AG21.FE.IN,2163031,2174793,2158004.5,2183622,2241094
United States,USA,"Age population, age 20, male",SP.POP.AG20.MA.IN,2315933,2294283,2296082.5,2330061.5,2379033
United States,USA,"Age population, age 20, female",SP.POP.AG20.FE.IN,2167716.5,2150565.5,2153870,2189298,2238381.5
United States,USA,"Age population, age 19, male",SP.POP.AG19.MA.IN,2287796.5,2289773.5,2301604,2328792,2392735
United States,USA,"Age population, age 19, female",SP.POP.AG19.FE.IN,2143435.5,2146420.5,2160765,2188992,2251716
United States,USA,"Age population, age 18, female",SP.POP.AG18.FE.IN,2139276,2153262.5,2164483,2210466.5,2267120
United States,USA,"Age population, age 18, male",SP.POP.AG18.MA.IN,2283015,2295011.5,2304297,2350727.5,2406330
United States,USA,"Age population, age 13, female",SP.POP.AG13.FE.IN,2200843,2163605.5,2113255,2072203.5,2053500
United States,USA,"Age population, age 13, male",SP.POP.AG13.MA.IN,2334500.5,2295287,2242040,2198491.5,2175559
United States,USA,"Age population, age 14, female",SP.POP.AG14.FE.IN,2208955,2208333,2171850.5,2119550,2076486
United States,USA,"Age population, age 14, male",SP.POP.AG14.MA.IN,2346348,2342985.5,2303881.5,2248969.5,2203692.5
United States,USA,"Age population, age 15, female",SP.POP.AG15.FE.IN,2176489.5,2216412,2216541,2178621,2124723
United States,USA,"Age population, age 15, male",SP.POP.AG15.MA.IN,2316182,2354706.5,2351403,2311150.5,2254919
United States,USA,"Age population, age 16, female",SP.POP.AG16.FE.IN,2149503.5,2183850.5,2224421,2225305.5,2187912
United States,USA,"Age population, age 16, male",SP.POP.AG16.MA.IN,2289444.5,2324258,2362712,2360523,2321118.5
United States,USA,"Age population, age 17, female",SP.POP.AG17.FE.IN,2146036,2156823,2191677,2237404.5,2243275.5
United States,USA,"Age population, age 17, male",SP.POP.AG17.MA.IN,2287731.5,2297205,2331835.5,2375923.5,2379149
Upper middle income,UMC,"Age population, age 24, male",SP.POP.AG24.MA.IN,..,..,..,..,..
Upper middle income,UMC,"Age population, age 24, female",SP.POP.AG24.FE.IN,..,..,..,..,..
Upper middle income,UMC,"Age population, age 23, male",SP.POP.AG23.MA.IN,..,..,..,..,..
Upper middle income,UMC,"Age population, age 23, female",SP.POP.AG23.FE.IN,..,..,..,..,..
Upper middle income,UMC,"Age population, age 22, female",SP.POP.AG22.FE.IN,..,..,..,..,..
Upper middle income,UMC,"Age population, age 22, male",SP.POP.AG22.MA.IN,..,..,..,..,..
Upper middle income,UMC,"Age population, age 21, male",SP.POP.AG21.MA.IN,..,..,..,..,..
Upper middle income,UMC,"Age population, age 21, female",SP.POP.AG21.FE.IN,..,..,..,..,..
Upper middle income,UMC,"Age population, age 20, male",SP.POP.AG20.MA.IN,..,..,..,..,..
Upper middle income,UMC,"Age population, age 20, female",SP.POP.AG20.FE.IN,..,..,..,..,..
Upper middle income,UMC,"Age population, age 19, male",SP.POP.AG19.MA.IN,..,..,..,..,..
Upper middle income,UMC,"Age population, age 19, female",SP.POP.AG19.FE.IN,..,..,..,..,..
Upper middle income,UMC,"Age population, age 18, female",SP.POP.AG18.FE.IN,..,..,..,..,..
Upper middle income,UMC,"Age population, age 18, male",SP.POP.AG18.MA.IN,..,..,..,..,..
Upper middle income,UMC,"Age population, age 13, female",SP.POP.AG13.FE.IN,..,..,..,..,..
Upper middle income,UMC,"Age population, age 13, male",SP.POP.AG13.MA.IN,..,..,..,..,..
Upper middle income,UMC,"Age population, age 14, female",SP.POP.AG14.FE.IN,..,..,..,..,..
Upper middle income,UMC,"Age population, age 14, male",SP.POP.AG14.MA.IN,..,..,..,..,..
Upper middle income,UMC,"Age population, age 15, female",SP.POP.AG15.FE.IN,..,..,..,..,..
Upper middle income,UMC,"Age population, age 15, male",SP.POP.AG15.MA.IN,..,..,..,..,..
Upper middle income,UMC,"Age population, age 16, female",SP.POP.AG16.FE.IN,..,..,..,..,..
Upper middle income,UMC,"Age population, age 16, male",SP.POP.AG16.MA.IN,..,..,..,..,..
Upper middle income,UMC,"Age population, age 17, female",SP.POP.AG17.FE.IN,..,..,..,..,..
Upper middle income,UMC,"Age population, age 17, male",SP.POP.AG17.MA.IN,..,..,..,..,..
Uruguay,URY,"Age population, age 24, male",SP.POP.AG24.MA.IN,25968,25669,25404,25118,24734
Uruguay,URY,"Age population, age 24, female",SP.POP.AG24.FE.IN,25070.5,24721,24451,24174,23800.5
Uruguay,URY,"Age population, age 23, male",SP.POP.AG23.MA.IN,25747.5,25482.5,25187,24793.5,24665.5
Uruguay,URY,"Age population, age 23, female",SP.POP.AG23.FE.IN,24764.5,24493.5,24212,23834,23708
Uruguay,URY,"Age population, age 22, female",SP.POP.AG22.FE.IN,24536.5,24254,23870.5,23739.5,23504.5
Uruguay,URY,"Age population, age 22, male",SP.POP.AG22.MA.IN,25557.5,25265,24863,24725,24481.5
Uruguay,URY,"Age population, age 21, male",SP.POP.AG21.MA.IN,25337.5,24938,24792.5,24540,24178
Uruguay,URY,"Age population, age 21, female",SP.POP.AG21.FE.IN,24298,23913,23776,23535,23180.5
Uruguay,URY,"Age population, age 20, male",SP.POP.AG20.MA.IN,25006.5,24864.5,24604.5,24233.5,24193.5
Uruguay,URY,"Age population, age 20, female",SP.POP.AG20.FE.IN,23956.5,23818,23570,23209.5,23158
Uruguay,URY,"Age population, age 19, male",SP.POP.AG19.MA.IN,24927,24668.5,24292.5,24247,24154
Uruguay,URY,"Age population, age 19, female",SP.POP.AG19.FE.IN,23859.5,23610,23242,23184.5,23106.5
Uruguay,URY,"Age population, age 18, female",SP.POP.AG18.FE.IN,23648.5,23279,23215.5,23131.5,22875.5
Uruguay,URY,"Age population, age 18, male",SP.POP.AG18.MA.IN,24725,24349,24299.5,24202.5,23925
Uruguay,URY,"Age population, age 13, female",SP.POP.AG13.FE.IN,22765.5,22655.5,22624.5,22501.5,22529.5
Uruguay,URY,"Age population, age 13, male",SP.POP.AG13.MA.IN,23861.5,23737,23659,23507,23571.5
Uruguay,URY,"Age population, age 14, female",SP.POP.AG14.FE.IN,22955,22756,22645.5,22614.5,22492
Uruguay,URY,"Age population, age 14, male",SP.POP.AG14.MA.IN,24046,23847.5,23724.5,23646.5,23494
Uruguay,URY,"Age population, age 15, female",SP.POP.AG15.FE.IN,23205.5,22941,22741,22632,22603
Uruguay,URY,"Age population, age 15, male",SP.POP.AG15.MA.IN,24309.5,24025.5,23829,23707,23629.5
Uruguay,URY,"Age population, age 16, female",SP.POP.AG16.FE.IN,23273.5,23185,22919.5,22723.5,22618
Uruguay,URY,"Age population, age 16, male",SP.POP.AG16.MA.IN,24382.5,24281,23999,23804,23683.5
Uruguay,URY,"Age population, age 17, female",SP.POP.AG17.FE.IN,23311.5,23247,23158,22897.5,22705.5
Uruguay,URY,"Age population, age 17, male",SP.POP.AG17.MA.IN,24395.5,24344.5,24245,23965.5,23772
Uzbekistan,UZB,"Age population, age 24, male",SP.POP.AG24.MA.IN,292185,278105,265946,256985,250962.5
Uzbekistan,UZB,"Age population, age 24, female",SP.POP.AG24.FE.IN,278885,265550.5,253853.5,245111.5,239318.5
Uzbekistan,UZB,"Age population, age 23, male",SP.POP.AG23.MA.IN,278563,266347,257492,251576,250329.5
Uzbekistan,UZB,"Age population, age 23, female",SP.POP.AG23.FE.IN,265896.5,254145,245468.5,239740.5,238601
Uzbekistan,UZB,"Age population, age 22, female",SP.POP.AG22.FE.IN,254487.5,245759,240177.5,239187,238901.5
Uzbekistan,UZB,"Age population, age 22, male",SP.POP.AG22.MA.IN,266792.5,257881,252148.5,251093.5,250917.5
Uzbekistan,UZB,"Age population, age 21, male",SP.POP.AG21.MA.IN,258316,252529.5,251726.5,251814,253679.5
Uzbekistan,UZB,"Age population, age 21, female",SP.POP.AG21.FE.IN,246098,240468.5,239697,239632,241345
Uzbekistan,UZB,"Age population, age 20, male",SP.POP.AG20.MA.IN,252953.5,252102,252473.5,254642.5,258080
Uzbekistan,UZB,"Age population, age 20, female",SP.POP.AG20.FE.IN,240803.5,239988,240180,242154,245298.5
Uzbekistan,UZB,"Age population, age 19, male",SP.POP.AG19.MA.IN,252513,252841,255280,259013,265219
Uzbekistan,UZB,"Age population, age 19, female",SP.POP.AG19.FE.IN,240316,240466.5,242690.5,246089.5,251721
Uzbekistan,UZB,"Age population, age 18, female",SP.POP.AG18.FE.IN,240781.5,242966.5,246568,252409.5,267937
Uzbekistan,UZB,"Age population, age 18, male",SP.POP.AG18.MA.IN,253232,255634,259583,266035,282688
Uzbekistan,UZB,"Age population, age 13, female",SP.POP.AG13.FE.IN,288310,299303.5,299858,296803,298376.5
Uzbekistan,UZB,"Age population, age 13, male",SP.POP.AG13.MA.IN,304973,317380.5,318898.5,316551,319010.5
Uzbekistan,UZB,"Age population, age 14, female",SP.POP.AG14.FE.IN,269190,288132.5,299141,299722,296663.5
Uzbekistan,UZB,"Age population, age 14, male",SP.POP.AG14.MA.IN,284258,304737.5,317151,318691,316332
Uzbekistan,UZB,"Age population, age 15, female",SP.POP.AG15.FE.IN,253264,268988,287944.5,298969,299546
Uzbekistan,UZB,"Age population, age 15, male",SP.POP.AG15.MA.IN,267102,284000,304481.5,316906,318432.5
Uzbekistan,UZB,"Age population, age 16, female",SP.POP.AG16.FE.IN,247088.5,253034,268777,287719,298715.5
Uzbekistan,UZB,"Age population, age 16, male",SP.POP.AG16.MA.IN,260241.5,266814.5,283719.5,304181.5,316562.5
Uzbekistan,UZB,"Age population, age 17, female",SP.POP.AG17.FE.IN,243259,246826,252800,268476,287337
Uzbekistan,UZB,"Age population, age 17, male",SP.POP.AG17.MA.IN,255996,259916,266508.5,283341,303698.5
Vanuatu,VUT,"Age population, age 24, male",SP.POP.AG24.MA.IN,2348,2334,2355,2412,2500.5
Vanuatu,VUT,"Age population, age 24, female",SP.POP.AG24.FE.IN,2569.5,2531,2514,2520,2550.5
Vanuatu,VUT,"Age population, age 23, male",SP.POP.AG23.MA.IN,2336,2358.5,2417,2507,2595
Vanuatu,VUT,"Age population, age 23, female",SP.POP.AG23.FE.IN,2535.5,2516.5,2523.5,2554.5,2584
Vanuatu,VUT,"Age population, age 22, female",SP.POP.AG22.FE.IN,2520,2526,2559,2590,2636
Vanuatu,VUT,"Age population, age 22, male",SP.POP.AG22.MA.IN,2361,2420.5,2513,2603.5,2698
Vanuatu,VUT,"Age population, age 21, male",SP.POP.AG21.MA.IN,2425,2517,2610,2707.5,2824.5
Vanuatu,VUT,"Age population, age 21, female",SP.POP.AG21.FE.IN,2529,2561,2594.5,2643,2725
Vanuatu,VUT,"Age population, age 20, male",SP.POP.AG20.MA.IN,2522,2614,2714.5,2835,2950.5
Vanuatu,VUT,"Age population, age 20, female",SP.POP.AG20.FE.IN,2563,2597.5,2648.5,2733,2824.5
Vanuatu,VUT,"Age population, age 19, male",SP.POP.AG19.MA.IN,2620,2719.5,2842.5,2960.5,3076.5
Vanuatu,VUT,"Age population, age 19, female",SP.POP.AG19.FE.IN,2597.5,2651,2738.5,2832.5,2929
Vanuatu,VUT,"Age population, age 18, female",SP.POP.AG18.FE.IN,2651.5,2740.5,2837,2936,3060
Vanuatu,VUT,"Age population, age 18, male",SP.POP.AG18.MA.IN,2724.5,2846.5,2967,3086,3228.5
Vanuatu,VUT,"Age population, age 13, female",SP.POP.AG13.FE.IN,3226.5,3386,3518.5,3636.5,3750.5
Vanuatu,VUT,"Age population, age 13, male",SP.POP.AG13.MA.IN,3416.5,3588,3734,3859.5,3977
Vanuatu,VUT,"Age population, age 14, female",SP.POP.AG14.FE.IN,3070.5,3229,3384.5,3517,3635
Vanuatu,VUT,"Age population, age 14, male",SP.POP.AG14.MA.IN,3245.5,3415.5,3586,3732,3857.5
Vanuatu,VUT,"Age population, age 15, female",SP.POP.AG15.FE.IN,2943,3071,3227,3382.5,3515
Vanuatu,VUT,"Age population, age 15, male",SP.POP.AG15.MA.IN,3099.5,3243,3413.5,3583.5,3729
Vanuatu,VUT,"Age population, age 16, female",SP.POP.AG16.FE.IN,2840.5,2942,3069,3224.5,3379.5
Vanuatu,VUT,"Age population, age 16, male",SP.POP.AG16.MA.IN,2976,3094.5,3240,3410.5,3580.5
Vanuatu,VUT,"Age population, age 17, female",SP.POP.AG17.FE.IN,2742,2839.5,2940,3066,3220.5
Vanuatu,VUT,"Age population, age 17, male",SP.POP.AG17.MA.IN,2851.5,2970.5,3091.5,3236,3405
"Venezuela, RB",VEN,"Age population, age 24, male",SP.POP.AG24.MA.IN,198835,201149,206939,213476,222983.5
"Venezuela, RB",VEN,"Age population, age 24, female",SP.POP.AG24.FE.IN,186490.5,187475.5,192378.5,198570.5,208067
"Venezuela, RB",VEN,"Age population, age 23, male",SP.POP.AG23.MA.IN,206863,210532.5,216632,225937,237101.5
"Venezuela, RB",VEN,"Age population, age 23, female",SP.POP.AG23.FE.IN,192563,195203,200874.5,210099.5,221758
"Venezuela, RB",VEN,"Age population, age 22, female",SP.POP.AG22.FE.IN,200303.5,203709,212344,223663.5,234001
"Venezuela, RB",VEN,"Age population, age 22, male",SP.POP.AG22.MA.IN,216271.5,220265,229104,240032,249301.5
"Venezuela, RB",VEN,"Age population, age 21, male",SP.POP.AG21.MA.IN,225914.5,232716.5,243159,252150.5,259019
"Venezuela, RB",VEN,"Age population, age 21, female",SP.POP.AG21.FE.IN,208727,215139.5,225812,235749.5,244122.5
"Venezuela, RB",VEN,"Age population, age 20, male",SP.POP.AG20.MA.IN,238143.5,246657.5,255160.5,261735.5,268971.5
"Venezuela, RB",VEN,"Age population, age 20, female",SP.POP.AG20.FE.IN,219965,228509.5,237777.5,245719,254448.5
"Venezuela, RB",VEN,"Age population, age 19, male",SP.POP.AG19.MA.IN,251698.5,258409.5,264523.5,271493,278611.5
"Venezuela, RB",VEN,"Age population, age 19, female",SP.POP.AG19.FE.IN,233021.5,240307.5,247601,255908,264312.5
"Venezuela, RB",VEN,"Age population, age 18, female",SP.POP.AG18.FE.IN,244381,249893,257604.5,265615,268610.5
"Venezuela, RB",VEN,"Age population, age 18, male",SP.POP.AG18.MA.IN,262887.5,267392.5,273949.5,280827.5,282295
"Venezuela, RB",VEN,"Age population, age 13, female",SP.POP.AG13.FE.IN,273530,270745,268020.5,267639.5,266941
"Venezuela, RB",VEN,"Age population, age 13, male",SP.POP.AG13.MA.IN,286899.5,283759,281757.5,281949.5,281505.5
"Venezuela, RB",VEN,"Age population, age 14, female",SP.POP.AG14.FE.IN,273865,272352,270062.5,267442,267112
"Venezuela, RB",VEN,"Age population, age 14, male",SP.POP.AG14.MA.IN,288685.5,285759,283063.5,281138,281359
"Venezuela, RB",VEN,"Age population, age 15, female",SP.POP.AG15.FE.IN,270999.5,272188,271389.5,269342,266884
"Venezuela, RB",VEN,"Age population, age 15, male",SP.POP.AG15.MA.IN,287040,287038,284753,282247.5,280442.5
"Venezuela, RB",VEN,"Age population, age 16, female",SP.POP.AG16.FE.IN,262507.5,268725.5,270892,270463,268673.5
"Venezuela, RB",VEN,"Age population, age 16, male",SP.POP.AG16.MA.IN,279370,284749,285623.5,283628,281317.5
"Venezuela, RB",VEN,"Age population, age 17, female",SP.POP.AG17.FE.IN,253420.5,259597,267073.5,269706,269600.5
"Venezuela, RB",VEN,"Age population, age 17, male",SP.POP.AG17.MA.IN,271168.5,276348,282852,284076.5,282314.5
Viet Nam,VNM,"Age population, age 24, male",SP.POP.AG24.MA.IN,674987,631862,617753.5,641869,638473
Viet Nam,VNM,"Age population, age 24, female",SP.POP.AG24.FE.IN,669703,624433.5,608078,630750,633528
Viet Nam,VNM,"Age population, age 23, male",SP.POP.AG23.MA.IN,634292,620912,645000,641382,624034
Viet Nam,VNM,"Age population, age 23, female",SP.POP.AG23.FE.IN,625793,610234.5,632866.5,635459,623057.5
Viet Nam,VNM,"Age population, age 22, female",SP.POP.AG22.FE.IN,611573.5,635027,637758.5,625365,650743.5
Viet Nam,VNM,"Age population, age 22, male",SP.POP.AG22.MA.IN,623322.5,648216,644701,627306,653269.5
Viet Nam,VNM,"Age population, age 21, male",SP.POP.AG21.MA.IN,650661,647860.5,630715,656930,678075.5
Viet Nam,VNM,"Age population, age 21, female",SP.POP.AG21.FE.IN,636350,639872,627782,653381.5,673915
Viet Nam,VNM,"Age population, age 20, male",SP.POP.AG20.MA.IN,650220,633721,660397.5,681899.5,682976
Viet Nam,VNM,"Age population, age 20, female",SP.POP.AG20.FE.IN,641138,629796,655826,676689,676734.5
Viet Nam,VNM,"Age population, age 19, male",SP.POP.AG19.MA.IN,635906,663277,685223.5,686615.5,702432
Viet Nam,VNM,"Age population, age 19, female",SP.POP.AG19.FE.IN,630971,657722.5,679002,679364.5,693066.5
Viet Nam,VNM,"Age population, age 18, female",SP.POP.AG18.FE.IN,658806.5,680732.5,681388.5,695316,724459
Viet Nam,VNM,"Age population, age 18, male",SP.POP.AG18.MA.IN,665321.5,687879,689565.5,705635,739037
Viet Nam,VNM,"Age population, age 13, female",SP.POP.AG13.FE.IN,752274,767846.5,750367.5,769176.5,885677.5
Viet Nam,VNM,"Age population, age 13, male",SP.POP.AG13.MA.IN,774470,791350,776278.5,799149.5,920714
Viet Nam,VNM,"Age population, age 14, female",SP.POP.AG14.FE.IN,729066.5,751808.5,767203,749787,768677.5
Viet Nam,VNM,"Age population, age 14, male",SP.POP.AG14.MA.IN,746347.5,773555,790271,775273,798212.5
Viet Nam,VNM,"Age population, age 15, female",SP.POP.AG15.FE.IN,698936.5,728496,750978.5,766486,749228
Viet Nam,VNM,"Age population, age 15, male",SP.POP.AG15.MA.IN,711361,745267,772229,789041,774203
Viet Nam,VNM,"Age population, age 16, female",SP.POP.AG16.FE.IN,683732,698245.5,727446.5,750043.5,765707.5
Viet Nam,VNM,"Age population, age 16, male",SP.POP.AG16.MA.IN,693428.5,710074.5,743636,770676,787617.5
Viet Nam,VNM,"Age population, age 17, female",SP.POP.AG17.FE.IN,681701.5,682903.5,696964,726185.5,748856
Viet Nam,VNM,"Age population, age 17, male",SP.POP.AG17.MA.IN,689710,691881.5,708111.5,741646,768716.5
Virgin Islands (U.S.),VIR,"Age population, age 24, male",SP.POP.AG24.MA.IN,406.5,405.5,410.5,421.5,438.5
Virgin Islands (U.S.),VIR,"Age population, age 24, female",SP.POP.AG24.FE.IN,423.5,413.5,408.5,415.5,424.5
Virgin Islands (U.S.),VIR,"Age population, age 23, male",SP.POP.AG23.MA.IN,412,419.5,430,446,458.5
Virgin Islands (U.S.),VIR,"Age population, age 23, female",SP.POP.AG23.FE.IN,420.5,417.5,424,432,441.5
Virgin Islands (U.S.),VIR,"Age population, age 22, female",SP.POP.AG22.FE.IN,424.5,433,440.5,449,462.5
Virgin Islands (U.S.),VIR,"Age population, age 22, male",SP.POP.AG22.MA.IN,427,440,455,466,476.5
Virgin Islands (U.S.),VIR,"Age population, age 21, male",SP.POP.AG21.MA.IN,447.5,464.5,474.5,484,491.5
Virgin Islands (U.S.),VIR,"Age population, age 21, female",SP.POP.AG21.FE.IN,440.5,450,458,469.5,479.5
Virgin Islands (U.S.),VIR,"Age population, age 20, male",SP.POP.AG20.MA.IN,471,483,491.5,498.5,499.5
Virgin Islands (U.S.),VIR,"Age population, age 20, female",SP.POP.AG20.FE.IN,456.5,467,477.5,486,492.5
Virgin Islands (U.S.),VIR,"Age population, age 19, male",SP.POP.AG19.MA.IN,489.5,499.5,505.5,505,503.5
Virgin Islands (U.S.),VIR,"Age population, age 19, female",SP.POP.AG19.FE.IN,473,486,493.5,498,501.5
Virgin Islands (U.S.),VIR,"Age population, age 18, female",SP.POP.AG18.FE.IN,491.5,500.5,504.5,506.5,506.5
Virgin Islands (U.S.),VIR,"Age population, age 18, male",SP.POP.AG18.MA.IN,505,513,512,509,507
Virgin Islands (U.S.),VIR,"Age population, age 13, female",SP.POP.AG13.FE.IN,517,506,489,467,446.5
Virgin Islands (U.S.),VIR,"Age population, age 13, male",SP.POP.AG13.MA.IN,519,516.5,513,502.5,492.5
Virgin Islands (U.S.),VIR,"Age population, age 14, female",SP.POP.AG14.FE.IN,521,515.5,504,487,465.5
Virgin Islands (U.S.),VIR,"Age population, age 14, male",SP.POP.AG14.MA.IN,522.5,517.5,514.5,511,501
Virgin Islands (U.S.),VIR,"Age population, age 15, female",SP.POP.AG15.FE.IN,520,519,512.5,501.5,485.5
Virgin Islands (U.S.),VIR,"Age population, age 15, male",SP.POP.AG15.MA.IN,523,520,514.5,512,509
Virgin Islands (U.S.),VIR,"Age population, age 16, female",SP.POP.AG16.FE.IN,515,517,515,509.5,499.5
Virgin Islands (U.S.),VIR,"Age population, age 16, male",SP.POP.AG16.MA.IN,522.5,520,515.5,510.5,509.5
Virgin Islands (U.S.),VIR,"Age population, age 17, female",SP.POP.AG17.FE.IN,505,510.5,512,511,506.5
Virgin Islands (U.S.),VIR,"Age population, age 17, male",SP.POP.AG17.MA.IN,518,518,514,511,507.5
West Bank and Gaza,PSE,"Age population, age 24, male",SP.POP.AG24.MA.IN,45386.5,45372.5,45764.5,45777.5,46039
West Bank and Gaza,PSE,"Age population, age 24, female",SP.POP.AG24.FE.IN,46481.5,46606.5,47167.5,47388,47720.5
West Bank and Gaza,PSE,"Age population, age 23, male",SP.POP.AG23.MA.IN,45580.5,46322,46526.5,46543,47317.5
West Bank and Gaza,PSE,"Age population, age 23, female",SP.POP.AG23.FE.IN,46808,47562.5,47947,48170.5,48922.5
West Bank and Gaza,PSE,"Age population, age 22, female",SP.POP.AG22.FE.IN,47763,48341,48724.5,49363.5,50153.5
West Bank and Gaza,PSE,"Age population, age 22, male",SP.POP.AG22.MA.IN,46530.5,47085,47289,47815,48704.5
West Bank and Gaza,PSE,"Age population, age 21, male",SP.POP.AG21.MA.IN,47288.5,47839.5,48546.5,49185.5,50364
West Bank and Gaza,PSE,"Age population, age 21, female",SP.POP.AG21.FE.IN,48538,49111.5,49902.5,50576,51620
West Bank and Gaza,PSE,"Age population, age 20, male",SP.POP.AG20.MA.IN,48034.5,49073,49881.5,50817.5,52303.5
West Bank and Gaza,PSE,"Age population, age 20, female",SP.POP.AG20.FE.IN,49300.5,50276.5,51091,52016.5,53402
West Bank and Gaza,PSE,"Age population, age 19, male",SP.POP.AG19.MA.IN,49255.5,50366.5,51456.5,52719.5,54082
West Bank and Gaza,PSE,"Age population, age 19, female",SP.POP.AG19.FE.IN,50452.5,51443,52494.5,53761.5,55007.5
West Bank and Gaza,PSE,"Age population, age 18, female",SP.POP.AG18.FE.IN,51603,52818,54190.5,55315,56389
West Bank and Gaza,PSE,"Age population, age 18, male",SP.POP.AG18.MA.IN,50530.5,51889.5,53283,54440.5,55707
West Bank and Gaza,PSE,"Age population, age 13, female",SP.POP.AG13.FE.IN,58576.5,60404.5,62816.5,64623.5,65211.5
West Bank and Gaza,PSE,"Age population, age 13, male",SP.POP.AG13.MA.IN,58354.5,60575.5,63444,65690.5,66691
West Bank and Gaza,PSE,"Age population, age 14, female",SP.POP.AG14.FE.IN,57218,58525,60257,62631.5,64516
West Bank and Gaza,PSE,"Age population, age 14, male",SP.POP.AG14.MA.IN,56721,58303,60403,63222.5,65562.5
West Bank and Gaza,PSE,"Age population, age 15, female",SP.POP.AG15.FE.IN,56026.5,57148.5,58349.5,60048,62521.5
West Bank and Gaza,PSE,"Age population, age 15, male",SP.POP.AG15.MA.IN,55331,56650.5,58089.5,60143.5,63089
West Bank and Gaza,PSE,"Age population, age 16, female",SP.POP.AG16.FE.IN,54595.5,55935,56937,58100.5,59917
West Bank and Gaza,PSE,"Age population, age 16, male",SP.POP.AG16.MA.IN,53776,55238,56386.5,57773,59983.5
West Bank and Gaza,PSE,"Age population, age 17, female",SP.POP.AG17.FE.IN,52957,54480,55684,56632.5,57922
West Bank and Gaza,PSE,"Age population, age 17, male",SP.POP.AG17.MA.IN,52031,53658.5,54918.5,55994.5,57558.5
World,WLD,"Age population, age 24, male",SP.POP.AG24.MA.IN,..,..,..,..,..
World,WLD,"Age population, age 24, female",SP.POP.AG24.FE.IN,..,..,..,..,..
World,WLD,"Age population, age 23, male",SP.POP.AG23.MA.IN,..,..,..,..,..
World,WLD,"Age population, age 23, female",SP.POP.AG23.FE.IN,..,..,..,..,..
World,WLD,"Age population, age 22, female",SP.POP.AG22.FE.IN,..,..,..,..,..
World,WLD,"Age population, age 22, male",SP.POP.AG22.MA.IN,..,..,..,..,..
World,WLD,"Age population, age 21, male",SP.POP.AG21.MA.IN,..,..,..,..,..
World,WLD,"Age population, age 21, female",SP.POP.AG21.FE.IN,..,..,..,..,..
World,WLD,"Age population, age 20, male",SP.POP.AG20.MA.IN,..,..,..,..,..
World,WLD,"Age population, age 20, female",SP.POP.AG20.FE.IN,..,..,..,..,..
World,WLD,"Age population, age 19, male",SP.POP.AG19.MA.IN,..,..,..,..,..
World,WLD,"Age population, age 19, female",SP.POP.AG19.FE.IN,..,..,..,..,..
World,WLD,"Age population, age 18, female",SP.POP.AG18.FE.IN,..,..,..,..,..
World,WLD,"Age population, age 18, male",SP.POP.AG18.MA.IN,..,..,..,..,..
World,WLD,"Age population, age 13, female",SP.POP.AG13.FE.IN,..,..,..,..,..
World,WLD,"Age population, age 13, male",SP.POP.AG13.MA.IN,..,..,..,..,..
World,WLD,"Age population, age 14, female",SP.POP.AG14.FE.IN,..,..,..,..,..
World,WLD,"Age population, age 14, male",SP.POP.AG14.MA.IN,..,..,..,..,..
World,WLD,"Age population, age 15, female",SP.POP.AG15.FE.IN,..,..,..,..,..
World,WLD,"Age population, age 15, male",SP.POP.AG15.MA.IN,..,..,..,..,..
World,WLD,"Age population, age 16, female",SP.POP.AG16.FE.IN,..,..,..,..,..
World,WLD,"Age population, age 16, male",SP.POP.AG16.MA.IN,..,..,..,..,..
World,WLD,"Age population, age 17, female",SP.POP.AG17.FE.IN,..,..,..,..,..
World,WLD,"Age population, age 17, male",SP.POP.AG17.MA.IN,..,..,..,..,..
"Yemen, Rep.",YEM,"Age population, age 24, male",SP.POP.AG24.MA.IN,329707.5,335942,344276,353482.5,361229.5
"Yemen, Rep.",YEM,"Age population, age 24, female",SP.POP.AG24.FE.IN,320796,326644,334041.5,342096.5,348780.5
"Yemen, Rep.",YEM,"Age population, age 23, male",SP.POP.AG23.MA.IN,337903,345190,354403,362332,370066
"Yemen, Rep.",YEM,"Age population, age 23, female",SP.POP.AG23.FE.IN,327959,334560,342698,349571,356298
"Yemen, Rep.",YEM,"Age population, age 22, female",SP.POP.AG22.FE.IN,335868,343210.5,350242.5,357234.5,366286
"Yemen, Rep.",YEM,"Age population, age 22, male",SP.POP.AG22.MA.IN,347149.5,355330.5,363367.5,371380,381173.5
"Yemen, Rep.",YEM,"Age population, age 21, male",SP.POP.AG21.MA.IN,357255,364289.5,372505.5,382665,392886.5
"Yemen, Rep.",YEM,"Age population, age 21, female",SP.POP.AG21.FE.IN,344492.5,350743,357962,367345,377236.5
"Yemen, Rep.",YEM,"Age population, age 20, male",SP.POP.AG20.MA.IN,366122,373399.5,383823,394453.5,403549.5
"Yemen, Rep.",YEM,"Age population, age 20, female",SP.POP.AG20.FE.IN,351974.5,358445,368093.5,378347,387255
"Yemen, Rep.",YEM,"Age population, age 19, male",SP.POP.AG19.MA.IN,375085.5,384666.5,395562.5,405050,415999
"Yemen, Rep.",YEM,"Age population, age 19, female",SP.POP.AG19.FE.IN,359599.5,368554,379065.5,388318,398791
"Yemen, Rep.",YEM,"Age population, age 18, female",SP.POP.AG18.FE.IN,369610.5,379498.5,388959,399718,409660
"Yemen, Rep.",YEM,"Age population, age 18, male",SP.POP.AG18.MA.IN,386171,396337,406038.5,417314,427924.5
"Yemen, Rep.",YEM,"Age population, age 13, female",SP.POP.AG13.FE.IN,419795,428745,435463,438386,449911.5
"Yemen, Rep.",YEM,"Age population, age 13, male",SP.POP.AG13.MA.IN,439693.5,449305.5,456430,459399,471297.5
"Yemen, Rep.",YEM,"Age population, age 14, female",SP.POP.AG14.FE.IN,411673.5,419372,428499,435218,438119.5
"Yemen, Rep.",YEM,"Age population, age 14, male",SP.POP.AG14.MA.IN,430871,439144.5,448934.5,456070.5,459023
"Yemen, Rep.",YEM,"Age population, age 15, female",SP.POP.AG15.FE.IN,401275.5,411140,419092.5,428222.5,434916.5
"Yemen, Rep.",YEM,"Age population, age 15, male",SP.POP.AG15.MA.IN,419641,430166.5,438708.5,448512,455623.5
"Yemen, Rep.",YEM,"Age population, age 16, female",SP.POP.AG16.FE.IN,390157.5,400612,410820.5,418759,427836
"Yemen, Rep.",YEM,"Age population, age 16, male",SP.POP.AG16.MA.IN,407825,418748,429648,438187,447932.5
"Yemen, Rep.",YEM,"Age population, age 17, female",SP.POP.AG17.FE.IN,380435,389356,400253,410396.5,418221
"Yemen, Rep.",YEM,"Age population, age 17, male",SP.POP.AG17.MA.IN,397641,406728.5,418143.5,428984,437394.5
Zambia,ZMB,"Age population, age 24, male",SP.POP.AG24.MA.IN,170784,175800.5,181288.5,186868.5,191969
Zambia,ZMB,"Age population, age 24, female",SP.POP.AG24.FE.IN,173439.5,178766,184536.5,190208,195405.5
Zambia,ZMB,"Age population, age 23, male",SP.POP.AG23.MA.IN,176307.5,181732.5,187126,192322,197654
Zambia,ZMB,"Age population, age 23, female",SP.POP.AG23.FE.IN,179078.5,184793.5,190398,195688.5,201065
Zambia,ZMB,"Age population, age 22, female",SP.POP.AG22.FE.IN,185101,190653.5,195930,201453,207521.5
Zambia,ZMB,"Age population, age 22, male",SP.POP.AG22.MA.IN,182235,187572,192641,198127,204310.5
Zambia,ZMB,"Age population, age 21, male",SP.POP.AG21.MA.IN,188067,193081.5,198500.5,204892.5,212436
Zambia,ZMB,"Age population, age 21, female",SP.POP.AG21.FE.IN,190956.5,196183.5,201742.5,208005,215298
Zambia,ZMB,"Age population, age 20, male",SP.POP.AG20.MA.IN,193562.5,198933,205300.5,213082,221758.5
Zambia,ZMB,"Age population, age 20, female",SP.POP.AG20.FE.IN,196481,201994,208325,215838.5,224290.5
Zambia,ZMB,"Age population, age 19, male",SP.POP.AG19.MA.IN,199393,205718.5,213494,222404.5,231060.5
Zambia,ZMB,"Age population, age 19, female",SP.POP.AG19.FE.IN,202286,208575,216162,224829,233383.5
Zambia,ZMB,"Age population, age 18, female",SP.POP.AG18.FE.IN,208859,216409.5,225133.5,233870,241553.5
Zambia,ZMB,"Age population, age 18, male",SP.POP.AG18.MA.IN,206155,213894.5,222793,231650,239546
Zambia,ZMB,"Age population, age 13, female",SP.POP.AG13.FE.IN,249629.5,256080.5,262146.5,267544,272127.5
Zambia,ZMB,"Age population, age 13, male",SP.POP.AG13.MA.IN,248338.5,255088,261306,266769,271408.5
Zambia,ZMB,"Age population, age 14, female",SP.POP.AG14.FE.IN,242645,249409,255883.5,261981,267369.5
Zambia,ZMB,"Age population, age 14, male",SP.POP.AG14.MA.IN,240958.5,248056,254823.5,261093.5,266551.5
Zambia,ZMB,"Age population, age 15, female",SP.POP.AG15.FE.IN,234625,242410.5,249200,255707.5,261784.5
Zambia,ZMB,"Age population, age 15, male",SP.POP.AG15.MA.IN,232679,240653,247772,254598,260844
Zambia,ZMB,"Age population, age 16, female",SP.POP.AG16.FE.IN,225640,234375,242187.5,249003.5,255466.5
Zambia,ZMB,"Age population, age 16, male",SP.POP.AG16.MA.IN,223541.5,232342.5,240339.5,247518,254291
Zambia,ZMB,"Age population, age 17, female",SP.POP.AG17.FE.IN,216684,225376.5,234140,241957,248689
Zambia,ZMB,"Age population, age 17, male",SP.POP.AG17.MA.IN,214301,223169.5,231996,240042,247124
Zimbabwe,ZWE,"Age population, age 24, male",SP.POP.AG24.MA.IN,110499,120271,130923,140529,148532
Zimbabwe,ZWE,"Age population, age 24, female",SP.POP.AG24.FE.IN,125878,133915,142576,150265,156494.5
Zimbabwe,ZWE,"Age population, age 23, male",SP.POP.AG23.MA.IN,122717,133395,142594,150185,157244
Zimbabwe,ZWE,"Age population, age 23, female",SP.POP.AG23.FE.IN,136239.5,145075,152214.5,157901.5,163037.5
Zimbabwe,ZWE,"Age population, age 22, female",SP.POP.AG22.FE.IN,147424,154712.5,159834.5,164421,169098
Zimbabwe,ZWE,"Age population, age 22, male",SP.POP.AG22.MA.IN,135936,145062.5,152239.5,158887.5,165147
Zimbabwe,ZWE,"Age population, age 21, male",SP.POP.AG21.MA.IN,147667.5,154652,160888,166745,171523
Zimbabwe,ZWE,"Age population, age 21, female",SP.POP.AG21.FE.IN,157055,162281,166299.5,170430,174218
Zimbabwe,ZWE,"Age population, age 20, male",SP.POP.AG20.MA.IN,157241,163193,168649.5,173038,175778
Zimbabwe,ZWE,"Age population, age 20, female",SP.POP.AG20.FE.IN,164547.5,168645.5,172220,175476,177313.5
Zimbabwe,ZWE,"Age population, age 19, male",SP.POP.AG19.MA.IN,165713,170794.5,174798.5,177164.5,179084.5
Zimbabwe,ZWE,"Age population, age 19, female",SP.POP.AG19.FE.IN,170807.5,174412.5,177136.5,178464.5,179612.5
Zimbabwe,ZWE,"Age population, age 18, female",SP.POP.AG18.FE.IN,176412,179117.5,179942,180610.5,184637.5
Zimbabwe,ZWE,"Age population, age 18, male",SP.POP.AG18.MA.IN,173166.5,176731.5,178728,180292,184929.5
Zimbabwe,ZWE,"Age population, age 13, female",SP.POP.AG13.FE.IN,196464.5,205993,215397.5,222732,228080.5
Zimbabwe,ZWE,"Age population, age 13, male",SP.POP.AG13.MA.IN,197695,207575,217348,224850.5,230153.5
Zimbabwe,ZWE,"Age population, age 14, female",SP.POP.AG14.FE.IN,188744.5,195557.5,205337.5,214866.5,222323.5
Zimbabwe,ZWE,"Age population, age 14, male",SP.POP.AG14.MA.IN,189387.5,196627,206939,216795,224381.5
Zimbabwe,ZWE,"Age population, age 15, female",SP.POP.AG15.FE.IN,184654.5,187618,194680.5,204687,214433.5
Zimbabwe,ZWE,"Age population, age 15, male",SP.POP.AG15.MA.IN,184590,188067,195787,206271,216294
Zimbabwe,ZWE,"Age population, age 16, female",SP.POP.AG16.FE.IN,183254,183299,186475,193866.5,204184.5
Zimbabwe,ZWE,"Age population, age 16, male",SP.POP.AG16.MA.IN,182293.5,182989,186973.5,194952,205681
Zimbabwe,ZWE,"Age population, age 17, female",SP.POP.AG17.FE.IN,180923.5,181663.5,181866,185453,193231.5
Zimbabwe,ZWE,"Age population, age 17, male",SP.POP.AG17.MA.IN,178892,180399,181610.5,185914.5,194193
,,,,,,,,
,,,,,,,,
,,,,,,,,
Data from database: Population estimates and projections,,,,,,,,
Last Updated: 05/13/2025,,,,,,,,
