Unnamed: 0,index,name,ages_ranges,geo_location,genders,interests,behavior,scholarities,languages,family_statuses,all_fields,targeting,response,lower_end,upper_end,user_count_stage,timestamp
39633,39633,BR,AGE_13_17,2542007,GENDER_FEMALE,,,,,,"{'advertiser_id': '7381489555305775105', 'objective_type': 'REACH', 'optimization_goal': 'REACH', 'placements': ['PLACEMENT_TIKTOK', 'PLACEMENT_PANGLE', 'PLACEMENT_GLOBAL_APP_BUNDLE'], 'location_ids': ['2542007'], 'gender': 'GENDER_FEMALE', 'age_groups': ['AGE_13_17']}",,"{'code': 0, 'message': 'OK', 'request_id': '20250617022804C24ED640F6506F02C6A5', 'data': {'user_count': {'lower_end': 0, 'upper_end': 3000}, 'user_count_stage': 1}}",0,3000,1,2025-06-17 05:16:35.088415
39636,39636,BR,AGE_25_34,2542007,GENDER_FEMALE,,,,,,"{'advertiser_id': '7381489555305775105', 'objective_type': 'REACH', 'optimization_goal': 'REACH', 'placements': ['PLACEMENT_TIKTOK', 'PLACEMENT_PANGLE', 'PLACEMENT_GLOBAL_APP_BUNDLE'], 'location_ids': ['2542007'], 'gender': 'GENDER_FEMALE', 'age_groups': ['AGE_25_34']}",,"{'code': 0, 'message': 'OK', 'request_id': '20250617022805B15462BD6620D702A384', 'data': {'user_count': {'lower_end': 5062000, 'upper_end': 6188000}, 'user_count_stage': 2}}",5062000,6188000,2,2025-06-17 05:16:35.088415
39637,39637,BR,AGE_35_44,2542007,GENDER_FEMALE,,,,,,"{'advertiser_id': '7381489555305775105', 'objective_type': 'REACH', 'optimization_goal': 'REACH', 'placements': ['PLACEMENT_TIKTOK', 'PLACEMENT_PANGLE', 'PLACEMENT_GLOBAL_APP_BUNDLE'], 'location_ids': ['2542007'], 'gender': 'GENDER_FEMALE', 'age_groups': ['AGE_35_44']}",,"{'code': 0, 'message': 'OK', 'request_id': '20250617022805EDA6F301908AF302A7C9', 'data': {'user_count': {'lower_end': 2835000, 'upper_end': 3466000}, 'user_count_stage': 2}}",2835000,3466000,2,2025-06-17 05:16:35.088415
39639,39639,BR,AGE_45_54,2542007,GENDER_FEMALE,,,,,,"{'advertiser_id': '7381489555305775105', 'objective_type': 'REACH', 'optimization_goal': 'REACH', 'placements': ['PLACEMENT_TIKTOK', 'PLACEMENT_PANGLE', 'PLACEMENT_GLOBAL_APP_BUNDLE'], 'location_ids': ['2542007'], 'gender': 'GENDER_FEMALE', 'age_groups': ['AGE_45_54']}",,"{'code': 0, 'message': 'OK', 'request_id': '20250617022805D1BC471EB50C9B02F53D', 'data': {'user_count': {'lower_end': 1398000, 'upper_end': 1710000}, 'user_count_stage': 2}}",1398000,1710000,2,2025-06-17 05:16:35.088415
39640,39640,BR,AGE_55_100,2542007,GENDER_FEMALE,,,,,,"{'advertiser_id': '7381489555305775105', 'objective_type': 'REACH', 'optimization_goal': 'REACH', 'placements': ['PLACEMENT_TIKTOK', 'PLACEMENT_PANGLE', 'PLACEMENT_GLOBAL_APP_BUNDLE'], 'location_ids': ['2542007'], 'gender': 'GENDER_FEMALE', 'age_groups': ['AGE_55_100']}",,"{'code': 0, 'message': 'OK', 'request_id': '2025061702280657589D15B1AB1302AF74', 'data': {'user_count': {'lower_end': 1178000, 'upper_end': 1441000}, 'user_count_stage': 2}}",1178000,1441000,2,2025-06-17 05:16:35.088415
39641,39641,BR,AGE_13_17,2542007,GENDER_MALE,,,,,,"{'advertiser_id': '7381489555305775105', 'objective_type': 'REACH', 'optimization_goal': 'REACH', 'placements': ['PLACEMENT_TIKTOK', 'PLACEMENT_PANGLE', 'PLACEMENT_GLOBAL_APP_BUNDLE'], 'location_ids': ['2542007'], 'gender': 'GENDER_MALE', 'age_groups': ['AGE_13_17']}",,"{'code': 0, 'message': 'OK', 'request_id': '202506170228064442C2478AD60C02D7B5', 'data': {'user_count': {'lower_end': 0, 'upper_end': 3000}, 'user_count_stage': 1}}",0,3000,1,2025-06-17 05:16:35.088415
39642,39642,BR,AGE_18_24,2542007,GENDER_MALE,,,,,,"{'advertiser_id': '7381489555305775105', 'objective_type': 'REACH', 'optimization_goal': 'REACH', 'placements': ['PLACEMENT_TIKTOK', 'PLACEMENT_PANGLE', 'PLACEMENT_GLOBAL_APP_BUNDLE'], 'location_ids': ['2542007'], 'gender': 'GENDER_MALE', 'age_groups': ['AGE_18_24']}",,"{'code': 0, 'message': 'OK', 'request_id': '20250617022806EDE9481C3EE7E902B531', 'data': {'user_count': {'lower_end': 13030000, 'upper_end': 15926000}, 'user_count_stage': 3}}",13030000,15926000,3,2025-06-17 05:16:35.088415
39643,39643,BR,AGE_25_34,2542007,GENDER_MALE,,,,,,"{'advertiser_id': '7381489555305775105', 'objective_type': 'REACH', 'optimization_goal': 'REACH', 'placements': ['PLACEMENT_TIKTOK', 'PLACEMENT_PANGLE', 'PLACEMENT_GLOBAL_APP_BUNDLE'], 'location_ids': ['2542007'], 'gender': 'GENDER_MALE', 'age_groups': ['AGE_25_34']}",,"{'code': 0, 'message': 'OK', 'request_id': '20250617022806E6F055966B38BE02D767', 'data': {'user_count': {'lower_end': 9224000, 'upper_end': 11275000}, 'user_count_stage': 3}}",9224000,11275000,3,2025-06-17 05:16:35.088415
39644,39644,BR,AGE_45_54,2542007,GENDER_MALE,,,,,,"{'advertiser_id': '7381489555305775105', 'objective_type': 'REACH', 'optimization_goal': 'REACH', 'placements': ['PLACEMENT_TIKTOK', 'PLACEMENT_PANGLE', 'PLACEMENT_GLOBAL_APP_BUNDLE'], 'location_ids': ['2542007'], 'gender': 'GENDER_MALE', 'age_groups': ['AGE_45_54']}",,"{'code': 0, 'message': 'OK', 'request_id': '202506170228067DC9CD2BA909FD02DE7D', 'data': {'user_count': {'lower_end': 1209000, 'upper_end': 1479000}, 'user_count_stage': 2}}",1209000,1479000,2,2025-06-17 05:16:35.088415
39645,39645,BR,AGE_35_44,2542007,GENDER_MALE,,,,,,"{'advertiser_id': '7381489555305775105', 'objective_type': 'REACH', 'optimization_goal': 'REACH', 'placements': ['PLACEMENT_TIKTOK', 'PLACEMENT_PANGLE', 'PLACEMENT_GLOBAL_APP_BUNDLE'], 'location_ids': ['2542007'], 'gender': 'GENDER_MALE', 'age_groups': ['AGE_35_44']}",,"{'code': 0, 'message': 'OK', 'request_id': '202506170228072D2D6E73F8F121029FDF', 'data': {'user_count': {'lower_end': 4982000, 'upper_end': 6090000}, 'user_count_stage': 2}}",4982000,6090000,2,2025-06-17 05:16:35.088415
39646,39646,BR,AGE_55_100,2542007,GENDER_MALE,,,,,,"{'advertiser_id': '7381489555305775105', 'objective_type': 'REACH', 'optimization_goal': 'REACH', 'placements': ['PLACEMENT_TIKTOK', 'PLACEMENT_PANGLE', 'PLACEMENT_GLOBAL_APP_BUNDLE'], 'location_ids': ['2542007'], 'gender': 'GENDER_MALE', 'age_groups': ['AGE_55_100']}",,"{'code': 0, 'message': 'OK', 'request_id': '20250617022807E65319D6084AFC030468', 'data': {'user_count': {'lower_end': 2163000, 'upper_end': 2645000}, 'user_count_stage': 2}}",2163000,2645000,2,2025-06-17 05:16:35.088415
39650,39650,BR,AGE_18_24,2542007,GENDER_FEMALE,,,,,,"{'advertiser_id': '7381489555305775105', 'objective_type': 'REACH', 'optimization_goal': 'REACH', 'placements': ['PLACEMENT_TIKTOK', 'PLACEMENT_PANGLE', 'PLACEMENT_GLOBAL_APP_BUNDLE'], 'location_ids': ['2542007'], 'gender': 'GENDER_FEMALE', 'age_groups': ['AGE_18_24']}",,"{'code': 0, 'message': 'OK', 'request_id': '202506170228050125E7886E07AB02E18C', 'data': {'user_count': {'lower_end': 3682000, 'upper_end': 4501000}, 'user_count_stage': 2}}",3682000,4501000,2,2025-06-17 05:16:35.088415
39655,39655,BR,AGE_25_34,2750405,GENDER_FEMALE,,,,,,"{'advertiser_id': '7381489555305775105', 'objective_type': 'REACH', 'optimization_goal': 'REACH', 'placements': ['PLACEMENT_TIKTOK', 'PLACEMENT_PANGLE', 'PLACEMENT_GLOBAL_APP_BUNDLE'], 'location_ids': ['2750405'], 'gender': 'GENDER_FEMALE', 'age_groups': ['AGE_25_34']}",,"{'code': 0, 'message': 'OK', 'request_id': '20250617022808C1CC0AD06E325A02AD9B', 'data': {'user_count': {'lower_end': 1049000, 'upper_end': 1283000}, 'user_count_stage': 2}}",1049000,1283000,2,2025-06-17 05:16:35.088415
39656,39656,BR,AGE_13_17,2750405,GENDER_FEMALE,,,,,,"{'advertiser_id': '7381489555305775105', 'objective_type': 'REACH', 'optimization_goal': 'REACH', 'placements': ['PLACEMENT_TIKTOK', 'PLACEMENT_PANGLE', 'PLACEMENT_GLOBAL_APP_BUNDLE'], 'location_ids': ['2750405'], 'gender': 'GENDER_FEMALE', 'age_groups': ['AGE_13_17']}",,"{'code': 0, 'message': 'OK', 'request_id': '2025061702280801CA1B448D4EB602D457', 'data': {'user_count': {'lower_end': 0, 'upper_end': 1000}, 'user_count_stage': 1}}",0,1000,1,2025-06-17 05:16:35.088415
39657,39657,BR,AGE_18_24,2750405,GENDER_FEMALE,,,,,,"{'advertiser_id': '7381489555305775105', 'objective_type': 'REACH', 'optimization_goal': 'REACH', 'placements': ['PLACEMENT_TIKTOK', 'PLACEMENT_PANGLE', 'PLACEMENT_GLOBAL_APP_BUNDLE'], 'location_ids': ['2750405'], 'gender': 'GENDER_FEMALE', 'age_groups': ['AGE_18_24']}",,"{'code': 0, 'message': 'OK', 'request_id': '202506170228085CD19A634D0F9402DA2F', 'data': {'user_count': {'lower_end': 993000, 'upper_end': 1215000}, 'user_count_stage': 2}}",993000,1215000,2,2025-06-17 05:16:35.088415
39658,39658,BR,AGE_35_44,2750405,GENDER_FEMALE,,,,,,"{'advertiser_id': '7381489555305775105', 'objective_type': 'REACH', 'optimization_goal': 'REACH', 'placements': ['PLACEMENT_TIKTOK', 'PLACEMENT_PANGLE', 'PLACEMENT_GLOBAL_APP_BUNDLE'], 'location_ids': ['2750405'], 'gender': 'GENDER_FEMALE', 'age_groups': ['AGE_35_44']}",,"{'code': 0, 'message': 'OK', 'request_id': '20250617022808BB0990D949EADE035D13', 'data': {'user_count': {'lower_end': 492000, 'upper_end': 603000}, 'user_count_stage': 2}}",492000,603000,2,2025-06-17 05:16:35.088415
39659,39659,BR,AGE_45_54,2750405,GENDER_FEMALE,,,,,,"{'advertiser_id': '7381489555305775105', 'objective_type': 'REACH', 'optimization_goal': 'REACH', 'placements': ['PLACEMENT_TIKTOK', 'PLACEMENT_PANGLE', 'PLACEMENT_GLOBAL_APP_BUNDLE'], 'location_ids': ['2750405'], 'gender': 'GENDER_FEMALE', 'age_groups': ['AGE_45_54']}",,"{'code': 0, 'message': 'OK', 'request_id': '20250617022808B15462BD6620D702A410', 'data': {'user_count': {'lower_end': 412000, 'upper_end': 504000}, 'user_count_stage': 2}}",412000,504000,2,2025-06-17 05:16:35.088415
39660,39660,BR,AGE_13_17,2750405,GENDER_MALE,,,,,,"{'advertiser_id': '7381489555305775105', 'objective_type': 'REACH', 'optimization_goal': 'REACH', 'placements': ['PLACEMENT_TIKTOK', 'PLACEMENT_PANGLE', 'PLACEMENT_GLOBAL_APP_BUNDLE'], 'location_ids': ['2750405'], 'gender': 'GENDER_MALE', 'age_groups': ['AGE_13_17']}",,"{'code': 0, 'message': 'OK', 'request_id': '20250617022809790C0B9C704D8802B3D7', 'data': {'user_count': {'lower_end': 0, 'upper_end': 1000}, 'user_count_stage': 1}}",0,1000,1,2025-06-17 05:16:35.088415
39661,39661,BR,AGE_25_34,2750405,GENDER_MALE,,,,,,"{'advertiser_id': '7381489555305775105', 'objective_type': 'REACH', 'optimization_goal': 'REACH', 'placements': ['PLACEMENT_TIKTOK', 'PLACEMENT_PANGLE', 'PLACEMENT_GLOBAL_APP_BUNDLE'], 'location_ids': ['2750405'], 'gender': 'GENDER_MALE', 'age_groups': ['AGE_25_34']}",,"{'code': 0, 'message': 'OK', 'request_id': '202506170228097DC9CD2BA909FD02DEBC', 'data': {'user_count': {'lower_end': 766000, 'upper_end': 937000}, 'user_count_stage': 2}}",766000,937000,2,2025-06-17 05:16:35.088415
39662,39662,BR,AGE_55_100,2750405,GENDER_FEMALE,,,,,,"{'advertiser_id': '7381489555305775105', 'objective_type': 'REACH', 'optimization_goal': 'REACH', 'placements': ['PLACEMENT_TIKTOK', 'PLACEMENT_PANGLE', 'PLACEMENT_GLOBAL_APP_BUNDLE'], 'location_ids': ['2750405'], 'gender': 'GENDER_FEMALE', 'age_groups': ['AGE_55_100']}",,"{'code': 0, 'message': 'OK', 'request_id': '202506170228099B6B296840478D039346', 'data': {'user_count': {'lower_end': 313000, 'upper_end': 384000}, 'user_count_stage': 2}}",313000,384000,2,2025-06-17 05:16:35.088415
39663,39663,BR,AGE_35_44,2750405,GENDER_MALE,,,,,,"{'advertiser_id': '7381489555305775105', 'objective_type': 'REACH', 'optimization_goal': 'REACH', 'placements': ['PLACEMENT_TIKTOK', 'PLACEMENT_PANGLE', 'PLACEMENT_GLOBAL_APP_BUNDLE'], 'location_ids': ['2750405'], 'gender': 'GENDER_MALE', 'age_groups': ['AGE_35_44']}",,"{'code': 0, 'message': 'OK', 'request_id': '20250617022809A19A585FC5207D02B491', 'data': {'user_count': {'lower_end': 360000, 'upper_end': 441000}, 'user_count_stage': 2}}",360000,441000,2,2025-06-17 05:16:35.088415
39664,39664,BR,AGE_45_54,2750405,GENDER_MALE,,,,,,"{'advertiser_id': '7381489555305775105', 'objective_type': 'REACH', 'optimization_goal': 'REACH', 'placements': ['PLACEMENT_TIKTOK', 'PLACEMENT_PANGLE', 'PLACEMENT_GLOBAL_APP_BUNDLE'], 'location_ids': ['2750405'], 'gender': 'GENDER_MALE', 'age_groups': ['AGE_45_54']}",,"{'code': 0, 'message': 'OK', 'request_id': '202506170228093B100645F3BC10039C95', 'data': {'user_count': {'lower_end': 279000, 'upper_end': 342000}, 'user_count_stage': 2}}",279000,342000,2,2025-06-17 05:16:35.088415
39665,39665,BR,AGE_55_100,2750405,GENDER_MALE,,,,,,"{'advertiser_id': '7381489555305775105', 'objective_type': 'REACH', 'optimization_goal': 'REACH', 'placements': ['PLACEMENT_TIKTOK', 'PLACEMENT_PANGLE', 'PLACEMENT_GLOBAL_APP_BUNDLE'], 'location_ids': ['2750405'], 'gender': 'GENDER_MALE', 'age_groups': ['AGE_55_100']}",,"{'code': 0, 'message': 'OK', 'request_id': '20250617022810A3A21DB3E244B402CA69', 'data': {'user_count': {'lower_end': 247000, 'upper_end': 303000}, 'user_count_stage': 2}}",247000,303000,2,2025-06-17 05:16:35.088415
39668,39668,BR,AGE_18_24,2750405,GENDER_MALE,,,,,,"{'advertiser_id': '7381489555305775105', 'objective_type': 'REACH', 'optimization_goal': 'REACH', 'placements': ['PLACEMENT_TIKTOK', 'PLACEMENT_PANGLE', 'PLACEMENT_GLOBAL_APP_BUNDLE'], 'location_ids': ['2750405'], 'gender': 'GENDER_MALE', 'age_groups': ['AGE_18_24']}",,"{'code': 0, 'message': 'OK', 'request_id': '2025061702280989ACFF34D189F202DA35', 'data': {'user_count': {'lower_end': 714000, 'upper_end': 874000}, 'user_count_stage': 2}}",714000,874000,2,2025-06-17 05:16:35.088415
39673,39673,BR,AGE_13_17,102358,GENDER_FEMALE,,,,,,"{'advertiser_id': '7381489555305775105', 'objective_type': 'REACH', 'optimization_goal': 'REACH', 'placements': ['PLACEMENT_TIKTOK', 'PLACEMENT_PANGLE', 'PLACEMENT_GLOBAL_APP_BUNDLE'], 'location_ids': ['102358'], 'gender': 'GENDER_FEMALE', 'age_groups': ['AGE_13_17']}",,"{'code': 0, 'message': 'OK', 'request_id': '2025061702281164533EDF8F317F02F42D', 'data': {'user_count': {'lower_end': 0, 'upper_end': 3000}, 'user_count_stage': 1}}",0,3000,1,2025-06-17 05:16:35.088415
39674,39674,BR,AGE_18_24,102358,GENDER_FEMALE,,,,,,"{'advertiser_id': '7381489555305775105', 'objective_type': 'REACH', 'optimization_goal': 'REACH', 'placements': ['PLACEMENT_TIKTOK', 'PLACEMENT_PANGLE', 'PLACEMENT_GLOBAL_APP_BUNDLE'], 'location_ids': ['102358'], 'gender': 'GENDER_FEMALE', 'age_groups': ['AGE_18_24']}",,"{'code': 0, 'message': 'OK', 'request_id': '20250617022811722EA1FA0EAC2102CEB3', 'data': {'user_count': {'lower_end': 5903000, 'upper_end': 7216000}, 'user_count_stage': 2}}",5903000,7216000,2,2025-06-17 05:16:35.088415
39675,39675,BR,AGE_25_34,102358,GENDER_FEMALE,,,,,,"{'advertiser_id': '7381489555305775105', 'objective_type': 'REACH', 'optimization_goal': 'REACH', 'placements': ['PLACEMENT_TIKTOK', 'PLACEMENT_PANGLE', 'PLACEMENT_GLOBAL_APP_BUNDLE'], 'location_ids': ['102358'], 'gender': 'GENDER_FEMALE', 'age_groups': ['AGE_25_34']}",,"{'code': 0, 'message': 'OK', 'request_id': '202506170228110AEDE80C3DACB802B6E9', 'data': {'user_count': {'lower_end': 11710000, 'upper_end': 14313000}, 'user_count_stage': 2}}",11710000,14313000,2,2025-06-17 05:16:35.088415
39676,39676,BR,AGE_35_44,102358,GENDER_FEMALE,,,,,,"{'advertiser_id': '7381489555305775105', 'objective_type': 'REACH', 'optimization_goal': 'REACH', 'placements': ['PLACEMENT_TIKTOK', 'PLACEMENT_PANGLE', 'PLACEMENT_GLOBAL_APP_BUNDLE'], 'location_ids': ['102358'], 'gender': 'GENDER_FEMALE', 'age_groups': ['AGE_35_44']}",,"{'code': 0, 'message': 'OK', 'request_id': '20250617022811D8E11367BCCF8602DF45', 'data': {'user_count': {'lower_end': 5921000, 'upper_end': 7238000}, 'user_count_stage': 2}}",5921000,7238000,2,2025-06-17 05:16:35.088415
39677,39677,BR,AGE_55_100,102358,GENDER_FEMALE,,,,,,"{'advertiser_id': '7381489555305775105', 'objective_type': 'REACH', 'optimization_goal': 'REACH', 'placements': ['PLACEMENT_TIKTOK', 'PLACEMENT_PANGLE', 'PLACEMENT_GLOBAL_APP_BUNDLE'], 'location_ids': ['102358'], 'gender': 'GENDER_FEMALE', 'age_groups': ['AGE_55_100']}",,"{'code': 0, 'message': 'OK', 'request_id': '202506170228112E18A05FB8C03102F6CC', 'data': {'user_count': {'lower_end': 1633000, 'upper_end': 1997000}, 'user_count_stage': 2}}",1633000,1997000,2,2025-06-17 05:16:35.088415
39678,39678,BR,AGE_13_17,102358,GENDER_MALE,,,,,,"{'advertiser_id': '7381489555305775105', 'objective_type': 'REACH', 'optimization_goal': 'REACH', 'placements': ['PLACEMENT_TIKTOK', 'PLACEMENT_PANGLE', 'PLACEMENT_GLOBAL_APP_BUNDLE'], 'location_ids': ['102358'], 'gender': 'GENDER_MALE', 'age_groups': ['AGE_13_17']}",,"{'code': 0, 'message': 'OK', 'request_id': '2025061702281119BA480FAEE6FA035EB1', 'data': {'user_count': {'lower_end': 0, 'upper_end': 3000}, 'user_count_stage': 1}}",0,3000,1,2025-06-17 05:16:35.088415
39679,39679,BR,AGE_18_24,102358,GENDER_MALE,,,,,,"{'advertiser_id': '7381489555305775105', 'objective_type': 'REACH', 'optimization_goal': 'REACH', 'placements': ['PLACEMENT_TIKTOK', 'PLACEMENT_PANGLE', 'PLACEMENT_GLOBAL_APP_BUNDLE'], 'location_ids': ['102358'], 'gender': 'GENDER_MALE', 'age_groups': ['AGE_18_24']}",,"{'code': 0, 'message': 'OK', 'request_id': '20250617022811A1C67F64FC298602D21C', 'data': {'user_count': {'lower_end': 13905000, 'upper_end': 16997000}, 'user_count_stage': 2}}",13905000,16997000,2,2025-06-17 05:16:35.088415
39680,39680,BR,AGE_45_54,102358,GENDER_FEMALE,,,,,,"{'advertiser_id': '7381489555305775105', 'objective_type': 'REACH', 'optimization_goal': 'REACH', 'placements': ['PLACEMENT_TIKTOK', 'PLACEMENT_PANGLE', 'PLACEMENT_GLOBAL_APP_BUNDLE'], 'location_ids': ['102358'], 'gender': 'GENDER_FEMALE', 'age_groups': ['AGE_45_54']}",,"{'code': 0, 'message': 'OK', 'request_id': '20250617022811A9FC0EA2A6613C02CA7F', 'data': {'user_count': {'lower_end': 2546000, 'upper_end': 3112000}, 'user_count_stage': 2}}",2546000,3112000,2,2025-06-17 05:16:35.088415
39681,39681,BR,AGE_25_34,102358,GENDER_MALE,,,,,,"{'advertiser_id': '7381489555305775105', 'objective_type': 'REACH', 'optimization_goal': 'REACH', 'placements': ['PLACEMENT_TIKTOK', 'PLACEMENT_PANGLE', 'PLACEMENT_GLOBAL_APP_BUNDLE'], 'location_ids': ['102358'], 'gender': 'GENDER_MALE', 'age_groups': ['AGE_25_34']}",,"{'code': 0, 'message': 'OK', 'request_id': '20250617022812C5CC42DC53C35003983E', 'data': {'user_count': {'lower_end': 22405000, 'upper_end': 27385000}, 'user_count_stage': 3}}",22405000,27385000,3,2025-06-17 05:16:35.088415
39682,39682,BR,AGE_35_44,102358,GENDER_MALE,,,,,,"{'advertiser_id': '7381489555305775105', 'objective_type': 'REACH', 'optimization_goal': 'REACH', 'placements': ['PLACEMENT_TIKTOK', 'PLACEMENT_PANGLE', 'PLACEMENT_GLOBAL_APP_BUNDLE'], 'location_ids': ['102358'], 'gender': 'GENDER_MALE', 'age_groups': ['AGE_35_44']}",,"{'code': 0, 'message': 'OK', 'request_id': '20250617022812BE4F16582C7C0802BE04', 'data': {'user_count': {'lower_end': 14810000, 'upper_end': 18102000}, 'user_count_stage': 2}}",14810000,18102000,2,2025-06-17 05:16:35.088415
39683,39683,BR,AGE_45_54,102358,GENDER_MALE,,,,,,"{'advertiser_id': '7381489555305775105', 'objective_type': 'REACH', 'optimization_goal': 'REACH', 'placements': ['PLACEMENT_TIKTOK', 'PLACEMENT_PANGLE', 'PLACEMENT_GLOBAL_APP_BUNDLE'], 'location_ids': ['102358'], 'gender': 'GENDER_MALE', 'age_groups': ['AGE_45_54']}",,"{'code': 0, 'message': 'OK', 'request_id': '202506170228122F07D516C483AA02C1D1', 'data': {'user_count': {'lower_end': 2140000, 'upper_end': 2616000}, 'user_count_stage': 2}}",2140000,2616000,2,2025-06-17 05:16:35.088415
39684,39684,BR,AGE_55_100,102358,GENDER_MALE,,,,,,"{'advertiser_id': '7381489555305775105', 'objective_type': 'REACH', 'optimization_goal': 'REACH', 'placements': ['PLACEMENT_TIKTOK', 'PLACEMENT_PANGLE', 'PLACEMENT_GLOBAL_APP_BUNDLE'], 'location_ids': ['102358'], 'gender': 'GENDER_MALE', 'age_groups': ['AGE_55_100']}",,"{'code': 0, 'message': 'OK', 'request_id': '2025061702281202935CAF340C7F02DB37', 'data': {'user_count': {'lower_end': 2561000, 'upper_end': 3131000}, 'user_count_stage': 2}}",2561000,3131000,2,2025-06-17 05:16:35.088415
39690,39690,BR,AGE_13_17,2623032,GENDER_FEMALE,,,,,,"{'advertiser_id': '7381489555305775105', 'objective_type': 'REACH', 'optimization_goal': 'REACH', 'placements': ['PLACEMENT_TIKTOK', 'PLACEMENT_PANGLE', 'PLACEMENT_GLOBAL_APP_BUNDLE'], 'location_ids': ['2623032'], 'gender': 'GENDER_FEMALE', 'age_groups': ['AGE_13_17']}",,"{'code': 0, 'message': 'OK', 'request_id': '20250617022813FFD785378E40FA029281', 'data': {'user_count': {'lower_end': 0, 'upper_end': 1000}, 'user_count_stage': 1}}",0,1000,1,2025-06-17 05:16:35.088415
39691,39691,BR,AGE_18_24,2623032,GENDER_FEMALE,,,,,,"{'advertiser_id': '7381489555305775105', 'objective_type': 'REACH', 'optimization_goal': 'REACH', 'placements': ['PLACEMENT_TIKTOK', 'PLACEMENT_PANGLE', 'PLACEMENT_GLOBAL_APP_BUNDLE'], 'location_ids': ['2623032'], 'gender': 'GENDER_FEMALE', 'age_groups': ['AGE_18_24']}",,"{'code': 0, 'message': 'OK', 'request_id': '20250617022813907432A4CA7E1E02D026', 'data': {'user_count': {'lower_end': 304000, 'upper_end': 373000}, 'user_count_stage': 3}}",304000,373000,3,2025-06-17 05:16:35.088415
39692,39692,BR,AGE_25_34,2623032,GENDER_FEMALE,,,,,,"{'advertiser_id': '7381489555305775105', 'objective_type': 'REACH', 'optimization_goal': 'REACH', 'placements': ['PLACEMENT_TIKTOK', 'PLACEMENT_PANGLE', 'PLACEMENT_GLOBAL_APP_BUNDLE'], 'location_ids': ['2623032'], 'gender': 'GENDER_FEMALE', 'age_groups': ['AGE_25_34']}",,"{'code': 0, 'message': 'OK', 'request_id': '20250617022813D87CBE167ADAF402C458', 'data': {'user_count': {'lower_end': 257000, 'upper_end': 315000}, 'user_count_stage': 2}}",257000,315000,2,2025-06-17 05:16:35.088415
39693,39693,BR,AGE_35_44,2623032,GENDER_FEMALE,,,,,,"{'advertiser_id': '7381489555305775105', 'objective_type': 'REACH', 'optimization_goal': 'REACH', 'placements': ['PLACEMENT_TIKTOK', 'PLACEMENT_PANGLE', 'PLACEMENT_GLOBAL_APP_BUNDLE'], 'location_ids': ['2623032'], 'gender': 'GENDER_FEMALE', 'age_groups': ['AGE_35_44']}",,"{'code': 0, 'message': 'OK', 'request_id': '2025061702281302935CAF340C7F02DB52', 'data': {'user_count': {'lower_end': 92000, 'upper_end': 114000}, 'user_count_stage': 2}}",92000,114000,2,2025-06-17 05:16:35.088415
39694,39694,BR,AGE_45_54,2623032,GENDER_FEMALE,,,,,,"{'advertiser_id': '7381489555305775105', 'objective_type': 'REACH', 'optimization_goal': 'REACH', 'placements': ['PLACEMENT_TIKTOK', 'PLACEMENT_PANGLE', 'PLACEMENT_GLOBAL_APP_BUNDLE'], 'location_ids': ['2623032'], 'gender': 'GENDER_FEMALE', 'age_groups': ['AGE_45_54']}",,"{'code': 0, 'message': 'OK', 'request_id': '202506170228142F07D516C483AA02C1FA', 'data': {'user_count': {'lower_end': 65000, 'upper_end': 80000}, 'user_count_stage': 2}}",65000,80000,2,2025-06-17 05:16:35.088415
39695,39695,BR,AGE_55_100,2623032,GENDER_FEMALE,,,,,,"{'advertiser_id': '7381489555305775105', 'objective_type': 'REACH', 'optimization_goal': 'REACH', 'placements': ['PLACEMENT_TIKTOK', 'PLACEMENT_PANGLE', 'PLACEMENT_GLOBAL_APP_BUNDLE'], 'location_ids': ['2623032'], 'gender': 'GENDER_FEMALE', 'age_groups': ['AGE_55_100']}",,"{'code': 0, 'message': 'OK', 'request_id': '202506170228145EE4CD9F19178102F132', 'data': {'user_count': {'lower_end': 46000, 'upper_end': 57000}, 'user_count_stage': 2}}",46000,57000,2,2025-06-17 05:16:35.088415
39696,39696,BR,AGE_13_17,2623032,GENDER_MALE,,,,,,"{'advertiser_id': '7381489555305775105', 'objective_type': 'REACH', 'optimization_goal': 'REACH', 'placements': ['PLACEMENT_TIKTOK', 'PLACEMENT_PANGLE', 'PLACEMENT_GLOBAL_APP_BUNDLE'], 'location_ids': ['2623032'], 'gender': 'GENDER_MALE', 'age_groups': ['AGE_13_17']}",,"{'code': 0, 'message': 'OK', 'request_id': '202506170228146C85945F4D9200028F1A', 'data': {'user_count': {'lower_end': 0, 'upper_end': 1000}, 'user_count_stage': 1}}",0,1000,1,2025-06-17 05:16:35.088415
39697,39697,BR,AGE_18_24,2623032,GENDER_MALE,,,,,,"{'advertiser_id': '7381489555305775105', 'objective_type': 'REACH', 'optimization_goal': 'REACH', 'placements': ['PLACEMENT_TIKTOK', 'PLACEMENT_PANGLE', 'PLACEMENT_GLOBAL_APP_BUNDLE'], 'location_ids': ['2623032'], 'gender': 'GENDER_MALE', 'age_groups': ['AGE_18_24']}",,"{'code': 0, 'message': 'OK', 'request_id': '202506170228147721924C8499F902F432', 'data': {'user_count': {'lower_end': 227000, 'upper_end': 278000}, 'user_count_stage': 2}}",227000,278000,2,2025-06-17 05:16:35.088415
39698,39698,BR,AGE_45_54,2623032,GENDER_MALE,,,,,,"{'advertiser_id': '7381489555305775105', 'objective_type': 'REACH', 'optimization_goal': 'REACH', 'placements': ['PLACEMENT_TIKTOK', 'PLACEMENT_PANGLE', 'PLACEMENT_GLOBAL_APP_BUNDLE'], 'location_ids': ['2623032'], 'gender': 'GENDER_MALE', 'age_groups': ['AGE_45_54']}",,"{'code': 0, 'message': 'OK', 'request_id': '20250617022815AC9C9027AA428004123D', 'data': {'user_count': {'lower_end': 51000, 'upper_end': 64000}, 'user_count_stage': 2}}",51000,64000,2,2025-06-17 05:16:35.088415
39699,39699,BR,AGE_35_44,2623032,GENDER_MALE,,,,,,"{'advertiser_id': '7381489555305775105', 'objective_type': 'REACH', 'optimization_goal': 'REACH', 'placements': ['PLACEMENT_TIKTOK', 'PLACEMENT_PANGLE', 'PLACEMENT_GLOBAL_APP_BUNDLE'], 'location_ids': ['2623032'], 'gender': 'GENDER_MALE', 'age_groups': ['AGE_35_44']}",,"{'code': 0, 'message': 'OK', 'request_id': '2025061702281543CB26B41FD2C502E192', 'data': {'user_count': {'lower_end': 78000, 'upper_end': 96000}, 'user_count_stage': 2}}",78000,96000,2,2025-06-17 05:16:35.088415
39700,39700,BR,AGE_25_34,2623032,GENDER_MALE,,,,,,"{'advertiser_id': '7381489555305775105', 'objective_type': 'REACH', 'optimization_goal': 'REACH', 'placements': ['PLACEMENT_TIKTOK', 'PLACEMENT_PANGLE', 'PLACEMENT_GLOBAL_APP_BUNDLE'], 'location_ids': ['2623032'], 'gender': 'GENDER_MALE', 'age_groups': ['AGE_25_34']}",,"{'code': 0, 'message': 'OK', 'request_id': '20250617022814027674BF609BC702B5F5', 'data': {'user_count': {'lower_end': 203000, 'upper_end': 249000}, 'user_count_stage': 2}}",203000,249000,2,2025-06-17 05:16:35.088415
39702,39702,BR,AGE_55_100,2623032,GENDER_MALE,,,,,,"{'advertiser_id': '7381489555305775105', 'objective_type': 'REACH', 'optimization_goal': 'REACH', 'placements': ['PLACEMENT_TIKTOK', 'PLACEMENT_PANGLE', 'PLACEMENT_GLOBAL_APP_BUNDLE'], 'location_ids': ['2623032'], 'gender': 'GENDER_MALE', 'age_groups': ['AGE_55_100']}",,"{'code': 0, 'message': 'OK', 'request_id': '202506170228153E2DCF4E88000902C66E', 'data': {'user_count': {'lower_end': 39000, 'upper_end': 48000}, 'user_count_stage': 2}}",39000,48000,2,2025-06-17 05:16:35.088415
39706,39706,BR,AGE_13_17,3439705,GENDER_FEMALE,,,,,,"{'advertiser_id': '7381489555305775105', 'objective_type': 'REACH', 'optimization_goal': 'REACH', 'placements': ['PLACEMENT_TIKTOK', 'PLACEMENT_PANGLE', 'PLACEMENT_GLOBAL_APP_BUNDLE'], 'location_ids': ['3439705'], 'gender': 'GENDER_FEMALE', 'age_groups': ['AGE_13_17']}",,"{'code': 0, 'message': 'OK', 'request_id': '20250617022816AC9C9027AA428004126B', 'data': {'user_count': {'lower_end': 0, 'upper_end': 1000}, 'user_count_stage': 1}}",0,1000,1,2025-06-17 05:16:35.088415
39709,39709,BR,AGE_18_24,3439705,GENDER_FEMALE,,,,,,"{'advertiser_id': '7381489555305775105', 'objective_type': 'REACH', 'optimization_goal': 'REACH', 'placements': ['PLACEMENT_TIKTOK', 'PLACEMENT_PANGLE', 'PLACEMENT_GLOBAL_APP_BUNDLE'], 'location_ids': ['3439705'], 'gender': 'GENDER_FEMALE', 'age_groups': ['AGE_18_24']}",,"{'code': 0, 'message': 'OK', 'request_id': '202506170228164733FC52EFE0B702E4B4', 'data': {'user_count': {'lower_end': 264000, 'upper_end': 324000}, 'user_count_stage': 2}}",264000,324000,2,2025-06-17 05:16:35.088415
39710,39710,BR,AGE_25_34,3439705,GENDER_FEMALE,,,,,,"{'advertiser_id': '7381489555305775105', 'objective_type': 'REACH', 'optimization_goal': 'REACH', 'placements': ['PLACEMENT_TIKTOK', 'PLACEMENT_PANGLE', 'PLACEMENT_GLOBAL_APP_BUNDLE'], 'location_ids': ['3439705'], 'gender': 'GENDER_FEMALE', 'age_groups': ['AGE_25_34']}",,"{'code': 0, 'message': 'OK', 'request_id': '20250617022817429CE33A8E7B6202C508', 'data': {'user_count': {'lower_end': 340000, 'upper_end': 416000}, 'user_count_stage': 2}}",340000,416000,2,2025-06-17 05:16:35.088415
39711,39711,BR,AGE_35_44,3439705,GENDER_FEMALE,,,,,,"{'advertiser_id': '7381489555305775105', 'objective_type': 'REACH', 'optimization_goal': 'REACH', 'placements': ['PLACEMENT_TIKTOK', 'PLACEMENT_PANGLE', 'PLACEMENT_GLOBAL_APP_BUNDLE'], 'location_ids': ['3439705'], 'gender': 'GENDER_FEMALE', 'age_groups': ['AGE_35_44']}",,"{'code': 0, 'message': 'OK', 'request_id': '20250617022817326DDE3551CC0902D779', 'data': {'user_count': {'lower_end': 133000, 'upper_end': 163000}, 'user_count_stage': 2}}",133000,163000,2,2025-06-17 05:16:35.088415
39712,39712,BR,AGE_45_54,3439705,GENDER_FEMALE,,,,,,"{'advertiser_id': '7381489555305775105', 'objective_type': 'REACH', 'optimization_goal': 'REACH', 'placements': ['PLACEMENT_TIKTOK', 'PLACEMENT_PANGLE', 'PLACEMENT_GLOBAL_APP_BUNDLE'], 'location_ids': ['3439705'], 'gender': 'GENDER_FEMALE', 'age_groups': ['AGE_45_54']}",,"{'code': 0, 'message': 'OK', 'request_id': '20250617022817B2D081AC181F0B036979', 'data': {'user_count': {'lower_end': 94000, 'upper_end': 116000}, 'user_count_stage': 2}}",94000,116000,2,2025-06-17 05:16:35.088415
39713,39713,BR,AGE_55_100,3439705,GENDER_FEMALE,,,,,,"{'advertiser_id': '7381489555305775105', 'objective_type': 'REACH', 'optimization_goal': 'REACH', 'placements': ['PLACEMENT_TIKTOK', 'PLACEMENT_PANGLE', 'PLACEMENT_GLOBAL_APP_BUNDLE'], 'location_ids': ['3439705'], 'gender': 'GENDER_FEMALE', 'age_groups': ['AGE_55_100']}",,"{'code': 0, 'message': 'OK', 'request_id': '20250617022817A157750C6E14D002AED6', 'data': {'user_count': {'lower_end': 106000, 'upper_end': 130000}, 'user_count_stage': 2}}",106000,130000,2,2025-06-17 05:16:35.088415
39715,39715,BR,AGE_13_17,3439705,GENDER_MALE,,,,,,"{'advertiser_id': '7381489555305775105', 'objective_type': 'REACH', 'optimization_goal': 'REACH', 'placements': ['PLACEMENT_TIKTOK', 'PLACEMENT_PANGLE', 'PLACEMENT_GLOBAL_APP_BUNDLE'], 'location_ids': ['3439705'], 'gender': 'GENDER_MALE', 'age_groups': ['AGE_13_17']}",,"{'code': 0, 'message': 'OK', 'request_id': '20250617022817CE19168A03859A02DE00', 'data': {'user_count': {'lower_end': 0, 'upper_end': 1000}, 'user_count_stage': 1}}",0,1000,1,2025-06-17 05:16:35.088415
39716,39716,BR,AGE_18_24,3439705,GENDER_MALE,,,,,,"{'advertiser_id': '7381489555305775105', 'objective_type': 'REACH', 'optimization_goal': 'REACH', 'placements': ['PLACEMENT_TIKTOK', 'PLACEMENT_PANGLE', 'PLACEMENT_GLOBAL_APP_BUNDLE'], 'location_ids': ['3439705'], 'gender': 'GENDER_MALE', 'age_groups': ['AGE_18_24']}",,"{'code': 0, 'message': 'OK', 'request_id': '20250617022817C248F16F25BFB202E1AB', 'data': {'user_count': {'lower_end': 234000, 'upper_end': 287000}, 'user_count_stage': 2}}",234000,287000,2,2025-06-17 05:16:35.088415
39717,39717,BR,AGE_25_34,3439705,GENDER_MALE,,,,,,"{'advertiser_id': '7381489555305775105', 'objective_type': 'REACH', 'optimization_goal': 'REACH', 'placements': ['PLACEMENT_TIKTOK', 'PLACEMENT_PANGLE', 'PLACEMENT_GLOBAL_APP_BUNDLE'], 'location_ids': ['3439705'], 'gender': 'GENDER_MALE', 'age_groups': ['AGE_25_34']}",,"{'code': 0, 'message': 'OK', 'request_id': '20250617022817B15462BD6620D702A52F', 'data': {'user_count': {'lower_end': 493000, 'upper_end': 604000}, 'user_count_stage': 3}}",493000,604000,3,2025-06-17 05:16:35.088415
39718,39718,BR,AGE_35_44,3439705,GENDER_MALE,,,,,,"{'advertiser_id': '7381489555305775105', 'objective_type': 'REACH', 'optimization_goal': 'REACH', 'placements': ['PLACEMENT_TIKTOK', 'PLACEMENT_PANGLE', 'PLACEMENT_GLOBAL_APP_BUNDLE'], 'location_ids': ['3439705'], 'gender': 'GENDER_MALE', 'age_groups': ['AGE_35_44']}",,"{'code': 0, 'message': 'OK', 'request_id': '20250617022817201DD45E79CC7302BBD9', 'data': {'user_count': {'lower_end': 157000, 'upper_end': 193000}, 'user_count_stage': 2}}",157000,193000,2,2025-06-17 05:16:35.088415
39719,39719,BR,AGE_45_54,3439705,GENDER_MALE,,,,,,"{'advertiser_id': '7381489555305775105', 'objective_type': 'REACH', 'optimization_goal': 'REACH', 'placements': ['PLACEMENT_TIKTOK', 'PLACEMENT_PANGLE', 'PLACEMENT_GLOBAL_APP_BUNDLE'], 'location_ids': ['3439705'], 'gender': 'GENDER_MALE', 'age_groups': ['AGE_45_54']}",,"{'code': 0, 'message': 'OK', 'request_id': '202506170228187D644605C6C60902B439', 'data': {'user_count': {'lower_end': 115000, 'upper_end': 142000}, 'user_count_stage': 2}}",115000,142000,2,2025-06-17 05:16:35.088415
39720,39720,BR,AGE_55_100,3439705,GENDER_MALE,,,,,,"{'advertiser_id': '7381489555305775105', 'objective_type': 'REACH', 'optimization_goal': 'REACH', 'placements': ['PLACEMENT_TIKTOK', 'PLACEMENT_PANGLE', 'PLACEMENT_GLOBAL_APP_BUNDLE'], 'location_ids': ['3439705'], 'gender': 'GENDER_MALE', 'age_groups': ['AGE_55_100']}",,"{'code': 0, 'message': 'OK', 'request_id': '20250617022818CE19168A03859A02DE1C', 'data': {'user_count': {'lower_end': 102000, 'upper_end': 126000}, 'user_count_stage': 2}}",102000,126000,2,2025-06-17 05:16:35.088415
39726,39726,BR,AGE_13_17,192950,GENDER_FEMALE,,,,,,"{'advertiser_id': '7381489555305775105', 'objective_type': 'REACH', 'optimization_goal': 'REACH', 'placements': ['PLACEMENT_TIKTOK', 'PLACEMENT_PANGLE', 'PLACEMENT_GLOBAL_APP_BUNDLE'], 'location_ids': ['192950'], 'gender': 'GENDER_FEMALE', 'age_groups': ['AGE_13_17']}",,"{'code': 0, 'message': 'OK', 'request_id': '20250617022819790C0B9C704D8802B563', 'data': {'user_count': {'lower_end': 0, 'upper_end': 1000}, 'user_count_stage': 1}}",0,1000,1,2025-06-17 05:16:35.088415
39727,39727,BR,AGE_18_24,192950,GENDER_FEMALE,,,,,,"{'advertiser_id': '7381489555305775105', 'objective_type': 'REACH', 'optimization_goal': 'REACH', 'placements': ['PLACEMENT_TIKTOK', 'PLACEMENT_PANGLE', 'PLACEMENT_GLOBAL_APP_BUNDLE'], 'location_ids': ['192950'], 'gender': 'GENDER_FEMALE', 'age_groups': ['AGE_18_24']}",,"{'code': 0, 'message': 'OK', 'request_id': '20250617022819339098CD0DB76C039A67', 'data': {'user_count': {'lower_end': 1976000, 'upper_end': 2416000}, 'user_count_stage': 2}}",1976000,2416000,2,2025-06-17 05:16:35.088415
39728,39728,BR,AGE_25_34,192950,GENDER_FEMALE,,,,,,"{'advertiser_id': '7381489555305775105', 'objective_type': 'REACH', 'optimization_goal': 'REACH', 'placements': ['PLACEMENT_TIKTOK', 'PLACEMENT_PANGLE', 'PLACEMENT_GLOBAL_APP_BUNDLE'], 'location_ids': ['192950'], 'gender': 'GENDER_FEMALE', 'age_groups': ['AGE_25_34']}",,"{'code': 0, 'message': 'OK', 'request_id': '20250617022819429CE33A8E7B6202C53D', 'data': {'user_count': {'lower_end': 2302000, 'upper_end': 2815000}, 'user_count_stage': 2}}",2302000,2815000,2,2025-06-17 05:16:35.088415
39729,39729,BR,AGE_55_100,192950,GENDER_FEMALE,,,,,,"{'advertiser_id': '7381489555305775105', 'objective_type': 'REACH', 'optimization_goal': 'REACH', 'placements': ['PLACEMENT_TIKTOK', 'PLACEMENT_PANGLE', 'PLACEMENT_GLOBAL_APP_BUNDLE'], 'location_ids': ['192950'], 'gender': 'GENDER_FEMALE', 'age_groups': ['AGE_55_100']}",,"{'code': 0, 'message': 'OK', 'request_id': '20250617022819AC9C9027AA42800412D8', 'data': {'user_count': {'lower_end': 270000, 'upper_end': 331000}, 'user_count_stage': 2}}",270000,331000,2,2025-06-17 05:16:35.088415
39730,39730,BR,AGE_45_54,192950,GENDER_FEMALE,,,,,,"{'advertiser_id': '7381489555305775105', 'objective_type': 'REACH', 'optimization_goal': 'REACH', 'placements': ['PLACEMENT_TIKTOK', 'PLACEMENT_PANGLE', 'PLACEMENT_GLOBAL_APP_BUNDLE'], 'location_ids': ['192950'], 'gender': 'GENDER_FEMALE', 'age_groups': ['AGE_45_54']}",,"{'code': 0, 'message': 'OK', 'request_id': '20250617022819DCEEE5067A1EBA02E9FD', 'data': {'user_count': {'lower_end': 299000, 'upper_end': 366000}, 'user_count_stage': 2}}",299000,366000,2,2025-06-17 05:16:35.088415
39731,39731,BR,AGE_13_17,192950,GENDER_MALE,,,,,,"{'advertiser_id': '7381489555305775105', 'objective_type': 'REACH', 'optimization_goal': 'REACH', 'placements': ['PLACEMENT_TIKTOK', 'PLACEMENT_PANGLE', 'PLACEMENT_GLOBAL_APP_BUNDLE'], 'location_ids': ['192950'], 'gender': 'GENDER_MALE', 'age_groups': ['AGE_13_17']}",,"{'code': 0, 'message': 'OK', 'request_id': '202506170228197D644605C6C60902B469', 'data': {'user_count': {'lower_end': 0, 'upper_end': 1000}, 'user_count_stage': 1}}",0,1000,1,2025-06-17 05:16:35.088415
39733,39733,BR,AGE_25_34,192950,GENDER_MALE,,,,,,"{'advertiser_id': '7381489555305775105', 'objective_type': 'REACH', 'optimization_goal': 'REACH', 'placements': ['PLACEMENT_TIKTOK', 'PLACEMENT_PANGLE', 'PLACEMENT_GLOBAL_APP_BUNDLE'], 'location_ids': ['192950'], 'gender': 'GENDER_MALE', 'age_groups': ['AGE_25_34']}",,"{'code': 0, 'message': 'OK', 'request_id': '20250617022820FCB0A5FAB88A5802A2DB', 'data': {'user_count': {'lower_end': 4391000, 'upper_end': 5368000}, 'user_count_stage': 3}}",4391000,5368000,3,2025-06-17 05:16:35.088415
39734,39734,BR,AGE_35_44,192950,GENDER_MALE,,,,,,"{'advertiser_id': '7381489555305775105', 'objective_type': 'REACH', 'optimization_goal': 'REACH', 'placements': ['PLACEMENT_TIKTOK', 'PLACEMENT_PANGLE', 'PLACEMENT_GLOBAL_APP_BUNDLE'], 'location_ids': ['192950'], 'gender': 'GENDER_MALE', 'age_groups': ['AGE_35_44']}",,"{'code': 0, 'message': 'OK', 'request_id': '20250617022820570F5137DD107B02AF89', 'data': {'user_count': {'lower_end': 1392000, 'upper_end': 1702000}, 'user_count_stage': 2}}",1392000,1702000,2,2025-06-17 05:16:35.088415
39735,39735,BR,AGE_45_54,192950,GENDER_MALE,,,,,,"{'advertiser_id': '7381489555305775105', 'objective_type': 'REACH', 'optimization_goal': 'REACH', 'placements': ['PLACEMENT_TIKTOK', 'PLACEMENT_PANGLE', 'PLACEMENT_GLOBAL_APP_BUNDLE'], 'location_ids': ['192950'], 'gender': 'GENDER_MALE', 'age_groups': ['AGE_45_54']}",,"{'code': 0, 'message': 'OK', 'request_id': '202506170228209EA3F19C69EA7D0307F5', 'data': {'user_count': {'lower_end': 547000, 'upper_end': 670000}, 'user_count_stage': 2}}",547000,670000,2,2025-06-17 05:16:35.088415
39736,39736,BR,AGE_18_24,192950,GENDER_MALE,,,,,,"{'advertiser_id': '7381489555305775105', 'objective_type': 'REACH', 'optimization_goal': 'REACH', 'placements': ['PLACEMENT_TIKTOK', 'PLACEMENT_PANGLE', 'PLACEMENT_GLOBAL_APP_BUNDLE'], 'location_ids': ['192950'], 'gender': 'GENDER_MALE', 'age_groups': ['AGE_18_24']}",,"{'code': 0, 'message': 'OK', 'request_id': '20250617022819DCEEE5067A1EBA02EA15', 'data': {'user_count': {'lower_end': 2845000, 'upper_end': 3478000}, 'user_count_stage': 2}}",2845000,3478000,2,2025-06-17 05:16:35.088415
39737,39737,BR,AGE_55_100,192950,GENDER_MALE,,,,,,"{'advertiser_id': '7381489555305775105', 'objective_type': 'REACH', 'optimization_goal': 'REACH', 'placements': ['PLACEMENT_TIKTOK', 'PLACEMENT_PANGLE', 'PLACEMENT_GLOBAL_APP_BUNDLE'], 'location_ids': ['192950'], 'gender': 'GENDER_MALE', 'age_groups': ['AGE_55_100']}",,"{'code': 0, 'message': 'OK', 'request_id': '20250617022820BB63CDF92AF4D4037DFE', 'data': {'user_count': {'lower_end': 333000, 'upper_end': 408000}, 'user_count_stage': 2}}",333000,408000,2,2025-06-17 05:16:35.088415
39738,39738,BR,AGE_35_44,192950,GENDER_FEMALE,,,,,,"{'advertiser_id': '7381489555305775105', 'objective_type': 'REACH', 'optimization_goal': 'REACH', 'placements': ['PLACEMENT_TIKTOK', 'PLACEMENT_PANGLE', 'PLACEMENT_GLOBAL_APP_BUNDLE'], 'location_ids': ['192950'], 'gender': 'GENDER_FEMALE', 'age_groups': ['AGE_35_44']}",,"{'code': 0, 'message': 'OK', 'request_id': '2025061702281907601A7A06D79002E64F', 'data': {'user_count': {'lower_end': 707000, 'upper_end': 865000}, 'user_count_stage': 2}}",707000,865000,2,2025-06-17 05:16:35.088415
39745,39745,BR,AGE_18_24,798549,GENDER_FEMALE,,,,,,"{'advertiser_id': '7381489555305775105', 'objective_type': 'REACH', 'optimization_goal': 'REACH', 'placements': ['PLACEMENT_TIKTOK', 'PLACEMENT_PANGLE', 'PLACEMENT_GLOBAL_APP_BUNDLE'], 'location_ids': ['798549'], 'gender': 'GENDER_FEMALE', 'age_groups': ['AGE_18_24']}",,"{'code': 0, 'message': 'OK', 'request_id': '202506170228212CF5CB9E4B88A002B92B', 'data': {'user_count': {'lower_end': 782000, 'upper_end': 957000}, 'user_count_stage': 2}}",782000,957000,2,2025-06-17 05:16:35.088415
39746,39746,BR,AGE_25_34,798549,GENDER_FEMALE,,,,,,"{'advertiser_id': '7381489555305775105', 'objective_type': 'REACH', 'optimization_goal': 'REACH', 'placements': ['PLACEMENT_TIKTOK', 'PLACEMENT_PANGLE', 'PLACEMENT_GLOBAL_APP_BUNDLE'], 'location_ids': ['798549'], 'gender': 'GENDER_FEMALE', 'age_groups': ['AGE_25_34']}",,"{'code': 0, 'message': 'OK', 'request_id': '20250617022821B187F1313E1C83030BCB', 'data': {'user_count': {'lower_end': 991000, 'upper_end': 1212000}, 'user_count_stage': 2}}",991000,1212000,2,2025-06-17 05:16:35.088415
39747,39747,BR,AGE_13_17,798549,GENDER_FEMALE,,,,,,"{'advertiser_id': '7381489555305775105', 'objective_type': 'REACH', 'optimization_goal': 'REACH', 'placements': ['PLACEMENT_TIKTOK', 'PLACEMENT_PANGLE', 'PLACEMENT_GLOBAL_APP_BUNDLE'], 'location_ids': ['798549'], 'gender': 'GENDER_FEMALE', 'age_groups': ['AGE_13_17']}",,"{'code': 0, 'message': 'OK', 'request_id': '20250617022821561DA9D9B587E502E03E', 'data': {'user_count': {'lower_end': 0, 'upper_end': 1000}, 'user_count_stage': 1}}",0,1000,1,2025-06-17 05:16:35.088415
39748,39748,BR,AGE_35_44,798549,GENDER_FEMALE,,,,,,"{'advertiser_id': '7381489555305775105', 'objective_type': 'REACH', 'optimization_goal': 'REACH', 'placements': ['PLACEMENT_TIKTOK', 'PLACEMENT_PANGLE', 'PLACEMENT_GLOBAL_APP_BUNDLE'], 'location_ids': ['798549'], 'gender': 'GENDER_FEMALE', 'age_groups': ['AGE_35_44']}",,"{'code': 0, 'message': 'OK', 'request_id': '202506170228219ABB3A269DF20302C391', 'data': {'user_count': {'lower_end': 808000, 'upper_end': 988000}, 'user_count_stage': 2}}",808000,988000,2,2025-06-17 05:16:35.088415
39749,39749,BR,AGE_45_54,798549,GENDER_FEMALE,,,,,,"{'advertiser_id': '7381489555305775105', 'objective_type': 'REACH', 'optimization_goal': 'REACH', 'placements': ['PLACEMENT_TIKTOK', 'PLACEMENT_PANGLE', 'PLACEMENT_GLOBAL_APP_BUNDLE'], 'location_ids': ['798549'], 'gender': 'GENDER_FEMALE', 'age_groups': ['AGE_45_54']}",,"{'code': 0, 'message': 'OK', 'request_id': '2025061702282267054B0FAC6957029720', 'data': {'user_count': {'lower_end': 700000, 'upper_end': 856000}, 'user_count_stage': 2}}",700000,856000,2,2025-06-17 05:16:35.088415
39750,39750,BR,AGE_55_100,798549,GENDER_FEMALE,,,,,,"{'advertiser_id': '7381489555305775105', 'objective_type': 'REACH', 'optimization_goal': 'REACH', 'placements': ['PLACEMENT_TIKTOK', 'PLACEMENT_PANGLE', 'PLACEMENT_GLOBAL_APP_BUNDLE'], 'location_ids': ['798549'], 'gender': 'GENDER_FEMALE', 'age_groups': ['AGE_55_100']}",,"{'code': 0, 'message': 'OK', 'request_id': '20250617022822F682FCA24C307602A39F', 'data': {'user_count': {'lower_end': 777000, 'upper_end': 951000}, 'user_count_stage': 2}}",777000,951000,2,2025-06-17 05:16:35.088415
39751,39751,BR,AGE_13_17,798549,GENDER_MALE,,,,,,"{'advertiser_id': '7381489555305775105', 'objective_type': 'REACH', 'optimization_goal': 'REACH', 'placements': ['PLACEMENT_TIKTOK', 'PLACEMENT_PANGLE', 'PLACEMENT_GLOBAL_APP_BUNDLE'], 'location_ids': ['798549'], 'gender': 'GENDER_MALE', 'age_groups': ['AGE_13_17']}",,"{'code': 0, 'message': 'OK', 'request_id': '202506170228221141381B1BEB1602D73F', 'data': {'user_count': {'lower_end': 0, 'upper_end': 1000}, 'user_count_stage': 1}}",0,1000,1,2025-06-17 05:16:35.088415
39752,39752,BR,AGE_25_34,798549,GENDER_MALE,,,,,,"{'advertiser_id': '7381489555305775105', 'objective_type': 'REACH', 'optimization_goal': 'REACH', 'placements': ['PLACEMENT_TIKTOK', 'PLACEMENT_PANGLE', 'PLACEMENT_GLOBAL_APP_BUNDLE'], 'location_ids': ['798549'], 'gender': 'GENDER_MALE', 'age_groups': ['AGE_25_34']}",,"{'code': 0, 'message': 'OK', 'request_id': '2025061702282204C7D052F3084803B751', 'data': {'user_count': {'lower_end': 979000, 'upper_end': 1198000}, 'user_count_stage': 2}}",979000,1198000,2,2025-06-17 05:16:35.088415
39753,39753,BR,AGE_18_24,798549,GENDER_MALE,,,,,,"{'advertiser_id': '7381489555305775105', 'objective_type': 'REACH', 'optimization_goal': 'REACH', 'placements': ['PLACEMENT_TIKTOK', 'PLACEMENT_PANGLE', 'PLACEMENT_GLOBAL_APP_BUNDLE'], 'location_ids': ['798549'], 'gender': 'GENDER_MALE', 'age_groups': ['AGE_18_24']}",,"{'code': 0, 'message': 'OK', 'request_id': '2025061702282243D33E83BD0731041C7A', 'data': {'user_count': {'lower_end': 710000, 'upper_end': 869000}, 'user_count_stage': 2}}",710000,869000,2,2025-06-17 05:16:35.088415
39754,39754,BR,AGE_35_44,798549,GENDER_MALE,,,,,,"{'advertiser_id': '7381489555305775105', 'objective_type': 'REACH', 'optimization_goal': 'REACH', 'placements': ['PLACEMENT_TIKTOK', 'PLACEMENT_PANGLE', 'PLACEMENT_GLOBAL_APP_BUNDLE'], 'location_ids': ['798549'], 'gender': 'GENDER_MALE', 'age_groups': ['AGE_35_44']}",,"{'code': 0, 'message': 'OK', 'request_id': '20250617022823C3BD6A452E933702AF15', 'data': {'user_count': {'lower_end': 774000, 'upper_end': 947000}, 'user_count_stage': 2}}",774000,947000,2,2025-06-17 05:16:35.088415
39755,39755,BR,AGE_45_54,798549,GENDER_MALE,,,,,,"{'advertiser_id': '7381489555305775105', 'objective_type': 'REACH', 'optimization_goal': 'REACH', 'placements': ['PLACEMENT_TIKTOK', 'PLACEMENT_PANGLE', 'PLACEMENT_GLOBAL_APP_BUNDLE'], 'location_ids': ['798549'], 'gender': 'GENDER_MALE', 'age_groups': ['AGE_45_54']}",,"{'code': 0, 'message': 'OK', 'request_id': '2025061702282396184D42D3D4F302D8E2', 'data': {'user_count': {'lower_end': 643000, 'upper_end': 787000}, 'user_count_stage': 2}}",643000,787000,2,2025-06-17 05:16:35.088415
39756,39756,BR,AGE_55_100,798549,GENDER_MALE,,,,,,"{'advertiser_id': '7381489555305775105', 'objective_type': 'REACH', 'optimization_goal': 'REACH', 'placements': ['PLACEMENT_TIKTOK', 'PLACEMENT_PANGLE', 'PLACEMENT_GLOBAL_APP_BUNDLE'], 'location_ids': ['798549'], 'gender': 'GENDER_MALE', 'age_groups': ['AGE_55_100']}",,"{'code': 0, 'message': 'OK', 'request_id': '20250617022823DCEEE5067A1EBA02EA92', 'data': {'user_count': {'lower_end': 611000, 'upper_end': 748000}, 'user_count_stage': 2}}",611000,748000,2,2025-06-17 05:16:35.088415
39760,39760,BR,AGE_13_17,3865483,GENDER_FEMALE,,,,,,"{'advertiser_id': '7381489555305775105', 'objective_type': 'REACH', 'optimization_goal': 'REACH', 'placements': ['PLACEMENT_TIKTOK', 'PLACEMENT_PANGLE', 'PLACEMENT_GLOBAL_APP_BUNDLE'], 'location_ids': ['3865483'], 'gender': 'GENDER_FEMALE', 'age_groups': ['AGE_13_17']}",,"{'code': 0, 'message': 'OK', 'request_id': '202506170228246F3B53C2C6417E031E62', 'data': {'user_count': {'lower_end': 0, 'upper_end': 1000}, 'user_count_stage': 1}}",0,1000,1,2025-06-17 05:16:35.088415
39764,39764,BR,AGE_18_24,3865483,GENDER_FEMALE,,,,,,"{'advertiser_id': '7381489555305775105', 'objective_type': 'REACH', 'optimization_goal': 'REACH', 'placements': ['PLACEMENT_TIKTOK', 'PLACEMENT_PANGLE', 'PLACEMENT_GLOBAL_APP_BUNDLE'], 'location_ids': ['3865483'], 'gender': 'GENDER_FEMALE', 'age_groups': ['AGE_18_24']}",,"{'code': 0, 'message': 'OK', 'request_id': '20250617022824429CE33A8E7B6202C5CD', 'data': {'user_count': {'lower_end': 3542000, 'upper_end': 4330000}, 'user_count_stage': 2}}",3542000,4330000,2,2025-06-17 05:16:35.088415
39765,39765,BR,AGE_25_34,3865483,GENDER_FEMALE,,,,,,"{'advertiser_id': '7381489555305775105', 'objective_type': 'REACH', 'optimization_goal': 'REACH', 'placements': ['PLACEMENT_TIKTOK', 'PLACEMENT_PANGLE', 'PLACEMENT_GLOBAL_APP_BUNDLE'], 'location_ids': ['3865483'], 'gender': 'GENDER_FEMALE', 'age_groups': ['AGE_25_34']}",,"{'code': 0, 'message': 'OK', 'request_id': '20250617022824267AF7EFC1A26B02D704', 'data': {'user_count': {'lower_end': 4303000, 'upper_end': 5260000}, 'user_count_stage': 2}}",4303000,5260000,2,2025-06-17 05:16:35.088415
39766,39766,BR,AGE_35_44,3865483,GENDER_FEMALE,,,,,,"{'advertiser_id': '7381489555305775105', 'objective_type': 'REACH', 'optimization_goal': 'REACH', 'placements': ['PLACEMENT_TIKTOK', 'PLACEMENT_PANGLE', 'PLACEMENT_GLOBAL_APP_BUNDLE'], 'location_ids': ['3865483'], 'gender': 'GENDER_FEMALE', 'age_groups': ['AGE_35_44']}",,"{'code': 0, 'message': 'OK', 'request_id': '202506170228240681C0D392399802CAB4', 'data': {'user_count': {'lower_end': 1636000, 'upper_end': 2001000}, 'user_count_stage': 2}}",1636000,2001000,2,2025-06-17 05:16:35.088415
39767,39767,BR,AGE_55_100,3865483,GENDER_FEMALE,,,,,,"{'advertiser_id': '7381489555305775105', 'objective_type': 'REACH', 'optimization_goal': 'REACH', 'placements': ['PLACEMENT_TIKTOK', 'PLACEMENT_PANGLE', 'PLACEMENT_GLOBAL_APP_BUNDLE'], 'location_ids': ['3865483'], 'gender': 'GENDER_FEMALE', 'age_groups': ['AGE_55_100']}",,"{'code': 0, 'message': 'OK', 'request_id': '20250617022824A4B0A690FF01ED02E246', 'data': {'user_count': {'lower_end': 955000, 'upper_end': 1168000}, 'user_count_stage': 2}}",955000,1168000,2,2025-06-17 05:16:35.088415
39768,39768,BR,AGE_13_17,3865483,GENDER_MALE,,,,,,"{'advertiser_id': '7381489555305775105', 'objective_type': 'REACH', 'optimization_goal': 'REACH', 'placements': ['PLACEMENT_TIKTOK', 'PLACEMENT_PANGLE', 'PLACEMENT_GLOBAL_APP_BUNDLE'], 'location_ids': ['3865483'], 'gender': 'GENDER_MALE', 'age_groups': ['AGE_13_17']}",,"{'code': 0, 'message': 'OK', 'request_id': '20250617022825D1BC471EB50C9B02F742', 'data': {'user_count': {'lower_end': 0, 'upper_end': 1000}, 'user_count_stage': 1}}",0,1000,1,2025-06-17 05:16:35.088415
39769,39769,BR,AGE_45_54,3865483,GENDER_FEMALE,,,,,,"{'advertiser_id': '7381489555305775105', 'objective_type': 'REACH', 'optimization_goal': 'REACH', 'placements': ['PLACEMENT_TIKTOK', 'PLACEMENT_PANGLE', 'PLACEMENT_GLOBAL_APP_BUNDLE'], 'location_ids': ['3865483'], 'gender': 'GENDER_FEMALE', 'age_groups': ['AGE_45_54']}",,"{'code': 0, 'message': 'OK', 'request_id': '20250617022824EB3761EED2AC9802B78B', 'data': {'user_count': {'lower_end': 1044000, 'upper_end': 1277000}, 'user_count_stage': 2}}",1044000,1277000,2,2025-06-17 05:16:35.088415
39770,39770,BR,AGE_18_24,3865483,GENDER_MALE,,,,,,"{'advertiser_id': '7381489555305775105', 'objective_type': 'REACH', 'optimization_goal': 'REACH', 'placements': ['PLACEMENT_TIKTOK', 'PLACEMENT_PANGLE', 'PLACEMENT_GLOBAL_APP_BUNDLE'], 'location_ids': ['3865483'], 'gender': 'GENDER_MALE', 'age_groups': ['AGE_18_24']}",,"{'code': 0, 'message': 'OK', 'request_id': '20250617022825B25654C73625760376D4', 'data': {'user_count': {'lower_end': 3167000, 'upper_end': 3872000}, 'user_count_stage': 2}}",3167000,3872000,2,2025-06-17 05:16:35.088415
39771,39771,BR,AGE_25_34,3865483,GENDER_MALE,,,,,,"{'advertiser_id': '7381489555305775105', 'objective_type': 'REACH', 'optimization_goal': 'REACH', 'placements': ['PLACEMENT_TIKTOK', 'PLACEMENT_PANGLE', 'PLACEMENT_GLOBAL_APP_BUNDLE'], 'location_ids': ['3865483'], 'gender': 'GENDER_MALE', 'age_groups': ['AGE_25_34']}",,"{'code': 0, 'message': 'OK', 'request_id': '20250617022825976F1E38789C4202DE9E', 'data': {'user_count': {'lower_end': 5914000, 'upper_end': 7229000}, 'user_count_stage': 3}}",5914000,7229000,3,2025-06-17 05:16:35.088415
39772,39772,BR,AGE_35_44,3865483,GENDER_MALE,,,,,,"{'advertiser_id': '7381489555305775105', 'objective_type': 'REACH', 'optimization_goal': 'REACH', 'placements': ['PLACEMENT_TIKTOK', 'PLACEMENT_PANGLE', 'PLACEMENT_GLOBAL_APP_BUNDLE'], 'location_ids': ['3865483'], 'gender': 'GENDER_MALE', 'age_groups': ['AGE_35_44']}",,"{'code': 0, 'message': 'OK', 'request_id': '202506170228253FABBDACFBA10E02DFDC', 'data': {'user_count': {'lower_end': 1976000, 'upper_end': 2417000}, 'user_count_stage': 2}}",1976000,2417000,2,2025-06-17 05:16:35.088415
39775,39775,BR,AGE_55_100,3865483,GENDER_MALE,,,,,,"{'advertiser_id': '7381489555305775105', 'objective_type': 'REACH', 'optimization_goal': 'REACH', 'placements': ['PLACEMENT_TIKTOK', 'PLACEMENT_PANGLE', 'PLACEMENT_GLOBAL_APP_BUNDLE'], 'location_ids': ['3865483'], 'gender': 'GENDER_MALE', 'age_groups': ['AGE_55_100']}",,"{'code': 0, 'message': 'OK', 'request_id': '20250617022825A1C67F64FC298602D3B9', 'data': {'user_count': {'lower_end': 929000, 'upper_end': 1136000}, 'user_count_stage': 2}}",929000,1136000,2,2025-06-17 05:16:35.088415
39776,39776,BR,AGE_45_54,3865483,GENDER_MALE,,,,,,"{'advertiser_id': '7381489555305775105', 'objective_type': 'REACH', 'optimization_goal': 'REACH', 'placements': ['PLACEMENT_TIKTOK', 'PLACEMENT_PANGLE', 'PLACEMENT_GLOBAL_APP_BUNDLE'], 'location_ids': ['3865483'], 'gender': 'GENDER_MALE', 'age_groups': ['AGE_45_54']}",,"{'code': 0, 'message': 'OK', 'request_id': '2025061702282560CE59DBAD72820296D8', 'data': {'user_count': {'lower_end': 1211000, 'upper_end': 1482000}, 'user_count_stage': 2}}",1211000,1482000,2,2025-06-17 05:16:35.088415
39781,39781,BR,AGE_18_24,2782113,GENDER_FEMALE,,,,,,"{'advertiser_id': '7381489555305775105', 'objective_type': 'REACH', 'optimization_goal': 'REACH', 'placements': ['PLACEMENT_TIKTOK', 'PLACEMENT_PANGLE', 'PLACEMENT_GLOBAL_APP_BUNDLE'], 'location_ids': ['2782113'], 'gender': 'GENDER_FEMALE', 'age_groups': ['AGE_18_24']}",,"{'code': 0, 'message': 'OK', 'request_id': '20250617022826F682FCA24C307602A417', 'data': {'user_count': {'lower_end': 359000, 'upper_end': 440000}, 'user_count_stage': 2}}",359000,440000,2,2025-06-17 05:16:35.088415
39782,39782,BR,AGE_13_17,2782113,GENDER_FEMALE,,,,,,"{'advertiser_id': '7381489555305775105', 'objective_type': 'REACH', 'optimization_goal': 'REACH', 'placements': ['PLACEMENT_TIKTOK', 'PLACEMENT_PANGLE', 'PLACEMENT_GLOBAL_APP_BUNDLE'], 'location_ids': ['2782113'], 'gender': 'GENDER_FEMALE', 'age_groups': ['AGE_13_17']}",,"{'code': 0, 'message': 'OK', 'request_id': '2025061702282627F26CA1B61D9002C413', 'data': {'user_count': {'lower_end': 0, 'upper_end': 1000}, 'user_count_stage': 1}}",0,1000,1,2025-06-17 05:16:35.088415
39783,39783,BR,AGE_35_44,2782113,GENDER_FEMALE,,,,,,"{'advertiser_id': '7381489555305775105', 'objective_type': 'REACH', 'optimization_goal': 'REACH', 'placements': ['PLACEMENT_TIKTOK', 'PLACEMENT_PANGLE', 'PLACEMENT_GLOBAL_APP_BUNDLE'], 'location_ids': ['2782113'], 'gender': 'GENDER_FEMALE', 'age_groups': ['AGE_35_44']}",,"{'code': 0, 'message': 'OK', 'request_id': '20250617022826E68CEFDBFBD37A038DEA', 'data': {'user_count': {'lower_end': 194000, 'upper_end': 238000}, 'user_count_stage': 2}}",194000,238000,2,2025-06-17 05:16:35.088415
39784,39784,BR,AGE_45_54,2782113,GENDER_FEMALE,,,,,,"{'advertiser_id': '7381489555305775105', 'objective_type': 'REACH', 'optimization_goal': 'REACH', 'placements': ['PLACEMENT_TIKTOK', 'PLACEMENT_PANGLE', 'PLACEMENT_GLOBAL_APP_BUNDLE'], 'location_ids': ['2782113'], 'gender': 'GENDER_FEMALE', 'age_groups': ['AGE_45_54']}",,"{'code': 0, 'message': 'OK', 'request_id': '20250617022826E566053FB12858029BC3', 'data': {'user_count': {'lower_end': 133000, 'upper_end': 164000}, 'user_count_stage': 2}}",133000,164000,2,2025-06-17 05:16:35.088415
39785,39785,BR,AGE_55_100,2782113,GENDER_FEMALE,,,,,,"{'advertiser_id': '7381489555305775105', 'objective_type': 'REACH', 'optimization_goal': 'REACH', 'placements': ['PLACEMENT_TIKTOK', 'PLACEMENT_PANGLE', 'PLACEMENT_GLOBAL_APP_BUNDLE'], 'location_ids': ['2782113'], 'gender': 'GENDER_FEMALE', 'age_groups': ['AGE_55_100']}",,"{'code': 0, 'message': 'OK', 'request_id': '2025061702282764533EDF8F317F02F604', 'data': {'user_count': {'lower_end': 105000, 'upper_end': 129000}, 'user_count_stage': 2}}",105000,129000,2,2025-06-17 05:16:35.088415
39786,39786,BR,AGE_13_17,2782113,GENDER_MALE,,,,,,"{'advertiser_id': '7381489555305775105', 'objective_type': 'REACH', 'optimization_goal': 'REACH', 'placements': ['PLACEMENT_TIKTOK', 'PLACEMENT_PANGLE', 'PLACEMENT_GLOBAL_APP_BUNDLE'], 'location_ids': ['2782113'], 'gender': 'GENDER_MALE', 'age_groups': ['AGE_13_17']}",,"{'code': 0, 'message': 'OK', 'request_id': '2025061702282731B3A32267492A02CA69', 'data': {'user_count': {'lower_end': 0, 'upper_end': 1000}, 'user_count_stage': 1}}",0,1000,1,2025-06-17 05:16:35.088415
39787,39787,BR,AGE_25_34,2782113,GENDER_MALE,,,,,,"{'advertiser_id': '7381489555305775105', 'objective_type': 'REACH', 'optimization_goal': 'REACH', 'placements': ['PLACEMENT_TIKTOK', 'PLACEMENT_PANGLE', 'PLACEMENT_GLOBAL_APP_BUNDLE'], 'location_ids': ['2782113'], 'gender': 'GENDER_MALE', 'age_groups': ['AGE_25_34']}",,"{'code': 0, 'message': 'OK', 'request_id': '202506170228271A1367451A121202DA3A', 'data': {'user_count': {'lower_end': 350000, 'upper_end': 429000}, 'user_count_stage': 2}}",350000,429000,2,2025-06-17 05:16:35.088415
39788,39788,BR,AGE_18_24,2782113,GENDER_MALE,,,,,,"{'advertiser_id': '7381489555305775105', 'objective_type': 'REACH', 'optimization_goal': 'REACH', 'placements': ['PLACEMENT_TIKTOK', 'PLACEMENT_PANGLE', 'PLACEMENT_GLOBAL_APP_BUNDLE'], 'location_ids': ['2782113'], 'gender': 'GENDER_MALE', 'age_groups': ['AGE_18_24']}",,"{'code': 0, 'message': 'OK', 'request_id': '20250617022827BB63CDF92AF4D4037E9A', 'data': {'user_count': {'lower_end': 289000, 'upper_end': 354000}, 'user_count_stage': 2}}",289000,354000,2,2025-06-17 05:16:35.088415
39789,39789,BR,AGE_45_54,2782113,GENDER_MALE,,,,,,"{'advertiser_id': '7381489555305775105', 'objective_type': 'REACH', 'optimization_goal': 'REACH', 'placements': ['PLACEMENT_TIKTOK', 'PLACEMENT_PANGLE', 'PLACEMENT_GLOBAL_APP_BUNDLE'], 'location_ids': ['2782113'], 'gender': 'GENDER_MALE', 'age_groups': ['AGE_45_54']}",,"{'code': 0, 'message': 'OK', 'request_id': '202506170228280B8A57B878FB41035ED7', 'data': {'user_count': {'lower_end': 120000, 'upper_end': 148000}, 'user_count_stage': 2}}",120000,148000,2,2025-06-17 05:16:35.088415
39791,39791,BR,AGE_35_44,2782113,GENDER_MALE,,,,,,"{'advertiser_id': '7381489555305775105', 'objective_type': 'REACH', 'optimization_goal': 'REACH', 'placements': ['PLACEMENT_TIKTOK', 'PLACEMENT_PANGLE', 'PLACEMENT_GLOBAL_APP_BUNDLE'], 'location_ids': ['2782113'], 'gender': 'GENDER_MALE', 'age_groups': ['AGE_35_44']}",,"{'code': 0, 'message': 'OK', 'request_id': '2025061702282864533EDF8F317F02F624', 'data': {'user_count': {'lower_end': 179000, 'upper_end': 220000}, 'user_count_stage': 2}}",179000,220000,2,2025-06-17 05:16:35.088415
39795,39795,BR,AGE_55_100,2782113,GENDER_MALE,,,,,,"{'advertiser_id': '7381489555305775105', 'objective_type': 'REACH', 'optimization_goal': 'REACH', 'placements': ['PLACEMENT_TIKTOK', 'PLACEMENT_PANGLE', 'PLACEMENT_GLOBAL_APP_BUNDLE'], 'location_ids': ['2782113'], 'gender': 'GENDER_MALE', 'age_groups': ['AGE_55_100']}",,"{'code': 0, 'message': 'OK', 'request_id': '202506170228289A205A927C28ED02CC50', 'data': {'user_count': {'lower_end': 95000, 'upper_end': 117000}, 'user_count_stage': 2}}",95000,117000,2,2025-06-17 05:16:35.088415
39797,39797,BR,AGE_18_24,3703430,GENDER_FEMALE,,,,,,"{'advertiser_id': '7381489555305775105', 'objective_type': 'REACH', 'optimization_goal': 'REACH', 'placements': ['PLACEMENT_TIKTOK', 'PLACEMENT_PANGLE', 'PLACEMENT_GLOBAL_APP_BUNDLE'], 'location_ids': ['3703430'], 'gender': 'GENDER_FEMALE', 'age_groups': ['AGE_18_24']}",,"{'code': 0, 'message': 'OK', 'request_id': '202506170228300AEDE80C3DACB802B996', 'data': {'user_count': {'lower_end': 350000, 'upper_end': 429000}, 'user_count_stage': 2}}",350000,429000,2,2025-06-17 05:16:35.088415
39798,39798,BR,AGE_13_17,3703430,GENDER_FEMALE,,,,,,"{'advertiser_id': '7381489555305775105', 'objective_type': 'REACH', 'optimization_goal': 'REACH', 'placements': ['PLACEMENT_TIKTOK', 'PLACEMENT_PANGLE', 'PLACEMENT_GLOBAL_APP_BUNDLE'], 'location_ids': ['3703430'], 'gender': 'GENDER_FEMALE', 'age_groups': ['AGE_13_17']}",,"{'code': 0, 'message': 'OK', 'request_id': '202506170228300AEDE80C3DACB802B993', 'data': {'user_count': {'lower_end': 0, 'upper_end': 1000}, 'user_count_stage': 1}}",0,1000,1,2025-06-17 05:16:35.088415
39800,39800,BR,AGE_25_34,3703430,GENDER_FEMALE,,,,,,"{'advertiser_id': '7381489555305775105', 'objective_type': 'REACH', 'optimization_goal': 'REACH', 'placements': ['PLACEMENT_TIKTOK', 'PLACEMENT_PANGLE', 'PLACEMENT_GLOBAL_APP_BUNDLE'], 'location_ids': ['3703430'], 'gender': 'GENDER_FEMALE', 'age_groups': ['AGE_25_34']}",,"{'code': 0, 'message': 'OK', 'request_id': '202506170228309657289218984D02C5E7', 'data': {'user_count': {'lower_end': 467000, 'upper_end': 572000}, 'user_count_stage': 2}}",467000,572000,2,2025-06-17 05:16:35.088415
39801,39801,BR,AGE_45_54,3703430,GENDER_FEMALE,,,,,,"{'advertiser_id': '7381489555305775105', 'objective_type': 'REACH', 'optimization_goal': 'REACH', 'placements': ['PLACEMENT_TIKTOK', 'PLACEMENT_PANGLE', 'PLACEMENT_GLOBAL_APP_BUNDLE'], 'location_ids': ['3703430'], 'gender': 'GENDER_FEMALE', 'age_groups': ['AGE_45_54']}",,"{'code': 0, 'message': 'OK', 'request_id': '202506170228303FABBDACFBA10E02E07A', 'data': {'user_count': {'lower_end': 121000, 'upper_end': 149000}, 'user_count_stage': 2}}",121000,149000,2,2025-06-17 05:16:35.088415
39802,39802,BR,AGE_35_44,3703430,GENDER_FEMALE,,,,,,"{'advertiser_id': '7381489555305775105', 'objective_type': 'REACH', 'optimization_goal': 'REACH', 'placements': ['PLACEMENT_TIKTOK', 'PLACEMENT_PANGLE', 'PLACEMENT_GLOBAL_APP_BUNDLE'], 'location_ids': ['3703430'], 'gender': 'GENDER_FEMALE', 'age_groups': ['AGE_35_44']}",,"{'code': 0, 'message': 'OK', 'request_id': '2025061702283027F26CA1B61D9002C476', 'data': {'user_count': {'lower_end': 190000, 'upper_end': 234000}, 'user_count_stage': 2}}",190000,234000,2,2025-06-17 05:16:35.088415
39803,39803,BR,AGE_25_34,2782113,GENDER_FEMALE,,,,,,"{'advertiser_id': '7381489555305775105', 'objective_type': 'REACH', 'optimization_goal': 'REACH', 'placements': ['PLACEMENT_TIKTOK', 'PLACEMENT_PANGLE', 'PLACEMENT_GLOBAL_APP_BUNDLE'], 'location_ids': ['2782113'], 'gender': 'GENDER_FEMALE', 'age_groups': ['AGE_25_34']}",,"{'code': 0, 'message': 'OK', 'request_id': '20250617022826326DDE3551CC0902D8DA', 'data': {'user_count': {'lower_end': 394000, 'upper_end': 482000}, 'user_count_stage': 2}}",394000,482000,2,2025-06-17 05:16:35.088415
39804,39804,BR,AGE_55_100,3703430,GENDER_FEMALE,,,,,,"{'advertiser_id': '7381489555305775105', 'objective_type': 'REACH', 'optimization_goal': 'REACH', 'placements': ['PLACEMENT_TIKTOK', 'PLACEMENT_PANGLE', 'PLACEMENT_GLOBAL_APP_BUNDLE'], 'location_ids': ['3703430'], 'gender': 'GENDER_FEMALE', 'age_groups': ['AGE_55_100']}",,"{'code': 0, 'message': 'OK', 'request_id': '20250617022830CDF3D027E6A9F202EAC9', 'data': {'user_count': {'lower_end': 128000, 'upper_end': 157000}, 'user_count_stage': 2}}",128000,157000,2,2025-06-17 05:16:35.088415
39805,39805,BR,AGE_13_17,3703430,GENDER_MALE,,,,,,"{'advertiser_id': '7381489555305775105', 'objective_type': 'REACH', 'optimization_goal': 'REACH', 'placements': ['PLACEMENT_TIKTOK', 'PLACEMENT_PANGLE', 'PLACEMENT_GLOBAL_APP_BUNDLE'], 'location_ids': ['3703430'], 'gender': 'GENDER_MALE', 'age_groups': ['AGE_13_17']}",,"{'code': 0, 'message': 'OK', 'request_id': '20250617022831C5995597CC620302FBEC', 'data': {'user_count': {'lower_end': 0, 'upper_end': 1000}, 'user_count_stage': 1}}",0,1000,1,2025-06-17 05:16:35.088415
39806,39806,BR,AGE_25_34,3703430,GENDER_MALE,,,,,,"{'advertiser_id': '7381489555305775105', 'objective_type': 'REACH', 'optimization_goal': 'REACH', 'placements': ['PLACEMENT_TIKTOK', 'PLACEMENT_PANGLE', 'PLACEMENT_GLOBAL_APP_BUNDLE'], 'location_ids': ['3703430'], 'gender': 'GENDER_MALE', 'age_groups': ['AGE_25_34']}",,"{'code': 0, 'message': 'OK', 'request_id': '20250617022831B15462BD6620D702A736', 'data': {'user_count': {'lower_end': 646000, 'upper_end': 791000}, 'user_count_stage': 3}}",646000,791000,3,2025-06-17 05:16:35.088415
39807,39807,BR,AGE_18_24,3703430,GENDER_MALE,,,,,,"{'advertiser_id': '7381489555305775105', 'objective_type': 'REACH', 'optimization_goal': 'REACH', 'placements': ['PLACEMENT_TIKTOK', 'PLACEMENT_PANGLE', 'PLACEMENT_GLOBAL_APP_BUNDLE'], 'location_ids': ['3703430'], 'gender': 'GENDER_MALE', 'age_groups': ['AGE_18_24']}",,"{'code': 0, 'message': 'OK', 'request_id': '20250617022831267AF7EFC1A26B02D7C2', 'data': {'user_count': {'lower_end': 347000, 'upper_end': 425000}, 'user_count_stage': 2}}",347000,425000,2,2025-06-17 05:16:35.088415
39808,39808,BR,AGE_35_44,3703430,GENDER_MALE,,,,,,"{'advertiser_id': '7381489555305775105', 'objective_type': 'REACH', 'optimization_goal': 'REACH', 'placements': ['PLACEMENT_TIKTOK', 'PLACEMENT_PANGLE', 'PLACEMENT_GLOBAL_APP_BUNDLE'], 'location_ids': ['3703430'], 'gender': 'GENDER_MALE', 'age_groups': ['AGE_35_44']}",,"{'code': 0, 'message': 'OK', 'request_id': '20250617022831D9E344852EA38102DB44', 'data': {'user_count': {'lower_end': 242000, 'upper_end': 297000}, 'user_count_stage': 2}}",242000,297000,2,2025-06-17 05:16:35.088415
39809,39809,BR,AGE_45_54,3703430,GENDER_MALE,,,,,,"{'advertiser_id': '7381489555305775105', 'objective_type': 'REACH', 'optimization_goal': 'REACH', 'placements': ['PLACEMENT_TIKTOK', 'PLACEMENT_PANGLE', 'PLACEMENT_GLOBAL_APP_BUNDLE'], 'location_ids': ['3703430'], 'gender': 'GENDER_MALE', 'age_groups': ['AGE_45_54']}",,"{'code': 0, 'message': 'OK', 'request_id': '20250617022831AEE50C0463D60D02D240', 'data': {'user_count': {'lower_end': 136000, 'upper_end': 168000}, 'user_count_stage': 2}}",136000,168000,2,2025-06-17 05:16:35.088415
39810,39810,BR,AGE_55_100,3703430,GENDER_MALE,,,,,,"{'advertiser_id': '7381489555305775105', 'objective_type': 'REACH', 'optimization_goal': 'REACH', 'placements': ['PLACEMENT_TIKTOK', 'PLACEMENT_PANGLE', 'PLACEMENT_GLOBAL_APP_BUNDLE'], 'location_ids': ['3703430'], 'gender': 'GENDER_MALE', 'age_groups': ['AGE_55_100']}",,"{'code': 0, 'message': 'OK', 'request_id': '20250617022831889B8D4981819602B9BE', 'data': {'user_count': {'lower_end': 116000, 'upper_end': 143000}, 'user_count_stage': 2}}",116000,143000,2,2025-06-17 05:16:35.088415
39816,39816,BR,AGE_13_17,3595528,GENDER_FEMALE,,,,,,"{'advertiser_id': '7381489555305775105', 'objective_type': 'REACH', 'optimization_goal': 'REACH', 'placements': ['PLACEMENT_TIKTOK', 'PLACEMENT_PANGLE', 'PLACEMENT_GLOBAL_APP_BUNDLE'], 'location_ids': ['3595528'], 'gender': 'GENDER_FEMALE', 'age_groups': ['AGE_13_17']}",,"{'code': 0, 'message': 'OK', 'request_id': '20250617022832C248F16F25BFB202E3BC', 'data': {'user_count': {'lower_end': 0, 'upper_end': 1000}, 'user_count_stage': 1}}",0,1000,1,2025-06-17 05:16:35.088415
39817,39817,BR,AGE_18_24,3595528,GENDER_FEMALE,,,,,,"{'advertiser_id': '7381489555305775105', 'objective_type': 'REACH', 'optimization_goal': 'REACH', 'placements': ['PLACEMENT_TIKTOK', 'PLACEMENT_PANGLE', 'PLACEMENT_GLOBAL_APP_BUNDLE'], 'location_ids': ['3595528'], 'gender': 'GENDER_FEMALE', 'age_groups': ['AGE_18_24']}",,"{'code': 0, 'message': 'OK', 'request_id': '20250617022832D95E79459604D402CC1A', 'data': {'user_count': {'lower_end': 1599000, 'upper_end': 1955000}, 'user_count_stage': 2}}",1599000,1955000,2,2025-06-17 05:16:35.088415
39818,39818,BR,AGE_45_54,3595528,GENDER_FEMALE,,,,,,"{'advertiser_id': '7381489555305775105', 'objective_type': 'REACH', 'optimization_goal': 'REACH', 'placements': ['PLACEMENT_TIKTOK', 'PLACEMENT_PANGLE', 'PLACEMENT_GLOBAL_APP_BUNDLE'], 'location_ids': ['3595528'], 'gender': 'GENDER_FEMALE', 'age_groups': ['AGE_45_54']}",,"{'code': 0, 'message': 'OK', 'request_id': '2025061702283274A994AC3670EE02C5AF', 'data': {'user_count': {'lower_end': 284000, 'upper_end': 349000}, 'user_count_stage': 2}}",284000,349000,2,2025-06-17 05:16:35.088415
39819,39819,BR,AGE_35_44,3595528,GENDER_FEMALE,,,,,,"{'advertiser_id': '7381489555305775105', 'objective_type': 'REACH', 'optimization_goal': 'REACH', 'placements': ['PLACEMENT_TIKTOK', 'PLACEMENT_PANGLE', 'PLACEMENT_GLOBAL_APP_BUNDLE'], 'location_ids': ['3595528'], 'gender': 'GENDER_FEMALE', 'age_groups': ['AGE_35_44']}",,"{'code': 0, 'message': 'OK', 'request_id': '20250617022832A3A21DB3E244B402CD5A', 'data': {'user_count': {'lower_end': 583000, 'upper_end': 713000}, 'user_count_stage': 2}}",583000,713000,2,2025-06-17 05:16:35.088415
39820,39820,BR,AGE_25_34,3595528,GENDER_FEMALE,,,,,,"{'advertiser_id': '7381489555305775105', 'objective_type': 'REACH', 'optimization_goal': 'REACH', 'placements': ['PLACEMENT_TIKTOK', 'PLACEMENT_PANGLE', 'PLACEMENT_GLOBAL_APP_BUNDLE'], 'location_ids': ['3595528'], 'gender': 'GENDER_FEMALE', 'age_groups': ['AGE_25_34']}",,"{'code': 0, 'message': 'OK', 'request_id': '20250617022832421B8C3BD9353C038E71', 'data': {'user_count': {'lower_end': 1844000, 'upper_end': 2255000}, 'user_count_stage': 2}}",1844000,2255000,2,2025-06-17 05:16:35.088415
39822,39822,BR,AGE_55_100,3595528,GENDER_FEMALE,,,,,,"{'advertiser_id': '7381489555305775105', 'objective_type': 'REACH', 'optimization_goal': 'REACH', 'placements': ['PLACEMENT_TIKTOK', 'PLACEMENT_PANGLE', 'PLACEMENT_GLOBAL_APP_BUNDLE'], 'location_ids': ['3595528'], 'gender': 'GENDER_FEMALE', 'age_groups': ['AGE_55_100']}",,"{'code': 0, 'message': 'OK', 'request_id': '20250617022832BB63CDF92AF4D4037F34', 'data': {'user_count': {'lower_end': 292000, 'upper_end': 358000}, 'user_count_stage': 2}}",292000,358000,2,2025-06-17 05:16:35.088415
39823,39823,BR,AGE_18_24,3595528,GENDER_MALE,,,,,,"{'advertiser_id': '7381489555305775105', 'objective_type': 'REACH', 'optimization_goal': 'REACH', 'placements': ['PLACEMENT_TIKTOK', 'PLACEMENT_PANGLE', 'PLACEMENT_GLOBAL_APP_BUNDLE'], 'location_ids': ['3595528'], 'gender': 'GENDER_MALE', 'age_groups': ['AGE_18_24']}",,"{'code': 0, 'message': 'OK', 'request_id': '2025061702283356E9B0F7D3C1E602D1F1', 'data': {'user_count': {'lower_end': 1691000, 'upper_end': 2068000}, 'user_count_stage': 2}}",1691000,2068000,2,2025-06-17 05:16:35.088415
39824,39824,BR,AGE_13_17,3595528,GENDER_MALE,,,,,,"{'advertiser_id': '7381489555305775105', 'objective_type': 'REACH', 'optimization_goal': 'REACH', 'placements': ['PLACEMENT_TIKTOK', 'PLACEMENT_PANGLE', 'PLACEMENT_GLOBAL_APP_BUNDLE'], 'location_ids': ['3595528'], 'gender': 'GENDER_MALE', 'age_groups': ['AGE_13_17']}",,"{'code': 0, 'message': 'OK', 'request_id': '20250617022833BE4F16582C7C0802C004', 'data': {'user_count': {'lower_end': 0, 'upper_end': 1000}, 'user_count_stage': 1}}",0,1000,1,2025-06-17 05:16:35.088415
39825,39825,BR,AGE_25_34,3595528,GENDER_MALE,,,,,,"{'advertiser_id': '7381489555305775105', 'objective_type': 'REACH', 'optimization_goal': 'REACH', 'placements': ['PLACEMENT_TIKTOK', 'PLACEMENT_PANGLE', 'PLACEMENT_GLOBAL_APP_BUNDLE'], 'location_ids': ['3595528'], 'gender': 'GENDER_MALE', 'age_groups': ['AGE_25_34']}",,"{'code': 0, 'message': 'OK', 'request_id': '2025061702283394FB6A02837D42029FE6', 'data': {'user_count': {'lower_end': 2406000, 'upper_end': 2942000}, 'user_count_stage': 3}}",2406000,2942000,3,2025-06-17 05:16:35.088415
39826,39826,BR,AGE_35_44,3595528,GENDER_MALE,,,,,,"{'advertiser_id': '7381489555305775105', 'objective_type': 'REACH', 'optimization_goal': 'REACH', 'placements': ['PLACEMENT_TIKTOK', 'PLACEMENT_PANGLE', 'PLACEMENT_GLOBAL_APP_BUNDLE'], 'location_ids': ['3595528'], 'gender': 'GENDER_MALE', 'age_groups': ['AGE_35_44']}",,"{'code': 0, 'message': 'OK', 'request_id': '202506170228334163E11676818602C7C6', 'data': {'user_count': {'lower_end': 743000, 'upper_end': 909000}, 'user_count_stage': 2}}",743000,909000,2,2025-06-17 05:16:35.088415
39827,39827,BR,AGE_45_54,3595528,GENDER_MALE,,,,,,"{'advertiser_id': '7381489555305775105', 'objective_type': 'REACH', 'optimization_goal': 'REACH', 'placements': ['PLACEMENT_TIKTOK', 'PLACEMENT_PANGLE', 'PLACEMENT_GLOBAL_APP_BUNDLE'], 'location_ids': ['3595528'], 'gender': 'GENDER_MALE', 'age_groups': ['AGE_45_54']}",,"{'code': 0, 'message': 'OK', 'request_id': '202506170228330713F3A86B6C220380BB', 'data': {'user_count': {'lower_end': 339000, 'upper_end': 415000}, 'user_count_stage': 2}}",339000,415000,2,2025-06-17 05:16:35.088415
39828,39828,BR,AGE_55_100,3595528,GENDER_MALE,,,,,,"{'advertiser_id': '7381489555305775105', 'objective_type': 'REACH', 'optimization_goal': 'REACH', 'placements': ['PLACEMENT_TIKTOK', 'PLACEMENT_PANGLE', 'PLACEMENT_GLOBAL_APP_BUNDLE'], 'location_ids': ['3595528'], 'gender': 'GENDER_MALE', 'age_groups': ['AGE_55_100']}",,"{'code': 0, 'message': 'OK', 'request_id': '20250617022833C66F1CC297E0B002B0E7', 'data': {'user_count': {'lower_end': 289000, 'upper_end': 355000}, 'user_count_stage': 2}}",289000,355000,2,2025-06-17 05:16:35.088415
39835,39835,BR,AGE_13_17,1835841,GENDER_FEMALE,,,,,,"{'advertiser_id': '7381489555305775105', 'objective_type': 'REACH', 'optimization_goal': 'REACH', 'placements': ['PLACEMENT_TIKTOK', 'PLACEMENT_PANGLE', 'PLACEMENT_GLOBAL_APP_BUNDLE'], 'location_ids': ['1835841'], 'gender': 'GENDER_FEMALE', 'age_groups': ['AGE_13_17']}",,"{'code': 0, 'message': 'OK', 'request_id': '2025061702283431B3A32267492A02CB77', 'data': {'user_count': {'lower_end': 0, 'upper_end': 2000}, 'user_count_stage': 1}}",0,2000,1,2025-06-17 05:16:35.088415
39836,39836,BR,AGE_18_24,1835841,GENDER_FEMALE,,,,,,"{'advertiser_id': '7381489555305775105', 'objective_type': 'REACH', 'optimization_goal': 'REACH', 'placements': ['PLACEMENT_TIKTOK', 'PLACEMENT_PANGLE', 'PLACEMENT_GLOBAL_APP_BUNDLE'], 'location_ids': ['1835841'], 'gender': 'GENDER_FEMALE', 'age_groups': ['AGE_18_24']}",,"{'code': 0, 'message': 'OK', 'request_id': '2025061702283470149FD432E83202BB8A', 'data': {'user_count': {'lower_end': 4965000, 'upper_end': 6069000}, 'user_count_stage': 2}}",4965000,6069000,2,2025-06-17 05:16:35.088415
39837,39837,BR,AGE_35_44,1835841,GENDER_FEMALE,,,,,,"{'advertiser_id': '7381489555305775105', 'objective_type': 'REACH', 'optimization_goal': 'REACH', 'placements': ['PLACEMENT_TIKTOK', 'PLACEMENT_PANGLE', 'PLACEMENT_GLOBAL_APP_BUNDLE'], 'location_ids': ['1835841'], 'gender': 'GENDER_FEMALE', 'age_groups': ['AGE_35_44']}",,"{'code': 0, 'message': 'OK', 'request_id': '20250617022834C787EDD99D1F9602D6D5', 'data': {'user_count': {'lower_end': 4464000, 'upper_end': 5457000}, 'user_count_stage': 2}}",4464000,5457000,2,2025-06-17 05:16:35.088415
39838,39838,BR,AGE_13_17,1835841,GENDER_MALE,,,,,,"{'advertiser_id': '7381489555305775105', 'objective_type': 'REACH', 'optimization_goal': 'REACH', 'placements': ['PLACEMENT_TIKTOK', 'PLACEMENT_PANGLE', 'PLACEMENT_GLOBAL_APP_BUNDLE'], 'location_ids': ['1835841'], 'gender': 'GENDER_MALE', 'age_groups': ['AGE_13_17']}",,"{'code': 0, 'message': 'OK', 'request_id': '2025061702283474A994AC3670EE02C5E7', 'data': {'user_count': {'lower_end': 0, 'upper_end': 2000}, 'user_count_stage': 1}}",0,2000,1,2025-06-17 05:16:35.088415
39839,39839,BR,AGE_55_100,1835841,GENDER_FEMALE,,,,,,"{'advertiser_id': '7381489555305775105', 'objective_type': 'REACH', 'optimization_goal': 'REACH', 'placements': ['PLACEMENT_TIKTOK', 'PLACEMENT_PANGLE', 'PLACEMENT_GLOBAL_APP_BUNDLE'], 'location_ids': ['1835841'], 'gender': 'GENDER_FEMALE', 'age_groups': ['AGE_55_100']}",,"{'code': 0, 'message': 'OK', 'request_id': '20250617022834D464EBCBE96D2C02C82E', 'data': {'user_count': {'lower_end': 3185000, 'upper_end': 3894000}, 'user_count_stage': 2}}",3185000,3894000,2,2025-06-17 05:16:35.088415
39840,39840,BR,AGE_18_24,1835841,GENDER_MALE,,,,,,"{'advertiser_id': '7381489555305775105', 'objective_type': 'REACH', 'optimization_goal': 'REACH', 'placements': ['PLACEMENT_TIKTOK', 'PLACEMENT_PANGLE', 'PLACEMENT_GLOBAL_APP_BUNDLE'], 'location_ids': ['1835841'], 'gender': 'GENDER_MALE', 'age_groups': ['AGE_18_24']}",,"{'code': 0, 'message': 'OK', 'request_id': '202506170228343EEF0D1F158B6D02EC59', 'data': {'user_count': {'lower_end': 4976000, 'upper_end': 6083000}, 'user_count_stage': 2}}",4976000,6083000,2,2025-06-17 05:16:35.088415
39841,39841,BR,AGE_45_54,1835841,GENDER_FEMALE,,,,,,"{'advertiser_id': '7381489555305775105', 'objective_type': 'REACH', 'optimization_goal': 'REACH', 'placements': ['PLACEMENT_TIKTOK', 'PLACEMENT_PANGLE', 'PLACEMENT_GLOBAL_APP_BUNDLE'], 'location_ids': ['1835841'], 'gender': 'GENDER_FEMALE', 'age_groups': ['AGE_45_54']}",,"{'code': 0, 'message': 'OK', 'request_id': '202506170228351C8CC41D1A8DD102C4DB', 'data': {'user_count': {'lower_end': 2787000, 'upper_end': 3408000}, 'user_count_stage': 2}}",2787000,3408000,2,2025-06-17 05:16:35.088415
39842,39842,BR,AGE_25_34,1835841,GENDER_MALE,,,,,,"{'advertiser_id': '7381489555305775105', 'objective_type': 'REACH', 'optimization_goal': 'REACH', 'placements': ['PLACEMENT_TIKTOK', 'PLACEMENT_PANGLE', 'PLACEMENT_GLOBAL_APP_BUNDLE'], 'location_ids': ['1835841'], 'gender': 'GENDER_MALE', 'age_groups': ['AGE_25_34']}",,"{'code': 0, 'message': 'OK', 'request_id': '20250617022835A9FC0EA2A6613C02CCDD', 'data': {'user_count': {'lower_end': 14175000, 'upper_end': 17326000}, 'user_count_stage': 3}}",14175000,17326000,3,2025-06-17 05:16:35.088415
39843,39843,BR,AGE_35_44,1835841,GENDER_MALE,,,,,,"{'advertiser_id': '7381489555305775105', 'objective_type': 'REACH', 'optimization_goal': 'REACH', 'placements': ['PLACEMENT_TIKTOK', 'PLACEMENT_PANGLE', 'PLACEMENT_GLOBAL_APP_BUNDLE'], 'location_ids': ['1835841'], 'gender': 'GENDER_MALE', 'age_groups': ['AGE_35_44']}",,"{'code': 0, 'message': 'OK', 'request_id': '202506170228357110CEE66681610377A5', 'data': {'user_count': {'lower_end': 14370000, 'upper_end': 17565000}, 'user_count_stage': 3}}",14370000,17565000,3,2025-06-17 05:16:35.088415
39844,39844,BR,AGE_55_100,1835841,GENDER_MALE,,,,,,"{'advertiser_id': '7381489555305775105', 'objective_type': 'REACH', 'optimization_goal': 'REACH', 'placements': ['PLACEMENT_TIKTOK', 'PLACEMENT_PANGLE', 'PLACEMENT_GLOBAL_APP_BUNDLE'], 'location_ids': ['1835841'], 'gender': 'GENDER_MALE', 'age_groups': ['AGE_55_100']}",,"{'code': 0, 'message': 'OK', 'request_id': '20250617022835C24B84AF30CB0E02B4AF', 'data': {'user_count': {'lower_end': 2991000, 'upper_end': 3656000}, 'user_count_stage': 2}}",2991000,3656000,2,2025-06-17 05:16:35.088415
39845,39845,BR,AGE_45_54,1835841,GENDER_MALE,,,,,,"{'advertiser_id': '7381489555305775105', 'objective_type': 'REACH', 'optimization_goal': 'REACH', 'placements': ['PLACEMENT_TIKTOK', 'PLACEMENT_PANGLE', 'PLACEMENT_GLOBAL_APP_BUNDLE'], 'location_ids': ['1835841'], 'gender': 'GENDER_MALE', 'age_groups': ['AGE_45_54']}",,"{'code': 0, 'message': 'OK', 'request_id': '20250617022835B401AFC9951A8A0372DA', 'data': {'user_count': {'lower_end': 2794000, 'upper_end': 3416000}, 'user_count_stage': 2}}",2794000,3416000,2,2025-06-17 05:16:35.088415
39852,39852,BR,AGE_18_24,3077311,GENDER_FEMALE,,,,,,"{'advertiser_id': '7381489555305775105', 'objective_type': 'REACH', 'optimization_goal': 'REACH', 'placements': ['PLACEMENT_TIKTOK', 'PLACEMENT_PANGLE', 'PLACEMENT_GLOBAL_APP_BUNDLE'], 'location_ids': ['3077311'], 'gender': 'GENDER_FEMALE', 'age_groups': ['AGE_18_24']}",,"{'code': 0, 'message': 'OK', 'request_id': '20250617022836EA1701F49EAE9502C583', 'data': {'user_count': {'lower_end': 428000, 'upper_end': 525000}, 'user_count_stage': 3}}",428000,525000,3,2025-06-17 05:16:35.088415
39853,39853,BR,AGE_25_34,3077311,GENDER_FEMALE,,,,,,"{'advertiser_id': '7381489555305775105', 'objective_type': 'REACH', 'optimization_goal': 'REACH', 'placements': ['PLACEMENT_TIKTOK', 'PLACEMENT_PANGLE', 'PLACEMENT_GLOBAL_APP_BUNDLE'], 'location_ids': ['3077311'], 'gender': 'GENDER_FEMALE', 'age_groups': ['AGE_25_34']}",,"{'code': 0, 'message': 'OK', 'request_id': '20250617022836216A45600209C502AFF0', 'data': {'user_count': {'lower_end': 367000, 'upper_end': 450000}, 'user_count_stage': 2}}",367000,450000,2,2025-06-17 05:16:35.088415
39854,39854,BR,AGE_35_44,3077311,GENDER_FEMALE,,,,,,"{'advertiser_id': '7381489555305775105', 'objective_type': 'REACH', 'optimization_goal': 'REACH', 'placements': ['PLACEMENT_TIKTOK', 'PLACEMENT_PANGLE', 'PLACEMENT_GLOBAL_APP_BUNDLE'], 'location_ids': ['3077311'], 'gender': 'GENDER_FEMALE', 'age_groups': ['AGE_35_44']}",,"{'code': 0, 'message': 'OK', 'request_id': '202506170228369EA3F19C69EA7D030A47', 'data': {'user_count': {'lower_end': 142000, 'upper_end': 175000}, 'user_count_stage': 2}}",142000,175000,2,2025-06-17 05:16:35.088415
39855,39855,BR,AGE_45_54,3077311,GENDER_FEMALE,,,,,,"{'advertiser_id': '7381489555305775105', 'objective_type': 'REACH', 'optimization_goal': 'REACH', 'placements': ['PLACEMENT_TIKTOK', 'PLACEMENT_PANGLE', 'PLACEMENT_GLOBAL_APP_BUNDLE'], 'location_ids': ['3077311'], 'gender': 'GENDER_FEMALE', 'age_groups': ['AGE_45_54']}",,"{'code': 0, 'message': 'OK', 'request_id': '20250617022836B401AFC9951A8A03730D', 'data': {'user_count': {'lower_end': 103000, 'upper_end': 127000}, 'user_count_stage': 2}}",103000,127000,2,2025-06-17 05:16:35.088415
39856,39856,BR,AGE_55_100,3077311,GENDER_FEMALE,,,,,,"{'advertiser_id': '7381489555305775105', 'objective_type': 'REACH', 'optimization_goal': 'REACH', 'placements': ['PLACEMENT_TIKTOK', 'PLACEMENT_PANGLE', 'PLACEMENT_GLOBAL_APP_BUNDLE'], 'location_ids': ['3077311'], 'gender': 'GENDER_FEMALE', 'age_groups': ['AGE_55_100']}",,"{'code': 0, 'message': 'OK', 'request_id': '20250617022837B15462BD6620D702A81F', 'data': {'user_count': {'lower_end': 79000, 'upper_end': 97000}, 'user_count_stage': 2}}",79000,97000,2,2025-06-17 05:16:35.088415
39857,39857,BR,AGE_13_17,3077311,GENDER_FEMALE,,,,,,"{'advertiser_id': '7381489555305775105', 'objective_type': 'REACH', 'optimization_goal': 'REACH', 'placements': ['PLACEMENT_TIKTOK', 'PLACEMENT_PANGLE', 'PLACEMENT_GLOBAL_APP_BUNDLE'], 'location_ids': ['3077311'], 'gender': 'GENDER_FEMALE', 'age_groups': ['AGE_13_17']}",,"{'code': 0, 'message': 'OK', 'request_id': '20250617022836BBA0A3A58A5D3B02FC34', 'data': {'user_count': {'lower_end': 0, 'upper_end': 1000}, 'user_count_stage': 1}}",0,1000,1,2025-06-17 05:16:35.088415
39858,39858,BR,AGE_18_24,3077311,GENDER_MALE,,,,,,"{'advertiser_id': '7381489555305775105', 'objective_type': 'REACH', 'optimization_goal': 'REACH', 'placements': ['PLACEMENT_TIKTOK', 'PLACEMENT_PANGLE', 'PLACEMENT_GLOBAL_APP_BUNDLE'], 'location_ids': ['3077311'], 'gender': 'GENDER_MALE', 'age_groups': ['AGE_18_24']}",,"{'code': 0, 'message': 'OK', 'request_id': '20250617022837A59C79DD329BDD02D2BF', 'data': {'user_count': {'lower_end': 286000, 'upper_end': 351000}, 'user_count_stage': 2}}",286000,351000,2,2025-06-17 05:16:35.088415
39859,39859,BR,AGE_25_34,3077311,GENDER_MALE,,,,,,"{'advertiser_id': '7381489555305775105', 'objective_type': 'REACH', 'optimization_goal': 'REACH', 'placements': ['PLACEMENT_TIKTOK', 'PLACEMENT_PANGLE', 'PLACEMENT_GLOBAL_APP_BUNDLE'], 'location_ids': ['3077311'], 'gender': 'GENDER_MALE', 'age_groups': ['AGE_25_34']}",,"{'code': 0, 'message': 'OK', 'request_id': '20250617022837D464EBCBE96D2C02C891', 'data': {'user_count': {'lower_end': 282000, 'upper_end': 346000}, 'user_count_stage': 2}}",282000,346000,2,2025-06-17 05:16:35.088415
39860,39860,BR,AGE_35_44,3077311,GENDER_MALE,,,,,,"{'advertiser_id': '7381489555305775105', 'objective_type': 'REACH', 'optimization_goal': 'REACH', 'placements': ['PLACEMENT_TIKTOK', 'PLACEMENT_PANGLE', 'PLACEMENT_GLOBAL_APP_BUNDLE'], 'location_ids': ['3077311'], 'gender': 'GENDER_MALE', 'age_groups': ['AGE_35_44']}",,"{'code': 0, 'message': 'OK', 'request_id': '202506170228370AEDE80C3DACB802BAE1', 'data': {'user_count': {'lower_end': 116000, 'upper_end': 143000}, 'user_count_stage': 2}}",116000,143000,2,2025-06-17 05:16:35.088415
39861,39861,BR,AGE_55_100,3077311,GENDER_MALE,,,,,,"{'advertiser_id': '7381489555305775105', 'objective_type': 'REACH', 'optimization_goal': 'REACH', 'placements': ['PLACEMENT_TIKTOK', 'PLACEMENT_PANGLE', 'PLACEMENT_GLOBAL_APP_BUNDLE'], 'location_ids': ['3077311'], 'gender': 'GENDER_MALE', 'age_groups': ['AGE_55_100']}",,"{'code': 0, 'message': 'OK', 'request_id': '20250617022838EBA2896662281802D819', 'data': {'user_count': {'lower_end': 63000, 'upper_end': 79000}, 'user_count_stage': 2}}",63000,79000,2,2025-06-17 05:16:35.088415
39862,39862,BR,AGE_45_54,3077311,GENDER_MALE,,,,,,"{'advertiser_id': '7381489555305775105', 'objective_type': 'REACH', 'optimization_goal': 'REACH', 'placements': ['PLACEMENT_TIKTOK', 'PLACEMENT_PANGLE', 'PLACEMENT_GLOBAL_APP_BUNDLE'], 'location_ids': ['3077311'], 'gender': 'GENDER_MALE', 'age_groups': ['AGE_45_54']}",,"{'code': 0, 'message': 'OK', 'request_id': '2025061702283794ADB850D3226102E343', 'data': {'user_count': {'lower_end': 84000, 'upper_end': 104000}, 'user_count_stage': 2}}",84000,104000,2,2025-06-17 05:16:35.088415
39863,39863,BR,AGE_13_17,3077311,GENDER_MALE,,,,,,"{'advertiser_id': '7381489555305775105', 'objective_type': 'REACH', 'optimization_goal': 'REACH', 'placements': ['PLACEMENT_TIKTOK', 'PLACEMENT_PANGLE', 'PLACEMENT_GLOBAL_APP_BUNDLE'], 'location_ids': ['3077311'], 'gender': 'GENDER_MALE', 'age_groups': ['AGE_13_17']}",,"{'code': 0, 'message': 'OK', 'request_id': '202506170228371BB3D1D31994CF02B2C9', 'data': {'user_count': {'lower_end': 0, 'upper_end': 1000}, 'user_count_stage': 1}}",0,1000,1,2025-06-17 05:16:35.088415
39868,39868,BR,AGE_18_24,285570,GENDER_FEMALE,,,,,,"{'advertiser_id': '7381489555305775105', 'objective_type': 'REACH', 'optimization_goal': 'REACH', 'placements': ['PLACEMENT_TIKTOK', 'PLACEMENT_PANGLE', 'PLACEMENT_GLOBAL_APP_BUNDLE'], 'location_ids': ['285570'], 'gender': 'GENDER_FEMALE', 'age_groups': ['AGE_18_24']}",,"{'code': 0, 'message': 'OK', 'request_id': '20250617022839EA1701F49EAE9502C605', 'data': {'user_count': {'lower_end': 456000, 'upper_end': 558000}, 'user_count_stage': 2}}",456000,558000,2,2025-06-17 05:16:35.088415
39869,39869,BR,AGE_25_34,285570,GENDER_FEMALE,,,,,,"{'advertiser_id': '7381489555305775105', 'objective_type': 'REACH', 'optimization_goal': 'REACH', 'placements': ['PLACEMENT_TIKTOK', 'PLACEMENT_PANGLE', 'PLACEMENT_GLOBAL_APP_BUNDLE'], 'location_ids': ['285570'], 'gender': 'GENDER_FEMALE', 'age_groups': ['AGE_25_34']}",,"{'code': 0, 'message': 'OK', 'request_id': '2025061702284029B8856A8704200302AB', 'data': {'user_count': {'lower_end': 969000, 'upper_end': 1185000}, 'user_count_stage': 2}}",969000,1185000,2,2025-06-17 05:16:35.088415
39870,39870,BR,AGE_13_17,285570,GENDER_FEMALE,,,,,,"{'advertiser_id': '7381489555305775105', 'objective_type': 'REACH', 'optimization_goal': 'REACH', 'placements': ['PLACEMENT_TIKTOK', 'PLACEMENT_PANGLE', 'PLACEMENT_GLOBAL_APP_BUNDLE'], 'location_ids': ['285570'], 'gender': 'GENDER_FEMALE', 'age_groups': ['AGE_13_17']}",,"{'code': 0, 'message': 'OK', 'request_id': '20250617022839A3A21DB3E244B402CE2B', 'data': {'user_count': {'lower_end': 0, 'upper_end': 3000}, 'user_count_stage': 1}}",0,3000,1,2025-06-17 05:16:35.088415
39871,39871,BR,AGE_35_44,285570,GENDER_FEMALE,,,,,,"{'advertiser_id': '7381489555305775105', 'objective_type': 'REACH', 'optimization_goal': 'REACH', 'placements': ['PLACEMENT_TIKTOK', 'PLACEMENT_PANGLE', 'PLACEMENT_GLOBAL_APP_BUNDLE'], 'location_ids': ['285570'], 'gender': 'GENDER_FEMALE', 'age_groups': ['AGE_35_44']}",,"{'code': 0, 'message': 'OK', 'request_id': '202506170228409A205A927C28ED02CD69', 'data': {'user_count': {'lower_end': 509000, 'upper_end': 624000}, 'user_count_stage': 2}}",509000,624000,2,2025-06-17 05:16:35.088415
39873,39873,BR,AGE_45_54,285570,GENDER_FEMALE,,,,,,"{'advertiser_id': '7381489555305775105', 'objective_type': 'REACH', 'optimization_goal': 'REACH', 'placements': ['PLACEMENT_TIKTOK', 'PLACEMENT_PANGLE', 'PLACEMENT_GLOBAL_APP_BUNDLE'], 'location_ids': ['285570'], 'gender': 'GENDER_FEMALE', 'age_groups': ['AGE_45_54']}",,"{'code': 0, 'message': 'OK', 'request_id': '20250617022840E68CEFDBFBD37A038F8E', 'data': {'user_count': {'lower_end': 190000, 'upper_end': 233000}, 'user_count_stage': 2}}",190000,233000,2,2025-06-17 05:16:35.088415
39874,39874,BR,AGE_13_17,285570,GENDER_MALE,,,,,,"{'advertiser_id': '7381489555305775105', 'objective_type': 'REACH', 'optimization_goal': 'REACH', 'placements': ['PLACEMENT_TIKTOK', 'PLACEMENT_PANGLE', 'PLACEMENT_GLOBAL_APP_BUNDLE'], 'location_ids': ['285570'], 'gender': 'GENDER_MALE', 'age_groups': ['AGE_13_17']}",,"{'code': 0, 'message': 'OK', 'request_id': '202506170228403E2DCF4E88000902CC3D', 'data': {'user_count': {'lower_end': 0, 'upper_end': 3000}, 'user_count_stage': 1}}",0,3000,1,2025-06-17 05:16:35.088415
39875,39875,BR,AGE_55_100,285570,GENDER_FEMALE,,,,,,"{'advertiser_id': '7381489555305775105', 'objective_type': 'REACH', 'optimization_goal': 'REACH', 'placements': ['PLACEMENT_TIKTOK', 'PLACEMENT_PANGLE', 'PLACEMENT_GLOBAL_APP_BUNDLE'], 'location_ids': ['285570'], 'gender': 'GENDER_FEMALE', 'age_groups': ['AGE_55_100']}",,"{'code': 0, 'message': 'OK', 'request_id': '20250617022840C5AA6FB3086A4702AFF3', 'data': {'user_count': {'lower_end': 141000, 'upper_end': 175000}, 'user_count_stage': 2}}",141000,175000,2,2025-06-17 05:16:35.088415
39877,39877,BR,AGE_18_24,285570,GENDER_MALE,,,,,,"{'advertiser_id': '7381489555305775105', 'objective_type': 'REACH', 'optimization_goal': 'REACH', 'placements': ['PLACEMENT_TIKTOK', 'PLACEMENT_PANGLE', 'PLACEMENT_GLOBAL_APP_BUNDLE'], 'location_ids': ['285570'], 'gender': 'GENDER_MALE', 'age_groups': ['AGE_18_24']}",,"{'code': 0, 'message': 'OK', 'request_id': '2025061702284153E25B92D8453102E63E', 'data': {'user_count': {'lower_end': 1162000, 'upper_end': 1421000}, 'user_count_stage': 2}}",1162000,1421000,2,2025-06-17 05:16:35.088415
39878,39878,BR,AGE_25_34,285570,GENDER_MALE,,,,,,"{'advertiser_id': '7381489555305775105', 'objective_type': 'REACH', 'optimization_goal': 'REACH', 'placements': ['PLACEMENT_TIKTOK', 'PLACEMENT_PANGLE', 'PLACEMENT_GLOBAL_APP_BUNDLE'], 'location_ids': ['285570'], 'gender': 'GENDER_MALE', 'age_groups': ['AGE_25_34']}",,"{'code': 0, 'message': 'OK', 'request_id': '20250617022841347E24B6C98B0A02E92F', 'data': {'user_count': {'lower_end': 2246000, 'upper_end': 2746000}, 'user_count_stage': 3}}",2246000,2746000,3,2025-06-17 05:16:35.088415
39879,39879,BR,AGE_45_54,285570,GENDER_MALE,,,,,,"{'advertiser_id': '7381489555305775105', 'objective_type': 'REACH', 'optimization_goal': 'REACH', 'placements': ['PLACEMENT_TIKTOK', 'PLACEMENT_PANGLE', 'PLACEMENT_GLOBAL_APP_BUNDLE'], 'location_ids': ['285570'], 'gender': 'GENDER_MALE', 'age_groups': ['AGE_45_54']}",,"{'code': 0, 'message': 'OK', 'request_id': '202506170228419A205A927C28ED02CD81', 'data': {'user_count': {'lower_end': 256000, 'upper_end': 314000}, 'user_count_stage': 2}}",256000,314000,2,2025-06-17 05:16:35.088415
39880,39880,BR,AGE_35_44,285570,GENDER_MALE,,,,,,"{'advertiser_id': '7381489555305775105', 'objective_type': 'REACH', 'optimization_goal': 'REACH', 'placements': ['PLACEMENT_TIKTOK', 'PLACEMENT_PANGLE', 'PLACEMENT_GLOBAL_APP_BUNDLE'], 'location_ids': ['285570'], 'gender': 'GENDER_MALE', 'age_groups': ['AGE_35_44']}",,"{'code': 0, 'message': 'OK', 'request_id': '20250617022841E68CEFDBFBD37A038FAA', 'data': {'user_count': {'lower_end': 969000, 'upper_end': 1186000}, 'user_count_stage': 2}}",969000,1186000,2,2025-06-17 05:16:35.088415
39884,39884,BR,AGE_55_100,285570,GENDER_MALE,,,,,,"{'advertiser_id': '7381489555305775105', 'objective_type': 'REACH', 'optimization_goal': 'REACH', 'placements': ['PLACEMENT_TIKTOK', 'PLACEMENT_PANGLE', 'PLACEMENT_GLOBAL_APP_BUNDLE'], 'location_ids': ['285570'], 'gender': 'GENDER_MALE', 'age_groups': ['AGE_55_100']}",,"{'code': 0, 'message': 'OK', 'request_id': '20250617022841CDF3D027E6A9F202EC7B', 'data': {'user_count': {'lower_end': 192000, 'upper_end': 235000}, 'user_count_stage': 2}}",192000,235000,2,2025-06-17 05:16:35.088415
39888,39888,BR,AGE_13_17,2802361,GENDER_FEMALE,,,,,,"{'advertiser_id': '7381489555305775105', 'objective_type': 'REACH', 'optimization_goal': 'REACH', 'placements': ['PLACEMENT_TIKTOK', 'PLACEMENT_PANGLE', 'PLACEMENT_GLOBAL_APP_BUNDLE'], 'location_ids': ['2802361'], 'gender': 'GENDER_FEMALE', 'age_groups': ['AGE_13_17']}",,"{'code': 0, 'message': 'OK', 'request_id': '202506170228426F14433C66B17002B8DD', 'data': {'user_count': {'lower_end': 0, 'upper_end': 1000}, 'user_count_stage': 1}}",0,1000,1,2025-06-17 05:16:35.088415
39889,39889,BR,AGE_45_54,2802361,GENDER_FEMALE,,,,,,"{'advertiser_id': '7381489555305775105', 'objective_type': 'REACH', 'optimization_goal': 'REACH', 'placements': ['PLACEMENT_TIKTOK', 'PLACEMENT_PANGLE', 'PLACEMENT_GLOBAL_APP_BUNDLE'], 'location_ids': ['2802361'], 'gender': 'GENDER_FEMALE', 'age_groups': ['AGE_45_54']}",,"{'code': 0, 'message': 'OK', 'request_id': '20250617022842D1BC471EB50C9B02F892', 'data': {'user_count': {'lower_end': 235000, 'upper_end': 289000}, 'user_count_stage': 2}}",235000,289000,2,2025-06-17 05:16:35.088415
39890,39890,BR,AGE_35_44,2802361,GENDER_FEMALE,,,,,,"{'advertiser_id': '7381489555305775105', 'objective_type': 'REACH', 'optimization_goal': 'REACH', 'placements': ['PLACEMENT_TIKTOK', 'PLACEMENT_PANGLE', 'PLACEMENT_GLOBAL_APP_BUNDLE'], 'location_ids': ['2802361'], 'gender': 'GENDER_FEMALE', 'age_groups': ['AGE_35_44']}",,"{'code': 0, 'message': 'OK', 'request_id': '20250617022842CDF3D027E6A9F202EC9A', 'data': {'user_count': {'lower_end': 341000, 'upper_end': 418000}, 'user_count_stage': 2}}",341000,418000,2,2025-06-17 05:16:35.088415
39891,39891,BR,AGE_25_34,2802361,GENDER_FEMALE,,,,,,"{'advertiser_id': '7381489555305775105', 'objective_type': 'REACH', 'optimization_goal': 'REACH', 'placements': ['PLACEMENT_TIKTOK', 'PLACEMENT_PANGLE', 'PLACEMENT_GLOBAL_APP_BUNDLE'], 'location_ids': ['2802361'], 'gender': 'GENDER_FEMALE', 'age_groups': ['AGE_25_34']}",,"{'code': 0, 'message': 'OK', 'request_id': '2025061702284210E3E8E137930002D064', 'data': {'user_count': {'lower_end': 666000, 'upper_end': 815000}, 'user_count_stage': 2}}",666000,815000,2,2025-06-17 05:16:35.088415
39892,39892,BR,AGE_55_100,2802361,GENDER_FEMALE,,,,,,"{'advertiser_id': '7381489555305775105', 'objective_type': 'REACH', 'optimization_goal': 'REACH', 'placements': ['PLACEMENT_TIKTOK', 'PLACEMENT_PANGLE', 'PLACEMENT_GLOBAL_APP_BUNDLE'], 'location_ids': ['2802361'], 'gender': 'GENDER_FEMALE', 'age_groups': ['AGE_55_100']}",,"{'code': 0, 'message': 'OK', 'request_id': '202506170228433EEF0D1F158B6D02ED7F', 'data': {'user_count': {'lower_end': 196000, 'upper_end': 241000}, 'user_count_stage': 2}}",196000,241000,2,2025-06-17 05:16:35.088415
39893,39893,BR,AGE_18_24,2802361,GENDER_MALE,,,,,,"{'advertiser_id': '7381489555305775105', 'objective_type': 'REACH', 'optimization_goal': 'REACH', 'placements': ['PLACEMENT_TIKTOK', 'PLACEMENT_PANGLE', 'PLACEMENT_GLOBAL_APP_BUNDLE'], 'location_ids': ['2802361'], 'gender': 'GENDER_MALE', 'age_groups': ['AGE_18_24']}",,"{'code': 0, 'message': 'OK', 'request_id': '202506170228439EA3F19C69EA7D030B49', 'data': {'user_count': {'lower_end': 491000, 'upper_end': 601000}, 'user_count_stage': 2}}",491000,601000,2,2025-06-17 05:16:35.088415
39894,39894,BR,AGE_13_17,2802361,GENDER_MALE,,,,,,"{'advertiser_id': '7381489555305775105', 'objective_type': 'REACH', 'optimization_goal': 'REACH', 'placements': ['PLACEMENT_TIKTOK', 'PLACEMENT_PANGLE', 'PLACEMENT_GLOBAL_APP_BUNDLE'], 'location_ids': ['2802361'], 'gender': 'GENDER_MALE', 'age_groups': ['AGE_13_17']}",,"{'code': 0, 'message': 'OK', 'request_id': '20250617022843201DD45E79CC7302BEAD', 'data': {'user_count': {'lower_end': 0, 'upper_end': 1000}, 'user_count_stage': 1}}",0,1000,1,2025-06-17 05:16:35.088415
39895,39895,BR,AGE_25_34,2802361,GENDER_MALE,,,,,,"{'advertiser_id': '7381489555305775105', 'objective_type': 'REACH', 'optimization_goal': 'REACH', 'placements': ['PLACEMENT_TIKTOK', 'PLACEMENT_PANGLE', 'PLACEMENT_GLOBAL_APP_BUNDLE'], 'location_ids': ['2802361'], 'gender': 'GENDER_MALE', 'age_groups': ['AGE_25_34']}",,"{'code': 0, 'message': 'OK', 'request_id': '202506170228434A6D09935D103702C835', 'data': {'user_count': {'lower_end': 526000, 'upper_end': 644000}, 'user_count_stage': 2}}",526000,644000,2,2025-06-17 05:16:35.088415
39896,39896,BR,AGE_35_44,2802361,GENDER_MALE,,,,,,"{'advertiser_id': '7381489555305775105', 'objective_type': 'REACH', 'optimization_goal': 'REACH', 'placements': ['PLACEMENT_TIKTOK', 'PLACEMENT_PANGLE', 'PLACEMENT_GLOBAL_APP_BUNDLE'], 'location_ids': ['2802361'], 'gender': 'GENDER_MALE', 'age_groups': ['AGE_35_44']}",,"{'code': 0, 'message': 'OK', 'request_id': '202506170228436F14433C66B17002B8FB', 'data': {'user_count': {'lower_end': 280000, 'upper_end': 343000}, 'user_count_stage': 2}}",280000,343000,2,2025-06-17 05:16:35.088415
39897,39897,BR,AGE_18_24,2802361,GENDER_FEMALE,,,,,,"{'advertiser_id': '7381489555305775105', 'objective_type': 'REACH', 'optimization_goal': 'REACH', 'placements': ['PLACEMENT_TIKTOK', 'PLACEMENT_PANGLE', 'PLACEMENT_GLOBAL_APP_BUNDLE'], 'location_ids': ['2802361'], 'gender': 'GENDER_FEMALE', 'age_groups': ['AGE_18_24']}",,"{'code': 0, 'message': 'OK', 'request_id': '20250617022842A67F599059D99603B042', 'data': {'user_count': {'lower_end': 632000, 'upper_end': 773000}, 'user_count_stage': 2}}",632000,773000,2,2025-06-17 05:16:35.088415
39898,39898,BR,AGE_55_100,2802361,GENDER_MALE,,,,,,"{'advertiser_id': '7381489555305775105', 'objective_type': 'REACH', 'optimization_goal': 'REACH', 'placements': ['PLACEMENT_TIKTOK', 'PLACEMENT_PANGLE', 'PLACEMENT_GLOBAL_APP_BUNDLE'], 'location_ids': ['2802361'], 'gender': 'GENDER_MALE', 'age_groups': ['AGE_55_100']}",,"{'code': 0, 'message': 'OK', 'request_id': '202506170228441CE6E200D97BEF02F7D3', 'data': {'user_count': {'lower_end': 154000, 'upper_end': 190000}, 'user_count_stage': 2}}",154000,190000,2,2025-06-17 05:16:35.088415
39901,39901,BR,AGE_45_54,2802361,GENDER_MALE,,,,,,"{'advertiser_id': '7381489555305775105', 'objective_type': 'REACH', 'optimization_goal': 'REACH', 'placements': ['PLACEMENT_TIKTOK', 'PLACEMENT_PANGLE', 'PLACEMENT_GLOBAL_APP_BUNDLE'], 'location_ids': ['2802361'], 'gender': 'GENDER_MALE', 'age_groups': ['AGE_45_54']}",,"{'code': 0, 'message': 'OK', 'request_id': '20250617022844A3C4471ECB0B64029903', 'data': {'user_count': {'lower_end': 195000, 'upper_end': 239000}, 'user_count_stage': 2}}",195000,239000,2,2025-06-17 05:16:35.088415
39903,39903,BR,AGE_13_17,3996063,GENDER_FEMALE,,,,,,"{'advertiser_id': '7381489555305775105', 'objective_type': 'REACH', 'optimization_goal': 'REACH', 'placements': ['PLACEMENT_TIKTOK', 'PLACEMENT_PANGLE', 'PLACEMENT_GLOBAL_APP_BUNDLE'], 'location_ids': ['3996063'], 'gender': 'GENDER_FEMALE', 'age_groups': ['AGE_13_17']}",,"{'code': 0, 'message': 'OK', 'request_id': '2025061702284543C1C10D6701B902BFDE', 'data': {'user_count': {'lower_end': 0, 'upper_end': 1000}, 'user_count_stage': 1}}",0,1000,1,2025-06-17 05:16:35.088415
39907,39907,BR,AGE_18_24,3996063,GENDER_FEMALE,,,,,,"{'advertiser_id': '7381489555305775105', 'objective_type': 'REACH', 'optimization_goal': 'REACH', 'placements': ['PLACEMENT_TIKTOK', 'PLACEMENT_PANGLE', 'PLACEMENT_GLOBAL_APP_BUNDLE'], 'location_ids': ['3996063'], 'gender': 'GENDER_FEMALE', 'age_groups': ['AGE_18_24']}",,"{'code': 0, 'message': 'OK', 'request_id': '20250617022845D464EBCBE96D2C02C9A4', 'data': {'user_count': {'lower_end': 11484000, 'upper_end': 14037000}, 'user_count_stage': 2}}",11484000,14037000,2,2025-06-17 05:16:35.088415
39908,39908,BR,AGE_25_34,3996063,GENDER_FEMALE,,,,,,"{'advertiser_id': '7381489555305775105', 'objective_type': 'REACH', 'optimization_goal': 'REACH', 'placements': ['PLACEMENT_TIKTOK', 'PLACEMENT_PANGLE', 'PLACEMENT_GLOBAL_APP_BUNDLE'], 'location_ids': ['3996063'], 'gender': 'GENDER_FEMALE', 'age_groups': ['AGE_25_34']}",,"{'code': 0, 'message': 'OK', 'request_id': '2025061702284507601A7A06D79002E90E', 'data': {'user_count': {'lower_end': 15236000, 'upper_end': 18623000}, 'user_count_stage': 2}}",15236000,18623000,2,2025-06-17 05:16:35.088415
39909,39909,BR,AGE_13_17,3996063,GENDER_MALE,,,,,,"{'advertiser_id': '7381489555305775105', 'objective_type': 'REACH', 'optimization_goal': 'REACH', 'placements': ['PLACEMENT_TIKTOK', 'PLACEMENT_PANGLE', 'PLACEMENT_GLOBAL_APP_BUNDLE'], 'location_ids': ['3996063'], 'gender': 'GENDER_MALE', 'age_groups': ['AGE_13_17']}",,"{'code': 0, 'message': 'OK', 'request_id': '20250617022846EBB27E6AB0E69A03129C', 'data': {'user_count': {'lower_end': 0, 'upper_end': 1000}, 'user_count_stage': 1}}",0,1000,1,2025-06-17 05:16:35.088415
39910,39910,BR,AGE_35_44,3996063,GENDER_FEMALE,,,,,,"{'advertiser_id': '7381489555305775105', 'objective_type': 'REACH', 'optimization_goal': 'REACH', 'placements': ['PLACEMENT_TIKTOK', 'PLACEMENT_PANGLE', 'PLACEMENT_GLOBAL_APP_BUNDLE'], 'location_ids': ['3996063'], 'gender': 'GENDER_FEMALE', 'age_groups': ['AGE_35_44']}",,"{'code': 0, 'message': 'OK', 'request_id': '202506170228467DC9CD2BA909FD02E345', 'data': {'user_count': {'lower_end': 5287000, 'upper_end': 6463000}, 'user_count_stage': 2}}",5287000,6463000,2,2025-06-17 05:16:35.088415
39911,39911,BR,AGE_45_54,3996063,GENDER_FEMALE,,,,,,"{'advertiser_id': '7381489555305775105', 'objective_type': 'REACH', 'optimization_goal': 'REACH', 'placements': ['PLACEMENT_TIKTOK', 'PLACEMENT_PANGLE', 'PLACEMENT_GLOBAL_APP_BUNDLE'], 'location_ids': ['3996063'], 'gender': 'GENDER_FEMALE', 'age_groups': ['AGE_45_54']}",,"{'code': 0, 'message': 'OK', 'request_id': '202506170228460DB4D1D876E70102C6E9', 'data': {'user_count': {'lower_end': 3058000, 'upper_end': 3739000}, 'user_count_stage': 2}}",3058000,3739000,2,2025-06-17 05:16:35.088415
39912,39912,BR,AGE_18_24,3996063,GENDER_MALE,,,,,,"{'advertiser_id': '7381489555305775105', 'objective_type': 'REACH', 'optimization_goal': 'REACH', 'placements': ['PLACEMENT_TIKTOK', 'PLACEMENT_PANGLE', 'PLACEMENT_GLOBAL_APP_BUNDLE'], 'location_ids': ['3996063'], 'gender': 'GENDER_MALE', 'age_groups': ['AGE_18_24']}",,"{'code': 0, 'message': 'OK', 'request_id': '20250617022846A9FC0EA2A6613C02CDF2', 'data': {'user_count': {'lower_end': 11264000, 'upper_end': 13768000}, 'user_count_stage': 2}}",11264000,13768000,2,2025-06-17 05:16:35.088415
39913,39913,BR,AGE_25_34,3996063,GENDER_MALE,,,,,,"{'advertiser_id': '7381489555305775105', 'objective_type': 'REACH', 'optimization_goal': 'REACH', 'placements': ['PLACEMENT_TIKTOK', 'PLACEMENT_PANGLE', 'PLACEMENT_GLOBAL_APP_BUNDLE'], 'location_ids': ['3996063'], 'gender': 'GENDER_MALE', 'age_groups': ['AGE_25_34']}",,"{'code': 0, 'message': 'OK', 'request_id': '202506170228461FCBA43378F0AB02FC10', 'data': {'user_count': {'lower_end': 22998000, 'upper_end': 28110000}, 'user_count_stage': 3}}",22998000,28110000,3,2025-06-17 05:16:35.088415
39914,39914,BR,AGE_45_54,3996063,GENDER_MALE,,,,,,"{'advertiser_id': '7381489555305775105', 'objective_type': 'REACH', 'optimization_goal': 'REACH', 'placements': ['PLACEMENT_TIKTOK', 'PLACEMENT_PANGLE', 'PLACEMENT_GLOBAL_APP_BUNDLE'], 'location_ids': ['3996063'], 'gender': 'GENDER_MALE', 'age_groups': ['AGE_45_54']}",,"{'code': 0, 'message': 'OK', 'request_id': '2025061702284688F9A8ADBCD69302CCD6', 'data': {'user_count': {'lower_end': 3487000, 'upper_end': 4263000}, 'user_count_stage': 2}}",3487000,4263000,2,2025-06-17 05:16:35.088415
39915,39915,BR,AGE_55_100,3996063,GENDER_MALE,,,,,,"{'advertiser_id': '7381489555305775105', 'objective_type': 'REACH', 'optimization_goal': 'REACH', 'placements': ['PLACEMENT_TIKTOK', 'PLACEMENT_PANGLE', 'PLACEMENT_GLOBAL_APP_BUNDLE'], 'location_ids': ['3996063'], 'gender': 'GENDER_MALE', 'age_groups': ['AGE_55_100']}",,"{'code': 0, 'message': 'OK', 'request_id': '202506170228478282D6C843BE4702DE0F', 'data': {'user_count': {'lower_end': 2617000, 'upper_end': 3200000}, 'user_count_stage': 2}}",2617000,3200000,2,2025-06-17 05:16:35.088415
39916,39916,BR,AGE_35_44,3996063,GENDER_MALE,,,,,,"{'advertiser_id': '7381489555305775105', 'objective_type': 'REACH', 'optimization_goal': 'REACH', 'placements': ['PLACEMENT_TIKTOK', 'PLACEMENT_PANGLE', 'PLACEMENT_GLOBAL_APP_BUNDLE'], 'location_ids': ['3996063'], 'gender': 'GENDER_MALE', 'age_groups': ['AGE_35_44']}",,"{'code': 0, 'message': 'OK', 'request_id': '202506170228466CDD03A971573802ACA7', 'data': {'user_count': {'lower_end': 6389000, 'upper_end': 7810000}, 'user_count_stage': 2}}",6389000,7810000,2,2025-06-17 05:16:35.088415
39919,39919,BR,AGE_55_100,3996063,GENDER_FEMALE,,,,,,"{'advertiser_id': '7381489555305775105', 'objective_type': 'REACH', 'optimization_goal': 'REACH', 'placements': ['PLACEMENT_TIKTOK', 'PLACEMENT_PANGLE', 'PLACEMENT_GLOBAL_APP_BUNDLE'], 'location_ids': ['3996063'], 'gender': 'GENDER_FEMALE', 'age_groups': ['AGE_55_100']}",,"{'code': 0, 'message': 'OK', 'request_id': '2025061702284694ADB850D3226102E432', 'data': {'user_count': {'lower_end': 2637000, 'upper_end': 3223000}, 'user_count_stage': 2}}",2637000,3223000,2,2025-06-17 05:16:35.088415
39921,39921,BR,AGE_13_17,3624060,GENDER_FEMALE,,,,,,"{'advertiser_id': '7381489555305775105', 'objective_type': 'REACH', 'optimization_goal': 'REACH', 'placements': ['PLACEMENT_TIKTOK', 'PLACEMENT_PANGLE', 'PLACEMENT_GLOBAL_APP_BUNDLE'], 'location_ids': ['3624060'], 'gender': 'GENDER_FEMALE', 'age_groups': ['AGE_13_17']}",,"{'code': 0, 'message': 'OK', 'request_id': '202506170228480DC28C0CA16B6602AC28', 'data': {'user_count': {'lower_end': 0, 'upper_end': 1000}, 'user_count_stage': 1}}",0,1000,1,2025-06-17 05:16:35.088415
39923,39923,BR,AGE_18_24,3624060,GENDER_FEMALE,,,,,,"{'advertiser_id': '7381489555305775105', 'objective_type': 'REACH', 'optimization_goal': 'REACH', 'placements': ['PLACEMENT_TIKTOK', 'PLACEMENT_PANGLE', 'PLACEMENT_GLOBAL_APP_BUNDLE'], 'location_ids': ['3624060'], 'gender': 'GENDER_FEMALE', 'age_groups': ['AGE_18_24']}",,"{'code': 0, 'message': 'OK', 'request_id': '20250617022848055D00B363EDFB02E175', 'data': {'user_count': {'lower_end': 416000, 'upper_end': 510000}, 'user_count_stage': 2}}",416000,510000,2,2025-06-17 05:16:35.088415
39925,39925,BR,AGE_35_44,3624060,GENDER_FEMALE,,,,,,"{'advertiser_id': '7381489555305775105', 'objective_type': 'REACH', 'optimization_goal': 'REACH', 'placements': ['PLACEMENT_TIKTOK', 'PLACEMENT_PANGLE', 'PLACEMENT_GLOBAL_APP_BUNDLE'], 'location_ids': ['3624060'], 'gender': 'GENDER_FEMALE', 'age_groups': ['AGE_35_44']}",,"{'code': 0, 'message': 'OK', 'request_id': '202506170228486C85945F4D9200029505', 'data': {'user_count': {'lower_end': 264000, 'upper_end': 324000}, 'user_count_stage': 2}}",264000,324000,2,2025-06-17 05:16:35.088415
39927,39927,BR,AGE_25_34,3624060,GENDER_FEMALE,,,,,,"{'advertiser_id': '7381489555305775105', 'objective_type': 'REACH', 'optimization_goal': 'REACH', 'placements': ['PLACEMENT_TIKTOK', 'PLACEMENT_PANGLE', 'PLACEMENT_GLOBAL_APP_BUNDLE'], 'location_ids': ['3624060'], 'gender': 'GENDER_FEMALE', 'age_groups': ['AGE_25_34']}",,"{'code': 0, 'message': 'OK', 'request_id': '20250617022848E337E7E053D00A03A490', 'data': {'user_count': {'lower_end': 625000, 'upper_end': 766000}, 'user_count_stage': 2}}",625000,766000,2,2025-06-17 05:16:35.088415
39928,39928,BR,AGE_45_54,3624060,GENDER_FEMALE,,,,,,"{'advertiser_id': '7381489555305775105', 'objective_type': 'REACH', 'optimization_goal': 'REACH', 'placements': ['PLACEMENT_TIKTOK', 'PLACEMENT_PANGLE', 'PLACEMENT_GLOBAL_APP_BUNDLE'], 'location_ids': ['3624060'], 'gender': 'GENDER_FEMALE', 'age_groups': ['AGE_45_54']}",,"{'code': 0, 'message': 'OK', 'request_id': '2025061702284874B16E3495961002C383', 'data': {'user_count': {'lower_end': 152000, 'upper_end': 187000}, 'user_count_stage': 2}}",152000,187000,2,2025-06-17 05:16:35.088415
39929,39929,BR,AGE_55_100,3624060,GENDER_FEMALE,,,,,,"{'advertiser_id': '7381489555305775105', 'objective_type': 'REACH', 'optimization_goal': 'REACH', 'placements': ['PLACEMENT_TIKTOK', 'PLACEMENT_PANGLE', 'PLACEMENT_GLOBAL_APP_BUNDLE'], 'location_ids': ['3624060'], 'gender': 'GENDER_FEMALE', 'age_groups': ['AGE_55_100']}",,"{'code': 0, 'message': 'OK', 'request_id': '2025061702284841AE33B543EA4402E8C3', 'data': {'user_count': {'lower_end': 155000, 'upper_end': 191000}, 'user_count_stage': 2}}",155000,191000,2,2025-06-17 05:16:35.088415
39930,39930,BR,AGE_35_44,3624060,GENDER_MALE,,,,,,"{'advertiser_id': '7381489555305775105', 'objective_type': 'REACH', 'optimization_goal': 'REACH', 'placements': ['PLACEMENT_TIKTOK', 'PLACEMENT_PANGLE', 'PLACEMENT_GLOBAL_APP_BUNDLE'], 'location_ids': ['3624060'], 'gender': 'GENDER_MALE', 'age_groups': ['AGE_35_44']}",,"{'code': 0, 'message': 'OK', 'request_id': '202506170228495E053DD7CE2A8002C4E6', 'data': {'user_count': {'lower_end': 326000, 'upper_end': 400000}, 'user_count_stage': 2}}",326000,400000,2,2025-06-17 05:16:35.088415
39931,39931,BR,AGE_18_24,3624060,GENDER_MALE,,,,,,"{'advertiser_id': '7381489555305775105', 'objective_type': 'REACH', 'optimization_goal': 'REACH', 'placements': ['PLACEMENT_TIKTOK', 'PLACEMENT_PANGLE', 'PLACEMENT_GLOBAL_APP_BUNDLE'], 'location_ids': ['3624060'], 'gender': 'GENDER_MALE', 'age_groups': ['AGE_18_24']}",,"{'code': 0, 'message': 'OK', 'request_id': '20250617022849BF7D9D8D2D159E02A84E', 'data': {'user_count': {'lower_end': 394000, 'upper_end': 483000}, 'user_count_stage': 2}}",394000,483000,2,2025-06-17 05:16:35.088415
39932,39932,BR,AGE_25_34,3624060,GENDER_MALE,,,,,,"{'advertiser_id': '7381489555305775105', 'objective_type': 'REACH', 'optimization_goal': 'REACH', 'placements': ['PLACEMENT_TIKTOK', 'PLACEMENT_PANGLE', 'PLACEMENT_GLOBAL_APP_BUNDLE'], 'location_ids': ['3624060'], 'gender': 'GENDER_MALE', 'age_groups': ['AGE_25_34']}",,"{'code': 0, 'message': 'OK', 'request_id': '20250617022849C1DC88587434A402E6A4', 'data': {'user_count': {'lower_end': 848000, 'upper_end': 1038000}, 'user_count_stage': 3}}",848000,1038000,3,2025-06-17 05:16:35.088415
39933,39933,BR,AGE_13_17,3624060,GENDER_MALE,,,,,,"{'advertiser_id': '7381489555305775105', 'objective_type': 'REACH', 'optimization_goal': 'REACH', 'placements': ['PLACEMENT_TIKTOK', 'PLACEMENT_PANGLE', 'PLACEMENT_GLOBAL_APP_BUNDLE'], 'location_ids': ['3624060'], 'gender': 'GENDER_MALE', 'age_groups': ['AGE_13_17']}",,"{'code': 0, 'message': 'OK', 'request_id': '20250617022849C2263D8970398502CFB4', 'data': {'user_count': {'lower_end': 0, 'upper_end': 1000}, 'user_count_stage': 1}}",0,1000,1,2025-06-17 05:16:35.088415
39934,39934,BR,AGE_45_54,3624060,GENDER_MALE,,,,,,"{'advertiser_id': '7381489555305775105', 'objective_type': 'REACH', 'optimization_goal': 'REACH', 'placements': ['PLACEMENT_TIKTOK', 'PLACEMENT_PANGLE', 'PLACEMENT_GLOBAL_APP_BUNDLE'], 'location_ids': ['3624060'], 'gender': 'GENDER_MALE', 'age_groups': ['AGE_45_54']}",,"{'code': 0, 'message': 'OK', 'request_id': '20250617022849BD016641B7515302D019', 'data': {'user_count': {'lower_end': 171000, 'upper_end': 211000}, 'user_count_stage': 2}}",171000,211000,2,2025-06-17 05:16:35.088415
39935,39935,BR,AGE_55_100,3624060,GENDER_MALE,,,,,,"{'advertiser_id': '7381489555305775105', 'objective_type': 'REACH', 'optimization_goal': 'REACH', 'placements': ['PLACEMENT_TIKTOK', 'PLACEMENT_PANGLE', 'PLACEMENT_GLOBAL_APP_BUNDLE'], 'location_ids': ['3624060'], 'gender': 'GENDER_MALE', 'age_groups': ['AGE_55_100']}",,"{'code': 0, 'message': 'OK', 'request_id': '20250617022849EBD530F3288BEE02C0CE', 'data': {'user_count': {'lower_end': 147000, 'upper_end': 181000}, 'user_count_stage': 2}}",147000,181000,2,2025-06-17 05:16:35.088415
39938,39938,BR,AGE_13_17,1522867,GENDER_FEMALE,,,,,,"{'advertiser_id': '7381489555305775105', 'objective_type': 'REACH', 'optimization_goal': 'REACH', 'placements': ['PLACEMENT_TIKTOK', 'PLACEMENT_PANGLE', 'PLACEMENT_GLOBAL_APP_BUNDLE'], 'location_ids': ['1522867'], 'gender': 'GENDER_FEMALE', 'age_groups': ['AGE_13_17']}",,"{'code': 0, 'message': 'OK', 'request_id': '2025061702285085AE293E7C6B8B038820', 'data': {'user_count': {'lower_end': 0, 'upper_end': 1000}, 'user_count_stage': 1}}",0,1000,1,2025-06-17 05:16:35.088415
39942,39942,BR,AGE_25_34,1522867,GENDER_FEMALE,,,,,,"{'advertiser_id': '7381489555305775105', 'objective_type': 'REACH', 'optimization_goal': 'REACH', 'placements': ['PLACEMENT_TIKTOK', 'PLACEMENT_PANGLE', 'PLACEMENT_GLOBAL_APP_BUNDLE'], 'location_ids': ['1522867'], 'gender': 'GENDER_FEMALE', 'age_groups': ['AGE_25_34']}",,"{'code': 0, 'message': 'OK', 'request_id': '202506170228503B85E9CC5036E402E149', 'data': {'user_count': {'lower_end': 2235000, 'upper_end': 2732000}, 'user_count_stage': 2}}",2235000,2732000,2,2025-06-17 05:16:35.088415
39943,39943,BR,AGE_35_44,1522867,GENDER_FEMALE,,,,,,"{'advertiser_id': '7381489555305775105', 'objective_type': 'REACH', 'optimization_goal': 'REACH', 'placements': ['PLACEMENT_TIKTOK', 'PLACEMENT_PANGLE', 'PLACEMENT_GLOBAL_APP_BUNDLE'], 'location_ids': ['1522867'], 'gender': 'GENDER_FEMALE', 'age_groups': ['AGE_35_44']}",,"{'code': 0, 'message': 'OK', 'request_id': '2025061702285063952C522AC5B602E4B1', 'data': {'user_count': {'lower_end': 899000, 'upper_end': 1100000}, 'user_count_stage': 2}}",899000,1100000,2,2025-06-17 05:16:35.088415
39944,39944,BR,AGE_55_100,1522867,GENDER_FEMALE,,,,,,"{'advertiser_id': '7381489555305775105', 'objective_type': 'REACH', 'optimization_goal': 'REACH', 'placements': ['PLACEMENT_TIKTOK', 'PLACEMENT_PANGLE', 'PLACEMENT_GLOBAL_APP_BUNDLE'], 'location_ids': ['1522867'], 'gender': 'GENDER_FEMALE', 'age_groups': ['AGE_55_100']}",,"{'code': 0, 'message': 'OK', 'request_id': '20250617022850C5CC42DC53C350039E71', 'data': {'user_count': {'lower_end': 673000, 'upper_end': 823000}, 'user_count_stage': 2}}",673000,823000,2,2025-06-17 05:16:35.088415
39945,39945,BR,AGE_25_34,1522867,GENDER_MALE,,,,,,"{'advertiser_id': '7381489555305775105', 'objective_type': 'REACH', 'optimization_goal': 'REACH', 'placements': ['PLACEMENT_TIKTOK', 'PLACEMENT_PANGLE', 'PLACEMENT_GLOBAL_APP_BUNDLE'], 'location_ids': ['1522867'], 'gender': 'GENDER_MALE', 'age_groups': ['AGE_25_34']}",,"{'code': 0, 'message': 'OK', 'request_id': '202506170228519365B5CFBAEB3F02F235', 'data': {'user_count': {'lower_end': 3278000, 'upper_end': 4008000}, 'user_count_stage': 3}}",3278000,4008000,3,2025-06-17 05:16:35.088415
39946,39946,BR,AGE_18_24,1522867,GENDER_MALE,,,,,,"{'advertiser_id': '7381489555305775105', 'objective_type': 'REACH', 'optimization_goal': 'REACH', 'placements': ['PLACEMENT_TIKTOK', 'PLACEMENT_PANGLE', 'PLACEMENT_GLOBAL_APP_BUNDLE'], 'location_ids': ['1522867'], 'gender': 'GENDER_MALE', 'age_groups': ['AGE_18_24']}",,"{'code': 0, 'message': 'OK', 'request_id': '20250617022851BB0990D949EADE03645C', 'data': {'user_count': {'lower_end': 2107000, 'upper_end': 2576000}, 'user_count_stage': 2}}",2107000,2576000,2,2025-06-17 05:16:35.088415
39947,39947,BR,AGE_13_17,1522867,GENDER_MALE,,,,,,"{'advertiser_id': '7381489555305775105', 'objective_type': 'REACH', 'optimization_goal': 'REACH', 'placements': ['PLACEMENT_TIKTOK', 'PLACEMENT_PANGLE', 'PLACEMENT_GLOBAL_APP_BUNDLE'], 'location_ids': ['1522867'], 'gender': 'GENDER_MALE', 'age_groups': ['AGE_13_17']}",,"{'code': 0, 'message': 'OK', 'request_id': '20250617022851A1250A371360C902B53C', 'data': {'user_count': {'lower_end': 0, 'upper_end': 1000}, 'user_count_stage': 1}}",0,1000,1,2025-06-17 05:16:35.088415
39948,39948,BR,AGE_35_44,1522867,GENDER_MALE,,,,,,"{'advertiser_id': '7381489555305775105', 'objective_type': 'REACH', 'optimization_goal': 'REACH', 'placements': ['PLACEMENT_TIKTOK', 'PLACEMENT_PANGLE', 'PLACEMENT_GLOBAL_APP_BUNDLE'], 'location_ids': ['1522867'], 'gender': 'GENDER_MALE', 'age_groups': ['AGE_35_44']}",,"{'code': 0, 'message': 'OK', 'request_id': '20250617022851C5CC42DC53C350039E82', 'data': {'user_count': {'lower_end': 1289000, 'upper_end': 1577000}, 'user_count_stage': 2}}",1289000,1577000,2,2025-06-17 05:16:35.088415
39949,39949,BR,AGE_55_100,1522867,GENDER_MALE,,,,,,"{'advertiser_id': '7381489555305775105', 'objective_type': 'REACH', 'optimization_goal': 'REACH', 'placements': ['PLACEMENT_TIKTOK', 'PLACEMENT_PANGLE', 'PLACEMENT_GLOBAL_APP_BUNDLE'], 'location_ids': ['1522867'], 'gender': 'GENDER_MALE', 'age_groups': ['AGE_55_100']}",,"{'code': 0, 'message': 'OK', 'request_id': '20250617022851E337E7E053D00A03A513', 'data': {'user_count': {'lower_end': 595000, 'upper_end': 728000}, 'user_count_stage': 2}}",595000,728000,2,2025-06-17 05:16:35.088415
39950,39950,BR,AGE_45_54,1522867,GENDER_MALE,,,,,,"{'advertiser_id': '7381489555305775105', 'objective_type': 'REACH', 'optimization_goal': 'REACH', 'placements': ['PLACEMENT_TIKTOK', 'PLACEMENT_PANGLE', 'PLACEMENT_GLOBAL_APP_BUNDLE'], 'location_ids': ['1522867'], 'gender': 'GENDER_MALE', 'age_groups': ['AGE_45_54']}",,"{'code': 0, 'message': 'OK', 'request_id': '20250617022851A433C34F332BEE02C5AB', 'data': {'user_count': {'lower_end': 708000, 'upper_end': 866000}, 'user_count_stage': 2}}",708000,866000,2,2025-06-17 05:16:35.088415
39953,39953,BR,AGE_45_54,1522867,GENDER_FEMALE,,,,,,"{'advertiser_id': '7381489555305775105', 'objective_type': 'REACH', 'optimization_goal': 'REACH', 'placements': ['PLACEMENT_TIKTOK', 'PLACEMENT_PANGLE', 'PLACEMENT_GLOBAL_APP_BUNDLE'], 'location_ids': ['1522867'], 'gender': 'GENDER_FEMALE', 'age_groups': ['AGE_45_54']}",,"{'code': 0, 'message': 'OK', 'request_id': '2025061702285010E3E8E137930002D16B', 'data': {'user_count': {'lower_end': 576000, 'upper_end': 705000}, 'user_count_stage': 2}}",576000,705000,2,2025-06-17 05:16:35.088415
39958,39958,BR,AGE_13_17,6251999,GENDER_FEMALE,,,,,,"{'advertiser_id': '7381489555305775105', 'objective_type': 'REACH', 'optimization_goal': 'REACH', 'placements': ['PLACEMENT_TIKTOK', 'PLACEMENT_PANGLE', 'PLACEMENT_GLOBAL_APP_BUNDLE'], 'location_ids': ['6251999'], 'gender': 'GENDER_FEMALE', 'age_groups': ['AGE_13_17']}",,"{'code': 0, 'message': 'OK', 'request_id': '202506170228523BFFE45A923152038E79', 'data': {'user_count': {'lower_end': 0, 'upper_end': 1000}, 'user_count_stage': 1}}",0,1000,1,2025-06-17 05:16:35.088415
39959,39959,BR,AGE_18_24,6251999,GENDER_FEMALE,,,,,,"{'advertiser_id': '7381489555305775105', 'objective_type': 'REACH', 'optimization_goal': 'REACH', 'placements': ['PLACEMENT_TIKTOK', 'PLACEMENT_PANGLE', 'PLACEMENT_GLOBAL_APP_BUNDLE'], 'location_ids': ['6251999'], 'gender': 'GENDER_FEMALE', 'age_groups': ['AGE_18_24']}",,"{'code': 0, 'message': 'OK', 'request_id': '20250617022852BE4F16582C7C0802C1E1', 'data': {'user_count': {'lower_end': 2006000, 'upper_end': 2453000}, 'user_count_stage': 2}}",2006000,2453000,2,2025-06-17 05:16:35.088415
39960,39960,BR,AGE_35_44,6251999,GENDER_FEMALE,,,,,,"{'advertiser_id': '7381489555305775105', 'objective_type': 'REACH', 'optimization_goal': 'REACH', 'placements': ['PLACEMENT_TIKTOK', 'PLACEMENT_PANGLE', 'PLACEMENT_GLOBAL_APP_BUNDLE'], 'location_ids': ['6251999'], 'gender': 'GENDER_FEMALE', 'age_groups': ['AGE_35_44']}",,"{'code': 0, 'message': 'OK', 'request_id': '20250617022852BB63CDF92AF4D40381A4', 'data': {'user_count': {'lower_end': 979000, 'upper_end': 1197000}, 'user_count_stage': 2}}",979000,1197000,2,2025-06-17 05:16:35.088415
39961,39961,BR,AGE_55_100,6251999,GENDER_FEMALE,,,,,,"{'advertiser_id': '7381489555305775105', 'objective_type': 'REACH', 'optimization_goal': 'REACH', 'placements': ['PLACEMENT_TIKTOK', 'PLACEMENT_PANGLE', 'PLACEMENT_GLOBAL_APP_BUNDLE'], 'location_ids': ['6251999'], 'gender': 'GENDER_FEMALE', 'age_groups': ['AGE_55_100']}",,"{'code': 0, 'message': 'OK', 'request_id': '2025061702285268412E17320BE402D3B3', 'data': {'user_count': {'lower_end': 534000, 'upper_end': 654000}, 'user_count_stage': 2}}",534000,654000,2,2025-06-17 05:16:35.088415
39962,39962,BR,AGE_25_34,6251999,GENDER_FEMALE,,,,,,"{'advertiser_id': '7381489555305775105', 'objective_type': 'REACH', 'optimization_goal': 'REACH', 'placements': ['PLACEMENT_TIKTOK', 'PLACEMENT_PANGLE', 'PLACEMENT_GLOBAL_APP_BUNDLE'], 'location_ids': ['6251999'], 'gender': 'GENDER_FEMALE', 'age_groups': ['AGE_25_34']}",,"{'code': 0, 'message': 'OK', 'request_id': '2025061702285228D866B5A04EC802CB93', 'data': {'user_count': {'lower_end': 2526000, 'upper_end': 3089000}, 'user_count_stage': 2}}",2526000,3089000,2,2025-06-17 05:16:35.088415
39963,39963,BR,AGE_13_17,6251999,GENDER_MALE,,,,,,"{'advertiser_id': '7381489555305775105', 'objective_type': 'REACH', 'optimization_goal': 'REACH', 'placements': ['PLACEMENT_TIKTOK', 'PLACEMENT_PANGLE', 'PLACEMENT_GLOBAL_APP_BUNDLE'], 'location_ids': ['6251999'], 'gender': 'GENDER_MALE', 'age_groups': ['AGE_13_17']}",,"{'code': 0, 'message': 'OK', 'request_id': '20250617022853E68CEFDBFBD37A03914E', 'data': {'user_count': {'lower_end': 0, 'upper_end': 1000}, 'user_count_stage': 1}}",0,1000,1,2025-06-17 05:16:35.088415
39964,39964,BR,AGE_45_54,6251999,GENDER_FEMALE,,,,,,"{'advertiser_id': '7381489555305775105', 'objective_type': 'REACH', 'optimization_goal': 'REACH', 'placements': ['PLACEMENT_TIKTOK', 'PLACEMENT_PANGLE', 'PLACEMENT_GLOBAL_APP_BUNDLE'], 'location_ids': ['6251999'], 'gender': 'GENDER_FEMALE', 'age_groups': ['AGE_45_54']}",,"{'code': 0, 'message': 'OK', 'request_id': '20250617022852B401AFC9951A8A0374C3', 'data': {'user_count': {'lower_end': 596000, 'upper_end': 730000}, 'user_count_stage': 2}}",596000,730000,2,2025-06-17 05:16:35.088415
39965,39965,BR,AGE_18_24,6251999,GENDER_MALE,,,,,,"{'advertiser_id': '7381489555305775105', 'objective_type': 'REACH', 'optimization_goal': 'REACH', 'placements': ['PLACEMENT_TIKTOK', 'PLACEMENT_PANGLE', 'PLACEMENT_GLOBAL_APP_BUNDLE'], 'location_ids': ['6251999'], 'gender': 'GENDER_MALE', 'age_groups': ['AGE_18_24']}",,"{'code': 0, 'message': 'OK', 'request_id': '2025061702285319D1AB79BEB43A02E5E2', 'data': {'user_count': {'lower_end': 1788000, 'upper_end': 2186000}, 'user_count_stage': 2}}",1788000,2186000,2,2025-06-17 05:16:35.088415
39966,39966,BR,AGE_35_44,6251999,GENDER_MALE,,,,,,"{'advertiser_id': '7381489555305775105', 'objective_type': 'REACH', 'optimization_goal': 'REACH', 'placements': ['PLACEMENT_TIKTOK', 'PLACEMENT_PANGLE', 'PLACEMENT_GLOBAL_APP_BUNDLE'], 'location_ids': ['6251999'], 'gender': 'GENDER_MALE', 'age_groups': ['AGE_35_44']}",,"{'code': 0, 'message': 'OK', 'request_id': '202506170228535E053DD7CE2A8002C5A0', 'data': {'user_count': {'lower_end': 1151000, 'upper_end': 1408000}, 'user_count_stage': 2}}",1151000,1408000,2,2025-06-17 05:16:35.088415
39967,39967,BR,AGE_45_54,6251999,GENDER_MALE,,,,,,"{'advertiser_id': '7381489555305775105', 'objective_type': 'REACH', 'optimization_goal': 'REACH', 'placements': ['PLACEMENT_TIKTOK', 'PLACEMENT_PANGLE', 'PLACEMENT_GLOBAL_APP_BUNDLE'], 'location_ids': ['6251999'], 'gender': 'GENDER_MALE', 'age_groups': ['AGE_45_54']}",,"{'code': 0, 'message': 'OK', 'request_id': '20250617022853EBA2896662281802D9E9', 'data': {'user_count': {'lower_end': 697000, 'upper_end': 853000}, 'user_count_stage': 2}}",697000,853000,2,2025-06-17 05:16:35.088415
39968,39968,BR,AGE_55_100,6251999,GENDER_MALE,,,,,,"{'advertiser_id': '7381489555305775105', 'objective_type': 'REACH', 'optimization_goal': 'REACH', 'placements': ['PLACEMENT_TIKTOK', 'PLACEMENT_PANGLE', 'PLACEMENT_GLOBAL_APP_BUNDLE'], 'location_ids': ['6251999'], 'gender': 'GENDER_MALE', 'age_groups': ['AGE_55_100']}",,"{'code': 0, 'message': 'OK', 'request_id': '2025061702285340E15D90E8DE4A02E87B', 'data': {'user_count': {'lower_end': 574000, 'upper_end': 703000}, 'user_count_stage': 2}}",574000,703000,2,2025-06-17 05:16:35.088415
39969,39969,BR,AGE_25_34,6251999,GENDER_MALE,,,,,,"{'advertiser_id': '7381489555305775105', 'objective_type': 'REACH', 'optimization_goal': 'REACH', 'placements': ['PLACEMENT_TIKTOK', 'PLACEMENT_PANGLE', 'PLACEMENT_GLOBAL_APP_BUNDLE'], 'location_ids': ['6251999'], 'gender': 'GENDER_MALE', 'age_groups': ['AGE_25_34']}",,"{'code': 0, 'message': 'OK', 'request_id': '20250617022853A19A585FC5207D02BAD6', 'data': {'user_count': {'lower_end': 3571000, 'upper_end': 4366000}, 'user_count_stage': 3}}",3571000,4366000,3,2025-06-17 05:16:35.088415
39976,39976,BR,AGE_13_17,3017382,GENDER_FEMALE,,,,,,"{'advertiser_id': '7381489555305775105', 'objective_type': 'REACH', 'optimization_goal': 'REACH', 'placements': ['PLACEMENT_TIKTOK', 'PLACEMENT_PANGLE', 'PLACEMENT_GLOBAL_APP_BUNDLE'], 'location_ids': ['3017382'], 'gender': 'GENDER_FEMALE', 'age_groups': ['AGE_13_17']}",,"{'code': 0, 'message': 'OK', 'request_id': '2025061702285467329F501367C802EF94', 'data': {'user_count': {'lower_end': 0, 'upper_end': 1000}, 'user_count_stage': 1}}",0,1000,1,2025-06-17 05:16:35.088415
39977,39977,BR,AGE_35_44,3017382,GENDER_FEMALE,,,,,,"{'advertiser_id': '7381489555305775105', 'objective_type': 'REACH', 'optimization_goal': 'REACH', 'placements': ['PLACEMENT_TIKTOK', 'PLACEMENT_PANGLE', 'PLACEMENT_GLOBAL_APP_BUNDLE'], 'location_ids': ['3017382'], 'gender': 'GENDER_FEMALE', 'age_groups': ['AGE_35_44']}",,"{'code': 0, 'message': 'OK', 'request_id': '20250617022854EAFA81427873B502C29E', 'data': {'user_count': {'lower_end': 2145000, 'upper_end': 2623000}, 'user_count_stage': 2}}",2145000,2623000,2,2025-06-17 05:16:35.088415
39978,39978,BR,AGE_13_17,3017382,GENDER_MALE,,,,,,"{'advertiser_id': '7381489555305775105', 'objective_type': 'REACH', 'optimization_goal': 'REACH', 'placements': ['PLACEMENT_TIKTOK', 'PLACEMENT_PANGLE', 'PLACEMENT_GLOBAL_APP_BUNDLE'], 'location_ids': ['3017382'], 'gender': 'GENDER_MALE', 'age_groups': ['AGE_13_17']}",,"{'code': 0, 'message': 'OK', 'request_id': '20250617022855421B8C3BD9353C0390A8', 'data': {'user_count': {'lower_end': 0, 'upper_end': 1000}, 'user_count_stage': 1}}",0,1000,1,2025-06-17 05:16:35.088415
39979,39979,BR,AGE_55_100,3017382,GENDER_FEMALE,,,,,,"{'advertiser_id': '7381489555305775105', 'objective_type': 'REACH', 'optimization_goal': 'REACH', 'placements': ['PLACEMENT_TIKTOK', 'PLACEMENT_PANGLE', 'PLACEMENT_GLOBAL_APP_BUNDLE'], 'location_ids': ['3017382'], 'gender': 'GENDER_FEMALE', 'age_groups': ['AGE_55_100']}",,"{'code': 0, 'message': 'OK', 'request_id': '2025061702285560D7CA2A216886034F0D', 'data': {'user_count': {'lower_end': 1375000, 'upper_end': 1682000}, 'user_count_stage': 2}}",1375000,1682000,2,2025-06-17 05:16:35.088415
39980,39980,BR,AGE_18_24,3017382,GENDER_FEMALE,,,,,,"{'advertiser_id': '7381489555305775105', 'objective_type': 'REACH', 'optimization_goal': 'REACH', 'placements': ['PLACEMENT_TIKTOK', 'PLACEMENT_PANGLE', 'PLACEMENT_GLOBAL_APP_BUNDLE'], 'location_ids': ['3017382'], 'gender': 'GENDER_FEMALE', 'age_groups': ['AGE_18_24']}",,"{'code': 0, 'message': 'OK', 'request_id': '20250617022854B401AFC9951A8A0374F9', 'data': {'user_count': {'lower_end': 2712000, 'upper_end': 3316000}, 'user_count_stage': 2}}",2712000,3316000,2,2025-06-17 05:16:35.088415
39981,39981,BR,AGE_18_24,3017382,GENDER_MALE,,,,,,"{'advertiser_id': '7381489555305775105', 'objective_type': 'REACH', 'optimization_goal': 'REACH', 'placements': ['PLACEMENT_TIKTOK', 'PLACEMENT_PANGLE', 'PLACEMENT_GLOBAL_APP_BUNDLE'], 'location_ids': ['3017382'], 'gender': 'GENDER_MALE', 'age_groups': ['AGE_18_24']}",,"{'code': 0, 'message': 'OK', 'request_id': '202506170228567D644605C6C60902B884', 'data': {'user_count': {'lower_end': 2470000, 'upper_end': 3019000}, 'user_count_stage': 2}}",2470000,3019000,2,2025-06-17 05:16:35.088415
39982,39982,BR,AGE_25_34,3017382,GENDER_MALE,,,,,,"{'advertiser_id': '7381489555305775105', 'objective_type': 'REACH', 'optimization_goal': 'REACH', 'placements': ['PLACEMENT_TIKTOK', 'PLACEMENT_PANGLE', 'PLACEMENT_GLOBAL_APP_BUNDLE'], 'location_ids': ['3017382'], 'gender': 'GENDER_MALE', 'age_groups': ['AGE_25_34']}",,"{'code': 0, 'message': 'OK', 'request_id': '20250617022856A9FC0EA2A6613C02CF24', 'data': {'user_count': {'lower_end': 2964000, 'upper_end': 3624000}, 'user_count_stage': 2}}",2964000,3624000,2,2025-06-17 05:16:35.088415
39983,39983,BR,AGE_35_44,3017382,GENDER_MALE,,,,,,"{'advertiser_id': '7381489555305775105', 'objective_type': 'REACH', 'optimization_goal': 'REACH', 'placements': ['PLACEMENT_TIKTOK', 'PLACEMENT_PANGLE', 'PLACEMENT_GLOBAL_APP_BUNDLE'], 'location_ids': ['3017382'], 'gender': 'GENDER_MALE', 'age_groups': ['AGE_35_44']}",,"{'code': 0, 'message': 'OK', 'request_id': '20250617022856454749BB5BE49C02B695', 'data': {'user_count': {'lower_end': 1725000, 'upper_end': 2109000}, 'user_count_stage': 2}}",1725000,2109000,2,2025-06-17 05:16:35.088415
39984,39984,BR,AGE_45_54,3017382,GENDER_FEMALE,,,,,,"{'advertiser_id': '7381489555305775105', 'objective_type': 'REACH', 'optimization_goal': 'REACH', 'placements': ['PLACEMENT_TIKTOK', 'PLACEMENT_PANGLE', 'PLACEMENT_GLOBAL_APP_BUNDLE'], 'location_ids': ['3017382'], 'gender': 'GENDER_FEMALE', 'age_groups': ['AGE_45_54']}",,"{'code': 0, 'message': 'OK', 'request_id': '20250617022854CB9C39B19DB04A02CD1F', 'data': {'user_count': {'lower_end': 1557000, 'upper_end': 1905000}, 'user_count_stage': 2}}",1557000,1905000,2,2025-06-17 05:16:35.088415
39985,39985,BR,AGE_45_54,3017382,GENDER_MALE,,,,,,"{'advertiser_id': '7381489555305775105', 'objective_type': 'REACH', 'optimization_goal': 'REACH', 'placements': ['PLACEMENT_TIKTOK', 'PLACEMENT_PANGLE', 'PLACEMENT_GLOBAL_APP_BUNDLE'], 'location_ids': ['3017382'], 'gender': 'GENDER_MALE', 'age_groups': ['AGE_45_54']}",,"{'code': 0, 'message': 'OK', 'request_id': '2025061702285780100F3D16D6E802C6D9', 'data': {'user_count': {'lower_end': 1226000, 'upper_end': 1500000}, 'user_count_stage': 2}}",1226000,1500000,2,2025-06-17 05:16:35.088415
39986,39986,BR,AGE_55_100,3017382,GENDER_MALE,,,,,,"{'advertiser_id': '7381489555305775105', 'objective_type': 'REACH', 'optimization_goal': 'REACH', 'placements': ['PLACEMENT_TIKTOK', 'PLACEMENT_PANGLE', 'PLACEMENT_GLOBAL_APP_BUNDLE'], 'location_ids': ['3017382'], 'gender': 'GENDER_MALE', 'age_groups': ['AGE_55_100']}",,"{'code': 0, 'message': 'OK', 'request_id': '2025061702285793EF0AFFAE46D502F9C7', 'data': {'user_count': {'lower_end': 1028000, 'upper_end': 1257000}, 'user_count_stage': 2}}",1028000,1257000,2,2025-06-17 05:16:35.088415
39990,39990,BR,AGE_25_34,3017382,GENDER_FEMALE,,,,,,"{'advertiser_id': '7381489555305775105', 'objective_type': 'REACH', 'optimization_goal': 'REACH', 'placements': ['PLACEMENT_TIKTOK', 'PLACEMENT_PANGLE', 'PLACEMENT_GLOBAL_APP_BUNDLE'], 'location_ids': ['3017382'], 'gender': 'GENDER_FEMALE', 'age_groups': ['AGE_25_34']}",,"{'code': 0, 'message': 'OK', 'request_id': '2025061702285494ADB850D3226102E4EE', 'data': {'user_count': {'lower_end': 3202000, 'upper_end': 3914000}, 'user_count_stage': 2}}",3202000,3914000,2,2025-06-17 05:16:35.088415
39992,39992,BR,AGE_13_17,1227603,GENDER_FEMALE,,,,,,"{'advertiser_id': '7381489555305775105', 'objective_type': 'REACH', 'optimization_goal': 'REACH', 'placements': ['PLACEMENT_TIKTOK', 'PLACEMENT_PANGLE', 'PLACEMENT_GLOBAL_APP_BUNDLE'], 'location_ids': ['1227603'], 'gender': 'GENDER_FEMALE', 'age_groups': ['AGE_13_17']}",,"{'code': 0, 'message': 'OK', 'request_id': '202506170228584442C2478AD60C02DEFC', 'data': {'user_count': {'lower_end': 0, 'upper_end': 1000}, 'user_count_stage': 1}}",0,1000,1,2025-06-17 05:16:35.088415
39994,39994,BR,AGE_18_24,1227603,GENDER_FEMALE,,,,,,"{'advertiser_id': '7381489555305775105', 'objective_type': 'REACH', 'optimization_goal': 'REACH', 'placements': ['PLACEMENT_TIKTOK', 'PLACEMENT_PANGLE', 'PLACEMENT_GLOBAL_APP_BUNDLE'], 'location_ids': ['1227603'], 'gender': 'GENDER_FEMALE', 'age_groups': ['AGE_18_24']}",,"{'code': 0, 'message': 'OK', 'request_id': '202506170228596999DD050820EA02BF84', 'data': {'user_count': {'lower_end': 788000, 'upper_end': 964000}, 'user_count_stage': 2}}",788000,964000,2,2025-06-17 05:16:35.088415
39995,39995,BR,AGE_25_34,1227603,GENDER_FEMALE,,,,,,"{'advertiser_id': '7381489555305775105', 'objective_type': 'REACH', 'optimization_goal': 'REACH', 'placements': ['PLACEMENT_TIKTOK', 'PLACEMENT_PANGLE', 'PLACEMENT_GLOBAL_APP_BUNDLE'], 'location_ids': ['1227603'], 'gender': 'GENDER_FEMALE', 'age_groups': ['AGE_25_34']}",,"{'code': 0, 'message': 'OK', 'request_id': '2025061702285960D7CA2A216886034FC4', 'data': {'user_count': {'lower_end': 873000, 'upper_end': 1067000}, 'user_count_stage': 2}}",873000,1067000,2,2025-06-17 05:16:35.088415
39996,39996,BR,AGE_35_44,1227603,GENDER_FEMALE,,,,,,"{'advertiser_id': '7381489555305775105', 'objective_type': 'REACH', 'optimization_goal': 'REACH', 'placements': ['PLACEMENT_TIKTOK', 'PLACEMENT_PANGLE', 'PLACEMENT_GLOBAL_APP_BUNDLE'], 'location_ids': ['1227603'], 'gender': 'GENDER_FEMALE', 'age_groups': ['AGE_35_44']}",,"{'code': 0, 'message': 'OK', 'request_id': '20250617022859B24AD33757BF6002E2A5', 'data': {'user_count': {'lower_end': 223000, 'upper_end': 273000}, 'user_count_stage': 2}}",223000,273000,2,2025-06-17 05:16:35.088415
39998,39998,BR,AGE_55_100,1227603,GENDER_FEMALE,,,,,,"{'advertiser_id': '7381489555305775105', 'objective_type': 'REACH', 'optimization_goal': 'REACH', 'placements': ['PLACEMENT_TIKTOK', 'PLACEMENT_PANGLE', 'PLACEMENT_GLOBAL_APP_BUNDLE'], 'location_ids': ['1227603'], 'gender': 'GENDER_FEMALE', 'age_groups': ['AGE_55_100']}",,"{'code': 0, 'message': 'OK', 'request_id': '20250617022859A2BF7E87A76F7302BF2D', 'data': {'user_count': {'lower_end': 67000, 'upper_end': 83000}, 'user_count_stage': 2}}",67000,83000,2,2025-06-17 05:16:35.088415
39999,39999,BR,AGE_13_17,1227603,GENDER_MALE,,,,,,"{'advertiser_id': '7381489555305775105', 'objective_type': 'REACH', 'optimization_goal': 'REACH', 'placements': ['PLACEMENT_TIKTOK', 'PLACEMENT_PANGLE', 'PLACEMENT_GLOBAL_APP_BUNDLE'], 'location_ids': ['1227603'], 'gender': 'GENDER_MALE', 'age_groups': ['AGE_13_17']}",,"{'code': 0, 'message': 'OK', 'request_id': '202506170228593FABBDACFBA10E02E33F', 'data': {'user_count': {'lower_end': 0, 'upper_end': 1000}, 'user_count_stage': 1}}",0,1000,1,2025-06-17 05:16:35.088415
40000,40000,BR,AGE_18_24,1227603,GENDER_MALE,,,,,,"{'advertiser_id': '7381489555305775105', 'objective_type': 'REACH', 'optimization_goal': 'REACH', 'placements': ['PLACEMENT_TIKTOK', 'PLACEMENT_PANGLE', 'PLACEMENT_GLOBAL_APP_BUNDLE'], 'location_ids': ['1227603'], 'gender': 'GENDER_MALE', 'age_groups': ['AGE_18_24']}",,"{'code': 0, 'message': 'OK', 'request_id': '20250617022859BD016641B7515302D13E', 'data': {'user_count': {'lower_end': 1237000, 'upper_end': 1514000}, 'user_count_stage': 3}}",1237000,1514000,3,2025-06-17 05:16:35.088415
40001,40001,BR,AGE_25_34,1227603,GENDER_MALE,,,,,,"{'advertiser_id': '7381489555305775105', 'objective_type': 'REACH', 'optimization_goal': 'REACH', 'placements': ['PLACEMENT_TIKTOK', 'PLACEMENT_PANGLE', 'PLACEMENT_GLOBAL_APP_BUNDLE'], 'location_ids': ['1227603'], 'gender': 'GENDER_MALE', 'age_groups': ['AGE_25_34']}",,"{'code': 0, 'message': 'OK', 'request_id': '20250617022859E31E4F66DD6F6302F2AB', 'data': {'user_count': {'lower_end': 1711000, 'upper_end': 2093000}, 'user_count_stage': 3}}",1711000,2093000,3,2025-06-17 05:16:35.088415
40002,40002,BR,AGE_35_44,1227603,GENDER_MALE,,,,,,"{'advertiser_id': '7381489555305775105', 'objective_type': 'REACH', 'optimization_goal': 'REACH', 'placements': ['PLACEMENT_TIKTOK', 'PLACEMENT_PANGLE', 'PLACEMENT_GLOBAL_APP_BUNDLE'], 'location_ids': ['1227603'], 'gender': 'GENDER_MALE', 'age_groups': ['AGE_35_44']}",,"{'code': 0, 'message': 'OK', 'request_id': '202506170229001B70F66236294E02D32C', 'data': {'user_count': {'lower_end': 447000, 'upper_end': 548000}, 'user_count_stage': 2}}",447000,548000,2,2025-06-17 05:16:35.088415
40004,40004,BR,AGE_55_100,1227603,GENDER_MALE,,,,,,"{'advertiser_id': '7381489555305775105', 'objective_type': 'REACH', 'optimization_goal': 'REACH', 'placements': ['PLACEMENT_TIKTOK', 'PLACEMENT_PANGLE', 'PLACEMENT_GLOBAL_APP_BUNDLE'], 'location_ids': ['1227603'], 'gender': 'GENDER_MALE', 'age_groups': ['AGE_55_100']}",,"{'code': 0, 'message': 'OK', 'request_id': '20250617022900BAFAE264FEA32202D290', 'data': {'user_count': {'lower_end': 95000, 'upper_end': 117000}, 'user_count_stage': 2}}",95000,117000,2,2025-06-17 05:16:35.088415
40005,40005,BR,AGE_45_54,1227603,GENDER_MALE,,,,,,"{'advertiser_id': '7381489555305775105', 'objective_type': 'REACH', 'optimization_goal': 'REACH', 'placements': ['PLACEMENT_TIKTOK', 'PLACEMENT_PANGLE', 'PLACEMENT_GLOBAL_APP_BUNDLE'], 'location_ids': ['1227603'], 'gender': 'GENDER_MALE', 'age_groups': ['AGE_45_54']}",,"{'code': 0, 'message': 'OK', 'request_id': '202506170229003A6D15C673E9BE02D1C5', 'data': {'user_count': {'lower_end': 164000, 'upper_end': 202000}, 'user_count_stage': 2}}",164000,202000,2,2025-06-17 05:16:35.088415
40010,40010,BR,AGE_45_54,1227603,GENDER_FEMALE,,,,,,"{'advertiser_id': '7381489555305775105', 'objective_type': 'REACH', 'optimization_goal': 'REACH', 'placements': ['PLACEMENT_TIKTOK', 'PLACEMENT_PANGLE', 'PLACEMENT_GLOBAL_APP_BUNDLE'], 'location_ids': ['1227603'], 'gender': 'GENDER_FEMALE', 'age_groups': ['AGE_45_54']}",,"{'code': 0, 'message': 'OK', 'request_id': '202506170228592AF45A2D41A60402BAC7', 'data': {'user_count': {'lower_end': 99000, 'upper_end': 123000}, 'user_count_stage': 2}}",99000,123000,2,2025-06-17 05:16:35.088415
40012,40012,BR,AGE_13_17,2963597,GENDER_FEMALE,,,,,,"{'advertiser_id': '7381489555305775105', 'objective_type': 'REACH', 'optimization_goal': 'REACH', 'placements': ['PLACEMENT_TIKTOK', 'PLACEMENT_PANGLE', 'PLACEMENT_GLOBAL_APP_BUNDLE'], 'location_ids': ['2963597'], 'gender': 'GENDER_FEMALE', 'age_groups': ['AGE_13_17']}",,"{'code': 0, 'message': 'OK', 'request_id': '20250617022901B15462BD6620D702ACA1', 'data': {'user_count': {'lower_end': 0, 'upper_end': 1000}, 'user_count_stage': 1}}",0,1000,1,2025-06-17 05:16:35.088415
40013,40013,BR,AGE_18_24,2963597,GENDER_FEMALE,,,,,,"{'advertiser_id': '7381489555305775105', 'objective_type': 'REACH', 'optimization_goal': 'REACH', 'placements': ['PLACEMENT_TIKTOK', 'PLACEMENT_PANGLE', 'PLACEMENT_GLOBAL_APP_BUNDLE'], 'location_ids': ['2963597'], 'gender': 'GENDER_FEMALE', 'age_groups': ['AGE_18_24']}",,"{'code': 0, 'message': 'OK', 'request_id': '2025061702290133C1755C3E0B0302F42A', 'data': {'user_count': {'lower_end': 398000, 'upper_end': 487000}, 'user_count_stage': 2}}",398000,487000,2,2025-06-17 05:16:35.088415
40014,40014,BR,AGE_25_34,2963597,GENDER_FEMALE,,,,,,"{'advertiser_id': '7381489555305775105', 'objective_type': 'REACH', 'optimization_goal': 'REACH', 'placements': ['PLACEMENT_TIKTOK', 'PLACEMENT_PANGLE', 'PLACEMENT_GLOBAL_APP_BUNDLE'], 'location_ids': ['2963597'], 'gender': 'GENDER_FEMALE', 'age_groups': ['AGE_25_34']}",,"{'code': 0, 'message': 'OK', 'request_id': '202506170229023DF0AE24D7828003685F', 'data': {'user_count': {'lower_end': 386000, 'upper_end': 473000}, 'user_count_stage': 2}}",386000,473000,2,2025-06-17 05:16:35.088415
40015,40015,BR,AGE_45_54,2963597,GENDER_FEMALE,,,,,,"{'advertiser_id': '7381489555305775105', 'objective_type': 'REACH', 'optimization_goal': 'REACH', 'placements': ['PLACEMENT_TIKTOK', 'PLACEMENT_PANGLE', 'PLACEMENT_GLOBAL_APP_BUNDLE'], 'location_ids': ['2963597'], 'gender': 'GENDER_FEMALE', 'age_groups': ['AGE_45_54']}",,"{'code': 0, 'message': 'OK', 'request_id': '20250617022902385216369BDB5E02F1EE', 'data': {'user_count': {'lower_end': 186000, 'upper_end': 228000}, 'user_count_stage': 2}}",186000,228000,2,2025-06-17 05:16:35.088415
40016,40016,BR,AGE_55_100,2963597,GENDER_FEMALE,,,,,,"{'advertiser_id': '7381489555305775105', 'objective_type': 'REACH', 'optimization_goal': 'REACH', 'placements': ['PLACEMENT_TIKTOK', 'PLACEMENT_PANGLE', 'PLACEMENT_GLOBAL_APP_BUNDLE'], 'location_ids': ['2963597'], 'gender': 'GENDER_FEMALE', 'age_groups': ['AGE_55_100']}",,"{'code': 0, 'message': 'OK', 'request_id': '20250617022902B25654C7362576037AC1', 'data': {'user_count': {'lower_end': 130000, 'upper_end': 159000}, 'user_count_stage': 2}}",130000,159000,2,2025-06-17 05:16:35.088415
40017,40017,BR,AGE_13_17,2963597,GENDER_MALE,,,,,,"{'advertiser_id': '7381489555305775105', 'objective_type': 'REACH', 'optimization_goal': 'REACH', 'placements': ['PLACEMENT_TIKTOK', 'PLACEMENT_PANGLE', 'PLACEMENT_GLOBAL_APP_BUNDLE'], 'location_ids': ['2963597'], 'gender': 'GENDER_MALE', 'age_groups': ['AGE_13_17']}",,"{'code': 0, 'message': 'OK', 'request_id': '202506170229022CF5CB9E4B88A002BCF8', 'data': {'user_count': {'lower_end': 0, 'upper_end': 1000}, 'user_count_stage': 1}}",0,1000,1,2025-06-17 05:16:35.088415
40018,40018,BR,AGE_25_34,2963597,GENDER_MALE,,,,,,"{'advertiser_id': '7381489555305775105', 'objective_type': 'REACH', 'optimization_goal': 'REACH', 'placements': ['PLACEMENT_TIKTOK', 'PLACEMENT_PANGLE', 'PLACEMENT_GLOBAL_APP_BUNDLE'], 'location_ids': ['2963597'], 'gender': 'GENDER_MALE', 'age_groups': ['AGE_25_34']}",,"{'code': 0, 'message': 'OK', 'request_id': '20250617022902EBB27E6AB0E69A031533', 'data': {'user_count': {'lower_end': 273000, 'upper_end': 335000}, 'user_count_stage': 2}}",273000,335000,2,2025-06-17 05:16:35.088415
40019,40019,BR,AGE_18_24,2963597,GENDER_MALE,,,,,,"{'advertiser_id': '7381489555305775105', 'objective_type': 'REACH', 'optimization_goal': 'REACH', 'placements': ['PLACEMENT_TIKTOK', 'PLACEMENT_PANGLE', 'PLACEMENT_GLOBAL_APP_BUNDLE'], 'location_ids': ['2963597'], 'gender': 'GENDER_MALE', 'age_groups': ['AGE_18_24']}",,"{'code': 0, 'message': 'OK', 'request_id': '20250617022902A1250A371360C902B741', 'data': {'user_count': {'lower_end': 268000, 'upper_end': 329000}, 'user_count_stage': 2}}",268000,329000,2,2025-06-17 05:16:35.088415
40020,40020,BR,AGE_35_44,2963597,GENDER_FEMALE,,,,,,"{'advertiser_id': '7381489555305775105', 'objective_type': 'REACH', 'optimization_goal': 'REACH', 'placements': ['PLACEMENT_TIKTOK', 'PLACEMENT_PANGLE', 'PLACEMENT_GLOBAL_APP_BUNDLE'], 'location_ids': ['2963597'], 'gender': 'GENDER_FEMALE', 'age_groups': ['AGE_35_44']}",,"{'code': 0, 'message': 'OK', 'request_id': '2025061702290210E3E8E137930002D2C5', 'data': {'user_count': {'lower_end': 223000, 'upper_end': 274000}, 'user_count_stage': 2}}",223000,274000,2,2025-06-17 05:16:35.088415
40021,40021,BR,AGE_35_44,2963597,GENDER_MALE,,,,,,"{'advertiser_id': '7381489555305775105', 'objective_type': 'REACH', 'optimization_goal': 'REACH', 'placements': ['PLACEMENT_TIKTOK', 'PLACEMENT_PANGLE', 'PLACEMENT_GLOBAL_APP_BUNDLE'], 'location_ids': ['2963597'], 'gender': 'GENDER_MALE', 'age_groups': ['AGE_35_44']}",,"{'code': 0, 'message': 'OK', 'request_id': '202506170229038621E7A0CF0D8902EC48', 'data': {'user_count': {'lower_end': 155000, 'upper_end': 190000}, 'user_count_stage': 2}}",155000,190000,2,2025-06-17 05:16:35.088415
40022,40022,BR,AGE_55_100,2963597,GENDER_MALE,,,,,,"{'advertiser_id': '7381489555305775105', 'objective_type': 'REACH', 'optimization_goal': 'REACH', 'placements': ['PLACEMENT_TIKTOK', 'PLACEMENT_PANGLE', 'PLACEMENT_GLOBAL_APP_BUNDLE'], 'location_ids': ['2963597'], 'gender': 'GENDER_MALE', 'age_groups': ['AGE_55_100']}",,"{'code': 0, 'message': 'OK', 'request_id': '202506170229030851E6AD7A46F502D482', 'data': {'user_count': {'lower_end': 100000, 'upper_end': 123000}, 'user_count_stage': 2}}",100000,123000,2,2025-06-17 05:16:35.088415
40028,40028,BR,AGE_45_54,2963597,GENDER_MALE,,,,,,"{'advertiser_id': '7381489555305775105', 'objective_type': 'REACH', 'optimization_goal': 'REACH', 'placements': ['PLACEMENT_TIKTOK', 'PLACEMENT_PANGLE', 'PLACEMENT_GLOBAL_APP_BUNDLE'], 'location_ids': ['2963597'], 'gender': 'GENDER_MALE', 'age_groups': ['AGE_45_54']}",,"{'code': 0, 'message': 'OK', 'request_id': '2025061702290331B3A32267492A02CEBC', 'data': {'user_count': {'lower_end': 132000, 'upper_end': 163000}, 'user_count_stage': 2}}",132000,163000,2,2025-06-17 05:16:35.088415
40030,40030,BR,AGE_13_17,286963,GENDER_FEMALE,,,,,,"{'advertiser_id': '7381489555305775105', 'objective_type': 'REACH', 'optimization_goal': 'REACH', 'placements': ['PLACEMENT_TIKTOK', 'PLACEMENT_PANGLE', 'PLACEMENT_GLOBAL_APP_BUNDLE'], 'location_ids': ['286963'], 'gender': 'GENDER_FEMALE', 'age_groups': ['AGE_13_17']}",,"{'code': 0, 'message': 'OK', 'request_id': '202506170229050749023DBF8B8802CED1', 'data': {'user_count': {'lower_end': 0, 'upper_end': 1000}, 'user_count_stage': 1}}",0,1000,1,2025-06-17 05:16:35.088415
40031,40031,BR,AGE_25_34,286963,GENDER_FEMALE,,,,,,"{'advertiser_id': '7381489555305775105', 'objective_type': 'REACH', 'optimization_goal': 'REACH', 'placements': ['PLACEMENT_TIKTOK', 'PLACEMENT_PANGLE', 'PLACEMENT_GLOBAL_APP_BUNDLE'], 'location_ids': ['286963'], 'gender': 'GENDER_FEMALE', 'age_groups': ['AGE_25_34']}",,"{'code': 0, 'message': 'OK', 'request_id': '20250617022905687500584F9E1202BA14', 'data': {'user_count': {'lower_end': 341000, 'upper_end': 418000}, 'user_count_stage': 2}}",341000,418000,2,2025-06-17 05:16:35.088415
40032,40032,BR,AGE_55_100,286963,GENDER_FEMALE,,,,,,"{'advertiser_id': '7381489555305775105', 'objective_type': 'REACH', 'optimization_goal': 'REACH', 'placements': ['PLACEMENT_TIKTOK', 'PLACEMENT_PANGLE', 'PLACEMENT_GLOBAL_APP_BUNDLE'], 'location_ids': ['286963'], 'gender': 'GENDER_FEMALE', 'age_groups': ['AGE_55_100']}",,"{'code': 0, 'message': 'OK', 'request_id': '202506170229056F14433C66B17002BB16', 'data': {'user_count': {'lower_end': 31000, 'upper_end': 39000}, 'user_count_stage': 2}}",31000,39000,2,2025-06-17 05:16:35.088415
40033,40033,BR,AGE_45_54,286963,GENDER_FEMALE,,,,,,"{'advertiser_id': '7381489555305775105', 'objective_type': 'REACH', 'optimization_goal': 'REACH', 'placements': ['PLACEMENT_TIKTOK', 'PLACEMENT_PANGLE', 'PLACEMENT_GLOBAL_APP_BUNDLE'], 'location_ids': ['286963'], 'gender': 'GENDER_FEMALE', 'age_groups': ['AGE_45_54']}",,"{'code': 0, 'message': 'OK', 'request_id': '202506170229053A6D15C673E9BE02D292', 'data': {'user_count': {'lower_end': 32000, 'upper_end': 40000}, 'user_count_stage': 2}}",32000,40000,2,2025-06-17 05:16:35.088415
40034,40034,BR,AGE_18_24,286963,GENDER_FEMALE,,,,,,"{'advertiser_id': '7381489555305775105', 'objective_type': 'REACH', 'optimization_goal': 'REACH', 'placements': ['PLACEMENT_TIKTOK', 'PLACEMENT_PANGLE', 'PLACEMENT_GLOBAL_APP_BUNDLE'], 'location_ids': ['286963'], 'gender': 'GENDER_FEMALE', 'age_groups': ['AGE_18_24']}",,"{'code': 0, 'message': 'OK', 'request_id': '202506170229058621E7A0CF0D8902EC7D', 'data': {'user_count': {'lower_end': 209000, 'upper_end': 257000}, 'user_count_stage': 2}}",209000,257000,2,2025-06-17 05:16:35.088415
40035,40035,BR,AGE_18_24,286963,GENDER_MALE,,,,,,"{'advertiser_id': '7381489555305775105', 'objective_type': 'REACH', 'optimization_goal': 'REACH', 'placements': ['PLACEMENT_TIKTOK', 'PLACEMENT_PANGLE', 'PLACEMENT_GLOBAL_APP_BUNDLE'], 'location_ids': ['286963'], 'gender': 'GENDER_MALE', 'age_groups': ['AGE_18_24']}",,"{'code': 0, 'message': 'OK', 'request_id': '20250617022906231C48661E88BC02B140', 'data': {'user_count': {'lower_end': 288000, 'upper_end': 353000}, 'user_count_stage': 2}}",288000,353000,2,2025-06-17 05:16:35.088415
40036,40036,BR,AGE_25_34,286963,GENDER_MALE,,,,,,"{'advertiser_id': '7381489555305775105', 'objective_type': 'REACH', 'optimization_goal': 'REACH', 'placements': ['PLACEMENT_TIKTOK', 'PLACEMENT_PANGLE', 'PLACEMENT_GLOBAL_APP_BUNDLE'], 'location_ids': ['286963'], 'gender': 'GENDER_MALE', 'age_groups': ['AGE_25_34']}",,"{'code': 0, 'message': 'OK', 'request_id': '20250617022906E68CEFDBFBD37A039311', 'data': {'user_count': {'lower_end': 755000, 'upper_end': 924000}, 'user_count_stage': 3}}",755000,924000,3,2025-06-17 05:16:35.088415
40037,40037,BR,AGE_13_17,286963,GENDER_MALE,,,,,,"{'advertiser_id': '7381489555305775105', 'objective_type': 'REACH', 'optimization_goal': 'REACH', 'placements': ['PLACEMENT_TIKTOK', 'PLACEMENT_PANGLE', 'PLACEMENT_GLOBAL_APP_BUNDLE'], 'location_ids': ['286963'], 'gender': 'GENDER_MALE', 'age_groups': ['AGE_13_17']}",,"{'code': 0, 'message': 'OK', 'request_id': '202506170229061B70F66236294E02D41B', 'data': {'user_count': {'lower_end': 0, 'upper_end': 1000}, 'user_count_stage': 1}}",0,1000,1,2025-06-17 05:16:35.088415
40038,40038,BR,AGE_35_44,286963,GENDER_MALE,,,,,,"{'advertiser_id': '7381489555305775105', 'objective_type': 'REACH', 'optimization_goal': 'REACH', 'placements': ['PLACEMENT_TIKTOK', 'PLACEMENT_PANGLE', 'PLACEMENT_GLOBAL_APP_BUNDLE'], 'location_ids': ['286963'], 'gender': 'GENDER_MALE', 'age_groups': ['AGE_35_44']}",,"{'code': 0, 'message': 'OK', 'request_id': '20250617022906429CE33A8E7B6202CAC7', 'data': {'user_count': {'lower_end': 225000, 'upper_end': 276000}, 'user_count_stage': 2}}",225000,276000,2,2025-06-17 05:16:35.088415
40040,40040,BR,AGE_55_100,286963,GENDER_MALE,,,,,,"{'advertiser_id': '7381489555305775105', 'objective_type': 'REACH', 'optimization_goal': 'REACH', 'placements': ['PLACEMENT_TIKTOK', 'PLACEMENT_PANGLE', 'PLACEMENT_GLOBAL_APP_BUNDLE'], 'location_ids': ['286963'], 'gender': 'GENDER_MALE', 'age_groups': ['AGE_55_100']}",,"{'code': 0, 'message': 'OK', 'request_id': '202506170229068D7A0C7CEDD88A02D092', 'data': {'user_count': {'lower_end': 40000, 'upper_end': 50000}, 'user_count_stage': 2}}",40000,50000,2,2025-06-17 05:16:35.088415
40041,40041,BR,AGE_45_54,286963,GENDER_MALE,,,,,,"{'advertiser_id': '7381489555305775105', 'objective_type': 'REACH', 'optimization_goal': 'REACH', 'placements': ['PLACEMENT_TIKTOK', 'PLACEMENT_PANGLE', 'PLACEMENT_GLOBAL_APP_BUNDLE'], 'location_ids': ['286963'], 'gender': 'GENDER_MALE', 'age_groups': ['AGE_45_54']}",,"{'code': 0, 'message': 'OK', 'request_id': '202506170229066A6D3B13DF072602CB65', 'data': {'user_count': {'lower_end': 66000, 'upper_end': 82000}, 'user_count_stage': 2}}",66000,82000,2,2025-06-17 05:16:35.088415
40042,40042,BR,AGE_35_44,286963,GENDER_FEMALE,,,,,,"{'advertiser_id': '7381489555305775105', 'objective_type': 'REACH', 'optimization_goal': 'REACH', 'placements': ['PLACEMENT_TIKTOK', 'PLACEMENT_PANGLE', 'PLACEMENT_GLOBAL_APP_BUNDLE'], 'location_ids': ['286963'], 'gender': 'GENDER_FEMALE', 'age_groups': ['AGE_35_44']}",,"{'code': 0, 'message': 'OK', 'request_id': '202506170229050C81F2E5133D1C02BB21', 'data': {'user_count': {'lower_end': 102000, 'upper_end': 126000}, 'user_count_stage': 2}}",102000,126000,2,2025-06-17 05:16:35.088415
40045,40045,BR,AGE_18_24,289688,GENDER_FEMALE,,,,,,"{'advertiser_id': '7381489555305775105', 'objective_type': 'REACH', 'optimization_goal': 'REACH', 'placements': ['PLACEMENT_TIKTOK', 'PLACEMENT_PANGLE', 'PLACEMENT_GLOBAL_APP_BUNDLE'], 'location_ids': ['289688'], 'gender': 'GENDER_FEMALE', 'age_groups': ['AGE_18_24']}",,"{'code': 0, 'message': 'OK', 'request_id': '20250617022907E31E4F66DD6F6302F3D1', 'data': {'user_count': {'lower_end': 266000, 'upper_end': 327000}, 'user_count_stage': 2}}",266000,327000,2,2025-06-17 05:16:35.088415
40046,40046,BR,AGE_13_17,289688,GENDER_FEMALE,,,,,,"{'advertiser_id': '7381489555305775105', 'objective_type': 'REACH', 'optimization_goal': 'REACH', 'placements': ['PLACEMENT_TIKTOK', 'PLACEMENT_PANGLE', 'PLACEMENT_GLOBAL_APP_BUNDLE'], 'location_ids': ['289688'], 'gender': 'GENDER_FEMALE', 'age_groups': ['AGE_13_17']}",,"{'code': 0, 'message': 'OK', 'request_id': '20250617022907083EA6A17DE74002B717', 'data': {'user_count': {'lower_end': 0, 'upper_end': 3000}, 'user_count_stage': 1}}",0,3000,1,2025-06-17 05:16:35.088415
40049,40049,BR,AGE_25_34,289688,GENDER_FEMALE,,,,,,"{'advertiser_id': '7381489555305775105', 'objective_type': 'REACH', 'optimization_goal': 'REACH', 'placements': ['PLACEMENT_TIKTOK', 'PLACEMENT_PANGLE', 'PLACEMENT_GLOBAL_APP_BUNDLE'], 'location_ids': ['289688'], 'gender': 'GENDER_FEMALE', 'age_groups': ['AGE_25_34']}",,"{'code': 0, 'message': 'OK', 'request_id': '2025061702290872B66E7C3B3F7302C02D', 'data': {'user_count': {'lower_end': 539000, 'upper_end': 659000}, 'user_count_stage': 2}}",539000,659000,2,2025-06-17 05:16:35.088415
40050,40050,BR,AGE_35_44,289688,GENDER_FEMALE,,,,,,"{'advertiser_id': '7381489555305775105', 'objective_type': 'REACH', 'optimization_goal': 'REACH', 'placements': ['PLACEMENT_TIKTOK', 'PLACEMENT_PANGLE', 'PLACEMENT_GLOBAL_APP_BUNDLE'], 'location_ids': ['289688'], 'gender': 'GENDER_FEMALE', 'age_groups': ['AGE_35_44']}",,"{'code': 0, 'message': 'OK', 'request_id': '20250617022908E65319D6084AFC030CA4', 'data': {'user_count': {'lower_end': 261000, 'upper_end': 321000}, 'user_count_stage': 2}}",261000,321000,2,2025-06-17 05:16:35.088415
40052,40052,BR,AGE_45_54,289688,GENDER_FEMALE,,,,,,"{'advertiser_id': '7381489555305775105', 'objective_type': 'REACH', 'optimization_goal': 'REACH', 'placements': ['PLACEMENT_TIKTOK', 'PLACEMENT_PANGLE', 'PLACEMENT_GLOBAL_APP_BUNDLE'], 'location_ids': ['289688'], 'gender': 'GENDER_FEMALE', 'age_groups': ['AGE_45_54']}",,"{'code': 0, 'message': 'OK', 'request_id': '20250617022908A19A585FC5207D02BD9F', 'data': {'user_count': {'lower_end': 86000, 'upper_end': 107000}, 'user_count_stage': 2}}",86000,107000,2,2025-06-17 05:16:35.088415
40053,40053,BR,AGE_13_17,289688,GENDER_MALE,,,,,,"{'advertiser_id': '7381489555305775105', 'objective_type': 'REACH', 'optimization_goal': 'REACH', 'placements': ['PLACEMENT_TIKTOK', 'PLACEMENT_PANGLE', 'PLACEMENT_GLOBAL_APP_BUNDLE'], 'location_ids': ['289688'], 'gender': 'GENDER_MALE', 'age_groups': ['AGE_13_17']}",,"{'code': 0, 'message': 'OK', 'request_id': '20250617022908055D00B363EDFB02E477', 'data': {'user_count': {'lower_end': 0, 'upper_end': 3000}, 'user_count_stage': 1}}",0,3000,1,2025-06-17 05:16:35.088415
40054,40054,BR,AGE_18_24,289688,GENDER_MALE,,,,,,"{'advertiser_id': '7381489555305775105', 'objective_type': 'REACH', 'optimization_goal': 'REACH', 'placements': ['PLACEMENT_TIKTOK', 'PLACEMENT_PANGLE', 'PLACEMENT_GLOBAL_APP_BUNDLE'], 'location_ids': ['289688'], 'gender': 'GENDER_MALE', 'age_groups': ['AGE_18_24']}",,"{'code': 0, 'message': 'OK', 'request_id': '20250617022908BE4F16582C7C0802C3F3', 'data': {'user_count': {'lower_end': 672000, 'upper_end': 823000}, 'user_count_stage': 2}}",672000,823000,2,2025-06-17 05:16:35.088415
40055,40055,BR,AGE_55_100,289688,GENDER_FEMALE,,,,,,"{'advertiser_id': '7381489555305775105', 'objective_type': 'REACH', 'optimization_goal': 'REACH', 'placements': ['PLACEMENT_TIKTOK', 'PLACEMENT_PANGLE', 'PLACEMENT_GLOBAL_APP_BUNDLE'], 'location_ids': ['289688'], 'gender': 'GENDER_FEMALE', 'age_groups': ['AGE_55_100']}",,"{'code': 0, 'message': 'OK', 'request_id': '202506170229084163E11676818602CCEA', 'data': {'user_count': {'lower_end': 68000, 'upper_end': 86000}, 'user_count_stage': 2}}",68000,86000,2,2025-06-17 05:16:35.088415
40056,40056,BR,AGE_25_34,289688,GENDER_MALE,,,,,,"{'advertiser_id': '7381489555305775105', 'objective_type': 'REACH', 'optimization_goal': 'REACH', 'placements': ['PLACEMENT_TIKTOK', 'PLACEMENT_PANGLE', 'PLACEMENT_GLOBAL_APP_BUNDLE'], 'location_ids': ['289688'], 'gender': 'GENDER_MALE', 'age_groups': ['AGE_25_34']}",,"{'code': 0, 'message': 'OK', 'request_id': '2025061702290948EB0F3633123E02D0E0', 'data': {'user_count': {'lower_end': 1737000, 'upper_end': 2124000}, 'user_count_stage': 3}}",1737000,2124000,3,2025-06-17 05:16:35.088415
40057,40057,BR,AGE_35_44,289688,GENDER_MALE,,,,,,"{'advertiser_id': '7381489555305775105', 'objective_type': 'REACH', 'optimization_goal': 'REACH', 'placements': ['PLACEMENT_TIKTOK', 'PLACEMENT_PANGLE', 'PLACEMENT_GLOBAL_APP_BUNDLE'], 'location_ids': ['289688'], 'gender': 'GENDER_MALE', 'age_groups': ['AGE_35_44']}",,"{'code': 0, 'message': 'OK', 'request_id': '20250617022909A8736AECF91C7102A9DD', 'data': {'user_count': {'lower_end': 788000, 'upper_end': 964000}, 'user_count_stage': 2}}",788000,964000,2,2025-06-17 05:16:35.088415
40058,40058,BR,AGE_45_54,289688,GENDER_MALE,,,,,,"{'advertiser_id': '7381489555305775105', 'objective_type': 'REACH', 'optimization_goal': 'REACH', 'placements': ['PLACEMENT_TIKTOK', 'PLACEMENT_PANGLE', 'PLACEMENT_GLOBAL_APP_BUNDLE'], 'location_ids': ['289688'], 'gender': 'GENDER_MALE', 'age_groups': ['AGE_45_54']}",,"{'code': 0, 'message': 'OK', 'request_id': '2025061702290988F9A8ADBCD69302CE9E', 'data': {'user_count': {'lower_end': 155000, 'upper_end': 191000}, 'user_count_stage': 2}}",155000,191000,2,2025-06-17 05:16:35.088415
40059,40059,BR,AGE_55_100,289688,GENDER_MALE,,,,,,"{'advertiser_id': '7381489555305775105', 'objective_type': 'REACH', 'optimization_goal': 'REACH', 'placements': ['PLACEMENT_TIKTOK', 'PLACEMENT_PANGLE', 'PLACEMENT_GLOBAL_APP_BUNDLE'], 'location_ids': ['289688'], 'gender': 'GENDER_MALE', 'age_groups': ['AGE_55_100']}",,"{'code': 0, 'message': 'OK', 'request_id': '20250617022909AC42E00F747C4802BAB1', 'data': {'user_count': {'lower_end': 107000, 'upper_end': 132000}, 'user_count_stage': 2}}",107000,132000,2,2025-06-17 05:16:35.088415
40066,40066,BR,AGE_13_17,4566966,GENDER_FEMALE,,,,,,"{'advertiser_id': '7381489555305775105', 'objective_type': 'REACH', 'optimization_goal': 'REACH', 'placements': ['PLACEMENT_TIKTOK', 'PLACEMENT_PANGLE', 'PLACEMENT_GLOBAL_APP_BUNDLE'], 'location_ids': ['4566966'], 'gender': 'GENDER_FEMALE', 'age_groups': ['AGE_13_17']}",,"{'code': 0, 'message': 'OK', 'request_id': '20250617022910371A4097519DC102DA8D', 'data': {'user_count': {'lower_end': 0, 'upper_end': 1000}, 'user_count_stage': 1}}",0,1000,1,2025-06-17 05:16:35.088415
40067,40067,BR,AGE_18_24,4566966,GENDER_FEMALE,,,,,,"{'advertiser_id': '7381489555305775105', 'objective_type': 'REACH', 'optimization_goal': 'REACH', 'placements': ['PLACEMENT_TIKTOK', 'PLACEMENT_PANGLE', 'PLACEMENT_GLOBAL_APP_BUNDLE'], 'location_ids': ['4566966'], 'gender': 'GENDER_FEMALE', 'age_groups': ['AGE_18_24']}",,"{'code': 0, 'message': 'OK', 'request_id': '2025061702291019BA480FAEE6FA0365C8', 'data': {'user_count': {'lower_end': 33000, 'upper_end': 42000}, 'user_count_stage': 2}}",33000,42000,2,2025-06-17 05:16:35.088415
40068,40068,BR,AGE_35_44,4566966,GENDER_FEMALE,,,,,,"{'advertiser_id': '7381489555305775105', 'objective_type': 'REACH', 'optimization_goal': 'REACH', 'placements': ['PLACEMENT_TIKTOK', 'PLACEMENT_PANGLE', 'PLACEMENT_GLOBAL_APP_BUNDLE'], 'location_ids': ['4566966'], 'gender': 'GENDER_FEMALE', 'age_groups': ['AGE_35_44']}",,"{'code': 0, 'message': 'OK', 'request_id': '2025061702291014F40C6D08909802F4E5', 'data': {'user_count': {'lower_end': 38000, 'upper_end': 47000}, 'user_count_stage': 2}}",38000,47000,2,2025-06-17 05:16:35.088415
40069,40069,BR,AGE_45_54,4566966,GENDER_FEMALE,,,,,,"{'advertiser_id': '7381489555305775105', 'objective_type': 'REACH', 'optimization_goal': 'REACH', 'placements': ['PLACEMENT_TIKTOK', 'PLACEMENT_PANGLE', 'PLACEMENT_GLOBAL_APP_BUNDLE'], 'location_ids': ['4566966'], 'gender': 'GENDER_FEMALE', 'age_groups': ['AGE_45_54']}",,"{'code': 0, 'message': 'OK', 'request_id': '20250617022910454749BB5BE49C02B84C', 'data': {'user_count': {'lower_end': 26000, 'upper_end': 33000}, 'user_count_stage': 2}}",26000,33000,2,2025-06-17 05:16:35.088415
40070,40070,BR,AGE_55_100,4566966,GENDER_FEMALE,,,,,,"{'advertiser_id': '7381489555305775105', 'objective_type': 'REACH', 'optimization_goal': 'REACH', 'placements': ['PLACEMENT_TIKTOK', 'PLACEMENT_PANGLE', 'PLACEMENT_GLOBAL_APP_BUNDLE'], 'location_ids': ['4566966'], 'gender': 'GENDER_FEMALE', 'age_groups': ['AGE_55_100']}",,"{'code': 0, 'message': 'OK', 'request_id': '202506170229104163E11676818602CD3B', 'data': {'user_count': {'lower_end': 28000, 'upper_end': 35000}, 'user_count_stage': 2}}",28000,35000,2,2025-06-17 05:16:35.088415
40071,40071,BR,AGE_13_17,4566966,GENDER_MALE,,,,,,"{'advertiser_id': '7381489555305775105', 'objective_type': 'REACH', 'optimization_goal': 'REACH', 'placements': ['PLACEMENT_TIKTOK', 'PLACEMENT_PANGLE', 'PLACEMENT_GLOBAL_APP_BUNDLE'], 'location_ids': ['4566966'], 'gender': 'GENDER_MALE', 'age_groups': ['AGE_13_17']}",,"{'code': 0, 'message': 'OK', 'request_id': '20250617022910FF81F7C995773E03A485', 'data': {'user_count': {'lower_end': 0, 'upper_end': 1000}, 'user_count_stage': 1}}",0,1000,1,2025-06-17 05:16:35.088415
40072,40072,BR,AGE_18_24,4566966,GENDER_MALE,,,,,,"{'advertiser_id': '7381489555305775105', 'objective_type': 'REACH', 'optimization_goal': 'REACH', 'placements': ['PLACEMENT_TIKTOK', 'PLACEMENT_PANGLE', 'PLACEMENT_GLOBAL_APP_BUNDLE'], 'location_ids': ['4566966'], 'gender': 'GENDER_MALE', 'age_groups': ['AGE_18_24']}",,"{'code': 0, 'message': 'OK', 'request_id': '20250617022911627DEE49DB825A02D9CE', 'data': {'user_count': {'lower_end': 27000, 'upper_end': 34000}, 'user_count_stage': 2}}",27000,34000,2,2025-06-17 05:16:35.088415
40073,40073,BR,AGE_35_44,4566966,GENDER_MALE,,,,,,"{'advertiser_id': '7381489555305775105', 'objective_type': 'REACH', 'optimization_goal': 'REACH', 'placements': ['PLACEMENT_TIKTOK', 'PLACEMENT_PANGLE', 'PLACEMENT_GLOBAL_APP_BUNDLE'], 'location_ids': ['4566966'], 'gender': 'GENDER_MALE', 'age_groups': ['AGE_35_44']}",,"{'code': 0, 'message': 'OK', 'request_id': '20250617022911DDFAA40685EDC3036554', 'data': {'user_count': {'lower_end': 47000, 'upper_end': 58000}, 'user_count_stage': 2}}",47000,58000,2,2025-06-17 05:16:35.088415
40074,40074,BR,AGE_45_54,4566966,GENDER_MALE,,,,,,"{'advertiser_id': '7381489555305775105', 'objective_type': 'REACH', 'optimization_goal': 'REACH', 'placements': ['PLACEMENT_TIKTOK', 'PLACEMENT_PANGLE', 'PLACEMENT_GLOBAL_APP_BUNDLE'], 'location_ids': ['4566966'], 'gender': 'GENDER_MALE', 'age_groups': ['AGE_45_54']}",,"{'code': 0, 'message': 'OK', 'request_id': '202506170229111137D77E5380A402DB70', 'data': {'user_count': {'lower_end': 29000, 'upper_end': 37000}, 'user_count_stage': 2}}",29000,37000,2,2025-06-17 05:16:35.088415
40075,40075,BR,AGE_55_100,4566966,GENDER_MALE,,,,,,"{'advertiser_id': '7381489555305775105', 'objective_type': 'REACH', 'optimization_goal': 'REACH', 'placements': ['PLACEMENT_TIKTOK', 'PLACEMENT_PANGLE', 'PLACEMENT_GLOBAL_APP_BUNDLE'], 'location_ids': ['4566966'], 'gender': 'GENDER_MALE', 'age_groups': ['AGE_55_100']}",,"{'code': 0, 'message': 'OK', 'request_id': '20250617022911C66F1CC297E0B002B610', 'data': {'user_count': {'lower_end': 45000, 'upper_end': 56000}, 'user_count_stage': 2}}",45000,56000,2,2025-06-17 05:16:35.088415
40076,40076,BR,AGE_25_34,4566966,GENDER_MALE,,,,,,"{'advertiser_id': '7381489555305775105', 'objective_type': 'REACH', 'optimization_goal': 'REACH', 'placements': ['PLACEMENT_TIKTOK', 'PLACEMENT_PANGLE', 'PLACEMENT_GLOBAL_APP_BUNDLE'], 'location_ids': ['4566966'], 'gender': 'GENDER_MALE', 'age_groups': ['AGE_25_34']}",,"{'code': 0, 'message': 'OK', 'request_id': '2025061702291148EB0F3633123E02D122', 'data': {'user_count': {'lower_end': 64000, 'upper_end': 79000}, 'user_count_stage': 2}}",64000,79000,2,2025-06-17 05:16:35.088415
40082,40082,BR,AGE_13_17,2661886,GENDER_FEMALE,,,,,,"{'advertiser_id': '7381489555305775105', 'objective_type': 'REACH', 'optimization_goal': 'REACH', 'placements': ['PLACEMENT_TIKTOK', 'PLACEMENT_PANGLE', 'PLACEMENT_GLOBAL_APP_BUNDLE'], 'location_ids': ['2661886'], 'gender': 'GENDER_FEMALE', 'age_groups': ['AGE_13_17']}",,"{'code': 0, 'message': 'OK', 'request_id': '20250617022913EBA77BCC4EE38102DB55', 'data': {'user_count': {'lower_end': 0, 'upper_end': 1000}, 'user_count_stage': 1}}",0,1000,1,2025-06-17 05:16:35.088415
40083,40083,BR,AGE_18_24,2661886,GENDER_FEMALE,,,,,,"{'advertiser_id': '7381489555305775105', 'objective_type': 'REACH', 'optimization_goal': 'REACH', 'placements': ['PLACEMENT_TIKTOK', 'PLACEMENT_PANGLE', 'PLACEMENT_GLOBAL_APP_BUNDLE'], 'location_ids': ['2661886'], 'gender': 'GENDER_FEMALE', 'age_groups': ['AGE_18_24']}",,"{'code': 0, 'message': 'OK', 'request_id': '2025061702291335DA27A4AD6AFB03029E', 'data': {'user_count': {'lower_end': 623000, 'upper_end': 762000}, 'user_count_stage': 2}}",623000,762000,2,2025-06-17 05:16:35.088415
40084,40084,BR,AGE_25_34,2661886,GENDER_FEMALE,,,,,,"{'advertiser_id': '7381489555305775105', 'objective_type': 'REACH', 'optimization_goal': 'REACH', 'placements': ['PLACEMENT_TIKTOK', 'PLACEMENT_PANGLE', 'PLACEMENT_GLOBAL_APP_BUNDLE'], 'location_ids': ['2661886'], 'gender': 'GENDER_FEMALE', 'age_groups': ['AGE_25_34']}",,"{'code': 0, 'message': 'OK', 'request_id': '202506170229137265BF7DEB48C402CDAF', 'data': {'user_count': {'lower_end': 592000, 'upper_end': 725000}, 'user_count_stage': 2}}",592000,725000,2,2025-06-17 05:16:35.088415
40085,40085,BR,AGE_35_44,2661886,GENDER_FEMALE,,,,,,"{'advertiser_id': '7381489555305775105', 'objective_type': 'REACH', 'optimization_goal': 'REACH', 'placements': ['PLACEMENT_TIKTOK', 'PLACEMENT_PANGLE', 'PLACEMENT_GLOBAL_APP_BUNDLE'], 'location_ids': ['2661886'], 'gender': 'GENDER_FEMALE', 'age_groups': ['AGE_35_44']}",,"{'code': 0, 'message': 'OK', 'request_id': '202506170229131C892EA492242402C548', 'data': {'user_count': {'lower_end': 251000, 'upper_end': 308000}, 'user_count_stage': 2}}",251000,308000,2,2025-06-17 05:16:35.088415
40086,40086,BR,AGE_45_54,2661886,GENDER_FEMALE,,,,,,"{'advertiser_id': '7381489555305775105', 'objective_type': 'REACH', 'optimization_goal': 'REACH', 'placements': ['PLACEMENT_TIKTOK', 'PLACEMENT_PANGLE', 'PLACEMENT_GLOBAL_APP_BUNDLE'], 'location_ids': ['2661886'], 'gender': 'GENDER_FEMALE', 'age_groups': ['AGE_45_54']}",,"{'code': 0, 'message': 'OK', 'request_id': '20250617022913BEA28CCC98332302E1F0', 'data': {'user_count': {'lower_end': 176000, 'upper_end': 216000}, 'user_count_stage': 2}}",176000,216000,2,2025-06-17 05:16:35.088415
40087,40087,BR,AGE_55_100,2661886,GENDER_FEMALE,,,,,,"{'advertiser_id': '7381489555305775105', 'objective_type': 'REACH', 'optimization_goal': 'REACH', 'placements': ['PLACEMENT_TIKTOK', 'PLACEMENT_PANGLE', 'PLACEMENT_GLOBAL_APP_BUNDLE'], 'location_ids': ['2661886'], 'gender': 'GENDER_FEMALE', 'age_groups': ['AGE_55_100']}",,"{'code': 0, 'message': 'OK', 'request_id': '20250617022914216A45600209C502B47D', 'data': {'user_count': {'lower_end': 144000, 'upper_end': 177000}, 'user_count_stage': 2}}",144000,177000,2,2025-06-17 05:16:35.088415
40089,40089,BR,AGE_13_17,2661886,GENDER_MALE,,,,,,"{'advertiser_id': '7381489555305775105', 'objective_type': 'REACH', 'optimization_goal': 'REACH', 'placements': ['PLACEMENT_TIKTOK', 'PLACEMENT_PANGLE', 'PLACEMENT_GLOBAL_APP_BUNDLE'], 'location_ids': ['2661886'], 'gender': 'GENDER_MALE', 'age_groups': ['AGE_13_17']}",,"{'code': 0, 'message': 'OK', 'request_id': '202506170229143A6D15C673E9BE02D3AC', 'data': {'user_count': {'lower_end': 0, 'upper_end': 1000}, 'user_count_stage': 1}}",0,1000,1,2025-06-17 05:16:35.088415
40090,40090,BR,AGE_25_34,2661886,GENDER_MALE,,,,,,"{'advertiser_id': '7381489555305775105', 'objective_type': 'REACH', 'optimization_goal': 'REACH', 'placements': ['PLACEMENT_TIKTOK', 'PLACEMENT_PANGLE', 'PLACEMENT_GLOBAL_APP_BUNDLE'], 'location_ids': ['2661886'], 'gender': 'GENDER_MALE', 'age_groups': ['AGE_25_34']}",,"{'code': 0, 'message': 'OK', 'request_id': '202506170229141137D77E5380A402DBFD', 'data': {'user_count': {'lower_end': 490000, 'upper_end': 600000}, 'user_count_stage': 2}}",490000,600000,2,2025-06-17 05:16:35.088415
40091,40091,BR,AGE_35_44,2661886,GENDER_MALE,,,,,,"{'advertiser_id': '7381489555305775105', 'objective_type': 'REACH', 'optimization_goal': 'REACH', 'placements': ['PLACEMENT_TIKTOK', 'PLACEMENT_PANGLE', 'PLACEMENT_GLOBAL_APP_BUNDLE'], 'location_ids': ['2661886'], 'gender': 'GENDER_MALE', 'age_groups': ['AGE_35_44']}",,"{'code': 0, 'message': 'OK', 'request_id': '202506170229140749023DBF8B8802D000', 'data': {'user_count': {'lower_end': 211000, 'upper_end': 259000}, 'user_count_stage': 2}}",211000,259000,2,2025-06-17 05:16:35.088415
40092,40092,BR,AGE_45_54,2661886,GENDER_MALE,,,,,,"{'advertiser_id': '7381489555305775105', 'objective_type': 'REACH', 'optimization_goal': 'REACH', 'placements': ['PLACEMENT_TIKTOK', 'PLACEMENT_PANGLE', 'PLACEMENT_GLOBAL_APP_BUNDLE'], 'location_ids': ['2661886'], 'gender': 'GENDER_MALE', 'age_groups': ['AGE_45_54']}",,"{'code': 0, 'message': 'OK', 'request_id': '2025061702291448EB0F3633123E02D182', 'data': {'user_count': {'lower_end': 141000, 'upper_end': 173000}, 'user_count_stage': 2}}",141000,173000,2,2025-06-17 05:16:35.088415
40093,40093,BR,AGE_55_100,2661886,GENDER_MALE,,,,,,"{'advertiser_id': '7381489555305775105', 'objective_type': 'REACH', 'optimization_goal': 'REACH', 'placements': ['PLACEMENT_TIKTOK', 'PLACEMENT_PANGLE', 'PLACEMENT_GLOBAL_APP_BUNDLE'], 'location_ids': ['2661886'], 'gender': 'GENDER_MALE', 'age_groups': ['AGE_55_100']}",,"{'code': 0, 'message': 'OK', 'request_id': '20250617022915B2D081AC181F0B037057', 'data': {'user_count': {'lower_end': 125000, 'upper_end': 153000}, 'user_count_stage': 2}}",125000,153000,2,2025-06-17 05:16:35.088415
40098,40098,BR,AGE_13_17,2635167,GENDER_FEMALE,,,,,,"{'advertiser_id': '7381489555305775105', 'objective_type': 'REACH', 'optimization_goal': 'REACH', 'placements': ['PLACEMENT_TIKTOK', 'PLACEMENT_PANGLE', 'PLACEMENT_GLOBAL_APP_BUNDLE'], 'location_ids': ['2635167'], 'gender': 'GENDER_FEMALE', 'age_groups': ['AGE_13_17']}",,"{'code': 0, 'message': 'OK', 'request_id': '20250617022916EEEBBCC9EE8F2202C8BF', 'data': {'user_count': {'lower_end': 0, 'upper_end': 1000}, 'user_count_stage': 1}}",0,1000,1,2025-06-17 05:16:35.088415
40100,40100,BR,AGE_18_24,2635167,GENDER_FEMALE,,,,,,"{'advertiser_id': '7381489555305775105', 'objective_type': 'REACH', 'optimization_goal': 'REACH', 'placements': ['PLACEMENT_TIKTOK', 'PLACEMENT_PANGLE', 'PLACEMENT_GLOBAL_APP_BUNDLE'], 'location_ids': ['2635167'], 'gender': 'GENDER_FEMALE', 'age_groups': ['AGE_18_24']}",,"{'code': 0, 'message': 'OK', 'request_id': '202506170229163FABBDACFBA10E02E4A8', 'data': {'user_count': {'lower_end': 2870000, 'upper_end': 3509000}, 'user_count_stage': 2}}",2870000,3509000,2,2025-06-17 05:16:35.088415
40102,40102,BR,AGE_25_34,2635167,GENDER_FEMALE,,,,,,"{'advertiser_id': '7381489555305775105', 'objective_type': 'REACH', 'optimization_goal': 'REACH', 'placements': ['PLACEMENT_TIKTOK', 'PLACEMENT_PANGLE', 'PLACEMENT_GLOBAL_APP_BUNDLE'], 'location_ids': ['2635167'], 'gender': 'GENDER_FEMALE', 'age_groups': ['AGE_25_34']}",,"{'code': 0, 'message': 'OK', 'request_id': '202506170229172B9598209D6BED02EFD9', 'data': {'user_count': {'lower_end': 3985000, 'upper_end': 4872000}, 'user_count_stage': 2}}",3985000,4872000,2,2025-06-17 05:16:35.088415
40103,40103,BR,AGE_35_44,2635167,GENDER_FEMALE,,,,,,"{'advertiser_id': '7381489555305775105', 'objective_type': 'REACH', 'optimization_goal': 'REACH', 'placements': ['PLACEMENT_TIKTOK', 'PLACEMENT_PANGLE', 'PLACEMENT_GLOBAL_APP_BUNDLE'], 'location_ids': ['2635167'], 'gender': 'GENDER_FEMALE', 'age_groups': ['AGE_35_44']}",,"{'code': 0, 'message': 'OK', 'request_id': '202506170229174510187A3834FB02C9FE', 'data': {'user_count': {'lower_end': 2935000, 'upper_end': 3588000}, 'user_count_stage': 2}}",2935000,3588000,2,2025-06-17 05:16:35.088415
40104,40104,BR,AGE_55_100,2635167,GENDER_FEMALE,,,,,,"{'advertiser_id': '7381489555305775105', 'objective_type': 'REACH', 'optimization_goal': 'REACH', 'placements': ['PLACEMENT_TIKTOK', 'PLACEMENT_PANGLE', 'PLACEMENT_GLOBAL_APP_BUNDLE'], 'location_ids': ['2635167'], 'gender': 'GENDER_FEMALE', 'age_groups': ['AGE_55_100']}",,"{'code': 0, 'message': 'OK', 'request_id': '20250617022917A67F599059D99603B4E8', 'data': {'user_count': {'lower_end': 1726000, 'upper_end': 2111000}, 'user_count_stage': 2}}",1726000,2111000,2,2025-06-17 05:16:35.088415
40105,40105,BR,AGE_18_24,2661886,GENDER_MALE,,,,,,"{'advertiser_id': '7381489555305775105', 'objective_type': 'REACH', 'optimization_goal': 'REACH', 'placements': ['PLACEMENT_TIKTOK', 'PLACEMENT_PANGLE', 'PLACEMENT_GLOBAL_APP_BUNDLE'], 'location_ids': ['2661886'], 'gender': 'GENDER_MALE', 'age_groups': ['AGE_18_24']}",,"{'code': 0, 'message': 'OK', 'request_id': '202506170229145E053DD7CE2A8002C922', 'data': {'user_count': {'lower_end': 458000, 'upper_end': 561000}, 'user_count_stage': 2}}",458000,561000,2,2025-06-17 05:16:35.088415
40106,40106,BR,AGE_18_24,2635167,GENDER_MALE,,,,,,"{'advertiser_id': '7381489555305775105', 'objective_type': 'REACH', 'optimization_goal': 'REACH', 'placements': ['PLACEMENT_TIKTOK', 'PLACEMENT_PANGLE', 'PLACEMENT_GLOBAL_APP_BUNDLE'], 'location_ids': ['2635167'], 'gender': 'GENDER_MALE', 'age_groups': ['AGE_18_24']}",,"{'code': 0, 'message': 'OK', 'request_id': '202506170229184510187A3834FB02CA25', 'data': {'user_count': {'lower_end': 2604000, 'upper_end': 3184000}, 'user_count_stage': 2}}",2604000,3184000,2,2025-06-17 05:16:35.088415
40107,40107,BR,AGE_25_34,2635167,GENDER_MALE,,,,,,"{'advertiser_id': '7381489555305775105', 'objective_type': 'REACH', 'optimization_goal': 'REACH', 'placements': ['PLACEMENT_TIKTOK', 'PLACEMENT_PANGLE', 'PLACEMENT_GLOBAL_APP_BUNDLE'], 'location_ids': ['2635167'], 'gender': 'GENDER_MALE', 'age_groups': ['AGE_25_34']}",,"{'code': 0, 'message': 'OK', 'request_id': '202506170229187BEC2A493A0A8802E505', 'data': {'user_count': {'lower_end': 3525000, 'upper_end': 4310000}, 'user_count_stage': 2}}",3525000,4310000,2,2025-06-17 05:16:35.088415
40108,40108,BR,AGE_35_44,2635167,GENDER_MALE,,,,,,"{'advertiser_id': '7381489555305775105', 'objective_type': 'REACH', 'optimization_goal': 'REACH', 'placements': ['PLACEMENT_TIKTOK', 'PLACEMENT_PANGLE', 'PLACEMENT_GLOBAL_APP_BUNDLE'], 'location_ids': ['2635167'], 'gender': 'GENDER_MALE', 'age_groups': ['AGE_35_44']}",,"{'code': 0, 'message': 'OK', 'request_id': '202506170229185E053DD7CE2A8002C9A5', 'data': {'user_count': {'lower_end': 1874000, 'upper_end': 2292000}, 'user_count_stage': 2}}",1874000,2292000,2,2025-06-17 05:16:35.088415
40109,40109,BR,AGE_45_54,2635167,GENDER_MALE,,,,,,"{'advertiser_id': '7381489555305775105', 'objective_type': 'REACH', 'optimization_goal': 'REACH', 'placements': ['PLACEMENT_TIKTOK', 'PLACEMENT_PANGLE', 'PLACEMENT_GLOBAL_APP_BUNDLE'], 'location_ids': ['2635167'], 'gender': 'GENDER_MALE', 'age_groups': ['AGE_45_54']}",,"{'code': 0, 'message': 'OK', 'request_id': '202506170229183B100645F3BC1003A7FD', 'data': {'user_count': {'lower_end': 1268000, 'upper_end': 1551000}, 'user_count_stage': 2}}",1268000,1551000,2,2025-06-17 05:16:35.088415
40110,40110,BR,AGE_55_100,2635167,GENDER_MALE,,,,,,"{'advertiser_id': '7381489555305775105', 'objective_type': 'REACH', 'optimization_goal': 'REACH', 'placements': ['PLACEMENT_TIKTOK', 'PLACEMENT_PANGLE', 'PLACEMENT_GLOBAL_APP_BUNDLE'], 'location_ids': ['2635167'], 'gender': 'GENDER_MALE', 'age_groups': ['AGE_55_100']}",,"{'code': 0, 'message': 'OK', 'request_id': '202506170229196F14433C66B17002BCB0', 'data': {'user_count': {'lower_end': 1175000, 'upper_end': 1438000}, 'user_count_stage': 2}}",1175000,1438000,2,2025-06-17 05:16:35.088415
40113,40113,BR,AGE_13_17,2635167,GENDER_MALE,,,,,,"{'advertiser_id': '7381489555305775105', 'objective_type': 'REACH', 'optimization_goal': 'REACH', 'placements': ['PLACEMENT_TIKTOK', 'PLACEMENT_PANGLE', 'PLACEMENT_GLOBAL_APP_BUNDLE'], 'location_ids': ['2635167'], 'gender': 'GENDER_MALE', 'age_groups': ['AGE_13_17']}",,"{'code': 0, 'message': 'OK', 'request_id': '20250617022917570F5137DD107B02B614', 'data': {'user_count': {'lower_end': 0, 'upper_end': 1000}, 'user_count_stage': 1}}",0,1000,1,2025-06-17 05:16:35.088415
40117,40117,BR,AGE_45_54,2635167,GENDER_FEMALE,,,,,,"{'advertiser_id': '7381489555305775105', 'objective_type': 'REACH', 'optimization_goal': 'REACH', 'placements': ['PLACEMENT_TIKTOK', 'PLACEMENT_PANGLE', 'PLACEMENT_GLOBAL_APP_BUNDLE'], 'location_ids': ['2635167'], 'gender': 'GENDER_FEMALE', 'age_groups': ['AGE_45_54']}",,"{'code': 0, 'message': 'OK', 'request_id': '202506170229170FF80C5C9458BA02F9E9', 'data': {'user_count': {'lower_end': 1915000, 'upper_end': 2342000}, 'user_count_stage': 2}}",1915000,2342000,2,2025-06-17 05:16:35.088415
40118,40118,BR,AGE_18_24,690791,GENDER_FEMALE,,,,,,"{'advertiser_id': '7381489555305775105', 'objective_type': 'REACH', 'optimization_goal': 'REACH', 'placements': ['PLACEMENT_TIKTOK', 'PLACEMENT_PANGLE', 'PLACEMENT_GLOBAL_APP_BUNDLE'], 'location_ids': ['690791'], 'gender': 'GENDER_FEMALE', 'age_groups': ['AGE_18_24']}",,"{'code': 0, 'message': 'OK', 'request_id': '2025061702292010E3E8E137930002D4C2', 'data': {'user_count': {'lower_end': 3866000, 'upper_end': 4727000}, 'user_count_stage': 2}}",3866000,4727000,2,2025-06-17 05:16:35.088415
40119,40119,BR,AGE_13_17,690791,GENDER_FEMALE,,,,,,"{'advertiser_id': '7381489555305775105', 'objective_type': 'REACH', 'optimization_goal': 'REACH', 'placements': ['PLACEMENT_TIKTOK', 'PLACEMENT_PANGLE', 'PLACEMENT_GLOBAL_APP_BUNDLE'], 'location_ids': ['690791'], 'gender': 'GENDER_FEMALE', 'age_groups': ['AGE_13_17']}",,"{'code': 0, 'message': 'OK', 'request_id': '202506170229209889B5D1C2184B02E6BB', 'data': {'user_count': {'lower_end': 0, 'upper_end': 2000}, 'user_count_stage': 1}}",0,2000,1,2025-06-17 05:16:35.088415
40120,40120,BR,AGE_25_34,690791,GENDER_FEMALE,,,,,,"{'advertiser_id': '7381489555305775105', 'objective_type': 'REACH', 'optimization_goal': 'REACH', 'placements': ['PLACEMENT_TIKTOK', 'PLACEMENT_PANGLE', 'PLACEMENT_GLOBAL_APP_BUNDLE'], 'location_ids': ['690791'], 'gender': 'GENDER_FEMALE', 'age_groups': ['AGE_25_34']}",,"{'code': 0, 'message': 'OK', 'request_id': '20250617022921B41BE9A53034DC03C86C', 'data': {'user_count': {'lower_end': 6852000, 'upper_end': 8376000}, 'user_count_stage': 2}}",6852000,8376000,2,2025-06-17 05:16:35.088415
40122,40122,BR,AGE_35_44,690791,GENDER_FEMALE,,,,,,"{'advertiser_id': '7381489555305775105', 'objective_type': 'REACH', 'optimization_goal': 'REACH', 'placements': ['PLACEMENT_TIKTOK', 'PLACEMENT_PANGLE', 'PLACEMENT_GLOBAL_APP_BUNDLE'], 'location_ids': ['690791'], 'gender': 'GENDER_FEMALE', 'age_groups': ['AGE_35_44']}",,"{'code': 0, 'message': 'OK', 'request_id': '20250617022921EEEBBCC9EE8F2202C946', 'data': {'user_count': {'lower_end': 2422000, 'upper_end': 2961000}, 'user_count_stage': 2}}",2422000,2961000,2,2025-06-17 05:16:35.088415
40123,40123,BR,AGE_45_54,690791,GENDER_FEMALE,,,,,,"{'advertiser_id': '7381489555305775105', 'objective_type': 'REACH', 'optimization_goal': 'REACH', 'placements': ['PLACEMENT_TIKTOK', 'PLACEMENT_PANGLE', 'PLACEMENT_GLOBAL_APP_BUNDLE'], 'location_ids': ['690791'], 'gender': 'GENDER_FEMALE', 'age_groups': ['AGE_45_54']}",,"{'code': 0, 'message': 'OK', 'request_id': '202506170229219919ABE74B7A4202D3E2', 'data': {'user_count': {'lower_end': 2029000, 'upper_end': 2481000}, 'user_count_stage': 2}}",2029000,2481000,2,2025-06-17 05:16:35.088415
40124,40124,BR,AGE_13_17,690791,GENDER_MALE,,,,,,"{'advertiser_id': '7381489555305775105', 'objective_type': 'REACH', 'optimization_goal': 'REACH', 'placements': ['PLACEMENT_TIKTOK', 'PLACEMENT_PANGLE', 'PLACEMENT_GLOBAL_APP_BUNDLE'], 'location_ids': ['690791'], 'gender': 'GENDER_MALE', 'age_groups': ['AGE_13_17']}",,"{'code': 0, 'message': 'OK', 'request_id': '20250617022921C24B84AF30CB0E02B9DF', 'data': {'user_count': {'lower_end': 0, 'upper_end': 2000}, 'user_count_stage': 1}}",0,2000,1,2025-06-17 05:16:35.088415
40125,40125,BR,AGE_18_24,690791,GENDER_MALE,,,,,,"{'advertiser_id': '7381489555305775105', 'objective_type': 'REACH', 'optimization_goal': 'REACH', 'placements': ['PLACEMENT_TIKTOK', 'PLACEMENT_PANGLE', 'PLACEMENT_GLOBAL_APP_BUNDLE'], 'location_ids': ['690791'], 'gender': 'GENDER_MALE', 'age_groups': ['AGE_18_24']}",,"{'code': 0, 'message': 'OK', 'request_id': '20250617022921650F9AC0A3C0B103877C', 'data': {'user_count': {'lower_end': 31189000, 'upper_end': 38121000}, 'user_count_stage': 3}}",31189000,38121000,3,2025-06-17 05:16:35.088415
40126,40126,BR,AGE_55_100,690791,GENDER_FEMALE,,,,,,"{'advertiser_id': '7381489555305775105', 'objective_type': 'REACH', 'optimization_goal': 'REACH', 'placements': ['PLACEMENT_TIKTOK', 'PLACEMENT_PANGLE', 'PLACEMENT_GLOBAL_APP_BUNDLE'], 'location_ids': ['690791'], 'gender': 'GENDER_FEMALE', 'age_groups': ['AGE_55_100']}",,"{'code': 0, 'message': 'OK', 'request_id': '20250617022921BE4F16582C7C0802C599', 'data': {'user_count': {'lower_end': 1543000, 'upper_end': 1887000}, 'user_count_stage': 2}}",1543000,1887000,2,2025-06-17 05:16:35.088415
40127,40127,BR,AGE_55_100,690791,GENDER_MALE,,,,,,"{'advertiser_id': '7381489555305775105', 'objective_type': 'REACH', 'optimization_goal': 'REACH', 'placements': ['PLACEMENT_TIKTOK', 'PLACEMENT_PANGLE', 'PLACEMENT_GLOBAL_APP_BUNDLE'], 'location_ids': ['690791'], 'gender': 'GENDER_MALE', 'age_groups': ['AGE_55_100']}",,"{'code': 0, 'message': 'OK', 'request_id': '20250617022922C7864286E7B78302B128', 'data': {'user_count': {'lower_end': 1655000, 'upper_end': 2024000}, 'user_count_stage': 2}}",1655000,2024000,2,2025-06-17 05:16:35.088415
40128,40128,BR,AGE_25_34,690791,GENDER_MALE,,,,,,"{'advertiser_id': '7381489555305775105', 'objective_type': 'REACH', 'optimization_goal': 'REACH', 'placements': ['PLACEMENT_TIKTOK', 'PLACEMENT_PANGLE', 'PLACEMENT_GLOBAL_APP_BUNDLE'], 'location_ids': ['690791'], 'gender': 'GENDER_MALE', 'age_groups': ['AGE_25_34']}",,"{'code': 0, 'message': 'OK', 'request_id': '202506170229214E002DA674446302D5EC', 'data': {'user_count': {'lower_end': 9881000, 'upper_end': 12078000}, 'user_count_stage': 2}}",9881000,12078000,2,2025-06-17 05:16:35.088415
40129,40129,BR,AGE_45_54,690791,GENDER_MALE,,,,,,"{'advertiser_id': '7381489555305775105', 'objective_type': 'REACH', 'optimization_goal': 'REACH', 'placements': ['PLACEMENT_TIKTOK', 'PLACEMENT_PANGLE', 'PLACEMENT_GLOBAL_APP_BUNDLE'], 'location_ids': ['690791'], 'gender': 'GENDER_MALE', 'age_groups': ['AGE_45_54']}",,"{'code': 0, 'message': 'OK', 'request_id': '20250617022922429CE33A8E7B6202CCCB', 'data': {'user_count': {'lower_end': 1454000, 'upper_end': 1778000}, 'user_count_stage': 2}}",1454000,1778000,2,2025-06-17 05:16:35.088415
40131,40131,BR,AGE_35_44,690791,GENDER_MALE,,,,,,"{'advertiser_id': '7381489555305775105', 'objective_type': 'REACH', 'optimization_goal': 'REACH', 'placements': ['PLACEMENT_TIKTOK', 'PLACEMENT_PANGLE', 'PLACEMENT_GLOBAL_APP_BUNDLE'], 'location_ids': ['690791'], 'gender': 'GENDER_MALE', 'age_groups': ['AGE_35_44']}",,"{'code': 0, 'message': 'OK', 'request_id': '20250617022921B41BE9A53034DC03C89A', 'data': {'user_count': {'lower_end': 6492000, 'upper_end': 7936000}, 'user_count_stage': 2}}",6492000,7936000,2,2025-06-17 05:16:35.088415
40137,40137,BR,AGE_18_24,587116,GENDER_FEMALE,,,,,,"{'advertiser_id': '7381489555305775105', 'objective_type': 'REACH', 'optimization_goal': 'REACH', 'placements': ['PLACEMENT_TIKTOK', 'PLACEMENT_PANGLE', 'PLACEMENT_GLOBAL_APP_BUNDLE'], 'location_ids': ['587116'], 'gender': 'GENDER_FEMALE', 'age_groups': ['AGE_18_24']}",,"{'code': 0, 'message': 'OK', 'request_id': '202506170229239E7EFDAE8442D303A2D9', 'data': {'user_count': {'lower_end': 756000, 'upper_end': 925000}, 'user_count_stage': 2}}",756000,925000,2,2025-06-17 05:16:35.088415
40138,40138,BR,AGE_25_34,587116,GENDER_FEMALE,,,,,,"{'advertiser_id': '7381489555305775105', 'objective_type': 'REACH', 'optimization_goal': 'REACH', 'placements': ['PLACEMENT_TIKTOK', 'PLACEMENT_PANGLE', 'PLACEMENT_GLOBAL_APP_BUNDLE'], 'location_ids': ['587116'], 'gender': 'GENDER_FEMALE', 'age_groups': ['AGE_25_34']}",,"{'code': 0, 'message': 'OK', 'request_id': '20250617022923C248F16F25BFB202E93D', 'data': {'user_count': {'lower_end': 1082000, 'upper_end': 1323000}, 'user_count_stage': 2}}",1082000,1323000,2,2025-06-17 05:16:35.088415
40139,40139,BR,AGE_35_44,587116,GENDER_FEMALE,,,,,,"{'advertiser_id': '7381489555305775105', 'objective_type': 'REACH', 'optimization_goal': 'REACH', 'placements': ['PLACEMENT_TIKTOK', 'PLACEMENT_PANGLE', 'PLACEMENT_GLOBAL_APP_BUNDLE'], 'location_ids': ['587116'], 'gender': 'GENDER_FEMALE', 'age_groups': ['AGE_35_44']}",,"{'code': 0, 'message': 'OK', 'request_id': '20250617022923FBBBCD8DA123C602C0C3', 'data': {'user_count': {'lower_end': 460000, 'upper_end': 563000}, 'user_count_stage': 2}}",460000,563000,2,2025-06-17 05:16:35.088415
40140,40140,BR,AGE_13_17,587116,GENDER_FEMALE,,,,,,"{'advertiser_id': '7381489555305775105', 'objective_type': 'REACH', 'optimization_goal': 'REACH', 'placements': ['PLACEMENT_TIKTOK', 'PLACEMENT_PANGLE', 'PLACEMENT_GLOBAL_APP_BUNDLE'], 'location_ids': ['587116'], 'gender': 'GENDER_FEMALE', 'age_groups': ['AGE_13_17']}",,"{'code': 0, 'message': 'OK', 'request_id': '20250617022923A3C4471ECB0B64029DFF', 'data': {'user_count': {'lower_end': 0, 'upper_end': 1000}, 'user_count_stage': 1}}",0,1000,1,2025-06-17 05:16:35.088415
40141,40141,BR,AGE_45_54,587116,GENDER_FEMALE,,,,,,"{'advertiser_id': '7381489555305775105', 'objective_type': 'REACH', 'optimization_goal': 'REACH', 'placements': ['PLACEMENT_TIKTOK', 'PLACEMENT_PANGLE', 'PLACEMENT_GLOBAL_APP_BUNDLE'], 'location_ids': ['587116'], 'gender': 'GENDER_FEMALE', 'age_groups': ['AGE_45_54']}",,"{'code': 0, 'message': 'OK', 'request_id': '202506170229231141381B1BEB1602DECB', 'data': {'user_count': {'lower_end': 245000, 'upper_end': 300000}, 'user_count_stage': 2}}",245000,300000,2,2025-06-17 05:16:35.088415
40142,40142,BR,AGE_13_17,587116,GENDER_MALE,,,,,,"{'advertiser_id': '7381489555305775105', 'objective_type': 'REACH', 'optimization_goal': 'REACH', 'placements': ['PLACEMENT_TIKTOK', 'PLACEMENT_PANGLE', 'PLACEMENT_GLOBAL_APP_BUNDLE'], 'location_ids': ['587116'], 'gender': 'GENDER_MALE', 'age_groups': ['AGE_13_17']}",,"{'code': 0, 'message': 'OK', 'request_id': '202506170229246A6D3B13DF072602CD99', 'data': {'user_count': {'lower_end': 0, 'upper_end': 1000}, 'user_count_stage': 1}}",0,1000,1,2025-06-17 05:16:35.088415
40143,40143,BR,AGE_55_100,587116,GENDER_FEMALE,,,,,,"{'advertiser_id': '7381489555305775105', 'objective_type': 'REACH', 'optimization_goal': 'REACH', 'placements': ['PLACEMENT_TIKTOK', 'PLACEMENT_PANGLE', 'PLACEMENT_GLOBAL_APP_BUNDLE'], 'location_ids': ['587116'], 'gender': 'GENDER_FEMALE', 'age_groups': ['AGE_55_100']}",,"{'code': 0, 'message': 'OK', 'request_id': '20250617022924C24B84AF30CB0E02BA25', 'data': {'user_count': {'lower_end': 347000, 'upper_end': 425000}, 'user_count_stage': 2}}",347000,425000,2,2025-06-17 05:16:35.088415
40144,40144,BR,AGE_25_34,587116,GENDER_MALE,,,,,,"{'advertiser_id': '7381489555305775105', 'objective_type': 'REACH', 'optimization_goal': 'REACH', 'placements': ['PLACEMENT_TIKTOK', 'PLACEMENT_PANGLE', 'PLACEMENT_GLOBAL_APP_BUNDLE'], 'location_ids': ['587116'], 'gender': 'GENDER_MALE', 'age_groups': ['AGE_25_34']}",,"{'code': 0, 'message': 'OK', 'request_id': '2025061702292481DFC81D260AD8031087', 'data': {'user_count': {'lower_end': 1468000, 'upper_end': 1796000}, 'user_count_stage': 3}}",1468000,1796000,3,2025-06-17 05:16:35.088415
40145,40145,BR,AGE_18_24,587116,GENDER_MALE,,,,,,"{'advertiser_id': '7381489555305775105', 'objective_type': 'REACH', 'optimization_goal': 'REACH', 'placements': ['PLACEMENT_TIKTOK', 'PLACEMENT_PANGLE', 'PLACEMENT_GLOBAL_APP_BUNDLE'], 'location_ids': ['587116'], 'gender': 'GENDER_MALE', 'age_groups': ['AGE_18_24']}",,"{'code': 0, 'message': 'OK', 'request_id': '202506170229242D2D6E73F8F12102A7F7', 'data': {'user_count': {'lower_end': 732000, 'upper_end': 896000}, 'user_count_stage': 2}}",732000,896000,2,2025-06-17 05:16:35.088415
40146,40146,BR,AGE_55_100,587116,GENDER_MALE,,,,,,"{'advertiser_id': '7381489555305775105', 'objective_type': 'REACH', 'optimization_goal': 'REACH', 'placements': ['PLACEMENT_TIKTOK', 'PLACEMENT_PANGLE', 'PLACEMENT_GLOBAL_APP_BUNDLE'], 'location_ids': ['587116'], 'gender': 'GENDER_MALE', 'age_groups': ['AGE_55_100']}",,"{'code': 0, 'message': 'OK', 'request_id': '202506170229244510187A3834FB02CB11', 'data': {'user_count': {'lower_end': 361000, 'upper_end': 443000}, 'user_count_stage': 2}}",361000,443000,2,2025-06-17 05:16:35.088415
40152,40152,BR,AGE_13_17,3508796,GENDER_FEMALE,,,,,,"{'advertiser_id': '7381489555305775105', 'objective_type': 'REACH', 'optimization_goal': 'REACH', 'placements': ['PLACEMENT_TIKTOK', 'PLACEMENT_PANGLE', 'PLACEMENT_GLOBAL_APP_BUNDLE'], 'location_ids': ['3508796'], 'gender': 'GENDER_FEMALE', 'age_groups': ['AGE_13_17']}",,"{'code': 0, 'message': 'OK', 'request_id': '202506170229251141381B1BEB1602DF0C', 'data': {'user_count': {'lower_end': 0, 'upper_end': 1000}, 'user_count_stage': 1}}",0,1000,1,2025-06-17 05:16:35.088415
40154,40154,BR,AGE_25_34,3508796,GENDER_FEMALE,,,,,,"{'advertiser_id': '7381489555305775105', 'objective_type': 'REACH', 'optimization_goal': 'REACH', 'placements': ['PLACEMENT_TIKTOK', 'PLACEMENT_PANGLE', 'PLACEMENT_GLOBAL_APP_BUNDLE'], 'location_ids': ['3508796'], 'gender': 'GENDER_FEMALE', 'age_groups': ['AGE_25_34']}",,"{'code': 0, 'message': 'OK', 'request_id': '20250617022926F671997AB698E502AFC1', 'data': {'user_count': {'lower_end': 1185000, 'upper_end': 1450000}, 'user_count_stage': 2}}",1185000,1450000,2,2025-06-17 05:16:35.088415
40155,40155,BR,AGE_18_24,3508796,GENDER_FEMALE,,,,,,"{'advertiser_id': '7381489555305775105', 'objective_type': 'REACH', 'optimization_goal': 'REACH', 'placements': ['PLACEMENT_TIKTOK', 'PLACEMENT_PANGLE', 'PLACEMENT_GLOBAL_APP_BUNDLE'], 'location_ids': ['3508796'], 'gender': 'GENDER_FEMALE', 'age_groups': ['AGE_18_24']}",,"{'code': 0, 'message': 'OK', 'request_id': '202506170229260A8E57937D41F702D923', 'data': {'user_count': {'lower_end': 931000, 'upper_end': 1139000}, 'user_count_stage': 2}}",931000,1139000,2,2025-06-17 05:16:35.088415
40156,40156,BR,AGE_35_44,3508796,GENDER_FEMALE,,,,,,"{'advertiser_id': '7381489555305775105', 'objective_type': 'REACH', 'optimization_goal': 'REACH', 'placements': ['PLACEMENT_TIKTOK', 'PLACEMENT_PANGLE', 'PLACEMENT_GLOBAL_APP_BUNDLE'], 'location_ids': ['3508796'], 'gender': 'GENDER_FEMALE', 'age_groups': ['AGE_35_44']}",,"{'code': 0, 'message': 'OK', 'request_id': '202506170229263EEF0D1F158B6D02F248', 'data': {'user_count': {'lower_end': 417000, 'upper_end': 511000}, 'user_count_stage': 2}}",417000,511000,2,2025-06-17 05:16:35.088415
40157,40157,BR,AGE_45_54,3508796,GENDER_FEMALE,,,,,,"{'advertiser_id': '7381489555305775105', 'objective_type': 'REACH', 'optimization_goal': 'REACH', 'placements': ['PLACEMENT_TIKTOK', 'PLACEMENT_PANGLE', 'PLACEMENT_GLOBAL_APP_BUNDLE'], 'location_ids': ['3508796'], 'gender': 'GENDER_FEMALE', 'age_groups': ['AGE_45_54']}",,"{'code': 0, 'message': 'OK', 'request_id': '202506170229260569109DE2F34402B509', 'data': {'user_count': {'lower_end': 210000, 'upper_end': 258000}, 'user_count_stage': 2}}",210000,258000,2,2025-06-17 05:16:35.088415
40158,40158,BR,AGE_55_100,3508796,GENDER_FEMALE,,,,,,"{'advertiser_id': '7381489555305775105', 'objective_type': 'REACH', 'optimization_goal': 'REACH', 'placements': ['PLACEMENT_TIKTOK', 'PLACEMENT_PANGLE', 'PLACEMENT_GLOBAL_APP_BUNDLE'], 'location_ids': ['3508796'], 'gender': 'GENDER_FEMALE', 'age_groups': ['AGE_55_100']}",,"{'code': 0, 'message': 'OK', 'request_id': '20250617022927A0607CC5388AD802F004', 'data': {'user_count': {'lower_end': 214000, 'upper_end': 263000}, 'user_count_stage': 2}}",214000,263000,2,2025-06-17 05:16:35.088415
40159,40159,BR,AGE_13_17,3508796,GENDER_MALE,,,,,,"{'advertiser_id': '7381489555305775105', 'objective_type': 'REACH', 'optimization_goal': 'REACH', 'placements': ['PLACEMENT_TIKTOK', 'PLACEMENT_PANGLE', 'PLACEMENT_GLOBAL_APP_BUNDLE'], 'location_ids': ['3508796'], 'gender': 'GENDER_MALE', 'age_groups': ['AGE_13_17']}",,"{'code': 0, 'message': 'OK', 'request_id': '2025061702292719BA480FAEE6FA036767', 'data': {'user_count': {'lower_end': 0, 'upper_end': 1000}, 'user_count_stage': 1}}",0,1000,1,2025-06-17 05:16:35.088415
40160,40160,BR,AGE_45_54,587116,GENDER_MALE,,,,,,"{'advertiser_id': '7381489555305775105', 'objective_type': 'REACH', 'optimization_goal': 'REACH', 'placements': ['PLACEMENT_TIKTOK', 'PLACEMENT_PANGLE', 'PLACEMENT_GLOBAL_APP_BUNDLE'], 'location_ids': ['587116'], 'gender': 'GENDER_MALE', 'age_groups': ['AGE_45_54']}",,"{'code': 0, 'message': 'OK', 'request_id': '20250617022924AFD36C976A19DB02CB8E', 'data': {'user_count': {'lower_end': 356000, 'upper_end': 437000}, 'user_count_stage': 2}}",356000,437000,2,2025-06-17 05:16:35.088415
40161,40161,BR,AGE_25_34,3508796,GENDER_MALE,,,,,,"{'advertiser_id': '7381489555305775105', 'objective_type': 'REACH', 'optimization_goal': 'REACH', 'placements': ['PLACEMENT_TIKTOK', 'PLACEMENT_PANGLE', 'PLACEMENT_GLOBAL_APP_BUNDLE'], 'location_ids': ['3508796'], 'gender': 'GENDER_MALE', 'age_groups': ['AGE_25_34']}",,"{'code': 0, 'message': 'OK', 'request_id': '202506170229271CA111C8E3E98602C0CE', 'data': {'user_count': {'lower_end': 1783000, 'upper_end': 2180000}, 'user_count_stage': 3}}",1783000,2180000,3,2025-06-17 05:16:35.088415
40162,40162,BR,AGE_18_24,3508796,GENDER_MALE,,,,,,"{'advertiser_id': '7381489555305775105', 'objective_type': 'REACH', 'optimization_goal': 'REACH', 'placements': ['PLACEMENT_TIKTOK', 'PLACEMENT_PANGLE', 'PLACEMENT_GLOBAL_APP_BUNDLE'], 'location_ids': ['3508796'], 'gender': 'GENDER_MALE', 'age_groups': ['AGE_18_24']}",,"{'code': 0, 'message': 'OK', 'request_id': '202506170229273B85E9CC5036E402E5D2', 'data': {'user_count': {'lower_end': 1066000, 'upper_end': 1304000}, 'user_count_stage': 2}}",1066000,1304000,2,2025-06-17 05:16:35.088415
40163,40163,BR,AGE_35_44,3508796,GENDER_MALE,,,,,,"{'advertiser_id': '7381489555305775105', 'objective_type': 'REACH', 'optimization_goal': 'REACH', 'placements': ['PLACEMENT_TIKTOK', 'PLACEMENT_PANGLE', 'PLACEMENT_GLOBAL_APP_BUNDLE'], 'location_ids': ['3508796'], 'gender': 'GENDER_MALE', 'age_groups': ['AGE_35_44']}",,"{'code': 0, 'message': 'OK', 'request_id': '202506170229273BFFE45A923152039216', 'data': {'user_count': {'lower_end': 586000, 'upper_end': 717000}, 'user_count_stage': 2}}",586000,717000,2,2025-06-17 05:16:35.088415
40165,40165,BR,AGE_35_44,587116,GENDER_MALE,,,,,,"{'advertiser_id': '7381489555305775105', 'objective_type': 'REACH', 'optimization_goal': 'REACH', 'placements': ['PLACEMENT_TIKTOK', 'PLACEMENT_PANGLE', 'PLACEMENT_GLOBAL_APP_BUNDLE'], 'location_ids': ['587116'], 'gender': 'GENDER_MALE', 'age_groups': ['AGE_35_44']}",,"{'code': 0, 'message': 'OK', 'request_id': '20250617022924201DD45E79CC7302C2EC', 'data': {'user_count': {'lower_end': 706000, 'upper_end': 864000}, 'user_count_stage': 2}}",706000,864000,2,2025-06-17 05:16:35.088415
40166,40166,BR,AGE_55_100,3508796,GENDER_MALE,,,,,,"{'advertiser_id': '7381489555305775105', 'objective_type': 'REACH', 'optimization_goal': 'REACH', 'placements': ['PLACEMENT_TIKTOK', 'PLACEMENT_PANGLE', 'PLACEMENT_GLOBAL_APP_BUNDLE'], 'location_ids': ['3508796'], 'gender': 'GENDER_MALE', 'age_groups': ['AGE_55_100']}",,"{'code': 0, 'message': 'OK', 'request_id': '20250617022928417DFD0EB73E0202CE6C', 'data': {'user_count': {'lower_end': 240000, 'upper_end': 294000}, 'user_count_stage': 2}}",240000,294000,2,2025-06-17 05:16:35.088415
40171,40171,BR,AGE_45_54,3508796,GENDER_MALE,,,,,,"{'advertiser_id': '7381489555305775105', 'objective_type': 'REACH', 'optimization_goal': 'REACH', 'placements': ['PLACEMENT_TIKTOK', 'PLACEMENT_PANGLE', 'PLACEMENT_GLOBAL_APP_BUNDLE'], 'location_ids': ['3508796'], 'gender': 'GENDER_MALE', 'age_groups': ['AGE_45_54']}",,"{'code': 0, 'message': 'OK', 'request_id': '202506170229291BB3D1D31994CF02B9A0', 'data': {'user_count': {'lower_end': 275000, 'upper_end': 338000}, 'user_count_stage': 2}}",275000,338000,2,2025-06-17 05:16:35.088415
40172,40172,BR,AGE_18_24,3144096,GENDER_FEMALE,,,,,,"{'advertiser_id': '7381489555305775105', 'objective_type': 'REACH', 'optimization_goal': 'REACH', 'placements': ['PLACEMENT_TIKTOK', 'PLACEMENT_PANGLE', 'PLACEMENT_GLOBAL_APP_BUNDLE'], 'location_ids': ['3144096'], 'gender': 'GENDER_FEMALE', 'age_groups': ['AGE_18_24']}",,"{'code': 0, 'message': 'OK', 'request_id': '2025061702292947967ECB31A81B02EAFF', 'data': {'user_count': {'lower_end': 332000, 'upper_end': 407000}, 'user_count_stage': 2}}",332000,407000,2,2025-06-17 05:16:35.088415
40174,40174,BR,AGE_25_34,3144096,GENDER_FEMALE,,,,,,"{'advertiser_id': '7381489555305775105', 'objective_type': 'REACH', 'optimization_goal': 'REACH', 'placements': ['PLACEMENT_TIKTOK', 'PLACEMENT_PANGLE', 'PLACEMENT_GLOBAL_APP_BUNDLE'], 'location_ids': ['3144096'], 'gender': 'GENDER_FEMALE', 'age_groups': ['AGE_25_34']}",,"{'code': 0, 'message': 'OK', 'request_id': '2025061702292901EC176512CA3B02F9B2', 'data': {'user_count': {'lower_end': 282000, 'upper_end': 346000}, 'user_count_stage': 2}}",282000,346000,2,2025-06-17 05:16:35.088415
40175,40175,BR,AGE_35_44,3144096,GENDER_FEMALE,,,,,,"{'advertiser_id': '7381489555305775105', 'objective_type': 'REACH', 'optimization_goal': 'REACH', 'placements': ['PLACEMENT_TIKTOK', 'PLACEMENT_PANGLE', 'PLACEMENT_GLOBAL_APP_BUNDLE'], 'location_ids': ['3144096'], 'gender': 'GENDER_FEMALE', 'age_groups': ['AGE_35_44']}",,"{'code': 0, 'message': 'OK', 'request_id': '2025061702292931B3A32267492A02D23E', 'data': {'user_count': {'lower_end': 139000, 'upper_end': 171000}, 'user_count_stage': 2}}",139000,171000,2,2025-06-17 05:16:35.088415
40176,40176,BR,AGE_45_54,3144096,GENDER_FEMALE,,,,,,"{'advertiser_id': '7381489555305775105', 'objective_type': 'REACH', 'optimization_goal': 'REACH', 'placements': ['PLACEMENT_TIKTOK', 'PLACEMENT_PANGLE', 'PLACEMENT_GLOBAL_APP_BUNDLE'], 'location_ids': ['3144096'], 'gender': 'GENDER_FEMALE', 'age_groups': ['AGE_45_54']}",,"{'code': 0, 'message': 'OK', 'request_id': '202506170229298E1FFC2310621B030978', 'data': {'user_count': {'lower_end': 106000, 'upper_end': 131000}, 'user_count_stage': 2}}",106000,131000,2,2025-06-17 05:16:35.088415
40177,40177,BR,AGE_55_100,3144096,GENDER_FEMALE,,,,,,"{'advertiser_id': '7381489555305775105', 'objective_type': 'REACH', 'optimization_goal': 'REACH', 'placements': ['PLACEMENT_TIKTOK', 'PLACEMENT_PANGLE', 'PLACEMENT_GLOBAL_APP_BUNDLE'], 'location_ids': ['3144096'], 'gender': 'GENDER_FEMALE', 'age_groups': ['AGE_55_100']}",,"{'code': 0, 'message': 'OK', 'request_id': '202506170229290DE9F638DFED5D02FF74', 'data': {'user_count': {'lower_end': 69000, 'upper_end': 85000}, 'user_count_stage': 2}}",69000,85000,2,2025-06-17 05:16:35.088415
40178,40178,BR,AGE_18_24,3144096,GENDER_MALE,,,,,,"{'advertiser_id': '7381489555305775105', 'objective_type': 'REACH', 'optimization_goal': 'REACH', 'placements': ['PLACEMENT_TIKTOK', 'PLACEMENT_PANGLE', 'PLACEMENT_GLOBAL_APP_BUNDLE'], 'location_ids': ['3144096'], 'gender': 'GENDER_MALE', 'age_groups': ['AGE_18_24']}",,"{'code': 0, 'message': 'OK', 'request_id': '202506170229302D2D6E73F8F12102A8E1', 'data': {'user_count': {'lower_end': 255000, 'upper_end': 312000}, 'user_count_stage': 2}}",255000,312000,2,2025-06-17 05:16:35.088415
40179,40179,BR,AGE_13_17,3144096,GENDER_MALE,,,,,,"{'advertiser_id': '7381489555305775105', 'objective_type': 'REACH', 'optimization_goal': 'REACH', 'placements': ['PLACEMENT_TIKTOK', 'PLACEMENT_PANGLE', 'PLACEMENT_GLOBAL_APP_BUNDLE'], 'location_ids': ['3144096'], 'gender': 'GENDER_MALE', 'age_groups': ['AGE_13_17']}",,"{'code': 0, 'message': 'OK', 'request_id': '202506170229301137D77E5380A402DE36', 'data': {'user_count': {'lower_end': 0, 'upper_end': 1000}, 'user_count_stage': 1}}",0,1000,1,2025-06-17 05:16:35.088415
40180,40180,BR,AGE_13_17,3144096,GENDER_FEMALE,,,,,,"{'advertiser_id': '7381489555305775105', 'objective_type': 'REACH', 'optimization_goal': 'REACH', 'placements': ['PLACEMENT_TIKTOK', 'PLACEMENT_PANGLE', 'PLACEMENT_GLOBAL_APP_BUNDLE'], 'location_ids': ['3144096'], 'gender': 'GENDER_FEMALE', 'age_groups': ['AGE_13_17']}",,"{'code': 0, 'message': 'OK', 'request_id': '20250617022929A19A585FC5207D02C12E', 'data': {'user_count': {'lower_end': 0, 'upper_end': 1000}, 'user_count_stage': 1}}",0,1000,1,2025-06-17 05:16:35.088415
40181,40181,BR,AGE_35_44,3144096,GENDER_MALE,,,,,,"{'advertiser_id': '7381489555305775105', 'objective_type': 'REACH', 'optimization_goal': 'REACH', 'placements': ['PLACEMENT_TIKTOK', 'PLACEMENT_PANGLE', 'PLACEMENT_GLOBAL_APP_BUNDLE'], 'location_ids': ['3144096'], 'gender': 'GENDER_MALE', 'age_groups': ['AGE_35_44']}",,"{'code': 0, 'message': 'OK', 'request_id': '2025061702293038440F02A8A7A202B3BC', 'data': {'user_count': {'lower_end': 115000, 'upper_end': 141000}, 'user_count_stage': 2}}",115000,141000,2,2025-06-17 05:16:35.088415
40182,40182,BR,AGE_25_34,3144096,GENDER_MALE,,,,,,"{'advertiser_id': '7381489555305775105', 'objective_type': 'REACH', 'optimization_goal': 'REACH', 'placements': ['PLACEMENT_TIKTOK', 'PLACEMENT_PANGLE', 'PLACEMENT_GLOBAL_APP_BUNDLE'], 'location_ids': ['3144096'], 'gender': 'GENDER_MALE', 'age_groups': ['AGE_25_34']}",,"{'code': 0, 'message': 'OK', 'request_id': '20250617022930055D00B363EDFB02E6D1', 'data': {'user_count': {'lower_end': 232000, 'upper_end': 285000}, 'user_count_stage': 2}}",232000,285000,2,2025-06-17 05:16:35.088415
40183,40183,BR,AGE_45_54,3144096,GENDER_MALE,,,,,,"{'advertiser_id': '7381489555305775105', 'objective_type': 'REACH', 'optimization_goal': 'REACH', 'placements': ['PLACEMENT_TIKTOK', 'PLACEMENT_PANGLE', 'PLACEMENT_GLOBAL_APP_BUNDLE'], 'location_ids': ['3144096'], 'gender': 'GENDER_MALE', 'age_groups': ['AGE_45_54']}",,"{'code': 0, 'message': 'OK', 'request_id': '20250617022931C24B84AF30CB0E02BB24', 'data': {'user_count': {'lower_end': 81000, 'upper_end': 100000}, 'user_count_stage': 2}}",81000,100000,2,2025-06-17 05:16:35.088415
40184,40184,BR,AGE_55_100,3144096,GENDER_MALE,,,,,,"{'advertiser_id': '7381489555305775105', 'objective_type': 'REACH', 'optimization_goal': 'REACH', 'placements': ['PLACEMENT_TIKTOK', 'PLACEMENT_PANGLE', 'PLACEMENT_GLOBAL_APP_BUNDLE'], 'location_ids': ['3144096'], 'gender': 'GENDER_MALE', 'age_groups': ['AGE_55_100']}",,"{'code': 0, 'message': 'OK', 'request_id': '20250617022931124D59425B750902C1FE', 'data': {'user_count': {'lower_end': 59000, 'upper_end': 74000}, 'user_count_stage': 2}}",59000,74000,2,2025-06-17 05:16:35.088415
40190,40190,BR,AGE_13_17,660013,GENDER_FEMALE,,,,,,"{'advertiser_id': '7381489555305775105', 'objective_type': 'REACH', 'optimization_goal': 'REACH', 'placements': ['PLACEMENT_TIKTOK', 'PLACEMENT_PANGLE', 'PLACEMENT_GLOBAL_APP_BUNDLE'], 'location_ids': ['660013'], 'gender': 'GENDER_FEMALE', 'age_groups': ['AGE_13_17']}",,"{'code': 0, 'message': 'OK', 'request_id': '2025061702293240E198056C507702E4BD', 'data': {'user_count': {'lower_end': 0, 'upper_end': 1000}, 'user_count_stage': 1}}",0,1000,1,2025-06-17 05:16:35.088415
40191,40191,BR,AGE_18_24,660013,GENDER_FEMALE,,,,,,"{'advertiser_id': '7381489555305775105', 'objective_type': 'REACH', 'optimization_goal': 'REACH', 'placements': ['PLACEMENT_TIKTOK', 'PLACEMENT_PANGLE', 'PLACEMENT_GLOBAL_APP_BUNDLE'], 'location_ids': ['660013'], 'gender': 'GENDER_FEMALE', 'age_groups': ['AGE_18_24']}",,"{'code': 0, 'message': 'OK', 'request_id': '202506170229320749023DBF8B8802D1D0', 'data': {'user_count': {'lower_end': 284000, 'upper_end': 349000}, 'user_count_stage': 2}}",284000,349000,2,2025-06-17 05:16:35.088415
40192,40192,BR,AGE_25_34,660013,GENDER_FEMALE,,,,,,"{'advertiser_id': '7381489555305775105', 'objective_type': 'REACH', 'optimization_goal': 'REACH', 'placements': ['PLACEMENT_TIKTOK', 'PLACEMENT_PANGLE', 'PLACEMENT_GLOBAL_APP_BUNDLE'], 'location_ids': ['660013'], 'gender': 'GENDER_FEMALE', 'age_groups': ['AGE_25_34']}",,"{'code': 0, 'message': 'OK', 'request_id': '20250617022932B25654C7362576037D06', 'data': {'user_count': {'lower_end': 271000, 'upper_end': 332000}, 'user_count_stage': 2}}",271000,332000,2,2025-06-17 05:16:35.088415
40193,40193,BR,AGE_45_54,660013,GENDER_FEMALE,,,,,,"{'advertiser_id': '7381489555305775105', 'objective_type': 'REACH', 'optimization_goal': 'REACH', 'placements': ['PLACEMENT_TIKTOK', 'PLACEMENT_PANGLE', 'PLACEMENT_GLOBAL_APP_BUNDLE'], 'location_ids': ['660013'], 'gender': 'GENDER_FEMALE', 'age_groups': ['AGE_45_54']}",,"{'code': 0, 'message': 'OK', 'request_id': '202506170229328621E7A0CF0D8902EF39', 'data': {'user_count': {'lower_end': 94000, 'upper_end': 116000}, 'user_count_stage': 2}}",94000,116000,2,2025-06-17 05:16:35.088415
40194,40194,BR,AGE_35_44,660013,GENDER_FEMALE,,,,,,"{'advertiser_id': '7381489555305775105', 'objective_type': 'REACH', 'optimization_goal': 'REACH', 'placements': ['PLACEMENT_TIKTOK', 'PLACEMENT_PANGLE', 'PLACEMENT_GLOBAL_APP_BUNDLE'], 'location_ids': ['660013'], 'gender': 'GENDER_FEMALE', 'age_groups': ['AGE_35_44']}",,"{'code': 0, 'message': 'OK', 'request_id': '20250617022932627DEE49DB825A02DCA3', 'data': {'user_count': {'lower_end': 122000, 'upper_end': 150000}, 'user_count_stage': 2}}",122000,150000,2,2025-06-17 05:16:35.088415
40195,40195,BR,AGE_55_100,660013,GENDER_FEMALE,,,,,,"{'advertiser_id': '7381489555305775105', 'objective_type': 'REACH', 'optimization_goal': 'REACH', 'placements': ['PLACEMENT_TIKTOK', 'PLACEMENT_PANGLE', 'PLACEMENT_GLOBAL_APP_BUNDLE'], 'location_ids': ['660013'], 'gender': 'GENDER_FEMALE', 'age_groups': ['AGE_55_100']}",,"{'code': 0, 'message': 'OK', 'request_id': '20250617022933B96DE0DA4E8E4002CCB6', 'data': {'user_count': {'lower_end': 76000, 'upper_end': 94000}, 'user_count_stage': 2}}",76000,94000,2,2025-06-17 05:16:35.088415
40196,40196,BR,AGE_13_17,660013,GENDER_MALE,,,,,,"{'advertiser_id': '7381489555305775105', 'objective_type': 'REACH', 'optimization_goal': 'REACH', 'placements': ['PLACEMENT_TIKTOK', 'PLACEMENT_PANGLE', 'PLACEMENT_GLOBAL_APP_BUNDLE'], 'location_ids': ['660013'], 'gender': 'GENDER_MALE', 'age_groups': ['AGE_13_17']}",,"{'code': 0, 'message': 'OK', 'request_id': '2025061702293345AFA721A0466502B2EB', 'data': {'user_count': {'lower_end': 0, 'upper_end': 1000}, 'user_count_stage': 1}}",0,1000,1,2025-06-17 05:16:35.088415
40197,40197,BR,AGE_18_24,660013,GENDER_MALE,,,,,,"{'advertiser_id': '7381489555305775105', 'objective_type': 'REACH', 'optimization_goal': 'REACH', 'placements': ['PLACEMENT_TIKTOK', 'PLACEMENT_PANGLE', 'PLACEMENT_GLOBAL_APP_BUNDLE'], 'location_ids': ['660013'], 'gender': 'GENDER_MALE', 'age_groups': ['AGE_18_24']}",,"{'code': 0, 'message': 'OK', 'request_id': '20250617022933B24AD33757BF6002E781', 'data': {'user_count': {'lower_end': 204000, 'upper_end': 251000}, 'user_count_stage': 2}}",204000,251000,2,2025-06-17 05:16:35.088415
40198,40198,BR,AGE_35_44,660013,GENDER_MALE,,,,,,"{'advertiser_id': '7381489555305775105', 'objective_type': 'REACH', 'optimization_goal': 'REACH', 'placements': ['PLACEMENT_TIKTOK', 'PLACEMENT_PANGLE', 'PLACEMENT_GLOBAL_APP_BUNDLE'], 'location_ids': ['660013'], 'gender': 'GENDER_MALE', 'age_groups': ['AGE_35_44']}",,"{'code': 0, 'message': 'OK', 'request_id': '20250617022934ACB5F72E92079D02C416', 'data': {'user_count': {'lower_end': 99000, 'upper_end': 122000}, 'user_count_stage': 2}}",99000,122000,2,2025-06-17 05:16:35.088415
40199,40199,BR,AGE_45_54,660013,GENDER_MALE,,,,,,"{'advertiser_id': '7381489555305775105', 'objective_type': 'REACH', 'optimization_goal': 'REACH', 'placements': ['PLACEMENT_TIKTOK', 'PLACEMENT_PANGLE', 'PLACEMENT_GLOBAL_APP_BUNDLE'], 'location_ids': ['660013'], 'gender': 'GENDER_MALE', 'age_groups': ['AGE_45_54']}",,"{'code': 0, 'message': 'OK', 'request_id': '2025061702293431B3A32267492A02D2BC', 'data': {'user_count': {'lower_end': 70000, 'upper_end': 87000}, 'user_count_stage': 2}}",70000,87000,2,2025-06-17 05:16:35.088415
40200,40200,BR,AGE_25_34,660013,GENDER_MALE,,,,,,"{'advertiser_id': '7381489555305775105', 'objective_type': 'REACH', 'optimization_goal': 'REACH', 'placements': ['PLACEMENT_TIKTOK', 'PLACEMENT_PANGLE', 'PLACEMENT_GLOBAL_APP_BUNDLE'], 'location_ids': ['660013'], 'gender': 'GENDER_MALE', 'age_groups': ['AGE_25_34']}",,"{'code': 0, 'message': 'OK', 'request_id': '20250617022934192BB2127ECA3F02C653', 'data': {'user_count': {'lower_end': 222000, 'upper_end': 273000}, 'user_count_stage': 2}}",222000,273000,2,2025-06-17 05:16:35.088415
40201,40201,BR,AGE_55_100,660013,GENDER_MALE,,,,,,"{'advertiser_id': '7381489555305775105', 'objective_type': 'REACH', 'optimization_goal': 'REACH', 'placements': ['PLACEMENT_TIKTOK', 'PLACEMENT_PANGLE', 'PLACEMENT_GLOBAL_APP_BUNDLE'], 'location_ids': ['660013'], 'gender': 'GENDER_MALE', 'age_groups': ['AGE_55_100']}",,"{'code': 0, 'message': 'OK', 'request_id': '202506170229348E1FFC2310621B0309D9', 'data': {'user_count': {'lower_end': 61000, 'upper_end': 76000}, 'user_count_stage': 2}}",61000,76000,2,2025-06-17 05:16:35.088415
40207,40207,BR,AGE_13_17,2328926,GENDER_FEMALE,,,,,,"{'advertiser_id': '7381489555305775105', 'objective_type': 'REACH', 'optimization_goal': 'REACH', 'placements': ['PLACEMENT_TIKTOK', 'PLACEMENT_PANGLE', 'PLACEMENT_GLOBAL_APP_BUNDLE'], 'location_ids': ['2328926'], 'gender': 'GENDER_FEMALE', 'age_groups': ['AGE_13_17']}",,"{'code': 0, 'message': 'OK', 'request_id': '20250617022936B9B9BA4982D31202DF48', 'data': {'user_count': {'lower_end': 0, 'upper_end': 1000}, 'user_count_stage': 1}}",0,1000,1,2025-06-17 05:16:35.088415
40209,40209,BR,AGE_18_24,2328926,GENDER_FEMALE,,,,,,"{'advertiser_id': '7381489555305775105', 'objective_type': 'REACH', 'optimization_goal': 'REACH', 'placements': ['PLACEMENT_TIKTOK', 'PLACEMENT_PANGLE', 'PLACEMENT_GLOBAL_APP_BUNDLE'], 'location_ids': ['2328926'], 'gender': 'GENDER_FEMALE', 'age_groups': ['AGE_18_24']}",,"{'code': 0, 'message': 'OK', 'request_id': '20250617022936BF7D9D8D2D159E02AC8A', 'data': {'user_count': {'lower_end': 4554000, 'upper_end': 5568000}, 'user_count_stage': 2}}",4554000,5568000,2,2025-06-17 05:16:35.088415
40210,40210,BR,AGE_25_34,2328926,GENDER_FEMALE,,,,,,"{'advertiser_id': '7381489555305775105', 'objective_type': 'REACH', 'optimization_goal': 'REACH', 'placements': ['PLACEMENT_TIKTOK', 'PLACEMENT_PANGLE', 'PLACEMENT_GLOBAL_APP_BUNDLE'], 'location_ids': ['2328926'], 'gender': 'GENDER_FEMALE', 'age_groups': ['AGE_25_34']}",,"{'code': 0, 'message': 'OK', 'request_id': '20250617022936708A73EFF1A63702DD8A', 'data': {'user_count': {'lower_end': 5369000, 'upper_end': 6563000}, 'user_count_stage': 2}}",5369000,6563000,2,2025-06-17 05:16:35.088415
40211,40211,BR,AGE_35_44,2328926,GENDER_FEMALE,,,,,,"{'advertiser_id': '7381489555305775105', 'objective_type': 'REACH', 'optimization_goal': 'REACH', 'placements': ['PLACEMENT_TIKTOK', 'PLACEMENT_PANGLE', 'PLACEMENT_GLOBAL_APP_BUNDLE'], 'location_ids': ['2328926'], 'gender': 'GENDER_FEMALE', 'age_groups': ['AGE_35_44']}",,"{'code': 0, 'message': 'OK', 'request_id': '202506170229364CDCC435C442C602DFDD', 'data': {'user_count': {'lower_end': 1799000, 'upper_end': 2199000}, 'user_count_stage': 2}}",1799000,2199000,2,2025-06-17 05:16:35.088415
40212,40212,BR,AGE_55_100,2328926,GENDER_FEMALE,,,,,,"{'advertiser_id': '7381489555305775105', 'objective_type': 'REACH', 'optimization_goal': 'REACH', 'placements': ['PLACEMENT_TIKTOK', 'PLACEMENT_PANGLE', 'PLACEMENT_GLOBAL_APP_BUNDLE'], 'location_ids': ['2328926'], 'gender': 'GENDER_FEMALE', 'age_groups': ['AGE_55_100']}",,"{'code': 0, 'message': 'OK', 'request_id': '20250617022937D08842912E932E02E237', 'data': {'user_count': {'lower_end': 764000, 'upper_end': 935000}, 'user_count_stage': 2}}",764000,935000,2,2025-06-17 05:16:35.088415
40213,40213,BR,AGE_45_54,2328926,GENDER_FEMALE,,,,,,"{'advertiser_id': '7381489555305775105', 'objective_type': 'REACH', 'optimization_goal': 'REACH', 'placements': ['PLACEMENT_TIKTOK', 'PLACEMENT_PANGLE', 'PLACEMENT_GLOBAL_APP_BUNDLE'], 'location_ids': ['2328926'], 'gender': 'GENDER_FEMALE', 'age_groups': ['AGE_45_54']}",,"{'code': 0, 'message': 'OK', 'request_id': '2025061702293701EC176512CA3B02FA51', 'data': {'user_count': {'lower_end': 834000, 'upper_end': 1020000}, 'user_count_stage': 2}}",834000,1020000,2,2025-06-17 05:16:35.088415
40214,40214,BR,AGE_13_17,2328926,GENDER_MALE,,,,,,"{'advertiser_id': '7381489555305775105', 'objective_type': 'REACH', 'optimization_goal': 'REACH', 'placements': ['PLACEMENT_TIKTOK', 'PLACEMENT_PANGLE', 'PLACEMENT_GLOBAL_APP_BUNDLE'], 'location_ids': ['2328926'], 'gender': 'GENDER_MALE', 'age_groups': ['AGE_13_17']}",,"{'code': 0, 'message': 'OK', 'request_id': '202506170229379475E95E92904302E798', 'data': {'user_count': {'lower_end': 0, 'upper_end': 1000}, 'user_count_stage': 1}}",0,1000,1,2025-06-17 05:16:35.088415
40215,40215,BR,AGE_18_24,2328926,GENDER_MALE,,,,,,"{'advertiser_id': '7381489555305775105', 'objective_type': 'REACH', 'optimization_goal': 'REACH', 'placements': ['PLACEMENT_TIKTOK', 'PLACEMENT_PANGLE', 'PLACEMENT_GLOBAL_APP_BUNDLE'], 'location_ids': ['2328926'], 'gender': 'GENDER_MALE', 'age_groups': ['AGE_18_24']}",,"{'code': 0, 'message': 'OK', 'request_id': '202506170229371BB3D1D31994CF02BA8F', 'data': {'user_count': {'lower_end': 6661000, 'upper_end': 8143000}, 'user_count_stage': 2}}",6661000,8143000,2,2025-06-17 05:16:35.088415
40216,40216,BR,AGE_25_34,2328926,GENDER_MALE,,,,,,"{'advertiser_id': '7381489555305775105', 'objective_type': 'REACH', 'optimization_goal': 'REACH', 'placements': ['PLACEMENT_TIKTOK', 'PLACEMENT_PANGLE', 'PLACEMENT_GLOBAL_APP_BUNDLE'], 'location_ids': ['2328926'], 'gender': 'GENDER_MALE', 'age_groups': ['AGE_25_34']}",,"{'code': 0, 'message': 'OK', 'request_id': '20250617022937D08842912E932E02E246', 'data': {'user_count': {'lower_end': 12030000, 'upper_end': 14704000}, 'user_count_stage': 3}}",12030000,14704000,3,2025-06-17 05:16:35.088415
40217,40217,BR,AGE_45_54,2328926,GENDER_MALE,,,,,,"{'advertiser_id': '7381489555305775105', 'objective_type': 'REACH', 'optimization_goal': 'REACH', 'placements': ['PLACEMENT_TIKTOK', 'PLACEMENT_PANGLE', 'PLACEMENT_GLOBAL_APP_BUNDLE'], 'location_ids': ['2328926'], 'gender': 'GENDER_MALE', 'age_groups': ['AGE_45_54']}",,"{'code': 0, 'message': 'OK', 'request_id': '20250617022937524B957781746C02DB39', 'data': {'user_count': {'lower_end': 1773000, 'upper_end': 2168000}, 'user_count_stage': 2}}",1773000,2168000,2,2025-06-17 05:16:35.088415
40218,40218,BR,AGE_35_44,2328926,GENDER_MALE,,,,,,"{'advertiser_id': '7381489555305775105', 'objective_type': 'REACH', 'optimization_goal': 'REACH', 'placements': ['PLACEMENT_TIKTOK', 'PLACEMENT_PANGLE', 'PLACEMENT_GLOBAL_APP_BUNDLE'], 'location_ids': ['2328926'], 'gender': 'GENDER_MALE', 'age_groups': ['AGE_35_44']}",,"{'code': 0, 'message': 'OK', 'request_id': '20250617022937790C0B9C704D8802C14B', 'data': {'user_count': {'lower_end': 4166000, 'upper_end': 5093000}, 'user_count_stage': 2}}",4166000,5093000,2,2025-06-17 05:16:35.088415
40219,40219,BR,AGE_55_100,2328926,GENDER_MALE,,,,,,"{'advertiser_id': '7381489555305775105', 'objective_type': 'REACH', 'optimization_goal': 'REACH', 'placements': ['PLACEMENT_TIKTOK', 'PLACEMENT_PANGLE', 'PLACEMENT_GLOBAL_APP_BUNDLE'], 'location_ids': ['2328926'], 'gender': 'GENDER_MALE', 'age_groups': ['AGE_55_100']}",,"{'code': 0, 'message': 'OK', 'request_id': '2025061702293870685ADF77E8B10300DD', 'data': {'user_count': {'lower_end': 1337000, 'upper_end': 1635000}, 'user_count_stage': 2}}",1337000,1635000,2,2025-06-17 05:16:35.088415
40227,40227,BR,AGE_13_17,2658434,GENDER_FEMALE,,,,,,"{'advertiser_id': '7381489555305775105', 'objective_type': 'REACH', 'optimization_goal': 'REACH', 'placements': ['PLACEMENT_TIKTOK', 'PLACEMENT_PANGLE', 'PLACEMENT_GLOBAL_APP_BUNDLE'], 'location_ids': ['2658434'], 'gender': 'GENDER_FEMALE', 'age_groups': ['AGE_13_17']}",,"{'code': 0, 'message': 'OK', 'request_id': '20250617022938B96DE0DA4E8E4002CD47', 'data': {'user_count': {'lower_end': 0, 'upper_end': 1000}, 'user_count_stage': 1}}",0,1000,1,2025-06-17 05:16:35.088415
40228,40228,BR,AGE_25_34,2658434,GENDER_FEMALE,,,,,,"{'advertiser_id': '7381489555305775105', 'objective_type': 'REACH', 'optimization_goal': 'REACH', 'placements': ['PLACEMENT_TIKTOK', 'PLACEMENT_PANGLE', 'PLACEMENT_GLOBAL_APP_BUNDLE'], 'location_ids': ['2658434'], 'gender': 'GENDER_FEMALE', 'age_groups': ['AGE_25_34']}",,"{'code': 0, 'message': 'OK', 'request_id': '2025061702293945AFA721A0466502B3C7', 'data': {'user_count': {'lower_end': 392000, 'upper_end': 480000}, 'user_count_stage': 2}}",392000,480000,2,2025-06-17 05:16:35.088415
40229,40229,BR,AGE_18_24,2658434,GENDER_FEMALE,,,,,,"{'advertiser_id': '7381489555305775105', 'objective_type': 'REACH', 'optimization_goal': 'REACH', 'placements': ['PLACEMENT_TIKTOK', 'PLACEMENT_PANGLE', 'PLACEMENT_GLOBAL_APP_BUNDLE'], 'location_ids': ['2658434'], 'gender': 'GENDER_FEMALE', 'age_groups': ['AGE_18_24']}",,"{'code': 0, 'message': 'OK', 'request_id': '20250617022938417DFD0EB73E0202CF4D', 'data': {'user_count': {'lower_end': 330000, 'upper_end': 405000}, 'user_count_stage': 2}}",330000,405000,2,2025-06-17 05:16:35.088415
40230,40230,BR,AGE_45_54,2658434,GENDER_FEMALE,,,,,,"{'advertiser_id': '7381489555305775105', 'objective_type': 'REACH', 'optimization_goal': 'REACH', 'placements': ['PLACEMENT_TIKTOK', 'PLACEMENT_PANGLE', 'PLACEMENT_GLOBAL_APP_BUNDLE'], 'location_ids': ['2658434'], 'gender': 'GENDER_FEMALE', 'age_groups': ['AGE_45_54']}",,"{'code': 0, 'message': 'OK', 'request_id': '202506170229390A8E57937D41F702DB79', 'data': {'user_count': {'lower_end': 148000, 'upper_end': 182000}, 'user_count_stage': 2}}",148000,182000,2,2025-06-17 05:16:35.088415
40231,40231,BR,AGE_55_100,2658434,GENDER_FEMALE,,,,,,"{'advertiser_id': '7381489555305775105', 'objective_type': 'REACH', 'optimization_goal': 'REACH', 'placements': ['PLACEMENT_TIKTOK', 'PLACEMENT_PANGLE', 'PLACEMENT_GLOBAL_APP_BUNDLE'], 'location_ids': ['2658434'], 'gender': 'GENDER_FEMALE', 'age_groups': ['AGE_55_100']}",,"{'code': 0, 'message': 'OK', 'request_id': '202506170229398E1FFC2310621B030A6B', 'data': {'user_count': {'lower_end': 123000, 'upper_end': 151000}, 'user_count_stage': 2}}",123000,151000,2,2025-06-17 05:16:35.088415
40232,40232,BR,AGE_13_17,2658434,GENDER_MALE,,,,,,"{'advertiser_id': '7381489555305775105', 'objective_type': 'REACH', 'optimization_goal': 'REACH', 'placements': ['PLACEMENT_TIKTOK', 'PLACEMENT_PANGLE', 'PLACEMENT_GLOBAL_APP_BUNDLE'], 'location_ids': ['2658434'], 'gender': 'GENDER_MALE', 'age_groups': ['AGE_13_17']}",,"{'code': 0, 'message': 'OK', 'request_id': '202506170229390AEDE80C3DACB802C3A2', 'data': {'user_count': {'lower_end': 0, 'upper_end': 1000}, 'user_count_stage': 1}}",0,1000,1,2025-06-17 05:16:35.088415
40233,40233,BR,AGE_35_44,2658434,GENDER_FEMALE,,,,,,"{'advertiser_id': '7381489555305775105', 'objective_type': 'REACH', 'optimization_goal': 'REACH', 'placements': ['PLACEMENT_TIKTOK', 'PLACEMENT_PANGLE', 'PLACEMENT_GLOBAL_APP_BUNDLE'], 'location_ids': ['2658434'], 'gender': 'GENDER_FEMALE', 'age_groups': ['AGE_35_44']}",,"{'code': 0, 'message': 'OK', 'request_id': '2025061702293994886190EB03C9039C0A', 'data': {'user_count': {'lower_end': 197000, 'upper_end': 242000}, 'user_count_stage': 2}}",197000,242000,2,2025-06-17 05:16:35.088415
40234,40234,BR,AGE_18_24,2658434,GENDER_MALE,,,,,,"{'advertiser_id': '7381489555305775105', 'objective_type': 'REACH', 'optimization_goal': 'REACH', 'placements': ['PLACEMENT_TIKTOK', 'PLACEMENT_PANGLE', 'PLACEMENT_GLOBAL_APP_BUNDLE'], 'location_ids': ['2658434'], 'gender': 'GENDER_MALE', 'age_groups': ['AGE_18_24']}",,"{'code': 0, 'message': 'OK', 'request_id': '202506170229393D567F76268CAF02C8FF', 'data': {'user_count': {'lower_end': 275000, 'upper_end': 338000}, 'user_count_stage': 2}}",275000,338000,2,2025-06-17 05:16:35.088415
40235,40235,BR,AGE_25_34,2658434,GENDER_MALE,,,,,,"{'advertiser_id': '7381489555305775105', 'objective_type': 'REACH', 'optimization_goal': 'REACH', 'placements': ['PLACEMENT_TIKTOK', 'PLACEMENT_PANGLE', 'PLACEMENT_GLOBAL_APP_BUNDLE'], 'location_ids': ['2658434'], 'gender': 'GENDER_MALE', 'age_groups': ['AGE_25_34']}",,"{'code': 0, 'message': 'OK', 'request_id': '2025061702294069EAC5C9C43B3402DB21', 'data': {'user_count': {'lower_end': 326000, 'upper_end': 400000}, 'user_count_stage': 2}}",326000,400000,2,2025-06-17 05:16:35.088415
40236,40236,BR,AGE_55_100,2658434,GENDER_MALE,,,,,,"{'advertiser_id': '7381489555305775105', 'objective_type': 'REACH', 'optimization_goal': 'REACH', 'placements': ['PLACEMENT_TIKTOK', 'PLACEMENT_PANGLE', 'PLACEMENT_GLOBAL_APP_BUNDLE'], 'location_ids': ['2658434'], 'gender': 'GENDER_MALE', 'age_groups': ['AGE_55_100']}",,"{'code': 0, 'message': 'OK', 'request_id': '202506170229403B85E9CC5036E402E711', 'data': {'user_count': {'lower_end': 111000, 'upper_end': 137000}, 'user_count_stage': 2}}",111000,137000,2,2025-06-17 05:16:35.088415
40238,40238,BR,AGE_35_44,2658434,GENDER_MALE,,,,,,"{'advertiser_id': '7381489555305775105', 'objective_type': 'REACH', 'optimization_goal': 'REACH', 'placements': ['PLACEMENT_TIKTOK', 'PLACEMENT_PANGLE', 'PLACEMENT_GLOBAL_APP_BUNDLE'], 'location_ids': ['2658434'], 'gender': 'GENDER_MALE', 'age_groups': ['AGE_35_44']}",,"{'code': 0, 'message': 'OK', 'request_id': '2025061702294005A8214E8A793D02BFE6', 'data': {'user_count': {'lower_end': 180000, 'upper_end': 221000}, 'user_count_stage': 2}}",180000,221000,2,2025-06-17 05:16:35.088415
40240,40240,BR,AGE_45_54,2658434,GENDER_MALE,,,,,,"{'advertiser_id': '7381489555305775105', 'objective_type': 'REACH', 'optimization_goal': 'REACH', 'placements': ['PLACEMENT_TIKTOK', 'PLACEMENT_PANGLE', 'PLACEMENT_GLOBAL_APP_BUNDLE'], 'location_ids': ['2658434'], 'gender': 'GENDER_MALE', 'age_groups': ['AGE_45_54']}",,"{'code': 0, 'message': 'OK', 'request_id': '2025061702294019D1AB79BEB43A02ED4D', 'data': {'user_count': {'lower_end': 133000, 'upper_end': 164000}, 'user_count_stage': 2}}",133000,164000,2,2025-06-17 05:16:35.088415
40242,40242,BR,AGE_13_17,1861060,GENDER_FEMALE,,,,,,"{'advertiser_id': '7381489555305775105', 'objective_type': 'REACH', 'optimization_goal': 'REACH', 'placements': ['PLACEMENT_TIKTOK', 'PLACEMENT_PANGLE', 'PLACEMENT_GLOBAL_APP_BUNDLE'], 'location_ids': ['1861060'], 'gender': 'GENDER_FEMALE', 'age_groups': ['AGE_13_17']}",,"{'code': 0, 'message': 'OK', 'request_id': '2025061702294191C5008FC8D23302DEB0', 'data': {'user_count': {'lower_end': 0, 'upper_end': 3000}, 'user_count_stage': 1}}",0,3000,1,2025-06-17 05:16:35.088415
40244,40244,BR,AGE_18_24,1861060,GENDER_FEMALE,,,,,,"{'advertiser_id': '7381489555305775105', 'objective_type': 'REACH', 'optimization_goal': 'REACH', 'placements': ['PLACEMENT_TIKTOK', 'PLACEMENT_PANGLE', 'PLACEMENT_GLOBAL_APP_BUNDLE'], 'location_ids': ['1861060'], 'gender': 'GENDER_FEMALE', 'age_groups': ['AGE_18_24']}",,"{'code': 0, 'message': 'OK', 'request_id': '20250617022942889B8D4981819602C78D', 'data': {'user_count': {'lower_end': 12796000, 'upper_end': 15641000}, 'user_count_stage': 2}}",12796000,15641000,2,2025-06-17 05:16:35.088415
40245,40245,BR,AGE_35_44,1861060,GENDER_FEMALE,,,,,,"{'advertiser_id': '7381489555305775105', 'objective_type': 'REACH', 'optimization_goal': 'REACH', 'placements': ['PLACEMENT_TIKTOK', 'PLACEMENT_PANGLE', 'PLACEMENT_GLOBAL_APP_BUNDLE'], 'location_ids': ['1861060'], 'gender': 'GENDER_FEMALE', 'age_groups': ['AGE_35_44']}",,"{'code': 0, 'message': 'OK', 'request_id': '202506170229429475E95E92904302E85A', 'data': {'user_count': {'lower_end': 13168000, 'upper_end': 16095000}, 'user_count_stage': 2}}",13168000,16095000,2,2025-06-17 05:16:35.088415
40246,40246,BR,AGE_45_54,1861060,GENDER_FEMALE,,,,,,"{'advertiser_id': '7381489555305775105', 'objective_type': 'REACH', 'optimization_goal': 'REACH', 'placements': ['PLACEMENT_TIKTOK', 'PLACEMENT_PANGLE', 'PLACEMENT_GLOBAL_APP_BUNDLE'], 'location_ids': ['1861060'], 'gender': 'GENDER_FEMALE', 'age_groups': ['AGE_45_54']}",,"{'code': 0, 'message': 'OK', 'request_id': '20250617022942BF7D9D8D2D159E02AD2E', 'data': {'user_count': {'lower_end': 10239000, 'upper_end': 12515000}, 'user_count_stage': 2}}",10239000,12515000,2,2025-06-17 05:16:35.088415
40247,40247,BR,AGE_25_34,1861060,GENDER_FEMALE,,,,,,"{'advertiser_id': '7381489555305775105', 'objective_type': 'REACH', 'optimization_goal': 'REACH', 'placements': ['PLACEMENT_TIKTOK', 'PLACEMENT_PANGLE', 'PLACEMENT_GLOBAL_APP_BUNDLE'], 'location_ids': ['1861060'], 'gender': 'GENDER_FEMALE', 'age_groups': ['AGE_25_34']}",,"{'code': 0, 'message': 'OK', 'request_id': '20250617022942D08D566132184602E1FE', 'data': {'user_count': {'lower_end': 32334000, 'upper_end': 39520000}, 'user_count_stage': 2}}",32334000,39520000,2,2025-06-17 05:16:35.088415
40250,40250,BR,AGE_55_100,1861060,GENDER_FEMALE,,,,,,"{'advertiser_id': '7381489555305775105', 'objective_type': 'REACH', 'optimization_goal': 'REACH', 'placements': ['PLACEMENT_TIKTOK', 'PLACEMENT_PANGLE', 'PLACEMENT_GLOBAL_APP_BUNDLE'], 'location_ids': ['1861060'], 'gender': 'GENDER_FEMALE', 'age_groups': ['AGE_55_100']}",,"{'code': 0, 'message': 'OK', 'request_id': '20250617022942D601BFA831E82D02E557', 'data': {'user_count': {'lower_end': 6697000, 'upper_end': 8187000}, 'user_count_stage': 2}}",6697000,8187000,2,2025-06-17 05:16:35.088415
40251,40251,BR,AGE_13_17,1861060,GENDER_MALE,,,,,,"{'advertiser_id': '7381489555305775105', 'objective_type': 'REACH', 'optimization_goal': 'REACH', 'placements': ['PLACEMENT_TIKTOK', 'PLACEMENT_PANGLE', 'PLACEMENT_GLOBAL_APP_BUNDLE'], 'location_ids': ['1861060'], 'gender': 'GENDER_MALE', 'age_groups': ['AGE_13_17']}",,"{'code': 0, 'message': 'OK', 'request_id': '20250617022943BEA28CCC98332302E4CE', 'data': {'user_count': {'lower_end': 0, 'upper_end': 3000}, 'user_count_stage': 1}}",0,3000,1,2025-06-17 05:16:35.088415
40252,40252,BR,AGE_18_24,1861060,GENDER_MALE,,,,,,"{'advertiser_id': '7381489555305775105', 'objective_type': 'REACH', 'optimization_goal': 'REACH', 'placements': ['PLACEMENT_TIKTOK', 'PLACEMENT_PANGLE', 'PLACEMENT_GLOBAL_APP_BUNDLE'], 'location_ids': ['1861060'], 'gender': 'GENDER_MALE', 'age_groups': ['AGE_18_24']}",,"{'code': 0, 'message': 'OK', 'request_id': '20250617022943889B8D4981819602C7CA', 'data': {'user_count': {'lower_end': 12842000, 'upper_end': 15697000}, 'user_count_stage': 2}}",12842000,15697000,2,2025-06-17 05:16:35.088415
40253,40253,BR,AGE_35_44,1861060,GENDER_MALE,,,,,,"{'advertiser_id': '7381489555305775105', 'objective_type': 'REACH', 'optimization_goal': 'REACH', 'placements': ['PLACEMENT_TIKTOK', 'PLACEMENT_PANGLE', 'PLACEMENT_GLOBAL_APP_BUNDLE'], 'location_ids': ['1861060'], 'gender': 'GENDER_MALE', 'age_groups': ['AGE_35_44']}",,"{'code': 0, 'message': 'OK', 'request_id': '202506170229431D98BB6B90DF2D02E900', 'data': {'user_count': {'lower_end': 31002000, 'upper_end': 37893000}, 'user_count_stage': 2}}",31002000,37893000,2,2025-06-17 05:16:35.088415
40254,40254,BR,AGE_25_34,1861060,GENDER_MALE,,,,,,"{'advertiser_id': '7381489555305775105', 'objective_type': 'REACH', 'optimization_goal': 'REACH', 'placements': ['PLACEMENT_TIKTOK', 'PLACEMENT_PANGLE', 'PLACEMENT_GLOBAL_APP_BUNDLE'], 'location_ids': ['1861060'], 'gender': 'GENDER_MALE', 'age_groups': ['AGE_25_34']}",,"{'code': 0, 'message': 'OK', 'request_id': '20250617022943BF7D9D8D2D159E02AD3F', 'data': {'user_count': {'lower_end': 34815000, 'upper_end': 42553000}, 'user_count_stage': 3}}",34815000,42553000,3,2025-06-17 05:16:35.088415
40255,40255,BR,AGE_45_54,1861060,GENDER_MALE,,,,,,"{'advertiser_id': '7381489555305775105', 'objective_type': 'REACH', 'optimization_goal': 'REACH', 'placements': ['PLACEMENT_TIKTOK', 'PLACEMENT_PANGLE', 'PLACEMENT_GLOBAL_APP_BUNDLE'], 'location_ids': ['1861060'], 'gender': 'GENDER_MALE', 'age_groups': ['AGE_45_54']}",,"{'code': 0, 'message': 'OK', 'request_id': '202506170229439F31B759DD989002D7FC', 'data': {'user_count': {'lower_end': 8322000, 'upper_end': 10172000}, 'user_count_stage': 2}}",8322000,10172000,2,2025-06-17 05:16:35.088415
40258,40258,BR,AGE_55_100,1861060,GENDER_MALE,,,,,,"{'advertiser_id': '7381489555305775105', 'objective_type': 'REACH', 'optimization_goal': 'REACH', 'placements': ['PLACEMENT_TIKTOK', 'PLACEMENT_PANGLE', 'PLACEMENT_GLOBAL_APP_BUNDLE'], 'location_ids': ['1861060'], 'gender': 'GENDER_MALE', 'age_groups': ['AGE_55_100']}",,"{'code': 0, 'message': 'OK', 'request_id': '20250617022943BE13204EEE2C3402A9C1', 'data': {'user_count': {'lower_end': 6366000, 'upper_end': 7782000}, 'user_count_stage': 2}}",6366000,7782000,2,2025-06-17 05:16:35.088415
40263,40263,BR,AGE_13_17,290291,GENDER_FEMALE,,,,,,"{'advertiser_id': '7381489555305775105', 'objective_type': 'REACH', 'optimization_goal': 'REACH', 'placements': ['PLACEMENT_TIKTOK', 'PLACEMENT_PANGLE', 'PLACEMENT_GLOBAL_APP_BUNDLE'], 'location_ids': ['290291'], 'gender': 'GENDER_FEMALE', 'age_groups': ['AGE_13_17']}",,"{'code': 0, 'message': 'OK', 'request_id': '2025061702294492A8F4DDDC5B8C02DEE4', 'data': {'user_count': {'lower_end': 0, 'upper_end': 1000}, 'user_count_stage': 1}}",0,1000,1,2025-06-17 05:16:35.088415
40264,40264,BR,AGE_18_24,290291,GENDER_FEMALE,,,,,,"{'advertiser_id': '7381489555305775105', 'objective_type': 'REACH', 'optimization_goal': 'REACH', 'placements': ['PLACEMENT_TIKTOK', 'PLACEMENT_PANGLE', 'PLACEMENT_GLOBAL_APP_BUNDLE'], 'location_ids': ['290291'], 'gender': 'GENDER_FEMALE', 'age_groups': ['AGE_18_24']}",,"{'code': 0, 'message': 'OK', 'request_id': '20250617022944198FBB7B111270034242', 'data': {'user_count': {'lower_end': 106000, 'upper_end': 131000}, 'user_count_stage': 2}}",106000,131000,2,2025-06-17 05:16:35.088415
40265,40265,BR,AGE_25_34,290291,GENDER_FEMALE,,,,,,"{'advertiser_id': '7381489555305775105', 'objective_type': 'REACH', 'optimization_goal': 'REACH', 'placements': ['PLACEMENT_TIKTOK', 'PLACEMENT_PANGLE', 'PLACEMENT_GLOBAL_APP_BUNDLE'], 'location_ids': ['290291'], 'gender': 'GENDER_FEMALE', 'age_groups': ['AGE_25_34']}",,"{'code': 0, 'message': 'OK', 'request_id': '20250617022944055D00B363EDFB02E86D', 'data': {'user_count': {'lower_end': 190000, 'upper_end': 233000}, 'user_count_stage': 2}}",190000,233000,2,2025-06-17 05:16:35.088415
40266,40266,BR,AGE_35_44,290291,GENDER_FEMALE,,,,,,"{'advertiser_id': '7381489555305775105', 'objective_type': 'REACH', 'optimization_goal': 'REACH', 'placements': ['PLACEMENT_TIKTOK', 'PLACEMENT_PANGLE', 'PLACEMENT_GLOBAL_APP_BUNDLE'], 'location_ids': ['290291'], 'gender': 'GENDER_FEMALE', 'age_groups': ['AGE_35_44']}",,"{'code': 0, 'message': 'OK', 'request_id': '2025061702294405A8214E8A793D02C073', 'data': {'user_count': {'lower_end': 78000, 'upper_end': 96000}, 'user_count_stage': 2}}",78000,96000,2,2025-06-17 05:16:35.088415
40267,40267,BR,AGE_45_54,290291,GENDER_FEMALE,,,,,,"{'advertiser_id': '7381489555305775105', 'objective_type': 'REACH', 'optimization_goal': 'REACH', 'placements': ['PLACEMENT_TIKTOK', 'PLACEMENT_PANGLE', 'PLACEMENT_GLOBAL_APP_BUNDLE'], 'location_ids': ['290291'], 'gender': 'GENDER_FEMALE', 'age_groups': ['AGE_45_54']}",,"{'code': 0, 'message': 'OK', 'request_id': '2025061702294480D63EF25DA26802DC32', 'data': {'user_count': {'lower_end': 35000, 'upper_end': 44000}, 'user_count_stage': 2}}",35000,44000,2,2025-06-17 05:16:35.088415
40268,40268,BR,AGE_55_100,290291,GENDER_FEMALE,,,,,,"{'advertiser_id': '7381489555305775105', 'objective_type': 'REACH', 'optimization_goal': 'REACH', 'placements': ['PLACEMENT_TIKTOK', 'PLACEMENT_PANGLE', 'PLACEMENT_GLOBAL_APP_BUNDLE'], 'location_ids': ['290291'], 'gender': 'GENDER_FEMALE', 'age_groups': ['AGE_55_100']}",,"{'code': 0, 'message': 'OK', 'request_id': '202506170229449889B5D1C2184B02E94E', 'data': {'user_count': {'lower_end': 27000, 'upper_end': 35000}, 'user_count_stage': 2}}",27000,35000,2,2025-06-17 05:16:35.088415
40269,40269,BR,AGE_13_17,290291,GENDER_MALE,,,,,,"{'advertiser_id': '7381489555305775105', 'objective_type': 'REACH', 'optimization_goal': 'REACH', 'placements': ['PLACEMENT_TIKTOK', 'PLACEMENT_PANGLE', 'PLACEMENT_GLOBAL_APP_BUNDLE'], 'location_ids': ['290291'], 'gender': 'GENDER_MALE', 'age_groups': ['AGE_13_17']}",,"{'code': 0, 'message': 'OK', 'request_id': '202506170229449EA3F19C69EA7D0312DC', 'data': {'user_count': {'lower_end': 0, 'upper_end': 1000}, 'user_count_stage': 1}}",0,1000,1,2025-06-17 05:16:35.088415
40270,40270,BR,AGE_18_24,290291,GENDER_MALE,,,,,,"{'advertiser_id': '7381489555305775105', 'objective_type': 'REACH', 'optimization_goal': 'REACH', 'placements': ['PLACEMENT_TIKTOK', 'PLACEMENT_PANGLE', 'PLACEMENT_GLOBAL_APP_BUNDLE'], 'location_ids': ['290291'], 'gender': 'GENDER_MALE', 'age_groups': ['AGE_18_24']}",,"{'code': 0, 'message': 'OK', 'request_id': '2025061702294550FBD8E0AB34B502C3C0', 'data': {'user_count': {'lower_end': 134000, 'upper_end': 165000}, 'user_count_stage': 2}}",134000,165000,2,2025-06-17 05:16:35.088415
40271,40271,BR,AGE_25_34,290291,GENDER_MALE,,,,,,"{'advertiser_id': '7381489555305775105', 'objective_type': 'REACH', 'optimization_goal': 'REACH', 'placements': ['PLACEMENT_TIKTOK', 'PLACEMENT_PANGLE', 'PLACEMENT_GLOBAL_APP_BUNDLE'], 'location_ids': ['290291'], 'gender': 'GENDER_MALE', 'age_groups': ['AGE_25_34']}",,"{'code': 0, 'message': 'OK', 'request_id': '202506170229453B85E9CC5036E402E798', 'data': {'user_count': {'lower_end': 327000, 'upper_end': 401000}, 'user_count_stage': 3}}",327000,401000,3,2025-06-17 05:16:35.088415
40272,40272,BR,AGE_45_54,290291,GENDER_MALE,,,,,,"{'advertiser_id': '7381489555305775105', 'objective_type': 'REACH', 'optimization_goal': 'REACH', 'placements': ['PLACEMENT_TIKTOK', 'PLACEMENT_PANGLE', 'PLACEMENT_GLOBAL_APP_BUNDLE'], 'location_ids': ['290291'], 'gender': 'GENDER_MALE', 'age_groups': ['AGE_45_54']}",,"{'code': 0, 'message': 'OK', 'request_id': '202506170229458AA732A7860C0E02E329', 'data': {'user_count': {'lower_end': 54000, 'upper_end': 67000}, 'user_count_stage': 2}}",54000,67000,2,2025-06-17 05:16:35.088415
40273,40273,BR,AGE_35_44,290291,GENDER_MALE,,,,,,"{'advertiser_id': '7381489555305775105', 'objective_type': 'REACH', 'optimization_goal': 'REACH', 'placements': ['PLACEMENT_TIKTOK', 'PLACEMENT_PANGLE', 'PLACEMENT_GLOBAL_APP_BUNDLE'], 'location_ids': ['290291'], 'gender': 'GENDER_MALE', 'age_groups': ['AGE_35_44']}",,"{'code': 0, 'message': 'OK', 'request_id': '20250617022945407AB8E0DC655502D15E', 'data': {'user_count': {'lower_end': 133000, 'upper_end': 163000}, 'user_count_stage': 2}}",133000,163000,2,2025-06-17 05:16:35.088415
40274,40274,BR,AGE_55_100,290291,GENDER_MALE,,,,,,"{'advertiser_id': '7381489555305775105', 'objective_type': 'REACH', 'optimization_goal': 'REACH', 'placements': ['PLACEMENT_TIKTOK', 'PLACEMENT_PANGLE', 'PLACEMENT_GLOBAL_APP_BUNDLE'], 'location_ids': ['290291'], 'gender': 'GENDER_MALE', 'age_groups': ['AGE_55_100']}",,"{'code': 0, 'message': 'OK', 'request_id': '20250617022945A433C34F332BEE02CA7E', 'data': {'user_count': {'lower_end': 36000, 'upper_end': 45000}, 'user_count_stage': 2}}",36000,45000,2,2025-06-17 05:16:35.088415
40281,40281,BR,AGE_13_17,272103,GENDER_FEMALE,,,,,,"{'advertiser_id': '7381489555305775105', 'objective_type': 'REACH', 'optimization_goal': 'REACH', 'placements': ['PLACEMENT_TIKTOK', 'PLACEMENT_PANGLE', 'PLACEMENT_GLOBAL_APP_BUNDLE'], 'location_ids': ['272103'], 'gender': 'GENDER_FEMALE', 'age_groups': ['AGE_13_17']}",,"{'code': 0, 'message': 'OK', 'request_id': '202506170229468621E7A0CF0D8902F067', 'data': {'user_count': {'lower_end': 0, 'upper_end': 1000}, 'user_count_stage': 1}}",0,1000,1,2025-06-17 05:16:35.088415
40282,40282,BR,AGE_25_34,272103,GENDER_FEMALE,,,,,,"{'advertiser_id': '7381489555305775105', 'objective_type': 'REACH', 'optimization_goal': 'REACH', 'placements': ['PLACEMENT_TIKTOK', 'PLACEMENT_PANGLE', 'PLACEMENT_GLOBAL_APP_BUNDLE'], 'location_ids': ['272103'], 'gender': 'GENDER_FEMALE', 'age_groups': ['AGE_25_34']}",,"{'code': 0, 'message': 'OK', 'request_id': '202506170229462CF5CB9E4B88A002C0B0', 'data': {'user_count': {'lower_end': 645000, 'upper_end': 790000}, 'user_count_stage': 2}}",645000,790000,2,2025-06-17 05:16:35.088415
40283,40283,BR,AGE_35_44,272103,GENDER_FEMALE,,,,,,"{'advertiser_id': '7381489555305775105', 'objective_type': 'REACH', 'optimization_goal': 'REACH', 'placements': ['PLACEMENT_TIKTOK', 'PLACEMENT_PANGLE', 'PLACEMENT_GLOBAL_APP_BUNDLE'], 'location_ids': ['272103'], 'gender': 'GENDER_FEMALE', 'age_groups': ['AGE_35_44']}",,"{'code': 0, 'message': 'OK', 'request_id': '202506170229469475E95E92904302E8FC', 'data': {'user_count': {'lower_end': 218000, 'upper_end': 268000}, 'user_count_stage': 2}}",218000,268000,2,2025-06-17 05:16:35.088415
40284,40284,BR,AGE_45_54,272103,GENDER_FEMALE,,,,,,"{'advertiser_id': '7381489555305775105', 'objective_type': 'REACH', 'optimization_goal': 'REACH', 'placements': ['PLACEMENT_TIKTOK', 'PLACEMENT_PANGLE', 'PLACEMENT_GLOBAL_APP_BUNDLE'], 'location_ids': ['272103'], 'gender': 'GENDER_FEMALE', 'age_groups': ['AGE_45_54']}",,"{'code': 0, 'message': 'OK', 'request_id': '2025061702294605A8214E8A793D02C0AD', 'data': {'user_count': {'lower_end': 121000, 'upper_end': 149000}, 'user_count_stage': 2}}",121000,149000,2,2025-06-17 05:16:35.088415
40285,40285,BR,AGE_13_17,272103,GENDER_MALE,,,,,,"{'advertiser_id': '7381489555305775105', 'objective_type': 'REACH', 'optimization_goal': 'REACH', 'placements': ['PLACEMENT_TIKTOK', 'PLACEMENT_PANGLE', 'PLACEMENT_GLOBAL_APP_BUNDLE'], 'location_ids': ['272103'], 'gender': 'GENDER_MALE', 'age_groups': ['AGE_13_17']}",,"{'code': 0, 'message': 'OK', 'request_id': '20250617022946BD016641B7515302D6EB', 'data': {'user_count': {'lower_end': 0, 'upper_end': 1000}, 'user_count_stage': 1}}",0,1000,1,2025-06-17 05:16:35.088415
40286,40286,BR,AGE_55_100,272103,GENDER_FEMALE,,,,,,"{'advertiser_id': '7381489555305775105', 'objective_type': 'REACH', 'optimization_goal': 'REACH', 'placements': ['PLACEMENT_TIKTOK', 'PLACEMENT_PANGLE', 'PLACEMENT_GLOBAL_APP_BUNDLE'], 'location_ids': ['272103'], 'gender': 'GENDER_FEMALE', 'age_groups': ['AGE_55_100']}",,"{'code': 0, 'message': 'OK', 'request_id': '2025061702294605A8214E8A793D02C0B0', 'data': {'user_count': {'lower_end': 143000, 'upper_end': 176000}, 'user_count_stage': 2}}",143000,176000,2,2025-06-17 05:16:35.088415
40287,40287,BR,AGE_18_24,272103,GENDER_MALE,,,,,,"{'advertiser_id': '7381489555305775105', 'objective_type': 'REACH', 'optimization_goal': 'REACH', 'placements': ['PLACEMENT_TIKTOK', 'PLACEMENT_PANGLE', 'PLACEMENT_GLOBAL_APP_BUNDLE'], 'location_ids': ['272103'], 'gender': 'GENDER_MALE', 'age_groups': ['AGE_18_24']}",,"{'code': 0, 'message': 'OK', 'request_id': '202506170229473BFFE45A923152039400', 'data': {'user_count': {'lower_end': 597000, 'upper_end': 730000}, 'user_count_stage': 2}}",597000,730000,2,2025-06-17 05:16:35.088415
40288,40288,BR,AGE_25_34,272103,GENDER_MALE,,,,,,"{'advertiser_id': '7381489555305775105', 'objective_type': 'REACH', 'optimization_goal': 'REACH', 'placements': ['PLACEMENT_TIKTOK', 'PLACEMENT_PANGLE', 'PLACEMENT_GLOBAL_APP_BUNDLE'], 'location_ids': ['272103'], 'gender': 'GENDER_MALE', 'age_groups': ['AGE_25_34']}",,"{'code': 0, 'message': 'OK', 'request_id': '20250617022947FFD785378E40FA02A08A', 'data': {'user_count': {'lower_end': 1027000, 'upper_end': 1256000}, 'user_count_stage': 3}}",1027000,1256000,3,2025-06-17 05:16:35.088415
40289,40289,BR,AGE_35_44,272103,GENDER_MALE,,,,,,"{'advertiser_id': '7381489555305775105', 'objective_type': 'REACH', 'optimization_goal': 'REACH', 'placements': ['PLACEMENT_TIKTOK', 'PLACEMENT_PANGLE', 'PLACEMENT_GLOBAL_APP_BUNDLE'], 'location_ids': ['272103'], 'gender': 'GENDER_MALE', 'age_groups': ['AGE_35_44']}",,"{'code': 0, 'message': 'OK', 'request_id': '20250617022947C3BD6A452E933702BB69', 'data': {'user_count': {'lower_end': 354000, 'upper_end': 434000}, 'user_count_stage': 2}}",354000,434000,2,2025-06-17 05:16:35.088415
40290,40290,BR,AGE_45_54,272103,GENDER_MALE,,,,,,"{'advertiser_id': '7381489555305775105', 'objective_type': 'REACH', 'optimization_goal': 'REACH', 'placements': ['PLACEMENT_TIKTOK', 'PLACEMENT_PANGLE', 'PLACEMENT_GLOBAL_APP_BUNDLE'], 'location_ids': ['272103'], 'gender': 'GENDER_MALE', 'age_groups': ['AGE_45_54']}",,"{'code': 0, 'message': 'OK', 'request_id': '20250617022947A577ADA38C9BF80399E0', 'data': {'user_count': {'lower_end': 184000, 'upper_end': 226000}, 'user_count_stage': 2}}",184000,226000,2,2025-06-17 05:16:35.088415
40291,40291,BR,AGE_55_100,272103,GENDER_MALE,,,,,,"{'advertiser_id': '7381489555305775105', 'objective_type': 'REACH', 'optimization_goal': 'REACH', 'placements': ['PLACEMENT_TIKTOK', 'PLACEMENT_PANGLE', 'PLACEMENT_GLOBAL_APP_BUNDLE'], 'location_ids': ['272103'], 'gender': 'GENDER_MALE', 'age_groups': ['AGE_55_100']}",,"{'code': 0, 'message': 'OK', 'request_id': '202506170229472CF5CB9E4B88A002C0DC', 'data': {'user_count': {'lower_end': 172000, 'upper_end': 212000}, 'user_count_stage': 2}}",172000,212000,2,2025-06-17 05:16:35.088415
40294,40294,BR,AGE_18_24,272103,GENDER_FEMALE,,,,,,"{'advertiser_id': '7381489555305775105', 'objective_type': 'REACH', 'optimization_goal': 'REACH', 'placements': ['PLACEMENT_TIKTOK', 'PLACEMENT_PANGLE', 'PLACEMENT_GLOBAL_APP_BUNDLE'], 'location_ids': ['272103'], 'gender': 'GENDER_FEMALE', 'age_groups': ['AGE_18_24']}",,"{'code': 0, 'message': 'OK', 'request_id': '202506170229460A8E57937D41F702DC62', 'data': {'user_count': {'lower_end': 482000, 'upper_end': 590000}, 'user_count_stage': 2}}",482000,590000,2,2025-06-17 05:16:35.088415
40299,40299,BR,AGE_13_17,719819,GENDER_FEMALE,,,,,,"{'advertiser_id': '7381489555305775105', 'objective_type': 'REACH', 'optimization_goal': 'REACH', 'placements': ['PLACEMENT_TIKTOK', 'PLACEMENT_PANGLE', 'PLACEMENT_GLOBAL_APP_BUNDLE'], 'location_ids': ['719819'], 'gender': 'GENDER_FEMALE', 'age_groups': ['AGE_13_17']}",,"{'code': 0, 'message': 'OK', 'request_id': '20250617022948CB9C39B19DB04A02D3F7', 'data': {'user_count': {'lower_end': 0, 'upper_end': 1000}, 'user_count_stage': 1}}",0,1000,1,2025-06-17 05:16:35.088415
40300,40300,BR,AGE_18_24,719819,GENDER_FEMALE,,,,,,"{'advertiser_id': '7381489555305775105', 'objective_type': 'REACH', 'optimization_goal': 'REACH', 'placements': ['PLACEMENT_TIKTOK', 'PLACEMENT_PANGLE', 'PLACEMENT_GLOBAL_APP_BUNDLE'], 'location_ids': ['719819'], 'gender': 'GENDER_FEMALE', 'age_groups': ['AGE_18_24']}",,"{'code': 0, 'message': 'OK', 'request_id': '20250617022948A9FC0EA2A6613C02D57B', 'data': {'user_count': {'lower_end': 385000, 'upper_end': 472000}, 'user_count_stage': 2}}",385000,472000,2,2025-06-17 05:16:35.088415
40301,40301,BR,AGE_25_34,719819,GENDER_FEMALE,,,,,,"{'advertiser_id': '7381489555305775105', 'objective_type': 'REACH', 'optimization_goal': 'REACH', 'placements': ['PLACEMENT_TIKTOK', 'PLACEMENT_PANGLE', 'PLACEMENT_GLOBAL_APP_BUNDLE'], 'location_ids': ['719819'], 'gender': 'GENDER_FEMALE', 'age_groups': ['AGE_25_34']}",,"{'code': 0, 'message': 'OK', 'request_id': '20250617022948A795E6E9470A6102FE6A', 'data': {'user_count': {'lower_end': 527000, 'upper_end': 645000}, 'user_count_stage': 2}}",527000,645000,2,2025-06-17 05:16:35.088415
40302,40302,BR,AGE_35_44,719819,GENDER_FEMALE,,,,,,"{'advertiser_id': '7381489555305775105', 'objective_type': 'REACH', 'optimization_goal': 'REACH', 'placements': ['PLACEMENT_TIKTOK', 'PLACEMENT_PANGLE', 'PLACEMENT_GLOBAL_APP_BUNDLE'], 'location_ids': ['719819'], 'gender': 'GENDER_FEMALE', 'age_groups': ['AGE_35_44']}",,"{'code': 0, 'message': 'OK', 'request_id': '202506170229483FABBDACFBA10E02E819', 'data': {'user_count': {'lower_end': 280000, 'upper_end': 344000}, 'user_count_stage': 2}}",280000,344000,2,2025-06-17 05:16:35.088415
40303,40303,BR,AGE_45_54,719819,GENDER_FEMALE,,,,,,"{'advertiser_id': '7381489555305775105', 'objective_type': 'REACH', 'optimization_goal': 'REACH', 'placements': ['PLACEMENT_TIKTOK', 'PLACEMENT_PANGLE', 'PLACEMENT_GLOBAL_APP_BUNDLE'], 'location_ids': ['719819'], 'gender': 'GENDER_FEMALE', 'age_groups': ['AGE_45_54']}",,"{'code': 0, 'message': 'OK', 'request_id': '202506170229480DD74DF045721302BF15', 'data': {'user_count': {'lower_end': 262000, 'upper_end': 321000}, 'user_count_stage': 2}}",262000,321000,2,2025-06-17 05:16:35.088415
40304,40304,BR,AGE_13_17,719819,GENDER_MALE,,,,,,"{'advertiser_id': '7381489555305775105', 'objective_type': 'REACH', 'optimization_goal': 'REACH', 'placements': ['PLACEMENT_TIKTOK', 'PLACEMENT_PANGLE', 'PLACEMENT_GLOBAL_APP_BUNDLE'], 'location_ids': ['719819'], 'gender': 'GENDER_MALE', 'age_groups': ['AGE_13_17']}",,"{'code': 0, 'message': 'OK', 'request_id': '202506170229490C81F2E5133D1C02C1A4', 'data': {'user_count': {'lower_end': 0, 'upper_end': 1000}, 'user_count_stage': 1}}",0,1000,1,2025-06-17 05:16:35.088415
40305,40305,BR,AGE_45_54,719819,GENDER_MALE,,,,,,"{'advertiser_id': '7381489555305775105', 'objective_type': 'REACH', 'optimization_goal': 'REACH', 'placements': ['PLACEMENT_TIKTOK', 'PLACEMENT_PANGLE', 'PLACEMENT_GLOBAL_APP_BUNDLE'], 'location_ids': ['719819'], 'gender': 'GENDER_MALE', 'age_groups': ['AGE_45_54']}",,"{'code': 0, 'message': 'OK', 'request_id': '202506170229506F14433C66B17002C049', 'data': {'user_count': {'lower_end': 220000, 'upper_end': 270000}, 'user_count_stage': 2}}",220000,270000,2,2025-06-17 05:16:35.088415
40306,40306,BR,AGE_55_100,719819,GENDER_FEMALE,,,,,,"{'advertiser_id': '7381489555305775105', 'objective_type': 'REACH', 'optimization_goal': 'REACH', 'placements': ['PLACEMENT_TIKTOK', 'PLACEMENT_PANGLE', 'PLACEMENT_GLOBAL_APP_BUNDLE'], 'location_ids': ['719819'], 'gender': 'GENDER_FEMALE', 'age_groups': ['AGE_55_100']}",,"{'code': 0, 'message': 'OK', 'request_id': '20250617022949AE4229DF279D2102FCB2', 'data': {'user_count': {'lower_end': 198000, 'upper_end': 243000}, 'user_count_stage': 2}}",198000,243000,2,2025-06-17 05:16:35.088415
40307,40307,BR,AGE_18_24,719819,GENDER_MALE,,,,,,"{'advertiser_id': '7381489555305775105', 'objective_type': 'REACH', 'optimization_goal': 'REACH', 'placements': ['PLACEMENT_TIKTOK', 'PLACEMENT_PANGLE', 'PLACEMENT_GLOBAL_APP_BUNDLE'], 'location_ids': ['719819'], 'gender': 'GENDER_MALE', 'age_groups': ['AGE_18_24']}",,"{'code': 0, 'message': 'OK', 'request_id': '20250617022949198FBB7B1112700342FE', 'data': {'user_count': {'lower_end': 305000, 'upper_end': 373000}, 'user_count_stage': 2}}",305000,373000,2,2025-06-17 05:16:35.088415
40308,40308,BR,AGE_55_100,719819,GENDER_MALE,,,,,,"{'advertiser_id': '7381489555305775105', 'objective_type': 'REACH', 'optimization_goal': 'REACH', 'placements': ['PLACEMENT_TIKTOK', 'PLACEMENT_PANGLE', 'PLACEMENT_GLOBAL_APP_BUNDLE'], 'location_ids': ['719819'], 'gender': 'GENDER_MALE', 'age_groups': ['AGE_55_100']}",,"{'code': 0, 'message': 'OK', 'request_id': '202506170229511A1367451A121202E45E', 'data': {'user_count': {'lower_end': 154000, 'upper_end': 189000}, 'user_count_stage': 2}}",154000,189000,2,2025-06-17 05:16:35.088415
40310,40310,BR,AGE_35_44,719819,GENDER_MALE,,,,,,"{'advertiser_id': '7381489555305775105', 'objective_type': 'REACH', 'optimization_goal': 'REACH', 'placements': ['PLACEMENT_TIKTOK', 'PLACEMENT_PANGLE', 'PLACEMENT_GLOBAL_APP_BUNDLE'], 'location_ids': ['719819'], 'gender': 'GENDER_MALE', 'age_groups': ['AGE_35_44']}",,"{'code': 0, 'message': 'OK', 'request_id': '20250617022949BD2208A1A05A0B02C424', 'data': {'user_count': {'lower_end': 243000, 'upper_end': 298000}, 'user_count_stage': 2}}",243000,298000,2,2025-06-17 05:16:35.088415
40315,40315,BR,AGE_25_34,719819,GENDER_MALE,,,,,,"{'advertiser_id': '7381489555305775105', 'objective_type': 'REACH', 'optimization_goal': 'REACH', 'placements': ['PLACEMENT_TIKTOK', 'PLACEMENT_PANGLE', 'PLACEMENT_GLOBAL_APP_BUNDLE'], 'location_ids': ['719819'], 'gender': 'GENDER_MALE', 'age_groups': ['AGE_25_34']}",,"{'code': 0, 'message': 'OK', 'request_id': '202506170229494D6F11D201033802C780', 'data': {'user_count': {'lower_end': 433000, 'upper_end': 530000}, 'user_count_stage': 2}}",433000,530000,2,2025-06-17 05:16:35.088415
40317,40317,BR,AGE_13_17,3175395,GENDER_FEMALE,,,,,,"{'advertiser_id': '7381489555305775105', 'objective_type': 'REACH', 'optimization_goal': 'REACH', 'placements': ['PLACEMENT_TIKTOK', 'PLACEMENT_PANGLE', 'PLACEMENT_GLOBAL_APP_BUNDLE'], 'location_ids': ['3175395'], 'gender': 'GENDER_FEMALE', 'age_groups': ['AGE_13_17']}",,"{'code': 0, 'message': 'OK', 'request_id': '20250617022953D95E79459604D402D3DD', 'data': {'user_count': {'lower_end': 0, 'upper_end': 1000}, 'user_count_stage': 1}}",0,1000,1,2025-06-17 05:16:35.088415
40318,40318,BR,AGE_25_34,3175395,GENDER_FEMALE,,,,,,"{'advertiser_id': '7381489555305775105', 'objective_type': 'REACH', 'optimization_goal': 'REACH', 'placements': ['PLACEMENT_TIKTOK', 'PLACEMENT_PANGLE', 'PLACEMENT_GLOBAL_APP_BUNDLE'], 'location_ids': ['3175395'], 'gender': 'GENDER_FEMALE', 'age_groups': ['AGE_25_34']}",,"{'code': 0, 'message': 'OK', 'request_id': '202506170229536F16958732B93F02E3BD', 'data': {'user_count': {'lower_end': 2491000, 'upper_end': 3046000}, 'user_count_stage': 2}}",2491000,3046000,2,2025-06-17 05:16:35.088415
40319,40319,BR,AGE_18_24,3175395,GENDER_FEMALE,,,,,,"{'advertiser_id': '7381489555305775105', 'objective_type': 'REACH', 'optimization_goal': 'REACH', 'placements': ['PLACEMENT_TIKTOK', 'PLACEMENT_PANGLE', 'PLACEMENT_GLOBAL_APP_BUNDLE'], 'location_ids': ['3175395'], 'gender': 'GENDER_FEMALE', 'age_groups': ['AGE_18_24']}",,"{'code': 0, 'message': 'OK', 'request_id': '20250617022953758B38B7213EAF02DDEF', 'data': {'user_count': {'lower_end': 2088000, 'upper_end': 2553000}, 'user_count_stage': 2}}",2088000,2553000,2,2025-06-17 05:16:35.088415
40320,40320,BR,AGE_35_44,3175395,GENDER_FEMALE,,,,,,"{'advertiser_id': '7381489555305775105', 'objective_type': 'REACH', 'optimization_goal': 'REACH', 'placements': ['PLACEMENT_TIKTOK', 'PLACEMENT_PANGLE', 'PLACEMENT_GLOBAL_APP_BUNDLE'], 'location_ids': ['3175395'], 'gender': 'GENDER_FEMALE', 'age_groups': ['AGE_35_44']}",,"{'code': 0, 'message': 'OK', 'request_id': '2025061702295380D63EF25DA26802DD83', 'data': {'user_count': {'lower_end': 1775000, 'upper_end': 2171000}, 'user_count_stage': 2}}",1775000,2171000,2,2025-06-17 05:16:35.088415
40321,40321,BR,AGE_45_54,3175395,GENDER_FEMALE,,,,,,"{'advertiser_id': '7381489555305775105', 'objective_type': 'REACH', 'optimization_goal': 'REACH', 'placements': ['PLACEMENT_TIKTOK', 'PLACEMENT_PANGLE', 'PLACEMENT_GLOBAL_APP_BUNDLE'], 'location_ids': ['3175395'], 'gender': 'GENDER_FEMALE', 'age_groups': ['AGE_45_54']}",,"{'code': 0, 'message': 'OK', 'request_id': '2025061702295397512222CCDC1602C419', 'data': {'user_count': {'lower_end': 1868000, 'upper_end': 2284000}, 'user_count_stage': 2}}",1868000,2284000,2,2025-06-17 05:16:35.088415
40322,40322,BR,AGE_55_100,3175395,GENDER_FEMALE,,,,,,"{'advertiser_id': '7381489555305775105', 'objective_type': 'REACH', 'optimization_goal': 'REACH', 'placements': ['PLACEMENT_TIKTOK', 'PLACEMENT_PANGLE', 'PLACEMENT_GLOBAL_APP_BUNDLE'], 'location_ids': ['3175395'], 'gender': 'GENDER_FEMALE', 'age_groups': ['AGE_55_100']}",,"{'code': 0, 'message': 'OK', 'request_id': '202506170229531FCBA43378F0AB03037C', 'data': {'user_count': {'lower_end': 2111000, 'upper_end': 2581000}, 'user_count_stage': 2}}",2111000,2581000,2,2025-06-17 05:16:35.088415
40323,40323,BR,AGE_13_17,3175395,GENDER_MALE,,,,,,"{'advertiser_id': '7381489555305775105', 'objective_type': 'REACH', 'optimization_goal': 'REACH', 'placements': ['PLACEMENT_TIKTOK', 'PLACEMENT_PANGLE', 'PLACEMENT_GLOBAL_APP_BUNDLE'], 'location_ids': ['3175395'], 'gender': 'GENDER_MALE', 'age_groups': ['AGE_13_17']}",,"{'code': 0, 'message': 'OK', 'request_id': '202506170229531AAB9787384FCF02B858', 'data': {'user_count': {'lower_end': 0, 'upper_end': 1000}, 'user_count_stage': 1}}",0,1000,1,2025-06-17 05:16:35.088415
40324,40324,BR,AGE_25_34,3175395,GENDER_MALE,,,,,,"{'advertiser_id': '7381489555305775105', 'objective_type': 'REACH', 'optimization_goal': 'REACH', 'placements': ['PLACEMENT_TIKTOK', 'PLACEMENT_PANGLE', 'PLACEMENT_GLOBAL_APP_BUNDLE'], 'location_ids': ['3175395'], 'gender': 'GENDER_MALE', 'age_groups': ['AGE_25_34']}",,"{'code': 0, 'message': 'OK', 'request_id': '20250617022954407AB8E0DC655502D27E', 'data': {'user_count': {'lower_end': 2358000, 'upper_end': 2883000}, 'user_count_stage': 2}}",2358000,2883000,2,2025-06-17 05:16:35.088415
40325,40325,BR,AGE_35_44,3175395,GENDER_MALE,,,,,,"{'advertiser_id': '7381489555305775105', 'objective_type': 'REACH', 'optimization_goal': 'REACH', 'placements': ['PLACEMENT_TIKTOK', 'PLACEMENT_PANGLE', 'PLACEMENT_GLOBAL_APP_BUNDLE'], 'location_ids': ['3175395'], 'gender': 'GENDER_MALE', 'age_groups': ['AGE_35_44']}",,"{'code': 0, 'message': 'OK', 'request_id': '20250617022954B0F6D10A3F04E1039106', 'data': {'user_count': {'lower_end': 1436000, 'upper_end': 1756000}, 'user_count_stage': 2}}",1436000,1756000,2,2025-06-17 05:16:35.088415
40326,40326,BR,AGE_18_24,3175395,GENDER_MALE,,,,,,"{'advertiser_id': '7381489555305775105', 'objective_type': 'REACH', 'optimization_goal': 'REACH', 'placements': ['PLACEMENT_TIKTOK', 'PLACEMENT_PANGLE', 'PLACEMENT_GLOBAL_APP_BUNDLE'], 'location_ids': ['3175395'], 'gender': 'GENDER_MALE', 'age_groups': ['AGE_18_24']}",,"{'code': 0, 'message': 'OK', 'request_id': '20250617022954C843380EAEB946038B44', 'data': {'user_count': {'lower_end': 2029000, 'upper_end': 2481000}, 'user_count_stage': 2}}",2029000,2481000,2,2025-06-17 05:16:35.088415
40327,40327,BR,AGE_45_54,3175395,GENDER_MALE,,,,,,"{'advertiser_id': '7381489555305775105', 'objective_type': 'REACH', 'optimization_goal': 'REACH', 'placements': ['PLACEMENT_TIKTOK', 'PLACEMENT_PANGLE', 'PLACEMENT_GLOBAL_APP_BUNDLE'], 'location_ids': ['3175395'], 'gender': 'GENDER_MALE', 'age_groups': ['AGE_45_54']}",,"{'code': 0, 'message': 'OK', 'request_id': '2025061702295437920D64BC692702E743', 'data': {'user_count': {'lower_end': 1470000, 'upper_end': 1798000}, 'user_count_stage': 2}}",1470000,1798000,2,2025-06-17 05:16:35.088415
40328,40328,BR,AGE_55_100,3175395,GENDER_MALE,,,,,,"{'advertiser_id': '7381489555305775105', 'objective_type': 'REACH', 'optimization_goal': 'REACH', 'placements': ['PLACEMENT_TIKTOK', 'PLACEMENT_PANGLE', 'PLACEMENT_GLOBAL_APP_BUNDLE'], 'location_ids': ['3175395'], 'gender': 'GENDER_MALE', 'age_groups': ['AGE_55_100']}",,"{'code': 0, 'message': 'OK', 'request_id': '2025061702295456E9B0F7D3C1E602DEBC', 'data': {'user_count': {'lower_end': 1655000, 'upper_end': 2024000}, 'user_count_stage': 2}}",1655000,2024000,2,2025-06-17 05:16:35.088415
40332,40332,BR,AGE_13_17,3469034,GENDER_FEMALE,,,,,,"{'advertiser_id': '7381489555305775105', 'objective_type': 'REACH', 'optimization_goal': 'REACH', 'placements': ['PLACEMENT_TIKTOK', 'PLACEMENT_PANGLE', 'PLACEMENT_GLOBAL_APP_BUNDLE'], 'location_ids': ['3469034'], 'gender': 'GENDER_FEMALE', 'age_groups': ['AGE_13_17']}",,"{'code': 0, 'message': 'OK', 'request_id': '20250617022955A59C79DD329BDD02DB47', 'data': {'user_count': {'lower_end': 0, 'upper_end': 1000}, 'user_count_stage': 1}}",0,1000,1,2025-06-17 05:16:35.088415
40336,40336,BR,AGE_18_24,3469034,GENDER_FEMALE,,,,,,"{'advertiser_id': '7381489555305775105', 'objective_type': 'REACH', 'optimization_goal': 'REACH', 'placements': ['PLACEMENT_TIKTOK', 'PLACEMENT_PANGLE', 'PLACEMENT_GLOBAL_APP_BUNDLE'], 'location_ids': ['3469034'], 'gender': 'GENDER_FEMALE', 'age_groups': ['AGE_18_24']}",,"{'code': 0, 'message': 'OK', 'request_id': '202506170229563DA3E364BE328902E996', 'data': {'user_count': {'lower_end': 13366000, 'upper_end': 16337000}, 'user_count_stage': 2}}",13366000,16337000,2,2025-06-17 05:16:35.088415
40337,40337,BR,AGE_25_34,3469034,GENDER_FEMALE,,,,,,"{'advertiser_id': '7381489555305775105', 'objective_type': 'REACH', 'optimization_goal': 'REACH', 'placements': ['PLACEMENT_TIKTOK', 'PLACEMENT_PANGLE', 'PLACEMENT_GLOBAL_APP_BUNDLE'], 'location_ids': ['3469034'], 'gender': 'GENDER_FEMALE', 'age_groups': ['AGE_25_34']}",,"{'code': 0, 'message': 'OK', 'request_id': '202506170229568273A8FC09498F02E197', 'data': {'user_count': {'lower_end': 15457000, 'upper_end': 18893000}, 'user_count_stage': 2}}",15457000,18893000,2,2025-06-17 05:16:35.088415
40338,40338,BR,AGE_35_44,3469034,GENDER_FEMALE,,,,,,"{'advertiser_id': '7381489555305775105', 'objective_type': 'REACH', 'optimization_goal': 'REACH', 'placements': ['PLACEMENT_TIKTOK', 'PLACEMENT_PANGLE', 'PLACEMENT_GLOBAL_APP_BUNDLE'], 'location_ids': ['3469034'], 'gender': 'GENDER_FEMALE', 'age_groups': ['AGE_35_44']}",,"{'code': 0, 'message': 'OK', 'request_id': '202506170229568E1FFC2310621B030C4B', 'data': {'user_count': {'lower_end': 7634000, 'upper_end': 9332000}, 'user_count_stage': 2}}",7634000,9332000,2,2025-06-17 05:16:35.088415
40339,40339,BR,AGE_45_54,3469034,GENDER_FEMALE,,,,,,"{'advertiser_id': '7381489555305775105', 'objective_type': 'REACH', 'optimization_goal': 'REACH', 'placements': ['PLACEMENT_TIKTOK', 'PLACEMENT_PANGLE', 'PLACEMENT_GLOBAL_APP_BUNDLE'], 'location_ids': ['3469034'], 'gender': 'GENDER_FEMALE', 'age_groups': ['AGE_45_54']}",,"{'code': 0, 'message': 'OK', 'request_id': '202506170229560569109DE2F34402B8CD', 'data': {'user_count': {'lower_end': 5193000, 'upper_end': 6349000}, 'user_count_stage': 2}}",5193000,6349000,2,2025-06-17 05:16:35.088415
40340,40340,BR,AGE_55_100,3469034,GENDER_FEMALE,,,,,,"{'advertiser_id': '7381489555305775105', 'objective_type': 'REACH', 'optimization_goal': 'REACH', 'placements': ['PLACEMENT_TIKTOK', 'PLACEMENT_PANGLE', 'PLACEMENT_GLOBAL_APP_BUNDLE'], 'location_ids': ['3469034'], 'gender': 'GENDER_FEMALE', 'age_groups': ['AGE_55_100']}",,"{'code': 0, 'message': 'OK', 'request_id': '20250617022956FF300DCF80C12802C080', 'data': {'user_count': {'lower_end': 5591000, 'upper_end': 6835000}, 'user_count_stage': 2}}",5591000,6835000,2,2025-06-17 05:16:35.088415
40341,40341,BR,AGE_13_17,3469034,GENDER_MALE,,,,,,"{'advertiser_id': '7381489555305775105', 'objective_type': 'REACH', 'optimization_goal': 'REACH', 'placements': ['PLACEMENT_TIKTOK', 'PLACEMENT_PANGLE', 'PLACEMENT_GLOBAL_APP_BUNDLE'], 'location_ids': ['3469034'], 'gender': 'GENDER_MALE', 'age_groups': ['AGE_13_17']}",,"{'code': 0, 'message': 'OK', 'request_id': '20250617022956E8317B4BC5FC9703BE3C', 'data': {'user_count': {'lower_end': 0, 'upper_end': 1000}, 'user_count_stage': 1}}",0,1000,1,2025-06-17 05:16:35.088415
40342,40342,BR,AGE_18_24,3469034,GENDER_MALE,,,,,,"{'advertiser_id': '7381489555305775105', 'objective_type': 'REACH', 'optimization_goal': 'REACH', 'placements': ['PLACEMENT_TIKTOK', 'PLACEMENT_PANGLE', 'PLACEMENT_GLOBAL_APP_BUNDLE'], 'location_ids': ['3469034'], 'gender': 'GENDER_MALE', 'age_groups': ['AGE_18_24']}",,"{'code': 0, 'message': 'OK', 'request_id': '20250617022956421B8C3BD9353C0396A7', 'data': {'user_count': {'lower_end': 12464000, 'upper_end': 15235000}, 'user_count_stage': 2}}",12464000,15235000,2,2025-06-17 05:16:35.088415
40343,40343,BR,AGE_25_34,3469034,GENDER_MALE,,,,,,"{'advertiser_id': '7381489555305775105', 'objective_type': 'REACH', 'optimization_goal': 'REACH', 'placements': ['PLACEMENT_TIKTOK', 'PLACEMENT_PANGLE', 'PLACEMENT_GLOBAL_APP_BUNDLE'], 'location_ids': ['3469034'], 'gender': 'GENDER_MALE', 'age_groups': ['AGE_25_34']}",,"{'code': 0, 'message': 'OK', 'request_id': '20250617022956FC677FD7C565D102F007', 'data': {'user_count': {'lower_end': 26109000, 'upper_end': 31912000}, 'user_count_stage': 3}}",26109000,31912000,3,2025-06-17 05:16:35.088415
40344,40344,BR,AGE_35_44,3469034,GENDER_MALE,,,,,,"{'advertiser_id': '7381489555305775105', 'objective_type': 'REACH', 'optimization_goal': 'REACH', 'placements': ['PLACEMENT_TIKTOK', 'PLACEMENT_PANGLE', 'PLACEMENT_GLOBAL_APP_BUNDLE'], 'location_ids': ['3469034'], 'gender': 'GENDER_MALE', 'age_groups': ['AGE_35_44']}",,"{'code': 0, 'message': 'OK', 'request_id': '20250617022956124D59425B750902C403', 'data': {'user_count': {'lower_end': 10490000, 'upper_end': 12822000}, 'user_count_stage': 2}}",10490000,12822000,2,2025-06-17 05:16:35.088415
40345,40345,BR,AGE_45_54,3469034,GENDER_MALE,,,,,,"{'advertiser_id': '7381489555305775105', 'objective_type': 'REACH', 'optimization_goal': 'REACH', 'placements': ['PLACEMENT_TIKTOK', 'PLACEMENT_PANGLE', 'PLACEMENT_GLOBAL_APP_BUNDLE'], 'location_ids': ['3469034'], 'gender': 'GENDER_MALE', 'age_groups': ['AGE_45_54']}",,"{'code': 0, 'message': 'OK', 'request_id': '20250617022956B25654C7362576037E8F', 'data': {'user_count': {'lower_end': 6927000, 'upper_end': 8468000}, 'user_count_stage': 2}}",6927000,8468000,2,2025-06-17 05:16:35.088415
40346,40346,BR,AGE_55_100,3469034,GENDER_MALE,,,,,,"{'advertiser_id': '7381489555305775105', 'objective_type': 'REACH', 'optimization_goal': 'REACH', 'placements': ['PLACEMENT_TIKTOK', 'PLACEMENT_PANGLE', 'PLACEMENT_GLOBAL_APP_BUNDLE'], 'location_ids': ['3469034'], 'gender': 'GENDER_MALE', 'age_groups': ['AGE_55_100']}",,"{'code': 0, 'message': 'OK', 'request_id': '202506170229570749023DBF8B8802D4A4', 'data': {'user_count': {'lower_end': 6703000, 'upper_end': 8193000}, 'user_count_stage': 2}}",6703000,8193000,2,2025-06-17 05:16:35.088415
40353,40353,BR,AGE_13_17,6252001,GENDER_FEMALE,,,,,,"{'advertiser_id': '7381489555305775105', 'objective_type': 'REACH', 'optimization_goal': 'REACH', 'placements': ['PLACEMENT_TIKTOK', 'PLACEMENT_PANGLE', 'PLACEMENT_GLOBAL_APP_BUNDLE'], 'location_ids': ['6252001'], 'gender': 'GENDER_FEMALE', 'age_groups': ['AGE_13_17']}",,"{'code': 0, 'message': 'OK', 'request_id': '20250617022957B61D8378B24D11031391', 'data': {'user_count': {'lower_end': 0, 'upper_end': 1000}, 'user_count_stage': 1}}",0,1000,1,2025-06-17 05:16:35.088415
40354,40354,BR,AGE_18_24,6252001,GENDER_FEMALE,,,,,,"{'advertiser_id': '7381489555305775105', 'objective_type': 'REACH', 'optimization_goal': 'REACH', 'placements': ['PLACEMENT_TIKTOK', 'PLACEMENT_PANGLE', 'PLACEMENT_GLOBAL_APP_BUNDLE'], 'location_ids': ['6252001'], 'gender': 'GENDER_FEMALE', 'age_groups': ['AGE_18_24']}",,"{'code': 0, 'message': 'OK', 'request_id': '202506170229578621E7A0CF0D8902F13C', 'data': {'user_count': {'lower_end': 13060000, 'upper_end': 15964000}, 'user_count_stage': 2}}",13060000,15964000,2,2025-06-17 05:16:35.088415
40355,40355,BR,AGE_25_34,6252001,GENDER_FEMALE,,,,,,"{'advertiser_id': '7381489555305775105', 'objective_type': 'REACH', 'optimization_goal': 'REACH', 'placements': ['PLACEMENT_TIKTOK', 'PLACEMENT_PANGLE', 'PLACEMENT_GLOBAL_APP_BUNDLE'], 'location_ids': ['6252001'], 'gender': 'GENDER_FEMALE', 'age_groups': ['AGE_25_34']}",,"{'code': 0, 'message': 'OK', 'request_id': '202506170229571CE6E200D97BEF030097', 'data': {'user_count': {'lower_end': 14804000, 'upper_end': 18095000}, 'user_count_stage': 2}}",14804000,18095000,2,2025-06-17 05:16:35.088415
40356,40356,BR,AGE_45_54,6252001,GENDER_FEMALE,,,,,,"{'advertiser_id': '7381489555305775105', 'objective_type': 'REACH', 'optimization_goal': 'REACH', 'placements': ['PLACEMENT_TIKTOK', 'PLACEMENT_PANGLE', 'PLACEMENT_GLOBAL_APP_BUNDLE'], 'location_ids': ['6252001'], 'gender': 'GENDER_FEMALE', 'age_groups': ['AGE_45_54']}",,"{'code': 0, 'message': 'OK', 'request_id': '20250617022958336DCD9C877A0402D488', 'data': {'user_count': {'lower_end': 8707000, 'upper_end': 10643000}, 'user_count_stage': 2}}",8707000,10643000,2,2025-06-17 05:16:35.088415
40357,40357,BR,AGE_35_44,6252001,GENDER_FEMALE,,,,,,"{'advertiser_id': '7381489555305775105', 'objective_type': 'REACH', 'optimization_goal': 'REACH', 'placements': ['PLACEMENT_TIKTOK', 'PLACEMENT_PANGLE', 'PLACEMENT_GLOBAL_APP_BUNDLE'], 'location_ids': ['6252001'], 'gender': 'GENDER_FEMALE', 'age_groups': ['AGE_35_44']}",,"{'code': 0, 'message': 'OK', 'request_id': '2025061702295880100F3D16D6E802CE5D', 'data': {'user_count': {'lower_end': 13515000, 'upper_end': 16520000}, 'user_count_stage': 2}}",13515000,16520000,2,2025-06-17 05:16:35.088415
40358,40358,BR,AGE_55_100,6252001,GENDER_FEMALE,,,,,,"{'advertiser_id': '7381489555305775105', 'objective_type': 'REACH', 'optimization_goal': 'REACH', 'placements': ['PLACEMENT_TIKTOK', 'PLACEMENT_PANGLE', 'PLACEMENT_GLOBAL_APP_BUNDLE'], 'location_ids': ['6252001'], 'gender': 'GENDER_FEMALE', 'age_groups': ['AGE_55_100']}",,"{'code': 0, 'message': 'OK', 'request_id': '2025061702295806B25608DE7C0602FB54', 'data': {'user_count': {'lower_end': 8689000, 'upper_end': 10621000}, 'user_count_stage': 2}}",8689000,10621000,2,2025-06-17 05:16:35.088415
40359,40359,BR,AGE_18_24,6252001,GENDER_MALE,,,,,,"{'advertiser_id': '7381489555305775105', 'objective_type': 'REACH', 'optimization_goal': 'REACH', 'placements': ['PLACEMENT_TIKTOK', 'PLACEMENT_PANGLE', 'PLACEMENT_GLOBAL_APP_BUNDLE'], 'location_ids': ['6252001'], 'gender': 'GENDER_MALE', 'age_groups': ['AGE_18_24']}",,"{'code': 0, 'message': 'OK', 'request_id': '202506170229582CF5CB9E4B88A002C211', 'data': {'user_count': {'lower_end': 11462000, 'upper_end': 14011000}, 'user_count_stage': 2}}",11462000,14011000,2,2025-06-17 05:16:35.088415
40360,40360,BR,AGE_13_17,6252001,GENDER_MALE,,,,,,"{'advertiser_id': '7381489555305775105', 'objective_type': 'REACH', 'optimization_goal': 'REACH', 'placements': ['PLACEMENT_TIKTOK', 'PLACEMENT_PANGLE', 'PLACEMENT_GLOBAL_APP_BUNDLE'], 'location_ids': ['6252001'], 'gender': 'GENDER_MALE', 'age_groups': ['AGE_13_17']}",,"{'code': 0, 'message': 'OK', 'request_id': '20250617022958F7F3030FEA274202EB75', 'data': {'user_count': {'lower_end': 0, 'upper_end': 1000}, 'user_count_stage': 1}}",0,1000,1,2025-06-17 05:16:35.088415
40361,40361,BR,AGE_35_44,6252001,GENDER_MALE,,,,,,"{'advertiser_id': '7381489555305775105', 'objective_type': 'REACH', 'optimization_goal': 'REACH', 'placements': ['PLACEMENT_TIKTOK', 'PLACEMENT_PANGLE', 'PLACEMENT_GLOBAL_APP_BUNDLE'], 'location_ids': ['6252001'], 'gender': 'GENDER_MALE', 'age_groups': ['AGE_35_44']}",,"{'code': 0, 'message': 'OK', 'request_id': '2025061702295929B8856A870420030A78', 'data': {'user_count': {'lower_end': 17040000, 'upper_end': 20828000}, 'user_count_stage': 2}}",17040000,20828000,2,2025-06-17 05:16:35.088415
40362,40362,BR,AGE_25_34,6252001,GENDER_MALE,,,,,,"{'advertiser_id': '7381489555305775105', 'objective_type': 'REACH', 'optimization_goal': 'REACH', 'placements': ['PLACEMENT_TIKTOK', 'PLACEMENT_PANGLE', 'PLACEMENT_GLOBAL_APP_BUNDLE'], 'location_ids': ['6252001'], 'gender': 'GENDER_MALE', 'age_groups': ['AGE_25_34']}",,"{'code': 0, 'message': 'OK', 'request_id': '202506170229595C92C1730E28B002E88C', 'data': {'user_count': {'lower_end': 17042000, 'upper_end': 20830000}, 'user_count_stage': 2}}",17042000,20830000,2,2025-06-17 05:16:35.088415
40363,40363,BR,AGE_45_54,6252001,GENDER_MALE,,,,,,"{'advertiser_id': '7381489555305775105', 'objective_type': 'REACH', 'optimization_goal': 'REACH', 'placements': ['PLACEMENT_TIKTOK', 'PLACEMENT_PANGLE', 'PLACEMENT_GLOBAL_APP_BUNDLE'], 'location_ids': ['6252001'], 'gender': 'GENDER_MALE', 'age_groups': ['AGE_45_54']}",,"{'code': 0, 'message': 'OK', 'request_id': '20250617022959551534959340D102D29E', 'data': {'user_count': {'lower_end': 11089000, 'upper_end': 13555000}, 'user_count_stage': 2}}",11089000,13555000,2,2025-06-17 05:16:35.088415
40364,40364,BR,AGE_55_100,6252001,GENDER_MALE,,,,,,"{'advertiser_id': '7381489555305775105', 'objective_type': 'REACH', 'optimization_goal': 'REACH', 'placements': ['PLACEMENT_TIKTOK', 'PLACEMENT_PANGLE', 'PLACEMENT_GLOBAL_APP_BUNDLE'], 'location_ids': ['6252001'], 'gender': 'GENDER_MALE', 'age_groups': ['AGE_55_100']}",,"{'code': 0, 'message': 'OK', 'request_id': '20250617022959192BB2127ECA3F02C88D', 'data': {'user_count': {'lower_end': 14646000, 'upper_end': 17902000}, 'user_count_stage': 2}}",14646000,17902000,2,2025-06-17 05:16:35.088415
40371,40371,BR,AGE_13_17,357994,GENDER_FEMALE,,,,,,"{'advertiser_id': '7381489555305775105', 'objective_type': 'REACH', 'optimization_goal': 'REACH', 'placements': ['PLACEMENT_TIKTOK', 'PLACEMENT_PANGLE', 'PLACEMENT_GLOBAL_APP_BUNDLE'], 'location_ids': ['357994'], 'gender': 'GENDER_FEMALE', 'age_groups': ['AGE_13_17']}",,"{'code': 0, 'message': 'OK', 'request_id': '20250617023000FFD785378E40FA02A2CE', 'data': {'user_count': {'lower_end': 0, 'upper_end': 3000}, 'user_count_stage': 1}}",0,3000,1,2025-06-17 05:16:35.088415
40372,40372,BR,AGE_18_24,357994,GENDER_FEMALE,,,,,,"{'advertiser_id': '7381489555305775105', 'objective_type': 'REACH', 'optimization_goal': 'REACH', 'placements': ['PLACEMENT_TIKTOK', 'PLACEMENT_PANGLE', 'PLACEMENT_GLOBAL_APP_BUNDLE'], 'location_ids': ['357994'], 'gender': 'GENDER_FEMALE', 'age_groups': ['AGE_18_24']}",,"{'code': 0, 'message': 'OK', 'request_id': '20250617023000A3A21DB3E244B402D6C5', 'data': {'user_count': {'lower_end': 9792000, 'upper_end': 11969000}, 'user_count_stage': 2}}",9792000,11969000,2,2025-06-17 05:16:35.088415
40373,40373,BR,AGE_25_34,357994,GENDER_FEMALE,,,,,,"{'advertiser_id': '7381489555305775105', 'objective_type': 'REACH', 'optimization_goal': 'REACH', 'placements': ['PLACEMENT_TIKTOK', 'PLACEMENT_PANGLE', 'PLACEMENT_GLOBAL_APP_BUNDLE'], 'location_ids': ['357994'], 'gender': 'GENDER_FEMALE', 'age_groups': ['AGE_25_34']}",,"{'code': 0, 'message': 'OK', 'request_id': '2025061702300115772FCBAA204B0311A2', 'data': {'user_count': {'lower_end': 15753000, 'upper_end': 19255000}, 'user_count_stage': 2}}",15753000,19255000,2,2025-06-17 05:16:35.088415
40374,40374,BR,AGE_45_54,357994,GENDER_FEMALE,,,,,,"{'advertiser_id': '7381489555305775105', 'objective_type': 'REACH', 'optimization_goal': 'REACH', 'placements': ['PLACEMENT_TIKTOK', 'PLACEMENT_PANGLE', 'PLACEMENT_GLOBAL_APP_BUNDLE'], 'location_ids': ['357994'], 'gender': 'GENDER_FEMALE', 'age_groups': ['AGE_45_54']}",,"{'code': 0, 'message': 'OK', 'request_id': '20250617023001E0D6682D0DDF6F02EB23', 'data': {'user_count': {'lower_end': 3341000, 'upper_end': 4085000}, 'user_count_stage': 2}}",3341000,4085000,2,2025-06-17 05:16:35.088415
40375,40375,BR,AGE_55_100,357994,GENDER_FEMALE,,,,,,"{'advertiser_id': '7381489555305775105', 'objective_type': 'REACH', 'optimization_goal': 'REACH', 'placements': ['PLACEMENT_TIKTOK', 'PLACEMENT_PANGLE', 'PLACEMENT_GLOBAL_APP_BUNDLE'], 'location_ids': ['357994'], 'gender': 'GENDER_FEMALE', 'age_groups': ['AGE_55_100']}",,"{'code': 0, 'message': 'OK', 'request_id': '20250617023001A3C4471ECB0B6402A2AE', 'data': {'user_count': {'lower_end': 2288000, 'upper_end': 2798000}, 'user_count_stage': 2}}",2288000,2798000,2,2025-06-17 05:16:35.088415
40376,40376,BR,AGE_13_17,357994,GENDER_MALE,,,,,,"{'advertiser_id': '7381489555305775105', 'objective_type': 'REACH', 'optimization_goal': 'REACH', 'placements': ['PLACEMENT_TIKTOK', 'PLACEMENT_PANGLE', 'PLACEMENT_GLOBAL_APP_BUNDLE'], 'location_ids': ['357994'], 'gender': 'GENDER_MALE', 'age_groups': ['AGE_13_17']}",,"{'code': 0, 'message': 'OK', 'request_id': '20250617023001027674BF609BC702C435', 'data': {'user_count': {'lower_end': 0, 'upper_end': 3000}, 'user_count_stage': 1}}",0,3000,1,2025-06-17 05:16:35.088415
40377,40377,BR,AGE_35_44,357994,GENDER_FEMALE,,,,,,"{'advertiser_id': '7381489555305775105', 'objective_type': 'REACH', 'optimization_goal': 'REACH', 'placements': ['PLACEMENT_TIKTOK', 'PLACEMENT_PANGLE', 'PLACEMENT_GLOBAL_APP_BUNDLE'], 'location_ids': ['357994'], 'gender': 'GENDER_FEMALE', 'age_groups': ['AGE_35_44']}",,"{'code': 0, 'message': 'OK', 'request_id': '202506170230010C81F2E5133D1C02C36A', 'data': {'user_count': {'lower_end': 7906000, 'upper_end': 9664000}, 'user_count_stage': 2}}",7906000,9664000,2,2025-06-17 05:16:35.088415
40378,40378,BR,AGE_25_34,357994,GENDER_MALE,,,,,,"{'advertiser_id': '7381489555305775105', 'objective_type': 'REACH', 'optimization_goal': 'REACH', 'placements': ['PLACEMENT_TIKTOK', 'PLACEMENT_PANGLE', 'PLACEMENT_GLOBAL_APP_BUNDLE'], 'location_ids': ['357994'], 'gender': 'GENDER_MALE', 'age_groups': ['AGE_25_34']}",,"{'code': 0, 'message': 'OK', 'request_id': '20250617023001D41BC55DFACDE702D0B9', 'data': {'user_count': {'lower_end': 26256000, 'upper_end': 32091000}, 'user_count_stage': 3}}",26256000,32091000,3,2025-06-17 05:16:35.088415
40379,40379,BR,AGE_18_24,357994,GENDER_MALE,,,,,,"{'advertiser_id': '7381489555305775105', 'objective_type': 'REACH', 'optimization_goal': 'REACH', 'placements': ['PLACEMENT_TIKTOK', 'PLACEMENT_PANGLE', 'PLACEMENT_GLOBAL_APP_BUNDLE'], 'location_ids': ['357994'], 'gender': 'GENDER_MALE', 'age_groups': ['AGE_18_24']}",,"{'code': 0, 'message': 'OK', 'request_id': '202506170230015C92C1730E28B002E8E2', 'data': {'user_count': {'lower_end': 29151000, 'upper_end': 35630000}, 'user_count_stage': 3}}",29151000,35630000,3,2025-06-17 05:16:35.088415
40380,40380,BR,AGE_45_54,357994,GENDER_MALE,,,,,,"{'advertiser_id': '7381489555305775105', 'objective_type': 'REACH', 'optimization_goal': 'REACH', 'placements': ['PLACEMENT_TIKTOK', 'PLACEMENT_PANGLE', 'PLACEMENT_GLOBAL_APP_BUNDLE'], 'location_ids': ['357994'], 'gender': 'GENDER_MALE', 'age_groups': ['AGE_45_54']}",,"{'code': 0, 'message': 'OK', 'request_id': '20250617023001AC8A40AF232DFC02E2DD', 'data': {'user_count': {'lower_end': 3438000, 'upper_end': 4203000}, 'user_count_stage': 2}}",3438000,4203000,2,2025-06-17 05:16:35.088415
40381,40381,BR,AGE_35_44,357994,GENDER_MALE,,,,,,"{'advertiser_id': '7381489555305775105', 'objective_type': 'REACH', 'optimization_goal': 'REACH', 'placements': ['PLACEMENT_TIKTOK', 'PLACEMENT_PANGLE', 'PLACEMENT_GLOBAL_APP_BUNDLE'], 'location_ids': ['357994'], 'gender': 'GENDER_MALE', 'age_groups': ['AGE_35_44']}",,"{'code': 0, 'message': 'OK', 'request_id': '2025061702300162CCE372F9C9B102E4C5', 'data': {'user_count': {'lower_end': 13207000, 'upper_end': 16143000}, 'user_count_stage': 2}}",13207000,16143000,2,2025-06-17 05:16:35.088415
40387,40387,BR,AGE_55_100,357994,GENDER_MALE,,,,,,"{'advertiser_id': '7381489555305775105', 'objective_type': 'REACH', 'optimization_goal': 'REACH', 'placements': ['PLACEMENT_TIKTOK', 'PLACEMENT_PANGLE', 'PLACEMENT_GLOBAL_APP_BUNDLE'], 'location_ids': ['357994'], 'gender': 'GENDER_MALE', 'age_groups': ['AGE_55_100']}",,"{'code': 0, 'message': 'OK', 'request_id': '20250617023002A3A21DB3E244B402D6F2', 'data': {'user_count': {'lower_end': 7315000, 'upper_end': 8941000}, 'user_count_stage': 2}}",7315000,8941000,2,2025-06-17 05:16:35.088415
40388,40388,BR,AGE_35_44,99237,GENDER_FEMALE,,,,,,"{'advertiser_id': '7381489555305775105', 'objective_type': 'REACH', 'optimization_goal': 'REACH', 'placements': ['PLACEMENT_TIKTOK', 'PLACEMENT_PANGLE', 'PLACEMENT_GLOBAL_APP_BUNDLE'], 'location_ids': ['99237'], 'gender': 'GENDER_FEMALE', 'age_groups': ['AGE_35_44']}",,"{'code': 0, 'message': 'OK', 'request_id': '20250617023003C24336B44D544602DB60', 'data': {'user_count': {'lower_end': 1429000, 'upper_end': 1747000}, 'user_count_stage': 2}}",1429000,1747000,2,2025-06-17 05:16:35.088415
40390,40390,BR,AGE_18_24,99237,GENDER_FEMALE,,,,,,"{'advertiser_id': '7381489555305775105', 'objective_type': 'REACH', 'optimization_goal': 'REACH', 'placements': ['PLACEMENT_TIKTOK', 'PLACEMENT_PANGLE', 'PLACEMENT_GLOBAL_APP_BUNDLE'], 'location_ids': ['99237'], 'gender': 'GENDER_FEMALE', 'age_groups': ['AGE_18_24']}",,"{'code': 0, 'message': 'OK', 'request_id': '202506170230030AEDE80C3DACB802C5E6', 'data': {'user_count': {'lower_end': 4592000, 'upper_end': 5613000}, 'user_count_stage': 2}}",4592000,5613000,2,2025-06-17 05:16:35.088415
40391,40391,BR,AGE_55_100,99237,GENDER_FEMALE,,,,,,"{'advertiser_id': '7381489555305775105', 'objective_type': 'REACH', 'optimization_goal': 'REACH', 'placements': ['PLACEMENT_TIKTOK', 'PLACEMENT_PANGLE', 'PLACEMENT_GLOBAL_APP_BUNDLE'], 'location_ids': ['99237'], 'gender': 'GENDER_FEMALE', 'age_groups': ['AGE_55_100']}",,"{'code': 0, 'message': 'OK', 'request_id': '202506170230048A75B9BB4408D002D672', 'data': {'user_count': {'lower_end': 779000, 'upper_end': 954000}, 'user_count_stage': 2}}",779000,954000,2,2025-06-17 05:16:35.088415
40392,40392,BR,AGE_45_54,99237,GENDER_FEMALE,,,,,,"{'advertiser_id': '7381489555305775105', 'objective_type': 'REACH', 'optimization_goal': 'REACH', 'placements': ['PLACEMENT_TIKTOK', 'PLACEMENT_PANGLE', 'PLACEMENT_GLOBAL_APP_BUNDLE'], 'location_ids': ['99237'], 'gender': 'GENDER_FEMALE', 'age_groups': ['AGE_45_54']}",,"{'code': 0, 'message': 'OK', 'request_id': '20250617023004D95E79459604D402D543', 'data': {'user_count': {'lower_end': 651000, 'upper_end': 797000}, 'user_count_stage': 2}}",651000,797000,2,2025-06-17 05:16:35.088415
40393,40393,BR,AGE_13_17,99237,GENDER_MALE,,,,,,"{'advertiser_id': '7381489555305775105', 'objective_type': 'REACH', 'optimization_goal': 'REACH', 'placements': ['PLACEMENT_TIKTOK', 'PLACEMENT_PANGLE', 'PLACEMENT_GLOBAL_APP_BUNDLE'], 'location_ids': ['99237'], 'gender': 'GENDER_MALE', 'age_groups': ['AGE_13_17']}",,"{'code': 0, 'message': 'OK', 'request_id': '202506170230041EE6A08D916A8602CEE2', 'data': {'user_count': {'lower_end': 0, 'upper_end': 1000}, 'user_count_stage': 1}}",0,1000,1,2025-06-17 05:16:35.088415
40394,40394,BR,AGE_18_24,99237,GENDER_MALE,,,,,,"{'advertiser_id': '7381489555305775105', 'objective_type': 'REACH', 'optimization_goal': 'REACH', 'placements': ['PLACEMENT_TIKTOK', 'PLACEMENT_PANGLE', 'PLACEMENT_GLOBAL_APP_BUNDLE'], 'location_ids': ['99237'], 'gender': 'GENDER_MALE', 'age_groups': ['AGE_18_24']}",,"{'code': 0, 'message': 'OK', 'request_id': '2025061702300481C639EDC1A7F002FA2B', 'data': {'user_count': {'lower_end': 6192000, 'upper_end': 7570000}, 'user_count_stage': 2}}",6192000,7570000,2,2025-06-17 05:16:35.088415
40395,40395,BR,AGE_25_34,99237,GENDER_MALE,,,,,,"{'advertiser_id': '7381489555305775105', 'objective_type': 'REACH', 'optimization_goal': 'REACH', 'placements': ['PLACEMENT_TIKTOK', 'PLACEMENT_PANGLE', 'PLACEMENT_GLOBAL_APP_BUNDLE'], 'location_ids': ['99237'], 'gender': 'GENDER_MALE', 'age_groups': ['AGE_25_34']}",,"{'code': 0, 'message': 'OK', 'request_id': '2025061702300455635A2D581C71037EDB', 'data': {'user_count': {'lower_end': 9464000, 'upper_end': 11569000}, 'user_count_stage': 3}}",9464000,11569000,3,2025-06-17 05:16:35.088415
40396,40396,BR,AGE_13_17,99237,GENDER_FEMALE,,,,,,"{'advertiser_id': '7381489555305775105', 'objective_type': 'REACH', 'optimization_goal': 'REACH', 'placements': ['PLACEMENT_TIKTOK', 'PLACEMENT_PANGLE', 'PLACEMENT_GLOBAL_APP_BUNDLE'], 'location_ids': ['99237'], 'gender': 'GENDER_FEMALE', 'age_groups': ['AGE_13_17']}",,"{'code': 0, 'message': 'OK', 'request_id': '20250617023003421B8C3BD9353C039742', 'data': {'user_count': {'lower_end': 0, 'upper_end': 1000}, 'user_count_stage': 1}}",0,1000,1,2025-06-17 05:16:35.088415
40397,40397,BR,AGE_35_44,99237,GENDER_MALE,,,,,,"{'advertiser_id': '7381489555305775105', 'objective_type': 'REACH', 'optimization_goal': 'REACH', 'placements': ['PLACEMENT_TIKTOK', 'PLACEMENT_PANGLE', 'PLACEMENT_GLOBAL_APP_BUNDLE'], 'location_ids': ['99237'], 'gender': 'GENDER_MALE', 'age_groups': ['AGE_35_44']}",,"{'code': 0, 'message': 'OK', 'request_id': '202506170230059F31B759DD989002DA42', 'data': {'user_count': {'lower_end': 2778000, 'upper_end': 3396000}, 'user_count_stage': 2}}",2778000,3396000,2,2025-06-17 05:16:35.088415
40398,40398,BR,AGE_25_34,99237,GENDER_FEMALE,,,,,,"{'advertiser_id': '7381489555305775105', 'objective_type': 'REACH', 'optimization_goal': 'REACH', 'placements': ['PLACEMENT_TIKTOK', 'PLACEMENT_PANGLE', 'PLACEMENT_GLOBAL_APP_BUNDLE'], 'location_ids': ['99237'], 'gender': 'GENDER_FEMALE', 'age_groups': ['AGE_25_34']}",,"{'code': 0, 'message': 'OK', 'request_id': '20250617023003C3AB8D7193651902C2AB', 'data': {'user_count': {'lower_end': 5694000, 'upper_end': 6961000}, 'user_count_stage': 2}}",5694000,6961000,2,2025-06-17 05:16:35.088415
40399,40399,BR,AGE_45_54,99237,GENDER_MALE,,,,,,"{'advertiser_id': '7381489555305775105', 'objective_type': 'REACH', 'optimization_goal': 'REACH', 'placements': ['PLACEMENT_TIKTOK', 'PLACEMENT_PANGLE', 'PLACEMENT_GLOBAL_APP_BUNDLE'], 'location_ids': ['99237'], 'gender': 'GENDER_MALE', 'age_groups': ['AGE_45_54']}",,"{'code': 0, 'message': 'OK', 'request_id': '202506170230051EE6A08D916A8602CEFE', 'data': {'user_count': {'lower_end': 1202000, 'upper_end': 1471000}, 'user_count_stage': 2}}",1202000,1471000,2,2025-06-17 05:16:35.088415
40400,40400,BR,AGE_55_100,99237,GENDER_MALE,,,,,,"{'advertiser_id': '7381489555305775105', 'objective_type': 'REACH', 'optimization_goal': 'REACH', 'placements': ['PLACEMENT_TIKTOK', 'PLACEMENT_PANGLE', 'PLACEMENT_GLOBAL_APP_BUNDLE'], 'location_ids': ['99237'], 'gender': 'GENDER_MALE', 'age_groups': ['AGE_55_100']}",,"{'code': 0, 'message': 'OK', 'request_id': '20250617023005027674BF609BC702C4B3', 'data': {'user_count': {'lower_end': 1156000, 'upper_end': 1414000}, 'user_count_stage': 2}}",1156000,1414000,2,2025-06-17 05:16:35.088415
40406,40406,BR,AGE_25_34,2264397,GENDER_FEMALE,,,,,,"{'advertiser_id': '7381489555305775105', 'objective_type': 'REACH', 'optimization_goal': 'REACH', 'placements': ['PLACEMENT_TIKTOK', 'PLACEMENT_PANGLE', 'PLACEMENT_GLOBAL_APP_BUNDLE'], 'location_ids': ['2264397'], 'gender': 'GENDER_FEMALE', 'age_groups': ['AGE_25_34']}",,"{'code': 0, 'message': 'OK', 'request_id': '202506170230061CA111C8E3E98602C612', 'data': {'user_count': {'lower_end': 683000, 'upper_end': 836000}, 'user_count_stage': 2}}",683000,836000,2,2025-06-17 05:16:35.088415
40407,40407,BR,AGE_18_24,2264397,GENDER_FEMALE,,,,,,"{'advertiser_id': '7381489555305775105', 'objective_type': 'REACH', 'optimization_goal': 'REACH', 'placements': ['PLACEMENT_TIKTOK', 'PLACEMENT_PANGLE', 'PLACEMENT_GLOBAL_APP_BUNDLE'], 'location_ids': ['2264397'], 'gender': 'GENDER_FEMALE', 'age_groups': ['AGE_18_24']}",,"{'code': 0, 'message': 'OK', 'request_id': '20250617023006FA26518958BC8F034994', 'data': {'user_count': {'lower_end': 497000, 'upper_end': 608000}, 'user_count_stage': 2}}",497000,608000,2,2025-06-17 05:16:35.088415
40408,40408,BR,AGE_35_44,2264397,GENDER_FEMALE,,,,,,"{'advertiser_id': '7381489555305775105', 'objective_type': 'REACH', 'optimization_goal': 'REACH', 'placements': ['PLACEMENT_TIKTOK', 'PLACEMENT_PANGLE', 'PLACEMENT_GLOBAL_APP_BUNDLE'], 'location_ids': ['2264397'], 'gender': 'GENDER_FEMALE', 'age_groups': ['AGE_35_44']}",,"{'code': 0, 'message': 'OK', 'request_id': '2025061702300606E09CAE4715BA02EE50', 'data': {'user_count': {'lower_end': 368000, 'upper_end': 451000}, 'user_count_stage': 2}}",368000,451000,2,2025-06-17 05:16:35.088415
40409,40409,BR,AGE_45_54,2264397,GENDER_FEMALE,,,,,,"{'advertiser_id': '7381489555305775105', 'objective_type': 'REACH', 'optimization_goal': 'REACH', 'placements': ['PLACEMENT_TIKTOK', 'PLACEMENT_PANGLE', 'PLACEMENT_GLOBAL_APP_BUNDLE'], 'location_ids': ['2264397'], 'gender': 'GENDER_FEMALE', 'age_groups': ['AGE_45_54']}",,"{'code': 0, 'message': 'OK', 'request_id': '20250617023007C56890ADAC875D02FCFA', 'data': {'user_count': {'lower_end': 321000, 'upper_end': 393000}, 'user_count_stage': 2}}",321000,393000,2,2025-06-17 05:16:35.088415
40410,40410,BR,AGE_55_100,2264397,GENDER_FEMALE,,,,,,"{'advertiser_id': '7381489555305775105', 'objective_type': 'REACH', 'optimization_goal': 'REACH', 'placements': ['PLACEMENT_TIKTOK', 'PLACEMENT_PANGLE', 'PLACEMENT_GLOBAL_APP_BUNDLE'], 'location_ids': ['2264397'], 'gender': 'GENDER_FEMALE', 'age_groups': ['AGE_55_100']}",,"{'code': 0, 'message': 'OK', 'request_id': '202506170230078DE04E71F1BC0E030026', 'data': {'user_count': {'lower_end': 261000, 'upper_end': 320000}, 'user_count_stage': 2}}",261000,320000,2,2025-06-17 05:16:35.088415
40411,40411,BR,AGE_13_17,2264397,GENDER_MALE,,,,,,"{'advertiser_id': '7381489555305775105', 'objective_type': 'REACH', 'optimization_goal': 'REACH', 'placements': ['PLACEMENT_TIKTOK', 'PLACEMENT_PANGLE', 'PLACEMENT_GLOBAL_APP_BUNDLE'], 'location_ids': ['2264397'], 'gender': 'GENDER_MALE', 'age_groups': ['AGE_13_17']}",,"{'code': 0, 'message': 'OK', 'request_id': '202506170230071FCBA43378F0AB030539', 'data': {'user_count': {'lower_end': 0, 'upper_end': 1000}, 'user_count_stage': 1}}",0,1000,1,2025-06-17 05:16:35.088415
40412,40412,BR,AGE_25_34,2264397,GENDER_MALE,,,,,,"{'advertiser_id': '7381489555305775105', 'objective_type': 'REACH', 'optimization_goal': 'REACH', 'placements': ['PLACEMENT_TIKTOK', 'PLACEMENT_PANGLE', 'PLACEMENT_GLOBAL_APP_BUNDLE'], 'location_ids': ['2264397'], 'gender': 'GENDER_MALE', 'age_groups': ['AGE_25_34']}",,"{'code': 0, 'message': 'OK', 'request_id': '202506170230081CE6E200D97BEF03024E', 'data': {'user_count': {'lower_end': 492000, 'upper_end': 603000}, 'user_count_stage': 2}}",492000,603000,2,2025-06-17 05:16:35.088415
40413,40413,BR,AGE_35_44,2264397,GENDER_MALE,,,,,,"{'advertiser_id': '7381489555305775105', 'objective_type': 'REACH', 'optimization_goal': 'REACH', 'placements': ['PLACEMENT_TIKTOK', 'PLACEMENT_PANGLE', 'PLACEMENT_GLOBAL_APP_BUNDLE'], 'location_ids': ['2264397'], 'gender': 'GENDER_MALE', 'age_groups': ['AGE_35_44']}",,"{'code': 0, 'message': 'OK', 'request_id': '20250617023008EA1701F49EAE9502D4D1', 'data': {'user_count': {'lower_end': 267000, 'upper_end': 327000}, 'user_count_stage': 2}}",267000,327000,2,2025-06-17 05:16:35.088415
40414,40414,BR,AGE_13_17,2264397,GENDER_FEMALE,,,,,,"{'advertiser_id': '7381489555305775105', 'objective_type': 'REACH', 'optimization_goal': 'REACH', 'placements': ['PLACEMENT_TIKTOK', 'PLACEMENT_PANGLE', 'PLACEMENT_GLOBAL_APP_BUNDLE'], 'location_ids': ['2264397'], 'gender': 'GENDER_FEMALE', 'age_groups': ['AGE_13_17']}",,"{'code': 0, 'message': 'OK', 'request_id': '202506170230068E1FFC2310621B030D5E', 'data': {'user_count': {'lower_end': 0, 'upper_end': 1000}, 'user_count_stage': 1}}",0,1000,1,2025-06-17 05:16:35.088415
40416,40416,BR,AGE_55_100,2264397,GENDER_MALE,,,,,,"{'advertiser_id': '7381489555305775105', 'objective_type': 'REACH', 'optimization_goal': 'REACH', 'placements': ['PLACEMENT_TIKTOK', 'PLACEMENT_PANGLE', 'PLACEMENT_GLOBAL_APP_BUNDLE'], 'location_ids': ['2264397'], 'gender': 'GENDER_MALE', 'age_groups': ['AGE_55_100']}",,"{'code': 0, 'message': 'OK', 'request_id': '202506170230090DD74DF045721302C184', 'data': {'user_count': {'lower_end': 163000, 'upper_end': 200000}, 'user_count_stage': 2}}",163000,200000,2,2025-06-17 05:16:35.088415
40417,40417,BR,AGE_45_54,2264397,GENDER_MALE,,,,,,"{'advertiser_id': '7381489555305775105', 'objective_type': 'REACH', 'optimization_goal': 'REACH', 'placements': ['PLACEMENT_TIKTOK', 'PLACEMENT_PANGLE', 'PLACEMENT_GLOBAL_APP_BUNDLE'], 'location_ids': ['2264397'], 'gender': 'GENDER_MALE', 'age_groups': ['AGE_45_54']}",,"{'code': 0, 'message': 'OK', 'request_id': '202506170230090AEDE80C3DACB802C6B9', 'data': {'user_count': {'lower_end': 214000, 'upper_end': 263000}, 'user_count_stage': 2}}",214000,263000,2,2025-06-17 05:16:35.088415
40424,40424,BR,AGE_13_17,1168579,GENDER_FEMALE,,,,,,"{'advertiser_id': '7381489555305775105', 'objective_type': 'REACH', 'optimization_goal': 'REACH', 'placements': ['PLACEMENT_TIKTOK', 'PLACEMENT_PANGLE', 'PLACEMENT_GLOBAL_APP_BUNDLE'], 'location_ids': ['1168579'], 'gender': 'GENDER_FEMALE', 'age_groups': ['AGE_13_17']}",,"{'code': 0, 'message': 'OK', 'request_id': '2025061702301049358582CD5D59038F8A', 'data': {'user_count': {'lower_end': 0, 'upper_end': 1000}, 'user_count_stage': 1}}",0,1000,1,2025-06-17 05:16:35.088415
40425,40425,BR,AGE_18_24,2264397,GENDER_MALE,,,,,,"{'advertiser_id': '7381489555305775105', 'objective_type': 'REACH', 'optimization_goal': 'REACH', 'placements': ['PLACEMENT_TIKTOK', 'PLACEMENT_PANGLE', 'PLACEMENT_GLOBAL_APP_BUNDLE'], 'location_ids': ['2264397'], 'gender': 'GENDER_MALE', 'age_groups': ['AGE_18_24']}",,"{'code': 0, 'message': 'OK', 'request_id': '20250617023007DA448B13A4726F02DE4B', 'data': {'user_count': {'lower_end': 346000, 'upper_end': 424000}, 'user_count_stage': 2}}",346000,424000,2,2025-06-17 05:16:35.088415
40426,40426,BR,AGE_18_24,1168579,GENDER_FEMALE,,,,,,"{'advertiser_id': '7381489555305775105', 'objective_type': 'REACH', 'optimization_goal': 'REACH', 'placements': ['PLACEMENT_TIKTOK', 'PLACEMENT_PANGLE', 'PLACEMENT_GLOBAL_APP_BUNDLE'], 'location_ids': ['1168579'], 'gender': 'GENDER_FEMALE', 'age_groups': ['AGE_18_24']}",,"{'code': 0, 'message': 'OK', 'request_id': '2025061702301006F763CF6B0B6E02F6BB', 'data': {'user_count': {'lower_end': 8002000, 'upper_end': 9781000}, 'user_count_stage': 2}}",8002000,9781000,2,2025-06-17 05:16:35.088415
40427,40427,BR,AGE_25_34,1168579,GENDER_FEMALE,,,,,,"{'advertiser_id': '7381489555305775105', 'objective_type': 'REACH', 'optimization_goal': 'REACH', 'placements': ['PLACEMENT_TIKTOK', 'PLACEMENT_PANGLE', 'PLACEMENT_GLOBAL_APP_BUNDLE'], 'location_ids': ['1168579'], 'gender': 'GENDER_FEMALE', 'age_groups': ['AGE_25_34']}",,"{'code': 0, 'message': 'OK', 'request_id': '202506170230106664F31E3B9D8802D54F', 'data': {'user_count': {'lower_end': 8967000, 'upper_end': 10961000}, 'user_count_stage': 2}}",8967000,10961000,2,2025-06-17 05:16:35.088415
40428,40428,BR,AGE_35_44,1168579,GENDER_FEMALE,,,,,,"{'advertiser_id': '7381489555305775105', 'objective_type': 'REACH', 'optimization_goal': 'REACH', 'placements': ['PLACEMENT_TIKTOK', 'PLACEMENT_PANGLE', 'PLACEMENT_GLOBAL_APP_BUNDLE'], 'location_ids': ['1168579'], 'gender': 'GENDER_FEMALE', 'age_groups': ['AGE_35_44']}",,"{'code': 0, 'message': 'OK', 'request_id': '202506170230117FE919E201A8F102B6F6', 'data': {'user_count': {'lower_end': 2000000, 'upper_end': 2446000}, 'user_count_stage': 2}}",2000000,2446000,2,2025-06-17 05:16:35.088415
40429,40429,BR,AGE_55_100,1168579,GENDER_FEMALE,,,,,,"{'advertiser_id': '7381489555305775105', 'objective_type': 'REACH', 'optimization_goal': 'REACH', 'placements': ['PLACEMENT_TIKTOK', 'PLACEMENT_PANGLE', 'PLACEMENT_GLOBAL_APP_BUNDLE'], 'location_ids': ['1168579'], 'gender': 'GENDER_FEMALE', 'age_groups': ['AGE_55_100']}",,"{'code': 0, 'message': 'OK', 'request_id': '20250617023011001989DDF1603C02E3D2', 'data': {'user_count': {'lower_end': 808000, 'upper_end': 989000}, 'user_count_stage': 2}}",808000,989000,2,2025-06-17 05:16:35.088415
40430,40430,BR,AGE_45_54,1168579,GENDER_FEMALE,,,,,,"{'advertiser_id': '7381489555305775105', 'objective_type': 'REACH', 'optimization_goal': 'REACH', 'placements': ['PLACEMENT_TIKTOK', 'PLACEMENT_PANGLE', 'PLACEMENT_GLOBAL_APP_BUNDLE'], 'location_ids': ['1168579'], 'gender': 'GENDER_FEMALE', 'age_groups': ['AGE_45_54']}",,"{'code': 0, 'message': 'OK', 'request_id': '202506170230111D65FFBE3F33CD02F081', 'data': {'user_count': {'lower_end': 675000, 'upper_end': 826000}, 'user_count_stage': 2}}",675000,826000,2,2025-06-17 05:16:35.088415
40431,40431,BR,AGE_13_17,1168579,GENDER_MALE,,,,,,"{'advertiser_id': '7381489555305775105', 'objective_type': 'REACH', 'optimization_goal': 'REACH', 'placements': ['PLACEMENT_TIKTOK', 'PLACEMENT_PANGLE', 'PLACEMENT_GLOBAL_APP_BUNDLE'], 'location_ids': ['1168579'], 'gender': 'GENDER_MALE', 'age_groups': ['AGE_13_17']}",,"{'code': 0, 'message': 'OK', 'request_id': '2025061702301107601A7A06D79002F441', 'data': {'user_count': {'lower_end': 0, 'upper_end': 1000}, 'user_count_stage': 1}}",0,1000,1,2025-06-17 05:16:35.088415
40432,40432,BR,AGE_35_44,1168579,GENDER_MALE,,,,,,"{'advertiser_id': '7381489555305775105', 'objective_type': 'REACH', 'optimization_goal': 'REACH', 'placements': ['PLACEMENT_TIKTOK', 'PLACEMENT_PANGLE', 'PLACEMENT_GLOBAL_APP_BUNDLE'], 'location_ids': ['1168579'], 'gender': 'GENDER_MALE', 'age_groups': ['AGE_35_44']}",,"{'code': 0, 'message': 'OK', 'request_id': '202506170230113B85E9CC5036E402EAC7', 'data': {'user_count': {'lower_end': 5118000, 'upper_end': 6257000}, 'user_count_stage': 2}}",5118000,6257000,2,2025-06-17 05:16:35.088415
40433,40433,BR,AGE_45_54,1168579,GENDER_MALE,,,,,,"{'advertiser_id': '7381489555305775105', 'objective_type': 'REACH', 'optimization_goal': 'REACH', 'placements': ['PLACEMENT_TIKTOK', 'PLACEMENT_PANGLE', 'PLACEMENT_GLOBAL_APP_BUNDLE'], 'location_ids': ['1168579'], 'gender': 'GENDER_MALE', 'age_groups': ['AGE_45_54']}",,"{'code': 0, 'message': 'OK', 'request_id': '202506170230112C90FE727ACDC102D74D', 'data': {'user_count': {'lower_end': 1582000, 'upper_end': 1935000}, 'user_count_stage': 2}}",1582000,1935000,2,2025-06-17 05:16:35.088415
40434,40434,BR,AGE_18_24,1168579,GENDER_MALE,,,,,,"{'advertiser_id': '7381489555305775105', 'objective_type': 'REACH', 'optimization_goal': 'REACH', 'placements': ['PLACEMENT_TIKTOK', 'PLACEMENT_PANGLE', 'PLACEMENT_GLOBAL_APP_BUNDLE'], 'location_ids': ['1168579'], 'gender': 'GENDER_MALE', 'age_groups': ['AGE_18_24']}",,"{'code': 0, 'message': 'OK', 'request_id': '20250617023011339098CD0DB76C03A73C', 'data': {'user_count': {'lower_end': 17029000, 'upper_end': 20814000}, 'user_count_stage': 3}}",17029000,20814000,3,2025-06-17 05:16:35.088415
40435,40435,BR,AGE_25_34,1168579,GENDER_MALE,,,,,,"{'advertiser_id': '7381489555305775105', 'objective_type': 'REACH', 'optimization_goal': 'REACH', 'placements': ['PLACEMENT_TIKTOK', 'PLACEMENT_PANGLE', 'PLACEMENT_GLOBAL_APP_BUNDLE'], 'location_ids': ['1168579'], 'gender': 'GENDER_MALE', 'age_groups': ['AGE_25_34']}",,"{'code': 0, 'message': 'OK', 'request_id': '202506170230114A18DC7F8D022902E869', 'data': {'user_count': {'lower_end': 20935000, 'upper_end': 25588000}, 'user_count_stage': 3}}",20935000,25588000,3,2025-06-17 05:16:35.088415
40438,40438,BR,AGE_55_100,1168579,GENDER_MALE,,,,,,"{'advertiser_id': '7381489555305775105', 'objective_type': 'REACH', 'optimization_goal': 'REACH', 'placements': ['PLACEMENT_TIKTOK', 'PLACEMENT_PANGLE', 'PLACEMENT_GLOBAL_APP_BUNDLE'], 'location_ids': ['1168579'], 'gender': 'GENDER_MALE', 'age_groups': ['AGE_55_100']}",,"{'code': 0, 'message': 'OK', 'request_id': '2025061702301128D866B5A04EC802D68F', 'data': {'user_count': {'lower_end': 1708000, 'upper_end': 2089000}, 'user_count_stage': 2}}",1708000,2089000,2,2025-06-17 05:16:35.088415
40442,40442,BR,AGE_13_17,3923057,GENDER_FEMALE,,,,,,"{'advertiser_id': '7381489555305775105', 'objective_type': 'REACH', 'optimization_goal': 'REACH', 'placements': ['PLACEMENT_TIKTOK', 'PLACEMENT_PANGLE', 'PLACEMENT_GLOBAL_APP_BUNDLE'], 'location_ids': ['3923057'], 'gender': 'GENDER_FEMALE', 'age_groups': ['AGE_13_17']}",,"{'code': 0, 'message': 'OK', 'request_id': '2025061702301243C1C10D6701B902CB49', 'data': {'user_count': {'lower_end': 0, 'upper_end': 1000}, 'user_count_stage': 1}}",0,1000,1,2025-06-17 05:16:35.088415
40444,40444,BR,AGE_35_44,3923057,GENDER_FEMALE,,,,,,"{'advertiser_id': '7381489555305775105', 'objective_type': 'REACH', 'optimization_goal': 'REACH', 'placements': ['PLACEMENT_TIKTOK', 'PLACEMENT_PANGLE', 'PLACEMENT_GLOBAL_APP_BUNDLE'], 'location_ids': ['3923057'], 'gender': 'GENDER_FEMALE', 'age_groups': ['AGE_35_44']}",,"{'code': 0, 'message': 'OK', 'request_id': '202506170230131A1367451A121202E7BB', 'data': {'user_count': {'lower_end': 541000, 'upper_end': 662000}, 'user_count_stage': 2}}",541000,662000,2,2025-06-17 05:16:35.088415
40445,40445,BR,AGE_25_34,3923057,GENDER_FEMALE,,,,,,"{'advertiser_id': '7381489555305775105', 'objective_type': 'REACH', 'optimization_goal': 'REACH', 'placements': ['PLACEMENT_TIKTOK', 'PLACEMENT_PANGLE', 'PLACEMENT_GLOBAL_APP_BUNDLE'], 'location_ids': ['3923057'], 'gender': 'GENDER_FEMALE', 'age_groups': ['AGE_25_34']}",,"{'code': 0, 'message': 'OK', 'request_id': '20250617023013ACAF13DA232CEA02DFA7', 'data': {'user_count': {'lower_end': 1391000, 'upper_end': 1701000}, 'user_count_stage': 2}}",1391000,1701000,2,2025-06-17 05:16:35.088415
40446,40446,BR,AGE_45_54,3923057,GENDER_FEMALE,,,,,,"{'advertiser_id': '7381489555305775105', 'objective_type': 'REACH', 'optimization_goal': 'REACH', 'placements': ['PLACEMENT_TIKTOK', 'PLACEMENT_PANGLE', 'PLACEMENT_GLOBAL_APP_BUNDLE'], 'location_ids': ['3923057'], 'gender': 'GENDER_FEMALE', 'age_groups': ['AGE_45_54']}",,"{'code': 0, 'message': 'OK', 'request_id': '2025061702301347967ECB31A81B02F285', 'data': {'user_count': {'lower_end': 287000, 'upper_end': 352000}, 'user_count_stage': 2}}",287000,352000,2,2025-06-17 05:16:35.088415
40447,40447,BR,AGE_55_100,3923057,GENDER_FEMALE,,,,,,"{'advertiser_id': '7381489555305775105', 'objective_type': 'REACH', 'optimization_goal': 'REACH', 'placements': ['PLACEMENT_TIKTOK', 'PLACEMENT_PANGLE', 'PLACEMENT_GLOBAL_APP_BUNDLE'], 'location_ids': ['3923057'], 'gender': 'GENDER_FEMALE', 'age_groups': ['AGE_55_100']}",,"{'code': 0, 'message': 'OK', 'request_id': '20250617023013840E29108EAF5302DA7B', 'data': {'user_count': {'lower_end': 289000, 'upper_end': 355000}, 'user_count_stage': 2}}",289000,355000,2,2025-06-17 05:16:35.088415
40448,40448,BR,AGE_13_17,3923057,GENDER_MALE,,,,,,"{'advertiser_id': '7381489555305775105', 'objective_type': 'REACH', 'optimization_goal': 'REACH', 'placements': ['PLACEMENT_TIKTOK', 'PLACEMENT_PANGLE', 'PLACEMENT_GLOBAL_APP_BUNDLE'], 'location_ids': ['3923057'], 'gender': 'GENDER_MALE', 'age_groups': ['AGE_13_17']}",,"{'code': 0, 'message': 'OK', 'request_id': '202506170230130569109DE2F34402BADE', 'data': {'user_count': {'lower_end': 0, 'upper_end': 1000}, 'user_count_stage': 1}}",0,1000,1,2025-06-17 05:16:35.088415
40449,40449,BR,AGE_18_24,3923057,GENDER_MALE,,,,,,"{'advertiser_id': '7381489555305775105', 'objective_type': 'REACH', 'optimization_goal': 'REACH', 'placements': ['PLACEMENT_TIKTOK', 'PLACEMENT_PANGLE', 'PLACEMENT_GLOBAL_APP_BUNDLE'], 'location_ids': ['3923057'], 'gender': 'GENDER_MALE', 'age_groups': ['AGE_18_24']}",,"{'code': 0, 'message': 'OK', 'request_id': '20250617023014421B8C3BD9353C039885', 'data': {'user_count': {'lower_end': 1233000, 'upper_end': 1508000}, 'user_count_stage': 2}}",1233000,1508000,2,2025-06-17 05:16:35.088415
40450,40450,BR,AGE_25_34,3923057,GENDER_MALE,,,,,,"{'advertiser_id': '7381489555305775105', 'objective_type': 'REACH', 'optimization_goal': 'REACH', 'placements': ['PLACEMENT_TIKTOK', 'PLACEMENT_PANGLE', 'PLACEMENT_GLOBAL_APP_BUNDLE'], 'location_ids': ['3923057'], 'gender': 'GENDER_MALE', 'age_groups': ['AGE_25_34']}",,"{'code': 0, 'message': 'OK', 'request_id': '20250617023014D08842912E932E02E792', 'data': {'user_count': {'lower_end': 1878000, 'upper_end': 2296000}, 'user_count_stage': 3}}",1878000,2296000,3,2025-06-17 05:16:35.088415
40451,40451,BR,AGE_35_44,3923057,GENDER_MALE,,,,,,"{'advertiser_id': '7381489555305775105', 'objective_type': 'REACH', 'optimization_goal': 'REACH', 'placements': ['PLACEMENT_TIKTOK', 'PLACEMENT_PANGLE', 'PLACEMENT_GLOBAL_APP_BUNDLE'], 'location_ids': ['3923057'], 'gender': 'GENDER_MALE', 'age_groups': ['AGE_35_44']}",,"{'code': 0, 'message': 'OK', 'request_id': '2025061702301434CC8AB1AD900802B996', 'data': {'user_count': {'lower_end': 669000, 'upper_end': 819000}, 'user_count_stage': 2}}",669000,819000,2,2025-06-17 05:16:35.088415
40452,40452,BR,AGE_45_54,3923057,GENDER_MALE,,,,,,"{'advertiser_id': '7381489555305775105', 'objective_type': 'REACH', 'optimization_goal': 'REACH', 'placements': ['PLACEMENT_TIKTOK', 'PLACEMENT_PANGLE', 'PLACEMENT_GLOBAL_APP_BUNDLE'], 'location_ids': ['3923057'], 'gender': 'GENDER_MALE', 'age_groups': ['AGE_45_54']}",,"{'code': 0, 'message': 'OK', 'request_id': '202506170230141EE6A08D916A8602D056', 'data': {'user_count': {'lower_end': 324000, 'upper_end': 397000}, 'user_count_stage': 2}}",324000,397000,2,2025-06-17 05:16:35.088415
40454,40454,BR,AGE_55_100,3923057,GENDER_MALE,,,,,,"{'advertiser_id': '7381489555305775105', 'objective_type': 'REACH', 'optimization_goal': 'REACH', 'placements': ['PLACEMENT_TIKTOK', 'PLACEMENT_PANGLE', 'PLACEMENT_GLOBAL_APP_BUNDLE'], 'location_ids': ['3923057'], 'gender': 'GENDER_MALE', 'age_groups': ['AGE_55_100']}",,"{'code': 0, 'message': 'OK', 'request_id': '20250617023014421B8C3BD9353C039899', 'data': {'user_count': {'lower_end': 270000, 'upper_end': 331000}, 'user_count_stage': 2}}",270000,331000,2,2025-06-17 05:16:35.088415
40458,40458,BR,AGE_18_24,3923057,GENDER_FEMALE,,,,,,"{'advertiser_id': '7381489555305775105', 'objective_type': 'REACH', 'optimization_goal': 'REACH', 'placements': ['PLACEMENT_TIKTOK', 'PLACEMENT_PANGLE', 'PLACEMENT_GLOBAL_APP_BUNDLE'], 'location_ids': ['3923057'], 'gender': 'GENDER_FEMALE', 'age_groups': ['AGE_18_24']}",,"{'code': 0, 'message': 'OK', 'request_id': '202506170230120AEDE80C3DACB802C71F', 'data': {'user_count': {'lower_end': 1205000, 'upper_end': 1474000}, 'user_count_stage': 2}}",1205000,1474000,2,2025-06-17 05:16:35.088415
40460,40460,BR,AGE_18_24,3437598,GENDER_FEMALE,,,,,,"{'advertiser_id': '7381489555305775105', 'objective_type': 'REACH', 'optimization_goal': 'REACH', 'placements': ['PLACEMENT_TIKTOK', 'PLACEMENT_PANGLE', 'PLACEMENT_GLOBAL_APP_BUNDLE'], 'location_ids': ['3437598'], 'gender': 'GENDER_FEMALE', 'age_groups': ['AGE_18_24']}",,"{'code': 0, 'message': 'OK', 'request_id': '2025061702301548EB0F3633123E02D8DB', 'data': {'user_count': {'lower_end': 546000, 'upper_end': 668000}, 'user_count_stage': 2}}",546000,668000,2,2025-06-17 05:16:35.088415
40461,40461,BR,AGE_25_34,3437598,GENDER_FEMALE,,,,,,"{'advertiser_id': '7381489555305775105', 'objective_type': 'REACH', 'optimization_goal': 'REACH', 'placements': ['PLACEMENT_TIKTOK', 'PLACEMENT_PANGLE', 'PLACEMENT_GLOBAL_APP_BUNDLE'], 'location_ids': ['3437598'], 'gender': 'GENDER_FEMALE', 'age_groups': ['AGE_25_34']}",,"{'code': 0, 'message': 'OK', 'request_id': '20250617023015D4C9C2B420EC6402C9B3', 'data': {'user_count': {'lower_end': 677000, 'upper_end': 829000}, 'user_count_stage': 2}}",677000,829000,2,2025-06-17 05:16:35.088415
40462,40462,BR,AGE_13_17,3437598,GENDER_FEMALE,,,,,,"{'advertiser_id': '7381489555305775105', 'objective_type': 'REACH', 'optimization_goal': 'REACH', 'placements': ['PLACEMENT_TIKTOK', 'PLACEMENT_PANGLE', 'PLACEMENT_GLOBAL_APP_BUNDLE'], 'location_ids': ['3437598'], 'gender': 'GENDER_FEMALE', 'age_groups': ['AGE_13_17']}",,"{'code': 0, 'message': 'OK', 'request_id': '2025061702301556E9B0F7D3C1E602E1D8', 'data': {'user_count': {'lower_end': 0, 'upper_end': 1000}, 'user_count_stage': 1}}",0,1000,1,2025-06-17 05:16:35.088415
40463,40463,BR,AGE_35_44,3437598,GENDER_FEMALE,,,,,,"{'advertiser_id': '7381489555305775105', 'objective_type': 'REACH', 'optimization_goal': 'REACH', 'placements': ['PLACEMENT_TIKTOK', 'PLACEMENT_PANGLE', 'PLACEMENT_GLOBAL_APP_BUNDLE'], 'location_ids': ['3437598'], 'gender': 'GENDER_FEMALE', 'age_groups': ['AGE_35_44']}",,"{'code': 0, 'message': 'OK', 'request_id': '20250617023015A795E6E9470A61030237', 'data': {'user_count': {'lower_end': 261000, 'upper_end': 320000}, 'user_count_stage': 2}}",261000,320000,2,2025-06-17 05:16:35.088415
40465,40465,BR,AGE_13_17,3437598,GENDER_MALE,,,,,,"{'advertiser_id': '7381489555305775105', 'objective_type': 'REACH', 'optimization_goal': 'REACH', 'placements': ['PLACEMENT_TIKTOK', 'PLACEMENT_PANGLE', 'PLACEMENT_GLOBAL_APP_BUNDLE'], 'location_ids': ['3437598'], 'gender': 'GENDER_MALE', 'age_groups': ['AGE_13_17']}",,"{'code': 0, 'message': 'OK', 'request_id': '2025061702301637920D64BC692702E937', 'data': {'user_count': {'lower_end': 0, 'upper_end': 1000}, 'user_count_stage': 1}}",0,1000,1,2025-06-17 05:16:35.088415
40466,40466,BR,AGE_45_54,3437598,GENDER_FEMALE,,,,,,"{'advertiser_id': '7381489555305775105', 'objective_type': 'REACH', 'optimization_goal': 'REACH', 'placements': ['PLACEMENT_TIKTOK', 'PLACEMENT_PANGLE', 'PLACEMENT_GLOBAL_APP_BUNDLE'], 'location_ids': ['3437598'], 'gender': 'GENDER_FEMALE', 'age_groups': ['AGE_45_54']}",,"{'code': 0, 'message': 'OK', 'request_id': '2025061702301619B042CA33347C030259', 'data': {'user_count': {'lower_end': 136000, 'upper_end': 167000}, 'user_count_stage': 2}}",136000,167000,2,2025-06-17 05:16:35.088415
40467,40467,BR,AGE_55_100,3437598,GENDER_FEMALE,,,,,,"{'advertiser_id': '7381489555305775105', 'objective_type': 'REACH', 'optimization_goal': 'REACH', 'placements': ['PLACEMENT_TIKTOK', 'PLACEMENT_PANGLE', 'PLACEMENT_GLOBAL_APP_BUNDLE'], 'location_ids': ['3437598'], 'gender': 'GENDER_FEMALE', 'age_groups': ['AGE_55_100']}",,"{'code': 0, 'message': 'OK', 'request_id': '20250617023016198FBB7B1112700346EE', 'data': {'user_count': {'lower_end': 139000, 'upper_end': 172000}, 'user_count_stage': 2}}",139000,172000,2,2025-06-17 05:16:35.088415
40468,40468,BR,AGE_25_34,3437598,GENDER_MALE,,,,,,"{'advertiser_id': '7381489555305775105', 'objective_type': 'REACH', 'optimization_goal': 'REACH', 'placements': ['PLACEMENT_TIKTOK', 'PLACEMENT_PANGLE', 'PLACEMENT_GLOBAL_APP_BUNDLE'], 'location_ids': ['3437598'], 'gender': 'GENDER_MALE', 'age_groups': ['AGE_25_34']}",,"{'code': 0, 'message': 'OK', 'request_id': '202506170230161A1367451A121202E82F', 'data': {'user_count': {'lower_end': 954000, 'upper_end': 1167000}, 'user_count_stage': 3}}",954000,1167000,3,2025-06-17 05:16:35.088415
40469,40469,BR,AGE_18_24,3437598,GENDER_MALE,,,,,,"{'advertiser_id': '7381489555305775105', 'objective_type': 'REACH', 'optimization_goal': 'REACH', 'placements': ['PLACEMENT_TIKTOK', 'PLACEMENT_PANGLE', 'PLACEMENT_GLOBAL_APP_BUNDLE'], 'location_ids': ['3437598'], 'gender': 'GENDER_MALE', 'age_groups': ['AGE_18_24']}",,"{'code': 0, 'message': 'OK', 'request_id': '202506170230164D6F11D201033802CBF9', 'data': {'user_count': {'lower_end': 561000, 'upper_end': 687000}, 'user_count_stage': 2}}",561000,687000,2,2025-06-17 05:16:35.088415
40470,40470,BR,AGE_45_54,3437598,GENDER_MALE,,,,,,"{'advertiser_id': '7381489555305775105', 'objective_type': 'REACH', 'optimization_goal': 'REACH', 'placements': ['PLACEMENT_TIKTOK', 'PLACEMENT_PANGLE', 'PLACEMENT_GLOBAL_APP_BUNDLE'], 'location_ids': ['3437598'], 'gender': 'GENDER_MALE', 'age_groups': ['AGE_45_54']}",,"{'code': 0, 'message': 'OK', 'request_id': '2025061702301637920D64BC692702E943', 'data': {'user_count': {'lower_end': 169000, 'upper_end': 208000}, 'user_count_stage': 2}}",169000,208000,2,2025-06-17 05:16:35.088415
40471,40471,BR,AGE_55_100,3437598,GENDER_MALE,,,,,,"{'advertiser_id': '7381489555305775105', 'objective_type': 'REACH', 'optimization_goal': 'REACH', 'placements': ['PLACEMENT_TIKTOK', 'PLACEMENT_PANGLE', 'PLACEMENT_GLOBAL_APP_BUNDLE'], 'location_ids': ['3437598'], 'gender': 'GENDER_MALE', 'age_groups': ['AGE_55_100']}",,"{'code': 0, 'message': 'OK', 'request_id': '202506170230163F9722AE92935F02E7FB', 'data': {'user_count': {'lower_end': 130000, 'upper_end': 160000}, 'user_count_stage': 2}}",130000,160000,2,2025-06-17 05:16:35.088415
40473,40473,BR,AGE_35_44,3437598,GENDER_MALE,,,,,,"{'advertiser_id': '7381489555305775105', 'objective_type': 'REACH', 'optimization_goal': 'REACH', 'placements': ['PLACEMENT_TIKTOK', 'PLACEMENT_PANGLE', 'PLACEMENT_GLOBAL_APP_BUNDLE'], 'location_ids': ['3437598'], 'gender': 'GENDER_MALE', 'age_groups': ['AGE_35_44']}",,"{'code': 0, 'message': 'OK', 'request_id': '20250617023016C1DEB47776452102D7BB', 'data': {'user_count': {'lower_end': 356000, 'upper_end': 436000}, 'user_count_stage': 2}}",356000,436000,2,2025-06-17 05:16:35.088415
40479,40479,BR,AGE_18_24,1210997,GENDER_FEMALE,,,,,,"{'advertiser_id': '7381489555305775105', 'objective_type': 'REACH', 'optimization_goal': 'REACH', 'placements': ['PLACEMENT_TIKTOK', 'PLACEMENT_PANGLE', 'PLACEMENT_GLOBAL_APP_BUNDLE'], 'location_ids': ['1210997'], 'gender': 'GENDER_FEMALE', 'age_groups': ['AGE_18_24']}",,"{'code': 0, 'message': 'OK', 'request_id': '2025061702301891959D79026A1B02BDB2', 'data': {'user_count': {'lower_end': 6882000, 'upper_end': 8413000}, 'user_count_stage': 2}}",6882000,8413000,2,2025-06-17 05:16:35.088415
40480,40480,BR,AGE_13_17,1210997,GENDER_FEMALE,,,,,,"{'advertiser_id': '7381489555305775105', 'objective_type': 'REACH', 'optimization_goal': 'REACH', 'placements': ['PLACEMENT_TIKTOK', 'PLACEMENT_PANGLE', 'PLACEMENT_GLOBAL_APP_BUNDLE'], 'location_ids': ['1210997'], 'gender': 'GENDER_FEMALE', 'age_groups': ['AGE_13_17']}",,"{'code': 0, 'message': 'OK', 'request_id': '20250617023018EBA77BCC4EE38102E1D1', 'data': {'user_count': {'lower_end': 0, 'upper_end': 1000}, 'user_count_stage': 1}}",0,1000,1,2025-06-17 05:16:35.088415
40481,40481,BR,AGE_25_34,1210997,GENDER_FEMALE,,,,,,"{'advertiser_id': '7381489555305775105', 'objective_type': 'REACH', 'optimization_goal': 'REACH', 'placements': ['PLACEMENT_TIKTOK', 'PLACEMENT_PANGLE', 'PLACEMENT_GLOBAL_APP_BUNDLE'], 'location_ids': ['1210997'], 'gender': 'GENDER_FEMALE', 'age_groups': ['AGE_25_34']}",,"{'code': 0, 'message': 'OK', 'request_id': '20250617023018E0050FA473B98002E5D1', 'data': {'user_count': {'lower_end': 6277000, 'upper_end': 7673000}, 'user_count_stage': 2}}",6277000,7673000,2,2025-06-17 05:16:35.088415
40482,40482,BR,AGE_45_54,1210997,GENDER_FEMALE,,,,,,"{'advertiser_id': '7381489555305775105', 'objective_type': 'REACH', 'optimization_goal': 'REACH', 'placements': ['PLACEMENT_TIKTOK', 'PLACEMENT_PANGLE', 'PLACEMENT_GLOBAL_APP_BUNDLE'], 'location_ids': ['1210997'], 'gender': 'GENDER_FEMALE', 'age_groups': ['AGE_45_54']}",,"{'code': 0, 'message': 'OK', 'request_id': '2025061702301867054B0FAC695702A4FC', 'data': {'user_count': {'lower_end': 369000, 'upper_end': 452000}, 'user_count_stage': 2}}",369000,452000,2,2025-06-17 05:16:35.088415
40483,40483,BR,AGE_55_100,1210997,GENDER_FEMALE,,,,,,"{'advertiser_id': '7381489555305775105', 'objective_type': 'REACH', 'optimization_goal': 'REACH', 'placements': ['PLACEMENT_TIKTOK', 'PLACEMENT_PANGLE', 'PLACEMENT_GLOBAL_APP_BUNDLE'], 'location_ids': ['1210997'], 'gender': 'GENDER_FEMALE', 'age_groups': ['AGE_55_100']}",,"{'code': 0, 'message': 'OK', 'request_id': '202506170230189F31B759DD989002DC19', 'data': {'user_count': {'lower_end': 542000, 'upper_end': 663000}, 'user_count_stage': 2}}",542000,663000,2,2025-06-17 05:16:35.088415
40484,40484,BR,AGE_13_17,1210997,GENDER_MALE,,,,,,"{'advertiser_id': '7381489555305775105', 'objective_type': 'REACH', 'optimization_goal': 'REACH', 'placements': ['PLACEMENT_TIKTOK', 'PLACEMENT_PANGLE', 'PLACEMENT_GLOBAL_APP_BUNDLE'], 'location_ids': ['1210997'], 'gender': 'GENDER_MALE', 'age_groups': ['AGE_13_17']}",,"{'code': 0, 'message': 'OK', 'request_id': '20250617023018132C2D277F431B02EDD9', 'data': {'user_count': {'lower_end': 0, 'upper_end': 1000}, 'user_count_stage': 1}}",0,1000,1,2025-06-17 05:16:35.088415
40485,40485,BR,AGE_25_34,1210997,GENDER_MALE,,,,,,"{'advertiser_id': '7381489555305775105', 'objective_type': 'REACH', 'optimization_goal': 'REACH', 'placements': ['PLACEMENT_TIKTOK', 'PLACEMENT_PANGLE', 'PLACEMENT_GLOBAL_APP_BUNDLE'], 'location_ids': ['1210997'], 'gender': 'GENDER_MALE', 'age_groups': ['AGE_25_34']}",,"{'code': 0, 'message': 'OK', 'request_id': '20250617023019EA1701F49EAE9502D720', 'data': {'user_count': {'lower_end': 14387000, 'upper_end': 17586000}, 'user_count_stage': 3}}",14387000,17586000,3,2025-06-17 05:16:35.088415
40486,40486,BR,AGE_35_44,1210997,GENDER_MALE,,,,,,"{'advertiser_id': '7381489555305775105', 'objective_type': 'REACH', 'optimization_goal': 'REACH', 'placements': ['PLACEMENT_TIKTOK', 'PLACEMENT_PANGLE', 'PLACEMENT_GLOBAL_APP_BUNDLE'], 'location_ids': ['1210997'], 'gender': 'GENDER_MALE', 'age_groups': ['AGE_35_44']}",,"{'code': 0, 'message': 'OK', 'request_id': '20250617023019F682FCA24C307602B140', 'data': {'user_count': {'lower_end': 2603000, 'upper_end': 3182000}, 'user_count_stage': 2}}",2603000,3182000,2,2025-06-17 05:16:35.088415
40487,40487,BR,AGE_45_54,1210997,GENDER_MALE,,,,,,"{'advertiser_id': '7381489555305775105', 'objective_type': 'REACH', 'optimization_goal': 'REACH', 'placements': ['PLACEMENT_TIKTOK', 'PLACEMENT_PANGLE', 'PLACEMENT_GLOBAL_APP_BUNDLE'], 'location_ids': ['1210997'], 'gender': 'GENDER_MALE', 'age_groups': ['AGE_45_54']}",,"{'code': 0, 'message': 'OK', 'request_id': '20250617023019C6F17EDA5623A2031683', 'data': {'user_count': {'lower_end': 790000, 'upper_end': 966000}, 'user_count_stage': 2}}",790000,966000,2,2025-06-17 05:16:35.088415
40488,40488,BR,AGE_18_24,1210997,GENDER_MALE,,,,,,"{'advertiser_id': '7381489555305775105', 'objective_type': 'REACH', 'optimization_goal': 'REACH', 'placements': ['PLACEMENT_TIKTOK', 'PLACEMENT_PANGLE', 'PLACEMENT_GLOBAL_APP_BUNDLE'], 'location_ids': ['1210997'], 'gender': 'GENDER_MALE', 'age_groups': ['AGE_18_24']}",,"{'code': 0, 'message': 'OK', 'request_id': '202506170230184C6882D8A09F5202ED4B', 'data': {'user_count': {'lower_end': 13389000, 'upper_end': 16366000}, 'user_count_stage': 3}}",13389000,16366000,3,2025-06-17 05:16:35.088415
40489,40489,BR,AGE_55_100,1210997,GENDER_MALE,,,,,,"{'advertiser_id': '7381489555305775105', 'objective_type': 'REACH', 'optimization_goal': 'REACH', 'placements': ['PLACEMENT_TIKTOK', 'PLACEMENT_PANGLE', 'PLACEMENT_GLOBAL_APP_BUNDLE'], 'location_ids': ['1210997'], 'gender': 'GENDER_MALE', 'age_groups': ['AGE_55_100']}",,"{'code': 0, 'message': 'OK', 'request_id': '2025061702301988F9A8ADBCD69302D3E4', 'data': {'user_count': {'lower_end': 1046000, 'upper_end': 1280000}, 'user_count_stage': 2}}",1046000,1280000,2,2025-06-17 05:16:35.088415
40494,40494,BR,AGE_35_44,1210997,GENDER_FEMALE,,,,,,"{'advertiser_id': '7381489555305775105', 'objective_type': 'REACH', 'optimization_goal': 'REACH', 'placements': ['PLACEMENT_TIKTOK', 'PLACEMENT_PANGLE', 'PLACEMENT_GLOBAL_APP_BUNDLE'], 'location_ids': ['1210997'], 'gender': 'GENDER_FEMALE', 'age_groups': ['AGE_35_44']}",,"{'code': 0, 'message': 'OK', 'request_id': '20250617023018455DF702C0127E02CC96', 'data': {'user_count': {'lower_end': 1042000, 'upper_end': 1275000}, 'user_count_stage': 2}}",1042000,1275000,2,2025-06-17 05:16:35.088415
40497,40497,BR,AGE_13_17,2921044,GENDER_FEMALE,,,,,,"{'advertiser_id': '7381489555305775105', 'objective_type': 'REACH', 'optimization_goal': 'REACH', 'placements': ['PLACEMENT_TIKTOK', 'PLACEMENT_PANGLE', 'PLACEMENT_GLOBAL_APP_BUNDLE'], 'location_ids': ['2921044'], 'gender': 'GENDER_FEMALE', 'age_groups': ['AGE_13_17']}",,"{'code': 0, 'message': 'OK', 'request_id': '2025061702302076D4584112EA3C02E909', 'data': {'user_count': {'lower_end': 0, 'upper_end': 1000}, 'user_count_stage': 1}}",0,1000,1,2025-06-17 05:16:35.088415
40498,40498,BR,AGE_18_24,2921044,GENDER_FEMALE,,,,,,"{'advertiser_id': '7381489555305775105', 'objective_type': 'REACH', 'optimization_goal': 'REACH', 'placements': ['PLACEMENT_TIKTOK', 'PLACEMENT_PANGLE', 'PLACEMENT_GLOBAL_APP_BUNDLE'], 'location_ids': ['2921044'], 'gender': 'GENDER_FEMALE', 'age_groups': ['AGE_18_24']}",,"{'code': 0, 'message': 'OK', 'request_id': '20250617023020BD016641B7515302DB74', 'data': {'user_count': {'lower_end': 2792000, 'upper_end': 3413000}, 'user_count_stage': 2}}",2792000,3413000,2,2025-06-17 05:16:35.088415
40499,40499,BR,AGE_35_44,2921044,GENDER_FEMALE,,,,,,"{'advertiser_id': '7381489555305775105', 'objective_type': 'REACH', 'optimization_goal': 'REACH', 'placements': ['PLACEMENT_TIKTOK', 'PLACEMENT_PANGLE', 'PLACEMENT_GLOBAL_APP_BUNDLE'], 'location_ids': ['2921044'], 'gender': 'GENDER_FEMALE', 'age_groups': ['AGE_35_44']}",,"{'code': 0, 'message': 'OK', 'request_id': '202506170230213922FD763AA3B902F7EA', 'data': {'user_count': {'lower_end': 2007000, 'upper_end': 2454000}, 'user_count_stage': 2}}",2007000,2454000,2,2025-06-17 05:16:35.088415
40500,40500,BR,AGE_25_34,2921044,GENDER_FEMALE,,,,,,"{'advertiser_id': '7381489555305775105', 'objective_type': 'REACH', 'optimization_goal': 'REACH', 'placements': ['PLACEMENT_TIKTOK', 'PLACEMENT_PANGLE', 'PLACEMENT_GLOBAL_APP_BUNDLE'], 'location_ids': ['2921044'], 'gender': 'GENDER_FEMALE', 'age_groups': ['AGE_25_34']}",,"{'code': 0, 'message': 'OK', 'request_id': '202506170230208E7F9AFA03B2A103884D', 'data': {'user_count': {'lower_end': 3673000, 'upper_end': 4491000}, 'user_count_stage': 2}}",3673000,4491000,2,2025-06-17 05:16:35.088415
40501,40501,BR,AGE_55_100,2921044,GENDER_FEMALE,,,,,,"{'advertiser_id': '7381489555305775105', 'objective_type': 'REACH', 'optimization_goal': 'REACH', 'placements': ['PLACEMENT_TIKTOK', 'PLACEMENT_PANGLE', 'PLACEMENT_GLOBAL_APP_BUNDLE'], 'location_ids': ['2921044'], 'gender': 'GENDER_FEMALE', 'age_groups': ['AGE_55_100']}",,"{'code': 0, 'message': 'OK', 'request_id': '20250617023021A1C67F64FC298602E03C', 'data': {'user_count': {'lower_end': 1339000, 'upper_end': 1638000}, 'user_count_stage': 2}}",1339000,1638000,2,2025-06-17 05:16:35.088415
40502,40502,BR,AGE_13_17,2921044,GENDER_MALE,,,,,,"{'advertiser_id': '7381489555305775105', 'objective_type': 'REACH', 'optimization_goal': 'REACH', 'placements': ['PLACEMENT_TIKTOK', 'PLACEMENT_PANGLE', 'PLACEMENT_GLOBAL_APP_BUNDLE'], 'location_ids': ['2921044'], 'gender': 'GENDER_MALE', 'age_groups': ['AGE_13_17']}",,"{'code': 0, 'message': 'OK', 'request_id': '20250617023021AA92890DC6BD1502D33A', 'data': {'user_count': {'lower_end': 0, 'upper_end': 1000}, 'user_count_stage': 1}}",0,1000,1,2025-06-17 05:16:35.088415
40503,40503,BR,AGE_45_54,2921044,GENDER_FEMALE,,,,,,"{'advertiser_id': '7381489555305775105', 'objective_type': 'REACH', 'optimization_goal': 'REACH', 'placements': ['PLACEMENT_TIKTOK', 'PLACEMENT_PANGLE', 'PLACEMENT_GLOBAL_APP_BUNDLE'], 'location_ids': ['2921044'], 'gender': 'GENDER_FEMALE', 'age_groups': ['AGE_45_54']}",,"{'code': 0, 'message': 'OK', 'request_id': '2025061702302195C262E68B392B02D3DC', 'data': {'user_count': {'lower_end': 1397000, 'upper_end': 1709000}, 'user_count_stage': 2}}",1397000,1709000,2,2025-06-17 05:16:35.088415
40504,40504,BR,AGE_18_24,2921044,GENDER_MALE,,,,,,"{'advertiser_id': '7381489555305775105', 'objective_type': 'REACH', 'optimization_goal': 'REACH', 'placements': ['PLACEMENT_TIKTOK', 'PLACEMENT_PANGLE', 'PLACEMENT_GLOBAL_APP_BUNDLE'], 'location_ids': ['2921044'], 'gender': 'GENDER_MALE', 'age_groups': ['AGE_18_24']}",,"{'code': 0, 'message': 'OK', 'request_id': '20250617023021BD016641B7515302DBA8', 'data': {'user_count': {'lower_end': 2649000, 'upper_end': 3239000}, 'user_count_stage': 2}}",2649000,3239000,2,2025-06-17 05:16:35.088415
40505,40505,BR,AGE_25_34,2921044,GENDER_MALE,,,,,,"{'advertiser_id': '7381489555305775105', 'objective_type': 'REACH', 'optimization_goal': 'REACH', 'placements': ['PLACEMENT_TIKTOK', 'PLACEMENT_PANGLE', 'PLACEMENT_GLOBAL_APP_BUNDLE'], 'location_ids': ['2921044'], 'gender': 'GENDER_MALE', 'age_groups': ['AGE_25_34']}",,"{'code': 0, 'message': 'OK', 'request_id': '2025061702302274CE575A9CF32E02C9E7', 'data': {'user_count': {'lower_end': 3265000, 'upper_end': 3992000}, 'user_count_stage': 2}}",3265000,3992000,2,2025-06-17 05:16:35.088415
40506,40506,BR,AGE_45_54,2921044,GENDER_MALE,,,,,,"{'advertiser_id': '7381489555305775105', 'objective_type': 'REACH', 'optimization_goal': 'REACH', 'placements': ['PLACEMENT_TIKTOK', 'PLACEMENT_PANGLE', 'PLACEMENT_GLOBAL_APP_BUNDLE'], 'location_ids': ['2921044'], 'gender': 'GENDER_MALE', 'age_groups': ['AGE_45_54']}",,"{'code': 0, 'message': 'OK', 'request_id': '20250617023022A3A21DB3E244B402DA3D', 'data': {'user_count': {'lower_end': 1229000, 'upper_end': 1503000}, 'user_count_stage': 2}}",1229000,1503000,2,2025-06-17 05:16:35.088415
40507,40507,BR,AGE_35_44,2921044,GENDER_MALE,,,,,,"{'advertiser_id': '7381489555305775105', 'objective_type': 'REACH', 'optimization_goal': 'REACH', 'placements': ['PLACEMENT_TIKTOK', 'PLACEMENT_PANGLE', 'PLACEMENT_GLOBAL_APP_BUNDLE'], 'location_ids': ['2921044'], 'gender': 'GENDER_MALE', 'age_groups': ['AGE_35_44']}",,"{'code': 0, 'message': 'OK', 'request_id': '202506170230226D64D2BE39EC7202FDDC', 'data': {'user_count': {'lower_end': 1797000, 'upper_end': 2197000}, 'user_count_stage': 2}}",1797000,2197000,2,2025-06-17 05:16:35.088415
40512,40512,BR,AGE_55_100,2921044,GENDER_MALE,,,,,,"{'advertiser_id': '7381489555305775105', 'objective_type': 'REACH', 'optimization_goal': 'REACH', 'placements': ['PLACEMENT_TIKTOK', 'PLACEMENT_PANGLE', 'PLACEMENT_GLOBAL_APP_BUNDLE'], 'location_ids': ['2921044'], 'gender': 'GENDER_MALE', 'age_groups': ['AGE_55_100']}",,"{'code': 0, 'message': 'OK', 'request_id': '20250617023023B24AD33757BF6002ED2F', 'data': {'user_count': {'lower_end': 1129000, 'upper_end': 1381000}, 'user_count_stage': 2}}",1129000,1381000,2,2025-06-17 05:16:35.088415
40514,40514,BR,AGE_13_17,2510769,GENDER_FEMALE,,,,,,"{'advertiser_id': '7381489555305775105', 'objective_type': 'REACH', 'optimization_goal': 'REACH', 'placements': ['PLACEMENT_TIKTOK', 'PLACEMENT_PANGLE', 'PLACEMENT_GLOBAL_APP_BUNDLE'], 'location_ids': ['2510769'], 'gender': 'GENDER_FEMALE', 'age_groups': ['AGE_13_17']}",,"{'code': 0, 'message': 'OK', 'request_id': '20250617023023FF81F7C995773E03ACBF', 'data': {'user_count': {'lower_end': 0, 'upper_end': 1000}, 'user_count_stage': 1}}",0,1000,1,2025-06-17 05:16:35.088415
40515,40515,BR,AGE_18_24,2510769,GENDER_FEMALE,,,,,,"{'advertiser_id': '7381489555305775105', 'objective_type': 'REACH', 'optimization_goal': 'REACH', 'placements': ['PLACEMENT_TIKTOK', 'PLACEMENT_PANGLE', 'PLACEMENT_GLOBAL_APP_BUNDLE'], 'location_ids': ['2510769'], 'gender': 'GENDER_FEMALE', 'age_groups': ['AGE_18_24']}",,"{'code': 0, 'message': 'OK', 'request_id': '202506170230236EC1BE8C57FD6202FDCF', 'data': {'user_count': {'lower_end': 1784000, 'upper_end': 2182000}, 'user_count_stage': 2}}",1784000,2182000,2,2025-06-17 05:16:35.088415
40516,40516,BR,AGE_55_100,2510769,GENDER_FEMALE,,,,,,"{'advertiser_id': '7381489555305775105', 'objective_type': 'REACH', 'optimization_goal': 'REACH', 'placements': ['PLACEMENT_TIKTOK', 'PLACEMENT_PANGLE', 'PLACEMENT_GLOBAL_APP_BUNDLE'], 'location_ids': ['2510769'], 'gender': 'GENDER_FEMALE', 'age_groups': ['AGE_55_100']}",,"{'code': 0, 'message': 'OK', 'request_id': '202506170230245BD1DE7C7AA45702C8E3', 'data': {'user_count': {'lower_end': 2065000, 'upper_end': 2525000}, 'user_count_stage': 2}}",2065000,2525000,2,2025-06-17 05:16:35.088415
40517,40517,BR,AGE_45_54,2510769,GENDER_FEMALE,,,,,,"{'advertiser_id': '7381489555305775105', 'objective_type': 'REACH', 'optimization_goal': 'REACH', 'placements': ['PLACEMENT_TIKTOK', 'PLACEMENT_PANGLE', 'PLACEMENT_GLOBAL_APP_BUNDLE'], 'location_ids': ['2510769'], 'gender': 'GENDER_FEMALE', 'age_groups': ['AGE_45_54']}",,"{'code': 0, 'message': 'OK', 'request_id': '20250617023024231C48661E88BC02BE26', 'data': {'user_count': {'lower_end': 2130000, 'upper_end': 2604000}, 'user_count_stage': 2}}",2130000,2604000,2,2025-06-17 05:16:35.088415
40519,40519,BR,AGE_13_17,2510769,GENDER_MALE,,,,,,"{'advertiser_id': '7381489555305775105', 'objective_type': 'REACH', 'optimization_goal': 'REACH', 'placements': ['PLACEMENT_TIKTOK', 'PLACEMENT_PANGLE', 'PLACEMENT_GLOBAL_APP_BUNDLE'], 'location_ids': ['2510769'], 'gender': 'GENDER_MALE', 'age_groups': ['AGE_13_17']}",,"{'code': 0, 'message': 'OK', 'request_id': '2025061702302506B25608DE7C0602FE80', 'data': {'user_count': {'lower_end': 0, 'upper_end': 1000}, 'user_count_stage': 1}}",0,1000,1,2025-06-17 05:16:35.088415
40520,40520,BR,AGE_25_34,2510769,GENDER_FEMALE,,,,,,"{'advertiser_id': '7381489555305775105', 'objective_type': 'REACH', 'optimization_goal': 'REACH', 'placements': ['PLACEMENT_TIKTOK', 'PLACEMENT_PANGLE', 'PLACEMENT_GLOBAL_APP_BUNDLE'], 'location_ids': ['2510769'], 'gender': 'GENDER_FEMALE', 'age_groups': ['AGE_25_34']}",,"{'code': 0, 'message': 'OK', 'request_id': '2025061702302441B2271F1806AA02D7D3', 'data': {'user_count': {'lower_end': 2301000, 'upper_end': 2814000}, 'user_count_stage': 2}}",2301000,2814000,2,2025-06-17 05:16:35.088415
40521,40521,BR,AGE_45_54,2510769,GENDER_MALE,,,,,,"{'advertiser_id': '7381489555305775105', 'objective_type': 'REACH', 'optimization_goal': 'REACH', 'placements': ['PLACEMENT_TIKTOK', 'PLACEMENT_PANGLE', 'PLACEMENT_GLOBAL_APP_BUNDLE'], 'location_ids': ['2510769'], 'gender': 'GENDER_MALE', 'age_groups': ['AGE_45_54']}",,"{'code': 0, 'message': 'OK', 'request_id': '2025061702302625BC966FA005FA02D4E6', 'data': {'user_count': {'lower_end': 1412000, 'upper_end': 1727000}, 'user_count_stage': 2}}",1412000,1727000,2,2025-06-17 05:16:35.088415
40522,40522,BR,AGE_35_44,2510769,GENDER_MALE,,,,,,"{'advertiser_id': '7381489555305775105', 'objective_type': 'REACH', 'optimization_goal': 'REACH', 'placements': ['PLACEMENT_TIKTOK', 'PLACEMENT_PANGLE', 'PLACEMENT_GLOBAL_APP_BUNDLE'], 'location_ids': ['2510769'], 'gender': 'GENDER_MALE', 'age_groups': ['AGE_35_44']}",,"{'code': 0, 'message': 'OK', 'request_id': '2025061702302653E25B92D8453102F02B', 'data': {'user_count': {'lower_end': 1440000, 'upper_end': 1761000}, 'user_count_stage': 2}}",1440000,1761000,2,2025-06-17 05:16:35.088415
40523,40523,BR,AGE_35_44,2510769,GENDER_FEMALE,,,,,,"{'advertiser_id': '7381489555305775105', 'objective_type': 'REACH', 'optimization_goal': 'REACH', 'placements': ['PLACEMENT_TIKTOK', 'PLACEMENT_PANGLE', 'PLACEMENT_GLOBAL_APP_BUNDLE'], 'location_ids': ['2510769'], 'gender': 'GENDER_FEMALE', 'age_groups': ['AGE_35_44']}",,"{'code': 0, 'message': 'OK', 'request_id': '2025061702302447A686FCFC817702DCAC', 'data': {'user_count': {'lower_end': 2092000, 'upper_end': 2558000}, 'user_count_stage': 2}}",2092000,2558000,2,2025-06-17 05:16:35.088415
40526,40526,BR,AGE_25_34,2510769,GENDER_MALE,,,,,,"{'advertiser_id': '7381489555305775105', 'objective_type': 'REACH', 'optimization_goal': 'REACH', 'placements': ['PLACEMENT_TIKTOK', 'PLACEMENT_PANGLE', 'PLACEMENT_GLOBAL_APP_BUNDLE'], 'location_ids': ['2510769'], 'gender': 'GENDER_MALE', 'age_groups': ['AGE_25_34']}",,"{'code': 0, 'message': 'OK', 'request_id': '20250617023025B61D8378B24D1103184A', 'data': {'user_count': {'lower_end': 2142000, 'upper_end': 2620000}, 'user_count_stage': 2}}",2142000,2620000,2,2025-06-17 05:16:35.088415
40528,40528,BR,AGE_55_100,2510769,GENDER_MALE,,,,,,"{'advertiser_id': '7381489555305775105', 'objective_type': 'REACH', 'optimization_goal': 'REACH', 'placements': ['PLACEMENT_TIKTOK', 'PLACEMENT_PANGLE', 'PLACEMENT_GLOBAL_APP_BUNDLE'], 'location_ids': ['2510769'], 'gender': 'GENDER_MALE', 'age_groups': ['AGE_55_100']}",,"{'code': 0, 'message': 'OK', 'request_id': '202506170230271A1367451A121202E97B', 'data': {'user_count': {'lower_end': 1258000, 'upper_end': 1539000}, 'user_count_stage': 2}}",1258000,1539000,2,2025-06-17 05:16:35.088415
40531,40531,BR,AGE_13_17,2589581,GENDER_FEMALE,,,,,,"{'advertiser_id': '7381489555305775105', 'objective_type': 'REACH', 'optimization_goal': 'REACH', 'placements': ['PLACEMENT_TIKTOK', 'PLACEMENT_PANGLE', 'PLACEMENT_GLOBAL_APP_BUNDLE'], 'location_ids': ['2589581'], 'gender': 'GENDER_FEMALE', 'age_groups': ['AGE_13_17']}",,"{'code': 0, 'message': 'OK', 'request_id': '20250617023028FF1169573CA6FF030BB4', 'data': {'user_count': {'lower_end': 0, 'upper_end': 1000}, 'user_count_stage': 1}}",0,1000,1,2025-06-17 05:16:35.088415
40532,40532,BR,AGE_18_24,2589581,GENDER_FEMALE,,,,,,"{'advertiser_id': '7381489555305775105', 'objective_type': 'REACH', 'optimization_goal': 'REACH', 'placements': ['PLACEMENT_TIKTOK', 'PLACEMENT_PANGLE', 'PLACEMENT_GLOBAL_APP_BUNDLE'], 'location_ids': ['2589581'], 'gender': 'GENDER_FEMALE', 'age_groups': ['AGE_18_24']}",,"{'code': 0, 'message': 'OK', 'request_id': '202506170230287D0B4D8F2D563002CC53', 'data': {'user_count': {'lower_end': 2575000, 'upper_end': 3148000}, 'user_count_stage': 2}}",2575000,3148000,2,2025-06-17 05:16:35.088415
40534,40534,BR,AGE_35_44,2589581,GENDER_FEMALE,,,,,,"{'advertiser_id': '7381489555305775105', 'objective_type': 'REACH', 'optimization_goal': 'REACH', 'placements': ['PLACEMENT_TIKTOK', 'PLACEMENT_PANGLE', 'PLACEMENT_GLOBAL_APP_BUNDLE'], 'location_ids': ['2589581'], 'gender': 'GENDER_FEMALE', 'age_groups': ['AGE_35_44']}",,"{'code': 0, 'message': 'OK', 'request_id': '2025061702302950E9D7CC85A8D802F339', 'data': {'user_count': {'lower_end': 1000000, 'upper_end': 1223000}, 'user_count_stage': 2}}",1000000,1223000,2,2025-06-17 05:16:35.088415
40535,40535,BR,AGE_45_54,2589581,GENDER_FEMALE,,,,,,"{'advertiser_id': '7381489555305775105', 'objective_type': 'REACH', 'optimization_goal': 'REACH', 'placements': ['PLACEMENT_TIKTOK', 'PLACEMENT_PANGLE', 'PLACEMENT_GLOBAL_APP_BUNDLE'], 'location_ids': ['2589581'], 'gender': 'GENDER_FEMALE', 'age_groups': ['AGE_45_54']}",,"{'code': 0, 'message': 'OK', 'request_id': '2025061702302947A686FCFC817702DD1B', 'data': {'user_count': {'lower_end': 438000, 'upper_end': 537000}, 'user_count_stage': 2}}",438000,537000,2,2025-06-17 05:16:35.088415
40536,40536,BR,AGE_18_24,2510769,GENDER_MALE,,,,,,"{'advertiser_id': '7381489555305775105', 'objective_type': 'REACH', 'optimization_goal': 'REACH', 'placements': ['PLACEMENT_TIKTOK', 'PLACEMENT_PANGLE', 'PLACEMENT_GLOBAL_APP_BUNDLE'], 'location_ids': ['2510769'], 'gender': 'GENDER_MALE', 'age_groups': ['AGE_18_24']}",,"{'code': 0, 'message': 'OK', 'request_id': '20250617023025EB8DE5CCD6E9F602EF6B', 'data': {'user_count': {'lower_end': 1683000, 'upper_end': 2058000}, 'user_count_stage': 2}}",1683000,2058000,2,2025-06-17 05:16:35.088415
40537,40537,BR,AGE_25_34,2589581,GENDER_FEMALE,,,,,,"{'advertiser_id': '7381489555305775105', 'objective_type': 'REACH', 'optimization_goal': 'REACH', 'placements': ['PLACEMENT_TIKTOK', 'PLACEMENT_PANGLE', 'PLACEMENT_GLOBAL_APP_BUNDLE'], 'location_ids': ['2589581'], 'gender': 'GENDER_FEMALE', 'age_groups': ['AGE_25_34']}",,"{'code': 0, 'message': 'OK', 'request_id': '20250617023029AE9727EC3F5CD502EB9E', 'data': {'user_count': {'lower_end': 3386000, 'upper_end': 4140000}, 'user_count_stage': 2}}",3386000,4140000,2,2025-06-17 05:16:35.088415
40538,40538,BR,AGE_13_17,2589581,GENDER_MALE,,,,,,"{'advertiser_id': '7381489555305775105', 'objective_type': 'REACH', 'optimization_goal': 'REACH', 'placements': ['PLACEMENT_TIKTOK', 'PLACEMENT_PANGLE', 'PLACEMENT_GLOBAL_APP_BUNDLE'], 'location_ids': ['2589581'], 'gender': 'GENDER_MALE', 'age_groups': ['AGE_13_17']}",,"{'code': 0, 'message': 'OK', 'request_id': '20250617023029773240FDE51BF202DA7D', 'data': {'user_count': {'lower_end': 0, 'upper_end': 1000}, 'user_count_stage': 1}}",0,1000,1,2025-06-17 05:16:35.088415
40539,40539,BR,AGE_55_100,2589581,GENDER_FEMALE,,,,,,"{'advertiser_id': '7381489555305775105', 'objective_type': 'REACH', 'optimization_goal': 'REACH', 'placements': ['PLACEMENT_TIKTOK', 'PLACEMENT_PANGLE', 'PLACEMENT_GLOBAL_APP_BUNDLE'], 'location_ids': ['2589581'], 'gender': 'GENDER_FEMALE', 'age_groups': ['AGE_55_100']}",,"{'code': 0, 'message': 'OK', 'request_id': '202506170230299D7287780D34A302EE6B', 'data': {'user_count': {'lower_end': 471000, 'upper_end': 577000}, 'user_count_stage': 2}}",471000,577000,2,2025-06-17 05:16:35.088415
40540,40540,BR,AGE_25_34,2589581,GENDER_MALE,,,,,,"{'advertiser_id': '7381489555305775105', 'objective_type': 'REACH', 'optimization_goal': 'REACH', 'placements': ['PLACEMENT_TIKTOK', 'PLACEMENT_PANGLE', 'PLACEMENT_GLOBAL_APP_BUNDLE'], 'location_ids': ['2589581'], 'gender': 'GENDER_MALE', 'age_groups': ['AGE_25_34']}",,"{'code': 0, 'message': 'OK', 'request_id': '2025061702303066B8FD3797979302F378', 'data': {'user_count': {'lower_end': 6146000, 'upper_end': 7513000}, 'user_count_stage': 3}}",6146000,7513000,3,2025-06-17 05:16:35.088415
40541,40541,BR,AGE_18_24,2589581,GENDER_MALE,,,,,,"{'advertiser_id': '7381489555305775105', 'objective_type': 'REACH', 'optimization_goal': 'REACH', 'placements': ['PLACEMENT_TIKTOK', 'PLACEMENT_PANGLE', 'PLACEMENT_GLOBAL_APP_BUNDLE'], 'location_ids': ['2589581'], 'gender': 'GENDER_MALE', 'age_groups': ['AGE_18_24']}",,"{'code': 0, 'message': 'OK', 'request_id': '20250617023030817348F1982542038D82', 'data': {'user_count': {'lower_end': 3214000, 'upper_end': 3929000}, 'user_count_stage': 2}}",3214000,3929000,2,2025-06-17 05:16:35.088415
40542,40542,BR,AGE_45_54,2589581,GENDER_MALE,,,,,,"{'advertiser_id': '7381489555305775105', 'objective_type': 'REACH', 'optimization_goal': 'REACH', 'placements': ['PLACEMENT_TIKTOK', 'PLACEMENT_PANGLE', 'PLACEMENT_GLOBAL_APP_BUNDLE'], 'location_ids': ['2589581'], 'gender': 'GENDER_MALE', 'age_groups': ['AGE_45_54']}",,"{'code': 0, 'message': 'OK', 'request_id': '20250617023030001989DDF1603C02E68C', 'data': {'user_count': {'lower_end': 785000, 'upper_end': 960000}, 'user_count_stage': 2}}",785000,960000,2,2025-06-17 05:16:35.088415
40543,40543,BR,AGE_55_100,2589581,GENDER_MALE,,,,,,"{'advertiser_id': '7381489555305775105', 'objective_type': 'REACH', 'optimization_goal': 'REACH', 'placements': ['PLACEMENT_TIKTOK', 'PLACEMENT_PANGLE', 'PLACEMENT_GLOBAL_APP_BUNDLE'], 'location_ids': ['2589581'], 'gender': 'GENDER_MALE', 'age_groups': ['AGE_55_100']}",,"{'code': 0, 'message': 'OK', 'request_id': '2025061702303009BE1DF480C7C002D8FE', 'data': {'user_count': {'lower_end': 623000, 'upper_end': 763000}, 'user_count_stage': 2}}",623000,763000,2,2025-06-17 05:16:35.088415
40546,40546,BR,AGE_35_44,2589581,GENDER_MALE,,,,,,"{'advertiser_id': '7381489555305775105', 'objective_type': 'REACH', 'optimization_goal': 'REACH', 'placements': ['PLACEMENT_TIKTOK', 'PLACEMENT_PANGLE', 'PLACEMENT_GLOBAL_APP_BUNDLE'], 'location_ids': ['2589581'], 'gender': 'GENDER_MALE', 'age_groups': ['AGE_35_44']}",,"{'code': 0, 'message': 'OK', 'request_id': '202506170230306A184FB20D6AC502E95C', 'data': {'user_count': {'lower_end': 2002000, 'upper_end': 2448000}, 'user_count_stage': 2}}",2002000,2448000,2,2025-06-17 05:16:35.088415
40551,40551,BR,AGE_18_24,798544,GENDER_FEMALE,,,,,,"{'advertiser_id': '7381489555305775105', 'objective_type': 'REACH', 'optimization_goal': 'REACH', 'placements': ['PLACEMENT_TIKTOK', 'PLACEMENT_PANGLE', 'PLACEMENT_GLOBAL_APP_BUNDLE'], 'location_ids': ['798544'], 'gender': 'GENDER_FEMALE', 'age_groups': ['AGE_18_24']}",,"{'code': 0, 'message': 'OK', 'request_id': '20250617023031202D59E1777C2E02C663', 'data': {'user_count': {'lower_end': 1554000, 'upper_end': 1901000}, 'user_count_stage': 2}}",1554000,1901000,2,2025-06-17 05:16:35.088415
40552,40552,BR,AGE_13_17,798544,GENDER_FEMALE,,,,,,"{'advertiser_id': '7381489555305775105', 'objective_type': 'REACH', 'optimization_goal': 'REACH', 'placements': ['PLACEMENT_TIKTOK', 'PLACEMENT_PANGLE', 'PLACEMENT_GLOBAL_APP_BUNDLE'], 'location_ids': ['798544'], 'gender': 'GENDER_FEMALE', 'age_groups': ['AGE_13_17']}",,"{'code': 0, 'message': 'OK', 'request_id': '202506170230310A8E57937D41F702E33A', 'data': {'user_count': {'lower_end': 0, 'upper_end': 1000}, 'user_count_stage': 1}}",0,1000,1,2025-06-17 05:16:35.088415
40553,40553,BR,AGE_35_44,798544,GENDER_FEMALE,,,,,,"{'advertiser_id': '7381489555305775105', 'objective_type': 'REACH', 'optimization_goal': 'REACH', 'placements': ['PLACEMENT_TIKTOK', 'PLACEMENT_PANGLE', 'PLACEMENT_GLOBAL_APP_BUNDLE'], 'location_ids': ['798544'], 'gender': 'GENDER_FEMALE', 'age_groups': ['AGE_35_44']}",,"{'code': 0, 'message': 'OK', 'request_id': '202506170230315495F191E2E0C702D5AB', 'data': {'user_count': {'lower_end': 1126000, 'upper_end': 1378000}, 'user_count_stage': 2}}",1126000,1378000,2,2025-06-17 05:16:35.088415
40554,40554,BR,AGE_45_54,798544,GENDER_FEMALE,,,,,,"{'advertiser_id': '7381489555305775105', 'objective_type': 'REACH', 'optimization_goal': 'REACH', 'placements': ['PLACEMENT_TIKTOK', 'PLACEMENT_PANGLE', 'PLACEMENT_GLOBAL_APP_BUNDLE'], 'location_ids': ['798544'], 'gender': 'GENDER_FEMALE', 'age_groups': ['AGE_45_54']}",,"{'code': 0, 'message': 'OK', 'request_id': '2025061702303137920D64BC692702EAE6', 'data': {'user_count': {'lower_end': 764000, 'upper_end': 934000}, 'user_count_stage': 2}}",764000,934000,2,2025-06-17 05:16:35.088415
40555,40555,BR,AGE_18_24,798544,GENDER_MALE,,,,,,"{'advertiser_id': '7381489555305775105', 'objective_type': 'REACH', 'optimization_goal': 'REACH', 'placements': ['PLACEMENT_TIKTOK', 'PLACEMENT_PANGLE', 'PLACEMENT_GLOBAL_APP_BUNDLE'], 'location_ids': ['798544'], 'gender': 'GENDER_MALE', 'age_groups': ['AGE_18_24']}",,"{'code': 0, 'message': 'OK', 'request_id': '20250617023032960F39426CCF4403DA20', 'data': {'user_count': {'lower_end': 1323000, 'upper_end': 1618000}, 'user_count_stage': 2}}",1323000,1618000,2,2025-06-17 05:16:35.088415
40556,40556,BR,AGE_55_100,798544,GENDER_FEMALE,,,,,,"{'advertiser_id': '7381489555305775105', 'objective_type': 'REACH', 'optimization_goal': 'REACH', 'placements': ['PLACEMENT_TIKTOK', 'PLACEMENT_PANGLE', 'PLACEMENT_GLOBAL_APP_BUNDLE'], 'location_ids': ['798544'], 'gender': 'GENDER_FEMALE', 'age_groups': ['AGE_55_100']}",,"{'code': 0, 'message': 'OK', 'request_id': '20250617023032C1DEB47776452102D9F7', 'data': {'user_count': {'lower_end': 629000, 'upper_end': 770000}, 'user_count_stage': 2}}",629000,770000,2,2025-06-17 05:16:35.088415
40557,40557,BR,AGE_25_34,798544,GENDER_MALE,,,,,,"{'advertiser_id': '7381489555305775105', 'objective_type': 'REACH', 'optimization_goal': 'REACH', 'placements': ['PLACEMENT_TIKTOK', 'PLACEMENT_PANGLE', 'PLACEMENT_GLOBAL_APP_BUNDLE'], 'location_ids': ['798544'], 'gender': 'GENDER_MALE', 'age_groups': ['AGE_25_34']}",,"{'code': 0, 'message': 'OK', 'request_id': '20250617023032407AB8E0DC655502D69D', 'data': {'user_count': {'lower_end': 1646000, 'upper_end': 2013000}, 'user_count_stage': 2}}",1646000,2013000,2,2025-06-17 05:16:35.088415
40558,40558,BR,AGE_35_44,798544,GENDER_MALE,,,,,,"{'advertiser_id': '7381489555305775105', 'objective_type': 'REACH', 'optimization_goal': 'REACH', 'placements': ['PLACEMENT_TIKTOK', 'PLACEMENT_PANGLE', 'PLACEMENT_GLOBAL_APP_BUNDLE'], 'location_ids': ['798544'], 'gender': 'GENDER_MALE', 'age_groups': ['AGE_35_44']}",,"{'code': 0, 'message': 'OK', 'request_id': '202506170230339D7287780D34A302EEE6', 'data': {'user_count': {'lower_end': 909000, 'upper_end': 1112000}, 'user_count_stage': 2}}",909000,1112000,2,2025-06-17 05:16:35.088415
40559,40559,BR,AGE_13_17,798544,GENDER_MALE,,,,,,"{'advertiser_id': '7381489555305775105', 'objective_type': 'REACH', 'optimization_goal': 'REACH', 'placements': ['PLACEMENT_TIKTOK', 'PLACEMENT_PANGLE', 'PLACEMENT_GLOBAL_APP_BUNDLE'], 'location_ids': ['798544'], 'gender': 'GENDER_MALE', 'age_groups': ['AGE_13_17']}",,"{'code': 0, 'message': 'OK', 'request_id': '20250617023032164C099E4CFD3A02C619', 'data': {'user_count': {'lower_end': 0, 'upper_end': 1000}, 'user_count_stage': 1}}",0,1000,1,2025-06-17 05:16:35.088415
40560,40560,BR,AGE_55_100,798544,GENDER_MALE,,,,,,"{'advertiser_id': '7381489555305775105', 'objective_type': 'REACH', 'optimization_goal': 'REACH', 'placements': ['PLACEMENT_TIKTOK', 'PLACEMENT_PANGLE', 'PLACEMENT_GLOBAL_APP_BUNDLE'], 'location_ids': ['798544'], 'gender': 'GENDER_MALE', 'age_groups': ['AGE_55_100']}",,"{'code': 0, 'message': 'OK', 'request_id': '2025061702303337920D64BC692702EB0D', 'data': {'user_count': {'lower_end': 446000, 'upper_end': 546000}, 'user_count_stage': 2}}",446000,546000,2,2025-06-17 05:16:35.088415
40561,40561,BR,AGE_45_54,798544,GENDER_MALE,,,,,,"{'advertiser_id': '7381489555305775105', 'objective_type': 'REACH', 'optimization_goal': 'REACH', 'placements': ['PLACEMENT_TIKTOK', 'PLACEMENT_PANGLE', 'PLACEMENT_GLOBAL_APP_BUNDLE'], 'location_ids': ['798544'], 'gender': 'GENDER_MALE', 'age_groups': ['AGE_45_54']}",,"{'code': 0, 'message': 'OK', 'request_id': '202506170230335F053D3508D32102DF4B', 'data': {'user_count': {'lower_end': 596000, 'upper_end': 729000}, 'user_count_stage': 2}}",596000,729000,2,2025-06-17 05:16:35.088415
40568,40568,BR,AGE_18_24,298795,GENDER_FEMALE,,,,,,"{'advertiser_id': '7381489555305775105', 'objective_type': 'REACH', 'optimization_goal': 'REACH', 'placements': ['PLACEMENT_TIKTOK', 'PLACEMENT_PANGLE', 'PLACEMENT_GLOBAL_APP_BUNDLE'], 'location_ids': ['298795'], 'gender': 'GENDER_FEMALE', 'age_groups': ['AGE_18_24']}",,"{'code': 0, 'message': 'OK', 'request_id': '2025061702303567329F501367C802FB7E', 'data': {'user_count': {'lower_end': 10560000, 'upper_end': 12908000}, 'user_count_stage': 2}}",10560000,12908000,2,2025-06-17 05:16:35.088415
40569,40569,BR,AGE_25_34,298795,GENDER_FEMALE,,,,,,"{'advertiser_id': '7381489555305775105', 'objective_type': 'REACH', 'optimization_goal': 'REACH', 'placements': ['PLACEMENT_TIKTOK', 'PLACEMENT_PANGLE', 'PLACEMENT_GLOBAL_APP_BUNDLE'], 'location_ids': ['298795'], 'gender': 'GENDER_FEMALE', 'age_groups': ['AGE_25_34']}",,"{'code': 0, 'message': 'OK', 'request_id': '20250617023035CDF3D027E6A9F202F985', 'data': {'user_count': {'lower_end': 10765000, 'upper_end': 13159000}, 'user_count_stage': 2}}",10765000,13159000,2,2025-06-17 05:16:35.088415
40570,40570,BR,AGE_13_17,298795,GENDER_FEMALE,,,,,,"{'advertiser_id': '7381489555305775105', 'objective_type': 'REACH', 'optimization_goal': 'REACH', 'placements': ['PLACEMENT_TIKTOK', 'PLACEMENT_PANGLE', 'PLACEMENT_GLOBAL_APP_BUNDLE'], 'location_ids': ['298795'], 'gender': 'GENDER_FEMALE', 'age_groups': ['AGE_13_17']}",,"{'code': 0, 'message': 'OK', 'request_id': '20250617023035DC3997213816F002F0F5', 'data': {'user_count': {'lower_end': 0, 'upper_end': 3000}, 'user_count_stage': 1}}",0,3000,1,2025-06-17 05:16:35.088415
40571,40571,BR,AGE_35_44,298795,GENDER_FEMALE,,,,,,"{'advertiser_id': '7381489555305775105', 'objective_type': 'REACH', 'optimization_goal': 'REACH', 'placements': ['PLACEMENT_TIKTOK', 'PLACEMENT_PANGLE', 'PLACEMENT_GLOBAL_APP_BUNDLE'], 'location_ids': ['298795'], 'gender': 'GENDER_FEMALE', 'age_groups': ['AGE_35_44']}",,"{'code': 0, 'message': 'OK', 'request_id': '202506170230358A923A46173D25031C15', 'data': {'user_count': {'lower_end': 5012000, 'upper_end': 6127000}, 'user_count_stage': 2}}",5012000,6127000,2,2025-06-17 05:16:35.088415
40572,40572,BR,AGE_45_54,298795,GENDER_FEMALE,,,,,,"{'advertiser_id': '7381489555305775105', 'objective_type': 'REACH', 'optimization_goal': 'REACH', 'placements': ['PLACEMENT_TIKTOK', 'PLACEMENT_PANGLE', 'PLACEMENT_GLOBAL_APP_BUNDLE'], 'location_ids': ['298795'], 'gender': 'GENDER_FEMALE', 'age_groups': ['AGE_45_54']}",,"{'code': 0, 'message': 'OK', 'request_id': '2025061702303524326752618D4E02E3B7', 'data': {'user_count': {'lower_end': 3223000, 'upper_end': 3940000}, 'user_count_stage': 2}}",3223000,3940000,2,2025-06-17 05:16:35.088415
40573,40573,BR,AGE_55_100,298795,GENDER_FEMALE,,,,,,"{'advertiser_id': '7381489555305775105', 'objective_type': 'REACH', 'optimization_goal': 'REACH', 'placements': ['PLACEMENT_TIKTOK', 'PLACEMENT_PANGLE', 'PLACEMENT_GLOBAL_APP_BUNDLE'], 'location_ids': ['298795'], 'gender': 'GENDER_FEMALE', 'age_groups': ['AGE_55_100']}",,"{'code': 0, 'message': 'OK', 'request_id': '2025061702303538756123B144EF02D1CF', 'data': {'user_count': {'lower_end': 2002000, 'upper_end': 2447000}, 'user_count_stage': 2}}",2002000,2447000,2,2025-06-17 05:16:35.088415
40574,40574,BR,AGE_13_17,298795,GENDER_MALE,,,,,,"{'advertiser_id': '7381489555305775105', 'objective_type': 'REACH', 'optimization_goal': 'REACH', 'placements': ['PLACEMENT_TIKTOK', 'PLACEMENT_PANGLE', 'PLACEMENT_GLOBAL_APP_BUNDLE'], 'location_ids': ['298795'], 'gender': 'GENDER_MALE', 'age_groups': ['AGE_13_17']}",,"{'code': 0, 'message': 'OK', 'request_id': '20250617023036AC8A40AF232DFC02E578', 'data': {'user_count': {'lower_end': 0, 'upper_end': 3000}, 'user_count_stage': 1}}",0,3000,1,2025-06-17 05:16:35.088415
40575,40575,BR,AGE_18_24,298795,GENDER_MALE,,,,,,"{'advertiser_id': '7381489555305775105', 'objective_type': 'REACH', 'optimization_goal': 'REACH', 'placements': ['PLACEMENT_TIKTOK', 'PLACEMENT_PANGLE', 'PLACEMENT_GLOBAL_APP_BUNDLE'], 'location_ids': ['298795'], 'gender': 'GENDER_MALE', 'age_groups': ['AGE_18_24']}",,"{'code': 0, 'message': 'OK', 'request_id': '20250617023036FC677FD7C565D102F51D', 'data': {'user_count': {'lower_end': 30341000, 'upper_end': 37084000}, 'user_count_stage': 3}}",30341000,37084000,3,2025-06-17 05:16:35.088415
40576,40576,BR,AGE_25_34,298795,GENDER_MALE,,,,,,"{'advertiser_id': '7381489555305775105', 'objective_type': 'REACH', 'optimization_goal': 'REACH', 'placements': ['PLACEMENT_TIKTOK', 'PLACEMENT_PANGLE', 'PLACEMENT_GLOBAL_APP_BUNDLE'], 'location_ids': ['298795'], 'gender': 'GENDER_MALE', 'age_groups': ['AGE_25_34']}",,"{'code': 0, 'message': 'OK', 'request_id': '202506170230366F14433C66B17002C5D5', 'data': {'user_count': {'lower_end': 21774000, 'upper_end': 26614000}, 'user_count_stage': 3}}",21774000,26614000,3,2025-06-17 05:16:35.088415
40577,40577,BR,AGE_35_44,298795,GENDER_MALE,,,,,,"{'advertiser_id': '7381489555305775105', 'objective_type': 'REACH', 'optimization_goal': 'REACH', 'placements': ['PLACEMENT_TIKTOK', 'PLACEMENT_PANGLE', 'PLACEMENT_GLOBAL_APP_BUNDLE'], 'location_ids': ['298795'], 'gender': 'GENDER_MALE', 'age_groups': ['AGE_35_44']}",,"{'code': 0, 'message': 'OK', 'request_id': '20250617023036A3A21DB3E244B402DC63', 'data': {'user_count': {'lower_end': 11040000, 'upper_end': 13494000}, 'user_count_stage': 2}}",11040000,13494000,2,2025-06-17 05:16:35.088415
40578,40578,BR,AGE_45_54,298795,GENDER_MALE,,,,,,"{'advertiser_id': '7381489555305775105', 'objective_type': 'REACH', 'optimization_goal': 'REACH', 'placements': ['PLACEMENT_TIKTOK', 'PLACEMENT_PANGLE', 'PLACEMENT_GLOBAL_APP_BUNDLE'], 'location_ids': ['298795'], 'gender': 'GENDER_MALE', 'age_groups': ['AGE_45_54']}",,"{'code': 0, 'message': 'OK', 'request_id': '20250617023036DB1DBEE77C43B802FF60', 'data': {'user_count': {'lower_end': 3574000, 'upper_end': 4369000}, 'user_count_stage': 2}}",3574000,4369000,2,2025-06-17 05:16:35.088415
40579,40579,BR,AGE_25_34,798544,GENDER_FEMALE,,,,,,"{'advertiser_id': '7381489555305775105', 'objective_type': 'REACH', 'optimization_goal': 'REACH', 'placements': ['PLACEMENT_TIKTOK', 'PLACEMENT_PANGLE', 'PLACEMENT_GLOBAL_APP_BUNDLE'], 'location_ids': ['798544'], 'gender': 'GENDER_FEMALE', 'age_groups': ['AGE_25_34']}",,"{'code': 0, 'message': 'OK', 'request_id': '202506170230319B9DF12B5B787402E890', 'data': {'user_count': {'lower_end': 2099000, 'upper_end': 2567000}, 'user_count_stage': 2}}",2099000,2567000,2,2025-06-17 05:16:35.088415
40580,40580,BR,AGE_55_100,298795,GENDER_MALE,,,,,,"{'advertiser_id': '7381489555305775105', 'objective_type': 'REACH', 'optimization_goal': 'REACH', 'placements': ['PLACEMENT_TIKTOK', 'PLACEMENT_PANGLE', 'PLACEMENT_GLOBAL_APP_BUNDLE'], 'location_ids': ['298795'], 'gender': 'GENDER_MALE', 'age_groups': ['AGE_55_100']}",,"{'code': 0, 'message': 'OK', 'request_id': '20250617023036B25654C7362576038368', 'data': {'user_count': {'lower_end': 3305000, 'upper_end': 4041000}, 'user_count_stage': 2}}",3305000,4041000,2,2025-06-17 05:16:35.088415
40586,40586,BR,AGE_13_17,953987,GENDER_FEMALE,,,,,,"{'advertiser_id': '7381489555305775105', 'objective_type': 'REACH', 'optimization_goal': 'REACH', 'placements': ['PLACEMENT_TIKTOK', 'PLACEMENT_PANGLE', 'PLACEMENT_GLOBAL_APP_BUNDLE'], 'location_ids': ['953987'], 'gender': 'GENDER_FEMALE', 'age_groups': ['AGE_13_17']}",,"{'code': 0, 'message': 'OK', 'request_id': '20250617023037455DF702C0127E02CF12', 'data': {'user_count': {'lower_end': 0, 'upper_end': 3000}, 'user_count_stage': 1}}",0,3000,1,2025-06-17 05:16:35.088415
40587,40587,BR,AGE_18_24,953987,GENDER_FEMALE,,,,,,"{'advertiser_id': '7381489555305775105', 'objective_type': 'REACH', 'optimization_goal': 'REACH', 'placements': ['PLACEMENT_TIKTOK', 'PLACEMENT_PANGLE', 'PLACEMENT_GLOBAL_APP_BUNDLE'], 'location_ids': ['953987'], 'gender': 'GENDER_FEMALE', 'age_groups': ['AGE_18_24']}",,"{'code': 0, 'message': 'OK', 'request_id': '20250617023037507BDD7B647A9A02C273', 'data': {'user_count': {'lower_end': 7850000, 'upper_end': 9596000}, 'user_count_stage': 2}}",7850000,9596000,2,2025-06-17 05:16:35.088415
40588,40588,BR,AGE_25_34,953987,GENDER_FEMALE,,,,,,"{'advertiser_id': '7381489555305775105', 'objective_type': 'REACH', 'optimization_goal': 'REACH', 'placements': ['PLACEMENT_TIKTOK', 'PLACEMENT_PANGLE', 'PLACEMENT_GLOBAL_APP_BUNDLE'], 'location_ids': ['953987'], 'gender': 'GENDER_FEMALE', 'age_groups': ['AGE_25_34']}",,"{'code': 0, 'message': 'OK', 'request_id': '20250617023037AC8A40AF232DFC02E5A2', 'data': {'user_count': {'lower_end': 15316000, 'upper_end': 18721000}, 'user_count_stage': 2}}",15316000,18721000,2,2025-06-17 05:16:35.088415
40589,40589,BR,AGE_35_44,953987,GENDER_FEMALE,,,,,,"{'advertiser_id': '7381489555305775105', 'objective_type': 'REACH', 'optimization_goal': 'REACH', 'placements': ['PLACEMENT_TIKTOK', 'PLACEMENT_PANGLE', 'PLACEMENT_GLOBAL_APP_BUNDLE'], 'location_ids': ['953987'], 'gender': 'GENDER_FEMALE', 'age_groups': ['AGE_35_44']}",,"{'code': 0, 'message': 'OK', 'request_id': '2025061702303737920D64BC692702EB6E', 'data': {'user_count': {'lower_end': 9772000, 'upper_end': 11945000}, 'user_count_stage': 2}}",9772000,11945000,2,2025-06-17 05:16:35.088415
40590,40590,BR,AGE_45_54,953987,GENDER_FEMALE,,,,,,"{'advertiser_id': '7381489555305775105', 'objective_type': 'REACH', 'optimization_goal': 'REACH', 'placements': ['PLACEMENT_TIKTOK', 'PLACEMENT_PANGLE', 'PLACEMENT_GLOBAL_APP_BUNDLE'], 'location_ids': ['953987'], 'gender': 'GENDER_FEMALE', 'age_groups': ['AGE_45_54']}",,"{'code': 0, 'message': 'OK', 'request_id': '2025061702303815772FCBAA204B03161D', 'data': {'user_count': {'lower_end': 3877000, 'upper_end': 4740000}, 'user_count_stage': 2}}",3877000,4740000,2,2025-06-17 05:16:35.088415
40592,40592,BR,AGE_55_100,953987,GENDER_FEMALE,,,,,,"{'advertiser_id': '7381489555305775105', 'objective_type': 'REACH', 'optimization_goal': 'REACH', 'placements': ['PLACEMENT_TIKTOK', 'PLACEMENT_PANGLE', 'PLACEMENT_GLOBAL_APP_BUNDLE'], 'location_ids': ['953987'], 'gender': 'GENDER_FEMALE', 'age_groups': ['AGE_55_100']}",,"{'code': 0, 'message': 'OK', 'request_id': '2025061702303867329F501367C802FBF6', 'data': {'user_count': {'lower_end': 2428000, 'upper_end': 2969000}, 'user_count_stage': 2}}",2428000,2969000,2,2025-06-17 05:16:35.088415
40593,40593,BR,AGE_13_17,953987,GENDER_MALE,,,,,,"{'advertiser_id': '7381489555305775105', 'objective_type': 'REACH', 'optimization_goal': 'REACH', 'placements': ['PLACEMENT_TIKTOK', 'PLACEMENT_PANGLE', 'PLACEMENT_GLOBAL_APP_BUNDLE'], 'location_ids': ['953987'], 'gender': 'GENDER_MALE', 'age_groups': ['AGE_13_17']}",,"{'code': 0, 'message': 'OK', 'request_id': '20250617023038339098CD0DB76C03ABDD', 'data': {'user_count': {'lower_end': 0, 'upper_end': 3000}, 'user_count_stage': 1}}",0,3000,1,2025-06-17 05:16:35.088415
40594,40594,BR,AGE_35_44,953987,GENDER_MALE,,,,,,"{'advertiser_id': '7381489555305775105', 'objective_type': 'REACH', 'optimization_goal': 'REACH', 'placements': ['PLACEMENT_TIKTOK', 'PLACEMENT_PANGLE', 'PLACEMENT_GLOBAL_APP_BUNDLE'], 'location_ids': ['953987'], 'gender': 'GENDER_MALE', 'age_groups': ['AGE_35_44']}",,"{'code': 0, 'message': 'OK', 'request_id': '20250617023038C5C6BBEA9BE1860301E2', 'data': {'user_count': {'lower_end': 11049000, 'upper_end': 13506000}, 'user_count_stage': 2}}",11049000,13506000,2,2025-06-17 05:16:35.088415
40595,40595,BR,AGE_25_34,953987,GENDER_MALE,,,,,,"{'advertiser_id': '7381489555305775105', 'objective_type': 'REACH', 'optimization_goal': 'REACH', 'placements': ['PLACEMENT_TIKTOK', 'PLACEMENT_PANGLE', 'PLACEMENT_GLOBAL_APP_BUNDLE'], 'location_ids': ['953987'], 'gender': 'GENDER_MALE', 'age_groups': ['AGE_25_34']}",,"{'code': 0, 'message': 'OK', 'request_id': '20250617023038B401AFC9951A8A0380E8', 'data': {'user_count': {'lower_end': 20600000, 'upper_end': 25179000}, 'user_count_stage': 3}}",20600000,25179000,3,2025-06-17 05:16:35.088415
40596,40596,BR,AGE_55_100,953987,GENDER_MALE,,,,,,"{'advertiser_id': '7381489555305775105', 'objective_type': 'REACH', 'optimization_goal': 'REACH', 'placements': ['PLACEMENT_TIKTOK', 'PLACEMENT_PANGLE', 'PLACEMENT_GLOBAL_APP_BUNDLE'], 'location_ids': ['953987'], 'gender': 'GENDER_MALE', 'age_groups': ['AGE_55_100']}",,"{'code': 0, 'message': 'OK', 'request_id': '202506170230380DC28C0CA16B6602BB83', 'data': {'user_count': {'lower_end': 2368000, 'upper_end': 2896000}, 'user_count_stage': 2}}",2368000,2896000,2,2025-06-17 05:16:35.088415
40597,40597,BR,AGE_45_54,953987,GENDER_MALE,,,,,,"{'advertiser_id': '7381489555305775105', 'objective_type': 'REACH', 'optimization_goal': 'REACH', 'placements': ['PLACEMENT_TIKTOK', 'PLACEMENT_PANGLE', 'PLACEMENT_GLOBAL_APP_BUNDLE'], 'location_ids': ['953987'], 'gender': 'GENDER_MALE', 'age_groups': ['AGE_45_54']}",,"{'code': 0, 'message': 'OK', 'request_id': '2025061702303884220B60E95AE4039C34', 'data': {'user_count': {'lower_end': 2160000, 'upper_end': 2641000}, 'user_count_stage': 2}}",2160000,2641000,2,2025-06-17 05:16:35.088415
40600,40600,BR,AGE_18_24,953987,GENDER_MALE,,,,,,"{'advertiser_id': '7381489555305775105', 'objective_type': 'REACH', 'optimization_goal': 'REACH', 'placements': ['PLACEMENT_TIKTOK', 'PLACEMENT_PANGLE', 'PLACEMENT_GLOBAL_APP_BUNDLE'], 'location_ids': ['953987'], 'gender': 'GENDER_MALE', 'age_groups': ['AGE_18_24']}",,"{'code': 0, 'message': 'OK', 'request_id': '20250617023038976F1E38789C4202F28B', 'data': {'user_count': {'lower_end': 13193000, 'upper_end': 16126000}, 'user_count_stage': 2}}",13193000,16126000,2,2025-06-17 05:16:35.088415
40604,40604,BR,AGE_13_17,630336,GENDER_FEMALE,,,,,,"{'advertiser_id': '7381489555305775105', 'objective_type': 'REACH', 'optimization_goal': 'REACH', 'placements': ['PLACEMENT_TIKTOK', 'PLACEMENT_PANGLE', 'PLACEMENT_GLOBAL_APP_BUNDLE'], 'location_ids': ['630336'], 'gender': 'GENDER_FEMALE', 'age_groups': ['AGE_13_17']}",,"{'code': 0, 'message': 'OK', 'request_id': '2025061702304015DF8938D263F60309DF', 'data': {'user_count': {'lower_end': 0, 'upper_end': 1000}, 'user_count_stage': 1}}",0,1000,1,2025-06-17 05:16:35.088415
40605,40605,BR,AGE_18_24,630336,GENDER_FEMALE,,,,,,"{'advertiser_id': '7381489555305775105', 'objective_type': 'REACH', 'optimization_goal': 'REACH', 'placements': ['PLACEMENT_TIKTOK', 'PLACEMENT_PANGLE', 'PLACEMENT_GLOBAL_APP_BUNDLE'], 'location_ids': ['630336'], 'gender': 'GENDER_FEMALE', 'age_groups': ['AGE_18_24']}",,"{'code': 0, 'message': 'OK', 'request_id': '2025061702304027F26CA1B61D9002D162', 'data': {'user_count': {'lower_end': 1010000, 'upper_end': 1235000}, 'user_count_stage': 2}}",1010000,1235000,2,2025-06-17 05:16:35.088415
40606,40606,BR,AGE_25_34,630336,GENDER_FEMALE,,,,,,"{'advertiser_id': '7381489555305775105', 'objective_type': 'REACH', 'optimization_goal': 'REACH', 'placements': ['PLACEMENT_TIKTOK', 'PLACEMENT_PANGLE', 'PLACEMENT_GLOBAL_APP_BUNDLE'], 'location_ids': ['630336'], 'gender': 'GENDER_FEMALE', 'age_groups': ['AGE_25_34']}",,"{'code': 0, 'message': 'OK', 'request_id': '20250617023040BB976BC0397A1402F455', 'data': {'user_count': {'lower_end': 952000, 'upper_end': 1164000}, 'user_count_stage': 2}}",952000,1164000,2,2025-06-17 05:16:35.088415
40607,40607,BR,AGE_35_44,630336,GENDER_FEMALE,,,,,,"{'advertiser_id': '7381489555305775105', 'objective_type': 'REACH', 'optimization_goal': 'REACH', 'placements': ['PLACEMENT_TIKTOK', 'PLACEMENT_PANGLE', 'PLACEMENT_GLOBAL_APP_BUNDLE'], 'location_ids': ['630336'], 'gender': 'GENDER_FEMALE', 'age_groups': ['AGE_35_44']}",,"{'code': 0, 'message': 'OK', 'request_id': '2025061702304064533EDF8F317F0307CC', 'data': {'user_count': {'lower_end': 398000, 'upper_end': 487000}, 'user_count_stage': 2}}",398000,487000,2,2025-06-17 05:16:35.088415
40609,40609,BR,AGE_55_100,630336,GENDER_FEMALE,,,,,,"{'advertiser_id': '7381489555305775105', 'objective_type': 'REACH', 'optimization_goal': 'REACH', 'placements': ['PLACEMENT_TIKTOK', 'PLACEMENT_PANGLE', 'PLACEMENT_GLOBAL_APP_BUNDLE'], 'location_ids': ['630336'], 'gender': 'GENDER_FEMALE', 'age_groups': ['AGE_55_100']}",,"{'code': 0, 'message': 'OK', 'request_id': '20250617023040AC8A40AF232DFC02E5EF', 'data': {'user_count': {'lower_end': 356000, 'upper_end': 436000}, 'user_count_stage': 2}}",356000,436000,2,2025-06-17 05:16:35.088415
40610,40610,BR,AGE_13_17,630336,GENDER_MALE,,,,,,"{'advertiser_id': '7381489555305775105', 'objective_type': 'REACH', 'optimization_goal': 'REACH', 'placements': ['PLACEMENT_TIKTOK', 'PLACEMENT_PANGLE', 'PLACEMENT_GLOBAL_APP_BUNDLE'], 'location_ids': ['630336'], 'gender': 'GENDER_MALE', 'age_groups': ['AGE_13_17']}",,"{'code': 0, 'message': 'OK', 'request_id': '2025061702304053E25B92D8453102F272', 'data': {'user_count': {'lower_end': 0, 'upper_end': 1000}, 'user_count_stage': 1}}",0,1000,1,2025-06-17 05:16:35.088415
40611,40611,BR,AGE_18_24,630336,GENDER_MALE,,,,,,"{'advertiser_id': '7381489555305775105', 'objective_type': 'REACH', 'optimization_goal': 'REACH', 'placements': ['PLACEMENT_TIKTOK', 'PLACEMENT_PANGLE', 'PLACEMENT_GLOBAL_APP_BUNDLE'], 'location_ids': ['630336'], 'gender': 'GENDER_MALE', 'age_groups': ['AGE_18_24']}",,"{'code': 0, 'message': 'OK', 'request_id': '202506170230417D0B4D8F2D563002CDC4', 'data': {'user_count': {'lower_end': 941000, 'upper_end': 1151000}, 'user_count_stage': 2}}",941000,1151000,2,2025-06-17 05:16:35.088415
40612,40612,BR,AGE_25_34,630336,GENDER_MALE,,,,,,"{'advertiser_id': '7381489555305775105', 'objective_type': 'REACH', 'optimization_goal': 'REACH', 'placements': ['PLACEMENT_TIKTOK', 'PLACEMENT_PANGLE', 'PLACEMENT_GLOBAL_APP_BUNDLE'], 'location_ids': ['630336'], 'gender': 'GENDER_MALE', 'age_groups': ['AGE_25_34']}",,"{'code': 0, 'message': 'OK', 'request_id': '20250617023041B187F1313E1C83031ECC', 'data': {'user_count': {'lower_end': 1395000, 'upper_end': 1706000}, 'user_count_stage': 3}}",1395000,1706000,3,2025-06-17 05:16:35.088415
40613,40613,BR,AGE_45_54,630336,GENDER_FEMALE,,,,,,"{'advertiser_id': '7381489555305775105', 'objective_type': 'REACH', 'optimization_goal': 'REACH', 'placements': ['PLACEMENT_TIKTOK', 'PLACEMENT_PANGLE', 'PLACEMENT_GLOBAL_APP_BUNDLE'], 'location_ids': ['630336'], 'gender': 'GENDER_FEMALE', 'age_groups': ['AGE_45_54']}",,"{'code': 0, 'message': 'OK', 'request_id': '20250617023040A71B2A5471576702F52F', 'data': {'user_count': {'lower_end': 274000, 'upper_end': 336000}, 'user_count_stage': 2}}",274000,336000,2,2025-06-17 05:16:35.088415
40614,40614,BR,AGE_35_44,630336,GENDER_MALE,,,,,,"{'advertiser_id': '7381489555305775105', 'objective_type': 'REACH', 'optimization_goal': 'REACH', 'placements': ['PLACEMENT_TIKTOK', 'PLACEMENT_PANGLE', 'PLACEMENT_GLOBAL_APP_BUNDLE'], 'location_ids': ['630336'], 'gender': 'GENDER_MALE', 'age_groups': ['AGE_35_44']}",,"{'code': 0, 'message': 'OK', 'request_id': '20250617023041EBA2896662281802E84B', 'data': {'user_count': {'lower_end': 537000, 'upper_end': 657000}, 'user_count_stage': 2}}",537000,657000,2,2025-06-17 05:16:35.088415
40615,40615,BR,AGE_55_100,630336,GENDER_MALE,,,,,,"{'advertiser_id': '7381489555305775105', 'objective_type': 'REACH', 'optimization_goal': 'REACH', 'placements': ['PLACEMENT_TIKTOK', 'PLACEMENT_PANGLE', 'PLACEMENT_GLOBAL_APP_BUNDLE'], 'location_ids': ['630336'], 'gender': 'GENDER_MALE', 'age_groups': ['AGE_55_100']}",,"{'code': 0, 'message': 'OK', 'request_id': '20250617023041E0050FA473B98002E8FE', 'data': {'user_count': {'lower_end': 310000, 'upper_end': 379000}, 'user_count_stage': 2}}",310000,379000,2,2025-06-17 05:16:35.088415
40616,40616,BR,AGE_45_54,630336,GENDER_MALE,,,,,,"{'advertiser_id': '7381489555305775105', 'objective_type': 'REACH', 'optimization_goal': 'REACH', 'placements': ['PLACEMENT_TIKTOK', 'PLACEMENT_PANGLE', 'PLACEMENT_GLOBAL_APP_BUNDLE'], 'location_ids': ['630336'], 'gender': 'GENDER_MALE', 'age_groups': ['AGE_45_54']}",,"{'code': 0, 'message': 'OK', 'request_id': '202506170230416D3F631EE3381902FB0B', 'data': {'user_count': {'lower_end': 317000, 'upper_end': 389000}, 'user_count_stage': 2}}",317000,389000,2,2025-06-17 05:16:35.088415
40623,40623,BR,AGE_13_17,290557,GENDER_FEMALE,,,,,,"{'advertiser_id': '7381489555305775105', 'objective_type': 'REACH', 'optimization_goal': 'REACH', 'placements': ['PLACEMENT_TIKTOK', 'PLACEMENT_PANGLE', 'PLACEMENT_GLOBAL_APP_BUNDLE'], 'location_ids': ['290557'], 'gender': 'GENDER_FEMALE', 'age_groups': ['AGE_13_17']}",,"{'code': 0, 'message': 'OK', 'request_id': '20250617023042A63FEA5D93937902D728', 'data': {'user_count': {'lower_end': 0, 'upper_end': 3000}, 'user_count_stage': 1}}",0,3000,1,2025-06-17 05:16:35.088415
40624,40624,BR,AGE_18_24,290557,GENDER_FEMALE,,,,,,"{'advertiser_id': '7381489555305775105', 'objective_type': 'REACH', 'optimization_goal': 'REACH', 'placements': ['PLACEMENT_TIKTOK', 'PLACEMENT_PANGLE', 'PLACEMENT_GLOBAL_APP_BUNDLE'], 'location_ids': ['290557'], 'gender': 'GENDER_FEMALE', 'age_groups': ['AGE_18_24']}",,"{'code': 0, 'message': 'OK', 'request_id': '20250617023042A67F599059D99603C3DE', 'data': {'user_count': {'lower_end': 1348000, 'upper_end': 1649000}, 'user_count_stage': 2}}",1348000,1649000,2,2025-06-17 05:16:35.088415
40625,40625,BR,AGE_45_54,290557,GENDER_FEMALE,,,,,,"{'advertiser_id': '7381489555305775105', 'objective_type': 'REACH', 'optimization_goal': 'REACH', 'placements': ['PLACEMENT_TIKTOK', 'PLACEMENT_PANGLE', 'PLACEMENT_GLOBAL_APP_BUNDLE'], 'location_ids': ['290557'], 'gender': 'GENDER_FEMALE', 'age_groups': ['AGE_45_54']}",,"{'code': 0, 'message': 'OK', 'request_id': '20250617023042027674BF609BC702C976', 'data': {'user_count': {'lower_end': 559000, 'upper_end': 685000}, 'user_count_stage': 2}}",559000,685000,2,2025-06-17 05:16:35.088415
40626,40626,BR,AGE_25_34,290557,GENDER_FEMALE,,,,,,"{'advertiser_id': '7381489555305775105', 'objective_type': 'REACH', 'optimization_goal': 'REACH', 'placements': ['PLACEMENT_TIKTOK', 'PLACEMENT_PANGLE', 'PLACEMENT_GLOBAL_APP_BUNDLE'], 'location_ids': ['290557'], 'gender': 'GENDER_FEMALE', 'age_groups': ['AGE_25_34']}",,"{'code': 0, 'message': 'OK', 'request_id': '20250617023042385216369BDB5E02FF45', 'data': {'user_count': {'lower_end': 2740000, 'upper_end': 3350000}, 'user_count_stage': 2}}",2740000,3350000,2,2025-06-17 05:16:35.088415
40627,40627,BR,AGE_35_44,290557,GENDER_FEMALE,,,,,,"{'advertiser_id': '7381489555305775105', 'objective_type': 'REACH', 'optimization_goal': 'REACH', 'placements': ['PLACEMENT_TIKTOK', 'PLACEMENT_PANGLE', 'PLACEMENT_GLOBAL_APP_BUNDLE'], 'location_ids': ['290557'], 'gender': 'GENDER_FEMALE', 'age_groups': ['AGE_35_44']}",,"{'code': 0, 'message': 'OK', 'request_id': '2025061702304250FBD8E0AB34B502CB87', 'data': {'user_count': {'lower_end': 1485000, 'upper_end': 1816000}, 'user_count_stage': 2}}",1485000,1816000,2,2025-06-17 05:16:35.088415
40628,40628,BR,AGE_55_100,290557,GENDER_FEMALE,,,,,,"{'advertiser_id': '7381489555305775105', 'objective_type': 'REACH', 'optimization_goal': 'REACH', 'placements': ['PLACEMENT_TIKTOK', 'PLACEMENT_PANGLE', 'PLACEMENT_GLOBAL_APP_BUNDLE'], 'location_ids': ['290557'], 'gender': 'GENDER_FEMALE', 'age_groups': ['AGE_55_100']}",,"{'code': 0, 'message': 'OK', 'request_id': '20250617023043417DFD0EB73E0202D681', 'data': {'user_count': {'lower_end': 451000, 'upper_end': 552000}, 'user_count_stage': 2}}",451000,552000,2,2025-06-17 05:16:35.088415
40629,40629,BR,AGE_13_17,290557,GENDER_MALE,,,,,,"{'advertiser_id': '7381489555305775105', 'objective_type': 'REACH', 'optimization_goal': 'REACH', 'placements': ['PLACEMENT_TIKTOK', 'PLACEMENT_PANGLE', 'PLACEMENT_GLOBAL_APP_BUNDLE'], 'location_ids': ['290557'], 'gender': 'GENDER_MALE', 'age_groups': ['AGE_13_17']}",,"{'code': 0, 'message': 'OK', 'request_id': '20250617023043FF300DCF80C12802C65B', 'data': {'user_count': {'lower_end': 0, 'upper_end': 3000}, 'user_count_stage': 1}}",0,3000,1,2025-06-17 05:16:35.088415
40630,40630,BR,AGE_25_34,290557,GENDER_MALE,,,,,,"{'advertiser_id': '7381489555305775105', 'objective_type': 'REACH', 'optimization_goal': 'REACH', 'placements': ['PLACEMENT_TIKTOK', 'PLACEMENT_PANGLE', 'PLACEMENT_GLOBAL_APP_BUNDLE'], 'location_ids': ['290557'], 'gender': 'GENDER_MALE', 'age_groups': ['AGE_25_34']}",,"{'code': 0, 'message': 'OK', 'request_id': '20250617023043216A45600209C502C021', 'data': {'user_count': {'lower_end': 7005000, 'upper_end': 8563000}, 'user_count_stage': 3}}",7005000,8563000,3,2025-06-17 05:16:35.088415
40631,40631,BR,AGE_18_24,290557,GENDER_MALE,,,,,,"{'advertiser_id': '7381489555305775105', 'objective_type': 'REACH', 'optimization_goal': 'REACH', 'placements': ['PLACEMENT_TIKTOK', 'PLACEMENT_PANGLE', 'PLACEMENT_GLOBAL_APP_BUNDLE'], 'location_ids': ['290557'], 'gender': 'GENDER_MALE', 'age_groups': ['AGE_18_24']}",,"{'code': 0, 'message': 'OK', 'request_id': '202506170230438002CA988775F202FE68', 'data': {'user_count': {'lower_end': 3212000, 'upper_end': 3927000}, 'user_count_stage': 2}}",3212000,3927000,2,2025-06-17 05:16:35.088415
40632,40632,BR,AGE_35_44,290557,GENDER_MALE,,,,,,"{'advertiser_id': '7381489555305775105', 'objective_type': 'REACH', 'optimization_goal': 'REACH', 'placements': ['PLACEMENT_TIKTOK', 'PLACEMENT_PANGLE', 'PLACEMENT_GLOBAL_APP_BUNDLE'], 'location_ids': ['290557'], 'gender': 'GENDER_MALE', 'age_groups': ['AGE_35_44']}",,"{'code': 0, 'message': 'OK', 'request_id': '20250617023043FC720E2D5D924A02EA68', 'data': {'user_count': {'lower_end': 4016000, 'upper_end': 4910000}, 'user_count_stage': 2}}",4016000,4910000,2,2025-06-17 05:16:35.088415
40633,40633,BR,AGE_55_100,290557,GENDER_MALE,,,,,,"{'advertiser_id': '7381489555305775105', 'objective_type': 'REACH', 'optimization_goal': 'REACH', 'placements': ['PLACEMENT_TIKTOK', 'PLACEMENT_PANGLE', 'PLACEMENT_GLOBAL_APP_BUNDLE'], 'location_ids': ['290557'], 'gender': 'GENDER_MALE', 'age_groups': ['AGE_55_100']}",,"{'code': 0, 'message': 'OK', 'request_id': '20250617023044385216369BDB5E02FF7B', 'data': {'user_count': {'lower_end': 543000, 'upper_end': 665000}, 'user_count_stage': 2}}",543000,665000,2,2025-06-17 05:16:35.088415
40635,40635,BR,AGE_45_54,290557,GENDER_MALE,,,,,,"{'advertiser_id': '7381489555305775105', 'objective_type': 'REACH', 'optimization_goal': 'REACH', 'placements': ['PLACEMENT_TIKTOK', 'PLACEMENT_PANGLE', 'PLACEMENT_GLOBAL_APP_BUNDLE'], 'location_ids': ['290557'], 'gender': 'GENDER_MALE', 'age_groups': ['AGE_45_54']}",,"{'code': 0, 'message': 'OK', 'request_id': '202506170230441C8CC41D1A8DD102D4D0', 'data': {'user_count': {'lower_end': 740000, 'upper_end': 905000}, 'user_count_stage': 2}}",740000,905000,2,2025-06-17 05:16:35.088415
40641,40641,BR,AGE_13_17,390903,GENDER_FEMALE,,,,,,"{'advertiser_id': '7381489555305775105', 'objective_type': 'REACH', 'optimization_goal': 'REACH', 'placements': ['PLACEMENT_TIKTOK', 'PLACEMENT_PANGLE', 'PLACEMENT_GLOBAL_APP_BUNDLE'], 'location_ids': ['390903'], 'gender': 'GENDER_FEMALE', 'age_groups': ['AGE_13_17']}",,"{'code': 0, 'message': 'OK', 'request_id': '20250617023044CC91ED86EDB49A02CCE5', 'data': {'user_count': {'lower_end': 0, 'upper_end': 1000}, 'user_count_stage': 1}}",0,1000,1,2025-06-17 05:16:35.088415
40642,40642,BR,AGE_18_24,390903,GENDER_FEMALE,,,,,,"{'advertiser_id': '7381489555305775105', 'objective_type': 'REACH', 'optimization_goal': 'REACH', 'placements': ['PLACEMENT_TIKTOK', 'PLACEMENT_PANGLE', 'PLACEMENT_GLOBAL_APP_BUNDLE'], 'location_ids': ['390903'], 'gender': 'GENDER_FEMALE', 'age_groups': ['AGE_18_24']}",,"{'code': 0, 'message': 'OK', 'request_id': '20250617023044216A45600209C502C05C', 'data': {'user_count': {'lower_end': 456000, 'upper_end': 559000}, 'user_count_stage': 2}}",456000,559000,2,2025-06-17 05:16:35.088415
40643,40643,BR,AGE_25_34,390903,GENDER_FEMALE,,,,,,"{'advertiser_id': '7381489555305775105', 'objective_type': 'REACH', 'optimization_goal': 'REACH', 'placements': ['PLACEMENT_TIKTOK', 'PLACEMENT_PANGLE', 'PLACEMENT_GLOBAL_APP_BUNDLE'], 'location_ids': ['390903'], 'gender': 'GENDER_FEMALE', 'age_groups': ['AGE_25_34']}",,"{'code': 0, 'message': 'OK', 'request_id': '2025061702304570149FD432E83202CA69', 'data': {'user_count': {'lower_end': 642000, 'upper_end': 785000}, 'user_count_stage': 2}}",642000,785000,2,2025-06-17 05:16:35.088415
40644,40644,BR,AGE_45_54,390903,GENDER_FEMALE,,,,,,"{'advertiser_id': '7381489555305775105', 'objective_type': 'REACH', 'optimization_goal': 'REACH', 'placements': ['PLACEMENT_TIKTOK', 'PLACEMENT_PANGLE', 'PLACEMENT_GLOBAL_APP_BUNDLE'], 'location_ids': ['390903'], 'gender': 'GENDER_FEMALE', 'age_groups': ['AGE_45_54']}",,"{'code': 0, 'message': 'OK', 'request_id': '20250617023045AE9727EC3F5CD502ED96', 'data': {'user_count': {'lower_end': 351000, 'upper_end': 430000}, 'user_count_stage': 2}}",351000,430000,2,2025-06-17 05:16:35.088415
40645,40645,BR,AGE_55_100,390903,GENDER_FEMALE,,,,,,"{'advertiser_id': '7381489555305775105', 'objective_type': 'REACH', 'optimization_goal': 'REACH', 'placements': ['PLACEMENT_TIKTOK', 'PLACEMENT_PANGLE', 'PLACEMENT_GLOBAL_APP_BUNDLE'], 'location_ids': ['390903'], 'gender': 'GENDER_FEMALE', 'age_groups': ['AGE_55_100']}",,"{'code': 0, 'message': 'OK', 'request_id': '202506170230452CF5CB9E4B88A002C788', 'data': {'user_count': {'lower_end': 355000, 'upper_end': 435000}, 'user_count_stage': 2}}",355000,435000,2,2025-06-17 05:16:35.088415
40646,40646,BR,AGE_13_17,390903,GENDER_MALE,,,,,,"{'advertiser_id': '7381489555305775105', 'objective_type': 'REACH', 'optimization_goal': 'REACH', 'placements': ['PLACEMENT_TIKTOK', 'PLACEMENT_PANGLE', 'PLACEMENT_GLOBAL_APP_BUNDLE'], 'location_ids': ['390903'], 'gender': 'GENDER_MALE', 'age_groups': ['AGE_13_17']}",,"{'code': 0, 'message': 'OK', 'request_id': '2025061702304572B66E7C3B3F7302CE90', 'data': {'user_count': {'lower_end': 0, 'upper_end': 1000}, 'user_count_stage': 1}}",0,1000,1,2025-06-17 05:16:35.088415
40647,40647,BR,AGE_35_44,390903,GENDER_MALE,,,,,,"{'advertiser_id': '7381489555305775105', 'objective_type': 'REACH', 'optimization_goal': 'REACH', 'placements': ['PLACEMENT_TIKTOK', 'PLACEMENT_PANGLE', 'PLACEMENT_GLOBAL_APP_BUNDLE'], 'location_ids': ['390903'], 'gender': 'GENDER_MALE', 'age_groups': ['AGE_35_44']}",,"{'code': 0, 'message': 'OK', 'request_id': '202506170230457703B2C9B4F40E02E065', 'data': {'user_count': {'lower_end': 334000, 'upper_end': 409000}, 'user_count_stage': 2}}",334000,409000,2,2025-06-17 05:16:35.088415
40648,40648,BR,AGE_45_54,390903,GENDER_MALE,,,,,,"{'advertiser_id': '7381489555305775105', 'objective_type': 'REACH', 'optimization_goal': 'REACH', 'placements': ['PLACEMENT_TIKTOK', 'PLACEMENT_PANGLE', 'PLACEMENT_GLOBAL_APP_BUNDLE'], 'location_ids': ['390903'], 'gender': 'GENDER_MALE', 'age_groups': ['AGE_45_54']}",,"{'code': 0, 'message': 'OK', 'request_id': '2025061702304628F83C4A8B2DD902CBE1', 'data': {'user_count': {'lower_end': 293000, 'upper_end': 360000}, 'user_count_stage': 2}}",293000,360000,2,2025-06-17 05:16:35.088415
40649,40649,BR,AGE_55_100,390903,GENDER_MALE,,,,,,"{'advertiser_id': '7381489555305775105', 'objective_type': 'REACH', 'optimization_goal': 'REACH', 'placements': ['PLACEMENT_TIKTOK', 'PLACEMENT_PANGLE', 'PLACEMENT_GLOBAL_APP_BUNDLE'], 'location_ids': ['390903'], 'gender': 'GENDER_MALE', 'age_groups': ['AGE_55_100']}",,"{'code': 0, 'message': 'OK', 'request_id': '2025061702304645AFA721A0466502BCD2', 'data': {'user_count': {'lower_end': 281000, 'upper_end': 344000}, 'user_count_stage': 2}}",281000,344000,2,2025-06-17 05:16:35.088415
40652,40652,BR,AGE_25_34,390903,GENDER_MALE,,,,,,"{'advertiser_id': '7381489555305775105', 'objective_type': 'REACH', 'optimization_goal': 'REACH', 'placements': ['PLACEMENT_TIKTOK', 'PLACEMENT_PANGLE', 'PLACEMENT_GLOBAL_APP_BUNDLE'], 'location_ids': ['390903'], 'gender': 'GENDER_MALE', 'age_groups': ['AGE_25_34']}",,"{'code': 0, 'message': 'OK', 'request_id': '202506170230458E7F9AFA03B2A1038B77', 'data': {'user_count': {'lower_end': 517000, 'upper_end': 633000}, 'user_count_stage': 2}}",517000,633000,2,2025-06-17 05:16:35.088415
40660,40660,BR,AGE_18_24,390903,GENDER_MALE,,,,,,"{'advertiser_id': '7381489555305775105', 'objective_type': 'REACH', 'optimization_goal': 'REACH', 'placements': ['PLACEMENT_TIKTOK', 'PLACEMENT_PANGLE', 'PLACEMENT_GLOBAL_APP_BUNDLE'], 'location_ids': ['390903'], 'gender': 'GENDER_MALE', 'age_groups': ['AGE_18_24']}",,"{'code': 0, 'message': 'OK', 'request_id': '2025061702304588F9A8ADBCD69302D701', 'data': {'user_count': {'lower_end': 364000, 'upper_end': 446000}, 'user_count_stage': 2}}",364000,446000,2,2025-06-17 05:16:35.088415
