Country Name,Country Code,Series Name,Series Code,2020 [YR2020],2021 [YR2021],2022 [YR2022],2023 [YR2023],2024 [YR2024],2025 [YR2025]
Afghanistan,AFG,"Population ages 10-14, male",SP.POP.1014.MA,2590477,2637577,2664830,2710174,2775836,2841953
Afghanistan,AFG,"Population ages 15-19, female",SP.POP.1519.FE,2217688,2251555,2259482,2282410,2326735,2375400
Afghanistan,AFG,"Population ages 10-14, female",SP.POP.1014.FE,2461748,2507890,2535666,2581226,2646484,2712084
Afghanistan,AFG,"Population ages 15-19, male",SP.POP.1519.MA,2329444,2364130,2372442,2397795,2445200,2496388
Afghanistan,AFG,"Population ages 20-24, female",SP.POP.2024.FE,1914149,1967701,1999287,2039081,2087175,2128453
Afghanistan,AFG,"Population ages 20-24, male",SP.POP.2024.MA,1982987,2038184,2073673,2121537,2177014,2224214
Afghanistan,AFG,"Population ages 25-29, female",SP.POP.2529.FE,1540801,1608504,1657982,1713323,1776716,1835987
Afghanistan,AFG,"Population ages 25-29, male",SP.POP.2529.MA,1576589,1641213,1690034,1749708,1819366,1886321
Afghanistan,AFG,"Population ages 30-34, female",SP.POP.3034.FE,1180236,1233808,1279305,1336593,1406238,1477149
Afghanistan,AFG,"Population ages 30-34, male",SP.POP.3034.MA,1202666,1253521,1297430,1355995,1427411,1500238
Afghanistan,AFG,"Population ages 35-39, female",SP.POP.3539.FE,921173,953387,982585,1022934,1074813,1128961
Afghanistan,AFG,"Population ages 35-39, male",SP.POP.3539.MA,936708,966277,993827,1034625,1087433,1142596
Afghanistan,AFG,"Population ages 40-44, female",SP.POP.4044.FE,769950,790231,802715,821278,847703,877319
Afghanistan,AFG,"Population ages 40-44, male",SP.POP.4044.MA,778435,798286,810395,829410,855941,885406
Afghanistan,AFG,"Population ages 45-49, female",SP.POP.4549.FE,633570,652307,665279,682899,705297,728396
Afghanistan,AFG,"Population ages 45-49, male",SP.POP.4549.MA,622721,643538,658881,679372,704145,729165
Afghanistan,AFG,"Population ages 50-54, female",SP.POP.5054.FE,506401,522537,534520,550863,571732,593038
Afghanistan,AFG,"Population ages 50-54, male",SP.POP.5054.MA,469037,488260,504192,524861,549614,574496
Afghanistan,AFG,"Population ages 55-59, female",SP.POP.5559.FE,395201,407686,417454,431121,448504,466372
Afghanistan,AFG,"Population ages 55-59, male",SP.POP.5559.MA,339328,352010,363883,380573,401039,422235
Afghanistan,AFG,"Population ages 60-64, female",SP.POP.6064.FE,301209,310081,317139,327552,340773,354411
Afghanistan,AFG,"Population ages 60-64, male",SP.POP.6064.MA,246558,252736,258454,267909,280247,293632
Afghanistan,AFG,"Population ages 65 and above, female",SP.POP.65UP.FE.IN,529296,540141,549734,567367,589850,613035
Afghanistan,AFG,"Population ages 65 and above, male",SP.POP.65UP.MA.IN,396925,400888,405956,418236,434103,450438
Africa Eastern and Southern,AFE,"Population ages 10-14, male",SP.POP.1014.MA,43115991,44032814,44903908,45723148,46505106,47300814
Africa Eastern and Southern,AFE,"Population ages 15-19, female",SP.POP.1519.FE,37245293,38278578,39311244,40325932,41319142,42289984
Africa Eastern and Southern,AFE,"Population ages 10-14, female",SP.POP.1014.FE,42639719,43539071,44386449,45174720,45927183,46694685
Africa Eastern and Southern,AFE,"Population ages 15-19, male",SP.POP.1519.MA,37451257,38499497,39555228,40604121,41631577,42634871
Africa Eastern and Southern,AFE,"Population ages 20-24, female",SP.POP.2024.FE,32321580,33194583,34074852,34953507,35850581,36825828
Africa Eastern and Southern,AFE,"Population ages 20-24, male",SP.POP.2024.MA,32214578,33093695,33989108,34891904,35810152,36807912
Africa Eastern and Southern,AFE,"Population ages 25-29, female",SP.POP.2529.FE,27794192,28669612,29498811,30270341,31043623,31860237
Africa Eastern and Southern,AFE,"Population ages 25-29, male",SP.POP.2529.MA,27385304,28252542,29087468,29880229,30675308,31511640
Africa Eastern and Southern,AFE,"Population ages 30-34, female",SP.POP.3034.FE,23620967,24328418,25054639,25800460,26535894,27321018
Africa Eastern and Southern,AFE,"Population ages 30-34, male",SP.POP.3034.MA,23081779,23770065,24479166,25210749,25934777,26712429
Africa Eastern and Southern,AFE,"Population ages 35-39, female",SP.POP.3539.FE,19611993,20305098,20997563,21698744,22398950,23106396
Africa Eastern and Southern,AFE,"Population ages 35-39, male",SP.POP.3539.MA,19000758,19656688,20320900,21006860,21690641,22380974
Africa Eastern and Southern,AFE,"Population ages 40-44, female",SP.POP.4044.FE,15923081,16551437,17193078,17824646,18453451,19109809
Africa Eastern and Southern,AFE,"Population ages 40-44, male",SP.POP.4044.MA,15155961,15811492,16460063,17084575,17692345,18316373
Africa Eastern and Southern,AFE,"Population ages 45-49, female",SP.POP.4549.FE,12972368,13371044,13805005,14295145,14835697,15423515
Africa Eastern and Southern,AFE,"Population ages 45-49, male",SP.POP.4549.MA,12074243,12483872,12915567,13395832,13933210,14519128
Africa Eastern and Southern,AFE,"Population ages 50-54, female",SP.POP.5054.FE,10651353,11004635,11359700,11711479,12063756,12439379
Africa Eastern and Southern,AFE,"Population ages 50-54, male",SP.POP.5054.MA,9622438,9995257,10356380,10700682,11039889,11394024
Africa Eastern and Southern,AFE,"Population ages 55-59, female",SP.POP.5559.FE,8674832,8927342,9186893,9463279,9760199,10084756
Africa Eastern and Southern,AFE,"Population ages 55-59, male",SP.POP.5559.MA,7507191,7770306,8035066,8305921,8594874,8906753
Africa Eastern and Southern,AFE,"Population ages 60-64, female",SP.POP.6064.FE,6874631,7131467,7373624,7604308,7827530,8053799
Africa Eastern and Southern,AFE,"Population ages 60-64, male",SP.POP.6064.MA,5720586,5936018,6143095,6341368,6539829,6747448
Africa Eastern and Southern,AFE,"Population ages 65 and above, female",SP.POP.65UP.FE.IN,12650991,13113060,13598026,14138278,14708967,15308124
Africa Eastern and Southern,AFE,"Population ages 65 and above, male",SP.POP.65UP.MA.IN,9516897,9824030,10157714,10526749,10917338,11332512
Africa Western and Central,AFW,"Population ages 10-14, male",SP.POP.1014.MA,30464496,31313485,32118998,32866378,33568770,34211866
Africa Western and Central,AFW,"Population ages 15-19, female",SP.POP.1519.FE,24953525,25764351,26590892,27438489,28308768,29164429
Africa Western and Central,AFW,"Population ages 10-14, female",SP.POP.1014.FE,29525080,30338922,31111360,31838411,32535034,33174691
Africa Western and Central,AFW,"Population ages 15-19, male",SP.POP.1519.MA,25775750,26608430,27454495,28323529,29226088,30118525
Africa Western and Central,AFW,"Population ages 20-24, female",SP.POP.2024.FE,20770640,21440235,22152913,22930851,23767434,24624732
Africa Western and Central,AFW,"Population ages 20-24, male",SP.POP.2024.MA,21349466,22064809,22808068,23608398,24475327,25365659
Africa Western and Central,AFW,"Population ages 25-29, female",SP.POP.2529.FE,17727143,18182508,18653217,19168972,19719657,20294971
Africa Western and Central,AFW,"Population ages 25-29, male",SP.POP.2529.MA,18004348,18494964,18995189,19542247,20137707,20765398
Africa Western and Central,AFW,"Population ages 30-34, female",SP.POP.3034.FE,15274225,15640051,16019621,16433252,16843564,17226920
Africa Western and Central,AFW,"Population ages 30-34, male",SP.POP.3034.MA,15396977,15773105,16164679,16597388,17038291,17457871
Africa Western and Central,AFW,"Population ages 35-39, female",SP.POP.3539.FE,13116835,13464743,13801302,14139375,14473601,14795791
Africa Western and Central,AFW,"Population ages 35-39, male",SP.POP.3539.MA,13253534,13586964,13906207,14230245,14560752,14888773
Africa Western and Central,AFW,"Population ages 40-44, female",SP.POP.4044.FE,10851564,11215583,11576498,11948043,12307549,12642069
Africa Western and Central,AFW,"Population ages 40-44, male",SP.POP.4044.MA,10995789,11360200,11715210,12077536,12425169,12745594
Africa Western and Central,AFW,"Population ages 45-49, female",SP.POP.4549.FE,8613136,8941632,9286767,9659422,10039991,10402421
Africa Western and Central,AFW,"Population ages 45-49, male",SP.POP.4549.MA,8633033,8977835,9338246,9723708,10114196,10481011
Africa Western and Central,AFW,"Population ages 50-54, female",SP.POP.5054.FE,6876241,7097384,7335796,7600784,7884722,8184011
Africa Western and Central,AFW,"Population ages 50-54, male",SP.POP.5054.MA,6753037,6986174,7233542,7506654,7800535,8111938
Africa Western and Central,AFW,"Population ages 55-59, female",SP.POP.5559.FE,5513104,5678073,5844932,6027751,6223667,6426672
Africa Western and Central,AFW,"Population ages 55-59, male",SP.POP.5559.MA,5249273,5424029,5603044,5797053,6003202,6215364
Africa Western and Central,AFW,"Population ages 60-64, female",SP.POP.6064.FE,4249874,4384948,4530475,4685899,4846656,5007157
Africa Western and Central,AFW,"Population ages 60-64, male",SP.POP.6064.MA,3924752,4055661,4199866,4353569,4514075,4677133
Africa Western and Central,AFW,"Population ages 65 and above, female",SP.POP.65UP.FE.IN,7437590,7636111,7852621,8099023,8364262,8634275
Africa Western and Central,AFW,"Population ages 65 and above, male",SP.POP.65UP.MA.IN,6403240,6572185,6769527,6990622,7225808,7464994
Albania,ALB,"Population ages 10-14, male",SP.POP.1014.MA,86834,85449,85118,85479,86553,87242
Albania,ALB,"Population ages 15-19, female",SP.POP.1519.FE,92523,87219,83055,80052,77530,75492
Albania,ALB,"Population ages 10-14, female",SP.POP.1014.FE,79764,78498,78019,78235,79057,79443
Albania,ALB,"Population ages 15-19, male",SP.POP.1519.MA,99564,94736,90647,87496,84796,82409
Albania,ALB,"Population ages 20-24, female",SP.POP.2024.FE,112864,106342,99593,94338,89546,84238
Albania,ALB,"Population ages 20-24, male",SP.POP.2024.MA,116540,111000,105183,100447,96054,91242
Albania,ALB,"Population ages 25-29, female",SP.POP.2529.FE,121907,120179,116867,112898,108033,102451
Albania,ALB,"Population ages 25-29, male",SP.POP.2529.MA,123066,120810,117706,114566,110778,106073
Albania,ALB,"Population ages 30-34, female",SP.POP.3034.FE,102040,104997,107872,110598,112442,112730
Albania,ALB,"Population ages 30-34, male",SP.POP.3034.MA,111075,113242,114398,114925,114752,113695
Albania,ALB,"Population ages 35-39, female",SP.POP.3539.FE,86239,87247,88329,89879,92260,95203
Albania,ALB,"Population ages 35-39, male",SP.POP.3539.MA,85929,89477,93041,96655,100384,103668
Albania,ALB,"Population ages 40-44, female",SP.POP.4044.FE,82596,81297,80188,79664,80095,81049
Albania,ALB,"Population ages 40-44, male",SP.POP.4044.MA,72747,72712,73178,74532,77051,80350
Albania,ALB,"Population ages 45-49, female",SP.POP.4549.FE,89020,86480,83870,81332,79535,78179
Albania,ALB,"Population ages 45-49, male",SP.POP.4549.MA,76128,73538,71198,69340,68407,68120
Albania,ALB,"Population ages 50-54, female",SP.POP.5054.FE,95762,94659,92641,89775,87097,84586
Albania,ALB,"Population ages 50-54, male",SP.POP.5054.MA,84597,82664,80027,76818,73919,71310
Albania,ALB,"Population ages 55-59, female",SP.POP.5559.FE,98953,97371,95202,92933,91752,91031
Albania,ALB,"Population ages 55-59, male",SP.POP.5559.MA,91289,88545,85432,82431,80460,78933
Albania,ALB,"Population ages 60-64, female",SP.POP.6064.FE,92229,94064,94931,94777,94399,93475
Albania,ALB,"Population ages 60-64, male",SP.POP.6064.MA,86471,87547,87726,86901,85729,83962
Albania,ALB,"Population ages 65 and above, female",SP.POP.65UP.FE.IN,221309,227268,232533,237912,245421,253890
Albania,ALB,"Population ages 65 and above, male",SP.POP.65UP.MA.IN,197756,201961,205685,209736,215743,222540
Algeria,DZA,"Population ages 10-14, male",SP.POP.1014.MA,1975617,2067156,2157000,2241562,2320623,2396999
Algeria,DZA,"Population ages 15-19, female",SP.POP.1519.FE,1474253,1529792,1604724,1694651,1788486,1880737
Algeria,DZA,"Population ages 10-14, female",SP.POP.1014.FE,1887961,1976850,2064454,2147148,2224679,2299654
Algeria,DZA,"Population ages 15-19, male",SP.POP.1519.MA,1537566,1597616,1677177,1771626,1869848,1966018
Algeria,DZA,"Population ages 20-24, female",SP.POP.2024.FE,1445501,1416001,1396455,1398911,1424249,1460841
Algeria,DZA,"Population ages 20-24, male",SP.POP.2024.MA,1524986,1481986,1449867,1447879,1477328,1518850
Algeria,DZA,"Population ages 25-29, female",SP.POP.2529.FE,1664730,1627000,1586141,1534401,1478854,1435421
Algeria,DZA,"Population ages 25-29, male",SP.POP.2529.MA,1782669,1743426,1700011,1637811,1566065,1508563
Algeria,DZA,"Population ages 30-34, female",SP.POP.3034.FE,1801593,1780141,1753778,1724059,1691218,1655770
Algeria,DZA,"Population ages 30-34, male",SP.POP.3034.MA,1906361,1887472,1864079,1836094,1803529,1767920
Algeria,DZA,"Population ages 35-39, female",SP.POP.3539.FE,1770604,1793737,1807445,1811289,1805637,1791597
Algeria,DZA,"Population ages 35-39, male",SP.POP.3539.MA,1875907,1896131,1907029,1909077,1903696,1891912
Algeria,DZA,"Population ages 40-44, female",SP.POP.4044.FE,1521739,1579203,1634515,1684133,1725580,1758072
Algeria,DZA,"Population ages 40-44, male",SP.POP.4044.MA,1609419,1673566,1734412,1787175,1829068,1860022
Algeria,DZA,"Population ages 45-49, female",SP.POP.4549.FE,1270919,1308150,1349939,1397448,1450427,1507077
Algeria,DZA,"Population ages 45-49, male",SP.POP.4549.MA,1333144,1372131,1416905,1468810,1527822,1591559
Algeria,DZA,"Population ages 50-54, female",SP.POP.5054.FE,1080177,1115746,1150551,1184759,1218673,1253556
Algeria,DZA,"Population ages 50-54, male",SP.POP.5054.MA,1132825,1169011,1204902,1240194,1275162,1311419
Algeria,DZA,"Population ages 55-59, female",SP.POP.5559.FE,855590,896722,939234,981169,1021015,1058585
Algeria,DZA,"Population ages 55-59, male",SP.POP.5559.MA,902908,942841,984471,1025840,1065726,1103937
Algeria,DZA,"Population ages 60-64, female",SP.POP.6064.FE,673461,696121,722597,753383,788479,827241
Algeria,DZA,"Population ages 60-64, male",SP.POP.6064.MA,698193,723615,753720,787267,823717,862545
Algeria,DZA,"Population ages 65 and above, female",SP.POP.65UP.FE.IN,1344896,1395927,1458545,1525222,1594535,1667649
Algeria,DZA,"Population ages 65 and above, male",SP.POP.65UP.MA.IN,1250984,1296023,1355124,1418605,1486882,1560766
American Samoa,ASM,"Population ages 10-14, male",SP.POP.1014.MA,2711,2606,2483,2403,2358,2301
American Samoa,ASM,"Population ages 15-19, female",SP.POP.1519.FE,2395,2399,2348,2305,2292,2288
American Samoa,ASM,"Population ages 10-14, female",SP.POP.1014.FE,2594,2513,2408,2339,2297,2250
American Samoa,ASM,"Population ages 15-19, male",SP.POP.1519.MA,2623,2608,2518,2438,2397,2369
American Samoa,ASM,"Population ages 20-24, female",SP.POP.2024.FE,1663,1684,1704,1739,1797,1866
American Samoa,ASM,"Population ages 20-24, male",SP.POP.2024.MA,1705,1756,1807,1880,1971,2050
American Samoa,ASM,"Population ages 25-29, female",SP.POP.2529.FE,1658,1579,1470,1342,1222,1158
American Samoa,ASM,"Population ages 25-29, male",SP.POP.2529.MA,1625,1544,1435,1316,1215,1176
American Samoa,ASM,"Population ages 30-34, female",SP.POP.3034.FE,1523,1547,1558,1528,1456,1355
American Samoa,ASM,"Population ages 30-34, male",SP.POP.3034.MA,1558,1573,1574,1528,1436,1319
American Samoa,ASM,"Population ages 35-39, female",SP.POP.3539.FE,1450,1423,1412,1392,1360,1343
American Samoa,ASM,"Population ages 35-39, male",SP.POP.3539.MA,1519,1500,1489,1461,1414,1379
American Samoa,ASM,"Population ages 40-44, female",SP.POP.4044.FE,1584,1542,1487,1422,1359,1308
American Samoa,ASM,"Population ages 40-44, male",SP.POP.4044.MA,1626,1589,1546,1496,1440,1385
American Samoa,ASM,"Population ages 45-49, female",SP.POP.4549.FE,1543,1542,1531,1516,1494,1458
American Samoa,ASM,"Population ages 45-49, male",SP.POP.4549.MA,1612,1595,1577,1552,1524,1489
American Samoa,ASM,"Population ages 50-54, female",SP.POP.5054.FE,1481,1463,1441,1432,1420,1413
American Samoa,ASM,"Population ages 50-54, male",SP.POP.5054.MA,1634,1616,1587,1551,1512,1481
American Samoa,ASM,"Population ages 55-59, female",SP.POP.5559.FE,1314,1335,1333,1332,1338,1341
American Samoa,ASM,"Population ages 55-59, male",SP.POP.5559.MA,1321,1365,1409,1444,1468,1471
American Samoa,ASM,"Population ages 60-64, female",SP.POP.6064.FE,988,1029,1070,1115,1151,1181
American Samoa,ASM,"Population ages 60-64, male",SP.POP.6064.MA,1003,1032,1046,1070,1106,1143
American Samoa,ASM,"Population ages 65 and above, female",SP.POP.65UP.FE.IN,1687,1759,1823,1905,2003,2097
American Samoa,ASM,"Population ages 65 and above, male",SP.POP.65UP.MA.IN,1480,1549,1612,1683,1758,1833
Andorra,AND,"Population ages 10-14, male",SP.POP.1014.MA,2133,2133,2130,2075,1999,1944
Andorra,AND,"Population ages 15-19, female",SP.POP.1519.FE,1956,1947,1944,2007,2076,2128
Andorra,AND,"Population ages 10-14, female",SP.POP.1014.FE,1988,2047,2081,2049,1980,1915
Andorra,AND,"Population ages 15-19, male",SP.POP.1519.MA,2085,2119,2173,2243,2286,2279
Andorra,AND,"Population ages 20-24, female",SP.POP.2024.FE,2001,2057,2166,2252,2276,2274
Andorra,AND,"Population ages 20-24, male",SP.POP.2024.MA,2298,2345,2377,2385,2410,2426
Andorra,AND,"Population ages 25-29, female",SP.POP.2529.FE,2184,2172,2203,2252,2347,2441
Andorra,AND,"Population ages 25-29, male",SP.POP.2529.MA,2429,2521,2627,2686,2741,2789
Andorra,AND,"Population ages 30-34, female",SP.POP.3034.FE,2515,2537,2603,2639,2634,2611
Andorra,AND,"Population ages 30-34, male",SP.POP.3034.MA,2614,2713,2829,2890,2915,2921
Andorra,AND,"Population ages 35-39, female",SP.POP.3539.FE,3024,2905,2782,2737,2764,2786
Andorra,AND,"Population ages 35-39, male",SP.POP.3539.MA,3025,2977,2946,2924,2933,2985
Andorra,AND,"Population ages 40-44, female",SP.POP.4044.FE,3423,3410,3405,3351,3264,3163
Andorra,AND,"Population ages 40-44, male",SP.POP.4044.MA,3425,3379,3366,3322,3268,3213
Andorra,AND,"Population ages 45-49, female",SP.POP.4549.FE,3573,3650,3669,3639,3599,3543
Andorra,AND,"Population ages 45-49, male",SP.POP.4549.MA,3673,3720,3741,3710,3671,3586
Andorra,AND,"Population ages 50-54, female",SP.POP.5054.FE,3311,3312,3391,3466,3528,3634
Andorra,AND,"Population ages 50-54, male",SP.POP.5054.MA,3517,3547,3612,3669,3722,3777
Andorra,AND,"Population ages 55-59, female",SP.POP.5559.FE,2996,3071,3136,3203,3275,3302
Andorra,AND,"Population ages 55-59, male",SP.POP.5559.MA,3204,3312,3398,3472,3523,3548
Andorra,AND,"Population ages 60-64, female",SP.POP.6064.FE,2279,2413,2572,2735,2862,2969
Andorra,AND,"Population ages 60-64, male",SP.POP.6064.MA,2477,2599,2746,2905,3044,3165
Andorra,AND,"Population ages 65 and above, female",SP.POP.65UP.FE.IN,5667,5883,6112,6382,6680,7008
Andorra,AND,"Population ages 65 and above, male",SP.POP.65UP.MA.IN,5335,5556,5819,6084,6386,6722
Angola,AGO,"Population ages 10-14, male",SP.POP.1014.MA,2106791,2190223,2273066,2355034,2435293,2512835
Angola,AGO,"Population ages 15-19, female",SP.POP.1519.FE,1696188,1769579,1846405,1925231,2006778,2089502
Angola,AGO,"Population ages 10-14, female",SP.POP.1014.FE,2098493,2180749,2262458,2343110,2421909,2497814
Angola,AGO,"Population ages 15-19, male",SP.POP.1519.MA,1693930,1768873,1847149,1927363,2010182,2094121
Angola,AGO,"Population ages 20-24, female",SP.POP.2024.FE,1408738,1452904,1502781,1557704,1619982,1689138
Angola,AGO,"Population ages 20-24, male",SP.POP.2024.MA,1394543,1439065,1489570,1545471,1608973,1679555
Angola,AGO,"Population ages 25-29, female",SP.POP.2529.FE,1240992,1269499,1298888,1328964,1361425,1397699
Angola,AGO,"Population ages 25-29, male",SP.POP.2529.MA,1218499,1247073,1276509,1306679,1339282,1375713
Angola,AGO,"Population ages 30-34, female",SP.POP.3034.FE,1084810,1116837,1147315,1175458,1202174,1227862
Angola,AGO,"Population ages 30-34, male",SP.POP.3034.MA,1057788,1088984,1118739,1146354,1172740,1198300
Angola,AGO,"Population ages 35-39, female",SP.POP.3539.FE,902688,937299,971955,1005890,1038726,1069952
Angola,AGO,"Population ages 35-39, male",SP.POP.3539.MA,872046,906279,940362,973512,1005411,1035623
Angola,AGO,"Population ages 40-44, female",SP.POP.4044.FE,734886,762408,791448,821786,853382,886002
Angola,AGO,"Population ages 40-44, male",SP.POP.4044.MA,697390,725045,754024,784201,815480,847616
Angola,AGO,"Population ages 45-49, female",SP.POP.4549.FE,604471,623302,644412,667238,691263,716479
Angola,AGO,"Population ages 45-49, male",SP.POP.4549.MA,555612,575569,597546,620989,645341,670638
Angola,AGO,"Population ages 50-54, female",SP.POP.5054.FE,509468,524336,538413,552605,567204,583192
Angola,AGO,"Population ages 50-54, male",SP.POP.5054.MA,453390,465940,478939,493113,508506,525523
Angola,AGO,"Population ages 55-59, female",SP.POP.5559.FE,408746,422977,437326,452538,468360,483946
Angola,AGO,"Population ages 55-59, male",SP.POP.5559.MA,365117,374860,384714,395378,406848,418827
Angola,AGO,"Population ages 60-64, female",SP.POP.6064.FE,308224,322138,336252,350568,364705,378658
Angola,AGO,"Population ages 60-64, male",SP.POP.6064.MA,272312,283395,294519,305393,315683,325451
Angola,AGO,"Population ages 65 and above, female",SP.POP.65UP.FE.IN,514564,534902,557366,582419,608979,636823
Angola,AGO,"Population ages 65 and above, male",SP.POP.65UP.MA.IN,397183,412911,430914,450785,471685,493356
Antigua and Barbuda,ATG,"Population ages 10-14, male",SP.POP.1014.MA,3334,3327,3294,3185,3024,2912
Antigua and Barbuda,ATG,"Population ages 15-19, female",SP.POP.1519.FE,3239,3156,3122,3145,3207,3237
Antigua and Barbuda,ATG,"Population ages 10-14, female",SP.POP.1014.FE,3246,3237,3202,3094,2938,2828
Antigua and Barbuda,ATG,"Population ages 15-19, male",SP.POP.1519.MA,3324,3238,3203,3228,3294,3326
Antigua and Barbuda,ATG,"Population ages 20-24, female",SP.POP.2024.FE,3548,3494,3412,3348,3306,3226
Antigua and Barbuda,ATG,"Population ages 20-24, male",SP.POP.2024.MA,3599,3562,3492,3429,3387,3307
Antigua and Barbuda,ATG,"Population ages 25-29, female",SP.POP.2529.FE,3651,3662,3686,3665,3597,3542
Antigua and Barbuda,ATG,"Population ages 25-29, male",SP.POP.2529.MA,3526,3574,3625,3638,3606,3574
Antigua and Barbuda,ATG,"Population ages 30-34, female",SP.POP.3034.FE,3686,3685,3650,3635,3641,3640
Antigua and Barbuda,ATG,"Population ages 30-34, male",SP.POP.3034.MA,3445,3465,3463,3467,3475,3499
Antigua and Barbuda,ATG,"Population ages 35-39, female",SP.POP.3539.FE,3485,3546,3595,3621,3641,3667
Antigua and Barbuda,ATG,"Population ages 35-39, male",SP.POP.3539.MA,3237,3272,3323,3360,3387,3425
Antigua and Barbuda,ATG,"Population ages 40-44, female",SP.POP.4044.FE,3398,3358,3345,3368,3405,3456
Antigua and Barbuda,ATG,"Population ages 40-44, male",SP.POP.4044.MA,3031,3048,3063,3108,3167,3206
Antigua and Barbuda,ATG,"Population ages 45-49, female",SP.POP.4549.FE,3503,3446,3409,3397,3388,3363
Antigua and Barbuda,ATG,"Population ages 45-49, male",SP.POP.4549.MA,3022,2978,2948,2934,2947,2981
Antigua and Barbuda,ATG,"Population ages 50-54, female",SP.POP.5054.FE,3694,3699,3681,3614,3525,3450
Antigua and Barbuda,ATG,"Population ages 50-54, male",SP.POP.5054.MA,3047,3055,3056,3033,2997,2952
Antigua and Barbuda,ATG,"Population ages 55-59, female",SP.POP.5559.FE,3299,3402,3484,3542,3584,3602
Antigua and Barbuda,ATG,"Population ages 55-59, male",SP.POP.5559.MA,2695,2798,2883,2943,2955,2946
Antigua and Barbuda,ATG,"Population ages 60-64, female",SP.POP.6064.FE,2649,2779,2892,2997,3089,3187
Antigua and Barbuda,ATG,"Population ages 60-64, male",SP.POP.6064.MA,2161,2239,2305,2359,2435,2544
Antigua and Barbuda,ATG,"Population ages 65 and above, female",SP.POP.65UP.FE.IN,5380,5630,5899,6203,6536,6885
Antigua and Barbuda,ATG,"Population ages 65 and above, male",SP.POP.65UP.MA.IN,3679,3862,4062,4285,4515,4738
Arab World,ARB,"Population ages 10-14, male",SP.POP.1014.MA,23777626,24338421,24989949,25590318,26097583,26553201
Arab World,ARB,"Population ages 15-19, female",SP.POP.1519.FE,20096487,20488171,21040763,21619226,22141216,22668985
Arab World,ARB,"Population ages 10-14, female",SP.POP.1014.FE,22786685,23330423,23956753,24521755,25016281,25469594
Arab World,ARB,"Population ages 15-19, male",SP.POP.1519.MA,20948643,21329337,21890530,22488105,23056953,23648798
Arab World,ARB,"Population ages 20-24, female",SP.POP.2024.FE,18543171,18809406,19218696,19629467,19978227,20317383
Arab World,ARB,"Population ages 20-24, male",SP.POP.2024.MA,19933534,20214989,20662925,20991081,21330222,21774858
Arab World,ARB,"Population ages 25-29, female",SP.POP.2529.FE,17717241,17880596,18192247,18475029,18746883,19083885
Arab World,ARB,"Population ages 25-29, male",SP.POP.2529.MA,20194561,20444965,20932733,21101140,21249020,21555490
Arab World,ARB,"Population ages 30-34, female",SP.POP.3034.FE,16815386,16970680,17274299,17553578,17805865,18074945
Arab World,ARB,"Population ages 30-34, male",SP.POP.3034.MA,19629899,19770174,20254577,20599148,20900732,21210504
Arab World,ARB,"Population ages 35-39, female",SP.POP.3539.FE,15079145,15417392,15881048,16304726,16628676,16901293
Arab World,ARB,"Population ages 35-39, male",SP.POP.3539.MA,17496169,17731390,18356448,18953964,19409941,19794382
Arab World,ARB,"Population ages 40-44, female",SP.POP.4044.FE,12751804,13116848,13583785,14075220,14521007,14929590
Arab World,ARB,"Population ages 40-44, male",SP.POP.4044.MA,14494843,14803741,15418107,16093660,16620209,17035671
Arab World,ARB,"Population ages 45-49, female",SP.POP.4549.FE,10642700,10906839,11259564,11670086,12079910,12497351
Arab World,ARB,"Population ages 45-49, male",SP.POP.4549.MA,11924429,12069603,12443802,12961373,13441304,13883572
Arab World,ARB,"Population ages 50-54, female",SP.POP.5054.FE,8964929,9185319,9461901,9760836,10041284,10329105
Arab World,ARB,"Population ages 50-54, male",SP.POP.5054.MA,9769631,9925186,10235116,10611150,10939458,11245699
Arab World,ARB,"Population ages 55-59, female",SP.POP.5559.FE,7381297,7629326,7886482,8141508,8382993,8621228
Arab World,ARB,"Population ages 55-59, male",SP.POP.5559.MA,7685593,7869476,8137121,8454020,8732484,8981632
Arab World,ARB,"Population ages 60-64, female",SP.POP.6064.FE,5691904,5881845,6121551,6400618,6678926,6955255
Arab World,ARB,"Population ages 60-64, male",SP.POP.6064.MA,5694053,5821449,6032094,6325942,6605612,6858785
Arab World,ARB,"Population ages 65 and above, female",SP.POP.65UP.FE.IN,10420886,10781123,11224625,11744458,12284204,12856730
Arab World,ARB,"Population ages 65 and above, male",SP.POP.65UP.MA.IN,8957229,9206855,9565257,10024686,10491097,10970996
Argentina,ARG,"Population ages 10-14, male",SP.POP.1014.MA,1851309,1872724,1888536,1895989,1906456,1917905
Argentina,ARG,"Population ages 15-19, female",SP.POP.1519.FE,1694289,1695757,1699244,1710682,1728783,1746968
Argentina,ARG,"Population ages 10-14, female",SP.POP.1014.FE,1749151,1768686,1783570,1790819,1801048,1812685
Argentina,ARG,"Population ages 15-19, male",SP.POP.1519.MA,1778719,1782970,1790044,1805165,1826551,1847345
Argentina,ARG,"Population ages 20-24, female",SP.POP.2024.FE,1708968,1703490,1700281,1698011,1694045,1691544
Argentina,ARG,"Population ages 20-24, male",SP.POP.2024.MA,1783128,1778396,1776122,1774537,1771110,1769979
Argentina,ARG,"Population ages 25-29, female",SP.POP.2529.FE,1723971,1727965,1725801,1719381,1711900,1705570
Argentina,ARG,"Population ages 25-29, male",SP.POP.2529.MA,1789343,1793543,1791489,1785580,1778823,1773155
Argentina,ARG,"Population ages 30-34, female",SP.POP.3034.FE,1631982,1651617,1671006,1689393,1706424,1718778
Argentina,ARG,"Population ages 30-34, male",SP.POP.3034.MA,1686672,1707981,1728517,1747637,1765306,1778229
Argentina,ARG,"Population ages 35-39, female",SP.POP.3539.FE,1582971,1583375,1586709,1595314,1607882,1624522
Argentina,ARG,"Population ages 35-39, male",SP.POP.3539.MA,1617861,1620816,1627683,1640079,1655630,1674400
Argentina,ARG,"Population ages 40-44, female",SP.POP.4044.FE,1527922,1548702,1561392,1567877,1570811,1571688
Argentina,ARG,"Population ages 40-44, male",SP.POP.4044.MA,1559029,1580202,1591879,1597110,1599727,1601907
Argentina,ARG,"Population ages 45-49, female",SP.POP.4549.FE,1335841,1372580,1410709,1449036,1483051,1511433
Argentina,ARG,"Population ages 45-49, male",SP.POP.4549.MA,1331729,1374781,1419663,1464950,1504405,1535521
Argentina,ARG,"Population ages 50-54, female",SP.POP.5054.FE,1159653,1183031,1211454,1243297,1277694,1314083
Argentina,ARG,"Population ages 50-54, male",SP.POP.5054.MA,1135642,1157373,1185393,1219398,1257866,1299873
Argentina,ARG,"Population ages 55-59, female",SP.POP.5559.FE,1093881,1095091,1096746,1102245,1112720,1129972
Argentina,ARG,"Population ages 55-59, male",SP.POP.5559.MA,1056904,1056908,1057210,1062536,1072770,1089441
Argentina,ARG,"Population ages 60-64, female",SP.POP.6064.FE,1011259,1017473,1023995,1034084,1043734,1049727
Argentina,ARG,"Population ages 60-64, male",SP.POP.6064.MA,942429,949623,957507,969758,981116,988190
Argentina,ARG,"Population ages 65 and above, female",SP.POP.65UP.FE.IN,3093343,3133363,3167383,3214319,3272839,3332088
Argentina,ARG,"Population ages 65 and above, male",SP.POP.65UP.MA.IN,2236341,2267236,2297040,2342742,2400798,2460975
Armenia,ARM,"Population ages 10-14, male",SP.POP.1014.MA,101564,103695,105773,106958,106026,105148
Armenia,ARM,"Population ages 15-19, female",SP.POP.1519.FE,83126,84813,87175,90975,92463,92730
Armenia,ARM,"Population ages 10-14, female",SP.POP.1014.FE,93931,95899,97461,98169,97145,96327
Armenia,ARM,"Population ages 15-19, male",SP.POP.1519.MA,87330,87525,89592,94121,96556,98071
Armenia,ARM,"Population ages 20-24, female",SP.POP.2024.FE,87749,86173,86710,90320,90709,88101
Armenia,ARM,"Population ages 20-24, male",SP.POP.2024.MA,89238,86435,86157,89669,90093,87821
Armenia,ARM,"Population ages 25-29, female",SP.POP.2529.FE,117736,108747,102818,101489,98260,93082
Armenia,ARM,"Population ages 25-29, male",SP.POP.2529.MA,111118,104172,99511,98977,96230,91295
Armenia,ARM,"Population ages 30-34, female",SP.POP.3034.FE,135246,133540,131854,130615,125135,117280
Armenia,ARM,"Population ages 30-34, male",SP.POP.3034.MA,120296,121221,121453,121636,117631,111068
Armenia,ARM,"Population ages 35-39, female",SP.POP.3539.FE,124648,125368,126704,129711,130744,131333
Armenia,ARM,"Population ages 35-39, male",SP.POP.3539.MA,107254,109248,111725,115538,117486,118811
Armenia,ARM,"Population ages 40-44, female",SP.POP.4044.FE,105624,109642,113263,116490,118050,119947
Armenia,ARM,"Population ages 40-44, male",SP.POP.4044.MA,88225,93057,97147,100651,102537,104397
Armenia,ARM,"Population ages 45-49, female",SP.POP.4549.FE,92628,94256,96023,98156,100055,103187
Armenia,ARM,"Population ages 45-49, male",SP.POP.4549.MA,74421,77010,79270,81530,83594,86547
Armenia,ARM,"Population ages 50-54, female",SP.POP.5054.FE,95363,94275,93156,91707,90135,90128
Armenia,ARM,"Population ages 50-54, male",SP.POP.5054.MA,73873,74773,74735,73706,72483,72364
Armenia,ARM,"Population ages 55-59, female",SP.POP.5559.FE,118874,113814,107795,101443,95623,92290
Armenia,ARM,"Population ages 55-59, male",SP.POP.5559.MA,88679,86006,82419,78070,73801,71199
Armenia,ARM,"Population ages 60-64, female",SP.POP.6064.FE,115086,120054,122304,121062,116850,112323
Armenia,ARM,"Population ages 60-64, male",SP.POP.6064.MA,82130,85007,86152,85325,82779,80078
Armenia,ARM,"Population ages 65 and above, female",SP.POP.65UP.FE.IN,230820,236145,242889,250375,257874,269959
Armenia,ARM,"Population ages 65 and above, male",SP.POP.65UP.MA.IN,134727,137110,140588,144754,149001,155726
Aruba,ABW,"Population ages 10-14, male",SP.POP.1014.MA,3561,3512,3496,3495,3490,3469
Aruba,ABW,"Population ages 15-19, female",SP.POP.1519.FE,3341,3408,3436,3435,3414,3382
Aruba,ABW,"Population ages 10-14, female",SP.POP.1014.FE,3426,3380,3362,3359,3355,3336
Aruba,ABW,"Population ages 15-19, male",SP.POP.1519.MA,3546,3594,3611,3598,3565,3523
Aruba,ABW,"Population ages 20-24, female",SP.POP.2024.FE,2749,2778,2892,3043,3198,3330
Aruba,ABW,"Population ages 20-24, male",SP.POP.2024.MA,2928,3016,3161,3316,3457,3558
Aruba,ABW,"Population ages 25-29, female",SP.POP.2529.FE,3247,3112,2982,2869,2794,2772
Aruba,ABW,"Population ages 25-29, male",SP.POP.2529.MA,3065,3001,2966,2940,2946,2993
Aruba,ABW,"Population ages 30-34, female",SP.POP.3034.FE,3495,3450,3417,3379,3328,3251
Aruba,ABW,"Population ages 30-34, male",SP.POP.3034.MA,3245,3229,3216,3190,3155,3105
Aruba,ABW,"Population ages 35-39, female",SP.POP.3539.FE,3702,3614,3552,3514,3486,3467
Aruba,ABW,"Population ages 35-39, male",SP.POP.3539.MA,3159,3150,3170,3201,3228,3245
Aruba,ABW,"Population ages 40-44, female",SP.POP.4044.FE,4040,3945,3863,3788,3715,3651
Aruba,ABW,"Population ages 40-44, male",SP.POP.4044.MA,3243,3180,3143,3128,3122,3126
Aruba,ABW,"Population ages 45-49, female",SP.POP.4549.FE,4239,4133,4065,4028,3998,3959
Aruba,ABW,"Population ages 45-49, male",SP.POP.4549.MA,3527,3422,3340,3275,3219,3172
Aruba,ABW,"Population ages 50-54, female",SP.POP.5054.FE,4640,4516,4398,4297,4206,4129
Aruba,ABW,"Population ages 50-54, male",SP.POP.5054.MA,3900,3753,3641,3561,3487,3413
Aruba,ABW,"Population ages 55-59, female",SP.POP.5559.FE,4767,4702,4645,4602,4551,4487
Aruba,ABW,"Population ages 55-59, male",SP.POP.5559.MA,4145,4086,4004,3918,3816,3709
Aruba,ABW,"Population ages 60-64, female",SP.POP.6064.FE,4403,4445,4479,4518,4539,4543
Aruba,ABW,"Population ages 60-64, male",SP.POP.6064.MA,3555,3592,3654,3736,3803,3835
Aruba,ABW,"Population ages 65 and above, female",SP.POP.65UP.FE.IN,9040,9343,9692,10135,10593,11048
Aruba,ABW,"Population ages 65 and above, male",SP.POP.65UP.MA.IN,6788,6952,7156,7438,7736,8045
Australia,AUS,"Population ages 10-14, male",SP.POP.1014.MA,823951,829272,836679,851636,852283,852398
Australia,AUS,"Population ages 15-19, female",SP.POP.1519.FE,722489,721603,740654,773377,794717,812661
Australia,AUS,"Population ages 10-14, female",SP.POP.1014.FE,777400,783478,791695,806328,806899,806648
Australia,AUS,"Population ages 15-19, male",SP.POP.1519.MA,767788,766168,785576,819877,841320,858724
Australia,AUS,"Population ages 20-24, female",SP.POP.2024.FE,825622,797927,788374,791426,789435,796406
Australia,AUS,"Population ages 20-24, male",SP.POP.2024.MA,875583,848082,837467,838787,834443,839300
Australia,AUS,"Population ages 25-29, female",SP.POP.2529.FE,934512,913806,908447,912961,899842,885318
Australia,AUS,"Population ages 25-29, male",SP.POP.2529.MA,945289,932052,937170,950629,943202,931623
Australia,AUS,"Population ages 30-34, female",SP.POP.3034.FE,962289,961526,971967,991529,989831,980760
Australia,AUS,"Population ages 30-34, male",SP.POP.3034.MA,944881,943733,955607,979822,985521,985904
Australia,AUS,"Population ages 35-39, female",SP.POP.3539.FE,924363,936149,953984,980995,990349,997426
Australia,AUS,"Population ages 35-39, male",SP.POP.3539.MA,913087,924409,940610,965283,972963,978823
Australia,AUS,"Population ages 40-44, female",SP.POP.4044.FE,822663,835865,863135,903997,929762,951227
Australia,AUS,"Population ages 40-44, male",SP.POP.4044.MA,804283,815764,844963,888971,917009,939038
Australia,AUS,"Population ages 45-49, female",SP.POP.4549.FE,848838,830206,821026,828922,831533,841491
Australia,AUS,"Population ages 45-49, male",SP.POP.4549.MA,828353,812939,805076,812179,812974,820844
Australia,AUS,"Population ages 50-54, female",SP.POP.5054.FE,800233,814692,837991,863599,866734,860687
Australia,AUS,"Population ages 50-54, male",SP.POP.5054.MA,774609,788789,810735,836228,841028,837590
Australia,AUS,"Population ages 55-59, female",SP.POP.5559.FE,797102,787069,782265,790004,793106,805478
Australia,AUS,"Population ages 55-59, male",SP.POP.5559.MA,767309,758822,754108,761070,763888,775398
Australia,AUS,"Population ages 60-64, female",SP.POP.6064.FE,740895,752480,766991,787308,793374,793923
Australia,AUS,"Population ages 60-64, male",SP.POP.6064.MA,697874,709098,722421,740902,748495,752010
Australia,AUS,"Population ages 65 and above, female",SP.POP.65UP.FE.IN,2231077,2290295,2366366,2471687,2545893,2622342
Australia,AUS,"Population ages 65 and above, male",SP.POP.65UP.MA.IN,1959682,2011803,2075601,2162711,2225782,2291855
Austria,AUT,"Population ages 10-14, male",SP.POP.1014.MA,216512,216854,219192,222026,223045,224961
Austria,AUT,"Population ages 15-19, female",SP.POP.1519.FE,211931,212700,214054,214374,213532,213608
Austria,AUT,"Population ages 10-14, female",SP.POP.1014.FE,205641,205392,206761,209246,210041,211298
Austria,AUT,"Population ages 15-19, male",SP.POP.1519.MA,224559,224096,224732,225222,224389,224406
Austria,AUT,"Population ages 20-24, female",SP.POP.2024.FE,248613,242258,236407,231160,227390,227858
Austria,AUT,"Population ages 20-24, male",SP.POP.2024.MA,263331,256760,250549,244800,240219,239869
Austria,AUT,"Population ages 25-29, female",SP.POP.2529.FE,291891,289561,286790,281132,270571,260190
Austria,AUT,"Population ages 25-29, male",SP.POP.2529.MA,306571,303824,300496,294771,284497,274428
Austria,AUT,"Population ages 30-34, female",SP.POP.3034.FE,300097,303731,308150,310898,307509,301400
Austria,AUT,"Population ages 30-34, male",SP.POP.3034.MA,310795,315230,320950,324319,321434,315807
Austria,AUT,"Population ages 35-39, female",SP.POP.3539.FE,303485,304289,305697,308298,308293,308253
Austria,AUT,"Population ages 35-39, male",SP.POP.3539.MA,308413,310069,312822,317010,318085,318545
Austria,AUT,"Population ages 40-44, female",SP.POP.4044.FE,282166,286523,295462,304474,308676,310325
Austria,AUT,"Population ages 40-44, male",SP.POP.4044.MA,285014,290484,299596,308747,312925,314708
Austria,AUT,"Population ages 45-49, female",SP.POP.4549.FE,309947,301691,295863,293171,288996,287476
Austria,AUT,"Population ages 45-49, male",SP.POP.4549.MA,304547,296784,292003,290971,288971,289485
Austria,AUT,"Population ages 50-54, female",SP.POP.5054.FE,351752,345966,341449,335447,324113,314345
Austria,AUT,"Population ages 50-54, male",SP.POP.5054.MA,353370,345732,338976,330469,317455,307272
Austria,AUT,"Population ages 55-59, female",SP.POP.5559.FE,346155,350556,355458,359955,358559,354532
Austria,AUT,"Population ages 55-59, male",SP.POP.5559.MA,345269,350040,354877,359483,357772,352373
Austria,AUT,"Population ages 60-64, female",SP.POP.6064.FE,294590,303685,315138,329026,338743,345933
Austria,AUT,"Population ages 60-64, male",SP.POP.6064.MA,281604,292653,305863,320621,330821,338421
Austria,AUT,"Population ages 65 and above, female",SP.POP.65UP.FE.IN,965857,983613,1007905,1034695,1052909,1073164
Austria,AUT,"Population ages 65 and above, male",SP.POP.65UP.MA.IN,743487,759440,781455,806635,826347,848491
Azerbaijan,AZE,"Population ages 10-14, male",SP.POP.1014.MA,414684,426521,434178,439472,443233,441534
Azerbaijan,AZE,"Population ages 15-19, female",SP.POP.1519.FE,307996,316408,327339,340150,355759,370861
Azerbaijan,AZE,"Population ages 10-14, female",SP.POP.1014.FE,372033,382987,390136,395280,399098,398280
Azerbaijan,AZE,"Population ages 15-19, male",SP.POP.1519.MA,339978,352492,365951,380178,396906,412955
Azerbaijan,AZE,"Population ages 20-24, female",SP.POP.2024.FE,354544,333222,315605,305252,304552,312059
Azerbaijan,AZE,"Population ages 20-24, male",SP.POP.2024.MA,353111,338857,328744,325155,330426,343570
Azerbaijan,AZE,"Population ages 25-29, female",SP.POP.2529.FE,472216,452477,427481,399555,373697,350077
Azerbaijan,AZE,"Population ages 25-29, male",SP.POP.2529.MA,441610,423849,403615,382283,363775,347918
Azerbaijan,AZE,"Population ages 30-34, female",SP.POP.3034.FE,481665,489893,491271,487924,480152,464405
Azerbaijan,AZE,"Population ages 30-34, male",SP.POP.3034.MA,457781,463108,461830,456478,447883,432936
Azerbaijan,AZE,"Population ages 35-39, female",SP.POP.3539.FE,408746,422535,435460,447975,462080,474095
Azerbaijan,AZE,"Population ages 35-39, male",SP.POP.3539.MA,396391,407393,418184,428606,439775,448869
Azerbaijan,AZE,"Population ages 40-44, female",SP.POP.4044.FE,343001,354753,364448,375617,389206,401881
Azerbaijan,AZE,"Population ages 40-44, male",SP.POP.4044.MA,330500,343887,354215,364858,377051,387480
Azerbaijan,AZE,"Population ages 45-49, female",SP.POP.4549.FE,312225,310709,311599,315443,324657,336368
Azerbaijan,AZE,"Population ages 45-49, male",SP.POP.4549.MA,285494,285376,288589,295218,306869,320692
Azerbaijan,AZE,"Population ages 50-54, female",SP.POP.5054.FE,335582,331219,324402,316233,309156,304143
Azerbaijan,AZE,"Population ages 50-54, male",SP.POP.5054.MA,292018,290264,286045,280691,276413,273297
Azerbaijan,AZE,"Population ages 55-59, female",SP.POP.5559.FE,336093,334651,330256,326511,325427,323590
Azerbaijan,AZE,"Population ages 55-59, male",SP.POP.5559.MA,287171,283517,278604,275158,274312,274040
Azerbaijan,AZE,"Population ages 60-64, female",SP.POP.6064.FE,273888,290188,301540,310794,316962,318752
Azerbaijan,AZE,"Population ages 60-64, male",SP.POP.6064.MA,227585,242025,251181,257648,261508,261245
Azerbaijan,AZE,"Population ages 65 and above, female",SP.POP.65UP.FE.IN,411835,429014,450540,478296,512836,551171
Azerbaijan,AZE,"Population ages 65 and above, male",SP.POP.65UP.MA.IN,282911,295499,312781,335092,361577,391489
"Bahamas, The",BHS,"Population ages 10-14, male",SP.POP.1014.MA,14361,14230,14041,13825,13569,13296
"Bahamas, The",BHS,"Population ages 15-19, female",SP.POP.1519.FE,13828,13804,13911,14082,14277,14354
"Bahamas, The",BHS,"Population ages 10-14, female",SP.POP.1014.FE,14111,13971,13774,13552,13287,13005
"Bahamas, The",BHS,"Population ages 15-19, male",SP.POP.1519.MA,13908,13918,14032,14199,14407,14508
"Bahamas, The",BHS,"Population ages 20-24, female",SP.POP.2024.FE,15617,15171,14805,14509,14371,14442
"Bahamas, The",BHS,"Population ages 20-24, male",SP.POP.2024.MA,15298,14889,14534,14233,14112,14222
"Bahamas, The",BHS,"Population ages 25-29, female",SP.POP.2529.FE,17288,17244,17039,16705,16351,15955
"Bahamas, The",BHS,"Population ages 25-29, male",SP.POP.2529.MA,16478,16502,16327,15995,15658,15300
"Bahamas, The",BHS,"Population ages 30-34, female",SP.POP.3034.FE,16032,16295,16690,17147,17382,17415
"Bahamas, The",BHS,"Population ages 30-34, male",SP.POP.3034.MA,14743,15046,15473,15956,16235,16333
"Bahamas, The",BHS,"Population ages 35-39, female",SP.POP.3539.FE,14867,15019,15234,15500,15770,16031
"Bahamas, The",BHS,"Population ages 35-39, male",SP.POP.3539.MA,13401,13536,13727,13973,14247,14534
"Bahamas, The",BHS,"Population ages 40-44, female",SP.POP.4044.FE,14446,14414,14445,14539,14654,14778
"Bahamas, The",BHS,"Population ages 40-44, male",SP.POP.4044.MA,13003,12929,12914,12958,13029,13124
"Bahamas, The",BHS,"Population ages 45-49, female",SP.POP.4549.FE,14742,14603,14476,14385,14309,14253
"Bahamas, The",BHS,"Population ages 45-49, male",SP.POP.4549.MA,13305,13137,12976,12847,12733,12642
"Bahamas, The",BHS,"Population ages 50-54, female",SP.POP.5054.FE,14456,14527,14553,14542,14482,14386
"Bahamas, The",BHS,"Population ages 50-54, male",SP.POP.5054.MA,13027,13074,13077,13042,12956,12835
"Bahamas, The",BHS,"Population ages 55-59, female",SP.POP.5559.FE,12407,12854,13243,13587,13837,13997
"Bahamas, The",BHS,"Population ages 55-59, male",SP.POP.5559.MA,10927,11325,11680,11990,12207,12343
"Bahamas, The",BHS,"Population ages 60-64, female",SP.POP.6064.FE,9415,9853,10336,10871,11415,11937
"Bahamas, The",BHS,"Population ages 60-64, male",SP.POP.6064.MA,8085,8410,8790,9242,9716,10172
"Bahamas, The",BHS,"Population ages 65 and above, female",SP.POP.65UP.FE.IN,24745,25172,25717,26485,27322,28244
"Bahamas, The",BHS,"Population ages 65 and above, male",SP.POP.65UP.MA.IN,18707,18793,19014,19443,19932,20500
Bahrain,BHR,"Population ages 10-14, male",SP.POP.1014.MA,46828,46725,47308,50455,51703,51940
Bahrain,BHR,"Population ages 15-19, female",SP.POP.1519.FE,39649,40936,40004,41358,42929,43719
Bahrain,BHR,"Population ages 10-14, female",SP.POP.1014.FE,44379,44281,45479,48216,49377,49936
Bahrain,BHR,"Population ages 15-19, male",SP.POP.1519.MA,47067,52854,48039,44331,45610,47509
Bahrain,BHR,"Population ages 20-24, female",SP.POP.2024.FE,44217,48045,43312,39693,40624,42445
Bahrain,BHR,"Population ages 20-24, male",SP.POP.2024.MA,68832,76236,71553,67312,66758,68725
Bahrain,BHR,"Population ages 25-29, female",SP.POP.2529.FE,55477,58473,57912,55566,54878,55537
Bahrain,BHR,"Population ages 25-29, male",SP.POP.2529.MA,111032,120286,105630,91960,91407,93442
Bahrain,BHR,"Population ages 30-34, female",SP.POP.3034.FE,56742,58584,61120,63228,64403,65541
Bahrain,BHR,"Population ages 30-34, male",SP.POP.3034.MA,141738,140561,137772,132837,130807,132355
Bahrain,BHR,"Population ages 35-39, female",SP.POP.3539.FE,50419,52135,55520,59169,61004,62443
Bahrain,BHR,"Population ages 35-39, male",SP.POP.3539.MA,120665,118492,133002,148641,152658,156218
Bahrain,BHR,"Population ages 40-44, female",SP.POP.4044.FE,42434,43484,46889,50891,52764,54086
Bahrain,BHR,"Population ages 40-44, male",SP.POP.4044.MA,87422,87004,98524,114338,120688,123378
Bahrain,BHR,"Population ages 45-49, female",SP.POP.4549.FE,32085,32952,36292,40397,42357,43581
Bahrain,BHR,"Population ages 45-49, male",SP.POP.4549.MA,64029,62559,69417,79307,83624,85878
Bahrain,BHR,"Population ages 50-54, female",SP.POP.5054.FE,27211,26475,27292,29670,30950,31818
Bahrain,BHR,"Population ages 50-54, male",SP.POP.5054.MA,45830,43706,48512,55987,58979,60571
Bahrain,BHR,"Population ages 55-59, female",SP.POP.5559.FE,24549,26738,25492,24998,25473,25495
Bahrain,BHR,"Population ages 55-59, male",SP.POP.5559.MA,32891,31825,33366,37562,39575,40011
Bahrain,BHR,"Population ages 60-64, female",SP.POP.6064.FE,16352,17650,18190,19089,20115,20745
Bahrain,BHR,"Population ages 60-64, male",SP.POP.6064.MA,22401,23048,22613,23839,25335,26056
Bahrain,BHR,"Population ages 65 and above, female",SP.POP.65UP.FE.IN,22423,24217,25143,27203,29463,31500
Bahrain,BHR,"Population ages 65 and above, male",SP.POP.65UP.MA.IN,25849,27896,28205,30170,32792,34751
Bangladesh,BGD,"Population ages 10-14, male",SP.POP.1014.MA,8664017,8716928,8702787,8594037,8461118,8322434
Bangladesh,BGD,"Population ages 15-19, female",SP.POP.1519.FE,8748000,8772030,8731548,8609733,8453378,8279631
Bangladesh,BGD,"Population ages 10-14, female",SP.POP.1014.FE,8284906,8156041,8006502,7854290,7732228,7641031
Bangladesh,BGD,"Population ages 15-19, male",SP.POP.1519.MA,8253041,8284911,8404758,8535908,8623216,8667972
Bangladesh,BGD,"Population ages 20-24, female",SP.POP.2024.FE,8402872,8536115,8587964,8600067,8612415,8612787
Bangladesh,BGD,"Population ages 20-24, male",SP.POP.2024.MA,7395616,7232440,7179638,7295364,7474350,7692709
Bangladesh,BGD,"Population ages 25-29, female",SP.POP.2529.FE,7450277,7783770,8073325,8238307,8324723,8358200
Bangladesh,BGD,"Population ages 25-29, male",SP.POP.2529.MA,6679002,6724453,6778000,6805181,6792813,6778142
Bangladesh,BGD,"Population ages 30-34, female",SP.POP.3034.FE,6732030,6668074,6676383,6821173,7065776,7362646
Bangladesh,BGD,"Population ages 30-34, male",SP.POP.3034.MA,6099121,5983776,5916070,5964141,6086852,6249901
Bangladesh,BGD,"Population ages 35-39, female",SP.POP.3539.FE,6308133,6553468,6725133,6759997,6695547,6595982
Bangladesh,BGD,"Population ages 35-39, male",SP.POP.3539.MA,5835444,6035453,6109671,6050520,5942272,5828118
Bangladesh,BGD,"Population ages 40-44, female",SP.POP.4044.FE,4948399,4937079,5100301,5433696,5804487,6161123
Bangladesh,BGD,"Population ages 40-44, male",SP.POP.4044.MA,4805839,5006423,5220957,5428010,5628775,5801879
Bangladesh,BGD,"Population ages 45-49, female",SP.POP.4549.FE,4316810,4267515,4269852,4346653,4436413,4561718
Bangladesh,BGD,"Population ages 45-49, male",SP.POP.4549.MA,4052711,4130572,4229633,4357366,4506556,4678464
Bangladesh,BGD,"Population ages 50-54, female",SP.POP.5054.FE,3564391,3581717,3649587,3767234,3878918,3983358
Bangladesh,BGD,"Population ages 50-54, male",SP.POP.5054.MA,3501273,3550568,3611715,3682736,3761180,3851330
Bangladesh,BGD,"Population ages 55-59, female",SP.POP.5559.FE,2925868,2902486,2944035,3049343,3162632,3281773
Bangladesh,BGD,"Population ages 55-59, male",SP.POP.5559.MA,3030756,3055664,3099389,3161822,3223228,3284603
Bangladesh,BGD,"Population ages 60-64, female",SP.POP.6064.FE,2364516,2333732,2356931,2441798,2525761,2611506
Bangladesh,BGD,"Population ages 60-64, male",SP.POP.6064.MA,2523977,2557008,2595789,2650737,2705937,2759561
Bangladesh,BGD,"Population ages 65 and above, female",SP.POP.65UP.FE.IN,5012155,5161239,5335783,5546579,5759826,5975964
Bangladesh,BGD,"Population ages 65 and above, male",SP.POP.65UP.MA.IN,4691560,4854388,5056247,5291074,5519060,5739582
Barbados,BRB,"Population ages 10-14, male",SP.POP.1014.MA,9294,9265,9130,8856,8589,8432
Barbados,BRB,"Population ages 15-19, female",SP.POP.1519.FE,9162,9021,8916,8933,8962,8910
Barbados,BRB,"Population ages 10-14, female",SP.POP.1014.FE,8938,8867,8748,8528,8299,8156
Barbados,BRB,"Population ages 15-19, male",SP.POP.1519.MA,9418,9205,9100,9161,9243,9253
Barbados,BRB,"Population ages 20-24, female",SP.POP.2024.FE,9124,9235,9281,9270,9214,9099
Barbados,BRB,"Population ages 20-24, male",SP.POP.2024.MA,9258,9469,9585,9603,9524,9329
Barbados,BRB,"Population ages 25-29, female",SP.POP.2529.FE,9386,9174,9018,8947,8975,9080
Barbados,BRB,"Population ages 25-29, male",SP.POP.2529.MA,9225,9033,8877,8857,8978,9184
Barbados,BRB,"Population ages 30-34, female",SP.POP.3034.FE,9291,9353,9451,9546,9518,9343
Barbados,BRB,"Population ages 30-34, male",SP.POP.3034.MA,9018,9111,9267,9361,9314,9155
Barbados,BRB,"Population ages 35-39, female",SP.POP.3539.FE,9879,9871,9704,9414,9237,9233
Barbados,BRB,"Population ages 35-39, male",SP.POP.3539.MA,9302,9368,9285,9078,8941,8933
Barbados,BRB,"Population ages 40-44, female",SP.POP.4044.FE,9571,9494,9549,9671,9755,9790
Barbados,BRB,"Population ages 40-44, male",SP.POP.4044.MA,8898,8805,8833,8962,9081,9182
Barbados,BRB,"Population ages 45-49, female",SP.POP.4549.FE,10413,10260,10019,9793,9610,9455
Barbados,BRB,"Population ages 45-49, male",SP.POP.4549.MA,9519,9382,9164,8973,8852,8734
Barbados,BRB,"Population ages 50-54, female",SP.POP.5054.FE,10205,10117,10138,10211,10265,10244
Barbados,BRB,"Population ages 50-54, male",SP.POP.5054.MA,9190,9192,9249,9309,9315,9265
Barbados,BRB,"Population ages 55-59, female",SP.POP.5559.FE,10775,10687,10577,10412,10177,9980
Barbados,BRB,"Population ages 55-59, male",SP.POP.5559.MA,9207,9142,9089,8991,8883,8825
Barbados,BRB,"Population ages 60-64, female",SP.POP.6064.FE,9986,10149,10263,10373,10458,10441
Barbados,BRB,"Population ages 60-64, male",SP.POP.6064.MA,8383,8515,8589,8661,8714,8672
Barbados,BRB,"Population ages 65 and above, female",SP.POP.65UP.FE.IN,23817,24646,25427,26144,26925,27811
Barbados,BRB,"Population ages 65 and above, male",SP.POP.65UP.MA.IN,17793,18416,18894,19293,19823,20480
Belarus,BLR,"Population ages 10-14, male",SP.POP.1014.MA,263636,273092,281101,288261,293996,299539
Belarus,BLR,"Population ages 15-19, female",SP.POP.1519.FE,213871,213667,218179,227384,238020,247868
Belarus,BLR,"Population ages 10-14, female",SP.POP.1014.FE,248901,257391,264924,271712,277052,282097
Belarus,BLR,"Population ages 15-19, male",SP.POP.1519.MA,225850,225539,230349,240177,251663,262663
Belarus,BLR,"Population ages 20-24, female",SP.POP.2024.FE,222735,216691,213629,212744,210827,209342
Belarus,BLR,"Population ages 20-24, male",SP.POP.2024.MA,236531,230108,227130,225677,223106,221269
Belarus,BLR,"Population ages 25-29, female",SP.POP.2529.FE,296499,273955,251546,234661,224059,217731
Belarus,BLR,"Population ages 25-29, male",SP.POP.2529.MA,310389,287212,264877,248789,238217,230970
Belarus,BLR,"Population ages 30-34, female",SP.POP.3034.FE,371863,360590,347692,332335,312366,292247
Belarus,BLR,"Population ages 30-34, male",SP.POP.3034.MA,389075,377957,363488,346148,325095,304441
Belarus,BLR,"Population ages 35-39, female",SP.POP.3539.FE,368686,373964,377696,377634,374091,368114
Belarus,BLR,"Population ages 35-39, male",SP.POP.3539.MA,373219,380509,386538,388643,386694,381851
Belarus,BLR,"Population ages 40-44, female",SP.POP.4044.FE,338701,340999,344051,350682,358833,365101
Belarus,BLR,"Population ages 40-44, male",SP.POP.4044.MA,327991,332147,337040,346034,356220,364142
Belarus,BLR,"Population ages 45-49, female",SP.POP.4549.FE,334352,333220,331337,331541,332868,334522
Belarus,BLR,"Population ages 45-49, male",SP.POP.4549.MA,305249,305831,306041,308004,311653,316108
Belarus,BLR,"Population ages 50-54, female",SP.POP.5054.FE,331075,328907,328278,328237,328391,328761
Belarus,BLR,"Population ages 50-54, male",SP.POP.5054.MA,288768,286220,285638,286146,287049,288737
Belarus,BLR,"Population ages 55-59, female",SP.POP.5559.FE,379802,364914,350206,338453,328710,322541
Belarus,BLR,"Population ages 55-59, male",SP.POP.5559.MA,315172,301600,288874,278463,270340,265900
Belarus,BLR,"Population ages 60-64, female",SP.POP.6064.FE,385442,390642,391173,386057,376748,364907
Belarus,BLR,"Population ages 60-64, male",SP.POP.6064.MA,289878,294773,295983,293983,287923,278492
Belarus,BLR,"Population ages 65 and above, female",SP.POP.65UP.FE.IN,988388,999531,1014857,1038317,1063940,1090290
Belarus,BLR,"Population ages 65 and above, male",SP.POP.65UP.MA.IN,487434,495373,508400,527682,547350,566797
Belgium,BEL,"Population ages 10-14, male",SP.POP.1014.MA,344644,348707,351992,353502,350975,347163
Belgium,BEL,"Population ages 15-19, female",SP.POP.1519.FE,310487,314261,320849,328243,334784,341469
Belgium,BEL,"Population ages 10-14, female",SP.POP.1014.FE,328876,332858,335923,337656,335361,331615
Belgium,BEL,"Population ages 15-19, male",SP.POP.1519.MA,327921,331035,336491,344189,351070,357527
Belgium,BEL,"Population ages 20-24, female",SP.POP.2024.FE,329761,330852,330257,327758,328033,332792
Belgium,BEL,"Population ages 20-24, male",SP.POP.2024.MA,343216,343161,342082,341332,342872,348596
Belgium,BEL,"Population ages 25-29, female",SP.POP.2529.FE,367385,363574,360326,356452,351449,348215
Belgium,BEL,"Population ages 25-29, male",SP.POP.2529.MA,373040,368494,364112,361346,357640,355972
Belgium,BEL,"Population ages 30-34, female",SP.POP.3034.FE,376438,381769,386708,389638,385946,379031
Belgium,BEL,"Population ages 30-34, male",SP.POP.3034.MA,377133,381769,386205,389673,386911,381337
Belgium,BEL,"Population ages 35-39, female",SP.POP.3539.FE,374553,373887,375950,380447,383061,385570
Belgium,BEL,"Population ages 35-39, male",SP.POP.3539.MA,375067,373391,374354,378322,380901,383797
Belgium,BEL,"Population ages 40-44, female",SP.POP.4044.FE,370249,376630,382271,386355,385732,382897
Belgium,BEL,"Population ages 40-44, male",SP.POP.4044.MA,374782,379524,383887,387192,385352,381523
Belgium,BEL,"Population ages 45-49, female",SP.POP.4549.FE,376289,370593,368779,371046,372997,377195
Belgium,BEL,"Population ages 45-49, male",SP.POP.4549.MA,385159,378743,376002,376567,376979,379809
Belgium,BEL,"Population ages 50-54, female",SP.POP.5054.FE,389317,388048,389874,391545,387815,381564
Belgium,BEL,"Population ages 50-54, male",SP.POP.5054.MA,399648,397856,398326,399424,395583,388466
Belgium,BEL,"Population ages 55-59, female",SP.POP.5559.FE,399699,400171,400670,400880,396299,391983
Belgium,BEL,"Population ages 55-59, male",SP.POP.5559.MA,402390,404464,406445,407379,403177,399055
Belgium,BEL,"Population ages 60-64, female",SP.POP.6064.FE,369304,374688,382114,390403,395278,398241
Belgium,BEL,"Population ages 60-64, male",SP.POP.6064.MA,360052,366633,374955,384364,390711,395149
Belgium,BEL,"Population ages 65 and above, female",SP.POP.65UP.FE.IN,1236779,1253978,1282427,1315911,1341377,1365309
Belgium,BEL,"Population ages 65 and above, male",SP.POP.65UP.MA.IN,981404,999775,1026423,1058698,1086416,1113578
Belize,BLZ,"Population ages 10-14, male",SP.POP.1014.MA,19213,18917,18756,18697,18701,18910
Belize,BLZ,"Population ages 15-19, female",SP.POP.1519.FE,19319,19216,19209,19177,18950,18555
Belize,BLZ,"Population ages 10-14, female",SP.POP.1014.FE,18539,18177,17962,17870,17859,18047
Belize,BLZ,"Population ages 15-19, male",SP.POP.1519.MA,19752,19644,19743,19846,19663,19312
Belize,BLZ,"Population ages 20-24, female",SP.POP.2024.FE,18991,19167,19502,19782,19689,19415
Belize,BLZ,"Population ages 20-24, male",SP.POP.2024.MA,19413,19567,20077,20535,20428,20136
Belize,BLZ,"Population ages 25-29, female",SP.POP.2529.FE,18005,18212,18566,18953,19217,19487
Belize,BLZ,"Population ages 25-29, male",SP.POP.2529.MA,18527,18734,19234,19771,20023,20281
Belize,BLZ,"Population ages 30-34, female",SP.POP.3034.FE,16219,16607,17124,17640,18038,18436
Belize,BLZ,"Population ages 30-34, male",SP.POP.3034.MA,16444,16886,17583,18316,18804,19259
Belize,BLZ,"Population ages 35-39, female",SP.POP.3539.FE,14143,14569,15054,15551,15999,16473
Belize,BLZ,"Population ages 35-39, male",SP.POP.3539.MA,13911,14365,15022,15730,16293,16869
Belize,BLZ,"Population ages 40-44, female",SP.POP.4044.FE,11966,12285,12713,13214,13713,14224
Belize,BLZ,"Population ages 40-44, male",SP.POP.4044.MA,11702,12016,12510,13074,13569,14089
Belize,BLZ,"Population ages 45-49, female",SP.POP.4549.FE,10524,10749,11007,11296,11585,11908
Belize,BLZ,"Population ages 45-49, male",SP.POP.4549.MA,10185,10398,10701,11035,11332,11663
Belize,BLZ,"Population ages 50-54, female",SP.POP.5054.FE,8576,8957,9368,9758,10087,10369
Belize,BLZ,"Population ages 50-54, male",SP.POP.5054.MA,8432,8692,9013,9358,9643,9908
Belize,BLZ,"Population ages 55-59, female",SP.POP.5559.FE,6957,7169,7403,7670,7976,8336
Belize,BLZ,"Population ages 55-59, male",SP.POP.5559.MA,6956,7127,7317,7525,7741,8003
Belize,BLZ,"Population ages 60-64, female",SP.POP.6064.FE,5223,5507,5801,6099,6369,6614
Belize,BLZ,"Population ages 60-64, male",SP.POP.6064.MA,5117,5352,5625,5906,6152,6373
Belize,BLZ,"Population ages 65 and above, female",SP.POP.65UP.FE.IN,8891,9292,9754,10291,10893,11552
Belize,BLZ,"Population ages 65 and above, male",SP.POP.65UP.MA.IN,8639,8888,9208,9612,10060,10558
Benin,BEN,"Population ages 10-14, male",SP.POP.1014.MA,811204,831828,853266,876969,902402,928352
Benin,BEN,"Population ages 15-19, female",SP.POP.1519.FE,671658,692741,715112,736768,757268,777575
Benin,BEN,"Population ages 10-14, female",SP.POP.1014.FE,787829,808649,830032,853502,878610,904152
Benin,BEN,"Population ages 15-19, male",SP.POP.1519.MA,694147,715522,738110,759796,780063,799993
Benin,BEN,"Population ages 20-24, female",SP.POP.2024.FE,579795,594038,609084,625158,641918,659270
Benin,BEN,"Population ages 20-24, male",SP.POP.2024.MA,597239,612087,627556,643906,660906,678470
Benin,BEN,"Population ages 25-29, female",SP.POP.2529.FE,501924,516368,530602,545027,557325,568771
Benin,BEN,"Population ages 25-29, male",SP.POP.2529.MA,511914,527390,542504,557737,570718,582737
Benin,BEN,"Population ages 30-34, female",SP.POP.3034.FE,427666,439107,450433,461942,476144,491505
Benin,BEN,"Population ages 30-34, male",SP.POP.3034.MA,429142,442126,454942,467767,483161,499575
Benin,BEN,"Population ages 35-39, female",SP.POP.3539.FE,361977,373363,384368,395602,406695,417582
Benin,BEN,"Population ages 35-39, male",SP.POP.3539.MA,356880,369119,381088,393369,405594,417741
Benin,BEN,"Population ages 40-44, female",SP.POP.4044.FE,291552,302913,315032,327536,339889,351633
Benin,BEN,"Population ages 40-44, male",SP.POP.4044.MA,282899,294724,307330,320342,333248,345610
Benin,BEN,"Population ages 45-49, female",SP.POP.4549.FE,241049,248130,255455,263251,271848,281687
Benin,BEN,"Population ages 45-49, male",SP.POP.4549.MA,230472,237571,244980,252920,261726,271846
Benin,BEN,"Population ages 50-54, female",SP.POP.5054.FE,198834,204818,211035,217554,224152,230868
Benin,BEN,"Population ages 50-54, male",SP.POP.5054.MA,187325,193112,199164,205507,211934,218520
Benin,BEN,"Population ages 55-59, female",SP.POP.5559.FE,159457,165218,170730,176311,181894,187540
Benin,BEN,"Population ages 55-59, male",SP.POP.5559.MA,147225,152775,158133,163512,168854,174231
Benin,BEN,"Population ages 60-64, female",SP.POP.6064.FE,119378,124377,129745,135371,141063,146742
Benin,BEN,"Population ages 60-64, male",SP.POP.6064.MA,107466,112072,117119,122392,127729,133079
Benin,BEN,"Population ages 65 and above, female",SP.POP.65UP.FE.IN,221275,226943,233129,240305,248033,256275
Benin,BEN,"Population ages 65 and above, male",SP.POP.65UP.MA.IN,176053,181769,188260,195427,202935,210833
Bermuda,BMU,"Population ages 10-14, male",SP.POP.1014.MA,1780,1779,1751,1699,1634,1586
Bermuda,BMU,"Population ages 15-19, female",SP.POP.1519.FE,1576,1566,1563,1569,1590,1605
Bermuda,BMU,"Population ages 10-14, female",SP.POP.1014.FE,1599,1606,1596,1579,1559,1532
Bermuda,BMU,"Population ages 15-19, male",SP.POP.1519.MA,1710,1726,1731,1741,1765,1782
Bermuda,BMU,"Population ages 20-24, female",SP.POP.2024.FE,1691,1735,1745,1718,1666,1607
Bermuda,BMU,"Population ages 20-24, male",SP.POP.2024.MA,1643,1677,1703,1713,1718,1718
Bermuda,BMU,"Population ages 25-29, female",SP.POP.2529.FE,1653,1673,1677,1679,1715,1749
Bermuda,BMU,"Population ages 25-29, male",SP.POP.2529.MA,1629,1625,1627,1649,1663,1667
Bermuda,BMU,"Population ages 30-34, female",SP.POP.3034.FE,1898,1866,1833,1779,1728,1701
Bermuda,BMU,"Population ages 30-34, male",SP.POP.3034.MA,1853,1791,1750,1705,1666,1648
Bermuda,BMU,"Population ages 35-39, female",SP.POP.3539.FE,2311,2255,2184,2098,2007,1929
Bermuda,BMU,"Population ages 35-39, male",SP.POP.3539.MA,2260,2228,2152,2044,1948,1863
Bermuda,BMU,"Population ages 40-44, female",SP.POP.4044.FE,2244,2275,2303,2344,2364,2328
Bermuda,BMU,"Population ages 40-44, male",SP.POP.4044.MA,2367,2329,2302,2288,2276,2257
Bermuda,BMU,"Population ages 45-49, female",SP.POP.4549.FE,2301,2266,2238,2212,2218,2247
Bermuda,BMU,"Population ages 45-49, male",SP.POP.4549.MA,2595,2533,2476,2427,2386,2349
Bermuda,BMU,"Population ages 50-54, female",SP.POP.5054.FE,2372,2373,2371,2360,2333,2288
Bermuda,BMU,"Population ages 50-54, male",SP.POP.5054.MA,2548,2576,2598,2610,2604,2561
Bermuda,BMU,"Population ages 55-59, female",SP.POP.5559.FE,2679,2616,2547,2470,2388,2348
Bermuda,BMU,"Population ages 55-59, male",SP.POP.5559.MA,2683,2670,2650,2586,2507,2486
Bermuda,BMU,"Population ages 60-64, female",SP.POP.6064.FE,2593,2638,2666,2674,2667,2629
Bermuda,BMU,"Population ages 60-64, male",SP.POP.6064.MA,2331,2394,2446,2520,2576,2578
Bermuda,BMU,"Population ages 65 and above, female",SP.POP.65UP.FE.IN,6879,7158,7444,7738,8042,8348
Bermuda,BMU,"Population ages 65 and above, male",SP.POP.65UP.MA.IN,5240,5413,5598,5792,6012,6248
Bhutan,BTN,"Population ages 10-14, male",SP.POP.1014.MA,34621,34229,34038,33891,33538,32822
Bhutan,BTN,"Population ages 15-19, female",SP.POP.1519.FE,35016,34745,34162,33348,32519,31838
Bhutan,BTN,"Population ages 10-14, female",SP.POP.1014.FE,31707,31167,30886,30742,30479,29889
Bhutan,BTN,"Population ages 15-19, male",SP.POP.1519.MA,37470,37127,36582,35882,35253,34809
Bhutan,BTN,"Population ages 20-24, female",SP.POP.2024.FE,33779,33981,34342,34735,35111,35393
Bhutan,BTN,"Population ages 20-24, male",SP.POP.2024.MA,39617,38709,38134,37818,37795,37996
Bhutan,BTN,"Population ages 25-29, female",SP.POP.2529.FE,35823,35223,34599,34101,33752,33626
Bhutan,BTN,"Population ages 25-29, male",SP.POP.2529.MA,45975,45011,43678,42182,40672,39379
Bhutan,BTN,"Population ages 30-34, female",SP.POP.3034.FE,34473,35492,36153,36381,36130,35536
Bhutan,BTN,"Population ages 30-34, male",SP.POP.3034.MA,43200,44570,45601,46200,46186,45546
Bhutan,BTN,"Population ages 35-39, female",SP.POP.3539.FE,28262,29228,30370,31687,33024,34196
Bhutan,BTN,"Population ages 35-39, male",SP.POP.3539.MA,35093,36412,37951,39640,41310,42807
Bhutan,BTN,"Population ages 40-44, female",SP.POP.4044.FE,23401,24628,25667,26519,27242,27994
Bhutan,BTN,"Population ages 40-44, male",SP.POP.4044.MA,28765,30235,31514,32645,33663,34707
Bhutan,BTN,"Population ages 45-49, female",SP.POP.4549.FE,17672,18356,19288,20461,21784,23097
Bhutan,BTN,"Population ages 45-49, male",SP.POP.4549.MA,21714,22654,23838,25231,26755,28294
Bhutan,BTN,"Population ages 50-54, female",SP.POP.5054.FE,15645,16030,16323,16589,16890,17329
Bhutan,BTN,"Population ages 50-54, male",SP.POP.5054.MA,18374,18937,19426,19920,20460,21136
Bhutan,BTN,"Population ages 55-59, female",SP.POP.5559.FE,12590,13028,13555,14137,14705,15192
Bhutan,BTN,"Population ages 55-59, male",SP.POP.5559.MA,14225,14832,15527,16251,16942,17573
Bhutan,BTN,"Population ages 60-64, female",SP.POP.6064.FE,10903,11053,11216,11422,11681,12016
Bhutan,BTN,"Population ages 60-64, male",SP.POP.6064.MA,11691,11889,12108,12384,12741,13206
Bhutan,BTN,"Population ages 65 and above, female",SP.POP.65UP.FE.IN,22997,23688,24423,25174,25921,26697
Bhutan,BTN,"Population ages 65 and above, male",SP.POP.65UP.MA.IN,23342,23820,24351,24908,25482,26102
Bolivia,BOL,"Population ages 10-14, male",SP.POP.1014.MA,607534,611032,613386,615546,617372,618797
Bolivia,BOL,"Population ages 15-19, female",SP.POP.1519.FE,561495,565372,570686,575879,580743,585303
Bolivia,BOL,"Population ages 10-14, female",SP.POP.1014.FE,587900,591081,593244,595324,597136,598585
Bolivia,BOL,"Population ages 15-19, male",SP.POP.1519.MA,577460,581656,587356,592985,598302,603251
Bolivia,BOL,"Population ages 20-24, female",SP.POP.2024.FE,543728,547094,549813,552550,554841,557241
Bolivia,BOL,"Population ages 20-24, male",SP.POP.2024.MA,555724,559309,562298,565282,567784,570400
Bolivia,BOL,"Population ages 25-29, female",SP.POP.2529.FE,512705,518258,523174,528074,533343,538317
Bolivia,BOL,"Population ages 25-29, male",SP.POP.2529.MA,521844,527107,531860,536611,541792,546801
Bolivia,BOL,"Population ages 30-34, female",SP.POP.3034.FE,456786,469786,481665,491634,499868,506785
Bolivia,BOL,"Population ages 30-34, male",SP.POP.3034.MA,466675,478586,489360,498474,506138,512639
Bolivia,BOL,"Population ages 35-39, female",SP.POP.3539.FE,390694,400557,411686,424157,437231,450498
Bolivia,BOL,"Population ages 35-39, male",SP.POP.3539.MA,399215,409240,420215,432286,444585,456929
Bolivia,BOL,"Population ages 40-44, female",SP.POP.4044.FE,341205,349190,356959,365269,374229,383790
Bolivia,BOL,"Population ages 40-44, male",SP.POP.4044.MA,345020,352280,359857,368632,378257,388383
Bolivia,BOL,"Population ages 45-49, female",SP.POP.4549.FE,289836,297321,305769,314959,323991,332938
Bolivia,BOL,"Population ages 45-49, male",SP.POP.4549.MA,294554,300227,307166,315392,323624,331981
Bolivia,BOL,"Population ages 50-54, female",SP.POP.5054.FE,246035,251647,257747,264842,272345,280108
Bolivia,BOL,"Population ages 50-54, male",SP.POP.5054.MA,248226,252550,257771,264530,271526,278563
Bolivia,BOL,"Population ages 55-59, female",SP.POP.5559.FE,206219,210244,214928,221016,227429,234018
Bolivia,BOL,"Population ages 55-59, male",SP.POP.5559.MA,202379,204537,208443,214831,221609,228438
Bolivia,BOL,"Population ages 60-64, female",SP.POP.6064.FE,165406,169351,173894,179586,185297,190866
Bolivia,BOL,"Population ages 60-64, male",SP.POP.6064.MA,157601,158540,161436,166878,172587,178259
Bolivia,BOL,"Population ages 65 and above, female",SP.POP.65UP.FE.IN,361296,362871,367473,377186,388077,399640
Bolivia,BOL,"Population ages 65 and above, male",SP.POP.65UP.MA.IN,306749,296162,294244,302421,312217,322564
Bosnia and Herzegovina,BIH,"Population ages 10-14, male",SP.POP.1014.MA,84871,82821,80814,79070,76707,74130
Bosnia and Herzegovina,BIH,"Population ages 15-19, female",SP.POP.1519.FE,84088,82143,80709,79753,78710,77524
Bosnia and Herzegovina,BIH,"Population ages 10-14, female",SP.POP.1014.FE,78784,76835,74991,73432,71312,68980
Bosnia and Herzegovina,BIH,"Population ages 15-19, male",SP.POP.1519.MA,90925,88913,87342,86169,84957,83664
Bosnia and Herzegovina,BIH,"Population ages 20-24, female",SP.POP.2024.FE,87908,86343,83917,81806,80643,80210
Bosnia and Herzegovina,BIH,"Population ages 20-24, male",SP.POP.2024.MA,96775,94983,92070,89362,87819,87168
Bosnia and Herzegovina,BIH,"Population ages 25-29, female",SP.POP.2529.FE,77086,73402,73542,77388,81027,83067
Bosnia and Herzegovina,BIH,"Population ages 25-29, male",SP.POP.2529.MA,87713,83603,83274,86871,90265,92009
Bosnia and Herzegovina,BIH,"Population ages 30-34, female",SP.POP.3034.FE,93493,88096,84063,80196,76202,73058
Bosnia and Herzegovina,BIH,"Population ages 30-34, male",SP.POP.3034.MA,101689,97138,93956,90585,86793,83597
Bosnia and Herzegovina,BIH,"Population ages 35-39, female",SP.POP.3539.FE,115754,109788,105164,100507,95477,90546
Bosnia and Herzegovina,BIH,"Population ages 35-39, male",SP.POP.3539.MA,118993,114774,110830,106930,102648,98459
Bosnia and Herzegovina,BIH,"Population ages 40-44, female",SP.POP.4044.FE,132623,130886,127203,123516,119098,113499
Bosnia and Herzegovina,BIH,"Population ages 40-44, male",SP.POP.4044.MA,126404,124956,122968,121252,119090,116182
Bosnia and Herzegovina,BIH,"Population ages 45-49, female",SP.POP.4549.FE,115724,119355,123178,126624,129101,130554
Bosnia and Herzegovina,BIH,"Population ages 45-49, male",SP.POP.4549.MA,111303,114439,117755,120727,122672,123449
Bosnia and Herzegovina,BIH,"Population ages 50-54, female",SP.POP.5054.FE,116185,111580,108896,108579,110333,113554
Bosnia and Herzegovina,BIH,"Population ages 50-54, male",SP.POP.5054.MA,109055,105427,103334,103209,104890,107851
Bosnia and Herzegovina,BIH,"Population ages 55-59, female",SP.POP.5559.FE,138508,134453,129583,124183,118519,113224
Bosnia and Herzegovina,BIH,"Population ages 55-59, male",SP.POP.5559.MA,123740,119831,115747,111752,107716,103902
Bosnia and Herzegovina,BIH,"Population ages 60-64, female",SP.POP.6064.FE,137350,137454,137465,137080,135715,133181
Bosnia and Herzegovina,BIH,"Population ages 60-64, male",SP.POP.6064.MA,118654,118896,118803,118194,116607,114118
Bosnia and Herzegovina,BIH,"Population ages 65 and above, female",SP.POP.65UP.FE.IN,416161,417110,420152,427615,434517,441543
Bosnia and Herzegovina,BIH,"Population ages 65 and above, male",SP.POP.65UP.MA.IN,251716,253862,256166,261713,268904,276279
Botswana,BWA,"Population ages 10-14, male",SP.POP.1014.MA,124418,123591,123209,123582,124224,125214
Botswana,BWA,"Population ages 15-19, female",SP.POP.1519.FE,122823,124304,124226,123091,122043,121150
Botswana,BWA,"Population ages 10-14, female",SP.POP.1014.FE,122658,121975,121637,121964,122573,123581
Botswana,BWA,"Population ages 15-19, male",SP.POP.1519.MA,124254,125716,125547,124289,123188,122253
Botswana,BWA,"Population ages 20-24, female",SP.POP.2024.FE,120976,122477,123434,123409,123079,122883
Botswana,BWA,"Population ages 20-24, male",SP.POP.2024.MA,121946,123451,124052,123441,122953,122839
Botswana,BWA,"Population ages 25-29, female",SP.POP.2529.FE,120451,124961,126121,124762,123436,122018
Botswana,BWA,"Population ages 25-29, male",SP.POP.2529.MA,122089,126423,127101,125059,123129,121380
Botswana,BWA,"Population ages 30-34, female",SP.POP.3034.FE,96298,99205,104070,110720,116611,120827
Botswana,BWA,"Population ages 30-34, male",SP.POP.3034.MA,98786,102108,106750,112635,117865,121464
Botswana,BWA,"Population ages 35-39, female",SP.POP.3539.FE,75119,76821,80176,83701,87894,92440
Botswana,BWA,"Population ages 35-39, male",SP.POP.3539.MA,77299,79738,83367,86588,90416,94672
Botswana,BWA,"Population ages 40-44, female",SP.POP.4044.FE,61226,60991,61987,64527,66324,68984
Botswana,BWA,"Population ages 40-44, male",SP.POP.4044.MA,61360,61501,62910,65793,68029,71033
Botswana,BWA,"Population ages 45-49, female",SP.POP.4549.FE,50601,51339,51815,52405,54121,56416
Botswana,BWA,"Population ages 45-49, male",SP.POP.4549.MA,49470,50027,50479,51209,53073,55607
Botswana,BWA,"Population ages 50-54, female",SP.POP.5054.FE,42668,43205,44252,45725,46752,47614
Botswana,BWA,"Population ages 50-54, male",SP.POP.5054.MA,40283,40776,41703,43093,44155,45113
Botswana,BWA,"Population ages 55-59, female",SP.POP.5559.FE,32177,33609,35121,36557,38384,39967
Botswana,BWA,"Population ages 55-59, male",SP.POP.5559.MA,30310,31704,32953,33971,35359,36655
Botswana,BWA,"Population ages 60-64, female",SP.POP.6064.FE,24622,24380,24603,25787,27110,28755
Botswana,BWA,"Population ages 60-64, male",SP.POP.6064.MA,23325,23272,23465,24368,25435,26674
Botswana,BWA,"Population ages 65 and above, female",SP.POP.65UP.FE.IN,52119,52370,53110,55046,56783,58303
Botswana,BWA,"Population ages 65 and above, male",SP.POP.65UP.MA.IN,39925,40543,41562,43412,44968,46306
Brazil,BRA,"Population ages 10-14, male",SP.POP.1014.MA,7549090,7467560,7404826,7363354,7342997,7336200
Brazil,BRA,"Population ages 15-19, female",SP.POP.1519.FE,7737394,7616905,7500542,7395848,7301316,7211480
Brazil,BRA,"Population ages 10-14, female",SP.POP.1014.FE,7260270,7179974,7117750,7076314,7055760,7048378
Brazil,BRA,"Population ages 15-19, male",SP.POP.1519.MA,8009907,7891511,7776339,7671684,7575432,7482359
Brazil,BRA,"Population ages 20-24, female",SP.POP.2024.FE,8237883,8176399,8067310,7916483,7760334,7627791
Brazil,BRA,"Population ages 20-24, male",SP.POP.2024.MA,8423683,8370390,8268953,8123635,7970234,7838493
Brazil,BRA,"Population ages 25-29, female",SP.POP.2529.FE,8113405,8105921,8110987,8126560,8130717,8103906
Brazil,BRA,"Population ages 25-29, male",SP.POP.2529.MA,8198543,8196510,8207422,8229536,8241074,8222164
Brazil,BRA,"Population ages 30-34, female",SP.POP.3034.FE,8399917,8299446,8191420,8098401,8031559,7994946
Brazil,BRA,"Population ages 30-34, male",SP.POP.3034.MA,8384907,8292701,8192576,8107738,8048069,8017065
Brazil,BRA,"Population ages 35-39, female",SP.POP.3539.FE,8525415,8539224,8513256,8456781,8382279,8293451
Brazil,BRA,"Population ages 35-39, male",SP.POP.3539.MA,8401017,8424827,8407348,8359157,8293365,8214161
Brazil,BRA,"Population ages 40-44, female",SP.POP.4044.FE,7870326,8027939,8166195,8281868,8366021,8415820
Brazil,BRA,"Population ages 40-44, male",SP.POP.4044.MA,7639310,7796411,7936838,8060566,8156539,8219069
Brazil,BRA,"Population ages 45-49, female",SP.POP.4549.FE,7006363,7135873,7272021,7420735,7582165,7749651
Brazil,BRA,"Population ages 45-49, male",SP.POP.4549.MA,6714223,6837801,6968063,7113490,7272748,7439362
Brazil,BRA,"Population ages 50-54, female",SP.POP.5054.FE,6400212,6449326,6523549,6629255,6747807,6870466
Brazil,BRA,"Population ages 50-54, male",SP.POP.5054.MA,6042700,6084941,6152016,6252678,6366856,6485840
Brazil,BRA,"Population ages 55-59, female",SP.POP.5559.FE,5997502,6076687,6129190,6166153,6194348,6230198
Brazil,BRA,"Population ages 55-59, male",SP.POP.5559.MA,5554651,5621080,5663915,5697406,5724442,5759138
Brazil,BRA,"Population ages 60-64, female",SP.POP.6064.FE,5089684,5236762,5379166,5523358,5654490,5764072
Brazil,BRA,"Population ages 60-64, male",SP.POP.6064.MA,4574051,4704622,4832047,4964556,5084846,5184253
Brazil,BRA,"Population ages 65 and above, female",SP.POP.65UP.FE.IN,11214864,11630708,12087223,12590111,13129180,13683494
Brazil,BRA,"Population ages 65 and above, male",SP.POP.65UP.MA.IN,8813791,9138031,9472938,9861816,10294934,10748093
British Virgin Islands,VGB,"Population ages 10-14, male",SP.POP.1014.MA,1313,1274,1225,1150,1086,1058
British Virgin Islands,VGB,"Population ages 15-19, female",SP.POP.1519.FE,1129,1147,1186,1256,1309,1314
British Virgin Islands,VGB,"Population ages 10-14, female",SP.POP.1014.FE,1266,1241,1198,1129,1069,1042
British Virgin Islands,VGB,"Population ages 15-19, male",SP.POP.1519.MA,1057,1104,1187,1302,1374,1369
British Virgin Islands,VGB,"Population ages 20-24, female",SP.POP.2024.FE,1254,1264,1252,1255,1261,1268
British Virgin Islands,VGB,"Population ages 20-24, male",SP.POP.2024.MA,1105,1117,1120,1156,1197,1234
British Virgin Islands,VGB,"Population ages 25-29, female",SP.POP.2529.FE,1520,1536,1517,1493,1459,1424
British Virgin Islands,VGB,"Population ages 25-29, male",SP.POP.2529.MA,1230,1239,1260,1307,1325,1321
British Virgin Islands,VGB,"Population ages 30-34, female",SP.POP.3034.FE,1854,1849,1811,1773,1731,1681
British Virgin Islands,VGB,"Population ages 30-34, male",SP.POP.3034.MA,1432,1434,1431,1452,1457,1425
British Virgin Islands,VGB,"Population ages 35-39, female",SP.POP.3539.FE,2070,2097,2088,2065,2031,1979
British Virgin Islands,VGB,"Population ages 35-39, male",SP.POP.3539.MA,1730,1712,1680,1660,1626,1581
British Virgin Islands,VGB,"Population ages 40-44, female",SP.POP.4044.FE,1956,2040,2097,2133,2146,2145
British Virgin Islands,VGB,"Population ages 40-44, male",SP.POP.4044.MA,1631,1690,1752,1807,1834,1821
British Virgin Islands,VGB,"Population ages 45-49, female",SP.POP.4549.FE,1655,1699,1757,1828,1905,1987
British Virgin Islands,VGB,"Population ages 45-49, male",SP.POP.4549.MA,1432,1466,1507,1563,1622,1669
British Virgin Islands,VGB,"Population ages 50-54, female",SP.POP.5054.FE,1394,1450,1503,1568,1619,1658
British Virgin Islands,VGB,"Population ages 50-54, male",SP.POP.5054.MA,1274,1309,1347,1385,1410,1432
British Virgin Islands,VGB,"Population ages 55-59, female",SP.POP.5559.FE,1156,1197,1232,1269,1322,1384
British Virgin Islands,VGB,"Population ages 55-59, male",SP.POP.5559.MA,1101,1120,1143,1169,1205,1249
British Virgin Islands,VGB,"Population ages 60-64, female",SP.POP.6064.FE,907,955,1007,1053,1091,1131
British Virgin Islands,VGB,"Population ages 60-64, male",SP.POP.6064.MA,847,909,958,1000,1029,1050
British Virgin Islands,VGB,"Population ages 65 and above, female",SP.POP.65UP.FE.IN,1678,1772,1865,1974,2085,2197
British Virgin Islands,VGB,"Population ages 65 and above, male",SP.POP.65UP.MA.IN,1414,1470,1529,1613,1713,1818
Brunei Darussalam,BRN,"Population ages 10-14, male",SP.POP.1014.MA,16304,16209,16414,16666,16871,17125
Brunei Darussalam,BRN,"Population ages 15-19, female",SP.POP.1519.FE,16798,16471,16036,15592,15280,15102
Brunei Darussalam,BRN,"Population ages 10-14, female",SP.POP.1014.FE,15009,14969,15117,15348,15587,15820
Brunei Darussalam,BRN,"Population ages 15-19, male",SP.POP.1519.MA,18333,17835,17292,16859,16603,16399
Brunei Darussalam,BRN,"Population ages 20-24, female",SP.POP.2024.FE,17698,17532,17342,17199,17115,17039
Brunei Darussalam,BRN,"Population ages 20-24, male",SP.POP.2024.MA,21517,20943,20164,19452,18921,18600
Brunei Darussalam,BRN,"Population ages 25-29, female",SP.POP.2529.FE,18314,18387,18294,18115,17889,17634
Brunei Darussalam,BRN,"Population ages 25-29, male",SP.POP.2529.MA,23178,23338,23125,22745,22203,21518
Brunei Darussalam,BRN,"Population ages 30-34, female",SP.POP.3034.FE,18000,18068,18149,18241,18257,18193
Brunei Darussalam,BRN,"Population ages 30-34, male",SP.POP.3034.MA,23421,23568,23529,23445,23308,23145
Brunei Darussalam,BRN,"Population ages 35-39, female",SP.POP.3539.FE,17080,17189,17378,17570,17725,17806
Brunei Darussalam,BRN,"Population ages 35-39, male",SP.POP.3539.MA,21795,22141,22495,22882,23175,23275
Brunei Darussalam,BRN,"Population ages 40-44, female",SP.POP.4044.FE,16189,16366,16538,16663,16751,16841
Brunei Darussalam,BRN,"Population ages 40-44, male",SP.POP.4044.MA,19361,19959,20505,20930,21242,21527
Brunei Darussalam,BRN,"Population ages 45-49, female",SP.POP.4549.FE,14917,15100,15278,15458,15678,15902
Brunei Darussalam,BRN,"Population ages 45-49, male",SP.POP.4549.MA,16528,16893,17293,17765,18353,18969
Brunei Darussalam,BRN,"Population ages 50-54, female",SP.POP.5054.FE,12508,12983,13460,13866,14229,14529
Brunei Darussalam,BRN,"Population ages 50-54, male",SP.POP.5054.MA,13379,13917,14504,15039,15531,15965
Brunei Darussalam,BRN,"Population ages 55-59, female",SP.POP.5559.FE,10058,10273,10575,11009,11530,12048
Brunei Darussalam,BRN,"Population ages 55-59, male",SP.POP.5559.MA,10504,10769,11149,11605,12115,12666
Brunei Darussalam,BRN,"Population ages 60-64, female",SP.POP.6064.FE,8133,8531,8867,9117,9332,9554
Brunei Darussalam,BRN,"Population ages 60-64, male",SP.POP.6064.MA,7941,8312,8699,9024,9342,9677
Brunei Darussalam,BRN,"Population ages 65 and above, female",SP.POP.65UP.FE.IN,13211,14127,14961,15866,16911,18000
Brunei Darussalam,BRN,"Population ages 65 and above, male",SP.POP.65UP.MA.IN,11904,12629,13280,14016,14868,15755
Bulgaria,BGR,"Population ages 10-14, male",SP.POP.1014.MA,177180,179147,175172,169756,167485,165714
Bulgaria,BGR,"Population ages 15-19, female",SP.POP.1519.FE,152075,153483,152836,153093,156779,159464
Bulgaria,BGR,"Population ages 10-14, female",SP.POP.1014.FE,167629,169423,165634,160786,158588,156495
Bulgaria,BGR,"Population ages 15-19, male",SP.POP.1519.MA,161547,163216,162270,162159,165745,168377
Bulgaria,BGR,"Population ages 20-24, female",SP.POP.2024.FE,147704,148416,146486,146466,146943,145771
Bulgaria,BGR,"Population ages 20-24, male",SP.POP.2024.MA,156343,157087,155051,154820,155506,154579
Bulgaria,BGR,"Population ages 25-29, female",SP.POP.2529.FE,183571,171769,157802,146585,142669,142637
Bulgaria,BGR,"Population ages 25-29, male",SP.POP.2529.MA,193947,181585,167041,155117,150737,150516
Bulgaria,BGR,"Population ages 30-34, female",SP.POP.3034.FE,231524,228041,215146,200896,189505,176831
Bulgaria,BGR,"Population ages 30-34, male",SP.POP.3034.MA,244155,240140,226747,211718,199547,186179
Bulgaria,BGR,"Population ages 35-39, female",SP.POP.3539.FE,230886,230987,225835,221319,221873,221204
Bulgaria,BGR,"Population ages 35-39, male",SP.POP.3539.MA,248376,247655,240729,234820,234382,232478
Bulgaria,BGR,"Population ages 40-44, female",SP.POP.4044.FE,255924,249765,236716,225893,221983,219328
Bulgaria,BGR,"Population ages 40-44, male",SP.POP.4044.MA,271644,265892,253048,242092,238037,234875
Bulgaria,BGR,"Population ages 45-49, female",SP.POP.4549.FE,256362,259500,256047,250592,247064,241436
Bulgaria,BGR,"Population ages 45-49, male",SP.POP.4549.MA,268986,272082,268212,262323,259263,254015
Bulgaria,BGR,"Population ages 50-54, female",SP.POP.5054.FE,240268,245021,241731,236898,238024,240086
Bulgaria,BGR,"Population ages 50-54, male",SP.POP.5054.MA,245409,251363,248695,244042,245131,246968
Bulgaria,BGR,"Population ages 55-59, female",SP.POP.5559.FE,238494,232962,221437,215236,218612,222681
Bulgaria,BGR,"Population ages 55-59, male",SP.POP.5559.MA,230849,225890,215669,210355,214442,219766
Bulgaria,BGR,"Population ages 60-64, female",SP.POP.6064.FE,249585,244784,233937,224430,221268,217565
Bulgaria,BGR,"Population ages 60-64, male",SP.POP.6064.MA,221903,219289,210579,203077,201374,198748
Bulgaria,BGR,"Population ages 65 and above, female",SP.POP.65UP.FE.IN,901599,898307,869604,849365,851579,853064
Bulgaria,BGR,"Population ages 65 and above, male",SP.POP.65UP.MA.IN,602166,594384,571818,558084,560164,562352
Burkina Faso,BFA,"Population ages 10-14, male",SP.POP.1014.MA,1427044,1471399,1512784,1552443,1589455,1622648
Burkina Faso,BFA,"Population ages 15-19, female",SP.POP.1519.FE,1149434,1190649,1235308,1280611,1325552,1370134
Burkina Faso,BFA,"Population ages 10-14, female",SP.POP.1014.FE,1386039,1428774,1468556,1506747,1542464,1574551
Burkina Faso,BFA,"Population ages 15-19, male",SP.POP.1519.MA,1180168,1222778,1268535,1314888,1361383,1407841
Burkina Faso,BFA,"Population ages 20-24, female",SP.POP.2024.FE,962349,992908,1023438,1055751,1090084,1125411
Burkina Faso,BFA,"Population ages 20-24, male",SP.POP.2024.MA,977150,1009903,1041797,1074546,1109908,1147153
Burkina Faso,BFA,"Population ages 25-29, female",SP.POP.2529.FE,811234,834530,858925,884745,911684,939606
Burkina Faso,BFA,"Population ages 25-29, male",SP.POP.2529.MA,811841,835796,860469,886108,913962,944159
Burkina Faso,BFA,"Population ages 30-34, female",SP.POP.3034.FE,700575,717657,734803,752365,771243,791856
Burkina Faso,BFA,"Population ages 30-34, male",SP.POP.3034.MA,695240,712364,728963,745450,763860,784867
Burkina Faso,BFA,"Population ages 35-39, female",SP.POP.3539.FE,594105,613635,632287,650139,667149,683525
Burkina Faso,BFA,"Population ages 35-39, male",SP.POP.3539.MA,584897,604169,622032,638705,654986,671299
Burkina Faso,BFA,"Population ages 40-44, female",SP.POP.4044.FE,478197,499676,520379,539925,558905,578048
Burkina Faso,BFA,"Population ages 40-44, male",SP.POP.4044.MA,461933,484359,505440,524842,543619,562617
Burkina Faso,BFA,"Population ages 45-49, female",SP.POP.4549.FE,370387,386001,403113,422116,442546,463499
Burkina Faso,BFA,"Population ages 45-49, male",SP.POP.4549.MA,342175,359140,377375,397271,418598,440465
Burkina Faso,BFA,"Population ages 50-54, female",SP.POP.5054.FE,300166,309542,319313,330084,342238,355977
Burkina Faso,BFA,"Population ages 50-54, male",SP.POP.5054.MA,262841,272473,282639,293945,306919,321699
Burkina Faso,BFA,"Population ages 55-59, female",SP.POP.5559.FE,242785,250443,258274,266692,275412,284222
Burkina Faso,BFA,"Population ages 55-59, male",SP.POP.5559.MA,202422,209488,216741,224559,232834,241462
Burkina Faso,BFA,"Population ages 60-64, female",SP.POP.6064.FE,189774,196259,202813,209642,216623,223740
Burkina Faso,BFA,"Population ages 60-64, male",SP.POP.6064.MA,148602,154585,160605,166734,172949,179300
Burkina Faso,BFA,"Population ages 65 and above, female",SP.POP.65UP.FE.IN,328764,338082,347751,358870,370805,383078
Burkina Faso,BFA,"Population ages 65 and above, male",SP.POP.65UP.MA.IN,222989,229214,236281,244570,253655,263134
Burundi,BDI,"Population ages 10-14, male",SP.POP.1014.MA,863677,905511,942655,975340,1002531,1021974
Burundi,BDI,"Population ages 15-19, female",SP.POP.1519.FE,643575,683035,724062,765899,807550,849335
Burundi,BDI,"Population ages 10-14, female",SP.POP.1014.FE,859777,901066,937674,969788,996351,1015094
Burundi,BDI,"Population ages 15-19, male",SP.POP.1519.MA,644797,684070,724985,766801,808620,850731
Burundi,BDI,"Population ages 20-24, female",SP.POP.2024.FE,497091,510226,531886,562455,595397,629600
Burundi,BDI,"Population ages 20-24, male",SP.POP.2024.MA,496127,509183,530635,560796,593204,626835
Burundi,BDI,"Population ages 25-29, female",SP.POP.2529.FE,448491,452439,455306,456487,468206,484141
Burundi,BDI,"Population ages 25-29, male",SP.POP.2529.MA,443636,447931,450896,452142,463775,479428
Burundi,BDI,"Population ages 30-34, female",SP.POP.3034.FE,434444,438360,442231,447247,442774,436753
Burundi,BDI,"Population ages 30-34, male",SP.POP.3034.MA,425206,429409,433567,438882,434825,429240
Burundi,BDI,"Population ages 35-39, female",SP.POP.3539.FE,385762,397344,405388,412865,418837,423148
Burundi,BDI,"Population ages 35-39, male",SP.POP.3539.MA,373604,385014,393102,400717,406848,411370
Burundi,BDI,"Population ages 40-44, female",SP.POP.4044.FE,279163,299326,320816,341166,359140,374447
Burundi,BDI,"Population ages 40-44, male",SP.POP.4044.MA,269115,288164,308548,327985,345247,360045
Burundi,BDI,"Population ages 45-49, female",SP.POP.4549.FE,193751,205435,218225,233771,251693,269589
Burundi,BDI,"Population ages 45-49, male",SP.POP.4549.MA,186028,197180,209245,223861,240651,257374
Burundi,BDI,"Population ages 50-54, female",SP.POP.5054.FE,143147,150624,159098,167467,175726,185492
Burundi,BDI,"Population ages 50-54, male",SP.POP.5054.MA,134597,141805,149988,158119,166129,175485
Burundi,BDI,"Population ages 55-59, female",SP.POP.5559.FE,110240,113525,117479,122458,128530,135052
Burundi,BDI,"Population ages 55-59, male",SP.POP.5559.MA,100487,103746,107650,112501,118310,124506
Burundi,BDI,"Population ages 60-64, female",SP.POP.6064.FE,93876,94859,96089,97731,99409,101598
Burundi,BDI,"Population ages 60-64, male",SP.POP.6064.MA,82118,83183,84530,86274,88047,90260
Burundi,BDI,"Population ages 65 and above, female",SP.POP.65UP.FE.IN,174924,181347,187651,194235,200579,206403
Burundi,BDI,"Population ages 65 and above, male",SP.POP.65UP.MA.IN,132309,137848,143491,149410,155084,160270
Cabo Verde,CPV,"Population ages 10-14, male",SP.POP.1014.MA,25394,25483,25612,25657,25583,25419
Cabo Verde,CPV,"Population ages 15-19, female",SP.POP.1519.FE,21029,21588,22303,22767,23066,23285
Cabo Verde,CPV,"Population ages 10-14, female",SP.POP.1014.FE,23591,23661,23814,23910,23939,23919
Cabo Verde,CPV,"Population ages 15-19, male",SP.POP.1519.MA,23545,23875,24350,24687,24931,25124
Cabo Verde,CPV,"Population ages 20-24, female",SP.POP.2024.FE,20669,19664,19328,19356,19721,20326
Cabo Verde,CPV,"Population ages 20-24, male",SP.POP.2024.MA,23107,22444,22271,22286,22519,22889
Cabo Verde,CPV,"Population ages 25-29, female",SP.POP.2529.FE,23380,22787,22236,21501,20697,19843
Cabo Verde,CPV,"Population ages 25-29, male",SP.POP.2529.MA,25266,24673,24179,23538,22859,22255
Cabo Verde,CPV,"Population ages 30-34, female",SP.POP.3034.FE,22420,22719,22976,22959,22847,22690
Cabo Verde,CPV,"Population ages 30-34, male",SP.POP.3034.MA,24051,24297,24572,24661,24658,24507
Cabo Verde,CPV,"Population ages 35-39, female",SP.POP.3539.FE,18326,18976,19799,20606,21323,21901
Cabo Verde,CPV,"Population ages 35-39, male",SP.POP.3539.MA,20298,20729,21419,22125,22793,23373
Cabo Verde,CPV,"Population ages 40-44, female",SP.POP.4044.FE,14221,14756,15444,16233,17093,17905
Cabo Verde,CPV,"Population ages 40-44, male",SP.POP.4044.MA,16289,16930,17669,18382,19042,19633
Cabo Verde,CPV,"Population ages 45-49, female",SP.POP.4549.FE,11668,11898,12320,12768,13289,13894
Cabo Verde,CPV,"Population ages 45-49, male",SP.POP.4549.MA,12787,13141,13658,14241,14938,15701
Cabo Verde,CPV,"Population ages 50-54, female",SP.POP.5054.FE,11646,11494,11385,11269,11233,11366
Cabo Verde,CPV,"Population ages 50-54, male",SP.POP.5054.MA,11798,11777,11796,11803,11889,12164
Cabo Verde,CPV,"Population ages 55-59, female",SP.POP.5559.FE,10831,11060,11277,11390,11397,11342
Cabo Verde,CPV,"Population ages 55-59, male",SP.POP.5559.MA,10297,10549,10788,10966,11061,11114
Cabo Verde,CPV,"Population ages 60-64, female",SP.POP.6064.FE,8764,9096,9459,9817,10153,10469
Cabo Verde,CPV,"Population ages 60-64, male",SP.POP.6064.MA,7349,7872,8381,8866,9279,9600
Cabo Verde,CPV,"Population ages 65 and above, female",SP.POP.65UP.FE.IN,19115,19625,20260,21038,21871,22717
Cabo Verde,CPV,"Population ages 65 and above, male",SP.POP.65UP.MA.IN,11676,12077,12633,13328,14126,15008
Cambodia,KHM,"Population ages 10-14, male",SP.POP.1014.MA,863120,862471,856258,850791,850779,856440
Cambodia,KHM,"Population ages 15-19, female",SP.POP.1519.FE,739018,756453,772979,788643,800795,808145
Cambodia,KHM,"Population ages 10-14, female",SP.POP.1014.FE,822879,823768,820881,818662,820380,826113
Cambodia,KHM,"Population ages 15-19, male",SP.POP.1519.MA,758445,780963,800331,817062,830326,839222
Cambodia,KHM,"Population ages 20-24, female",SP.POP.2024.FE,686666,686323,688040,692043,700568,714325
Cambodia,KHM,"Population ages 20-24, male",SP.POP.2024.MA,668134,671340,676793,685521,699842,719794
Cambodia,KHM,"Population ages 25-29, female",SP.POP.2529.FE,730369,718935,703262,687455,674168,665714
Cambodia,KHM,"Population ages 25-29, male",SP.POP.2529.MA,706877,692631,674870,658036,645082,638357
Cambodia,KHM,"Population ages 30-34, female",SP.POP.3034.FE,705240,714727,722597,726701,725045,717007
Cambodia,KHM,"Population ages 30-34, male",SP.POP.3034.MA,686195,695627,703301,706287,701871,690064
Cambodia,KHM,"Population ages 35-39, female",SP.POP.3539.FE,659119,667942,673928,681007,688819,696619
Cambodia,KHM,"Population ages 35-39, male",SP.POP.3539.MA,641097,647744,652320,658974,666864,674570
Cambodia,KHM,"Population ages 40-44, female",SP.POP.4044.FE,481191,528075,572128,607959,633711,649550
Cambodia,KHM,"Population ages 40-44, male",SP.POP.4044.MA,467847,514848,557991,591835,614863,628000
Cambodia,KHM,"Population ages 45-49, female",SP.POP.4549.FE,389545,383221,386214,402221,431446,471723
Cambodia,KHM,"Population ages 45-49, male",SP.POP.4549.MA,362063,358368,364077,382794,414110,455236
Cambodia,KHM,"Population ages 50-54, female",SP.POP.5054.FE,399787,403199,403125,398587,389888,379763
Cambodia,KHM,"Population ages 50-54, male",SP.POP.5054.MA,356682,362520,365244,363220,356712,348911
Cambodia,KHM,"Population ages 55-59, female",SP.POP.5559.FE,357976,363720,369511,375651,381233,385967
Cambodia,KHM,"Population ages 55-59, male",SP.POP.5559.MA,304375,311441,318093,325460,332538,338892
Cambodia,KHM,"Population ages 60-64, female",SP.POP.6064.FE,298846,308166,317497,326577,334347,340512
Cambodia,KHM,"Population ages 60-64, male",SP.POP.6064.MA,218441,233488,248725,262748,274218,282758
Cambodia,KHM,"Population ages 65 and above, female",SP.POP.65UP.FE.IN,555840,581578,607860,635744,663786,692322
Cambodia,KHM,"Population ages 65 and above, male",SP.POP.65UP.MA.IN,353815,368085,384156,402926,423418,445862
Cameroon,CMR,"Population ages 10-14, male",SP.POP.1014.MA,1634037,1676397,1716827,1755096,1791426,1830617
Cameroon,CMR,"Population ages 15-19, female",SP.POP.1519.FE,1377539,1425520,1474672,1523059,1569078,1612191
Cameroon,CMR,"Population ages 10-14, female",SP.POP.1014.FE,1624395,1665306,1703702,1739522,1773325,1809995
Cameroon,CMR,"Population ages 15-19, male",SP.POP.1519.MA,1382871,1431050,1480285,1528843,1575309,1619293
Cameroon,CMR,"Population ages 20-24, female",SP.POP.2024.FE,1173119,1203289,1237502,1276000,1316736,1359719
Cameroon,CMR,"Population ages 20-24, male",SP.POP.2024.MA,1172276,1202386,1236668,1275367,1316405,1359638
Cameroon,CMR,"Population ages 25-29, female",SP.POP.2529.FE,1044288,1063898,1083013,1104444,1129187,1156728
Cameroon,CMR,"Population ages 25-29, male",SP.POP.2529.MA,1039386,1058625,1077313,1098191,1122435,1149693
Cameroon,CMR,"Population ages 30-34, female",SP.POP.3034.FE,906136,932785,957898,982118,1005760,1028208
Cameroon,CMR,"Population ages 30-34, male",SP.POP.3034.MA,900737,926018,949787,972935,995726,1017543
Cameroon,CMR,"Population ages 35-39, female",SP.POP.3539.FE,752227,778425,804308,831751,860719,889261
Cameroon,CMR,"Population ages 35-39, male",SP.POP.3539.MA,746670,771862,796638,822949,850650,877784
Cameroon,CMR,"Population ages 40-44, female",SP.POP.4044.FE,601334,626735,654182,681702,707993,734437
Cameroon,CMR,"Population ages 40-44, male",SP.POP.4044.MA,594626,618931,645202,671637,696890,722255
Cameroon,CMR,"Population ages 45-49, female",SP.POP.4549.FE,477783,496215,515655,536744,559214,583098
Cameroon,CMR,"Population ages 45-49, male",SP.POP.4549.MA,469274,486697,505046,525019,546355,569057
Cameroon,CMR,"Population ages 50-54, female",SP.POP.5054.FE,368737,385876,403443,421615,439993,458374
Cameroon,CMR,"Population ages 50-54, male",SP.POP.5054.MA,356765,373138,389857,407106,424488,441806
Cameroon,CMR,"Population ages 55-59, female",SP.POP.5559.FE,282351,292099,303219,316507,331730,348194
Cameroon,CMR,"Population ages 55-59, male",SP.POP.5559.MA,265917,275079,285648,298297,312765,328355
Cameroon,CMR,"Population ages 60-64, female",SP.POP.6064.FE,219889,226912,234258,242313,250799,259827
Cameroon,CMR,"Population ages 60-64, male",SP.POP.6064.MA,199845,206081,212790,220200,228037,236394
Cameroon,CMR,"Population ages 65 and above, female",SP.POP.65UP.FE.IN,402916,412286,422557,435426,449894,465073
Cameroon,CMR,"Population ages 65 and above, male",SP.POP.65UP.MA.IN,324912,332232,340984,351870,364056,376805
Canada,CAN,"Population ages 10-14, male",SP.POP.1014.MA,1055414,1064345,1079065,1099413,1097450,1097195
Canada,CAN,"Population ages 15-19, female",SP.POP.1519.FE,1025696,1014032,1031023,1073070,1091770,1103430
Canada,CAN,"Population ages 10-14, female",SP.POP.1014.FE,1016537,1023998,1036634,1054568,1051264,1049681
Canada,CAN,"Population ages 15-19, male",SP.POP.1519.MA,1072990,1055253,1067009,1106650,1125413,1139007
Canada,CAN,"Population ages 20-24, female",SP.POP.2024.FE,1187469,1179621,1192577,1220823,1220229,1215737
Canada,CAN,"Population ages 20-24, male",SP.POP.2024.MA,1295709,1280213,1278406,1289909,1273287,1256363
Canada,CAN,"Population ages 25-29, female",SP.POP.2529.FE,1279204,1274968,1295657,1341437,1358980,1370061
Canada,CAN,"Population ages 25-29, male",SP.POP.2529.MA,1366257,1369852,1399379,1450767,1467333,1473733
Canada,CAN,"Population ages 30-34, female",SP.POP.3034.FE,1311085,1325207,1358814,1410347,1423997,1425860
Canada,CAN,"Population ages 30-34, male",SP.POP.3034.MA,1349865,1369845,1411232,1473043,1496582,1508140
Canada,CAN,"Population ages 35-39, female",SP.POP.3539.FE,1311903,1322472,1347969,1389913,1405344,1420114
Canada,CAN,"Population ages 35-39, male",SP.POP.3539.MA,1316898,1334974,1367020,1415374,1436658,1456892
Canada,CAN,"Population ages 40-44, female",SP.POP.4044.FE,1244904,1263228,1299410,1351499,1374161,1390179
Canada,CAN,"Population ages 40-44, male",SP.POP.4044.MA,1221828,1242980,1282904,1340470,1370279,1393556
Canada,CAN,"Population ages 45-49, female",SP.POP.4549.FE,1207130,1204884,1224170,1262473,1280512,1300088
Canada,CAN,"Population ages 45-49, male",SP.POP.4549.MA,1186692,1181429,1198273,1235433,1253831,1274563
Canada,CAN,"Population ages 50-54, female",SP.POP.5054.FE,1241789,1226836,1232703,1251662,1247928,1245323
Canada,CAN,"Population ages 50-54, male",SP.POP.5054.MA,1228040,1210598,1214534,1231627,1225563,1219896
Canada,CAN,"Population ages 55-59, female",SP.POP.5559.FE,1380843,1359135,1339330,1325605,1290398,1266465
Canada,CAN,"Population ages 55-59, male",SP.POP.5559.MA,1366135,1343626,1321131,1304228,1267440,1242109
Canada,CAN,"Population ages 60-64, female",SP.POP.6064.FE,1298328,1316005,1344053,1382838,1392646,1390628
Canada,CAN,"Population ages 60-64, male",SP.POP.6064.MA,1258723,1276980,1303905,1341642,1353262,1353238
Canada,CAN,"Population ages 65 and above, female",SP.POP.65UP.FE.IN,3695111,3812528,3974987,4179040,4311207,4445556
Canada,CAN,"Population ages 65 and above, male",SP.POP.65UP.MA.IN,3144495,3255063,3400361,3583132,3705964,3828050
Caribbean small states,CSS,"Population ages 10-14, male",SP.POP.1014.MA,130584,130531,130306,129834,129245,129022
Caribbean small states,CSS,"Population ages 15-19, female",SP.POP.1519.FE,127327,125630,124822,124809,125316,125629
Caribbean small states,CSS,"Population ages 10-14, female",SP.POP.1014.FE,126702,126526,126244,125807,125274,125059
Caribbean small states,CSS,"Population ages 15-19, male",SP.POP.1519.MA,130774,128971,128251,128399,128997,129419
Caribbean small states,CSS,"Population ages 20-24, female",SP.POP.2024.FE,133669,133166,131933,129915,127428,124977
Caribbean small states,CSS,"Population ages 20-24, male",SP.POP.2024.MA,135470,135317,134551,132866,130492,128089
Caribbean small states,CSS,"Population ages 25-29, female",SP.POP.2529.FE,128291,129834,130846,131284,131336,131074
Caribbean small states,CSS,"Population ages 25-29, male",SP.POP.2529.MA,127407,129140,130583,131558,132071,132317
Caribbean small states,CSS,"Population ages 30-34, female",SP.POP.3034.FE,115589,117589,119960,122327,124330,126020
Caribbean small states,CSS,"Population ages 30-34, male",SP.POP.3034.MA,112217,114386,117190,120041,122443,124495
Caribbean small states,CSS,"Population ages 35-39, female",SP.POP.3539.FE,107560,109051,110195,111067,112109,113588
Caribbean small states,CSS,"Population ages 35-39, male",SP.POP.3539.MA,104073,105406,106476,107209,108071,109597
Caribbean small states,CSS,"Population ages 40-44, female",SP.POP.4044.FE,98773,99494,100753,102394,104061,105657
Caribbean small states,CSS,"Population ages 40-44, male",SP.POP.4044.MA,94501,95028,96286,98030,99753,101340
Caribbean small states,CSS,"Population ages 45-49, female",SP.POP.4549.FE,97133,96942,96564,96344,96386,96721
Caribbean small states,CSS,"Population ages 45-49, male",SP.POP.4549.MA,93355,92841,92084,91441,91135,91288
Caribbean small states,CSS,"Population ages 50-54, female",SP.POP.5054.FE,91651,92219,92958,93732,94259,94478
Caribbean small states,CSS,"Population ages 50-54, male",SP.POP.5054.MA,87550,87823,88253,88780,89067,89071
Caribbean small states,CSS,"Population ages 55-59, female",SP.POP.5559.FE,82970,84603,85914,86956,87637,88192
Caribbean small states,CSS,"Population ages 55-59, male",SP.POP.5559.MA,78013,79265,80228,80956,81401,81785
Caribbean small states,CSS,"Population ages 60-64, female",SP.POP.6064.FE,67433,69773,72016,74391,76648,78656
Caribbean small states,CSS,"Population ages 60-64, male",SP.POP.6064.MA,60703,62780,64848,67053,69048,70725
Caribbean small states,CSS,"Population ages 65 and above, female",SP.POP.65UP.FE.IN,143660,148043,152802,158674,164856,171359
Caribbean small states,CSS,"Population ages 65 and above, male",SP.POP.65UP.MA.IN,111331,113619,116366,120319,124672,129373
Cayman Islands,CYM,"Population ages 10-14, male",SP.POP.1014.MA,1919,1986,2021,2019,1994,1962
Cayman Islands,CYM,"Population ages 15-19, female",SP.POP.1519.FE,1606,1656,1750,1845,1923,1981
Cayman Islands,CYM,"Population ages 10-14, female",SP.POP.1014.FE,1841,1890,1921,1931,1930,1922
Cayman Islands,CYM,"Population ages 15-19, male",SP.POP.1519.MA,1588,1630,1730,1851,1966,2060
Cayman Islands,CYM,"Population ages 20-24, female",SP.POP.2024.FE,1919,1847,1826,1842,1904,1994
Cayman Islands,CYM,"Population ages 20-24, male",SP.POP.2024.MA,2016,1941,1899,1880,1903,1974
Cayman Islands,CYM,"Population ages 25-29, female",SP.POP.2529.FE,2823,2786,2692,2573,2453,2354
Cayman Islands,CYM,"Population ages 25-29, male",SP.POP.2529.MA,2811,2770,2686,2598,2510,2438
Cayman Islands,CYM,"Population ages 30-34, female",SP.POP.3034.FE,3199,3259,3268,3272,3253,3196
Cayman Islands,CYM,"Population ages 30-34, male",SP.POP.3034.MA,3303,3370,3351,3317,3260,3179
Cayman Islands,CYM,"Population ages 35-39, female",SP.POP.3539.FE,3367,3416,3443,3461,3467,3467
Cayman Islands,CYM,"Population ages 35-39, male",SP.POP.3539.MA,3455,3520,3546,3569,3582,3584
Cayman Islands,CYM,"Population ages 40-44, female",SP.POP.4044.FE,3246,3316,3380,3434,3475,3510
Cayman Islands,CYM,"Population ages 40-44, male",SP.POP.4044.MA,3399,3444,3483,3528,3570,3606
Cayman Islands,CYM,"Population ages 45-49, female",SP.POP.4549.FE,3092,3114,3148,3193,3253,3316
Cayman Islands,CYM,"Population ages 45-49, male",SP.POP.4549.MA,3256,3320,3372,3413,3445,3468
Cayman Islands,CYM,"Population ages 50-54, female",SP.POP.5054.FE,2807,2902,2980,3034,3070,3101
Cayman Islands,CYM,"Population ages 50-54, male",SP.POP.5054.MA,2855,2941,3023,3103,3183,3258
Cayman Islands,CYM,"Population ages 55-59, female",SP.POP.5559.FE,2208,2308,2431,2557,2676,2787
Cayman Islands,CYM,"Population ages 55-59, male",SP.POP.5559.MA,2278,2419,2539,2641,2728,2812
Cayman Islands,CYM,"Population ages 60-64, female",SP.POP.6064.FE,1592,1688,1795,1908,2033,2157
Cayman Islands,CYM,"Population ages 60-64, male",SP.POP.6064.MA,1433,1557,1711,1879,2048,2211
Cayman Islands,CYM,"Population ages 65 and above, female",SP.POP.65UP.FE.IN,2718,2906,3124,3358,3611,3889
Cayman Islands,CYM,"Population ages 65 and above, male",SP.POP.65UP.MA.IN,2396,2537,2701,2880,3088,3327
Central African Republic,CAF,"Population ages 10-14, male",SP.POP.1014.MA,353697,365951,376734,388451,401069,407127
Central African Republic,CAF,"Population ages 15-19, female",SP.POP.1519.FE,311117,315409,318273,322369,327881,337497
Central African Republic,CAF,"Population ages 10-14, female",SP.POP.1014.FE,348769,360934,372039,383401,394586,399655
Central African Republic,CAF,"Population ages 15-19, male",SP.POP.1519.MA,312790,317564,316005,317342,325406,337077
Central African Republic,CAF,"Population ages 20-24, female",SP.POP.2024.FE,251053,258621,264063,273098,282757,290999
Central African Republic,CAF,"Population ages 20-24, male",SP.POP.2024.MA,242039,248874,244607,246650,259963,272479
Central African Republic,CAF,"Population ages 25-29, female",SP.POP.2529.FE,181271,187352,193252,203048,214855,227434
Central African Republic,CAF,"Population ages 25-29, male",SP.POP.2529.MA,163785,169804,168541,171712,183264,195805
Central African Republic,CAF,"Population ages 30-34, female",SP.POP.3034.FE,134880,138241,140457,145386,152705,161407
Central African Republic,CAF,"Population ages 30-34, male",SP.POP.3034.MA,109654,112588,111268,113353,121223,130274
Central African Republic,CAF,"Population ages 35-39, female",SP.POP.3539.FE,98830,100824,102961,107721,113641,119631
Central African Republic,CAF,"Population ages 35-39, male",SP.POP.3539.MA,78710,78549,76247,77115,81763,87098
Central African Republic,CAF,"Population ages 40-44, female",SP.POP.4044.FE,75578,77059,77977,80211,83531,87081
Central African Republic,CAF,"Population ages 40-44, male",SP.POP.4044.MA,61152,61256,59153,58531,60283,62216
Central African Republic,CAF,"Population ages 45-49, female",SP.POP.4549.FE,71495,68171,64768,63288,63973,65960
Central African Republic,CAF,"Population ages 45-49, male",SP.POP.4549.MA,55133,52429,48458,46321,46883,48263
Central African Republic,CAF,"Population ages 50-54, female",SP.POP.5054.FE,70729,69784,67396,65307,63870,61920
Central African Republic,CAF,"Population ages 50-54, male",SP.POP.5054.MA,50789,49684,46593,44375,43927,43067
Central African Republic,CAF,"Population ages 55-59, female",SP.POP.5559.FE,60848,60903,59677,59116,59800,60234
Central African Republic,CAF,"Population ages 55-59, male",SP.POP.5559.MA,43681,42499,39628,37862,38271,38658
Central African Republic,CAF,"Population ages 60-64, female",SP.POP.6064.FE,47015,47826,47163,47082,48425,49552
Central African Republic,CAF,"Population ages 60-64, male",SP.POP.6064.MA,36869,35986,33252,31317,31389,31439
Central African Republic,CAF,"Population ages 65 and above, female",SP.POP.65UP.FE.IN,59983,62434,61378,61831,66319,70797
Central African Republic,CAF,"Population ages 65 and above, male",SP.POP.65UP.MA.IN,50634,51145,47908,46126,48348,50384
Central Europe and the Baltics,CEB,"Population ages 10-14, male",SP.POP.1014.MA,2778809,2774981,2771765,2747230,2695238,2646249
Central Europe and the Baltics,CEB,"Population ages 15-19, female",SP.POP.1519.FE,2388140,2390447,2450550,2526016,2577836,2607532
Central Europe and the Baltics,CEB,"Population ages 10-14, female",SP.POP.1014.FE,2646432,2642966,2638642,2614264,2563299,2513363
Central Europe and the Baltics,CEB,"Population ages 15-19, male",SP.POP.1519.MA,2511435,2513492,2573531,2649882,2704286,2735784
Central Europe and the Baltics,CEB,"Population ages 20-24, female",SP.POP.2024.FE,2560328,2480418,2453044,2440269,2400098,2363736
Central Europe and the Baltics,CEB,"Population ages 20-24, male",SP.POP.2024.MA,2699947,2613156,2576794,2557179,2515305,2479067
Central Europe and the Baltics,CEB,"Population ages 25-29, female",SP.POP.2529.FE,3020783,2878089,2797319,2729621,2627884,2519412
Central Europe and the Baltics,CEB,"Population ages 25-29, male",SP.POP.2529.MA,3200156,3049265,2957085,2877454,2765979,2650360
Central Europe and the Baltics,CEB,"Population ages 30-34, female",SP.POP.3034.FE,3525357,3413191,3333086,3247345,3120417,2971986
Central Europe and the Baltics,CEB,"Population ages 30-34, male",SP.POP.3034.MA,3725057,3609599,3526199,3434620,3299011,3141795
Central Europe and the Baltics,CEB,"Population ages 35-39, female",SP.POP.3539.FE,3686490,3612565,3591562,3587366,3544718,3465281
Central Europe and the Baltics,CEB,"Population ages 35-39, male",SP.POP.3539.MA,3888177,3812943,3788205,3780509,3733875,3649520
Central Europe and the Baltics,CEB,"Population ages 40-44, female",SP.POP.4044.FE,3936816,3858461,3806543,3746207,3672084,3612578
Central Europe and the Baltics,CEB,"Population ages 40-44, male",SP.POP.4044.MA,4103364,4030612,3981927,3924944,3850607,3789517
Central Europe and the Baltics,CEB,"Population ages 45-49, female",SP.POP.4549.FE,3697849,3743159,3813513,3870455,3878099,3847256
Central Europe and the Baltics,CEB,"Population ages 45-49, male",SP.POP.4549.MA,3793710,3843777,3918470,3982170,3996292,3972255
Central Europe and the Baltics,CEB,"Population ages 50-54, female",SP.POP.5054.FE,3413079,3452672,3489923,3501199,3531014,3595357
Central Europe and the Baltics,CEB,"Population ages 50-54, male",SP.POP.5054.MA,3399172,3446446,3492130,3514035,3553055,3624125
Central Europe and the Baltics,CEB,"Population ages 55-59, female",SP.POP.5559.FE,3237621,3139448,3126457,3182286,3239535,3295115
Central Europe and the Baltics,CEB,"Population ages 55-59, male",SP.POP.5559.MA,3072625,2992577,2992908,3056614,3119489,3181252
Central Europe and the Baltics,CEB,"Population ages 60-64, female",SP.POP.6064.FE,3646162,3491317,3366426,3260525,3163917,3081462
Central Europe and the Baltics,CEB,"Population ages 60-64, male",SP.POP.6064.MA,3189621,3064808,2970217,2899090,2838140,2785796
Central Europe and the Baltics,CEB,"Population ages 65 and above, female",SP.POP.65UP.FE.IN,11787021,11830262,11946156,12110769,12236382,12338559
Central Europe and the Baltics,CEB,"Population ages 65 and above, male",SP.POP.65UP.MA.IN,7765681,7798136,7890938,8036809,8155882,8259019
Chad,TCD,"Population ages 10-14, male",SP.POP.1014.MA,1153209,1192469,1232367,1275460,1320616,1361195
Chad,TCD,"Population ages 15-19, female",SP.POP.1519.FE,907796,946807,987554,1041529,1091728,1120017
Chad,TCD,"Population ages 10-14, female",SP.POP.1014.FE,1118745,1157430,1197127,1240415,1285846,1326419
Chad,TCD,"Population ages 15-19, male",SP.POP.1519.MA,932240,972469,1014504,1068568,1119033,1148985
Chad,TCD,"Population ages 20-24, female",SP.POP.2024.FE,749881,781601,811449,862643,916809,938445
Chad,TCD,"Population ages 20-24, male",SP.POP.2024.MA,764451,796139,825974,875980,929161,952114
Chad,TCD,"Population ages 25-29, female",SP.POP.2529.FE,613075,640141,668669,715151,773897,808113
Chad,TCD,"Population ages 25-29, male",SP.POP.2529.MA,617939,645664,674508,720431,778141,812016
Chad,TCD,"Population ages 30-34, female",SP.POP.3034.FE,492343,516030,541322,582819,630471,658693
Chad,TCD,"Population ages 30-34, male",SP.POP.3034.MA,489512,513864,539750,582019,630160,658645
Chad,TCD,"Population ages 35-39, female",SP.POP.3539.FE,402664,416857,435010,462441,494303,518413
Chad,TCD,"Population ages 35-39, male",SP.POP.3539.MA,395413,409917,428334,456601,489201,513535
Chad,TCD,"Population ages 40-44, female",SP.POP.4044.FE,346449,353393,358915,374819,398489,413986
Chad,TCD,"Population ages 40-44, male",SP.POP.4044.MA,337595,344271,349624,366002,390098,405526
Chad,TCD,"Population ages 45-49, female",SP.POP.4549.FE,289483,300533,310442,323203,338000,348215
Chad,TCD,"Population ages 45-49, male",SP.POP.4549.MA,279409,290166,299727,312648,327461,337103
Chad,TCD,"Population ages 50-54, female",SP.POP.5054.FE,223472,232657,243125,257258,272894,285060
Chad,TCD,"Population ages 50-54, male",SP.POP.5054.MA,210346,219482,229872,244293,260080,271820
Chad,TCD,"Population ages 55-59, female",SP.POP.5559.FE,169928,177316,185010,194651,205767,215005
Chad,TCD,"Population ages 55-59, male",SP.POP.5559.MA,155361,162217,169488,179141,190297,199239
Chad,TCD,"Population ages 60-64, female",SP.POP.6064.FE,123174,128566,134512,142025,150823,158205
Chad,TCD,"Population ages 60-64, male",SP.POP.6064.MA,109458,114278,119675,126833,135204,141870
Chad,TCD,"Population ages 65 and above, female",SP.POP.65UP.FE.IN,193190,200069,207921,219051,232377,242753
Chad,TCD,"Population ages 65 and above, male",SP.POP.65UP.MA.IN,159525,164926,171431,181776,194014,202305
Channel Islands,CHI,"Population ages 10-14, male",SP.POP.1014.MA,4356,4414,4494,4538,4529,4501
Channel Islands,CHI,"Population ages 15-19, female",SP.POP.1519.FE,4082,4078,4153,4234,4302,4378
Channel Islands,CHI,"Population ages 10-14, female",SP.POP.1014.FE,4231,4305,4366,4399,4387,4367
Channel Islands,CHI,"Population ages 15-19, male",SP.POP.1519.MA,4271,4278,4337,4396,4448,4499
Channel Islands,CHI,"Population ages 20-24, female",SP.POP.2024.FE,4477,4483,4476,4468,4474,4488
Channel Islands,CHI,"Population ages 20-24, male",SP.POP.2024.MA,4795,4761,4702,4644,4614,4643
Channel Islands,CHI,"Population ages 25-29, female",SP.POP.2529.FE,4841,4738,4691,4703,4731,4773
Channel Islands,CHI,"Population ages 25-29, male",SP.POP.2529.MA,5009,4951,4933,4974,5042,5083
Channel Islands,CHI,"Population ages 30-34, female",SP.POP.3034.FE,5268,5338,5352,5295,5212,5082
Channel Islands,CHI,"Population ages 30-34, male",SP.POP.3034.MA,5396,5411,5420,5388,5327,5241
Channel Islands,CHI,"Population ages 35-39, female",SP.POP.3539.FE,5664,5579,5542,5543,5498,5461
Channel Islands,CHI,"Population ages 35-39, male",SP.POP.3539.MA,5731,5696,5681,5667,5639,5593
Channel Islands,CHI,"Population ages 40-44, female",SP.POP.4044.FE,5662,5769,5838,5876,5889,5812
Channel Islands,CHI,"Population ages 40-44, male",SP.POP.4044.MA,5620,5712,5817,5894,5920,5874
Channel Islands,CHI,"Population ages 45-49, female",SP.POP.4549.FE,6147,5975,5810,5720,5695,5738
Channel Islands,CHI,"Population ages 45-49, male",SP.POP.4549.MA,5983,5814,5693,5635,5634,5682
Channel Islands,CHI,"Population ages 50-54, female",SP.POP.5054.FE,6850,6794,6688,6537,6365,6184
Channel Islands,CHI,"Population ages 50-54, male",SP.POP.5054.MA,6637,6582,6506,6370,6176,5984
Channel Islands,CHI,"Population ages 55-59, female",SP.POP.5559.FE,6450,6628,6762,6821,6831,6808
Channel Islands,CHI,"Population ages 55-59, male",SP.POP.5559.MA,6417,6550,6593,6615,6606,6554
Channel Islands,CHI,"Population ages 60-64, female",SP.POP.6064.FE,5458,5639,5812,5980,6161,6353
Channel Islands,CHI,"Population ages 60-64, male",SP.POP.6064.MA,5274,5441,5632,5815,6005,6207
Channel Islands,CHI,"Population ages 65 and above, female",SP.POP.65UP.FE.IN,16994,17239,17523,17893,18294,18690
Channel Islands,CHI,"Population ages 65 and above, male",SP.POP.65UP.MA.IN,14368,14619,14823,15082,15382,15702
Chile,CHL,"Population ages 10-14, male",SP.POP.1014.MA,616424,623027,628658,631358,632673,632896
Chile,CHL,"Population ages 15-19, female",SP.POP.1519.FE,616798,602517,594122,592471,595219,600000
Chile,CHL,"Population ages 10-14, female",SP.POP.1014.FE,591940,598805,604590,607569,608982,609304
Chile,CHL,"Population ages 15-19, male",SP.POP.1519.MA,639018,625398,617420,616013,618897,623629
Chile,CHL,"Population ages 20-24, female",SP.POP.2024.FE,721471,704223,688472,671864,655022,638301
Chile,CHL,"Population ages 20-24, male",SP.POP.2024.MA,741941,723842,707108,690037,673557,657857
Chile,CHL,"Population ages 25-29, female",SP.POP.2529.FE,797116,792156,785139,775831,763477,747629
Chile,CHL,"Population ages 25-29, male",SP.POP.2529.MA,817700,811680,803998,793927,780959,764828
Chile,CHL,"Population ages 30-34, female",SP.POP.3034.FE,780449,795033,807067,814411,817608,817012
Chile,CHL,"Population ages 30-34, male",SP.POP.3034.MA,799753,815221,827288,834125,836453,834662
Chile,CHL,"Population ages 35-39, female",SP.POP.3539.FE,710965,725313,741692,758933,776246,792605
Chile,CHL,"Population ages 35-39, male",SP.POP.3539.MA,724557,738938,755734,773666,791872,809393
Chile,CHL,"Population ages 40-44, female",SP.POP.4044.FE,668169,675065,683296,692781,704117,717149
Chile,CHL,"Population ages 40-44, male",SP.POP.4044.MA,677602,685038,693685,703612,715225,728266
Chile,CHL,"Population ages 45-49, female",SP.POP.4549.FE,646507,649398,653192,657851,663317,669527
Chile,CHL,"Population ages 45-49, male",SP.POP.4549.MA,648678,652362,656873,662342,668759,675848
Chile,CHL,"Population ages 50-54, female",SP.POP.5054.FE,624222,629116,633283,637002,640385,643454
Chile,CHL,"Population ages 50-54, male",SP.POP.5054.MA,615791,621706,626796,631789,636517,640714
Chile,CHL,"Population ages 55-59, female",SP.POP.5559.FE,577986,586850,595094,602749,609765,616008
Chile,CHL,"Population ages 55-59, male",SP.POP.5559.MA,557745,566701,575183,583889,592697,600730
Chile,CHL,"Population ages 60-64, female",SP.POP.6064.FE,509078,520887,531979,542995,553821,564036
Chile,CHL,"Population ages 60-64, male",SP.POP.6064.MA,482510,493112,502903,513041,523765,534538
Chile,CHL,"Population ages 65 and above, female",SP.POP.65UP.FE.IN,1335554,1376488,1418567,1465306,1517391,1571101
Chile,CHL,"Population ages 65 and above, male",SP.POP.65UP.MA.IN,1110339,1144359,1182002,1226641,1276376,1326411
China,CHN,"Population ages 10-14, male",SP.POP.1014.MA,45390757,46077575,46945694,47697475,48045820,48117187
China,CHN,"Population ages 15-19, female",SP.POP.1519.FE,36255224,36210584,36559731,37182969,37937882,38657905
China,CHN,"Population ages 10-14, female",SP.POP.1014.FE,38718791,39352043,40161573,40892243,41300378,41490149
China,CHN,"Population ages 15-19, male",SP.POP.1519.MA,42444894,42441714,42880142,43619845,44498151,45314641
China,CHN,"Population ages 20-24, female",SP.POP.2024.FE,38255106,37629021,37035577,36605841,36313503,36004354
China,CHN,"Population ages 20-24, male",SP.POP.2024.MA,44208685,43637348,43079433,42690196,42450300,42180291
China,CHN,"Population ages 25-29, female",SP.POP.2529.FE,46168527,43238213,41562725,40184117,38962951,38114925
China,CHN,"Population ages 25-29, male",SP.POP.2529.MA,51917714,48943931,47322938,45996968,44809495,44016212
China,CHN,"Population ages 30-34, female",SP.POP.3034.FE,57874577,57929324,55702933,52861422,49750748,46073123
China,CHN,"Population ages 30-34, male",SP.POP.3034.MA,63016755,63431979,61347262,58571312,55474213,51721398
China,CHN,"Population ages 35-39, female",SP.POP.3539.FE,49544962,50904100,52391805,54111081,56029027,57772951
China,CHN,"Population ages 35-39, male",SP.POP.3539.MA,52572479,54207913,56040230,58164459,60535726,62767269
China,CHN,"Population ages 40-44, female",SP.POP.4044.FE,45127659,45150868,46321543,47658004,48433948,49415309
China,CHN,"Population ages 40-44, male",SP.POP.4044.MA,47188710,47300851,48623953,50128672,51062501,52247853
China,CHN,"Population ages 45-49, female",SP.POP.4549.FE,57028683,54098374,51130200,48165337,45931055,44927333
China,CHN,"Population ages 45-49, male",SP.POP.4549.MA,58708249,55783379,52814513,49849324,47633205,46682157
China,CHN,"Population ages 50-54, female",SP.POP.5054.FE,58862173,59738602,60536192,60432093,58969427,56570301
China,CHN,"Population ages 50-54, male",SP.POP.5054.MA,59481364,60422799,61302770,61288205,59907721,57573298
China,CHN,"Population ages 55-59, female",SP.POP.5559.FE,48420766,53597653,56551300,56825905,57149861,58084966
China,CHN,"Population ages 55-59, male",SP.POP.5559.MA,47982121,53103266,56011299,56295989,56652721,57630705
China,CHN,"Population ages 60-64, female",SP.POP.6064.FE,37969600,35660756,35002089,37771419,42457295,47353078
China,CHN,"Population ages 60-64, male",SP.POP.6064.MA,36274094,34097647,33543614,36317207,40891127,45620571
China,CHN,"Population ages 65 and above, female",SP.POP.65UP.FE.IN,97336695,101883426,106465255,110720269,113474950,115420672
China,CHN,"Population ages 65 and above, male",SP.POP.65UP.MA.IN,81100253,84629178,88159720,91238067,92954463,94022173
Colombia,COL,"Population ages 10-14, male",SP.POP.1014.MA,1979770,1952068,1923711,1895099,1868180,1846244
Colombia,COL,"Population ages 15-19, female",SP.POP.1519.FE,2061069,2036013,2007547,1978132,1948399,1918233
Colombia,COL,"Population ages 10-14, female",SP.POP.1014.FE,1896402,1870134,1843523,1816746,1791568,1771084
Colombia,COL,"Population ages 15-19, male",SP.POP.1519.MA,2134859,2111005,2083391,2054443,2025102,1995140
Colombia,COL,"Population ages 20-24, female",SP.POP.2024.FE,2206665,2204102,2195581,2178685,2153492,2121962
Colombia,COL,"Population ages 20-24, male",SP.POP.2024.MA,2247160,2245838,2239110,2225037,2203236,2175030
Colombia,COL,"Population ages 25-29, female",SP.POP.2529.FE,2230436,2262843,2282551,2292835,2291923,2283059
Colombia,COL,"Population ages 25-29, male",SP.POP.2529.MA,2244256,2274977,2293920,2305080,2305841,2299234
Colombia,COL,"Population ages 30-34, female",SP.POP.3034.FE,2035027,2087104,2141366,2197205,2248960,2289142
Colombia,COL,"Population ages 30-34, male",SP.POP.3034.MA,2034945,2086583,2139506,2194005,2244138,2282566
Colombia,COL,"Population ages 35-39, female",SP.POP.3539.FE,1908127,1938006,1965867,1994729,2029013,2070909
Colombia,COL,"Population ages 35-39, male",SP.POP.3539.MA,1880920,1914546,1945474,1977390,2013588,2056090
Colombia,COL,"Population ages 40-44, female",SP.POP.4044.FE,1729780,1769754,1810948,1853821,1893121,1925066
Colombia,COL,"Population ages 40-44, male",SP.POP.4044.MA,1673056,1715487,1759490,1806389,1849868,1886026
Colombia,COL,"Population ages 45-49, female",SP.POP.4549.FE,1582621,1602970,1630044,1661411,1695090,1732125
Colombia,COL,"Population ages 45-49, male",SP.POP.4549.MA,1501716,1524114,1553595,1588652,1625864,1665921
Colombia,COL,"Population ages 50-54, female",SP.POP.5054.FE,1536555,1540545,1543746,1549599,1559004,1573448
Colombia,COL,"Population ages 50-54, male",SP.POP.5054.MA,1437472,1441281,1444864,1452837,1464985,1482395
Colombia,COL,"Population ages 55-59, female",SP.POP.5559.FE,1416348,1445675,1469375,1489196,1503578,1513321
Colombia,COL,"Population ages 55-59, male",SP.POP.5559.MA,1304629,1331770,1354455,1374936,1390230,1400926
Colombia,COL,"Population ages 60-64, female",SP.POP.6064.FE,1162490,1206894,1250927,1296066,1338723,1377119
Colombia,COL,"Population ages 60-64, male",SP.POP.6064.MA,1047639,1086068,1125585,1168339,1209562,1247106
Colombia,COL,"Population ages 65 and above, female",SP.POP.65UP.FE.IN,2378746,2484026,2598875,2734163,2879725,3031572
Colombia,COL,"Population ages 65 and above, male",SP.POP.65UP.MA.IN,1906641,1976281,2060933,2171169,2291734,2417898
Comoros,COM,"Population ages 10-14, male",SP.POP.1014.MA,47571,48321,49030,49668,50393,51180
Comoros,COM,"Population ages 15-19, female",SP.POP.1519.FE,40578,40824,41189,41753,42634,43768
Comoros,COM,"Population ages 10-14, female",SP.POP.1014.FE,45061,46053,47013,47890,48778,49668
Comoros,COM,"Population ages 15-19, male",SP.POP.1519.MA,42805,43139,43474,43923,44709,45769
Comoros,COM,"Population ages 20-24, female",SP.POP.2024.FE,35445,36692,37673,38300,38676,38961
Comoros,COM,"Population ages 20-24, male",SP.POP.2024.MA,34989,36808,38320,39368,40085,40657
Comoros,COM,"Population ages 25-29, female",SP.POP.2529.FE,30173,30387,30912,31810,32974,34232
Comoros,COM,"Population ages 25-29, male",SP.POP.2529.MA,27858,28196,28980,30266,31897,33668
Comoros,COM,"Population ages 30-34, female",SP.POP.3034.FE,28202,28870,29308,29499,29490,29445
Comoros,COM,"Population ages 30-34, male",SP.POP.3034.MA,27235,27590,27771,27792,27641,27488
Comoros,COM,"Population ages 35-39, female",SP.POP.3539.FE,24411,24924,25556,26326,27112,27809
Comoros,COM,"Population ages 35-39, male",SP.POP.3539.MA,24922,25433,25964,26528,26973,27238
Comoros,COM,"Population ages 40-44, female",SP.POP.4044.FE,20918,21784,22521,23126,23601,24015
Comoros,COM,"Population ages 40-44, male",SP.POP.4044.MA,21635,22444,23197,23877,24409,24808
Comoros,COM,"Population ages 45-49, female",SP.POP.4549.FE,16262,16918,17681,18553,19472,20377
Comoros,COM,"Population ages 45-49, male",SP.POP.4549.MA,17677,18252,18899,19638,20405,21160
Comoros,COM,"Population ages 50-54, female",SP.POP.5054.FE,13351,13755,14171,14623,15109,15654
Comoros,COM,"Population ages 50-54, male",SP.POP.5054.MA,14299,14871,15426,15967,16464,16944
Comoros,COM,"Population ages 55-59, female",SP.POP.5559.FE,10770,11154,11549,11953,12333,12698
Comoros,COM,"Population ages 55-59, male",SP.POP.5559.MA,10836,11292,11794,12343,12879,13389
Comoros,COM,"Population ages 60-64, female",SP.POP.6064.FE,8727,8934,9183,9487,9795,10101
Comoros,COM,"Population ages 60-64, male",SP.POP.6064.MA,8261,8511,8811,9162,9505,9837
Comoros,COM,"Population ages 65 and above, female",SP.POP.65UP.FE.IN,19087,19536,20004,20541,20996,21367
Comoros,COM,"Population ages 65 and above, male",SP.POP.65UP.MA.IN,16752,16919,17161,17496,17761,17957
"Congo, Dem. Rep.",COD,"Population ages 10-14, male",SP.POP.1014.MA,5980123,6207255,6442808,6685378,6930564,7178438
"Congo, Dem. Rep.",COD,"Population ages 15-19, female",SP.POP.1519.FE,4977995,5134057,5307349,5499233,5707428,5926746
"Congo, Dem. Rep.",COD,"Population ages 10-14, female",SP.POP.1014.FE,5995930,6224018,6459679,6701125,6944089,7188912
"Congo, Dem. Rep.",COD,"Population ages 15-19, male",SP.POP.1519.MA,4963411,5115959,5285761,5474312,5679749,5896690
"Congo, Dem. Rep.",COD,"Population ages 20-24, female",SP.POP.2024.FE,4237576,4343463,4465261,4608497,4752313,4890373
"Congo, Dem. Rep.",COD,"Population ages 20-24, male",SP.POP.2024.MA,4213983,4316470,4434166,4572484,4711437,4845048
"Congo, Dem. Rep.",COD,"Population ages 25-29, female",SP.POP.2529.FE,3517655,3668769,3805641,3927611,4046250,4159112
"Congo, Dem. Rep.",COD,"Population ages 25-29, male",SP.POP.2529.MA,3474509,3623452,3757644,3877174,3993339,4103096
"Congo, Dem. Rep.",COD,"Population ages 30-34, female",SP.POP.3034.FE,2873897,2975751,3078799,3188276,3306763,3447104
"Congo, Dem. Rep.",COD,"Population ages 30-34, male",SP.POP.3034.MA,2827927,2925951,3024891,3130544,3245412,3382545
"Congo, Dem. Rep.",COD,"Population ages 35-39, female",SP.POP.3539.FE,2295524,2393581,2495400,2600696,2706139,2809552
"Congo, Dem. Rep.",COD,"Population ages 35-39, male",SP.POP.3539.MA,2249876,2345705,2444229,2545797,2647177,2746283
"Congo, Dem. Rep.",COD,"Population ages 40-44, female",SP.POP.4044.FE,1839846,1901784,1971846,2052696,2140620,2233472
"Congo, Dem. Rep.",COD,"Population ages 40-44, male",SP.POP.4044.MA,1784208,1846524,1916288,1996388,2082959,2173802
"Congo, Dem. Rep.",COD,"Population ages 45-49, female",SP.POP.4549.FE,1587857,1617674,1648675,1683753,1726744,1780523
"Congo, Dem. Rep.",COD,"Population ages 45-49, male",SP.POP.4549.MA,1517868,1547128,1577728,1612936,1656335,1710430
"Congo, Dem. Rep.",COD,"Population ages 50-54, female",SP.POP.5054.FE,1364648,1398144,1429830,1461525,1492825,1523697
"Congo, Dem. Rep.",COD,"Population ages 50-54, male",SP.POP.5054.MA,1284801,1315902,1345453,1375540,1405675,1435672
"Congo, Dem. Rep.",COD,"Population ages 55-59, female",SP.POP.5559.FE,1114291,1148387,1182953,1218997,1255215,1290627
"Congo, Dem. Rep.",COD,"Population ages 55-59, male",SP.POP.5559.MA,1031466,1062034,1093331,1126213,1159440,1192091
"Congo, Dem. Rep.",COD,"Population ages 60-64, female",SP.POP.6064.FE,872372,901628,931582,963296,996246,1029748
"Congo, Dem. Rep.",COD,"Population ages 60-64, male",SP.POP.6064.MA,792083,817084,843194,871079,900212,929954
"Congo, Dem. Rep.",COD,"Population ages 65 and above, female",SP.POP.65UP.FE.IN,1619413,1666394,1716170,1773845,1836191,1900758
"Congo, Dem. Rep.",COD,"Population ages 65 and above, male",SP.POP.65UP.MA.IN,1342911,1381076,1423369,1472161,1524685,1578864
"Congo, Rep.",COG,"Population ages 10-14, male",SP.POP.1014.MA,357567,374528,390159,403057,412362,417747
"Congo, Rep.",COG,"Population ages 15-19, female",SP.POP.1519.FE,283611,295397,307307,320636,335189,351017
"Congo, Rep.",COG,"Population ages 10-14, female",SP.POP.1014.FE,353131,369589,384684,397064,405905,410903
"Congo, Rep.",COG,"Population ages 15-19, male",SP.POP.1519.MA,286374,298356,310473,324044,338901,355117
"Congo, Rep.",COG,"Population ages 20-24, female",SP.POP.2024.FE,234909,241285,249327,258552,268809,280068
"Congo, Rep.",COG,"Population ages 20-24, male",SP.POP.2024.MA,236731,243124,251202,260467,270786,282137
"Congo, Rep.",COG,"Population ages 25-29, female",SP.POP.2529.FE,207130,210938,215601,220764,225998,231444
"Congo, Rep.",COG,"Population ages 25-29, male",SP.POP.2529.MA,208116,212031,216758,221959,227200,232618
"Congo, Rep.",COG,"Population ages 30-34, female",SP.POP.3034.FE,191012,192764,194754,197108,200013,203573
"Congo, Rep.",COG,"Population ages 30-34, male",SP.POP.3034.MA,190745,192627,194761,197267,200324,204016
"Congo, Rep.",COG,"Population ages 35-39, female",SP.POP.3539.FE,171908,175258,178570,182105,184942,187007
"Congo, Rep.",COG,"Population ages 35-39, male",SP.POP.3539.MA,173231,176001,178656,181458,183956,186111
"Congo, Rep.",COG,"Population ages 40-44, female",SP.POP.4044.FE,151571,154699,157490,160072,163422,167343
"Congo, Rep.",COG,"Population ages 40-44, male",SP.POP.4044.MA,151966,155350,158426,161261,164404,167738
"Congo, Rep.",COG,"Population ages 45-49, female",SP.POP.4549.FE,124774,129335,133995,138649,142834,146397
"Congo, Rep.",COG,"Population ages 45-49, male",SP.POP.4549.MA,123404,128039,132688,137364,141713,145498
"Congo, Rep.",COG,"Population ages 50-54, female",SP.POP.5054.FE,101586,104746,108009,111454,114991,119093
"Congo, Rep.",COG,"Population ages 50-54, male",SP.POP.5054.MA,97593,100768,104230,108023,111886,116142
"Congo, Rep.",COG,"Population ages 55-59, female",SP.POP.5559.FE,76699,80513,84236,87990,91824,95381
"Congo, Rep.",COG,"Population ages 55-59, male",SP.POP.5559.MA,73515,76619,79744,82976,86373,89695
"Congo, Rep.",COG,"Population ages 60-64, female",SP.POP.6064.FE,54966,57537,60256,63273,66618,70226
"Congo, Rep.",COG,"Population ages 60-64, male",SP.POP.6064.MA,51498,54129,56762,59465,62285,65220
"Congo, Rep.",COG,"Population ages 65 and above, female",SP.POP.65UP.FE.IN,86509,89954,93838,98253,102987,108007
"Congo, Rep.",COG,"Population ages 65 and above, male",SP.POP.65UP.MA.IN,72221,74883,78154,81954,86090,90507
Costa Rica,CRI,"Population ages 10-14, male",SP.POP.1014.MA,184749,184275,184479,183020,180854,180133
Costa Rica,CRI,"Population ages 15-19, female",SP.POP.1519.FE,181237,178093,176110,176195,177158,176844
Costa Rica,CRI,"Population ages 10-14, female",SP.POP.1014.FE,176894,176406,176606,175250,173200,172537
Costa Rica,CRI,"Population ages 15-19, male",SP.POP.1519.MA,189402,185991,183771,183775,184770,184469
Costa Rica,CRI,"Population ages 20-24, female",SP.POP.2024.FE,195584,194165,191855,188592,184810,181283
Costa Rica,CRI,"Population ages 20-24, male",SP.POP.2024.MA,203186,201857,199618,196328,192370,188626
Costa Rica,CRI,"Population ages 25-29, female",SP.POP.2529.FE,201900,200790,199488,198075,196794,195606
Costa Rica,CRI,"Population ages 25-29, male",SP.POP.2529.MA,208415,207219,205781,204287,203057,201981
Costa Rica,CRI,"Population ages 30-34, female",SP.POP.3034.FE,206374,205795,204813,203749,202712,201696
Costa Rica,CRI,"Population ages 30-34, male",SP.POP.3034.MA,210984,210773,209972,208997,208016,206988
Costa Rica,CRI,"Population ages 35-39, female",SP.POP.3539.FE,195259,198975,202056,204317,205587,205836
Costa Rica,CRI,"Population ages 35-39, male",SP.POP.3539.MA,194987,199682,203590,206590,208497,209264
Costa Rica,CRI,"Population ages 40-44, female",SP.POP.4044.FE,175421,179170,182898,186699,190465,194327
Costa Rica,CRI,"Population ages 40-44, male",SP.POP.4044.MA,168769,173512,178298,183197,188048,192975
Costa Rica,CRI,"Population ages 45-49, female",SP.POP.4549.FE,158847,160669,163223,166470,170226,174121
Costa Rica,CRI,"Population ages 45-49, male",SP.POP.4549.MA,148035,150211,153225,157124,161677,166486
Costa Rica,CRI,"Population ages 50-54, female",SP.POP.5054.FE,155214,154945,154739,155057,155909,157173
Costa Rica,CRI,"Population ages 50-54, male",SP.POP.5054.MA,143462,142792,142315,142621,143614,145180
Costa Rica,CRI,"Population ages 55-59, female",SP.POP.5559.FE,149190,151106,152301,152758,152745,152693
Costa Rica,CRI,"Population ages 55-59, male",SP.POP.5559.MA,137821,139276,139971,139994,139621,139254
Costa Rica,CRI,"Population ages 60-64, female",SP.POP.6064.FE,124827,129940,134715,139022,142644,145495
Costa Rica,CRI,"Population ages 60-64, male",SP.POP.6064.MA,113624,118205,122512,126421,129666,132117
Costa Rica,CRI,"Population ages 65 and above, female",SP.POP.65UP.FE.IN,288883,301467,314211,328523,344221,360532
Costa Rica,CRI,"Population ages 65 and above, male",SP.POP.65UP.MA.IN,238969,248320,258100,269786,282918,296571
Cote d'Ivoire,CIV,"Population ages 10-14, male",SP.POP.1014.MA,1825019,1886735,1932640,1968572,2015282,2071652
Cote d'Ivoire,CIV,"Population ages 15-19, female",SP.POP.1519.FE,1379000,1438128,1508025,1580684,1656966,1732287
Cote d'Ivoire,CIV,"Population ages 10-14, female",SP.POP.1014.FE,1733504,1791790,1834032,1871935,1929914,2001803
Cote d'Ivoire,CIV,"Population ages 15-19, male",SP.POP.1519.MA,1499341,1546674,1605631,1670855,1744539,1821055
Cote d'Ivoire,CIV,"Population ages 20-24, female",SP.POP.2024.FE,1172070,1197717,1234837,1278805,1327973,1388637
Cote d'Ivoire,CIV,"Population ages 20-24, male",SP.POP.2024.MA,1243781,1295439,1352225,1405010,1452025,1504123
Cote d'Ivoire,CIV,"Population ages 25-29, female",SP.POP.2529.FE,1136528,1131416,1127090,1128724,1138075,1155001
Cote d'Ivoire,CIV,"Population ages 25-29, male",SP.POP.2529.MA,1094491,1100828,1113063,1137955,1175460,1220925
Cote d'Ivoire,CIV,"Population ages 30-34, female",SP.POP.3034.FE,1088402,1101839,1112114,1118336,1117371,1110353
Cote d'Ivoire,CIV,"Population ages 30-34, male",SP.POP.3034.MA,1041972,1048868,1055396,1061582,1064582,1064940
Cote d'Ivoire,CIV,"Population ages 35-39, female",SP.POP.3539.FE,922258,959511,993332,1022545,1044304,1059190
Cote d'Ivoire,CIV,"Population ages 35-39, male",SP.POP.3539.MA,943641,962626,979599,994137,1003840,1009398
Cote d'Ivoire,CIV,"Population ages 40-44, female",SP.POP.4044.FE,692405,730770,771425,813505,853870,891739
Cote d'Ivoire,CIV,"Population ages 40-44, male",SP.POP.4044.MA,787870,813792,839655,865173,887639,907045
Cote d'Ivoire,CIV,"Population ages 45-49, female",SP.POP.4549.FE,498656,526619,557928,592143,627519,663339
Cote d'Ivoire,CIV,"Population ages 45-49, male",SP.POP.4549.MA,600085,630301,661407,692612,721767,748219
Cote d'Ivoire,CIV,"Population ages 50-54, female",SP.POP.5054.FE,379811,392788,408139,426370,447210,471041
Cote d'Ivoire,CIV,"Population ages 50-54, male",SP.POP.5054.MA,439165,458804,480991,505585,531716,559391
Cote d'Ivoire,CIV,"Population ages 55-59, female",SP.POP.5559.FE,298786,308722,319112,329906,340522,351776
Cote d'Ivoire,CIV,"Population ages 55-59, male",SP.POP.5559.MA,325072,337283,351131,366299,382048,398954
Cote d'Ivoire,CIV,"Population ages 60-64, female",SP.POP.6064.FE,217638,227557,237693,248200,258550,268501
Cote d'Ivoire,CIV,"Population ages 60-64, male",SP.POP.6064.MA,236008,244103,252989,262750,273145,284059
Cote d'Ivoire,CIV,"Population ages 65 and above, female",SP.POP.65UP.FE.IN,361471,372837,386535,402494,419849,438442
Cote d'Ivoire,CIV,"Population ages 65 and above, male",SP.POP.65UP.MA.IN,360282,370385,383316,397915,413305,429545
Croatia,HRV,"Population ages 10-14, male",SP.POP.1014.MA,105135,104937,104704,104252,101761,98673
Croatia,HRV,"Population ages 15-19, female",SP.POP.1519.FE,93639,93832,94829,97279,99107,99870
Croatia,HRV,"Population ages 10-14, female",SP.POP.1014.FE,99793,99550,99202,98441,95662,92449
Croatia,HRV,"Population ages 15-19, male",SP.POP.1519.MA,99240,99379,100457,102889,104473,105133
Croatia,HRV,"Population ages 20-24, female",SP.POP.2024.FE,102244,99625,97099,96111,94591,93885
Croatia,HRV,"Population ages 20-24, male",SP.POP.2024.MA,108696,105860,102915,101675,100101,99291
Croatia,HRV,"Population ages 25-29, female",SP.POP.2529.FE,100833,99601,100816,103521,103726,102775
Croatia,HRV,"Population ages 25-29, male",SP.POP.2529.MA,106561,105589,106820,109354,109687,109022
Croatia,HRV,"Population ages 30-34, female",SP.POP.3034.FE,113205,109493,106472,104508,102560,101243
Croatia,HRV,"Population ages 30-34, male",SP.POP.3034.MA,117688,114382,111884,110170,108088,106773
Croatia,HRV,"Population ages 35-39, female",SP.POP.3539.FE,130233,127035,123732,121276,117348,113314
Croatia,HRV,"Population ages 35-39, male",SP.POP.3539.MA,134794,131213,127703,125313,121464,117499
Croatia,HRV,"Population ages 40-44, female",SP.POP.4044.FE,134464,134064,133384,133294,131844,129946
Croatia,HRV,"Population ages 40-44, male",SP.POP.4044.MA,137685,137851,137488,137452,136046,133954
Croatia,HRV,"Population ages 45-49, female",SP.POP.4549.FE,132202,132316,132192,132917,133137,133728
Croatia,HRV,"Population ages 45-49, male",SP.POP.4549.MA,132909,133040,133001,134294,135020,136073
Croatia,HRV,"Population ages 50-54, female",SP.POP.5054.FE,139824,135428,132539,131691,130677,130806
Croatia,HRV,"Population ages 50-54, male",SP.POP.5054.MA,135837,132127,130001,129730,129319,129938
Croatia,HRV,"Population ages 55-59, female",SP.POP.5559.FE,148355,146535,144541,143182,140835,137436
Croatia,HRV,"Population ages 55-59, male",SP.POP.5559.MA,139531,138017,136435,135456,133378,130470
Croatia,HRV,"Population ages 60-64, female",SP.POP.6064.FE,153390,151526,149767,148851,146294,144296
Croatia,HRV,"Population ages 60-64, male",SP.POP.6064.MA,139145,136989,135244,134418,132201,130686
Croatia,HRV,"Population ages 65 and above, female",SP.POP.65UP.FE.IN,505472,509641,514134,520986,524530,529353
Croatia,HRV,"Population ages 65 and above, male",SP.POP.65UP.MA.IN,342587,347640,352795,359615,364021,369314
Cuba,CUB,"Population ages 10-14, male",SP.POP.1014.MA,303170,309346,315619,319198,319489,317406
Cuba,CUB,"Population ages 15-19, female",SP.POP.1519.FE,320082,307506,295325,286417,283213,285518
Cuba,CUB,"Population ages 10-14, female",SP.POP.1014.FE,289194,295417,301116,303312,302095,298483
Cuba,CUB,"Population ages 15-19, male",SP.POP.1519.MA,334215,321619,309545,300681,297379,299582
Cuba,CUB,"Population ages 20-24, female",SP.POP.2024.FE,336407,337141,335516,330700,322789,311856
Cuba,CUB,"Population ages 20-24, male",SP.POP.2024.MA,354344,354525,351707,345854,337295,326080
Cuba,CUB,"Population ages 25-29, female",SP.POP.2529.FE,349444,336248,328386,325247,325474,326456
Cuba,CUB,"Population ages 25-29, male",SP.POP.2529.MA,371065,356090,346412,342358,342697,344149
Cuba,CUB,"Population ages 30-34, female",SP.POP.3034.FE,388258,390667,387212,376010,358883,341185
Cuba,CUB,"Population ages 30-34, male",SP.POP.3034.MA,409214,411479,409105,398680,381158,362235
Cuba,CUB,"Population ages 35-39, female",SP.POP.3539.FE,330537,346288,357157,365282,374764,381774
Cuba,CUB,"Population ages 35-39, male",SP.POP.3539.MA,343464,361569,374448,384154,394828,401686
Cuba,CUB,"Population ages 40-44, female",SP.POP.4044.FE,330520,309446,299456,302600,311877,325442
Cuba,CUB,"Population ages 40-44, male",SP.POP.4044.MA,335649,317453,307998,311289,321472,336795
Cuba,CUB,"Population ages 45-49, female",SP.POP.4549.FE,474395,449507,416982,381669,350955,325528
Cuba,CUB,"Population ages 45-49, male",SP.POP.4549.MA,459996,436488,408025,376633,349323,328021
Cuba,CUB,"Population ages 50-54, female",SP.POP.5054.FE,506696,501927,500153,495647,483988,466136
Cuba,CUB,"Population ages 50-54, male",SP.POP.5054.MA,481390,477575,475784,473246,463692,446302
Cuba,CUB,"Population ages 55-59, female",SP.POP.5559.FE,475206,495405,504907,505520,500550,493505
Cuba,CUB,"Population ages 55-59, male",SP.POP.5559.MA,444009,462485,471581,470318,464524,459795
Cuba,CUB,"Population ages 60-64, female",SP.POP.6064.FE,321540,337293,361550,393962,427167,455461
Cuba,CUB,"Population ages 60-64, male",SP.POP.6064.MA,292163,306804,328879,359301,389261,413363
Cuba,CUB,"Population ages 65 and above, female",SP.POP.65UP.FE.IN,954574,963147,971919,990325,1011072,1036462
Cuba,CUB,"Population ages 65 and above, male",SP.POP.65UP.MA.IN,793358,787991,783924,794411,808177,826691
Curacao,CUW,"Population ages 10-14, male",SP.POP.1014.MA,4352,4322,4360,4422,4529,4585
Curacao,CUW,"Population ages 15-19, female",SP.POP.1519.FE,4638,4448,4285,4151,4112,4114
Curacao,CUW,"Population ages 10-14, female",SP.POP.1014.FE,4240,4202,4224,4272,4361,4400
Curacao,CUW,"Population ages 15-19, male",SP.POP.1519.MA,5058,4762,4515,4328,4259,4254
Curacao,CUW,"Population ages 20-24, female",SP.POP.2024.FE,5622,5325,5054,4816,4695,4619
Curacao,CUW,"Population ages 20-24, male",SP.POP.2024.MA,6698,6328,5938,5563,5315,5118
Curacao,CUW,"Population ages 25-29, female",SP.POP.2529.FE,6073,6115,6034,5855,5679,5454
Curacao,CUW,"Population ages 25-29, male",SP.POP.2529.MA,7082,7197,7163,7013,6859,6627
Curacao,CUW,"Population ages 30-34, female",SP.POP.3034.FE,4872,4967,5143,5363,5639,5837
Curacao,CUW,"Population ages 30-34, male",SP.POP.3034.MA,5405,5633,5918,6236,6618,6918
Curacao,CUW,"Population ages 35-39, female",SP.POP.3539.FE,4880,4790,4693,4609,4616,4673
Curacao,CUW,"Population ages 35-39, male",SP.POP.3539.MA,4708,4781,4839,4904,5062,5264
Curacao,CUW,"Population ages 40-44, female",SP.POP.4044.FE,4966,4811,4711,4648,4662,4660
Curacao,CUW,"Population ages 40-44, male",SP.POP.4044.MA,4239,4186,4196,4257,4403,4546
Curacao,CUW,"Population ages 45-49, female",SP.POP.4549.FE,5551,5353,5150,4950,4829,4721
Curacao,CUW,"Population ages 45-49, male",SP.POP.4549.MA,4615,4475,4323,4170,4091,4046
Curacao,CUW,"Population ages 50-54, female",SP.POP.5054.FE,5954,5727,5547,5395,5327,5247
Curacao,CUW,"Population ages 50-54, male",SP.POP.5054.MA,4769,4604,4481,4389,4366,4331
Curacao,CUW,"Population ages 55-59, female",SP.POP.5559.FE,6397,6249,6066,5862,5729,5594
Curacao,CUW,"Population ages 55-59, male",SP.POP.5559.MA,4974,4869,4728,4569,4471,4379
Curacao,CUW,"Population ages 60-64, female",SP.POP.6064.FE,5779,5811,5838,5847,5915,5942
Curacao,CUW,"Population ages 60-64, male",SP.POP.6064.MA,4250,4272,4300,4322,4390,4425
Curacao,CUW,"Population ages 65 and above, female",SP.POP.65UP.FE.IN,14154,14392,14666,14976,15513,16055
Curacao,CUW,"Population ages 65 and above, male",SP.POP.65UP.MA.IN,8976,8986,9025,9099,9316,9547
Cyprus,CYP,"Population ages 10-14, male",SP.POP.1014.MA,33595,34254,35030,35699,36223,36779
Cyprus,CYP,"Population ages 15-19, female",SP.POP.1519.FE,32136,32035,32079,32257,32603,33093
Cyprus,CYP,"Population ages 10-14, female",SP.POP.1014.FE,31488,32141,32919,33596,34129,34689
Cyprus,CYP,"Population ages 15-19, male",SP.POP.1519.MA,33961,33887,33957,34162,34546,35091
Cyprus,CYP,"Population ages 20-24, female",SP.POP.2024.FE,39319,38369,37537,36844,36458,36411
Cyprus,CYP,"Population ages 20-24, male",SP.POP.2024.MA,41159,39997,39047,38307,37942,37960
Cyprus,CYP,"Population ages 25-29, female",SP.POP.2529.FE,50393,48938,47499,46134,44736,43339
Cyprus,CYP,"Population ages 25-29, male",SP.POP.2529.MA,56255,53381,50794,48600,46653,44935
Cyprus,CYP,"Population ages 30-34, female",SP.POP.3034.FE,58528,58308,57663,56640,55172,53353
Cyprus,CYP,"Population ages 30-34, male",SP.POP.3034.MA,68926,68692,67455,65333,62452,59118
Cyprus,CYP,"Population ages 35-39, female",SP.POP.3539.FE,57367,58567,59559,60300,60635,60504
Cyprus,CYP,"Population ages 35-39, male",SP.POP.3539.MA,62941,65350,67528,69354,70530,70859
Cyprus,CYP,"Population ages 40-44, female",SP.POP.4044.FE,51184,52831,54455,56015,57413,58602
Cyprus,CYP,"Population ages 40-44, male",SP.POP.4044.MA,51027,53733,56470,59182,61747,64110
Cyprus,CYP,"Population ages 45-49, female",SP.POP.4549.FE,45571,46453,47554,48883,50348,51868
Cyprus,CYP,"Population ages 45-49, male",SP.POP.4549.MA,42600,43592,45037,46947,49193,51643
Cyprus,CYP,"Population ages 50-54, female",SP.POP.5054.FE,42510,43267,43927,44543,45159,45841
Cyprus,CYP,"Population ages 50-54, male",SP.POP.5054.MA,40240,40900,41391,41785,42188,42759
Cyprus,CYP,"Population ages 55-59, female",SP.POP.5559.FE,38383,39075,39837,40684,41561,42405
Cyprus,CYP,"Population ages 55-59, male",SP.POP.5559.MA,36947,37209,37678,38361,39139,39898
Cyprus,CYP,"Population ages 60-64, female",SP.POP.6064.FE,33808,34799,35673,36454,37173,37874
Cyprus,CYP,"Population ages 60-64, male",SP.POP.6064.MA,34040,34831,35339,35628,35799,35974
Cyprus,CYP,"Population ages 65 and above, female",SP.POP.65UP.FE.IN,95750,98633,101278,103927,106904,110066
Cyprus,CYP,"Population ages 65 and above, male",SP.POP.65UP.MA.IN,81502,83833,86152,88717,91625,94620
Czechia,CZE,"Population ages 10-14, male",SP.POP.1014.MA,297933,296868,298327,296804,289217,282988
Czechia,CZE,"Population ages 15-19, female",SP.POP.1519.FE,239306,240981,258682,277682,283152,286809
Czechia,CZE,"Population ages 10-14, female",SP.POP.1014.FE,283871,283114,284986,283496,275565,268996
Czechia,CZE,"Population ages 15-19, male",SP.POP.1519.MA,253316,254828,271893,290230,295892,299842
Czechia,CZE,"Population ages 20-24, female",SP.POP.2024.FE,235466,230667,247816,264483,261704,260000
Czechia,CZE,"Population ages 20-24, male",SP.POP.2024.MA,249982,244847,260756,276076,273312,271699
Czechia,CZE,"Population ages 25-29, female",SP.POP.2529.FE,305393,284233,284117,285581,267573,250786
Czechia,CZE,"Population ages 25-29, male",SP.POP.2529.MA,327382,304930,302360,301282,281653,264185
Czechia,CZE,"Population ages 30-34, female",SP.POP.3034.FE,338917,331085,339888,347997,335974,315048
Czechia,CZE,"Population ages 30-34, male",SP.POP.3034.MA,362231,354663,363908,372000,359549,337659
Czechia,CZE,"Population ages 35-39, female",SP.POP.3539.FE,357421,345973,349703,356197,350826,342841
Czechia,CZE,"Population ages 35-39, male",SP.POP.3539.MA,382679,370584,375111,381805,375447,366902
Czechia,CZE,"Population ages 40-44, female",SP.POP.4044.FE,436164,410266,397573,387670,369962,356554
Czechia,CZE,"Population ages 40-44, male",SP.POP.4044.MA,463884,438093,425347,415021,396195,381782
Czechia,CZE,"Population ages 45-49, female",SP.POP.4549.FE,418876,429188,444678,453983,446384,430346
Czechia,CZE,"Population ages 45-49, male",SP.POP.4549.MA,442029,453132,469910,479731,472019,456714
Czechia,CZE,"Population ages 50-54, female",SP.POP.5054.FE,339285,338237,350717,371053,391164,410864
Czechia,CZE,"Population ages 50-54, male",SP.POP.5054.MA,352143,351410,364985,387311,409258,430105
Czechia,CZE,"Population ages 55-59, female",SP.POP.5559.FE,331474,331933,336797,338408,332589,330293
Czechia,CZE,"Population ages 55-59, male",SP.POP.5559.MA,334367,335418,341471,344387,339239,337465
Czechia,CZE,"Population ages 60-64, female",SP.POP.6064.FE,330707,311739,303119,303694,309992,318453
Czechia,CZE,"Population ages 60-64, male",SP.POP.6064.MA,313858,297814,291593,294548,302648,312147
Czechia,CZE,"Population ages 65 and above, female",SP.POP.65UP.FE.IN,1256422,1248821,1266612,1288992,1292566,1294008
Czechia,CZE,"Population ages 65 and above, male",SP.POP.65UP.MA.IN,914599,908766,923126,943123,948516,952629
Denmark,DNK,"Population ages 10-14, male",SP.POP.1014.MA,173844,172314,169991,166932,162794,159474
Denmark,DNK,"Population ages 15-19, female",SP.POP.1519.FE,167241,167363,169048,170423,170850,171137
Denmark,DNK,"Population ages 10-14, female",SP.POP.1014.FE,164741,163365,161348,158562,154933,151855
Denmark,DNK,"Population ages 15-19, male",SP.POP.1519.MA,175120,175223,176779,178231,179186,179937
Denmark,DNK,"Population ages 20-24, female",SP.POP.2024.FE,185475,183965,184156,182827,181385,181669
Denmark,DNK,"Population ages 20-24, male",SP.POP.2024.MA,193406,191698,191253,189343,188011,188497
Denmark,DNK,"Population ages 25-29, female",SP.POP.2529.FE,196913,198027,199688,200336,198696,196704
Denmark,DNK,"Population ages 25-29, male",SP.POP.2529.MA,204902,206426,208134,208417,206686,204229
Denmark,DNK,"Population ages 30-34, female",SP.POP.3034.FE,177880,182754,189569,195885,199464,201916
Denmark,DNK,"Population ages 30-34, male",SP.POP.3034.MA,185507,190943,197579,203380,206994,209709
Denmark,DNK,"Population ages 35-39, female",SP.POP.3539.FE,162343,163471,167516,172846,177975,182932
Denmark,DNK,"Population ages 35-39, male",SP.POP.3539.MA,165971,168024,172743,178550,184411,189929
Denmark,DNK,"Population ages 40-44, female",SP.POP.4044.FE,179049,174614,172530,170835,168264,166854
Denmark,DNK,"Population ages 40-44, male",SP.POP.4044.MA,179933,175561,173501,172009,169959,169250
Denmark,DNK,"Population ages 45-49, female",SP.POP.4549.FE,196736,196436,193379,190467,187058,182136
Denmark,DNK,"Population ages 45-49, male",SP.POP.4549.MA,196699,195919,192570,189525,186440,181915
Denmark,DNK,"Population ages 50-54, female",SP.POP.5054.FE,202043,197455,195304,195822,196893,198371
Denmark,DNK,"Population ages 50-54, male",SP.POP.5054.MA,204728,199621,196643,195909,196077,196838
Denmark,DNK,"Population ages 55-59, female",SP.POP.5559.FE,196442,202498,207756,209153,206472,201907
Denmark,DNK,"Population ages 55-59, male",SP.POP.5559.MA,197572,203919,209195,210438,207582,202472
Denmark,DNK,"Population ages 60-64, female",SP.POP.6064.FE,174589,176255,178858,183401,188751,194037
Denmark,DNK,"Population ages 60-64, male",SP.POP.6064.MA,171634,173419,175943,180473,186306,192000
Denmark,DNK,"Population ages 65 and above, female",SP.POP.65UP.FE.IN,629108,639087,648668,659813,670828,680713
Denmark,DNK,"Population ages 65 and above, male",SP.POP.65UP.MA.IN,537220,546791,555595,565270,574955,584189
Djibouti,DJI,"Population ages 10-14, male",SP.POP.1014.MA,57901,57618,57389,57225,57108,56963
Djibouti,DJI,"Population ages 15-19, female",SP.POP.1519.FE,57821,58109,57990,57557,57159,56905
Djibouti,DJI,"Population ages 10-14, female",SP.POP.1014.FE,56852,56569,56342,56175,56050,55896
Djibouti,DJI,"Population ages 15-19, male",SP.POP.1519.MA,58643,58947,58832,58399,58003,57753
Djibouti,DJI,"Population ages 20-24, female",SP.POP.2024.FE,51385,52673,54152,55616,56983,58138
Djibouti,DJI,"Population ages 20-24, male",SP.POP.2024.MA,51707,52992,54482,55969,57368,58557
Djibouti,DJI,"Population ages 25-29, female",SP.POP.2529.FE,47280,47981,48563,49163,49854,50708
Djibouti,DJI,"Population ages 25-29, male",SP.POP.2529.MA,47276,47968,48527,49104,49770,50600
Djibouti,DJI,"Population ages 30-34, female",SP.POP.3034.FE,42066,43081,44080,45050,45862,46414
Djibouti,DJI,"Population ages 30-34, male",SP.POP.3034.MA,41709,42739,43742,44711,45516,46053
Djibouti,DJI,"Population ages 35-39, female",SP.POP.3539.FE,37973,38503,39119,39836,40573,41312
Djibouti,DJI,"Population ages 35-39, male",SP.POP.3539.MA,37123,37696,38353,39110,39873,40628
Djibouti,DJI,"Population ages 40-44, female",SP.POP.4044.FE,35229,35719,36139,36531,36881,37212
Djibouti,DJI,"Population ages 40-44, male",SP.POP.4044.MA,33954,34452,34886,35308,35699,36072
Djibouti,DJI,"Population ages 45-49, female",SP.POP.4549.FE,30707,31638,32483,33247,33889,34395
Djibouti,DJI,"Population ages 45-49, male",SP.POP.4549.MA,29237,30125,30935,31680,32308,32812
Djibouti,DJI,"Population ages 50-54, female",SP.POP.5054.FE,24618,25672,26738,27806,28826,29771
Djibouti,DJI,"Population ages 50-54, male",SP.POP.5054.MA,23081,24058,25053,26063,27029,27926
Djibouti,DJI,"Population ages 55-59, female",SP.POP.5559.FE,18908,19765,20665,21617,22592,23576
Djibouti,DJI,"Population ages 55-59, male",SP.POP.5559.MA,17383,18160,18982,19860,20756,21662
Djibouti,DJI,"Population ages 60-64, female",SP.POP.6064.FE,14217,14840,15507,16229,16983,17764
Djibouti,DJI,"Population ages 60-64, male",SP.POP.6064.MA,12707,13258,13858,14511,15191,15893
Djibouti,DJI,"Population ages 65 and above, female",SP.POP.65UP.FE.IN,27273,28125,29083,30189,31349,32559
Djibouti,DJI,"Population ages 65 and above, male",SP.POP.65UP.MA.IN,22185,22792,23535,24412,25343,26314
Dominica,DMA,"Population ages 10-14, male",SP.POP.1014.MA,2177,2133,2132,2149,2147,2124
Dominica,DMA,"Population ages 15-19, female",SP.POP.1519.FE,2312,2231,2192,2200,2229,2243
Dominica,DMA,"Population ages 10-14, female",SP.POP.1014.FE,2321,2267,2223,2195,2162,2131
Dominica,DMA,"Population ages 15-19, male",SP.POP.1519.MA,2288,2204,2151,2133,2114,2095
Dominica,DMA,"Population ages 20-24, female",SP.POP.2024.FE,2460,2384,2326,2283,2237,2184
Dominica,DMA,"Population ages 20-24, male",SP.POP.2024.MA,2495,2425,2346,2267,2212,2164
Dominica,DMA,"Population ages 25-29, female",SP.POP.2529.FE,2862,2797,2688,2548,2417,2326
Dominica,DMA,"Population ages 25-29, male",SP.POP.2529.MA,2909,2831,2705,2564,2443,2360
Dominica,DMA,"Population ages 30-34, female",SP.POP.3034.FE,2635,2672,2716,2762,2787,2767
Dominica,DMA,"Population ages 30-34, male",SP.POP.3034.MA,2632,2676,2742,2802,2831,2807
Dominica,DMA,"Population ages 35-39, female",SP.POP.3539.FE,2377,2442,2486,2509,2527,2557
Dominica,DMA,"Population ages 35-39, male",SP.POP.3539.MA,2470,2518,2540,2546,2548,2559
Dominica,DMA,"Population ages 40-44, female",SP.POP.4044.FE,1888,1926,2003,2114,2228,2319
Dominica,DMA,"Population ages 40-44, male",SP.POP.4044.MA,2043,2093,2173,2258,2337,2404
Dominica,DMA,"Population ages 45-49, female",SP.POP.4549.FE,2224,2105,1989,1894,1839,1837
Dominica,DMA,"Population ages 45-49, male",SP.POP.4549.MA,2309,2189,2075,1995,1964,1973
Dominica,DMA,"Population ages 50-54, female",SP.POP.5054.FE,2375,2379,2360,2324,2260,2162
Dominica,DMA,"Population ages 50-54, male",SP.POP.5054.MA,2472,2474,2450,2398,2316,2210
Dominica,DMA,"Population ages 55-59, female",SP.POP.5559.FE,2046,2119,2190,2243,2279,2305
Dominica,DMA,"Population ages 55-59, male",SP.POP.5559.MA,2197,2228,2263,2295,2317,2331
Dominica,DMA,"Population ages 60-64, female",SP.POP.6064.FE,1710,1764,1808,1853,1904,1959
Dominica,DMA,"Population ages 60-64, male",SP.POP.6064.MA,1897,1956,1988,1999,2004,2012
Dominica,DMA,"Population ages 65 and above, female",SP.POP.65UP.FE.IN,4362,4402,4427,4454,4498,4553
Dominica,DMA,"Population ages 65 and above, male",SP.POP.65UP.MA.IN,3873,3939,3983,4022,4080,4141
Dominican Republic,DOM,"Population ages 10-14, male",SP.POP.1014.MA,507439,513521,519383,522915,523399,521812
Dominican Republic,DOM,"Population ages 15-19, female",SP.POP.1519.FE,486764,482077,477320,474935,476390,480805
Dominican Republic,DOM,"Population ages 10-14, female",SP.POP.1014.FE,486742,492728,498532,502125,502852,501595
Dominican Republic,DOM,"Population ages 15-19, male",SP.POP.1519.MA,506362,501909,497292,495080,496633,501065
Dominican Republic,DOM,"Population ages 20-24, female",SP.POP.2024.FE,470422,472525,474141,475431,475400,472116
Dominican Republic,DOM,"Population ages 20-24, male",SP.POP.2024.MA,486158,488571,490515,492254,492602,489525
Dominican Republic,DOM,"Population ages 25-29, female",SP.POP.2529.FE,458187,460489,460301,457144,454345,454019
Dominican Republic,DOM,"Population ages 25-29, male",SP.POP.2529.MA,468378,471466,471969,469383,466935,466848
Dominican Republic,DOM,"Population ages 30-34, female",SP.POP.3034.FE,416683,425107,432480,438155,442171,444665
Dominican Republic,DOM,"Population ages 30-34, male",SP.POP.3034.MA,421152,430001,437768,443991,448718,452007
Dominican Republic,DOM,"Population ages 35-39, female",SP.POP.3539.FE,377115,382295,387544,392692,398782,406249
Dominican Republic,DOM,"Population ages 35-39, male",SP.POP.3539.MA,378088,383249,388521,393796,400205,408105
Dominican Republic,DOM,"Population ages 40-44, female",SP.POP.4044.FE,344617,349383,353698,358469,363803,368678
Dominican Republic,DOM,"Population ages 40-44, male",SP.POP.4044.MA,341614,346694,351322,356347,361828,366801
Dominican Republic,DOM,"Population ages 45-49, female",SP.POP.4549.FE,312685,318252,323401,327866,332150,336716
Dominican Republic,DOM,"Population ages 45-49, male",SP.POP.4549.MA,304370,310172,315650,320564,325298,330299
Dominican Republic,DOM,"Population ages 50-54, female",SP.POP.5054.FE,280226,283990,288168,293337,298960,304449
Dominican Republic,DOM,"Population ages 50-54, male",SP.POP.5054.MA,266366,269985,274346,279893,285982,291963
Dominican Republic,DOM,"Population ages 55-59, female",SP.POP.5559.FE,252824,257296,261539,265293,268457,271624
Dominican Republic,DOM,"Population ages 55-59, male",SP.POP.5559.MA,234857,238608,242305,245881,249114,252462
Dominican Republic,DOM,"Population ages 60-64, female",SP.POP.6064.FE,212495,219786,226560,232824,238057,242445
Dominican Republic,DOM,"Population ages 60-64, male",SP.POP.6064.MA,191893,197831,203640,209228,214007,218103
Dominican Republic,DOM,"Population ages 65 and above, female",SP.POP.65UP.FE.IN,421867,441112,462224,485279,508496,532467
Dominican Republic,DOM,"Population ages 65 and above, male",SP.POP.65UP.MA.IN,327795,340795,356175,373729,391935,410813
Early-demographic dividend,EAR,"Population ages 10-14, male",SP.POP.1014.MA,166558480,167650696,168667522,169264797,169243147,168826746
Early-demographic dividend,EAR,"Population ages 15-19, female",SP.POP.1519.FE,152368181,152920877,153461977,154056853,154816879,155661054
Early-demographic dividend,EAR,"Population ages 10-14, female",SP.POP.1014.FE,156368241,157298099,158195441,158795017,158892538,158674092
Early-demographic dividend,EAR,"Population ages 15-19, male",SP.POP.1519.MA,161464003,161962818,162626280,163446145,164452504,165550798
Early-demographic dividend,EAR,"Population ages 20-24, female",SP.POP.2024.FE,146054798,147395985,148675496,149659756,150436957,150977948
Early-demographic dividend,EAR,"Population ages 20-24, male",SP.POP.2024.MA,154244410,155395004,156589655,157540362,158424019,159219177
Early-demographic dividend,EAR,"Population ages 25-29, female",SP.POP.2529.FE,139403584,140549024,141697992,142717720,143708235,144754667
Early-demographic dividend,EAR,"Population ages 25-29, male",SP.POP.2529.MA,146901589,148023869,149130474,150014383,150938019,152046886
Early-demographic dividend,EAR,"Population ages 30-34, female",SP.POP.3034.FE,131524132,132805256,134143210,135476977,136733088,137964067
Early-demographic dividend,EAR,"Population ages 30-34, male",SP.POP.3034.MA,138194298,139493912,140859848,142153996,143368766,144619232
Early-demographic dividend,EAR,"Population ages 35-39, female",SP.POP.3539.FE,119994996,122479060,124794534,126777609,128461856,129944509
Early-demographic dividend,EAR,"Population ages 35-39, male",SP.POP.3539.MA,125419198,127869231,130195502,132231495,133974880,135541567
Early-demographic dividend,EAR,"Population ages 40-44, female",SP.POP.4044.FE,104352766,106839322,109601718,112578361,115542966,118338239
Early-demographic dividend,EAR,"Population ages 40-44, male",SP.POP.4044.MA,107985673,110857055,113893708,116973794,119949485,122695625
Early-demographic dividend,EAR,"Population ages 45-49, female",SP.POP.4549.FE,91254809,93091243,95113815,97333475,99674250,102231250
Early-demographic dividend,EAR,"Population ages 45-49, male",SP.POP.4549.MA,92833582,94826662,97062212,99513896,102092751,104882475
Early-demographic dividend,EAR,"Population ages 50-54, female",SP.POP.5054.FE,79389093,81010829,82797001,84760808,86754834,88760542
Early-demographic dividend,EAR,"Population ages 50-54, male",SP.POP.5054.MA,79703361,81311584,83112010,85085799,87098115,89146872
Early-demographic dividend,EAR,"Population ages 55-59, female",SP.POP.5559.FE,68062961,69481028,70973744,72646092,74356766,76120274
Early-demographic dividend,EAR,"Population ages 55-59, male",SP.POP.5559.MA,67256941,68572547,69984085,71584383,73214772,74899434
Early-demographic dividend,EAR,"Population ages 60-64, female",SP.POP.6064.FE,55601373,57017136,58569595,60342111,62110551,63836484
Early-demographic dividend,EAR,"Population ages 60-64, male",SP.POP.6064.MA,53581916,54897702,56357279,58026915,59677738,61260925
Early-demographic dividend,EAR,"Population ages 65 and above, female",SP.POP.65UP.FE.IN,110763722,114008616,117689031,122426114,127360045,132476219
Early-demographic dividend,EAR,"Population ages 65 and above, male",SP.POP.65UP.MA.IN,93474188,96107514,99323093,103552952,107932651,112436937
East Asia & Pacific,EAS,"Population ages 10-14, male",SP.POP.1014.MA,81900128,82833391,84047143,85090031,85517150,85604998
East Asia & Pacific,EAS,"Population ages 15-19, female",SP.POP.1519.FE,70316980,70226220,70707657,71576269,72550274,73485167
East Asia & Pacific,EAS,"Population ages 10-14, female",SP.POP.1014.FE,73504474,74363253,75492731,76493632,76970241,77173503
East Asia & Pacific,EAS,"Population ages 15-19, male",SP.POP.1519.MA,78149216,78087055,78664752,79662122,80763153,81803696
East Asia & Pacific,EAS,"Population ages 20-24, female",SP.POP.2024.FE,73087109,72249620,71424439,70853115,70520560,70242826
East Asia & Pacific,EAS,"Population ages 20-24, male",SP.POP.2024.MA,80692996,79876380,79061968,78518694,78215827,77944203
East Asia & Pacific,EAS,"Population ages 25-29, female",SP.POP.2529.FE,81525076,78523090,76782725,75343165,73918454,72859282
East Asia & Pacific,EAS,"Population ages 25-29, male",SP.POP.2529.MA,88862347,85787524,84095910,82709754,81304726,80282870
East Asia & Pacific,EAS,"Population ages 30-34, female",SP.POP.3034.FE,92547723,92743107,90714631,88052559,84970121,81240697
East Asia & Pacific,EAS,"Population ages 30-34, male",SP.POP.3034.MA,98984535,99587673,97744378,95185172,92137296,88334872
East Asia & Pacific,EAS,"Population ages 35-39, female",SP.POP.3539.FE,84284984,85618659,86985844,88631102,90462370,92210826
East Asia & Pacific,EAS,"Population ages 35-39, male",SP.POP.3539.MA,88090672,89750984,91527468,93653195,96016732,98326664
East Asia & Pacific,EAS,"Population ages 40-44, female",SP.POP.4044.FE,78026098,78319046,79857629,81647375,82711095,83834277
East Asia & Pacific,EAS,"Population ages 40-44, male",SP.POP.4044.MA,80365703,80805179,82550765,84551293,85827444,87214122
East Asia & Pacific,EAS,"Population ages 45-49, female",SP.POP.4549.FE,89165469,86213810,83197726,80276242,78161868,77395691
East Asia & Pacific,EAS,"Population ages 45-49, male",SP.POP.4549.MA,90708532,87775274,84768764,81864285,79796995,79124575
East Asia & Pacific,EAS,"Population ages 50-54, female",SP.POP.5054.FE,88530690,89981399,91335509,91649960,90414453,88109035
East Asia & Pacific,EAS,"Population ages 50-54, male",SP.POP.5054.MA,88509858,90021656,91467311,91896473,90774230,88559604
East Asia & Pacific,EAS,"Population ages 55-59, female",SP.POP.5559.FE,74977041,80500844,83831396,84658384,85502366,86952886
East Asia & Pacific,EAS,"Population ages 55-59, male",SP.POP.5559.MA,73454453,78915344,82176600,82974544,83823159,85303185
East Asia & Pacific,EAS,"Population ages 60-64, female",SP.POP.6064.FE,60710045,59015988,58948439,62335837,67526367,72891599
East Asia & Pacific,EAS,"Population ages 60-64, male",SP.POP.6064.MA,57295943,55681690,55692106,59076567,64163121,69364298
East Asia & Pacific,EAS,"Population ages 65 and above, female",SP.POP.65UP.FE.IN,157582166,163668056,169833305,176038958,180754074,184734282
East Asia & Pacific,EAS,"Population ages 65 and above, male",SP.POP.65UP.MA.IN,127164410,131930521,136757118,141440767,144765018,147501568
East Asia & Pacific (excluding high income),EAP,"Population ages 10-14, male",SP.POP.1014.MA,76030349,76976229,78198257,79242741,79720580,79841049
East Asia & Pacific (excluding high income),EAP,"Population ages 15-19, female",SP.POP.1519.FE,64399986,64487869,65040950,65895246,66884698,67818992
East Asia & Pacific (excluding high income),EAP,"Population ages 10-14, female",SP.POP.1014.FE,67981369,68848258,69979888,70976040,71493440,71720711
East Asia & Pacific (excluding high income),EAP,"Population ages 15-19, male",SP.POP.1519.MA,71828715,71959343,72615196,73605841,74737350,75789291
East Asia & Pacific (excluding high income),EAP,"Population ages 20-24, female",SP.POP.2024.FE,66337536,65614136,64913318,64440010,64200211,63988052
East Asia & Pacific (excluding high income),EAP,"Population ages 20-24, male",SP.POP.2024.MA,73490880,72808655,72115693,71656625,71451159,71270080
East Asia & Pacific (excluding high income),EAP,"Population ages 25-29, female",SP.POP.2529.FE,74370690,71427409,69727771,68280691,66948026,65985753
East Asia & Pacific (excluding high income),EAP,"Population ages 25-29, male",SP.POP.2529.MA,81244257,78223260,76554684,75149724,73851329,72949159
East Asia & Pacific (excluding high income),EAP,"Population ages 30-34, female",SP.POP.3034.FE,85223015,85511370,83502800,80801618,77743000,74048688
East Asia & Pacific (excluding high income),EAP,"Population ages 30-34, male",SP.POP.3034.MA,91390362,92061540,90197141,87547107,84480005,80682856
East Asia & Pacific (excluding high income),EAP,"Population ages 35-39, female",SP.POP.3539.FE,76073215,77632949,79211064,80985505,82981311,84870747
East Asia & Pacific (excluding high income),EAP,"Population ages 35-39, male",SP.POP.3539.MA,79804008,81675563,83631418,85844721,88325157,90731684
East Asia & Pacific (excluding high income),EAP,"Population ages 40-44, female",SP.POP.4044.FE,69315819,69724047,71336380,73136279,74319446,75622274
East Asia & Pacific (excluding high income),EAP,"Population ages 40-44, male",SP.POP.4044.MA,71646758,72202627,74017010,76025456,77408171,78955875
East Asia & Pacific (excluding high income),EAP,"Population ages 45-49, female",SP.POP.4549.FE,79551633,76765239,73948885,71209776,69320112,68702428
East Asia & Pacific (excluding high income),EAP,"Population ages 45-49, male",SP.POP.4549.MA,81076534,78316904,75521936,72815631,70982819,70466523
East Asia & Pacific (excluding high income),EAP,"Population ages 50-54, female",SP.POP.5054.FE,79654773,80866817,81973681,82119441,80811077,78543048
East Asia & Pacific (excluding high income),EAP,"Population ages 50-54, male",SP.POP.5054.MA,79607486,80904302,82121351,82392585,81207764,79040652
East Asia & Pacific (excluding high income),EAP,"Population ages 55-59, female",SP.POP.5559.FE,66503690,72107839,75470609,76136586,76845796,78154010
East Asia & Pacific (excluding high income),EAP,"Population ages 55-59, male",SP.POP.5559.MA,64983472,70516639,73815617,74480816,75216247,76573184
East Asia & Pacific (excluding high income),EAP,"Population ages 60-64, female",SP.POP.6064.FE,52757254,50964915,50786598,54045946,59198109,64534660
East Asia & Pacific (excluding high income),EAP,"Population ages 60-64, male",SP.POP.6064.MA,49493976,47784641,47684077,50942067,55988448,61159331
East Asia & Pacific (excluding high income),EAP,"Population ages 65 and above, female",SP.POP.65UP.FE.IN,126551234,132094533,137783238,143397434,147589023,151016610
East Asia & Pacific (excluding high income),EAP,"Population ages 65 and above, male",SP.POP.65UP.MA.IN,102499830,106780186,111195389,115376023,118239571,120487746
East Asia & Pacific (IDA & IBRD countries),TEA,"Population ages 10-14, male",SP.POP.1014.MA,75193046,76142254,77367171,78413402,78889518,79003869
East Asia & Pacific (IDA & IBRD countries),TEA,"Population ages 15-19, female",SP.POP.1519.FE,63537501,63647096,64217713,65085258,66084882,67025508
East Asia & Pacific (IDA & IBRD countries),TEA,"Population ages 10-14, female",SP.POP.1014.FE,67184319,68054498,69189036,70187034,70703068,70924852
East Asia & Pacific (IDA & IBRD countries),TEA,"Population ages 15-19, male",SP.POP.1519.MA,70925477,71078822,71752771,72757007,73898857,74957051
East Asia & Pacific (IDA & IBRD countries),TEA,"Population ages 20-24, female",SP.POP.2024.FE,65385102,64677266,63993693,63538561,63319959,63132692
East Asia & Pacific (IDA & IBRD countries),TEA,"Population ages 20-24, male",SP.POP.2024.MA,72497293,71831409,71156598,70716667,70533199,70377730
East Asia & Pacific (IDA & IBRD countries),TEA,"Population ages 25-29, female",SP.POP.2529.FE,73390030,70447075,68751939,67312305,65988987,65039117
East Asia & Pacific (IDA & IBRD countries),TEA,"Population ages 25-29, male",SP.POP.2529.MA,80227541,77206501,75542084,74144457,72855405,71965677
East Asia & Pacific (IDA & IBRD countries),TEA,"Population ages 30-34, female",SP.POP.3034.FE,84297781,84573844,82552772,79840629,76773297,73074007
East Asia & Pacific (IDA & IBRD countries),TEA,"Population ages 30-34, male",SP.POP.3034.MA,90437000,91095479,89217957,86556302,83479606,79676518
East Asia & Pacific (IDA & IBRD countries),TEA,"Population ages 35-39, female",SP.POP.3539.FE,75205909,76753606,78322510,80087453,82073451,83951819
East Asia & Pacific (IDA & IBRD countries),TEA,"Population ages 35-39, male",SP.POP.3539.MA,78916074,80775042,82721084,84924352,87394447,89789318
East Asia & Pacific (IDA & IBRD countries),TEA,"Population ages 40-44, female",SP.POP.4044.FE,68509726,68921955,70522912,72307278,73475093,74763013
East Asia & Pacific (IDA & IBRD countries),TEA,"Population ages 40-44, male",SP.POP.4044.MA,70828909,71388098,73190085,75182007,76548499,78080550
East Asia & Pacific (IDA & IBRD countries),TEA,"Population ages 45-49, female",SP.POP.4549.FE,78515401,75786211,73038948,70359567,68504144,67906690
East Asia & Pacific (IDA & IBRD countries),TEA,"Population ages 45-49, male",SP.POP.4549.MA,80037803,77334538,74607699,71960169,70160721,69663817
East Asia & Pacific (IDA & IBRD countries),TEA,"Population ages 50-54, female",SP.POP.5054.FE,78575481,79763770,80863181,81021721,79747483,77526025
East Asia & Pacific (IDA & IBRD countries),TEA,"Population ages 50-54, male",SP.POP.5054.MA,78544362,79816218,81023830,81305852,80153444,78031286
East Asia & Pacific (IDA & IBRD countries),TEA,"Population ages 55-59, female",SP.POP.5559.FE,65663748,71229529,74539191,75157569,75829788,77103276
East Asia & Pacific (IDA & IBRD countries),TEA,"Population ages 55-59, male",SP.POP.5559.MA,64177792,69672567,72917951,73534541,74231700,75552893
East Asia & Pacific (IDA & IBRD countries),TEA,"Population ages 60-64, female",SP.POP.6064.FE,52030520,50215518,50028205,53283959,58417860,63726290
East Asia & Pacific (IDA & IBRD countries),TEA,"Population ages 60-64, male",SP.POP.6064.MA,48818554,47087515,46976848,50229429,55256724,60399213
East Asia & Pacific (IDA & IBRD countries),TEA,"Population ages 65 and above, female",SP.POP.65UP.FE.IN,124815563,130335993,135986939,141545655,145690136,149078392
East Asia & Pacific (IDA & IBRD countries),TEA,"Population ages 65 and above, male",SP.POP.65UP.MA.IN,101339277,105581068,109941500,114052302,116854986,119051215
Ecuador,ECU,"Population ages 10-14, male",SP.POP.1014.MA,815582,820822,824945,822388,811871,797717
Ecuador,ECU,"Population ages 15-19, female",SP.POP.1519.FE,773511,770933,769127,769527,773041,777827
Ecuador,ECU,"Population ages 10-14, female",SP.POP.1014.FE,782939,787843,791700,789189,779062,765443
Ecuador,ECU,"Population ages 15-19, male",SP.POP.1519.MA,803383,801246,799822,800599,804489,809587
Ecuador,ECU,"Population ages 20-24, female",SP.POP.2024.FE,777967,776384,772734,769039,765551,762816
Ecuador,ECU,"Population ages 20-24, male",SP.POP.2024.MA,801377,800347,797236,794219,791386,789221
Ecuador,ECU,"Population ages 25-29, female",SP.POP.2529.FE,749521,755239,758957,761724,763996,765071
Ecuador,ECU,"Population ages 25-29, male",SP.POP.2529.MA,764960,770724,774600,777904,780901,782838
Ecuador,ECU,"Population ages 30-34, female",SP.POP.3034.FE,691516,701586,712401,722943,731450,738345
Ecuador,ECU,"Population ages 30-34, male",SP.POP.3034.MA,700697,710731,721451,732052,740726,747930
Ecuador,ECU,"Population ages 35-39, female",SP.POP.3539.FE,637522,648686,657771,665802,673561,682233
Ecuador,ECU,"Population ages 35-39, male",SP.POP.3539.MA,637629,649613,659533,668448,676913,686075
Ecuador,ECU,"Population ages 40-44, female",SP.POP.4044.FE,561672,574585,587818,601562,615772,629253
Ecuador,ECU,"Population ages 40-44, male",SP.POP.4044.MA,555174,567697,580841,594936,609885,624452
Ecuador,ECU,"Population ages 45-49, female",SP.POP.4549.FE,494929,505627,516700,528387,540585,553390
Ecuador,ECU,"Population ages 45-49, male",SP.POP.4549.MA,484411,494723,505550,517155,529330,542183
Ecuador,ECU,"Population ages 50-54, female",SP.POP.5054.FE,431811,442048,452539,463439,474461,485573
Ecuador,ECU,"Population ages 50-54, male",SP.POP.5054.MA,416187,425952,436489,447714,459041,470402
Ecuador,ECU,"Population ages 55-59, female",SP.POP.5559.FE,367642,377253,387451,398234,409194,420243
Ecuador,ECU,"Population ages 55-59, male",SP.POP.5559.MA,348239,356440,366119,376855,387937,399208
Ecuador,ECU,"Population ages 60-64, female",SP.POP.6064.FE,306029,313465,322043,331787,342077,352749
Ecuador,ECU,"Population ages 60-64, male",SP.POP.6064.MA,284014,289558,297387,306786,316775,327124
Ecuador,ECU,"Population ages 65 and above, female",SP.POP.65UP.FE.IN,726504,746271,770993,801850,833629,865782
Ecuador,ECU,"Population ages 65 and above, male",SP.POP.65UP.MA.IN,600286,610038,628254,653257,679596,706497
"Egypt, Arab Rep.",EGY,"Population ages 10-14, male",SP.POP.1014.MA,5652366,5815938,5991715,6192023,6398893,6588179
"Egypt, Arab Rep.",EGY,"Population ages 15-19, female",SP.POP.1519.FE,4833825,4921449,5016068,5130411,5257492,5390361
"Egypt, Arab Rep.",EGY,"Population ages 10-14, female",SP.POP.1014.FE,5388540,5538695,5705486,5900267,6103618,6290464
"Egypt, Arab Rep.",EGY,"Population ages 15-19, male",SP.POP.1519.MA,5043390,5128026,5226232,5351153,5494433,5644245
"Egypt, Arab Rep.",EGY,"Population ages 20-24, female",SP.POP.2024.FE,4428485,4510929,4594880,4687422,4775475,4848741
"Egypt, Arab Rep.",EGY,"Population ages 20-24, male",SP.POP.2024.MA,4645184,4728419,4811500,4897926,4977188,5042469
"Egypt, Arab Rep.",EGY,"Population ages 25-29, female",SP.POP.2529.FE,4208465,4202693,4221442,4286192,4378015,4460545
"Egypt, Arab Rep.",EGY,"Population ages 25-29, male",SP.POP.2529.MA,4407424,4406259,4425731,4489240,4581686,4665793
"Egypt, Arab Rep.",EGY,"Population ages 30-34, female",SP.POP.3034.FE,4202971,4233314,4244147,4245101,4241146,4230562
"Egypt, Arab Rep.",EGY,"Population ages 30-34, male",SP.POP.3034.MA,4321410,4366106,4393379,4409701,4419407,4418971
"Egypt, Arab Rep.",EGY,"Population ages 35-39, female",SP.POP.3539.FE,3748080,3860252,3965535,4064313,4149855,4207434
"Egypt, Arab Rep.",EGY,"Population ages 35-39, male",SP.POP.3539.MA,3851562,3956812,4057473,4156092,4246106,4313360
"Egypt, Arab Rep.",EGY,"Population ages 40-44, female",SP.POP.4044.FE,3184988,3285140,3386598,3501534,3621739,3737719
"Egypt, Arab Rep.",EGY,"Population ages 40-44, male",SP.POP.4044.MA,3302240,3394903,3488834,3598355,3715385,3826677
"Egypt, Arab Rep.",EGY,"Population ages 45-49, female",SP.POP.4549.FE,2682914,2762319,2848619,2946920,3054186,3160285
"Egypt, Arab Rep.",EGY,"Population ages 45-49, male",SP.POP.4549.MA,2800695,2877382,2960106,3054415,3156673,3256476
"Egypt, Arab Rep.",EGY,"Population ages 50-54, female",SP.POP.5054.FE,2332721,2383753,2438462,2499402,2565400,2637459
"Egypt, Arab Rep.",EGY,"Population ages 50-54, male",SP.POP.5054.MA,2397738,2457662,2518769,2583168,2649765,2719425
"Egypt, Arab Rep.",EGY,"Population ages 55-59, female",SP.POP.5559.FE,2029015,2071102,2112816,2156734,2202961,2252205
"Egypt, Arab Rep.",EGY,"Population ages 55-59, male",SP.POP.5559.MA,1985361,2038491,2091193,2145794,2202285,2259726
"Egypt, Arab Rep.",EGY,"Population ages 60-64, female",SP.POP.6064.FE,1669425,1713327,1759266,1809600,1860946,1907888
"Egypt, Arab Rep.",EGY,"Population ages 60-64, male",SP.POP.6064.MA,1518764,1569627,1622931,1680418,1739663,1794472
"Egypt, Arab Rep.",EGY,"Population ages 65 and above, female",SP.POP.65UP.FE.IN,2937252,3010442,3106673,3246612,3393704,3543417
"Egypt, Arab Rep.",EGY,"Population ages 65 and above, male",SP.POP.65UP.MA.IN,2190919,2249932,2330991,2445456,2568738,2695886
El Salvador,SLV,"Population ages 10-14, male",SP.POP.1014.MA,292533,292489,291547,290075,288855,286934
El Salvador,SLV,"Population ages 15-19, female",SP.POP.1519.FE,293799,283458,276438,272451,269962,268940
El Salvador,SLV,"Population ages 10-14, female",SP.POP.1014.FE,273391,273002,272132,271019,270414,269346
El Salvador,SLV,"Population ages 15-19, male",SP.POP.1519.MA,310707,300304,293542,290018,287995,287370
El Salvador,SLV,"Population ages 20-24, female",SP.POP.2024.FE,323016,319803,313602,304596,293842,282789
El Salvador,SLV,"Population ages 20-24, male",SP.POP.2024.MA,336993,334542,328804,319902,308918,297443
El Salvador,SLV,"Population ages 25-29, female",SP.POP.2529.FE,288297,296217,302670,307411,310094,310267
El Salvador,SLV,"Population ages 25-29, male",SP.POP.2529.MA,293549,303110,310752,316543,320085,320960
El Salvador,SLV,"Population ages 30-34, female",SP.POP.3034.FE,234304,241807,250032,258968,268413,277779
El Salvador,SLV,"Population ages 30-34, male",SP.POP.3034.MA,215170,227904,241130,254426,267157,278706
El Salvador,SLV,"Population ages 35-39, female",SP.POP.3539.FE,211982,210688,211340,214414,219633,226497
El Salvador,SLV,"Population ages 35-39, male",SP.POP.3539.MA,167998,169787,174063,181299,191112,202870
El Salvador,SLV,"Population ages 40-44, female",SP.POP.4044.FE,211825,212759,212242,210390,207932,205861
El Salvador,SLV,"Population ages 40-44, male",SP.POP.4044.MA,156508,157474,157601,157134,156761,157394
El Salvador,SLV,"Population ages 45-49, female",SP.POP.4549.FE,190562,193575,196773,200274,203646,206121
El Salvador,SLV,"Population ages 45-49, male",SP.POP.4549.MA,137467,138328,139725,141904,144461,146690
El Salvador,SLV,"Population ages 50-54, female",SP.POP.5054.FE,170190,173017,175895,178809,181614,184564
El Salvador,SLV,"Population ages 50-54, male",SP.POP.5054.MA,122561,123962,125152,126126,126916,127930
El Salvador,SLV,"Population ages 55-59, female",SP.POP.5559.FE,144815,148680,152491,156284,159830,163021
El Salvador,SLV,"Population ages 55-59, male",SP.POP.5559.MA,100680,102764,105135,107722,110211,112369
El Salvador,SLV,"Population ages 60-64, female",SP.POP.6064.FE,118547,121611,125027,128701,132434,136341
El Salvador,SLV,"Population ages 60-64, male",SP.POP.6064.MA,83229,84149,85337,86781,88442,90490
El Salvador,SLV,"Population ages 65 and above, female",SP.POP.65UP.FE.IN,288080,292787,299056,307006,315267,323940
El Salvador,SLV,"Population ages 65 and above, male",SP.POP.65UP.MA.IN,192597,192815,194680,197784,201208,204979
Equatorial Guinea,GNQ,"Population ages 10-14, male",SP.POP.1014.MA,94172,97729,101193,104417,107433,110231
Equatorial Guinea,GNQ,"Population ages 15-19, female",SP.POP.1519.FE,72748,76791,81146,85392,89448,93265
Equatorial Guinea,GNQ,"Population ages 10-14, female",SP.POP.1014.FE,92981,96488,99873,103015,105912,108540
Equatorial Guinea,GNQ,"Population ages 15-19, male",SP.POP.1519.MA,77873,80915,84393,87809,91197,94777
Equatorial Guinea,GNQ,"Population ages 20-24, female",SP.POP.2024.FE,63180,63808,65033,66905,70028,74270
Equatorial Guinea,GNQ,"Population ages 20-24, male",SP.POP.2024.MA,70606,70993,72081,73699,76609,80367
Equatorial Guinea,GNQ,"Population ages 25-29, female",SP.POP.2529.FE,63432,63297,63356,63417,63393,63469
Equatorial Guinea,GNQ,"Population ages 25-29, male",SP.POP.2529.MA,74513,73360,72793,72362,72026,71955
Equatorial Guinea,GNQ,"Population ages 30-34, female",SP.POP.3034.FE,61690,62822,63516,63775,63599,63099
Equatorial Guinea,GNQ,"Population ages 30-34, male",SP.POP.3034.MA,80068,80016,79393,78184,76600,74897
Equatorial Guinea,GNQ,"Population ages 35-39, female",SP.POP.3539.FE,49139,51812,54634,57336,59550,61039
Equatorial Guinea,GNQ,"Population ages 35-39, male",SP.POP.3539.MA,68939,71862,74760,77236,78929,79584
Equatorial Guinea,GNQ,"Population ages 40-44, female",SP.POP.4044.FE,39078,40516,42189,44035,46074,48347
Equatorial Guinea,GNQ,"Population ages 40-44, male",SP.POP.4044.MA,55409,57558,59986,62524,65160,67886
Equatorial Guinea,GNQ,"Population ages 45-49, female",SP.POP.4549.FE,33021,33933,34894,35910,36983,38154
Equatorial Guinea,GNQ,"Population ages 45-49, male",SP.POP.4549.MA,45087,46857,48606,50330,52078,53933
Equatorial Guinea,GNQ,"Population ages 50-54, female",SP.POP.5054.FE,28113,28628,29318,30134,30998,31865
Equatorial Guinea,GNQ,"Population ages 50-54, male",SP.POP.5054.MA,34500,35896,37596,39451,41333,43144
Equatorial Guinea,GNQ,"Population ages 55-59, female",SP.POP.5559.FE,24578,25189,25626,25970,26288,26662
Equatorial Guinea,GNQ,"Population ages 55-59, male",SP.POP.5559.MA,27567,28559,29430,30263,31175,32269
Equatorial Guinea,GNQ,"Population ages 60-64, female",SP.POP.6064.FE,18154,18934,19894,20918,21881,22682
Equatorial Guinea,GNQ,"Population ages 60-64, male",SP.POP.6064.MA,18532,19670,21017,22413,23741,24905
Equatorial Guinea,GNQ,"Population ages 65 and above, female",SP.POP.65UP.FE.IN,31943,33068,34241,35472,36790,38236
Equatorial Guinea,GNQ,"Population ages 65 and above, male",SP.POP.65UP.MA.IN,27839,28855,30100,31472,33004,34728
Eritrea,ERI,"Population ages 10-14, male",SP.POP.1014.MA,219968,221009,221994,222883,222998,222284
Eritrea,ERI,"Population ages 15-19, female",SP.POP.1519.FE,193614,200119,205293,208815,211512,213415
Eritrea,ERI,"Population ages 10-14, female",SP.POP.1014.FE,216789,217746,218615,219373,219386,218608
Eritrea,ERI,"Population ages 15-19, male",SP.POP.1519.MA,196205,202742,207970,211549,214265,216156
Eritrea,ERI,"Population ages 20-24, female",SP.POP.2024.FE,162528,166105,168701,172890,178868,186181
Eritrea,ERI,"Population ages 20-24, male",SP.POP.2024.MA,164836,168359,170872,174984,180847,188016
Eritrea,ERI,"Population ages 25-29, female",SP.POP.2529.FE,118601,125563,133927,141418,147950,154089
Eritrea,ERI,"Population ages 25-29, male",SP.POP.2529.MA,119783,126965,135481,143048,149562,155619
Eritrea,ERI,"Population ages 30-34, female",SP.POP.3034.FE,95822,98390,100621,103011,106715,111855
Eritrea,ERI,"Population ages 30-34, male",SP.POP.3034.MA,94571,97558,100220,102975,107005,112413
Eritrea,ERI,"Population ages 35-39, female",SP.POP.3539.FE,77791,78832,81039,84119,87525,90928
Eritrea,ERI,"Population ages 35-39, male",SP.POP.3539.MA,73999,75521,78095,81534,85291,89048
Eritrea,ERI,"Population ages 40-44, female",SP.POP.4044.FE,75041,75154,74778,74135,73743,74104
Eritrea,ERI,"Population ages 40-44, male",SP.POP.4044.MA,67246,67948,68307,68437,68788,69813
Eritrea,ERI,"Population ages 45-49, female",SP.POP.4549.FE,66539,67700,68922,70069,71097,71880
Eritrea,ERI,"Population ages 45-49, male",SP.POP.4549.MA,57979,59025,60145,61283,62479,63655
Eritrea,ERI,"Population ages 50-54, female",SP.POP.5054.FE,58226,59595,60686,61606,62531,63599
Eritrea,ERI,"Population ages 50-54, male",SP.POP.5054.MA,49582,50808,51804,52657,53535,54547
Eritrea,ERI,"Population ages 55-59, female",SP.POP.5559.FE,48070,49402,50777,52238,53696,55180
Eritrea,ERI,"Population ages 55-59, male",SP.POP.5559.MA,39797,40964,42175,43448,44726,46056
Eritrea,ERI,"Population ages 60-64, female",SP.POP.6064.FE,37120,38718,40444,42108,43506,44811
Eritrea,ERI,"Population ages 60-64, male",SP.POP.6064.MA,29512,30841,32314,33755,34990,36155
Eritrea,ERI,"Population ages 65 and above, female",SP.POP.65UP.FE.IN,76939,78761,80623,82905,85620,88559
Eritrea,ERI,"Population ages 65 and above, male",SP.POP.65UP.MA.IN,57707,58617,59711,61149,62977,65031
Estonia,EST,"Population ages 10-14, male",SP.POP.1014.MA,38862,39410,39816,39870,38833,37785
Estonia,EST,"Population ages 15-19, female",SP.POP.1519.FE,31126,32254,34035,35981,36970,37609
Estonia,EST,"Population ages 10-14, female",SP.POP.1014.FE,36809,37470,37917,38044,37055,35958
Estonia,EST,"Population ages 15-19, male",SP.POP.1519.MA,32656,33853,35825,38053,39152,39719
Estonia,EST,"Population ages 20-24, female",SP.POP.2024.FE,30641,30617,31103,31844,31900,31724
Estonia,EST,"Population ages 20-24, male",SP.POP.2024.MA,32360,32352,32700,33279,33325,33269
Estonia,EST,"Population ages 25-29, female",SP.POP.2529.FE,37794,36087,35114,34311,32823,31032
Estonia,EST,"Population ages 25-29, male",SP.POP.2529.MA,41166,38833,37498,36311,34525,32833
Estonia,EST,"Population ages 30-34, female",SP.POP.3034.FE,47898,47538,47056,45693,42324,38626
Estonia,EST,"Population ages 30-34, male",SP.POP.3034.MA,53451,53041,52246,50564,46577,42092
Estonia,EST,"Population ages 35-39, female",SP.POP.3539.FE,46025,46632,47978,49539,49618,49024
Estonia,EST,"Population ages 35-39, male",SP.POP.3539.MA,49744,50579,52352,54364,54748,54527
Estonia,EST,"Population ages 40-44, female",SP.POP.4044.FE,44152,44241,45072,46439,46869,47039
Estonia,EST,"Population ages 40-44, male",SP.POP.4044.MA,47029,47296,48236,49662,50226,50567
Estonia,EST,"Population ages 45-49, female",SP.POP.4549.FE,45093,44754,45157,45871,45475,45059
Estonia,EST,"Population ages 45-49, male",SP.POP.4549.MA,46463,46396,46987,47892,47705,47487
Estonia,EST,"Population ages 50-54, female",SP.POP.5054.FE,42998,43739,45181,46502,46361,45854
Estonia,EST,"Population ages 50-54, male",SP.POP.5054.MA,41615,42738,44634,46392,46544,46429
Estonia,EST,"Population ages 55-59, female",SP.POP.5559.FE,45398,44004,43400,43611,43320,43445
Estonia,EST,"Population ages 55-59, male",SP.POP.5559.MA,41143,40261,39974,40334,40354,40799
Estonia,EST,"Population ages 60-64, female",SP.POP.6064.FE,47207,47063,47540,47861,46782,45468
Estonia,EST,"Population ages 60-64, male",SP.POP.6064.MA,38448,38666,39525,40390,40023,39275
Estonia,EST,"Population ages 65 and above, female",SP.POP.65UP.FE.IN,175029,176768,180524,185335,186103,186960
Estonia,EST,"Population ages 65 and above, male",SP.POP.65UP.MA.IN,93536,95192,97742,101247,102844,104634
Eswatini,SWZ,"Population ages 10-14, male",SP.POP.1014.MA,66713,66731,66874,67141,67458,67757
Eswatini,SWZ,"Population ages 15-19, female",SP.POP.1519.FE,62914,63202,63783,64351,64769,65058
Eswatini,SWZ,"Population ages 10-14, female",SP.POP.1014.FE,66921,66749,66744,66975,67342,67723
Eswatini,SWZ,"Population ages 15-19, male",SP.POP.1519.MA,63811,63755,64046,64360,64665,64999
Eswatini,SWZ,"Population ages 20-24, female",SP.POP.2024.FE,57549,58123,58603,58888,59046,59246
Eswatini,SWZ,"Population ages 20-24, male",SP.POP.2024.MA,59474,60420,60795,60768,60500,60263
Eswatini,SWZ,"Population ages 25-29, female",SP.POP.2529.FE,53858,53942,53605,53140,53093,53475
Eswatini,SWZ,"Population ages 25-29, male",SP.POP.2529.MA,52606,53207,53538,53728,54393,55447
Eswatini,SWZ,"Population ages 30-34, female",SP.POP.3034.FE,48908,49517,49804,50043,50185,50334
Eswatini,SWZ,"Population ages 30-34, male",SP.POP.3034.MA,47868,48463,48649,48732,48913,49189
Eswatini,SWZ,"Population ages 35-39, female",SP.POP.3539.FE,40902,42406,43509,44223,45119,46061
Eswatini,SWZ,"Population ages 35-39, male",SP.POP.3539.MA,40813,42152,43064,43581,44182,44825
Eswatini,SWZ,"Population ages 40-44, female",SP.POP.4044.FE,30721,32249,34004,35733,37234,38643
Eswatini,SWZ,"Population ages 40-44, male",SP.POP.4044.MA,31006,32483,33959,35401,36688,37938
Eswatini,SWZ,"Population ages 45-49, female",SP.POP.4549.FE,23518,24479,25438,26410,27607,28934
Eswatini,SWZ,"Population ages 45-49, male",SP.POP.4549.MA,21465,22768,24107,25421,26874,28409
Eswatini,SWZ,"Population ages 50-54, female",SP.POP.5054.FE,21908,21949,21963,21661,21478,21963
Eswatini,SWZ,"Population ages 50-54, male",SP.POP.5054.MA,17694,18052,18224,18126,18387,19267
Eswatini,SWZ,"Population ages 55-59, female",SP.POP.5559.FE,18031,18363,18720,19384,20045,20206
Eswatini,SWZ,"Population ages 55-59, male",SP.POP.5559.MA,13076,13236,13617,14392,15133,15530
Eswatini,SWZ,"Population ages 60-64, female",SP.POP.6064.FE,15371,15579,15651,15859,16056,16247
Eswatini,SWZ,"Population ages 60-64, male",SP.POP.6064.MA,11308,11235,11069,10979,10978,11063
Eswatini,SWZ,"Population ages 65 and above, female",SP.POP.65UP.FE.IN,27565,28333,29341,30633,31924,33067
Eswatini,SWZ,"Population ages 65 and above, male",SP.POP.65UP.MA.IN,18651,19000,19600,20395,21045,21525
Ethiopia,ETH,"Population ages 10-14, male",SP.POP.1014.MA,7545602,7600693,7644264,7678809,7731642,7819587
Ethiopia,ETH,"Population ages 15-19, female",SP.POP.1519.FE,6722308,6870664,7001034,7116228,7221408,7308248
Ethiopia,ETH,"Population ages 10-14, female",SP.POP.1014.FE,7311459,7362760,7403705,7435891,7485703,7570749
Ethiopia,ETH,"Population ages 15-19, male",SP.POP.1519.MA,6880017,7036171,7175914,7300205,7413397,7506613
Ethiopia,ETH,"Population ages 20-24, female",SP.POP.2024.FE,5876526,6040277,6201077,6359565,6542472,6757098
Ethiopia,ETH,"Population ages 20-24, male",SP.POP.2024.MA,5988263,6144420,6298238,6452490,6635707,6855759
Ethiopia,ETH,"Population ages 25-29, female",SP.POP.2529.FE,4950108,5141586,5322960,5492716,5649183,5800436
Ethiopia,ETH,"Population ages 25-29, male",SP.POP.2529.MA,5029511,5217609,5393478,5556897,5708550,5856488
Ethiopia,ETH,"Population ages 30-34, female",SP.POP.3034.FE,3925757,4123119,4314238,4507422,4691608,4859162
Ethiopia,ETH,"Population ages 30-34, male",SP.POP.3034.MA,3973028,4168636,4356379,4545357,4727022,4893934
Ethiopia,ETH,"Population ages 35-39, female",SP.POP.3539.FE,3013984,3137112,3295077,3482012,3672368,3854740
Ethiopia,ETH,"Population ages 35-39, male",SP.POP.3539.MA,3026122,3149853,3306698,3492140,3681603,3863269
Ethiopia,ETH,"Population ages 40-44, female",SP.POP.4044.FE,2584615,2663770,2735824,2802015,2869972,2953276
Ethiopia,ETH,"Population ages 40-44, male",SP.POP.4044.MA,2541679,2630208,2708178,2779083,2849452,2934332
Ethiopia,ETH,"Population ages 45-49, female",SP.POP.4549.FE,2164532,2223923,2291283,2368082,2447729,2524582
Ethiopia,ETH,"Population ages 45-49, male",SP.POP.4549.MA,2031699,2101095,2180785,2269772,2362248,2452088
Ethiopia,ETH,"Population ages 50-54, female",SP.POP.5054.FE,1860919,1914150,1961941,2007257,2052170,2101115
Ethiopia,ETH,"Population ages 50-54, male",SP.POP.5054.MA,1692060,1740048,1785737,1832651,1882373,1938085
Ethiopia,ETH,"Population ages 55-59, female",SP.POP.5559.FE,1492408,1552322,1612998,1674176,1732147,1787026
Ethiopia,ETH,"Population ages 55-59, male",SP.POP.5559.MA,1343450,1391873,1441278,1491728,1540028,1587153
Ethiopia,ETH,"Population ages 60-64, female",SP.POP.6064.FE,1094647,1155929,1222092,1288977,1350765,1409284
Ethiopia,ETH,"Population ages 60-64, male",SP.POP.6064.MA,973299,1022755,1076715,1131401,1181621,1228879
Ethiopia,ETH,"Population ages 65 and above, female",SP.POP.65UP.FE.IN,2009744,2086208,2166984,2261318,2366948,2480847
Ethiopia,ETH,"Population ages 65 and above, male",SP.POP.65UP.MA.IN,1639897,1692286,1750543,1819895,1898562,1983949
Euro area,EMU,"Population ages 10-14, male",SP.POP.1014.MA,9249608,9254921,9254368,9201521,9086246,8969588
Euro area,EMU,"Population ages 15-19, female",SP.POP.1519.FE,8749637,8740920,8810291,8890923,8949653,9000313
Euro area,EMU,"Population ages 10-14, female",SP.POP.1014.FE,8762301,8771560,8770563,8719794,8613746,8505191
Euro area,EMU,"Population ages 15-19, male",SP.POP.1519.MA,9299748,9267255,9317991,9389233,9441382,9484743
Euro area,EMU,"Population ages 20-24, female",SP.POP.2024.FE,9175999,9174304,9167775,9133953,9141804,9215904
Euro area,EMU,"Population ages 20-24, male",SP.POP.2024.MA,9823720,9824389,9806011,9741600,9710344,9748176
Euro area,EMU,"Population ages 25-29, female",SP.POP.2529.FE,9773514,9632137,9577468,9554642,9493086,9427463
Euro area,EMU,"Population ages 25-29, male",SP.POP.2529.MA,10215355,10100405,10086035,10106120,10084484,10042833
Euro area,EMU,"Population ages 30-34, female",SP.POP.3034.FE,10598458,10581507,10558437,10461437,10234832,9952542
Euro area,EMU,"Population ages 30-34, male",SP.POP.3034.MA,10822263,10853332,10877431,10819660,10625603,10368587
Euro area,EMU,"Population ages 35-39, female",SP.POP.3539.FE,11088228,10951040,10889600,10876000,10832944,10752126
Euro area,EMU,"Population ages 35-39, male",SP.POP.3539.MA,11166705,11038861,10994315,11004783,10991978,10950102
Euro area,EMU,"Population ages 40-44, female",SP.POP.4044.FE,11612466,11598193,11599843,11555515,11412602,11216043
Euro area,EMU,"Population ages 40-44, male",SP.POP.4044.MA,11693360,11668343,11656567,11601836,11456976,11263651
Euro area,EMU,"Population ages 45-49, female",SP.POP.4549.FE,12235918,12048180,11938976,11878026,11777569,11704935
Euro area,EMU,"Population ages 45-49, male",SP.POP.4549.MA,12204781,12036736,11955115,11914932,11816692,11737090
Euro area,EMU,"Population ages 50-54, female",SP.POP.5054.FE,13033180,12905724,12825300,12697374,12488829,12275575
Euro area,EMU,"Population ages 50-54, male",SP.POP.5054.MA,12850880,12719968,12643604,12532416,12348832,12158089
Euro area,EMU,"Population ages 55-59, female",SP.POP.5559.FE,12938930,13053851,13179633,13224415,13136936,12994990
Euro area,EMU,"Population ages 55-59, male",SP.POP.5559.MA,12529429,12670271,12814370,12866103,12789592,12655621
Euro area,EMU,"Population ages 60-64, female",SP.POP.6064.FE,11652033,11878580,12150789,12423772,12640343,12794294
Euro area,EMU,"Population ages 60-64, male",SP.POP.6064.MA,10952146,11176717,11445330,11720429,11953358,12133651
Euro area,EMU,"Population ages 65 and above, female",SP.POP.65UP.FE.IN,41326125,41855632,42601895,43338537,43993417,44676524
Euro area,EMU,"Population ages 65 and above, male",SP.POP.65UP.MA.IN,31821446,32334569,33007324,33693585,34352748,35038791
Europe & Central Asia,ECS,"Population ages 10-14, male",SP.POP.1014.MA,27974811,28417330,28782282,28954259,29042035,29133876
Europe & Central Asia,ECS,"Population ages 15-19, female",SP.POP.1519.FE,24988900,25106513,25405061,25790336,26285459,26807598
Europe & Central Asia,ECS,"Population ages 10-14, female",SP.POP.1014.FE,26585125,27015138,27365852,27527682,27612694,27696563
Europe & Central Asia,ECS,"Population ages 15-19, male",SP.POP.1519.MA,26295571,26384313,26677581,27081428,27603731,28148545
Europe & Central Asia,ECS,"Population ages 20-24, female",SP.POP.2024.FE,26323815,26041146,25791456,25519997,25461210,25636529
Europe & Central Asia,ECS,"Population ages 20-24, male",SP.POP.2024.MA,27704070,27419139,27142165,26828271,26719648,26845391
Europe & Central Asia,ECS,"Population ages 25-29, female",SP.POP.2529.FE,29575818,28712773,28022759,27456471,27003079,26645439
Europe & Central Asia,ECS,"Population ages 25-29, male",SP.POP.2529.MA,30683889,29857920,29202307,28667655,28246349,27908809
Europe & Central Asia,ECS,"Population ages 30-34, female",SP.POP.3034.FE,33093489,32724241,32157040,31385470,30501849,29565398
Europe & Central Asia,ECS,"Population ages 30-34, male",SP.POP.3034.MA,33814686,33535982,33032156,32294452,31454156,30555288
Europe & Central Asia,ECS,"Population ages 35-39, female",SP.POP.3539.FE,32854827,32921149,33077305,33100716,33051550,32893296
Europe & Central Asia,ECS,"Population ages 35-39, male",SP.POP.3539.MA,33087964,33211931,33416230,33475177,33480196,33400330
Europe & Central Asia,ECS,"Population ages 40-44, female",SP.POP.4044.FE,32304812,32419568,32486899,32567918,32626814,32603492
Europe & Central Asia,ECS,"Population ages 40-44, male",SP.POP.4044.MA,32040054,32189098,32291399,32426064,32524811,32536471
Europe & Central Asia,ECS,"Population ages 45-49, female",SP.POP.4549.FE,31569887,31581884,31605284,31684586,31807989,31980416
Europe & Central Asia,ECS,"Population ages 45-49, male",SP.POP.4549.MA,30763970,30782111,30866944,30991474,31146653,31351393
Europe & Central Asia,ECS,"Population ages 50-54, female",SP.POP.5054.FE,31288415,31211639,31192540,31119500,31091537,31122883
Europe & Central Asia,ECS,"Population ages 50-54, male",SP.POP.5054.MA,30006746,29956935,29931603,29896392,29873853,29851523
Europe & Central Asia,ECS,"Population ages 55-59, female",SP.POP.5559.FE,31811750,31585954,31352431,31100155,30847157,30656637
Europe & Central Asia,ECS,"Population ages 55-59, male",SP.POP.5559.MA,29418314,29323121,29191907,28993644,28817976,28722648
Europe & Central Asia,ECS,"Population ages 60-64, female",SP.POP.6064.FE,29977416,30258358,30455064,30616205,30760996,30755751
Europe & Central Asia,ECS,"Population ages 60-64, male",SP.POP.6064.MA,26088932,26430375,26734966,27028920,27296566,27432206
Europe & Central Asia,ECS,"Population ages 65 and above, female",SP.POP.65UP.FE.IN,91857723,93072811,94471015,96154573,98052651,99997010
Europe & Central Asia,ECS,"Population ages 65 and above, male",SP.POP.65UP.MA.IN,64194794,65247251,66506409,67983785,69583513,71225274
Europe & Central Asia (excluding high income),ECA,"Population ages 10-14, male",SP.POP.1014.MA,9332331,9612185,9767895,9849443,9983614,10116401
Europe & Central Asia (excluding high income),ECA,"Population ages 15-19, female",SP.POP.1519.FE,8116536,8154115,8195101,8286342,8507455,8777598
Europe & Central Asia (excluding high income),ECA,"Population ages 10-14, female",SP.POP.1014.FE,8883235,9160467,9317087,9397599,9528847,9658261
Europe & Central Asia (excluding high income),ECA,"Population ages 15-19, male",SP.POP.1519.MA,8458720,8497123,8547955,8659028,8903489,9189967
Europe & Central Asia (excluding high income),ECA,"Population ages 20-24, female",SP.POP.2024.FE,8715627,8559108,8353823,8139128,8035586,8013515
Europe & Central Asia (excluding high income),ECA,"Population ages 20-24, male",SP.POP.2024.MA,9012555,8857277,8648485,8432071,8329034,8306693
Europe & Central Asia (excluding high income),ECA,"Population ages 25-29, female",SP.POP.2529.FE,9590832,9359221,9073002,8808143,8689888,8656738
Europe & Central Asia (excluding high income),ECA,"Population ages 25-29, male",SP.POP.2529.MA,9846101,9633886,9349667,9079173,8954949,8910631
Europe & Central Asia (excluding high income),ECA,"Population ages 30-34, female",SP.POP.3034.FE,10053859,9971692,9752735,9512280,9404268,9354504
Europe & Central Asia (excluding high income),ECA,"Population ages 30-34, male",SP.POP.3034.MA,10286772,10219390,9999310,9742170,9626680,9576793
Europe & Central Asia (excluding high income),ECA,"Population ages 35-39, female",SP.POP.3539.FE,9477112,9581438,9592476,9562033,9628618,9717764
Europe & Central Asia (excluding high income),ECA,"Population ages 35-39, male",SP.POP.3539.MA,9597942,9722200,9735651,9710131,9786685,9878928
Europe & Central Asia (excluding high income),ECA,"Population ages 40-44, female",SP.POP.4044.FE,8763432,8900950,8915536,8911465,9030744,9172290
Europe & Central Asia (excluding high income),ECA,"Population ages 40-44, male",SP.POP.4044.MA,8601860,8775247,8832687,8876274,9026928,9189942
Europe & Central Asia (excluding high income),ECA,"Population ages 45-49, female",SP.POP.4549.FE,7858770,8007194,8077142,8144377,8310616,8482530
Europe & Central Asia (excluding high income),ECA,"Population ages 45-49, male",SP.POP.4549.MA,7468547,7606237,7710894,7818267,8015198,8215941
Europe & Central Asia (excluding high income),ECA,"Population ages 50-54, female",SP.POP.5054.FE,7405814,7404630,7336705,7292542,7391040,7536309
Europe & Central Asia (excluding high income),ECA,"Population ages 50-54, male",SP.POP.5054.MA,6975553,6979331,6886316,6833608,6916643,7023855
Europe & Central Asia (excluding high income),ECA,"Population ages 55-59, female",SP.POP.5559.FE,7477776,7507459,7355864,7156246,7078223,7047223
Europe & Central Asia (excluding high income),ECA,"Population ages 55-59, male",SP.POP.5559.MA,6795874,6837861,6708202,6509048,6435992,6437244
Europe & Central Asia (excluding high income),ECA,"Population ages 60-64, female",SP.POP.6064.FE,6609432,6741982,6760815,6780243,6893205,6986508
Europe & Central Asia (excluding high income),ECA,"Population ages 60-64, male",SP.POP.6064.MA,5562024,5714656,5775652,5837437,5958270,6052143
Europe & Central Asia (excluding high income),ECA,"Population ages 65 and above, female",SP.POP.65UP.FE.IN,15913903,16310615,16415041,16579283,17089475,17640447
Europe & Central Asia (excluding high income),ECA,"Population ages 65 and above, male",SP.POP.65UP.MA.IN,10005461,10332861,10500322,10695922,11093697,11535075
Europe & Central Asia (IDA & IBRD countries),TEC,"Population ages 10-14, male",SP.POP.1014.MA,15299847,15717574,16037093,16236376,16444359,16660326
Europe & Central Asia (IDA & IBRD countries),TEC,"Population ages 15-19, female",SP.POP.1519.FE,13230098,13329375,13474799,13694231,14055391,14456368
Europe & Central Asia (IDA & IBRD countries),TEC,"Population ages 10-14, female",SP.POP.1014.FE,14569276,14970530,15277553,15464737,15659610,15861257
Europe & Central Asia (IDA & IBRD countries),TEC,"Population ages 15-19, male",SP.POP.1519.MA,13810267,13909879,14071627,14318495,14711066,15140666
Europe & Central Asia (IDA & IBRD countries),TEC,"Population ages 20-24, female",SP.POP.2024.FE,13873645,13628139,13394019,13185183,13120895,13171297
Europe & Central Asia (IDA & IBRD countries),TEC,"Population ages 20-24, male",SP.POP.2024.MA,14385110,14136509,13895894,13685064,13623078,13673537
Europe & Central Asia (IDA & IBRD countries),TEC,"Population ages 25-29, female",SP.POP.2529.FE,16065980,15402186,14794682,14300171,13975978,13740138
Europe & Central Asia (IDA & IBRD countries),TEC,"Population ages 25-29, male",SP.POP.2529.MA,16569070,15908169,15285848,14769115,14425028,14175399
Europe & Central Asia (IDA & IBRD countries),TEC,"Population ages 30-34, female",SP.POP.3034.FE,18713682,18344467,17723380,16989457,16334294,15731514
Europe & Central Asia (IDA & IBRD countries),TEC,"Population ages 30-34, male",SP.POP.3034.MA,19149205,18806428,18180400,17417568,16750973,16147720
Europe & Central Asia (IDA & IBRD countries),TEC,"Population ages 35-39, female",SP.POP.3539.FE,17988625,18192125,18367461,18376145,18353964,18263210
Europe & Central Asia (IDA & IBRD countries),TEC,"Population ages 35-39, male",SP.POP.3539.MA,18120316,18363301,18563885,18589112,18587571,18519292
Europe & Central Asia (IDA & IBRD countries),TEC,"Population ages 40-44, female",SP.POP.4044.FE,16933695,17074167,17093208,17174652,17369280,17545736
Europe & Central Asia (IDA & IBRD countries),TEC,"Population ages 40-44, male",SP.POP.4044.MA,16554324,16747968,16822512,16971526,17212265,17419503
Europe & Central Asia (IDA & IBRD countries),TEC,"Population ages 45-49, female",SP.POP.4549.FE,15416551,15661725,15831601,15990067,16235606,16490265
Europe & Central Asia (IDA & IBRD countries),TEC,"Population ages 45-49, male",SP.POP.4549.MA,14639305,14835104,15023882,15223446,15510092,15810251
Europe & Central Asia (IDA & IBRD countries),TEC,"Population ages 50-54, female",SP.POP.5054.FE,14292877,14345183,14375247,14431384,14640229,14906722
Europe & Central Asia (IDA & IBRD countries),TEC,"Population ages 50-54, male",SP.POP.5054.MA,13324738,13418386,13431139,13462457,13612063,13779281
Europe & Central Asia (IDA & IBRD countries),TEC,"Population ages 55-59, female",SP.POP.5559.FE,15157723,14777054,14339531,13968817,13765783,13711106
Europe & Central Asia (IDA & IBRD countries),TEC,"Population ages 55-59, male",SP.POP.5559.MA,13318889,13052194,12706140,12388966,12254880,12286498
Europe & Central Asia (IDA & IBRD countries),TEC,"Population ages 60-64, female",SP.POP.6064.FE,14923780,14988564,14866874,14690490,14549359,14312347
Europe & Central Asia (IDA & IBRD countries),TEC,"Population ages 60-64, male",SP.POP.6064.MA,11925702,12043148,12031183,11993193,11967330,11849262
Europe & Central Asia (IDA & IBRD countries),TEC,"Population ages 65 and above, female",SP.POP.65UP.FE.IN,38596777,39200464,39629488,40322507,41362852,42455209
Europe & Central Asia (IDA & IBRD countries),TEC,"Population ages 65 and above, male",SP.POP.65UP.MA.IN,22661210,23116903,23501657,24063788,24817727,25613554
European Union,EUU,"Population ages 10-14, male",SP.POP.1014.MA,12054572,12052952,12042942,11961648,11796569,11632277
European Union,EUU,"Population ages 15-19, female",SP.POP.1519.FE,11175560,11173172,11301667,11450148,11557778,11640883
European Union,EUU,"Population ages 10-14, female",SP.POP.1014.FE,11430742,11432822,11422331,11344204,11189858,11033426
European Union,EUU,"Population ages 15-19, male",SP.POP.1519.MA,11855619,11827180,11936356,12076846,12180958,12258828
European Union,EUU,"Population ages 20-24, female",SP.POP.2024.FE,11759647,11680092,11651956,11606598,11584331,11640385
European Union,EUU,"Population ages 20-24, male",SP.POP.2024.MA,12557549,12476547,12430275,12347426,12280240,12295106
European Union,EUU,"Population ages 25-29, female",SP.POP.2529.FE,12836563,12559708,12425391,12327949,12160980,11988953
European Union,EUU,"Population ages 25-29, male",SP.POP.2529.MA,13447383,13189097,13084790,13021735,12892915,12744490
European Union,EUU,"Population ages 30-34, female",SP.POP.3034.FE,14076653,13971756,13891849,13727034,13391371,12976737
European Union,EUU,"Population ages 30-34, male",SP.POP.3034.MA,14481833,14421031,14386743,14256474,13946852,13551508
European Union,EUU,"Population ages 35-39, female",SP.POP.3539.FE,14649538,14446458,14375671,14371949,14310776,14178472
European Union,EUU,"Population ages 35-39, male",SP.POP.3539.MA,14908097,14714386,14658570,14676304,14642209,14543982
European Union,EUU,"Population ages 40-44, female",SP.POP.4044.FE,15415894,15324867,15277895,15174211,14961560,14710927
European Union,EUU,"Population ages 40-44, male",SP.POP.4044.MA,15645130,15545034,15487079,15376492,15162607,14916080
European Union,EUU,"Population ages 45-49, female",SP.POP.4549.FE,15844713,15695499,15645456,15630533,15532262,15426249
European Union,EUU,"Population ages 45-49, male",SP.POP.4549.MA,15908915,15781023,15760297,15769711,15677931,15569362
European Union,EUU,"Population ages 50-54, female",SP.POP.5054.FE,16377612,16287781,16240217,16117980,15939509,15789946
European Union,EUU,"Population ages 50-54, male",SP.POP.5054.MA,16211579,16121066,16080525,15980505,15832118,15708252
European Union,EUU,"Population ages 55-59, female",SP.POP.5559.FE,16044963,16089093,16225193,16339519,16316490,16230100
European Union,EUU,"Population ages 55-59, male",SP.POP.5559.MA,15525544,15611579,15777832,15904722,15894742,15818568
European Union,EUU,"Population ages 60-64, female",SP.POP.6064.FE,15108116,15184378,15338033,15516948,15659261,15755938
European Union,EUU,"Population ages 60-64, male",SP.POP.6064.MA,14035123,14138459,14317346,14531400,14722914,14872823
European Union,EUU,"Population ages 65 and above, female",SP.POP.65UP.FE.IN,52749003,53324422,54184265,55074512,55858404,56642090
European Union,EUU,"Population ages 65 and above, male",SP.POP.65UP.MA.IN,39789715,40337233,41101660,41924335,42701142,43485276
Faroe Islands,FRO,"Population ages 10-14, male",SP.POP.1014.MA,1885,1870,1880,1889,1898,1907
Faroe Islands,FRO,"Population ages 15-19, female",SP.POP.1519.FE,1753,1776,1834,1874,1880,1871
Faroe Islands,FRO,"Population ages 10-14, female",SP.POP.1014.FE,1805,1801,1771,1733,1743,1779
Faroe Islands,FRO,"Population ages 15-19, male",SP.POP.1519.MA,1907,1934,1930,1939,1951,1934
Faroe Islands,FRO,"Population ages 20-24, female",SP.POP.2024.FE,1387,1399,1489,1661,1807,1885
Faroe Islands,FRO,"Population ages 20-24, male",SP.POP.2024.MA,1690,1712,1798,1911,2005,2055
Faroe Islands,FRO,"Population ages 25-29, female",SP.POP.2529.FE,1365,1354,1347,1350,1383,1464
Faroe Islands,FRO,"Population ages 25-29, male",SP.POP.2529.MA,1589,1578,1608,1654,1715,1804
Faroe Islands,FRO,"Population ages 30-34, female",SP.POP.3034.FE,1580,1665,1709,1719,1700,1641
Faroe Islands,FRO,"Population ages 30-34, male",SP.POP.3034.MA,1769,1851,1893,1895,1863,1806
Faroe Islands,FRO,"Population ages 35-39, female",SP.POP.3539.FE,1459,1482,1508,1572,1669,1755
Faroe Islands,FRO,"Population ages 35-39, male",SP.POP.3539.MA,1616,1669,1730,1789,1869,1945
Faroe Islands,FRO,"Population ages 40-44, female",SP.POP.4044.FE,1502,1533,1571,1567,1554,1553
Faroe Islands,FRO,"Population ages 40-44, male",SP.POP.4044.MA,1695,1696,1699,1699,1706,1721
Faroe Islands,FRO,"Population ages 45-49, female",SP.POP.4549.FE,1518,1528,1530,1535,1544,1556
Faroe Islands,FRO,"Population ages 45-49, male",SP.POP.4549.MA,1800,1828,1823,1785,1770,1765
Faroe Islands,FRO,"Population ages 50-54, female",SP.POP.5054.FE,1640,1615,1581,1553,1540,1540
Faroe Islands,FRO,"Population ages 50-54, male",SP.POP.5054.MA,1827,1787,1759,1757,1786,1824
Faroe Islands,FRO,"Population ages 55-59, female",SP.POP.5559.FE,1554,1592,1623,1635,1651,1645
Faroe Islands,FRO,"Population ages 55-59, male",SP.POP.5559.MA,1704,1765,1826,1848,1837,1809
Faroe Islands,FRO,"Population ages 60-64, female",SP.POP.6064.FE,1492,1506,1519,1528,1526,1539
Faroe Islands,FRO,"Population ages 60-64, male",SP.POP.6064.MA,1522,1536,1549,1571,1609,1654
Faroe Islands,FRO,"Population ages 65 and above, female",SP.POP.65UP.FE.IN,4769,4871,4923,4956,5031,5112
Faroe Islands,FRO,"Population ages 65 and above, male",SP.POP.65UP.MA.IN,4528,4638,4677,4702,4754,4804
Fiji,FJI,"Population ages 10-14, male",SP.POP.1014.MA,42267,42105,41961,42049,42312,42696
Fiji,FJI,"Population ages 15-19, female",SP.POP.1519.FE,38992,39554,40184,40769,41215,41505
Fiji,FJI,"Population ages 10-14, female",SP.POP.1014.FE,42576,42413,42143,41996,42007,42118
Fiji,FJI,"Population ages 15-19, male",SP.POP.1519.MA,38551,38952,39491,40082,40576,40955
Fiji,FJI,"Population ages 20-24, female",SP.POP.2024.FE,37591,37177,37009,37170,37447,37826
Fiji,FJI,"Population ages 20-24, male",SP.POP.2024.MA,37514,36937,36623,36684,36875,37175
Fiji,FJI,"Population ages 25-29, female",SP.POP.2529.FE,37267,37111,36991,36877,36661,36299
Fiji,FJI,"Population ages 25-29, male",SP.POP.2529.MA,37570,37332,37129,36928,36606,36121
Fiji,FJI,"Population ages 30-34, female",SP.POP.3034.FE,35550,35667,35856,36022,36075,36036
Fiji,FJI,"Population ages 30-34, male",SP.POP.3034.MA,35853,35901,36055,36233,36278,36212
Fiji,FJI,"Population ages 35-39, female",SP.POP.3539.FE,34770,34802,34704,34579,34427,34438
Fiji,FJI,"Population ages 35-39, male",SP.POP.3539.MA,34933,34882,34744,34602,34446,34489
Fiji,FJI,"Population ages 40-44, female",SP.POP.4044.FE,29721,30667,31538,32383,33117,33595
Fiji,FJI,"Population ages 40-44, male",SP.POP.4044.MA,30058,30923,31716,32491,33165,33570
Fiji,FJI,"Population ages 45-49, female",SP.POP.4549.FE,23910,24263,24976,26021,27283,28505
Fiji,FJI,"Population ages 45-49, male",SP.POP.4549.MA,24380,24702,25358,26325,27489,28595
Fiji,FJI,"Population ages 50-54, female",SP.POP.5054.FE,23660,23371,23038,22716,22458,22486
Fiji,FJI,"Population ages 50-54, male",SP.POP.5054.MA,23656,23437,23147,22848,22580,22565
Fiji,FJI,"Population ages 55-59, female",SP.POP.5559.FE,22015,22188,22178,22045,21897,21755
Fiji,FJI,"Population ages 55-59, male",SP.POP.5559.MA,21428,21538,21501,21371,21252,21160
Fiji,FJI,"Population ages 60-64, female",SP.POP.6064.FE,17499,17933,18346,18811,19219,19548
Fiji,FJI,"Population ages 60-64, male",SP.POP.6064.MA,16282,16666,17046,17486,17830,18056
Fiji,FJI,"Population ages 65 and above, female",SP.POP.65UP.FE.IN,31222,31964,32660,33544,34468,35406
Fiji,FJI,"Population ages 65 and above, male",SP.POP.65UP.MA.IN,23557,23989,24430,25075,25781,26508
Finland,FIN,"Population ages 10-14, male",SP.POP.1014.MA,158870,160367,161151,161963,161218,158970
Finland,FIN,"Population ages 15-19, female",SP.POP.1519.FE,145069,146791,149116,151687,154247,156884
Finland,FIN,"Population ages 10-14, female",SP.POP.1014.FE,152000,153269,154225,154986,154073,151821
Finland,FIN,"Population ages 15-19, male",SP.POP.1519.MA,152370,153660,155945,158560,161153,163985
Finland,FIN,"Population ages 20-24, female",SP.POP.2024.FE,150750,148523,147100,147094,149375,153381
Finland,FIN,"Population ages 20-24, male",SP.POP.2024.MA,160432,158321,156756,156368,158076,161454
Finland,FIN,"Population ages 25-29, female",SP.POP.2529.FE,171881,170143,167257,163687,159806,156399
Finland,FIN,"Population ages 25-29, male",SP.POP.2529.MA,182453,180971,177816,173776,170074,167103
Finland,FIN,"Population ages 30-34, female",SP.POP.3034.FE,170639,173107,176266,178488,178372,176626
Finland,FIN,"Population ages 30-34, male",SP.POP.3034.MA,182271,185198,188674,190751,190300,188329
Finland,FIN,"Population ages 35-39, female",SP.POP.3539.FE,175317,175932,175198,174788,174344,174483
Finland,FIN,"Population ages 35-39, male",SP.POP.3539.MA,186924,188233,187893,187328,186887,187079
Finland,FIN,"Population ages 40-44, female",SP.POP.4044.FE,169068,169961,171510,174773,177342,178412
Finland,FIN,"Population ages 40-44, male",SP.POP.4044.MA,178442,179462,181758,185771,188803,190357
Finland,FIN,"Population ages 45-49, female",SP.POP.4549.FE,154963,157082,161118,166728,170334,171413
Finland,FIN,"Population ages 45-49, male",SP.POP.4549.MA,161164,164576,169308,175159,179170,180489
Finland,FIN,"Population ages 50-54, female",SP.POP.5054.FE,174444,169747,164597,159571,156376,156386
Finland,FIN,"Population ages 50-54, male",SP.POP.5054.MA,177015,172412,167709,163527,160873,161619
Finland,FIN,"Population ages 55-59, female",SP.POP.5559.FE,184738,183839,183229,182749,179604,174966
Finland,FIN,"Population ages 55-59, male",SP.POP.5559.MA,183591,183211,182860,182484,179715,175445
Finland,FIN,"Population ages 60-64, female",SP.POP.6064.FE,182724,181419,181050,183019,184245,183747
Finland,FIN,"Population ages 60-64, male",SP.POP.6064.MA,175711,174597,174639,177078,178822,179015
Finland,FIN,"Population ages 65 and above, female",SP.POP.65UP.FE.IN,695666,707469,719805,734233,744606,752991
Finland,FIN,"Population ages 65 and above, male",SP.POP.65UP.MA.IN,547966,560037,570810,582335,591937,600489
Fragile and conflict affected situations,FCS,"Population ages 10-14, male",SP.POP.1014.MA,60430083,61835397,63097867,64257201,65413259,66517672
Fragile and conflict affected situations,FCS,"Population ages 15-19, female",SP.POP.1519.FE,51149578,52464507,53726872,55042796,56473490,57929073
Fragile and conflict affected situations,FCS,"Population ages 10-14, female",SP.POP.1014.FE,58645663,60012532,61245175,62380424,63511580,64591762
Fragile and conflict affected situations,FCS,"Population ages 15-19, male",SP.POP.1519.MA,52617379,53972406,55263682,56609226,58086729,59590608
Fragile and conflict affected situations,FCS,"Population ages 20-24, female",SP.POP.2024.FE,43769490,44949875,46162077,47499332,48976218,50515709
Fragile and conflict affected situations,FCS,"Population ages 20-24, male",SP.POP.2024.MA,44744053,45959311,47191075,48548347,50065669,51654569
Fragile and conflict affected situations,FCS,"Population ages 25-29, female",SP.POP.2529.FE,37677191,38646416,39559511,40532642,41685231,42981802
Fragile and conflict affected situations,FCS,"Population ages 25-29, male",SP.POP.2529.MA,38127405,39138420,40073673,41065956,42256363,43600302
Fragile and conflict affected situations,FCS,"Population ages 30-34, female",SP.POP.3034.FE,32759323,33463734,34105163,34863044,35786277,36800612
Fragile and conflict affected situations,FCS,"Population ages 30-34, male",SP.POP.3034.MA,32792994,33538285,34206286,34980319,35940933,37007110
Fragile and conflict affected situations,FCS,"Population ages 35-39, female",SP.POP.3539.FE,28404446,29111030,29717732,30328789,31064340,31840721
Fragile and conflict affected situations,FCS,"Population ages 35-39, male",SP.POP.3539.MA,28133971,28856484,29462779,30085048,30852579,31666726
Fragile and conflict affected situations,FCS,"Population ages 40-44, female",SP.POP.4044.FE,24162720,24852700,25431471,26027503,26740440,27470575
Fragile and conflict affected situations,FCS,"Population ages 40-44, male",SP.POP.4044.MA,23519881,24241053,24859533,25505710,26252619,27004298
Fragile and conflict affected situations,FCS,"Population ages 45-49, female",SP.POP.4549.FE,20229723,20783476,21274987,21829635,22522033,23236088
Fragile and conflict affected situations,FCS,"Population ages 45-49, male",SP.POP.4549.MA,19291551,19827550,20343348,20926804,21643312,22383441
Fragile and conflict affected situations,FCS,"Population ages 50-54, female",SP.POP.5054.FE,17004815,17470247,17843957,18228906,18731355,19274880
Fragile and conflict affected situations,FCS,"Population ages 50-54, male",SP.POP.5054.MA,15977574,16416164,16743656,17108755,17591861,18094308
Fragile and conflict affected situations,FCS,"Population ages 55-59, female",SP.POP.5559.FE,14239568,14597496,14827034,15078534,15490668,15958062
Fragile and conflict affected situations,FCS,"Population ages 55-59, male",SP.POP.5559.MA,12980003,13327758,13561267,13792055,14180732,14647280
Fragile and conflict affected situations,FCS,"Population ages 60-64, female",SP.POP.6064.FE,11539736,11842569,12052202,12297125,12653680,13026162
Fragile and conflict affected situations,FCS,"Population ages 60-64, male",SP.POP.6064.MA,9986804,10271636,10499397,10765710,11114596,11475433
Fragile and conflict affected situations,FCS,"Population ages 65 and above, female",SP.POP.65UP.FE.IN,22875465,23490017,23839968,24293011,25117670,25988563
Fragile and conflict affected situations,FCS,"Population ages 65 and above, male",SP.POP.65UP.MA.IN,16987816,17407469,17747844,18178968,18821338,19514799
France,FRA,"Population ages 10-14, male",SP.POP.1014.MA,2146211,2148991,2138170,2125271,2101015,2063006
France,FRA,"Population ages 15-19, female",SP.POP.1519.FE,2010169,2023058,2040962,2053389,2068075,2084524
France,FRA,"Population ages 10-14, female",SP.POP.1014.FE,2041756,2044730,2034128,2021500,2001661,1968591
France,FRA,"Population ages 15-19, male",SP.POP.1519.MA,2125764,2138854,2153981,2164887,2175801,2187697
France,FRA,"Population ages 20-24, female",SP.POP.2024.FE,1954146,1984254,2010313,2015395,2037132,2084824
France,FRA,"Population ages 20-24, male",SP.POP.2024.MA,2029309,2070529,2108196,2120183,2145954,2192279
France,FRA,"Population ages 25-29, female",SP.POP.2529.FE,1897433,1892404,1894501,1923980,1955043,1979101
France,FRA,"Population ages 25-29, male",SP.POP.2529.MA,1895774,1897219,1912697,1955140,2001078,2039989
France,FRA,"Population ages 30-34, female",SP.POP.3034.FE,2058630,2051485,2029856,1995781,1952280,1916520
France,FRA,"Population ages 30-34, male",SP.POP.3034.MA,1988451,1993249,1985532,1967649,1934596,1903920
France,FRA,"Population ages 35-39, female",SP.POP.3539.FE,2114402,2100233,2090951,2094405,2094602,2077125
France,FRA,"Population ages 35-39, male",SP.POP.3539.MA,2024136,2005766,1993995,1998581,2004240,1997701
France,FRA,"Population ages 40-44, female",SP.POP.4044.FE,2107639,2141485,2165129,2168488,2153151,2127304
France,FRA,"Population ages 40-44, male",SP.POP.4044.MA,2082970,2103750,2109258,2093664,2063295,2028313
France,FRA,"Population ages 45-49, female",SP.POP.4549.FE,2265836,2219257,2169247,2128615,2103696,2112868
France,FRA,"Population ages 45-49, male",SP.POP.4549.MA,2226839,2187220,2147664,2113838,2081824,2077150
France,FRA,"Population ages 50-54, female",SP.POP.5054.FE,2255328,2258134,2276517,2299657,2295015,2261997
France,FRA,"Population ages 50-54, male",SP.POP.5054.MA,2152914,2158483,2180180,2211449,2224108,2204486
France,FRA,"Population ages 55-59, female",SP.POP.5559.FE,2269074,2276622,2276825,2269086,2252345,2240484
France,FRA,"Population ages 55-59, male",SP.POP.5559.MA,2137882,2143779,2145483,2138358,2120605,2109647
France,FRA,"Population ages 60-64, female",SP.POP.6064.FE,2188274,2199188,2205243,2220004,2234043,2240953
France,FRA,"Population ages 60-64, male",SP.POP.6064.MA,2001575,2016786,2025555,2041090,2056776,2064536
France,FRA,"Population ages 65 and above, female",SP.POP.65UP.FE.IN,7982409,8118735,8264089,8424890,8576426,8726409
France,FRA,"Population ages 65 and above, male",SP.POP.65UP.MA.IN,6043092,6162688,6286407,6427053,6568722,6709872
French Polynesia,PYF,"Population ages 10-14, male",SP.POP.1014.MA,11368,11274,11172,11093,10862,10519
French Polynesia,PYF,"Population ages 15-19, female",SP.POP.1519.FE,10827,10652,10546,10544,10588,10594
French Polynesia,PYF,"Population ages 10-14, female",SP.POP.1014.FE,10773,10731,10605,10379,10112,9837
French Polynesia,PYF,"Population ages 15-19, male",SP.POP.1519.MA,11127,11043,11020,11018,11114,11172
French Polynesia,PYF,"Population ages 20-24, female",SP.POP.2024.FE,9500,9706,9995,10187,10257,10247
French Polynesia,PYF,"Population ages 20-24, male",SP.POP.2024.MA,10093,10259,10513,10656,10611,10532
French Polynesia,PYF,"Population ages 25-29, female",SP.POP.2529.FE,10153,9735,9212,8824,8704,8829
French Polynesia,PYF,"Population ages 25-29, male",SP.POP.2529.MA,10190,9833,9459,9218,9204,9379
French Polynesia,PYF,"Population ages 30-34, female",SP.POP.3034.FE,11362,11194,10938,10599,10184,9742
French Polynesia,PYF,"Population ages 30-34, male",SP.POP.3034.MA,11215,11103,10826,10481,10134,9746
French Polynesia,PYF,"Population ages 35-39, female",SP.POP.3539.FE,10931,11137,11266,11311,11236,11067
French Polynesia,PYF,"Population ages 35-39, male",SP.POP.3539.MA,10835,10908,10946,10980,10949,10881
French Polynesia,PYF,"Population ages 40-44, female",SP.POP.4044.FE,9766,9890,10062,10273,10500,10719
French Polynesia,PYF,"Population ages 40-44, male",SP.POP.4044.MA,9915,10001,10115,10283,10479,10607
French Polynesia,PYF,"Population ages 45-49, female",SP.POP.4549.FE,9726,9657,9575,9543,9542,9594
French Polynesia,PYF,"Population ages 45-49, male",SP.POP.4549.MA,9930,9845,9777,9707,9664,9702
French Polynesia,PYF,"Population ages 50-54, female",SP.POP.5054.FE,9274,9383,9412,9437,9515,9563
French Polynesia,PYF,"Population ages 50-54, male",SP.POP.5054.MA,9870,9917,9874,9796,9743,9700
French Polynesia,PYF,"Population ages 55-59, female",SP.POP.5559.FE,7942,8216,8538,8790,8942,9101
French Polynesia,PYF,"Population ages 55-59, male",SP.POP.5559.MA,8394,8652,8963,9226,9415,9582
French Polynesia,PYF,"Population ages 60-64, female",SP.POP.6064.FE,6232,6415,6713,7108,7470,7764
French Polynesia,PYF,"Population ages 60-64, male",SP.POP.6064.MA,6733,6881,7151,7512,7817,8070
French Polynesia,PYF,"Population ages 65 and above, female",SP.POP.65UP.FE.IN,13148,13820,14597,15423,16320,17275
French Polynesia,PYF,"Population ages 65 and above, male",SP.POP.65UP.MA.IN,12557,13188,13925,14728,15592,16477
Gabon,GAB,"Population ages 10-14, male",SP.POP.1014.MA,122910,127642,132423,136927,140955,144468
Gabon,GAB,"Population ages 15-19, female",SP.POP.1519.FE,104878,107634,110679,114031,118035,122614
Gabon,GAB,"Population ages 10-14, female",SP.POP.1014.FE,122337,126929,131555,135904,139787,143158
Gabon,GAB,"Population ages 15-19, male",SP.POP.1519.MA,105348,107990,110973,114339,118462,123238
Gabon,GAB,"Population ages 20-24, female",SP.POP.2024.FE,95046,96440,98151,100072,102696,106096
Gabon,GAB,"Population ages 20-24, male",SP.POP.2024.MA,97328,98093,99271,100807,103287,106790
Gabon,GAB,"Population ages 25-29, female",SP.POP.2529.FE,93061,93232,93341,93522,93825,94510
Gabon,GAB,"Population ages 25-29, male",SP.POP.2529.MA,99263,98531,97731,97071,96528,96412
Gabon,GAB,"Population ages 30-34, female",SP.POP.3034.FE,87963,89449,90659,91589,92050,91992
Gabon,GAB,"Population ages 30-34, male",SP.POP.3034.MA,97463,98412,98954,99119,98666,97580
Gabon,GAB,"Population ages 35-39, female",SP.POP.3539.FE,76826,79218,81470,83584,85380,86806
Gabon,GAB,"Population ages 35-39, male",SP.POP.3539.MA,86726,89132,91286,93209,94641,95531
Gabon,GAB,"Population ages 40-44, female",SP.POP.4044.FE,62556,65214,67906,70599,73173,75546
Gabon,GAB,"Population ages 40-44, male",SP.POP.4044.MA,70697,73647,76574,79457,82130,84503
Gabon,GAB,"Population ages 45-49, female",SP.POP.4549.FE,49676,51790,53984,56301,58704,61157
Gabon,GAB,"Population ages 45-49, male",SP.POP.4549.MA,55245,57692,60207,62844,65530,68223
Gabon,GAB,"Population ages 50-54, female",SP.POP.5054.FE,39160,40729,42422,44255,46156,48108
Gabon,GAB,"Population ages 50-54, male",SP.POP.5054.MA,42238,44060,46009,48112,50283,52498
Gabon,GAB,"Population ages 55-59, female",SP.POP.5559.FE,31082,32204,33381,34639,35977,37395
Gabon,GAB,"Population ages 55-59, male",SP.POP.5559.MA,32140,33399,34729,36156,37669,39268
Gabon,GAB,"Population ages 60-64, female",SP.POP.6064.FE,24210,25065,25988,26974,27991,29030
Gabon,GAB,"Population ages 60-64, male",SP.POP.6064.MA,23778,24669,25648,26700,27790,28912
Gabon,GAB,"Population ages 65 and above, female",SP.POP.65UP.FE.IN,49846,51089,52454,54008,55718,57543
Gabon,GAB,"Population ages 65 and above, male",SP.POP.65UP.MA.IN,42895,43871,45051,46423,47936,49556
"Gambia, The",GMB,"Population ages 10-14, male",SP.POP.1014.MA,160095,164734,169547,174443,178744,181998
"Gambia, The",GMB,"Population ages 15-19, female",SP.POP.1519.FE,133822,137747,142065,146492,150961,155492
"Gambia, The",GMB,"Population ages 10-14, female",SP.POP.1014.FE,157254,161793,166488,171268,175467,178648
"Gambia, The",GMB,"Population ages 15-19, male",SP.POP.1519.MA,136080,140082,144463,148951,153449,157998
"Gambia, The",GMB,"Population ages 20-24, female",SP.POP.2024.FE,118437,120504,122727,125119,127853,131072
"Gambia, The",GMB,"Population ages 20-24, male",SP.POP.2024.MA,119532,121739,124093,126600,129386,132595
"Gambia, The",GMB,"Population ages 25-29, female",SP.POP.2529.FE,103883,106814,109345,111610,113691,115645
"Gambia, The",GMB,"Population ages 25-29, male",SP.POP.2529.MA,103711,106764,109417,111814,114007,116040
"Gambia, The",GMB,"Population ages 30-34, female",SP.POP.3034.FE,83969,87587,91136,94610,98073,101377
"Gambia, The",GMB,"Population ages 30-34, male",SP.POP.3034.MA,83180,86784,90344,93853,97362,100728
"Gambia, The",GMB,"Population ages 35-39, female",SP.POP.3539.FE,64951,68254,71589,74935,78345,81881
"Gambia, The",GMB,"Population ages 35-39, male",SP.POP.3539.MA,64184,67403,70641,73898,77231,80703
"Gambia, The",GMB,"Population ages 40-44, female",SP.POP.4044.FE,49649,51655,54103,56887,59922,63118
"Gambia, The",GMB,"Population ages 40-44, male",SP.POP.4044.MA,48680,50820,53272,55995,58954,62056
"Gambia, The",GMB,"Population ages 45-49, female",SP.POP.4549.FE,44763,44870,45053,45553,46532,48030
"Gambia, The",GMB,"Population ages 45-49, male",SP.POP.4549.MA,41739,42203,42807,43722,45040,46774
"Gambia, The",GMB,"Population ages 50-54, female",SP.POP.5054.FE,41673,42077,42383,42637,42840,42998
"Gambia, The",GMB,"Population ages 50-54, male",SP.POP.5054.MA,37578,38091,38506,38876,39237,39645
"Gambia, The",GMB,"Population ages 55-59, female",SP.POP.5559.FE,35286,36429,37411,38263,38970,39524
"Gambia, The",GMB,"Population ages 55-59, male",SP.POP.5559.MA,30363,31553,32620,33592,34428,35092
"Gambia, The",GMB,"Population ages 60-64, female",SP.POP.6064.FE,25786,27288,28747,30169,31522,32780
"Gambia, The",GMB,"Population ages 60-64, male",SP.POP.6064.MA,21158,22437,23744,25076,26389,27633
"Gambia, The",GMB,"Population ages 65 and above, female",SP.POP.65UP.FE.IN,37955,39876,42003,44481,47207,50078
"Gambia, The",GMB,"Population ages 65 and above, male",SP.POP.65UP.MA.IN,31636,32800,34186,35857,37753,39805
Georgia,GEO,"Population ages 10-14, male",SP.POP.1014.MA,122248,127170,131603,135070,138249,141264
Georgia,GEO,"Population ages 15-19, female",SP.POP.1519.FE,98361,98908,101421,105351,110468,116240
Georgia,GEO,"Population ages 10-14, female",SP.POP.1014.FE,116238,121235,125302,128068,130357,132436
Georgia,GEO,"Population ages 15-19, male",SP.POP.1519.MA,105224,105677,107997,111666,116510,121993
Georgia,GEO,"Population ages 20-24, female",SP.POP.2024.FE,103867,101474,100794,100429,99704,99615
Georgia,GEO,"Population ages 20-24, male",SP.POP.2024.MA,109147,107385,106917,106616,106010,105929
Georgia,GEO,"Population ages 25-29, female",SP.POP.2529.FE,125825,118372,113676,110648,107935,105888
Georgia,GEO,"Population ages 25-29, male",SP.POP.2529.MA,124016,117996,114791,113143,111631,110516
Georgia,GEO,"Population ages 30-34, female",SP.POP.3034.FE,142589,141821,140909,138420,133609,127148
Georgia,GEO,"Population ages 30-34, male",SP.POP.3034.MA,136896,136305,135670,133822,129926,124633
Georgia,GEO,"Population ages 35-39, female",SP.POP.3539.FE,135931,137971,140353,141676,142324,142916
Georgia,GEO,"Population ages 35-39, male",SP.POP.3539.MA,127457,130103,132971,134572,135416,136207
Georgia,GEO,"Population ages 40-44, female",SP.POP.4044.FE,126814,127310,128768,130570,132883,135506
Georgia,GEO,"Population ages 40-44, male",SP.POP.4044.MA,113694,114690,116790,119343,122307,125494
Georgia,GEO,"Population ages 45-49, female",SP.POP.4549.FE,123992,123990,124360,124610,125043,125668
Georgia,GEO,"Population ages 45-49, male",SP.POP.4549.MA,107767,107711,108162,108606,109298,110322
Georgia,GEO,"Population ages 50-54, female",SP.POP.5054.FE,123363,121436,120930,120921,121354,121881
Georgia,GEO,"Population ages 50-54, male",SP.POP.5054.MA,102170,101483,101769,102123,102416,102665
Georgia,GEO,"Population ages 55-59, female",SP.POP.5559.FE,140672,136244,131373,126515,122614,119900
Georgia,GEO,"Population ages 55-59, male",SP.POP.5559.MA,109486,105347,101310,97902,95780,94791
Georgia,GEO,"Population ages 60-64, female",SP.POP.6064.FE,131273,133764,135976,137113,136887,134764
Georgia,GEO,"Population ages 60-64, male",SP.POP.6064.MA,98168,99509,100517,100555,99600,97495
Georgia,GEO,"Population ages 65 and above, female",SP.POP.65UP.FE.IN,357608,359588,362892,368985,376595,384802
Georgia,GEO,"Population ages 65 and above, male",SP.POP.65UP.MA.IN,196611,196289,197210,200132,204426,209221
Germany,DEU,"Population ages 10-14, male",SP.POP.1014.MA,1913468,1919499,1935702,1927665,1934367,1944845
Germany,DEU,"Population ages 15-19, female",SP.POP.1519.FE,1885006,1853021,1848960,1837871,1839776,1838953
Germany,DEU,"Population ages 10-14, female",SP.POP.1014.FE,1805943,1813249,1830107,1822732,1829777,1840606
Germany,DEU,"Population ages 15-19, male",SP.POP.1519.MA,2018217,1975272,1965330,1950067,1949892,1947389
Germany,DEU,"Population ages 20-24, female",SP.POP.2024.FE,2188613,2150807,2100167,2023277,1982429,1950436
Germany,DEU,"Population ages 20-24, male",SP.POP.2024.MA,2411797,2365432,2300304,2201724,2137539,2084525
Germany,DEU,"Population ages 25-29, female",SP.POP.2529.FE,2400513,2342813,2330667,2291945,2249186,2187515
Germany,DEU,"Population ages 25-29, male",SP.POP.2529.MA,2594631,2538434,2537496,2506788,2469620,2406116
Germany,DEU,"Population ages 30-34, female",SP.POP.3034.FE,2683522,2690111,2672694,2599993,2512927,2392681
Germany,DEU,"Population ages 30-34, male",SP.POP.3034.MA,2850556,2865584,2854405,2782094,2697287,2578256
Germany,DEU,"Population ages 35-39, female",SP.POP.3539.FE,2602655,2605863,2640151,2655670,2679000,2681424
Germany,DEU,"Population ages 35-39, male",SP.POP.3539.MA,2683271,2700099,2752401,2785595,2824076,2838614
Germany,DEU,"Population ages 40-44, female",SP.POP.4044.FE,2477118,2532646,2594361,2613078,2623183,2604271
Germany,DEU,"Population ages 40-44, male",SP.POP.4044.MA,2506901,2560704,2627838,2655000,2677132,2672969
Germany,DEU,"Population ages 45-49, female",SP.POP.4549.FE,2569424,2473758,2443304,2431168,2448273,2476626
Germany,DEU,"Population ages 45-49, male",SP.POP.4549.MA,2593491,2491524,2458117,2446434,2464980,2492494
Germany,DEU,"Population ages 50-54, female",SP.POP.5054.FE,3274836,3165366,3054823,2880255,2712996,2565072
Germany,DEU,"Population ages 50-54, male",SP.POP.5054.MA,3324824,3203996,3085132,2900651,2722590,2568150
Germany,DEU,"Population ages 55-59, female",SP.POP.5559.FE,3375105,3405673,3444640,3411287,3350211,3248906
Germany,DEU,"Population ages 55-59, male",SP.POP.5559.MA,3385536,3422698,3463916,3427999,3362716,3254457
Germany,DEU,"Population ages 60-64, female",SP.POP.6064.FE,2904290,2995486,3114263,3195683,3273339,3313748
Germany,DEU,"Population ages 60-64, male",SP.POP.6064.MA,2819929,2912638,3030485,3114985,3199691,3249073
Germany,DEU,"Population ages 65 and above, female",SP.POP.65UP.FE.IN,10174335,10301382,10513306,10581997,10706677,10828721
Germany,DEU,"Population ages 65 and above, male",SP.POP.65UP.MA.IN,7991931,8113685,8306805,8397551,8536299,8674264
Ghana,GHA,"Population ages 10-14, male",SP.POP.1014.MA,1821727,1858303,1900581,1946465,1990141,2027533
Ghana,GHA,"Population ages 15-19, female",SP.POP.1519.FE,1607890,1643192,1675455,1706129,1737488,1769735
Ghana,GHA,"Population ages 10-14, female",SP.POP.1014.FE,1786512,1822118,1863255,1908006,1950770,1987477
Ghana,GHA,"Population ages 15-19, male",SP.POP.1519.MA,1638364,1673161,1704870,1734972,1766006,1798423
Ghana,GHA,"Population ages 20-24, female",SP.POP.2024.FE,1388954,1427651,1469315,1510664,1548523,1582978
Ghana,GHA,"Population ages 20-24, male",SP.POP.2024.MA,1410060,1448486,1489967,1531026,1568347,1601918
Ghana,GHA,"Population ages 25-29, female",SP.POP.2529.FE,1281015,1291370,1301526,1315568,1336399,1366464
Ghana,GHA,"Population ages 25-29, male",SP.POP.2529.MA,1294730,1304221,1313495,1326703,1346825,1376204
Ghana,GHA,"Population ages 30-34, female",SP.POP.3034.FE,1174017,1193277,1211311,1228849,1245243,1258971
Ghana,GHA,"Population ages 30-34, male",SP.POP.3034.MA,1182860,1201891,1219337,1235903,1251039,1263591
Ghana,GHA,"Population ages 35-39, female",SP.POP.3539.FE,1033542,1066340,1094149,1114130,1132405,1152354
Ghana,GHA,"Population ages 35-39, male",SP.POP.3539.MA,1032682,1066136,1094593,1114510,1132584,1152375
Ghana,GHA,"Population ages 40-44, female",SP.POP.4044.FE,873157,899624,927628,956951,982911,1010502
Ghana,GHA,"Population ages 40-44, male",SP.POP.4044.MA,864513,891603,920056,949767,975017,1001747
Ghana,GHA,"Population ages 45-49, female",SP.POP.4549.FE,704427,726970,754001,784898,818946,849635
Ghana,GHA,"Population ages 45-49, male",SP.POP.4549.MA,686214,708213,734872,765911,801104,832922
Ghana,GHA,"Population ages 50-54, female",SP.POP.5054.FE,595418,611104,626149,643542,661216,680107
Ghana,GHA,"Population ages 50-54, male",SP.POP.5054.MA,569681,585349,600227,617487,634736,652876
Ghana,GHA,"Population ages 55-59, female",SP.POP.5559.FE,482436,501515,515689,531238,548969,567352
Ghana,GHA,"Population ages 55-59, male",SP.POP.5559.MA,453283,470513,482929,497113,514090,532231
Ghana,GHA,"Population ages 60-64, female",SP.POP.6064.FE,331061,351318,376607,401940,426642,450395
Ghana,GHA,"Population ages 60-64, male",SP.POP.6064.MA,307348,324832,347273,369397,390987,412202
Ghana,GHA,"Population ages 65 and above, female",SP.POP.65UP.FE.IN,617405,635106,655539,679394,705108,732261
Ghana,GHA,"Population ages 65 and above, male",SP.POP.65UP.MA.IN,488689,505223,525069,547720,571576,595867
Gibraltar,GIB,"Population ages 10-14, male",SP.POP.1014.MA,1124,1156,1191,1210,1227,1239
Gibraltar,GIB,"Population ages 15-19, female",SP.POP.1519.FE,1075,1103,1135,1186,1204,1198
Gibraltar,GIB,"Population ages 10-14, female",SP.POP.1014.FE,1085,1115,1136,1147,1155,1151
Gibraltar,GIB,"Population ages 15-19, male",SP.POP.1519.MA,1113,1131,1159,1193,1221,1230
Gibraltar,GIB,"Population ages 20-24, female",SP.POP.2024.FE,1041,1072,1109,1160,1227,1285
Gibraltar,GIB,"Population ages 20-24, male",SP.POP.2024.MA,1139,1163,1190,1236,1278,1306
Gibraltar,GIB,"Population ages 25-29, female",SP.POP.2529.FE,1165,1166,1174,1204,1241,1292
Gibraltar,GIB,"Population ages 25-29, male",SP.POP.2529.MA,1184,1206,1224,1274,1330,1378
Gibraltar,GIB,"Population ages 30-34, female",SP.POP.3034.FE,1162,1212,1266,1313,1359,1386
Gibraltar,GIB,"Population ages 30-34, male",SP.POP.3034.MA,1142,1181,1245,1302,1347,1393
Gibraltar,GIB,"Population ages 35-39, female",SP.POP.3539.FE,1230,1256,1277,1301,1318,1335
Gibraltar,GIB,"Population ages 35-39, male",SP.POP.3539.MA,1249,1267,1275,1285,1299,1306
Gibraltar,GIB,"Population ages 40-44, female",SP.POP.4044.FE,1248,1274,1291,1316,1338,1352
Gibraltar,GIB,"Population ages 40-44, male",SP.POP.4044.MA,1264,1304,1332,1347,1362,1372
Gibraltar,GIB,"Population ages 45-49, female",SP.POP.4549.FE,1222,1253,1294,1312,1314,1328
Gibraltar,GIB,"Population ages 45-49, male",SP.POP.4549.MA,1213,1249,1286,1321,1338,1353
Gibraltar,GIB,"Population ages 50-54, female",SP.POP.5054.FE,1240,1225,1215,1225,1253,1271
Gibraltar,GIB,"Population ages 50-54, male",SP.POP.5054.MA,1205,1192,1196,1204,1233,1266
Gibraltar,GIB,"Population ages 55-59, female",SP.POP.5559.FE,1179,1214,1233,1248,1266,1267
Gibraltar,GIB,"Population ages 55-59, male",SP.POP.5559.MA,1186,1232,1254,1256,1248,1226
Gibraltar,GIB,"Population ages 60-64, female",SP.POP.6064.FE,1053,1082,1114,1142,1159,1190
Gibraltar,GIB,"Population ages 60-64, male",SP.POP.6064.MA,1026,1028,1042,1083,1129,1177
Gibraltar,GIB,"Population ages 65 and above, female",SP.POP.65UP.FE.IN,3369,3422,3497,3602,3713,3836
Gibraltar,GIB,"Population ages 65 and above, male",SP.POP.65UP.MA.IN,2934,2965,3024,3119,3214,3321
Greece,GRC,"Population ages 10-14, male",SP.POP.1014.MA,285089,283196,279853,275283,263713,256009
Greece,GRC,"Population ages 15-19, female",SP.POP.1519.FE,261695,256559,253232,257222,260217,266616
Greece,GRC,"Population ages 10-14, female",SP.POP.1014.FE,269733,268333,265189,260903,249440,241767
Greece,GRC,"Population ages 15-19, male",SP.POP.1519.MA,286036,279772,274903,276580,277374,282479
Greece,GRC,"Population ages 20-24, female",SP.POP.2024.FE,266922,258886,250818,251536,247108,249384
Greece,GRC,"Population ages 20-24, male",SP.POP.2024.MA,293565,285521,277606,278352,273387,275038
Greece,GRC,"Population ages 25-29, female",SP.POP.2529.FE,272210,261138,251218,251215,243531,239068
Greece,GRC,"Population ages 25-29, male",SP.POP.2529.MA,291073,283728,275949,277460,270774,267194
Greece,GRC,"Population ages 30-34, female",SP.POP.3034.FE,296078,286145,277082,271723,257620,247911
Greece,GRC,"Population ages 30-34, male",SP.POP.3034.MA,295994,287534,282660,281590,271750,267421
Greece,GRC,"Population ages 35-39, female",SP.POP.3539.FE,358297,337088,316348,302843,288386,279818
Greece,GRC,"Population ages 35-39, male",SP.POP.3539.MA,361144,339801,317547,302398,287486,279235
Greece,GRC,"Population ages 40-44, female",SP.POP.4044.FE,401298,395661,388642,381832,364570,347553
Greece,GRC,"Population ages 40-44, male",SP.POP.4044.MA,398004,393446,386728,381096,365073,349048
Greece,GRC,"Population ages 45-49, female",SP.POP.4549.FE,406819,402881,399915,399930,395025,393993
Greece,GRC,"Population ages 45-49, male",SP.POP.4549.MA,390422,388163,387305,389261,386810,388376
Greece,GRC,"Population ages 50-54, female",SP.POP.5054.FE,415959,417581,414643,410197,402069,400516
Greece,GRC,"Population ages 50-54, male",SP.POP.5054.MA,386902,388655,387506,386171,380566,380266
Greece,GRC,"Population ages 55-59, female",SP.POP.5559.FE,379821,380648,386009,395591,400747,409178
Greece,GRC,"Population ages 55-59, male",SP.POP.5559.MA,339442,342724,349193,359431,365636,373875
Greece,GRC,"Population ages 60-64, female",SP.POP.6064.FE,364412,366845,369223,372113,369298,371183
Greece,GRC,"Population ages 60-64, male",SP.POP.6064.MA,320700,320447,320734,321714,318957,322415
Greece,GRC,"Population ages 65 and above, female",SP.POP.65UP.FE.IN,1353127,1364549,1372255,1384058,1387820,1409586
Greece,GRC,"Population ages 65 and above, male",SP.POP.65UP.MA.IN,1042656,1049348,1052042,1059486,1060367,1075390
Greenland,GRL,"Population ages 10-14, male",SP.POP.1014.MA,1957,1947,1926,1927,..,..
Greenland,GRL,"Population ages 15-19, female",SP.POP.1519.FE,1723,1710,1699,1699,..,..
Greenland,GRL,"Population ages 10-14, female",SP.POP.1014.FE,1838,1828,1807,1810,..,..
Greenland,GRL,"Population ages 15-19, male",SP.POP.1519.MA,1786,1788,1788,1799,..,..
Greenland,GRL,"Population ages 20-24, female",SP.POP.2024.FE,1971,1920,1861,1791,..,..
Greenland,GRL,"Population ages 20-24, male",SP.POP.2024.MA,2045,1998,1947,1879,..,..
Greenland,GRL,"Population ages 25-29, female",SP.POP.2529.FE,2301,2288,2252,2186,..,..
Greenland,GRL,"Population ages 25-29, male",SP.POP.2529.MA,2394,2378,2335,2267,..,..
Greenland,GRL,"Population ages 30-34, female",SP.POP.3034.FE,2216,2265,2296,2320,..,..
Greenland,GRL,"Population ages 30-34, male",SP.POP.3034.MA,2329,2390,2433,2452,..,..
Greenland,GRL,"Population ages 35-39, female",SP.POP.3539.FE,1847,1919,1974,2037,..,..
Greenland,GRL,"Population ages 35-39, male",SP.POP.3539.MA,2073,2133,2182,2230,..,..
Greenland,GRL,"Population ages 40-44, female",SP.POP.4044.FE,1441,1514,1588,1665,..,..
Greenland,GRL,"Population ages 40-44, male",SP.POP.4044.MA,1704,1774,1840,1914,..,..
Greenland,GRL,"Population ages 45-49, female",SP.POP.4549.FE,1324,1267,1249,1279,..,..
Greenland,GRL,"Population ages 45-49, male",SP.POP.4549.MA,1633,1560,1532,1552,..,..
Greenland,GRL,"Population ages 50-54, female",SP.POP.5054.FE,2116,1934,1723,1524,..,..
Greenland,GRL,"Population ages 50-54, male",SP.POP.5054.MA,2512,2327,2102,1887,..,..
Greenland,GRL,"Population ages 55-59, female",SP.POP.5559.FE,2171,2225,2233,2222,..,..
Greenland,GRL,"Population ages 55-59, male",SP.POP.5559.MA,2493,2542,2555,2545,..,..
Greenland,GRL,"Population ages 60-64, female",SP.POP.6064.FE,1526,1630,1727,1839,..,..
Greenland,GRL,"Population ages 60-64, male",SP.POP.6064.MA,2011,2080,2129,2193,..,..
Greenland,GRL,"Population ages 65 and above, female",SP.POP.65UP.FE.IN,2291,2379,2473,2616,..,..
Greenland,GRL,"Population ages 65 and above, male",SP.POP.65UP.MA.IN,2695,2826,2954,3139,..,..
Grenada,GRD,"Population ages 10-14, male",SP.POP.1014.MA,4453,4473,4477,4461,4409,4317
Grenada,GRD,"Population ages 15-19, female",SP.POP.1519.FE,4080,4072,4119,4163,4201,4230
Grenada,GRD,"Population ages 10-14, female",SP.POP.1014.FE,4262,4283,4290,4279,4232,4144
Grenada,GRD,"Population ages 15-19, male",SP.POP.1519.MA,4237,4224,4282,4331,4375,4410
Grenada,GRD,"Population ages 20-24, female",SP.POP.2024.FE,4472,4410,4296,4194,4100,4012
Grenada,GRD,"Population ages 20-24, male",SP.POP.2024.MA,4706,4638,4498,4366,4249,4142
Grenada,GRD,"Population ages 25-29, female",SP.POP.2529.FE,4845,4702,4587,4502,4443,4405
Grenada,GRD,"Population ages 25-29, male",SP.POP.2529.MA,5047,4896,4770,4675,4621,4600
Grenada,GRD,"Population ages 30-34, female",SP.POP.3034.FE,5421,5381,5277,5126,4955,4783
Grenada,GRD,"Population ages 30-34, male",SP.POP.3034.MA,5558,5549,5454,5302,5123,4946
Grenada,GRD,"Population ages 35-39, female",SP.POP.3539.FE,4589,4868,5085,5238,5326,5346
Grenada,GRD,"Population ages 35-39, male",SP.POP.3539.MA,4579,4852,5090,5274,5398,5459
Grenada,GRD,"Population ages 40-44, female",SP.POP.4044.FE,3209,3378,3618,3910,4220,4526
Grenada,GRD,"Population ages 40-44, male",SP.POP.4044.MA,3411,3526,3710,3945,4215,4496
Grenada,GRD,"Population ages 45-49, female",SP.POP.4549.FE,3003,3002,3000,3012,3061,3155
Grenada,GRD,"Population ages 45-49, male",SP.POP.4549.MA,3273,3284,3271,3261,3270,3318
Grenada,GRD,"Population ages 50-54, female",SP.POP.5054.FE,3063,3005,2968,2947,2938,2934
Grenada,GRD,"Population ages 50-54, male",SP.POP.5054.MA,3175,3120,3102,3109,3131,3157
Grenada,GRD,"Population ages 55-59, female",SP.POP.5559.FE,3297,3258,3195,3116,3037,2967
Grenada,GRD,"Population ages 55-59, male",SP.POP.5559.MA,3445,3391,3304,3200,3097,3008
Grenada,GRD,"Population ages 60-64, female",SP.POP.6064.FE,2885,2999,3080,3131,3154,3147
Grenada,GRD,"Population ages 60-64, male",SP.POP.6064.MA,2950,3033,3099,3146,3163,3150
Grenada,GRD,"Population ages 65 and above, female",SP.POP.65UP.FE.IN,7018,7180,7374,7608,7851,8100
Grenada,GRD,"Population ages 65 and above, male",SP.POP.65UP.MA.IN,5763,5922,6096,6290,6495,6709
Guam,GUM,"Population ages 10-14, male",SP.POP.1014.MA,6360,6544,6764,6994,7209,7387
Guam,GUM,"Population ages 15-19, female",SP.POP.1519.FE,5725,5751,5779,5818,5885,5998
Guam,GUM,"Population ages 10-14, female",SP.POP.1014.FE,6079,6237,6419,6608,6785,6931
Guam,GUM,"Population ages 15-19, male",SP.POP.1519.MA,6115,6084,6074,6092,6155,6276
Guam,GUM,"Population ages 20-24, female",SP.POP.2024.FE,5599,5577,5551,5528,5525,5534
Guam,GUM,"Population ages 20-24, male",SP.POP.2024.MA,6333,6256,6157,6050,5964,5900
Guam,GUM,"Population ages 25-29, female",SP.POP.2529.FE,5457,5502,5503,5472,5428,5383
Guam,GUM,"Population ages 25-29, male",SP.POP.2529.MA,6101,6175,6207,6195,6153,6081
Guam,GUM,"Population ages 30-34, female",SP.POP.3034.FE,4832,4921,5024,5125,5215,5281
Guam,GUM,"Population ages 30-34, male",SP.POP.3034.MA,5320,5445,5572,5689,5798,5886
Guam,GUM,"Population ages 35-39, female",SP.POP.3539.FE,4680,4680,4665,4651,4660,4703
Guam,GUM,"Population ages 35-39, male",SP.POP.3539.MA,4822,4860,4906,4959,5033,5131
Guam,GUM,"Population ages 40-44, female",SP.POP.4044.FE,4549,4515,4516,4535,4559,4570
Guam,GUM,"Population ages 40-44, male",SP.POP.4044.MA,4670,4628,4608,4606,4621,4645
Guam,GUM,"Population ages 45-49, female",SP.POP.4549.FE,5093,4971,4821,4668,4537,4449
Guam,GUM,"Population ages 45-49, male",SP.POP.4549.MA,5020,4904,4785,4671,4573,4503
Guam,GUM,"Population ages 50-54, female",SP.POP.5054.FE,5056,5069,5078,5073,5036,4956
Guam,GUM,"Population ages 50-54, male",SP.POP.5054.MA,5202,5132,5059,4979,4893,4796
Guam,GUM,"Population ages 55-59, female",SP.POP.5559.FE,4838,4869,4879,4880,4879,4886
Guam,GUM,"Population ages 55-59, male",SP.POP.5559.MA,5049,5056,5037,4997,4944,4887
Guam,GUM,"Population ages 60-64, female",SP.POP.6064.FE,4174,4273,4378,4481,4565,4623
Guam,GUM,"Population ages 60-64, male",SP.POP.6064.MA,4173,4302,4427,4537,4619,4668
Guam,GUM,"Population ages 65 and above, female",SP.POP.65UP.FE.IN,9380,9870,10366,10883,11406,11936
Guam,GUM,"Population ages 65 and above, male",SP.POP.65UP.MA.IN,8087,8458,8863,9293,9737,10194
Guatemala,GTM,"Population ages 10-14, male",SP.POP.1014.MA,964407,968126,973810,980859,988980,997975
Guatemala,GTM,"Population ages 15-19, female",SP.POP.1519.FE,932927,934015,934485,935062,935128,936564
Guatemala,GTM,"Population ages 10-14, female",SP.POP.1014.FE,941115,944139,949145,955589,962981,971127
Guatemala,GTM,"Population ages 15-19, male",SP.POP.1519.MA,954510,955501,955839,956353,956552,958330
Guatemala,GTM,"Population ages 20-24, female",SP.POP.2024.FE,877945,888991,899702,909509,917772,923662
Guatemala,GTM,"Population ages 20-24, male",SP.POP.2024.MA,893485,905113,916263,926299,934431,939890
Guatemala,GTM,"Population ages 25-29, female",SP.POP.2529.FE,786859,804413,821689,838504,853434,867015
Guatemala,GTM,"Population ages 25-29, male",SP.POP.2529.MA,795308,812709,829773,846540,861678,875612
Guatemala,GTM,"Population ages 30-34, female",SP.POP.3034.FE,672518,695151,716676,737285,757043,776679
Guatemala,GTM,"Population ages 30-34, male",SP.POP.3034.MA,674796,697373,718794,739539,759273,778616
Guatemala,GTM,"Population ages 35-39, female",SP.POP.3539.FE,560655,577372,595569,616338,639100,663247
Guatemala,GTM,"Population ages 35-39, male",SP.POP.3539.MA,550622,569576,589654,611716,635091,659335
Guatemala,GTM,"Population ages 40-44, female",SP.POP.4044.FE,454841,473751,493198,513424,533265,551550
Guatemala,GTM,"Population ages 40-44, male",SP.POP.4044.MA,430197,450312,471049,493103,515011,535470
Guatemala,GTM,"Population ages 45-49, female",SP.POP.4549.FE,364751,378278,393036,409474,426896,445376
Guatemala,GTM,"Population ages 45-49, male",SP.POP.4549.MA,327869,342076,357915,375910,394977,415017
Guatemala,GTM,"Population ages 50-54, female",SP.POP.5054.FE,303364,310598,318954,329243,341162,354444
Guatemala,GTM,"Population ages 50-54, male",SP.POP.5054.MA,259587,267189,275949,286707,299079,312910
Guatemala,GTM,"Population ages 55-59, female",SP.POP.5559.FE,258095,263767,269769,276424,283308,290611
Guatemala,GTM,"Population ages 55-59, male",SP.POP.5559.MA,209902,214374,220118,227332,235137,243392
Guatemala,GTM,"Population ages 60-64, female",SP.POP.6064.FE,213983,219119,224126,229883,235992,242200
Guatemala,GTM,"Population ages 60-64, male",SP.POP.6064.MA,178609,179090,180222,183115,187243,192332
Guatemala,GTM,"Population ages 65 and above, female",SP.POP.65UP.FE.IN,424186,437327,451933,471057,491554,512590
Guatemala,GTM,"Population ages 65 and above, male",SP.POP.65UP.MA.IN,364725,368130,374404,387108,401032,414941
Guinea,GIN,"Population ages 10-14, male",SP.POP.1014.MA,842140,862199,881137,899103,916352,933341
Guinea,GIN,"Population ages 15-19, female",SP.POP.1519.FE,715029,730900,749328,769625,790115,809869
Guinea,GIN,"Population ages 10-14, female",SP.POP.1014.FE,820476,839719,857784,874894,891333,907587
Guinea,GIN,"Population ages 15-19, male",SP.POP.1519.MA,733502,749673,768528,789307,810372,830756
Guinea,GIN,"Population ages 20-24, female",SP.POP.2024.FE,645092,657338,667287,677631,689045,701228
Guinea,GIN,"Population ages 20-24, male",SP.POP.2024.MA,658753,671685,681996,692399,703798,715924
Guinea,GIN,"Population ages 25-29, female",SP.POP.2529.FE,554282,572170,589385,604837,618552,631577
Guinea,GIN,"Population ages 25-29, male",SP.POP.2529.MA,554917,575483,595032,612291,627367,641309
Guinea,GIN,"Population ages 30-34, female",SP.POP.3034.FE,445637,465146,484921,504551,523705,541845
Guinea,GIN,"Population ages 30-34, male",SP.POP.3034.MA,429791,452283,475020,497488,519476,540379
Guinea,GIN,"Population ages 35-39, female",SP.POP.3539.FE,346551,362267,379213,397249,415920,434651
Guinea,GIN,"Population ages 35-39, male",SP.POP.3539.MA,314476,333307,353414,374499,396138,417744
Guinea,GIN,"Population ages 40-44, female",SP.POP.4044.FE,279333,288241,298349,309809,322475,336442
Guinea,GIN,"Population ages 40-44, male",SP.POP.4044.MA,237125,247122,258838,272353,287525,304303
Guinea,GIN,"Population ages 45-49, female",SP.POP.4549.FE,237498,242738,248484,254924,261980,269811
Guinea,GIN,"Population ages 45-49, male",SP.POP.4549.MA,197417,201589,206524,212494,219537,227850
Guinea,GIN,"Population ages 50-54, female",SP.POP.5054.FE,203881,208345,212889,217672,222543,227502
Guinea,GIN,"Population ages 50-54, male",SP.POP.5054.MA,169940,173218,176546,180024,183590,187336
Guinea,GIN,"Population ages 55-59, female",SP.POP.5559.FE,169949,174374,178863,183464,187992,192435
Guinea,GIN,"Population ages 55-59, male",SP.POP.5559.MA,139671,143680,147606,151431,155010,158365
Guinea,GIN,"Population ages 60-64, female",SP.POP.6064.FE,135946,139690,143707,147992,152315,156618
Guinea,GIN,"Population ages 60-64, male",SP.POP.6064.MA,106598,110274,114285,118489,122655,126674
Guinea,GIN,"Population ages 65 and above, female",SP.POP.65UP.FE.IN,267082,272990,279659,287204,295016,303059
Guinea,GIN,"Population ages 65 and above, male",SP.POP.65UP.MA.IN,193467,197457,202578,208497,214779,221359
Guinea-Bissau,GNB,"Population ages 10-14, male",SP.POP.1014.MA,125210,128099,130948,133771,136480,138808
Guinea-Bissau,GNB,"Population ages 15-19, female",SP.POP.1519.FE,107355,110212,113212,116166,118995,121756
Guinea-Bissau,GNB,"Population ages 10-14, female",SP.POP.1014.FE,122936,125675,128366,131028,133566,135738
Guinea-Bissau,GNB,"Population ages 15-19, male",SP.POP.1519.MA,108859,111816,114921,117981,120921,123809
Guinea-Bissau,GNB,"Population ages 20-24, female",SP.POP.2024.FE,93670,95984,98352,100836,103326,105840
Guinea-Bissau,GNB,"Population ages 20-24, male",SP.POP.2024.MA,94309,96707,99163,101734,104308,106902
Guinea-Bissau,GNB,"Population ages 25-29, female",SP.POP.2529.FE,80875,83195,85509,87816,90066,92298
Guinea-Bissau,GNB,"Population ages 25-29, male",SP.POP.2529.MA,80884,83216,85540,87871,90166,92459
Guinea-Bissau,GNB,"Population ages 30-34, female",SP.POP.3034.FE,70243,71830,73569,75461,77420,79578
Guinea-Bissau,GNB,"Population ages 30-34, male",SP.POP.3034.MA,69653,71261,73034,74976,76986,79166
Guinea-Bissau,GNB,"Population ages 35-39, female",SP.POP.3539.FE,60123,61955,63703,65427,67193,68890
Guinea-Bissau,GNB,"Population ages 35-39, male",SP.POP.3539.MA,59310,61156,62856,64504,66194,67854
Guinea-Bissau,GNB,"Population ages 40-44, female",SP.POP.4044.FE,49907,51143,52636,54539,56659,58670
Guinea-Bissau,GNB,"Population ages 40-44, male",SP.POP.4044.MA,47205,48918,50810,52982,55260,57348
Guinea-Bissau,GNB,"Population ages 45-49, female",SP.POP.4549.FE,41366,43234,44894,46196,47243,48372
Guinea-Bissau,GNB,"Population ages 45-49, male",SP.POP.4549.MA,37202,38988,40678,42189,43592,45154
Guinea-Bissau,GNB,"Population ages 50-54, female",SP.POP.5054.FE,30393,31931,33711,35663,37677,39686
Guinea-Bissau,GNB,"Population ages 50-54, male",SP.POP.5054.MA,25736,27407,29255,31202,33133,35015
Guinea-Bissau,GNB,"Population ages 55-59, female",SP.POP.5559.FE,24978,25276,25739,26443,27422,28702
Guinea-Bissau,GNB,"Population ages 55-59, male",SP.POP.5559.MA,18455,19125,19960,20995,22234,23682
Guinea-Bissau,GNB,"Population ages 60-64, female",SP.POP.6064.FE,21598,21858,22114,22397,22680,22985
Guinea-Bissau,GNB,"Population ages 60-64, male",SP.POP.6064.MA,14153,14436,14810,15271,15797,16395
Guinea-Bissau,GNB,"Population ages 65 and above, female",SP.POP.65UP.FE.IN,36311,37824,39515,41340,43139,44885
Guinea-Bissau,GNB,"Population ages 65 and above, male",SP.POP.65UP.MA.IN,24467,24903,25552,26330,27125,27937
Guyana,GUY,"Population ages 10-14, male",SP.POP.1014.MA,38049,38629,39092,39467,39816,40145
Guyana,GUY,"Population ages 15-19, female",SP.POP.1519.FE,36078,35459,35118,35059,35434,36049
Guyana,GUY,"Population ages 10-14, female",SP.POP.1014.FE,36849,37441,37911,38292,38646,38976
Guyana,GUY,"Population ages 15-19, male",SP.POP.1519.MA,37280,36652,36328,36291,36667,37262
Guyana,GUY,"Population ages 20-24, female",SP.POP.2024.FE,39790,39319,38276,36737,35281,34116
Guyana,GUY,"Population ages 20-24, male",SP.POP.2024.MA,39932,39746,38995,37694,36391,35306
Guyana,GUY,"Population ages 25-29, female",SP.POP.2529.FE,36240,37371,37991,38141,37981,37476
Guyana,GUY,"Population ages 25-29, male",SP.POP.2529.MA,34150,35599,36650,37266,37565,37478
Guyana,GUY,"Population ages 30-34, female",SP.POP.3034.FE,28047,29402,30799,32032,33250,34363
Guyana,GUY,"Population ages 30-34, male",SP.POP.3034.MA,25123,26402,27824,29171,30610,32037
Guyana,GUY,"Population ages 35-39, female",SP.POP.3539.FE,24866,24990,25162,25395,25890,26701
Guyana,GUY,"Population ages 35-39, male",SP.POP.3539.MA,22239,22245,22300,22400,22779,23520
Guyana,GUY,"Population ages 40-44, female",SP.POP.4044.FE,24667,24567,24392,24153,23952,23838
Guyana,GUY,"Population ages 40-44, male",SP.POP.4044.MA,22212,21935,21634,21308,21040,20868
Guyana,GUY,"Population ages 45-49, female",SP.POP.4549.FE,23504,23699,23810,23849,23829,23727
Guyana,GUY,"Population ages 45-49, male",SP.POP.4549.MA,21428,21450,21381,21239,21048,20796
Guyana,GUY,"Population ages 50-54, female",SP.POP.5054.FE,21562,21805,21982,22147,22300,22473
Guyana,GUY,"Population ages 50-54, male",SP.POP.5054.MA,19655,19659,19651,19683,19725,19794
Guyana,GUY,"Population ages 55-59, female",SP.POP.5559.FE,18707,19016,19333,19699,20032,20322
Guyana,GUY,"Population ages 55-59, male",SP.POP.5559.MA,17133,17216,17301,17442,17557,17647
Guyana,GUY,"Population ages 60-64, female",SP.POP.6064.FE,15158,15619,16035,16484,16870,17214
Guyana,GUY,"Population ages 60-64, male",SP.POP.6064.MA,13314,13655,13966,14307,14567,14763
Guyana,GUY,"Population ages 65 and above, female",SP.POP.65UP.FE.IN,27486,28341,29374,30843,32312,33752
Guyana,GUY,"Population ages 65 and above, male",SP.POP.65UP.MA.IN,20972,21250,21751,22701,23661,24606
Haiti,HTI,"Population ages 10-14, male",SP.POP.1014.MA,598828,603201,606924,609119,610421,611228
Haiti,HTI,"Population ages 15-19, female",SP.POP.1519.FE,566964,568265,571051,574516,578448,582883
Haiti,HTI,"Population ages 10-14, female",SP.POP.1014.FE,590797,595145,598969,601319,602752,603747
Haiti,HTI,"Population ages 15-19, male",SP.POP.1519.MA,571693,573417,576632,580420,584356,588629
Haiti,HTI,"Population ages 20-24, female",SP.POP.2024.FE,538022,541576,543995,546077,548397,550365
Haiti,HTI,"Population ages 20-24, male",SP.POP.2024.MA,539408,542865,545153,547094,549390,551436
Haiti,HTI,"Population ages 25-29, female",SP.POP.2529.FE,500393,503370,506459,509801,513554,518073
Haiti,HTI,"Population ages 25-29, male",SP.POP.2529.MA,499249,502013,504819,507805,511101,515149
Haiti,HTI,"Population ages 30-34, female",SP.POP.3034.FE,447454,457717,466399,473339,478805,483094
Haiti,HTI,"Population ages 30-34, male",SP.POP.3034.MA,444605,454330,462455,468863,473898,477832
Haiti,HTI,"Population ages 35-39, female",SP.POP.3539.FE,377176,387742,398670,410119,421880,433508
Haiti,HTI,"Population ages 35-39, male",SP.POP.3539.MA,373759,383610,393741,404372,415375,426323
Haiti,HTI,"Population ages 40-44, female",SP.POP.4044.FE,318391,327082,335967,345311,355162,365566
Haiti,HTI,"Population ages 40-44, male",SP.POP.4044.MA,314234,322217,330243,338728,347785,357452
Haiti,HTI,"Population ages 45-49, female",SP.POP.4549.FE,265085,273228,281489,290079,298820,307618
Haiti,HTI,"Population ages 45-49, male",SP.POP.4549.MA,258489,266164,273861,281882,290045,298225
Haiti,HTI,"Population ages 50-54, female",SP.POP.5054.FE,220506,225925,231890,238666,246073,254002
Haiti,HTI,"Population ages 50-54, male",SP.POP.5054.MA,210567,215495,220930,227216,234174,241663
Haiti,HTI,"Population ages 55-59, female",SP.POP.5559.FE,183622,188307,193026,198076,203168,208303
Haiti,HTI,"Population ages 55-59, male",SP.POP.5559.MA,169703,173819,178004,182565,187238,191968
Haiti,HTI,"Population ages 60-64, female",SP.POP.6064.FE,149187,152517,156062,160194,164650,169251
Haiti,HTI,"Population ages 60-64, male",SP.POP.6064.MA,131158,133946,137025,140659,144615,148710
Haiti,HTI,"Population ages 65 and above, female",SP.POP.65UP.FE.IN,283924,291204,298619,307537,317164,326796
Haiti,HTI,"Population ages 65 and above, male",SP.POP.65UP.MA.IN,214652,218861,223728,229896,236760,243710
Heavily indebted poor countries (HIPC),HPC,"Population ages 10-14, male",SP.POP.1014.MA,53700758,54970406,56176310,57340882,58523311,59751396
Heavily indebted poor countries (HIPC),HPC,"Population ages 15-19, female",SP.POP.1519.FE,45797988,47089991,48361429,49616024,50865012,52105986
Heavily indebted poor countries (HIPC),HPC,"Population ages 10-14, female",SP.POP.1014.FE,52670257,53890472,55049475,56175325,57328980,58532043
Heavily indebted poor countries (HIPC),HPC,"Population ages 15-19, male",SP.POP.1519.MA,46538554,47851798,49146949,50431938,51723058,53011506
Heavily indebted poor countries (HIPC),HPC,"Population ages 20-24, female",SP.POP.2024.FE,39281266,40404238,41535738,42706221,43884176,45081791
Heavily indebted poor countries (HIPC),HPC,"Population ages 20-24, male",SP.POP.2024.MA,39670465,40817115,41954289,43125546,44315454,45535738
Heavily indebted poor countries (HIPC),HPC,"Population ages 25-29, female",SP.POP.2529.FE,33267282,34364216,35419408,36448811,37501520,38586119
Heavily indebted poor countries (HIPC),HPC,"Population ages 25-29, male",SP.POP.2529.MA,33172954,34310733,35395792,36454465,37545300,38669560
Heavily indebted poor countries (HIPC),HPC,"Population ages 30-34, female",SP.POP.3034.FE,27797861,28722916,29642072,30595410,31583954,32627766
Heavily indebted poor countries (HIPC),HPC,"Population ages 30-34, male",SP.POP.3034.MA,27368777,28303258,29230744,30201514,31222899,32307966
Heavily indebted poor countries (HIPC),HPC,"Population ages 35-39, female",SP.POP.3539.FE,22835909,23645940,24490809,25376693,26285264,27204277
Heavily indebted poor countries (HIPC),HPC,"Population ages 35-39, male",SP.POP.3539.MA,22301431,23078964,23891783,24756222,25657690,26580066
Heavily indebted poor countries (HIPC),HPC,"Population ages 40-44, female",SP.POP.4044.FE,18681048,19378886,20074115,20776056,21492762,22250175
Heavily indebted poor countries (HIPC),HPC,"Population ages 40-44, male",SP.POP.4044.MA,18121444,18795268,19461267,20135079,20818924,21540343
Heavily indebted poor countries (HIPC),HPC,"Population ages 45-49, female",SP.POP.4549.FE,15155319,15665082,16198464,16782088,17421043,18100404
Heavily indebted poor countries (HIPC),HPC,"Population ages 45-49, male",SP.POP.4549.MA,14525446,15012498,15518985,16078812,16697907,17356589
Heavily indebted poor countries (HIPC),HPC,"Population ages 50-54, female",SP.POP.5054.FE,12317163,12744536,13174280,13613507,14066692,14549869
Heavily indebted poor countries (HIPC),HPC,"Population ages 50-54, male",SP.POP.5054.MA,11518691,11943271,12367272,12800449,13243490,13709605
Heavily indebted poor countries (HIPC),HPC,"Population ages 55-59, female",SP.POP.5559.FE,9863864,10178221,10505245,10863017,11248308,11659403
Heavily indebted poor countries (HIPC),HPC,"Population ages 55-59, male",SP.POP.5559.MA,8859198,9170564,9500423,9861422,10246681,10653482
Heavily indebted poor countries (HIPC),HPC,"Population ages 60-64, female",SP.POP.6064.FE,7691489,7963521,8242255,8529739,8820994,9123080
Heavily indebted poor countries (HIPC),HPC,"Population ages 60-64, male",SP.POP.6064.MA,6654901,6876796,7119447,7379893,7652209,7942522
Heavily indebted poor countries (HIPC),HPC,"Population ages 65 and above, female",SP.POP.65UP.FE.IN,13838918,14305124,14799657,15368281,15980212,16620190
Heavily indebted poor countries (HIPC),HPC,"Population ages 65 and above, male",SP.POP.65UP.MA.IN,11105978,11403820,11749702,12157801,12597915,13063525
High income,HIC,"Population ages 10-14, male",SP.POP.1014.MA,40283330,40328572,40487038,40523252,40343580,40215545
High income,HIC,"Population ages 15-19, female",SP.POP.1519.FE,37363343,37266351,37653982,38183779,38592858,38931334
High income,HIC,"Population ages 10-14, female",SP.POP.1014.FE,38144439,38209975,38375176,38411466,38257927,38153079
High income,HIC,"Population ages 15-19, male",SP.POP.1519.MA,39679305,39508547,39858380,40361337,40760904,41109490
High income,HIC,"Population ages 20-24, female",SP.POP.2024.FE,39337276,39061149,38994374,38936589,39030307,39386825
High income,HIC,"Population ages 20-24, male",SP.POP.2024.MA,42582526,42268975,42188960,41992638,41996266,42364094
High income,HIC,"Population ages 25-29, female",SP.POP.2529.FE,43359851,42413257,41890652,41535593,41081503,40740347
High income,HIC,"Population ages 25-29, male",SP.POP.2529.MA,47632186,46767552,46447102,46006483,45442834,45073545
High income,HIC,"Population ages 30-34, female",SP.POP.3034.FE,46825987,46569554,46445827,46094951,45272202,44208419
High income,HIC,"Population ages 30-34, male",SP.POP.3034.MA,51054786,50837912,50957960,50742119,50040264,49072630
High income,HIC,"Population ages 35-39, female",SP.POP.3539.FE,47340063,47153278,47321622,47517283,47452683,47258337
High income,HIC,"Population ages 35-39, male",SP.POP.3539.MA,50615641,50396324,50811907,51247206,51389819,51403884
High income,HIC,"Population ages 40-44, female",SP.POP.4044.FE,46667239,46777360,47109688,47551958,47619889,47423799
High income,HIC,"Population ages 40-44, male",SP.POP.4044.MA,48883318,48942937,49427748,50073388,50265464,50139566
High income,HIC,"Population ages 45-49, female",SP.POP.4549.FE,46904379,46427404,46256588,46362233,46370561,46510398
High income,HIC,"Population ages 45-49, male",SP.POP.4549.MA,48246721,47675423,47562627,47781769,47865113,48039990
High income,HIC,"Population ages 50-54, female",SP.POP.5054.FE,46304144,46454217,46781477,46947552,46838914,46554460
High income,HIC,"Population ages 50-54, male",SP.POP.5054.MA,46692019,46775080,47130372,47404862,47363351,47092191
High income,HIC,"Population ages 55-59, female",SP.POP.5559.FE,46903712,46358792,46040742,45990310,45790409,45706583
High income,HIC,"Population ages 55-59, male",SP.POP.5559.MA,45769183,45313385,45095169,45140134,45042715,45029783
High income,HIC,"Population ages 60-64, female",SP.POP.6064.FE,44636376,44996393,45412871,45802340,45921414,45808673
High income,HIC,"Population ages 60-64, male",SP.POP.6064.MA,41523054,41941464,42457826,43003462,43286724,43331769
High income,HIC,"Population ages 65 and above, female",SP.POP.65UP.FE.IN,143410209,145740947,148690748,152188142,155399143,158573760
High income,HIC,"Population ages 65 and above, male",SP.POP.65UP.MA.IN,109520309,111561167,114105213,117183466,120082319,122935248
Honduras,HND,"Population ages 10-14, male",SP.POP.1014.MA,546179,546501,547172,547769,548300,549360
Honduras,HND,"Population ages 15-19, female",SP.POP.1519.FE,522571,521336,519847,518961,518689,518693
Honduras,HND,"Population ages 10-14, female",SP.POP.1014.FE,520690,520936,521547,522126,522658,523732
Honduras,HND,"Population ages 15-19, male",SP.POP.1519.MA,547001,546010,544663,543858,543630,543678
Honduras,HND,"Population ages 20-24, female",SP.POP.2024.FE,497434,504661,510800,515369,518061,518665
Honduras,HND,"Population ages 20-24, male",SP.POP.2024.MA,517336,525240,532053,537270,540519,541533
Honduras,HND,"Population ages 25-29, female",SP.POP.2529.FE,449902,459918,469057,477284,485083,492892
Honduras,HND,"Population ages 25-29, male",SP.POP.2529.MA,464989,475517,485227,494109,502617,511154
Honduras,HND,"Population ages 30-34, female",SP.POP.3034.FE,396694,405674,414875,424605,434989,445588
Honduras,HND,"Population ages 30-34, male",SP.POP.3034.MA,407219,417079,426982,437269,448164,459278
Honduras,HND,"Population ages 35-39, female",SP.POP.3539.FE,350199,358243,366610,375231,383793,392584
Honduras,HND,"Population ages 35-39, male",SP.POP.3539.MA,356792,365023,373705,382854,392097,401747
Honduras,HND,"Population ages 40-44, female",SP.POP.4044.FE,299120,309568,319361,328732,337505,345785
Honduras,HND,"Population ages 40-44, male",SP.POP.4044.MA,301252,312512,322991,332954,342177,350752
Honduras,HND,"Population ages 45-49, female",SP.POP.4549.FE,236054,246785,258163,270253,282451,293979
Honduras,HND,"Population ages 45-49, male",SP.POP.4549.MA,231152,242847,255174,268290,281488,293926
Honduras,HND,"Population ages 50-54, female",SP.POP.5054.FE,186981,194404,202464,211089,220176,230177
Honduras,HND,"Population ages 50-54, male",SP.POP.5054.MA,175267,183166,191961,201477,211495,222461
Honduras,HND,"Population ages 55-59, female",SP.POP.5559.FE,150468,155446,160824,166835,173279,180250
Honduras,HND,"Population ages 55-59, male",SP.POP.5559.MA,137109,141054,145749,151433,157820,165002
Honduras,HND,"Population ages 60-64, female",SP.POP.6064.FE,121047,124719,128645,133030,137618,142501
Honduras,HND,"Population ages 60-64, male",SP.POP.6064.MA,110319,112172,114500,117504,120841,124645
Honduras,HND,"Population ages 65 and above, female",SP.POP.65UP.FE.IN,221029,230243,240587,252963,265653,278666
Honduras,HND,"Population ages 65 and above, male",SP.POP.65UP.MA.IN,183158,188621,195406,203991,212596,221231
"Hong Kong SAR, China",HKG,"Population ages 10-14, male",SP.POP.1014.MA,144853,147526,149492,154278,154103,153768
"Hong Kong SAR, China",HKG,"Population ages 15-19, female",SP.POP.1519.FE,136397,133750,134454,140745,140136,140132
"Hong Kong SAR, China",HKG,"Population ages 10-14, female",SP.POP.1014.FE,140591,142716,144319,149347,149920,150149
"Hong Kong SAR, China",HKG,"Population ages 15-19, male",SP.POP.1519.MA,135774,132881,134555,142582,143809,144959
"Hong Kong SAR, China",HKG,"Population ages 20-24, female",SP.POP.2024.FE,188800,171129,155810,149436,139350,131304
"Hong Kong SAR, China",HKG,"Population ages 20-24, male",SP.POP.2024.MA,181154,166771,154042,148963,139719,131946
"Hong Kong SAR, China",HKG,"Population ages 25-29, female",SP.POP.2529.FE,264458,252322,236744,227105,208171,191088
"Hong Kong SAR, China",HKG,"Population ages 25-29, male",SP.POP.2529.MA,224453,218459,210540,206327,193238,182073
"Hong Kong SAR, China",HKG,"Population ages 30-34, female",SP.POP.3034.FE,319847,307588,294795,291568,279840,270958
"Hong Kong SAR, China",HKG,"Population ages 30-34, male",SP.POP.3034.MA,227843,225965,224305,229379,227740,227677
"Hong Kong SAR, China",HKG,"Population ages 35-39, female",SP.POP.3539.FE,365077,355717,343467,343235,333851,325608
"Hong Kong SAR, China",HKG,"Population ages 35-39, male",SP.POP.3539.MA,231307,226784,222761,228711,229059,230655
"Hong Kong SAR, China",HKG,"Population ages 40-44, female",SP.POP.4044.FE,347037,352589,357534,372743,372515,370307
"Hong Kong SAR, China",HKG,"Population ages 40-44, male",SP.POP.4044.MA,225623,226323,227028,234836,234314,233877
"Hong Kong SAR, China",HKG,"Population ages 45-49, female",SP.POP.4549.FE,343983,339926,335941,344031,344596,351390
"Hong Kong SAR, China",HKG,"Population ages 45-49, male",SP.POP.4549.MA,237157,232855,227663,230623,227713,228143
"Hong Kong SAR, China",HKG,"Population ages 50-54, female",SP.POP.5054.FE,326341,327069,329894,344167,346439,347209
"Hong Kong SAR, China",HKG,"Population ages 50-54, male",SP.POP.5054.MA,244516,238840,235278,240915,239636,238535
"Hong Kong SAR, China",HKG,"Population ages 55-59, female",SP.POP.5559.FE,344752,340581,331579,332884,327583,328000
"Hong Kong SAR, China",HKG,"Population ages 55-59, male",SP.POP.5559.MA,291992,279767,266098,261338,250655,243916
"Hong Kong SAR, China",HKG,"Population ages 60-64, female",SP.POP.6064.FE,303510,307919,313806,332662,340021,344661
"Hong Kong SAR, China",HKG,"Population ages 60-64, male",SP.POP.6064.MA,289017,289851,288765,296354,292782,287207
"Hong Kong SAR, China",HKG,"Population ages 65 and above, female",SP.POP.65UP.FE.IN,746889,775067,804006,864202,901722,943241
"Hong Kong SAR, China",HKG,"Population ages 65 and above, male",SP.POP.65UP.MA.IN,661428,689383,715492,767007,798073,831107
Hungary,HUN,"Population ages 10-14, male",SP.POP.1014.MA,252794,247421,242222,238092,235097,234348
Hungary,HUN,"Population ages 15-19, female",SP.POP.1519.FE,236867,238080,238708,239623,242630,242320
Hungary,HUN,"Population ages 10-14, female",SP.POP.1014.FE,240376,235687,230197,225668,222639,221625
Hungary,HUN,"Population ages 15-19, male",SP.POP.1519.MA,250871,251852,252007,252742,255784,254977
Hungary,HUN,"Population ages 20-24, female",SP.POP.2024.FE,257424,250640,246115,242522,242422,244073
Hungary,HUN,"Population ages 20-24, male",SP.POP.2024.MA,274456,266875,261150,256724,256706,258712
Hungary,HUN,"Population ages 25-29, female",SP.POP.2529.FE,302703,297805,289452,279332,268821,257091
Hungary,HUN,"Population ages 25-29, male",SP.POP.2529.MA,323658,317747,308260,297031,285830,273910
Hungary,HUN,"Population ages 30-34, female",SP.POP.3034.FE,299931,302340,304136,304804,304609,300092
Hungary,HUN,"Population ages 30-34, male",SP.POP.3034.MA,321134,323943,326407,326715,325650,320489
Hungary,HUN,"Population ages 35-39, female",SP.POP.3539.FE,315574,307096,301187,298660,298497,297614
Hungary,HUN,"Population ages 35-39, male",SP.POP.3539.MA,327176,320477,316035,315344,317568,317845
Hungary,HUN,"Population ages 40-44, female",SP.POP.4044.FE,403486,385122,365270,345528,327904,313050
Hungary,HUN,"Population ages 40-44, male",SP.POP.4044.MA,414913,394820,374264,354672,336928,323229
Hungary,HUN,"Population ages 45-49, female",SP.POP.4549.FE,380467,396986,408998,416816,414727,399000
Hungary,HUN,"Population ages 45-49, male",SP.POP.4549.MA,387676,405016,417348,425196,423162,406860
Hungary,HUN,"Population ages 50-54, female",SP.POP.5054.FE,339389,347946,351425,351982,358954,373498
Hungary,HUN,"Population ages 50-54, male",SP.POP.5054.MA,334685,344387,349180,351263,359115,374138
Hungary,HUN,"Population ages 55-59, female",SP.POP.5559.FE,296312,293844,297944,308424,319804,329311
Hungary,HUN,"Population ages 55-59, male",SP.POP.5559.MA,272733,272940,278954,290562,303323,314356
Hungary,HUN,"Population ages 60-64, female",SP.POP.6064.FE,345036,324545,307461,295964,288570,282741
Hungary,HUN,"Population ages 60-64, male",SP.POP.6064.MA,287393,271853,259293,251806,248466,246499
Hungary,HUN,"Population ages 65 and above, female",SP.POP.65UP.FE.IN,1209921,1222052,1224985,1229887,1235446,1235908
Hungary,HUN,"Population ages 65 and above, male",SP.POP.65UP.MA.IN,748950,759253,762485,767118,772540,775116
IBRD only,IBD,"Population ages 10-14, male",SP.POP.1014.MA,..,..,..,..,..,..
IBRD only,IBD,"Population ages 15-19, female",SP.POP.1519.FE,..,..,..,..,..,..
IBRD only,IBD,"Population ages 10-14, female",SP.POP.1014.FE,..,..,..,..,..,..
IBRD only,IBD,"Population ages 15-19, male",SP.POP.1519.MA,..,..,..,..,..,..
IBRD only,IBD,"Population ages 20-24, female",SP.POP.2024.FE,..,..,..,..,..,..
IBRD only,IBD,"Population ages 20-24, male",SP.POP.2024.MA,..,..,..,..,..,..
IBRD only,IBD,"Population ages 25-29, female",SP.POP.2529.FE,..,..,..,..,..,..
IBRD only,IBD,"Population ages 25-29, male",SP.POP.2529.MA,..,..,..,..,..,..
IBRD only,IBD,"Population ages 30-34, female",SP.POP.3034.FE,..,..,..,..,..,..
IBRD only,IBD,"Population ages 30-34, male",SP.POP.3034.MA,..,..,..,..,..,..
IBRD only,IBD,"Population ages 35-39, female",SP.POP.3539.FE,..,..,..,..,..,..
IBRD only,IBD,"Population ages 35-39, male",SP.POP.3539.MA,..,..,..,..,..,..
IBRD only,IBD,"Population ages 40-44, female",SP.POP.4044.FE,..,..,..,..,..,..
IBRD only,IBD,"Population ages 40-44, male",SP.POP.4044.MA,..,..,..,..,..,..
IBRD only,IBD,"Population ages 45-49, female",SP.POP.4549.FE,..,..,..,..,..,..
IBRD only,IBD,"Population ages 45-49, male",SP.POP.4549.MA,..,..,..,..,..,..
IBRD only,IBD,"Population ages 50-54, female",SP.POP.5054.FE,..,..,..,..,..,..
IBRD only,IBD,"Population ages 50-54, male",SP.POP.5054.MA,..,..,..,..,..,..
IBRD only,IBD,"Population ages 55-59, female",SP.POP.5559.FE,..,..,..,..,..,..
IBRD only,IBD,"Population ages 55-59, male",SP.POP.5559.MA,..,..,..,..,..,..
IBRD only,IBD,"Population ages 60-64, female",SP.POP.6064.FE,..,..,..,..,..,..
IBRD only,IBD,"Population ages 60-64, male",SP.POP.6064.MA,..,..,..,..,..,..
IBRD only,IBD,"Population ages 65 and above, female",SP.POP.65UP.FE.IN,..,..,..,..,..,..
IBRD only,IBD,"Population ages 65 and above, male",SP.POP.65UP.MA.IN,..,..,..,..,..,..
Iceland,ISL,"Population ages 10-14, male",SP.POP.1014.MA,12360,12586,12726,12765,12506,12234
Iceland,ISL,"Population ages 15-19, female",SP.POP.1519.FE,10945,11100,11542,12065,12334,12539
Iceland,ISL,"Population ages 10-14, female",SP.POP.1014.FE,11635,11872,12025,12167,12025,11779
Iceland,ISL,"Population ages 15-19, male",SP.POP.1519.MA,11330,11526,11999,12608,12980,13264
Iceland,ISL,"Population ages 20-24, female",SP.POP.2024.FE,12468,12431,12625,12951,13042,13050
Iceland,ISL,"Population ages 20-24, male",SP.POP.2024.MA,13149,13005,13025,13163,13273,13448
Iceland,ISL,"Population ages 25-29, female",SP.POP.2529.FE,14220,14346,14721,14976,14822,14667
Iceland,ISL,"Population ages 25-29, male",SP.POP.2529.MA,16177,16002,16041,16083,15715,15378
Iceland,ISL,"Population ages 30-34, female",SP.POP.3034.FE,12895,13580,14452,15406,15863,15943
Iceland,ISL,"Population ages 30-34, male",SP.POP.3034.MA,15158,15969,16951,17797,18059,17971
Iceland,ISL,"Population ages 35-39, female",SP.POP.3539.FE,12140,12298,12618,13128,13571,14115
Iceland,ISL,"Population ages 35-39, male",SP.POP.3539.MA,13927,13984,14371,15081,15703,16399
Iceland,ISL,"Population ages 40-44, female",SP.POP.4044.FE,11616,11904,12296,12816,13002,13016
Iceland,ISL,"Population ages 40-44, male",SP.POP.4044.MA,12702,13041,13646,14405,14727,14789
Iceland,ISL,"Population ages 45-49, female",SP.POP.4549.FE,11134,11417,11553,11681,11883,12194
Iceland,ISL,"Population ages 45-49, male",SP.POP.4549.MA,12105,12348,12530,12649,12833,13235
Iceland,ISL,"Population ages 50-54, female",SP.POP.5054.FE,10730,10597,10726,11157,11350,11522
Iceland,ISL,"Population ages 50-54, male",SP.POP.5054.MA,11145,11087,11349,11838,12140,12397
Iceland,ISL,"Population ages 55-59, female",SP.POP.5559.FE,10998,11135,11306,11328,11134,10957
Iceland,ISL,"Population ages 55-59, male",SP.POP.5559.MA,10965,11048,11175,11253,11239,11218
Iceland,ISL,"Population ages 60-64, female",SP.POP.6064.FE,10240,10361,10525,10801,10949,11046
Iceland,ISL,"Population ages 60-64, male",SP.POP.6064.MA,10415,10573,10622,10769,10803,10817
Iceland,ISL,"Population ages 65 and above, female",SP.POP.65UP.FE.IN,27754,28736,29829,31124,32135,33158
Iceland,ISL,"Population ages 65 and above, male",SP.POP.65UP.MA.IN,25619,26653,27896,29249,30222,31217
IDA & IBRD total,IBT,"Population ages 10-14, male",SP.POP.1014.MA,305687884,309498093,313271064,316357891,318324719,319541232
IDA & IBRD total,IBT,"Population ages 15-19, female",SP.POP.1519.FE,269814784,271983059,274512949,277469702,280921423,284450374
IDA & IBRD total,IBT,"Population ages 10-14, female",SP.POP.1014.FE,286133311,289619124,293119147,296116197,298201922,299680549
IDA & IBRD total,IBT,"Population ages 15-19, male",SP.POP.1519.MA,287318910,289500424,292278759,295641174,299543743,303510750
IDA & IBRD total,IBT,"Population ages 20-24, female",SP.POP.2024.FE,258193805,259903058,261568113,263313167,265292076,267173836
IDA & IBRD total,IBT,"Population ages 20-24, male",SP.POP.2024.MA,273599907,275190881,276813609,278654265,280840575,282995433
IDA & IBRD total,IBT,"Population ages 25-29, female",SP.POP.2529.FE,255254030,253922061,253768982,253896275,254373488,255421743
IDA & IBRD total,IBT,"Population ages 25-29, male",SP.POP.2529.MA,268351820,266941316,266784481,266962968,267538011,268785523
IDA & IBRD total,IBT,"Population ages 30-34, female",SP.POP.3034.FE,256192465,258166423,257522915,256170147,254552457,252377411
IDA & IBRD total,IBT,"Population ages 30-34, male",SP.POP.3034.MA,266813243,269314079,268840336,267508422,265926626,263784745
IDA & IBRD total,IBT,"Population ages 35-39, female",SP.POP.3539.FE,230697609,235724952,240458246,244883251,249232933,253190319
IDA & IBRD total,IBT,"Population ages 35-39, male",SP.POP.3539.MA,237410826,242798485,247856863,252690465,257577380,262174874
IDA & IBRD total,IBT,"Population ages 40-44, female",SP.POP.4044.FE,203511726,207191618,212145083,217595674,222587424,227539443
IDA & IBRD total,IBT,"Population ages 40-44, male",SP.POP.4044.MA,207088827,211338578,216696515,222378405,227528006,232637672
IDA & IBRD total,IBT,"Population ages 45-49, female",SP.POP.4549.FE,195751854,195616231,195521798,195711409,196980748,199760956
IDA & IBRD total,IBT,"Population ages 45-49, male",SP.POP.4549.MA,196466459,196491473,196579733,196962009,198479981,201571598
IDA & IBRD total,IBT,"Population ages 50-54, female",SP.POP.5054.FE,180489112,183660638,186885816,189414465,190750845,191249658
IDA & IBRD total,IBT,"Population ages 50-54, male",SP.POP.5054.MA,178257982,181602730,184929541,187533194,188927167,189446027
IDA & IBRD total,IBT,"Population ages 55-59, female",SP.POP.5559.FE,155776267,162506672,166983650,169052264,171435368,174665849
IDA & IBRD total,IBT,"Population ages 55-59, male",SP.POP.5559.MA,150233212,156926553,161344382,163374106,165771142,169071336
IDA & IBRD total,IBT,"Population ages 60-64, female",SP.POP.6064.FE,128389365,128179167,129515283,134463341,141330711,148233881
IDA & IBRD total,IBT,"Population ages 60-64, male",SP.POP.6064.MA,119097915,118888826,120274453,125205273,131940260,138654796
IDA & IBRD total,IBT,"Population ages 65 and above, female",SP.POP.65UP.FE.IN,286124058,295996792,306235726,317674223,328321650,338452264
IDA & IBRD total,IBT,"Population ages 65 and above, male",SP.POP.65UP.MA.IN,228202685,235849780,244104715,253302350,261611768,269505725
IDA blend,IDB,"Population ages 10-14, male",SP.POP.1014.MA,..,..,..,..,..,..
IDA blend,IDB,"Population ages 15-19, female",SP.POP.1519.FE,..,..,..,..,..,..
IDA blend,IDB,"Population ages 10-14, female",SP.POP.1014.FE,..,..,..,..,..,..
IDA blend,IDB,"Population ages 15-19, male",SP.POP.1519.MA,..,..,..,..,..,..
IDA blend,IDB,"Population ages 20-24, female",SP.POP.2024.FE,..,..,..,..,..,..
IDA blend,IDB,"Population ages 20-24, male",SP.POP.2024.MA,..,..,..,..,..,..
IDA blend,IDB,"Population ages 25-29, female",SP.POP.2529.FE,..,..,..,..,..,..
IDA blend,IDB,"Population ages 25-29, male",SP.POP.2529.MA,..,..,..,..,..,..
IDA blend,IDB,"Population ages 30-34, female",SP.POP.3034.FE,..,..,..,..,..,..
IDA blend,IDB,"Population ages 30-34, male",SP.POP.3034.MA,..,..,..,..,..,..
IDA blend,IDB,"Population ages 35-39, female",SP.POP.3539.FE,..,..,..,..,..,..
IDA blend,IDB,"Population ages 35-39, male",SP.POP.3539.MA,..,..,..,..,..,..
IDA blend,IDB,"Population ages 40-44, female",SP.POP.4044.FE,..,..,..,..,..,..
IDA blend,IDB,"Population ages 40-44, male",SP.POP.4044.MA,..,..,..,..,..,..
IDA blend,IDB,"Population ages 45-49, female",SP.POP.4549.FE,..,..,..,..,..,..
IDA blend,IDB,"Population ages 45-49, male",SP.POP.4549.MA,..,..,..,..,..,..
IDA blend,IDB,"Population ages 50-54, female",SP.POP.5054.FE,..,..,..,..,..,..
IDA blend,IDB,"Population ages 50-54, male",SP.POP.5054.MA,..,..,..,..,..,..
IDA blend,IDB,"Population ages 55-59, female",SP.POP.5559.FE,..,..,..,..,..,..
IDA blend,IDB,"Population ages 55-59, male",SP.POP.5559.MA,..,..,..,..,..,..
IDA blend,IDB,"Population ages 60-64, female",SP.POP.6064.FE,..,..,..,..,..,..
IDA blend,IDB,"Population ages 60-64, male",SP.POP.6064.MA,..,..,..,..,..,..
IDA blend,IDB,"Population ages 65 and above, female",SP.POP.65UP.FE.IN,..,..,..,..,..,..
IDA blend,IDB,"Population ages 65 and above, male",SP.POP.65UP.MA.IN,..,..,..,..,..,..
IDA only,IDX,"Population ages 10-14, male",SP.POP.1014.MA,..,..,..,..,..,..
IDA only,IDX,"Population ages 15-19, female",SP.POP.1519.FE,..,..,..,..,..,..
IDA only,IDX,"Population ages 10-14, female",SP.POP.1014.FE,..,..,..,..,..,..
IDA only,IDX,"Population ages 15-19, male",SP.POP.1519.MA,..,..,..,..,..,..
IDA only,IDX,"Population ages 20-24, female",SP.POP.2024.FE,..,..,..,..,..,..
IDA only,IDX,"Population ages 20-24, male",SP.POP.2024.MA,..,..,..,..,..,..
IDA only,IDX,"Population ages 25-29, female",SP.POP.2529.FE,..,..,..,..,..,..
IDA only,IDX,"Population ages 25-29, male",SP.POP.2529.MA,..,..,..,..,..,..
IDA only,IDX,"Population ages 30-34, female",SP.POP.3034.FE,..,..,..,..,..,..
IDA only,IDX,"Population ages 30-34, male",SP.POP.3034.MA,..,..,..,..,..,..
IDA only,IDX,"Population ages 35-39, female",SP.POP.3539.FE,..,..,..,..,..,..
IDA only,IDX,"Population ages 35-39, male",SP.POP.3539.MA,..,..,..,..,..,..
IDA only,IDX,"Population ages 40-44, female",SP.POP.4044.FE,..,..,..,..,..,..
IDA only,IDX,"Population ages 40-44, male",SP.POP.4044.MA,..,..,..,..,..,..
IDA only,IDX,"Population ages 45-49, female",SP.POP.4549.FE,..,..,..,..,..,..
IDA only,IDX,"Population ages 45-49, male",SP.POP.4549.MA,..,..,..,..,..,..
IDA only,IDX,"Population ages 50-54, female",SP.POP.5054.FE,..,..,..,..,..,..
IDA only,IDX,"Population ages 50-54, male",SP.POP.5054.MA,..,..,..,..,..,..
IDA only,IDX,"Population ages 55-59, female",SP.POP.5559.FE,..,..,..,..,..,..
IDA only,IDX,"Population ages 55-59, male",SP.POP.5559.MA,..,..,..,..,..,..
IDA only,IDX,"Population ages 60-64, female",SP.POP.6064.FE,..,..,..,..,..,..
IDA only,IDX,"Population ages 60-64, male",SP.POP.6064.MA,..,..,..,..,..,..
IDA only,IDX,"Population ages 65 and above, female",SP.POP.65UP.FE.IN,..,..,..,..,..,..
IDA only,IDX,"Population ages 65 and above, male",SP.POP.65UP.MA.IN,..,..,..,..,..,..
IDA total,IDA,"Population ages 10-14, male",SP.POP.1014.MA,..,..,..,..,..,..
IDA total,IDA,"Population ages 15-19, female",SP.POP.1519.FE,..,..,..,..,..,..
IDA total,IDA,"Population ages 10-14, female",SP.POP.1014.FE,..,..,..,..,..,..
IDA total,IDA,"Population ages 15-19, male",SP.POP.1519.MA,..,..,..,..,..,..
IDA total,IDA,"Population ages 20-24, female",SP.POP.2024.FE,..,..,..,..,..,..
IDA total,IDA,"Population ages 20-24, male",SP.POP.2024.MA,..,..,..,..,..,..
IDA total,IDA,"Population ages 25-29, female",SP.POP.2529.FE,..,..,..,..,..,..
IDA total,IDA,"Population ages 25-29, male",SP.POP.2529.MA,..,..,..,..,..,..
IDA total,IDA,"Population ages 30-34, female",SP.POP.3034.FE,..,..,..,..,..,..
IDA total,IDA,"Population ages 30-34, male",SP.POP.3034.MA,..,..,..,..,..,..
IDA total,IDA,"Population ages 35-39, female",SP.POP.3539.FE,..,..,..,..,..,..
IDA total,IDA,"Population ages 35-39, male",SP.POP.3539.MA,..,..,..,..,..,..
IDA total,IDA,"Population ages 40-44, female",SP.POP.4044.FE,..,..,..,..,..,..
IDA total,IDA,"Population ages 40-44, male",SP.POP.4044.MA,..,..,..,..,..,..
IDA total,IDA,"Population ages 45-49, female",SP.POP.4549.FE,..,..,..,..,..,..
IDA total,IDA,"Population ages 45-49, male",SP.POP.4549.MA,..,..,..,..,..,..
IDA total,IDA,"Population ages 50-54, female",SP.POP.5054.FE,..,..,..,..,..,..
IDA total,IDA,"Population ages 50-54, male",SP.POP.5054.MA,..,..,..,..,..,..
IDA total,IDA,"Population ages 55-59, female",SP.POP.5559.FE,..,..,..,..,..,..
IDA total,IDA,"Population ages 55-59, male",SP.POP.5559.MA,..,..,..,..,..,..
IDA total,IDA,"Population ages 60-64, female",SP.POP.6064.FE,..,..,..,..,..,..
IDA total,IDA,"Population ages 60-64, male",SP.POP.6064.MA,..,..,..,..,..,..
IDA total,IDA,"Population ages 65 and above, female",SP.POP.65UP.FE.IN,..,..,..,..,..,..
IDA total,IDA,"Population ages 65 and above, male",SP.POP.65UP.MA.IN,..,..,..,..,..,..
India,IND,"Population ages 10-14, male",SP.POP.1014.MA,66713773,66447883,66223234,65911757,65253770,64429093
India,IND,"Population ages 15-19, female",SP.POP.1519.FE,62395896,62098786,61577235,61048752,60645954,60339330
India,IND,"Population ages 10-14, female",SP.POP.1014.FE,60665244,60435770,60256564,60020822,59483836,58806952
India,IND,"Population ages 15-19, male",SP.POP.1519.MA,68749854,68378662,67789019,67199760,66730580,66369850
India,IND,"Population ages 20-24, female",SP.POP.2024.FE,60243689,60799116,61298931,61645152,61835076,61765368
India,IND,"Population ages 20-24, male",SP.POP.2024.MA,66502014,67118716,67642188,67982582,68155217,68036933
India,IND,"Population ages 25-29, female",SP.POP.2529.FE,57840211,58239306,58555075,58856179,59211688,59648619
India,IND,"Population ages 25-29, male",SP.POP.2529.MA,63185626,63786666,64287447,64763212,65258361,65794157
India,IND,"Population ages 30-34, female",SP.POP.3034.FE,54935788,55548766,56041315,56475213,56880627,57303129
India,IND,"Population ages 30-34, male",SP.POP.3034.MA,59595633,60236182,60778165,61296086,61846646,62475100
India,IND,"Population ages 35-39, female",SP.POP.3539.FE,49741493,50846894,51884187,52815123,53665702,54419838
India,IND,"Population ages 35-39, male",SP.POP.3539.MA,53887018,55044608,56125722,57104699,57979905,58751434
India,IND,"Population ages 40-44, female",SP.POP.4044.FE,43638105,44646286,45685257,46820958,48012517,49166660
India,IND,"Population ages 40-44, male",SP.POP.4044.MA,46734880,47879391,49042941,50308226,51622180,52873264
India,IND,"Population ages 45-49, female",SP.POP.4549.FE,38698224,39534514,40351898,41153460,41973609,42919098
India,IND,"Population ages 45-49, male",SP.POP.4549.MA,40676622,41599128,42517134,43441588,44391111,45480453
India,IND,"Population ages 50-54, female",SP.POP.5054.FE,33728260,34428137,35179011,36015162,36894343,37771682
India,IND,"Population ages 50-54, male",SP.POP.5054.MA,34948447,35642934,36406736,37281135,38222139,39188006
India,IND,"Population ages 55-59, female",SP.POP.5559.FE,29100528,29622416,30170522,30831921,31528368,32264621
India,IND,"Population ages 55-59, male",SP.POP.5559.MA,29842077,30308028,30815092,31457519,32137630,32866162
India,IND,"Population ages 60-64, female",SP.POP.6064.FE,24253235,24710449,25198184,25809183,26456422,27111462
India,IND,"Population ages 60-64, male",SP.POP.6064.MA,24391302,24812283,25280408,25884769,26519323,27151107
India,IND,"Population ages 65 and above, female",SP.POP.65UP.FE.IN,47391566,48729429,50207224,52259267,54370752,56563231
India,IND,"Population ages 65 and above, male",SP.POP.65UP.MA.IN,42612350,43841398,45281873,47281658,49320623,51419856
Indonesia,IDN,"Population ages 10-14, male",SP.POP.1014.MA,12138341,12259547,12386737,12477723,12517801,12493320
Indonesia,IDN,"Population ages 15-19, female",SP.POP.1519.FE,10832346,10948628,11091847,11239923,11368416,11475371
Indonesia,IDN,"Population ages 10-14, female",SP.POP.1014.FE,11526673,11642730,11762825,11847964,11884481,11860197
Indonesia,IDN,"Population ages 15-19, male",SP.POP.1519.MA,11414316,11535924,11684475,11837004,11968518,12078273
Indonesia,IDN,"Population ages 20-24, female",SP.POP.2024.FE,10832871,10800104,10747860,10701213,10690743,10740582
Indonesia,IDN,"Population ages 20-24, male",SP.POP.2024.MA,11376148,11343935,11292935,11247845,11239481,11293209
Indonesia,IDN,"Population ages 25-29, female",SP.POP.2529.FE,10441503,10520931,10618805,10712411,10760394,10762183
Indonesia,IDN,"Population ages 25-29, male",SP.POP.2529.MA,10955132,11034261,11130788,11223910,11273310,11277623
Indonesia,IDN,"Population ages 30-34, female",SP.POP.3034.FE,10231871,10237659,10263484,10277949,10304847,10367107
Indonesia,IDN,"Population ages 30-34, male",SP.POP.3034.MA,10694769,10711070,10746825,10766319,10796007,10861148
Indonesia,IDN,"Population ages 35-39, female",SP.POP.3539.FE,10388690,10352839,10284824,10220881,10168733,10135554
Indonesia,IDN,"Population ages 35-39, male",SP.POP.3539.MA,10761031,10745380,10692833,10642469,10601582,10578190
Indonesia,IDN,"Population ages 40-44, female",SP.POP.4044.FE,9812613,9925855,10039695,10143328,10219386,10251095
Indonesia,IDN,"Population ages 40-44, male",SP.POP.4044.MA,10013512,10153776,10295785,10428788,10534164,10592584
Indonesia,IDN,"Population ages 45-49, female",SP.POP.4549.FE,9025816,9132144,9239699,9356330,9488316,9623271
Indonesia,IDN,"Population ages 45-49, male",SP.POP.4549.MA,9072973,9192118,9316857,9455123,9610648,9771242
Indonesia,IDN,"Population ages 50-54, female",SP.POP.5054.FE,8101902,8247059,8381655,8524495,8652189,8767831
Indonesia,IDN,"Population ages 50-54, male",SP.POP.5054.MA,8010719,8158196,8299115,8452655,8591960,8720528
Indonesia,IDN,"Population ages 55-59, female",SP.POP.5559.FE,6803212,6993241,7187432,7388456,7582241,7763516
Indonesia,IDN,"Population ages 55-59, male",SP.POP.5559.MA,6565592,6744351,6933780,7135390,7331465,7517174
Indonesia,IDN,"Population ages 60-64, female",SP.POP.6064.FE,5359148,5553928,5754127,5968388,6176970,6382176
Indonesia,IDN,"Population ages 60-64, male",SP.POP.6064.MA,4964363,5138515,5326644,5533669,5734472,5931742
Indonesia,IDN,"Population ages 65 and above, female",SP.POP.65UP.FE.IN,10339867,10548993,10838530,11266429,11723365,12205333
Indonesia,IDN,"Population ages 65 and above, male",SP.POP.65UP.MA.IN,7819639,7957848,8190724,8553368,8938940,9345960
"Iran, Islamic Rep.",IRN,"Population ages 10-14, male",SP.POP.1014.MA,3319234,3391100,3465629,3548565,3642693,3744275
"Iran, Islamic Rep.",IRN,"Population ages 15-19, female",SP.POP.1519.FE,2789541,2842228,2926557,3014605,3094209,3162418
"Iran, Islamic Rep.",IRN,"Population ages 10-14, female",SP.POP.1014.FE,3137491,3204784,3274521,3350714,3435582,3527172
"Iran, Islamic Rep.",IRN,"Population ages 15-19, male",SP.POP.1519.MA,2942027,2996298,3083173,3175624,3261344,3336120
"Iran, Islamic Rep.",IRN,"Population ages 20-24, female",SP.POP.2024.FE,2855957,2809105,2814392,2830880,2844582,2866815
"Iran, Islamic Rep.",IRN,"Population ages 20-24, male",SP.POP.2024.MA,2978689,2935905,2945416,2963960,2977541,3000272
"Iran, Islamic Rep.",IRN,"Population ages 25-29, female",SP.POP.2529.FE,3612582,3401685,3243427,3124660,3031243,2963718
"Iran, Islamic Rep.",IRN,"Population ages 25-29, male",SP.POP.2529.MA,3765183,3537868,3362591,3231806,3135113,3069973
"Iran, Islamic Rep.",IRN,"Population ages 30-34, female",SP.POP.3034.FE,4385539,4287067,4185508,4058243,3890050,3695085
"Iran, Islamic Rep.",IRN,"Population ages 30-34, male",SP.POP.3034.MA,4555419,4454838,4351286,4219651,4040200,3832148
"Iran, Islamic Rep.",IRN,"Population ages 35-39, female",SP.POP.3539.FE,4237616,4365468,4459231,4503112,4490269,4432163
"Iran, Islamic Rep.",IRN,"Population ages 35-39, male",SP.POP.3539.MA,4415307,4531174,4614161,4653007,4640818,4584648
"Iran, Islamic Rep.",IRN,"Population ages 40-44, female",SP.POP.4044.FE,3294723,3484218,3683290,3878688,4077956,4256855
"Iran, Islamic Rep.",IRN,"Population ages 40-44, male",SP.POP.4044.MA,3451814,3645121,3848841,4046947,4244834,4415288
"Iran, Islamic Rep.",IRN,"Population ages 45-49, female",SP.POP.4549.FE,2687423,2754710,2849339,2974035,3122258,3296403
"Iran, Islamic Rep.",IRN,"Population ages 45-49, male",SP.POP.4549.MA,2840919,2905532,2995204,3114668,3259343,3433622
"Iran, Islamic Rep.",IRN,"Population ages 50-54, female",SP.POP.5054.FE,2304175,2394591,2477370,2546601,2608449,2673903
"Iran, Islamic Rep.",IRN,"Population ages 50-54, male",SP.POP.5054.MA,2362757,2474701,2579361,2664470,2734728,2802476
"Iran, Islamic Rep.",IRN,"Population ages 55-59, female",SP.POP.5559.FE,1921074,1965252,2019902,2089914,2178547,2274230
"Iran, Islamic Rep.",IRN,"Population ages 55-59, male",SP.POP.5559.MA,1947567,1983968,2031947,2098940,2192876,2303254
"Iran, Islamic Rep.",IRN,"Population ages 60-64, female",SP.POP.6064.FE,1587580,1653950,1720190,1778696,1827847,1871682
"Iran, Islamic Rep.",IRN,"Population ages 60-64, male",SP.POP.6064.MA,1590199,1649904,1714615,1773613,1822931,1864135
"Iran, Islamic Rep.",IRN,"Population ages 65 and above, female",SP.POP.65UP.FE.IN,3264993,3371463,3514781,3690093,3881164,4080916
"Iran, Islamic Rep.",IRN,"Population ages 65 and above, male",SP.POP.65UP.MA.IN,3076847,3178828,3315024,3482568,3663114,3849578
Iraq,IRQ,"Population ages 10-14, male",SP.POP.1014.MA,2524549,2618104,2722059,2821746,2905605,2959829
Iraq,IRQ,"Population ages 15-19, female",SP.POP.1519.FE,2122479,2165161,2217702,2274698,2333268,2402770
Iraq,IRQ,"Population ages 10-14, female",SP.POP.1014.FE,2404347,2492708,2590999,2685357,2764911,2816468
Iraq,IRQ,"Population ages 15-19, male",SP.POP.1519.MA,2221651,2267844,2323795,2384126,2446293,2520109
Iraq,IRQ,"Population ages 20-24, female",SP.POP.2024.FE,1936686,1978323,2017317,2052110,2083456,2115100
Iraq,IRQ,"Population ages 20-24, male",SP.POP.2024.MA,2007222,2053825,2097627,2137222,2173161,2208780
Iraq,IRQ,"Population ages 25-29, female",SP.POP.2529.FE,1726257,1768810,1809991,1851221,1891460,1932644
Iraq,IRQ,"Population ages 25-29, male",SP.POP.2529.MA,1770595,1817158,1862322,1907650,1952306,1998330
Iraq,IRQ,"Population ages 30-34, female",SP.POP.3034.FE,1447908,1501652,1560447,1619417,1673555,1722171
Iraq,IRQ,"Population ages 30-34, male",SP.POP.3034.MA,1463094,1522214,1586585,1651018,1710226,1763374
Iraq,IRQ,"Population ages 35-39, female",SP.POP.3539.FE,1250710,1284092,1318586,1355252,1395421,1442160
Iraq,IRQ,"Population ages 35-39, male",SP.POP.3539.MA,1242610,1278634,1316783,1357766,1402833,1454895
Iraq,IRQ,"Population ages 40-44, female",SP.POP.4044.FE,1095311,1121364,1149380,1178973,1209713,1242213
Iraq,IRQ,"Population ages 40-44, male",SP.POP.4044.MA,1076621,1103514,1132851,1163948,1196528,1231331
Iraq,IRQ,"Population ages 45-49, female",SP.POP.4549.FE,949381,977537,1005134,1031914,1057173,1082463
Iraq,IRQ,"Population ages 45-49, male",SP.POP.4549.MA,914510,945691,976104,1005155,1032282,1059097
Iraq,IRQ,"Population ages 50-54, female",SP.POP.5054.FE,779760,809817,841123,872429,902093,930963
Iraq,IRQ,"Population ages 50-54, male",SP.POP.5054.MA,712794,747831,784798,821405,855839,888788
Iraq,IRQ,"Population ages 55-59, female",SP.POP.5559.FE,593311,639452,673611,699677,727018,755764
Iraq,IRQ,"Population ages 55-59, male",SP.POP.5559.MA,504155,547723,583160,613054,644921,678644
Iraq,IRQ,"Population ages 60-64, female",SP.POP.6064.FE,375048,383974,416393,468160,517168,564169
Iraq,IRQ,"Population ages 60-64, male",SP.POP.6064.MA,298565,306476,334679,379229,422458,465001
Iraq,IRQ,"Population ages 65 and above, female",SP.POP.65UP.FE.IN,836398,862465,886408,906351,930371,959251
Iraq,IRQ,"Population ages 65 and above, male",SP.POP.65UP.MA.IN,578886,593793,610936,624682,641682,662583
Ireland,IRL,"Population ages 10-14, male",SP.POP.1014.MA,180188,183515,188114,191016,188911,185327
Ireland,IRL,"Population ages 15-19, female",SP.POP.1519.FE,159118,160600,165952,172476,177690,183453
Ireland,IRL,"Population ages 10-14, female",SP.POP.1014.FE,171642,175396,179971,182633,180426,176774
Ireland,IRL,"Population ages 15-19, male",SP.POP.1519.MA,164892,167365,173685,181170,186690,192180
Ireland,IRL,"Population ages 20-24, female",SP.POP.2024.FE,150962,154833,161530,166861,170708,175868
Ireland,IRL,"Population ages 20-24, male",SP.POP.2024.MA,156232,160270,166631,171660,175711,181715
Ireland,IRL,"Population ages 25-29, female",SP.POP.2529.FE,144715,145598,149865,155314,159560,164802
Ireland,IRL,"Population ages 25-29, male",SP.POP.2529.MA,147010,148333,153417,159599,164452,170091
Ireland,IRL,"Population ages 30-34, female",SP.POP.3034.FE,165541,161529,160707,160259,158199,157289
Ireland,IRL,"Population ages 30-34, male",SP.POP.3034.MA,157185,155763,157660,159629,159151,159079
Ireland,IRL,"Population ages 35-39, female",SP.POP.3539.FE,199334,194323,191282,188457,182870,177153
Ireland,IRL,"Population ages 35-39, male",SP.POP.3539.MA,185030,179230,176392,174741,171192,167960
Ireland,IRL,"Population ages 40-44, female",SP.POP.4044.FE,200936,206088,213092,218612,216470,211146
Ireland,IRL,"Population ages 40-44, male",SP.POP.4044.MA,193994,197144,201792,205039,201668,195495
Ireland,IRL,"Population ages 45-49, female",SP.POP.4549.FE,181413,185115,192170,200340,205972,211490
Ireland,IRL,"Population ages 45-49, male",SP.POP.4549.MA,178341,181441,187860,194883,199192,203338
Ireland,IRL,"Population ages 50-54, female",SP.POP.5054.FE,159701,163580,170985,179691,185163,189460
Ireland,IRL,"Population ages 50-54, male",SP.POP.5054.MA,158556,162428,169457,177448,181919,185373
Ireland,IRL,"Population ages 55-59, female",SP.POP.5559.FE,148893,151308,156094,161156,163260,165983
Ireland,IRL,"Population ages 55-59, male",SP.POP.5559.MA,144591,146976,151805,157289,160209,163583
Ireland,IRL,"Population ages 60-64, female",SP.POP.6064.FE,131909,135154,140620,146912,150627,153598
Ireland,IRL,"Population ages 60-64, male",SP.POP.6064.MA,128927,131608,136454,141825,144732,147344
Ireland,IRL,"Population ages 65 and above, female",SP.POP.65UP.FE.IN,385027,396072,414809,437030,451616,465088
Ireland,IRL,"Population ages 65 and above, male",SP.POP.65UP.MA.IN,340951,351533,368411,387862,400641,412325
Isle of Man,IMN,"Population ages 10-14, male",SP.POP.1014.MA,2450,2452,2450,2434,2385,2316
Isle of Man,IMN,"Population ages 15-19, female",SP.POP.1519.FE,2082,2093,2104,2132,2187,2259
Isle of Man,IMN,"Population ages 10-14, female",SP.POP.1014.FE,2275,2318,2340,2339,2281,2188
Isle of Man,IMN,"Population ages 15-19, male",SP.POP.1519.MA,2327,2337,2364,2402,2438,2462
Isle of Man,IMN,"Population ages 20-24, female",SP.POP.2024.FE,2137,2086,2076,2086,2097,2114
Isle of Man,IMN,"Population ages 20-24, male",SP.POP.2024.MA,2271,2257,2270,2307,2333,2355
Isle of Man,IMN,"Population ages 25-29, female",SP.POP.2529.FE,2193,2175,2172,2177,2179,2171
Isle of Man,IMN,"Population ages 25-29, male",SP.POP.2529.MA,2258,2228,2200,2186,2208,2254
Isle of Man,IMN,"Population ages 30-34, female",SP.POP.3034.FE,2411,2422,2405,2364,2320,2280
Isle of Man,IMN,"Population ages 30-34, male",SP.POP.3034.MA,2298,2319,2331,2341,2342,2324
Isle of Man,IMN,"Population ages 35-39, female",SP.POP.3539.FE,2574,2573,2555,2528,2511,2494
Isle of Man,IMN,"Population ages 35-39, male",SP.POP.3539.MA,2373,2382,2389,2392,2393,2380
Isle of Man,IMN,"Population ages 40-44, female",SP.POP.4044.FE,2633,2651,2668,2684,2680,2649
Isle of Man,IMN,"Population ages 40-44, male",SP.POP.4044.MA,2533,2565,2568,2543,2497,2451
Isle of Man,IMN,"Population ages 45-49, female",SP.POP.4549.FE,3081,3024,2936,2806,2707,2666
Isle of Man,IMN,"Population ages 45-49, male",SP.POP.4549.MA,2946,2841,2739,2625,2569,2556
Isle of Man,IMN,"Population ages 50-54, female",SP.POP.5054.FE,3286,3288,3283,3255,3206,3141
Isle of Man,IMN,"Population ages 50-54, male",SP.POP.5054.MA,3322,3336,3333,3296,3199,3050
Isle of Man,IMN,"Population ages 55-59, female",SP.POP.5559.FE,3298,3308,3300,3298,3292,3273
Isle of Man,IMN,"Population ages 55-59, male",SP.POP.5559.MA,3317,3358,3345,3320,3298,3284
Isle of Man,IMN,"Population ages 60-64, female",SP.POP.6064.FE,2827,2892,2964,3056,3142,3213
Isle of Man,IMN,"Population ages 60-64, male",SP.POP.6064.MA,2792,2852,2933,3025,3106,3184
Isle of Man,IMN,"Population ages 65 and above, female",SP.POP.65UP.FE.IN,9703,9796,9917,10106,10300,10499
Isle of Man,IMN,"Population ages 65 and above, male",SP.POP.65UP.MA.IN,8671,8747,8845,9010,9186,9361
Israel,ISR,"Population ages 10-14, male",SP.POP.1014.MA,406364,416908,427323,438109,445933,452778
Israel,ISR,"Population ages 15-19, female",SP.POP.1519.FE,355865,361463,369221,376995,384176,394673
Israel,ISR,"Population ages 10-14, female",SP.POP.1014.FE,386836,397024,407264,417280,423723,429595
Israel,ISR,"Population ages 15-19, male",SP.POP.1519.MA,373086,379090,387381,395627,402930,413703
Israel,ISR,"Population ages 20-24, female",SP.POP.2024.FE,327766,335632,345023,355284,363777,372781
Israel,ISR,"Population ages 20-24, male",SP.POP.2024.MA,342035,350575,360222,370569,379240,388498
Israel,ISR,"Population ages 25-29, female",SP.POP.2529.FE,308121,311726,318543,327197,332520,338292
Israel,ISR,"Population ages 25-29, male",SP.POP.2529.MA,317961,322544,330118,339053,344856,351614
Israel,ISR,"Population ages 30-34, female",SP.POP.3034.FE,300884,303452,308051,313323,314799,315097
Israel,ISR,"Population ages 30-34, male",SP.POP.3034.MA,304088,307865,313777,320375,323012,324423
Israel,ISR,"Population ages 35-39, female",SP.POP.3539.FE,295189,298217,301890,305150,305695,306031
Israel,ISR,"Population ages 35-39, male",SP.POP.3539.MA,293774,297574,302111,306090,307379,308929
Israel,ISR,"Population ages 40-44, female",SP.POP.4044.FE,284138,285150,287810,293221,296736,298805
Israel,ISR,"Population ages 40-44, male",SP.POP.4044.MA,279938,281131,283858,290091,294491,297028
Israel,ISR,"Population ages 45-49, female",SP.POP.4549.FE,264447,271281,277450,282542,284933,286431
Israel,ISR,"Population ages 45-49, male",SP.POP.4549.MA,258943,266007,272737,277852,280032,281583
Israel,ISR,"Population ages 50-54, female",SP.POP.5054.FE,223115,231105,240853,250810,258320,265364
Israel,ISR,"Population ages 50-54, male",SP.POP.5054.MA,216570,224438,234129,243890,251523,258706
Israel,ISR,"Population ages 55-59, female",SP.POP.5559.FE,204681,206120,208393,212059,216771,222752
Israel,ISR,"Population ages 55-59, male",SP.POP.5559.MA,193155,195900,199309,203839,208648,214363
Israel,ISR,"Population ages 60-64, female",SP.POP.6064.FE,197666,199143,200656,202137,202483,202801
Israel,ISR,"Population ages 60-64, male",SP.POP.6064.MA,179590,181157,182783,184896,186548,188479
Israel,ISR,"Population ages 65 and above, female",SP.POP.65UP.FE.IN,615416,633053,650759,669876,686261,703172
Israel,ISR,"Population ages 65 and above, male",SP.POP.65UP.MA.IN,495268,510069,525104,541475,555432,569348
Italy,ITA,"Population ages 10-14, male",SP.POP.1014.MA,1449469,1436277,1419688,1397946,1366537,1333768
Italy,ITA,"Population ages 15-19, female",SP.POP.1519.FE,1376709,1375107,1384041,1394668,1397592,1397412
Italy,ITA,"Population ages 10-14, female",SP.POP.1014.FE,1365366,1354194,1339811,1319619,1289567,1259063
Italy,ITA,"Population ages 15-19, male",SP.POP.1519.MA,1472817,1464076,1469491,1477921,1480319,1480806
Italy,ITA,"Population ages 20-24, female",SP.POP.2024.FE,1403249,1407268,1418565,1432122,1446274,1465379
Italy,ITA,"Population ages 20-24, male",SP.POP.2024.MA,1559371,1558488,1557393,1552364,1549658,1559724
Italy,ITA,"Population ages 25-29, female",SP.POP.2529.FE,1522241,1493279,1476541,1470703,1463432,1458103
Italy,ITA,"Population ages 25-29, male",SP.POP.2529.MA,1612563,1595108,1592299,1603424,1610704,1611308
Italy,ITA,"Population ages 30-34, female",SP.POP.3034.FE,1617890,1618636,1630461,1630034,1597172,1555417
Italy,ITA,"Population ages 30-34, male",SP.POP.3034.MA,1653025,1663300,1685533,1695409,1673485,1643865
Italy,ITA,"Population ages 35-39, female",SP.POP.3539.FE,1757379,1712730,1673983,1658452,1649065,1638641
Italy,ITA,"Population ages 35-39, male",SP.POP.3539.MA,1780247,1734484,1696756,1682545,1676448,1672721
Italy,ITA,"Population ages 40-44, female",SP.POP.4044.FE,2048929,1972213,1914450,1865319,1814400,1767321
Italy,ITA,"Population ages 40-44, male",SP.POP.4044.MA,2057717,1986501,1930679,1884304,1836415,1788614
Italy,ITA,"Population ages 45-49, female",SP.POP.4549.FE,2368197,2324171,2271100,2212613,2134360,2048172
Italy,ITA,"Population ages 45-49, male",SP.POP.4549.MA,2335629,2301852,2257616,2204492,2131172,2052772
Italy,ITA,"Population ages 50-54, female",SP.POP.5054.FE,2446310,2428008,2416895,2400606,2378487,2355259
Italy,ITA,"Population ages 50-54, male",SP.POP.5054.MA,2379377,2360984,2351975,2343386,2329397,2313902
Italy,ITA,"Population ages 55-59, female",SP.POP.5559.FE,2341055,2381798,2414101,2437159,2436858,2420254
Italy,ITA,"Population ages 55-59, male",SP.POP.5559.MA,2241538,2287300,2323429,2347815,2350510,2336357
Italy,ITA,"Population ages 60-64, female",SP.POP.6064.FE,2034551,2071929,2122882,2189402,2247885,2300389
Italy,ITA,"Population ages 60-64, male",SP.POP.6064.MA,1910096,1944405,1992320,2058808,2118464,2173609
Italy,ITA,"Population ages 65 and above, female",SP.POP.65UP.FE.IN,7821652,7861904,7923863,8005381,8093994,8199234
Italy,ITA,"Population ages 65 and above, male",SP.POP.65UP.MA.IN,6074695,6130172,6197629,6282121,6383102,6499796
Jamaica,JAM,"Population ages 10-14, male",SP.POP.1014.MA,111914,108808,105501,102219,99067,96118
Jamaica,JAM,"Population ages 15-19, female",SP.POP.1519.FE,117109,116053,114346,112006,109368,106525
Jamaica,JAM,"Population ages 10-14, female",SP.POP.1014.FE,108106,105074,101846,98644,95576,92713
Jamaica,JAM,"Population ages 15-19, male",SP.POP.1519.MA,121215,120079,118314,115913,113204,110290
Jamaica,JAM,"Population ages 20-24, female",SP.POP.2024.FE,127902,124434,120842,117647,115137,113282
Jamaica,JAM,"Population ages 20-24, male",SP.POP.2024.MA,132380,128704,124956,121651,119066,117169
Jamaica,JAM,"Population ages 25-29, female",SP.POP.2529.FE,134162,134847,133618,130997,127618,123580
Jamaica,JAM,"Population ages 25-29, male",SP.POP.2529.MA,138704,139314,137989,135246,131756,127614
Jamaica,JAM,"Population ages 30-34, female",SP.POP.3034.FE,119906,121820,124328,126890,129157,130603
Jamaica,JAM,"Population ages 30-34, male",SP.POP.3034.MA,123844,125763,128260,130807,133066,134511
Jamaica,JAM,"Population ages 35-39, female",SP.POP.3539.FE,112002,114378,115743,116349,116586,117140
Jamaica,JAM,"Population ages 35-39, male",SP.POP.3539.MA,115098,117479,118847,119456,119730,120345
Jamaica,JAM,"Population ages 40-44, female",SP.POP.4044.FE,96900,98678,100975,103812,106842,109582
Jamaica,JAM,"Population ages 40-44, male",SP.POP.4044.MA,98117,100344,102928,105923,109017,111783
Jamaica,JAM,"Population ages 45-49, female",SP.POP.4549.FE,91049,91880,92519,92840,93365,94506
Jamaica,JAM,"Population ages 45-49, male",SP.POP.4549.MA,87570,89208,90632,91705,92930,94677
Jamaica,JAM,"Population ages 50-54, female",SP.POP.5054.FE,85772,85679,85717,86387,87371,88173
Jamaica,JAM,"Population ages 50-54, male",SP.POP.5054.MA,76784,77455,78335,79901,81784,83433
Jamaica,JAM,"Population ages 55-59, female",SP.POP.5559.FE,80972,81715,82281,82603,82366,82035
Jamaica,JAM,"Population ages 55-59, male",SP.POP.5559.MA,68957,69773,70506,71103,71305,71603
Jamaica,JAM,"Population ages 60-64, female",SP.POP.6064.FE,64534,67834,70419,72592,74503,75868
Jamaica,JAM,"Population ages 60-64, male",SP.POP.6064.MA,53468,55861,57702,59325,60926,62203
Jamaica,JAM,"Population ages 65 and above, female",SP.POP.65UP.FE.IN,112528,116110,120326,126043,132116,138511
Jamaica,JAM,"Population ages 65 and above, male",SP.POP.65UP.MA.IN,89562,91379,93663,97225,100969,104883
Japan,JPN,"Population ages 10-14, male",SP.POP.1014.MA,2860021,2842543,2816136,2782890,2742042,2701428
Japan,JPN,"Population ages 15-19, female",SP.POP.1519.FE,2859962,2809660,2776721,2756528,2747669,2750026
Japan,JPN,"Population ages 10-14, female",SP.POP.1014.FE,2699418,2683048,2659111,2629170,2591386,2554731
Japan,JPN,"Population ages 15-19, male",SP.POP.1519.MA,3027040,2977681,2943889,2920226,2906053,2903961
Japan,JPN,"Population ages 20-24, female",SP.POP.2024.FE,2961816,2966076,2967622,2963922,2969485,2986343
Japan,JPN,"Population ages 20-24, male",SP.POP.2024.MA,3092260,3102285,3111485,3116101,3124308,3136998
Japan,JPN,"Population ages 25-29, female",SP.POP.2529.FE,2961698,2954829,2961513,2984997,2991533,2992361
Japan,JPN,"Population ages 25-29, male",SP.POP.2529.MA,3087256,3081584,3086833,3108024,3112616,3113041
Japan,JPN,"Population ages 30-34, female",SP.POP.3034.FE,3186265,3112100,3059605,3018535,2986376,2961508
Japan,JPN,"Population ages 30-34, male",SP.POP.3034.MA,3308844,3234110,3181250,3139634,3106446,3081373
Japan,JPN,"Population ages 35-39, female",SP.POP.3539.FE,3611005,3534195,3464077,3388711,3289481,3183175
Japan,JPN,"Population ages 35-39, male",SP.POP.3539.MA,3694981,3622394,3561620,3496345,3404346,3300513
Japan,JPN,"Population ages 40-44, female",SP.POP.4044.FE,4212676,4046671,3907567,3794197,3694467,3603983
Japan,JPN,"Population ages 40-44, male",SP.POP.4044.MA,4290920,4125529,3985411,3871177,3771424,3681148
Japan,JPN,"Population ages 45-49, female",SP.POP.4549.FE,4951087,4895965,4777150,4601719,4392883,4197041
Japan,JPN,"Population ages 45-49, male",SP.POP.4549.MA,5052083,4988586,4860987,4677849,4462086,4263439
Japan,JPN,"Population ages 50-54, female",SP.POP.5054.FE,4249470,4451325,4658682,4780550,4890055,4919630
Japan,JPN,"Population ages 50-54, male",SP.POP.5054.MA,4389238,4576264,4768909,4879553,4976176,4995815
Japan,JPN,"Population ages 55-59, female",SP.POP.5559.FE,3879434,3878450,3904704,4023815,4118732,4209658
Japan,JPN,"Population ages 55-59, male",SP.POP.5559.MA,3992060,3992514,4019522,4135830,4226884,4309284
Japan,JPN,"Population ages 60-64, female",SP.POP.6064.FE,3742758,3718897,3730321,3749701,3768977,3827210
Japan,JPN,"Population ages 60-64, male",SP.POP.6064.MA,3767728,3749642,3768566,3794556,3817593,3874486
Japan,JPN,"Population ages 65 and above, female",SP.POP.65UP.FE.IN,20461982,20570957,20611664,20626142,20652696,20669068
Japan,JPN,"Population ages 65 and above, male",SP.POP.65UP.MA.IN,16050394,16149430,16178396,16183234,16207831,16227224
Jordan,JOR,"Population ages 10-14, male",SP.POP.1014.MA,588570,604013,613044,616486,617986,611936
Jordan,JOR,"Population ages 15-19, female",SP.POP.1519.FE,507970,518627,534401,552045,567257,579367
Jordan,JOR,"Population ages 10-14, female",SP.POP.1014.FE,586969,601238,606697,604626,600780,590719
Jordan,JOR,"Population ages 15-19, male",SP.POP.1519.MA,516247,525538,539281,554994,568881,580064
Jordan,JOR,"Population ages 20-24, female",SP.POP.2024.FE,481578,482271,482921,487502,493565,492984
Jordan,JOR,"Population ages 20-24, male",SP.POP.2024.MA,508520,502119,497480,498798,502372,499242
Jordan,JOR,"Population ages 25-29, female",SP.POP.2529.FE,456549,469246,477369,480469,472657,451858
Jordan,JOR,"Population ages 25-29, male",SP.POP.2529.MA,518178,526290,528327,523398,505969,474956
Jordan,JOR,"Population ages 30-34, female",SP.POP.3034.FE,394114,403536,414412,426436,434299,432127
Jordan,JOR,"Population ages 30-34, male",SP.POP.3034.MA,453532,466552,479560,491998,497840,490566
Jordan,JOR,"Population ages 35-39, female",SP.POP.3539.FE,349343,358843,367712,375815,380151,377725
Jordan,JOR,"Population ages 35-39, male",SP.POP.3539.MA,388489,400790,413234,425594,434194,434978
Jordan,JOR,"Population ages 40-44, female",SP.POP.4044.FE,301840,310619,319556,328402,335199,337857
Jordan,JOR,"Population ages 40-44, male",SP.POP.4044.MA,336178,345061,354454,364054,371686,375387
Jordan,JOR,"Population ages 45-49, female",SP.POP.4549.FE,265537,271759,277677,283889,289390,292858
Jordan,JOR,"Population ages 45-49, male",SP.POP.4549.MA,302646,307737,312440,317803,322641,325375
Jordan,JOR,"Population ages 50-54, female",SP.POP.5054.FE,222800,231724,240140,247883,253970,257452
Jordan,JOR,"Population ages 50-54, male",SP.POP.5054.MA,256838,266941,276013,283810,289345,291746
Jordan,JOR,"Population ages 55-59, female",SP.POP.5559.FE,171052,180944,190458,199809,208233,214862
Jordan,JOR,"Population ages 55-59, male",SP.POP.5559.MA,191228,203077,214733,226308,236530,244438
Jordan,JOR,"Population ages 60-64, female",SP.POP.6064.FE,121135,128990,137358,146295,155123,162976
Jordan,JOR,"Population ages 60-64, male",SP.POP.6064.MA,129506,137776,147027,157435,167931,177407
Jordan,JOR,"Population ages 65 and above, female",SP.POP.65UP.FE.IN,216014,226913,239198,254008,268816,282206
Jordan,JOR,"Population ages 65 and above, male",SP.POP.65UP.MA.IN,207630,216467,227045,240429,253740,265441
Kazakhstan,KAZ,"Population ages 10-14, male",SP.POP.1014.MA,867780,902258,933595,956649,973641,987009
Kazakhstan,KAZ,"Population ages 15-19, female",SP.POP.1519.FE,624445,651514,691501,736319,780131,821650
Kazakhstan,KAZ,"Population ages 10-14, female",SP.POP.1014.FE,827198,860849,892051,916119,934770,950011
Kazakhstan,KAZ,"Population ages 15-19, male",SP.POP.1519.MA,651652,680160,722456,770042,816770,860694
Kazakhstan,KAZ,"Population ages 20-24, female",SP.POP.2024.FE,596759,581548,577690,584243,597397,618716
Kazakhstan,KAZ,"Population ages 20-24, male",SP.POP.2024.MA,617470,605038,601095,607686,621352,643748
Kazakhstan,KAZ,"Population ages 25-29, female",SP.POP.2529.FE,737901,710026,680100,650869,622114,598491
Kazakhstan,KAZ,"Population ages 25-29, male",SP.POP.2529.MA,753414,731808,701509,671902,642925,619134
Kazakhstan,KAZ,"Population ages 30-34, female",SP.POP.3034.FE,803484,800780,796379,784678,764922,739797
Kazakhstan,KAZ,"Population ages 30-34, male",SP.POP.3034.MA,813518,817715,813264,801359,781595,756694
Kazakhstan,KAZ,"Population ages 35-39, female",SP.POP.3539.FE,709118,726620,748625,769273,785254,795622
Kazakhstan,KAZ,"Population ages 35-39, male",SP.POP.3539.MA,705068,729752,754220,776915,793910,804519
Kazakhstan,KAZ,"Population ages 40-44, female",SP.POP.4044.FE,633615,639301,650306,664777,681714,701010
Kazakhstan,KAZ,"Population ages 40-44, male",SP.POP.4044.MA,604222,617099,631764,649690,669631,691629
Kazakhstan,KAZ,"Population ages 45-49, female",SP.POP.4549.FE,592788,598559,605134,611357,617201,623866
Kazakhstan,KAZ,"Population ages 45-49, male",SP.POP.4549.MA,542642,551648,559290,567673,576506,586579
Kazakhstan,KAZ,"Population ages 50-54, female",SP.POP.5054.FE,549792,553302,557935,564987,572825,580990
Kazakhstan,KAZ,"Population ages 50-54, male",SP.POP.5054.MA,485459,490327,494334,501669,510325,519416
Kazakhstan,KAZ,"Population ages 55-59, female",SP.POP.5559.FE,538265,536238,535703,536677,537071,537243
Kazakhstan,KAZ,"Population ages 55-59, male",SP.POP.5559.MA,462877,463622,460905,458955,457560,457517
Kazakhstan,KAZ,"Population ages 60-64, female",SP.POP.6064.FE,495844,504851,510116,512341,513739,515337
Kazakhstan,KAZ,"Population ages 60-64, male",SP.POP.6064.MA,382808,397473,406876,414307,418992,421272
Kazakhstan,KAZ,"Population ages 65 and above, female",SP.POP.65UP.FE.IN,962574,988396,1026578,1078488,1131241,1184494
Kazakhstan,KAZ,"Population ages 65 and above, male",SP.POP.65UP.MA.IN,527572,546991,573269,610571,650683,692007
Kenya,KEN,"Population ages 10-14, male",SP.POP.1014.MA,3366425,3420112,3450061,3457793,3448232,3432345
Kenya,KEN,"Population ages 15-19, female",SP.POP.1519.FE,2936420,3014340,3092230,3172146,3248339,3314668
Kenya,KEN,"Population ages 10-14, female",SP.POP.1014.FE,3341142,3389485,3414519,3417653,3404924,3386998
Kenya,KEN,"Population ages 15-19, male",SP.POP.1519.MA,2897336,2983031,3069407,3161694,3249793,3327181
Kenya,KEN,"Population ages 20-24, female",SP.POP.2024.FE,2510900,2587207,2667961,2748381,2825518,2900422
Kenya,KEN,"Population ages 20-24, male",SP.POP.2024.MA,2400391,2478918,2565105,2656349,2746677,2836210
Kenya,KEN,"Population ages 25-29, female",SP.POP.2529.FE,2173924,2216195,2266716,2329283,2398974,2471867
Kenya,KEN,"Population ages 25-29, male",SP.POP.2529.MA,2086900,2115254,2154192,2207719,2272318,2344469
Kenya,KEN,"Population ages 30-34, female",SP.POP.3034.FE,1910231,1956109,1995878,2035667,2074899,2118000
Kenya,KEN,"Population ages 30-34, male",SP.POP.3034.MA,1917393,1947766,1970234,1989185,2007389,2029995
Kenya,KEN,"Population ages 35-39, female",SP.POP.3539.FE,1549180,1604215,1661666,1723626,1785063,1843626
Kenya,KEN,"Population ages 35-39, male",SP.POP.3539.MA,1610316,1662154,1713247,1763311,1809226,1849025
Kenya,KEN,"Population ages 40-44, female",SP.POP.4044.FE,1241322,1283869,1329890,1379252,1431402,1487153
Kenya,KEN,"Population ages 40-44, male",SP.POP.4044.MA,1288865,1335686,1384822,1434822,1485485,1536930
Kenya,KEN,"Population ages 45-49, female",SP.POP.4549.FE,1008406,1038094,1069806,1105171,1143515,1184385
Kenya,KEN,"Population ages 45-49, male",SP.POP.4549.MA,1027378,1060412,1095353,1132578,1172638,1214872
Kenya,KEN,"Population ages 50-54, female",SP.POP.5054.FE,809162,837630,866504,894909,923017,951489
Kenya,KEN,"Population ages 50-54, male",SP.POP.5054.MA,804148,833519,863481,892786,921713,950895
Kenya,KEN,"Population ages 55-59, female",SP.POP.5559.FE,622633,650918,678575,704449,729898,755164
Kenya,KEN,"Population ages 55-59, male",SP.POP.5559.MA,595906,623504,650975,677041,702620,727920
Kenya,KEN,"Population ages 60-64, female",SP.POP.6064.FE,449076,473043,497541,521576,545438,569298
Kenya,KEN,"Population ages 60-64, male",SP.POP.6064.MA,407843,428121,450543,473996,497450,520886
Kenya,KEN,"Population ages 65 and above, female",SP.POP.65UP.FE.IN,828440,854409,884623,915734,948603,982755
Kenya,KEN,"Population ages 65 and above, male",SP.POP.65UP.MA.IN,628017,645629,669125,696461,725293,755274
Kiribati,KIR,"Population ages 10-14, male",SP.POP.1014.MA,6482,6772,7035,7252,7419,7532
Kiribati,KIR,"Population ages 15-19, female",SP.POP.1519.FE,5501,5557,5717,5972,6281,6600
Kiribati,KIR,"Population ages 10-14, female",SP.POP.1014.FE,6706,7000,7231,7387,7478,7512
Kiribati,KIR,"Population ages 15-19, male",SP.POP.1519.MA,5579,5584,5678,5862,6101,6371
Kiribati,KIR,"Population ages 20-24, female",SP.POP.2024.FE,6021,5932,5776,5573,5402,5323
Kiribati,KIR,"Population ages 20-24, male",SP.POP.2024.MA,5926,5912,5816,5655,5494,5388
Kiribati,KIR,"Population ages 25-29, female",SP.POP.2529.FE,5710,5802,5866,5894,5885,5824
Kiribati,KIR,"Population ages 25-29, male",SP.POP.2529.MA,5316,5441,5548,5635,5688,5696
Kiribati,KIR,"Population ages 30-34, female",SP.POP.3034.FE,5062,5176,5276,5361,5446,5527
Kiribati,KIR,"Population ages 30-34, male",SP.POP.3034.MA,4569,4690,4801,4905,5014,5118
Kiribati,KIR,"Population ages 35-39, female",SP.POP.3539.FE,4349,4507,4640,4742,4826,4914
Kiribati,KIR,"Population ages 35-39, male",SP.POP.3539.MA,3927,4066,4179,4263,4331,4415
Kiribati,KIR,"Population ages 40-44, female",SP.POP.4044.FE,3362,3528,3703,3888,4061,4219
Kiribati,KIR,"Population ages 40-44, male",SP.POP.4044.MA,3022,3178,3335,3502,3657,3792
Kiribati,KIR,"Population ages 45-49, female",SP.POP.4549.FE,2866,2869,2902,2970,3087,3239
Kiribati,KIR,"Population ages 45-49, male",SP.POP.4549.MA,2436,2474,2540,2626,2744,2891
Kiribati,KIR,"Population ages 50-54, female",SP.POP.5054.FE,2944,2906,2852,2801,2761,2740
Kiribati,KIR,"Population ages 50-54, male",SP.POP.5054.MA,2491,2430,2357,2310,2286,2291
Kiribati,KIR,"Population ages 55-59, female",SP.POP.5559.FE,2544,2640,2713,2759,2780,2775
Kiribati,KIR,"Population ages 55-59, male",SP.POP.5559.MA,2098,2185,2251,2294,2304,2283
Kiribati,KIR,"Population ages 60-64, female",SP.POP.6064.FE,1724,1838,1971,2111,2237,2345
Kiribati,KIR,"Population ages 60-64, male",SP.POP.6064.MA,1334,1433,1543,1659,1765,1861
Kiribati,KIR,"Population ages 65 and above, female",SP.POP.65UP.FE.IN,3085,3157,3242,3359,3490,3639
Kiribati,KIR,"Population ages 65 and above, male",SP.POP.65UP.MA.IN,1871,1923,1997,2099,2209,2333
"Korea, Dem. People's Rep.",PRK,"Population ages 10-14, male",SP.POP.1014.MA,838629,835341,832486,830758,832492,838610
"Korea, Dem. People's Rep.",PRK,"Population ages 15-19, female",SP.POP.1519.FE,863509,841812,824310,811102,800977,794693
"Korea, Dem. People's Rep.",PRK,"Population ages 10-14, female",SP.POP.1014.FE,798290,795034,792152,790318,791681,797156
"Korea, Dem. People's Rep.",PRK,"Population ages 15-19, male",SP.POP.1519.MA,904319,881629,863574,850033,839738,833533
"Korea, Dem. People's Rep.",PRK,"Population ages 20-24, female",SP.POP.2024.FE,953358,937782,920526,902345,881165,856296
"Korea, Dem. People's Rep.",PRK,"Population ages 20-24, male",SP.POP.2024.MA,994601,978210,960034,940892,918918,893346
"Korea, Dem. People's Rep.",PRK,"Population ages 25-29, female",SP.POP.2529.FE,981677,981316,976764,969269,959886,947465
"Korea, Dem. People's Rep.",PRK,"Population ages 25-29, male",SP.POP.2529.MA,1018032,1018005,1013762,1006339,996908,984395
"Korea, Dem. People's Rep.",PRK,"Population ages 30-34, female",SP.POP.3034.FE,926286,938569,951058,961995,970680,975626
"Korea, Dem. People's Rep.",PRK,"Population ages 30-34, male",SP.POP.3034.MA,954667,967380,980503,992111,1001680,1007570
"Korea, Dem. People's Rep.",PRK,"Population ages 35-39, female",SP.POP.3539.FE,868306,880351,889567,899068,908873,919927
"Korea, Dem. People's Rep.",PRK,"Population ages 35-39, male",SP.POP.3539.MA,889194,901777,911581,921608,931945,943604
"Korea, Dem. People's Rep.",PRK,"Population ages 40-44, female",SP.POP.4044.FE,807017,803012,814389,829927,845288,860210
"Korea, Dem. People's Rep.",PRK,"Population ages 40-44, male",SP.POP.4044.MA,819005,815702,828111,844647,860875,876530
"Korea, Dem. People's Rep.",PRK,"Population ages 45-49, female",SP.POP.4549.FE,1037083,979895,910817,851087,816842,796614
"Korea, Dem. People's Rep.",PRK,"Population ages 45-49, male",SP.POP.4549.MA,1039791,983420,915293,856521,823167,803795
"Korea, Dem. People's Rep.",PRK,"Population ages 50-54, female",SP.POP.5054.FE,1080108,1103845,1111287,1098514,1064400,1017836
"Korea, Dem. People's Rep.",PRK,"Population ages 50-54, male",SP.POP.5054.MA,1064091,1089048,1098485,1087712,1055309,1010351
"Korea, Dem. People's Rep.",PRK,"Population ages 55-59, female",SP.POP.5559.FE,840722,879094,932207,979801,1016782,1051501
"Korea, Dem. People's Rep.",PRK,"Population ages 55-59, male",SP.POP.5559.MA,806497,844917,898533,947151,985428,1021177
"Korea, Dem. People's Rep.",PRK,"Population ages 60-64, female",SP.POP.6064.FE,727386,750071,759083,762689,780962,809090
"Korea, Dem. People's Rep.",PRK,"Population ages 60-64, male",SP.POP.6064.MA,676051,697770,707890,713316,732421,760839
"Korea, Dem. People's Rep.",PRK,"Population ages 65 and above, female",SP.POP.65UP.FE.IN,1736732,1759646,1797464,1853006,1900173,1939560
"Korea, Dem. People's Rep.",PRK,"Population ages 65 and above, male",SP.POP.65UP.MA.IN,1161432,1200039,1254854,1324734,1385647,1437640
"Korea, Rep.",KOR,"Population ages 10-14, male",SP.POP.1014.MA,1167129,1181749,1187387,1181987,1172664,1163199
"Korea, Rep.",KOR,"Population ages 15-19, female",SP.POP.1519.FE,1219114,1145879,1114659,1116720,1112872,1116139
"Korea, Rep.",KOR,"Population ages 10-14, female",SP.POP.1014.FE,1096308,1112321,1119895,1116739,1110820,1105302
"Korea, Rep.",KOR,"Population ages 15-19, male",SP.POP.1519.MA,1316917,1234372,1196765,1193535,1185549,1186996
"Korea, Rep.",KOR,"Population ages 20-24, female",SP.POP.2024.FE,1610408,1572894,1498072,1419034,1352737,1292288
"Korea, Rep.",KOR,"Population ages 20-24, male",SP.POP.2024.MA,1769790,1706271,1625120,1551619,1481602,1407244
"Korea, Rep.",KOR,"Population ages 25-29, female",SP.POP.2529.FE,1691565,1705184,1698522,1685566,1660963,1632267
"Korea, Rep.",KOR,"Population ages 25-29, male",SP.POP.2529.MA,1936180,1945031,1935851,1915973,1868524,1809978
"Korea, Rep.",KOR,"Population ages 30-34, female",SP.POP.3034.FE,1558267,1566966,1595925,1637572,1668373,1687936
"Korea, Rep.",KOR,"Population ages 30-34, male",SP.POP.3034.MA,1731552,1744906,1794106,1868089,1922168,1951209
"Korea, Rep.",KOR,"Population ages 35-39, female",SP.POP.3539.FE,1867015,1773768,1682900,1611201,1567574,1551888
"Korea, Rep.",KOR,"Population ages 35-39, male",SP.POP.3539.MA,1997709,1904646,1818392,1758274,1729570,1728672
"Korea, Rep.",KOR,"Population ages 40-44, female",SP.POP.4044.FE,1899868,1930287,1959983,1976081,1940951,1858074
"Korea, Rep.",KOR,"Population ages 40-44, male",SP.POP.4044.MA,1987986,2023748,2060181,2082060,2053610,1979651
"Korea, Rep.",KOR,"Population ages 45-49, female",SP.POP.4549.FE,2144662,2066361,1992435,1935234,1891211,1892719
"Korea, Rep.",KOR,"Population ages 45-49, male",SP.POP.4549.MA,2215264,2136261,2058343,2000848,1960520,1965712
"Korea, Rep.",KOR,"Population ages 50-54, female",SP.POP.5054.FE,2169300,2205184,2227547,2217498,2184524,2133109
"Korea, Rep.",KOR,"Population ages 50-54, male",SP.POP.5054.MA,2186518,2223513,2254459,2258163,2232426,2183870
"Korea, Rep.",KOR,"Population ages 55-59, female",SP.POP.5559.FE,2112978,2058116,2030134,2058056,2108140,2149192
"Korea, Rep.",KOR,"Population ages 55-59, male",SP.POP.5559.MA,2119860,2080252,2051198,2061171,2100409,2140661
"Korea, Rep.",KOR,"Population ages 60-64, female",SP.POP.6064.FE,1939251,2037053,2102811,2131900,2124276,2084347
"Korea, Rep.",KOR,"Population ages 60-64, male",SP.POP.6064.MA,1880635,1975427,2042361,2079208,2080391,2051163
"Korea, Rep.",KOR,"Population ages 65 and above, female",SP.POP.65UP.FE.IN,4679412,4900377,5114505,5349211,5593830,5868545
"Korea, Rep.",KOR,"Population ages 65 and above, male",SP.POP.65UP.MA.IN,3522204,3724242,3920261,4132310,4358082,4609985
Kosovo,XKX,"Population ages 10-14, male",SP.POP.1014.MA,76606,76741,76475,76162,75159,72813
Kosovo,XKX,"Population ages 15-19, female",SP.POP.1519.FE,83322,80098,75898,73253,72115,72241
Kosovo,XKX,"Population ages 10-14, female",SP.POP.1014.FE,75115,74622,73221,71664,69402,65976
Kosovo,XKX,"Population ages 15-19, male",SP.POP.1519.MA,84074,80818,76870,74592,73744,74009
Kosovo,XKX,"Population ages 20-24, female",SP.POP.2024.FE,76644,77827,77370,76695,75617,74008
Kosovo,XKX,"Population ages 20-24, male",SP.POP.2024.MA,78285,79596,79245,78498,77217,75343
Kosovo,XKX,"Population ages 25-29, female",SP.POP.2529.FE,72377,71434,68950,66788,65121,64975
Kosovo,XKX,"Population ages 25-29, male",SP.POP.2529.MA,74648,73407,70764,68648,67093,67051
Kosovo,XKX,"Population ages 30-34, female",SP.POP.3034.FE,68119,68372,67196,65963,64551,63255
Kosovo,XKX,"Population ages 30-34, male",SP.POP.3034.MA,71088,71465,70200,68739,67093,65558
Kosovo,XKX,"Population ages 35-39, female",SP.POP.3539.FE,63015,62922,62308,62056,61972,62110
Kosovo,XKX,"Population ages 35-39, male",SP.POP.3539.MA,62621,63384,63482,63898,64389,64896
Kosovo,XKX,"Population ages 40-44, female",SP.POP.4044.FE,63336,62467,61253,60407,59703,59225
Kosovo,XKX,"Population ages 40-44, male",SP.POP.4044.MA,56521,56806,56935,57388,57882,58489
Kosovo,XKX,"Population ages 45-49, female",SP.POP.4549.FE,60646,61694,62133,62198,61782,60979
Kosovo,XKX,"Population ages 45-49, male",SP.POP.4549.MA,52607,53482,53720,53763,53653,53618
Kosovo,XKX,"Population ages 50-54, female",SP.POP.5054.FE,54029,55347,56433,57450,58181,58987
Kosovo,XKX,"Population ages 50-54, male",SP.POP.5054.MA,47232,47805,48307,48931,49509,50250
Kosovo,XKX,"Population ages 55-59, female",SP.POP.5559.FE,46377,47532,48645,50006,51347,52601
Kosovo,XKX,"Population ages 55-59, male",SP.POP.5559.MA,41951,42598,43153,43844,44450,44954
Kosovo,XKX,"Population ages 60-64, female",SP.POP.6064.FE,37972,39343,40787,42295,43609,44763
Kosovo,XKX,"Population ages 60-64, male",SP.POP.6064.MA,34589,35583,36564,37565,38393,39117
Kosovo,XKX,"Population ages 65 and above, female",SP.POP.65UP.FE.IN,87934,89797,92524,95952,99559,103319
Kosovo,XKX,"Population ages 65 and above, male",SP.POP.65UP.MA.IN,68193,68989,70834,73429,76179,79111
Kuwait,KWT,"Population ages 10-14, male",SP.POP.1014.MA,163789,156360,154425,164972,167508,168195
Kuwait,KWT,"Population ages 15-19, female",SP.POP.1519.FE,113365,116261,122790,132673,138549,140802
Kuwait,KWT,"Population ages 10-14, female",SP.POP.1014.FE,132455,137676,147210,155897,157956,158420
Kuwait,KWT,"Population ages 15-19, male",SP.POP.1519.MA,136343,130013,127471,138977,146194,147368
Kuwait,KWT,"Population ages 20-24, female",SP.POP.2024.FE,102599,103072,106656,110967,114867,119848
Kuwait,KWT,"Population ages 20-24, male",SP.POP.2024.MA,123737,123277,127406,124674,126721,138302
Kuwait,KWT,"Population ages 25-29, female",SP.POP.2529.FE,91861,119838,150280,149160,147623,149414
Kuwait,KWT,"Population ages 25-29, male",SP.POP.2529.MA,111925,209372,307259,295120,282448,281637
Kuwait,KWT,"Population ages 30-34, female",SP.POP.3034.FE,147484,162754,183099,176772,178028,184075
Kuwait,KWT,"Population ages 30-34, male",SP.POP.3034.MA,186253,262879,347999,337960,344679,354687
Kuwait,KWT,"Population ages 35-39, female",SP.POP.3539.FE,191700,189051,204387,220503,219508,219111
Kuwait,KWT,"Population ages 35-39, male",SP.POP.3539.MA,319800,323479,382421,412395,409501,411570
Kuwait,KWT,"Population ages 40-44, female",SP.POP.4044.FE,177761,170125,175695,192237,200978,206164
Kuwait,KWT,"Population ages 40-44, male",SP.POP.4044.MA,357017,331968,347629,387198,400583,405175
Kuwait,KWT,"Population ages 45-49, female",SP.POP.4549.FE,170199,152879,141181,155673,161126,164029
Kuwait,KWT,"Population ages 45-49, male",SP.POP.4549.MA,343530,291997,259671,290537,304510,311015
Kuwait,KWT,"Population ages 50-54, female",SP.POP.5054.FE,114997,105736,102075,114664,120837,123519
Kuwait,KWT,"Population ages 50-54, male",SP.POP.5054.MA,232912,205680,195459,218727,228000,231921
Kuwait,KWT,"Population ages 55-59, female",SP.POP.5559.FE,79606,72111,67447,76548,81289,83477
Kuwait,KWT,"Population ages 55-59, male",SP.POP.5559.MA,160355,137749,126213,146720,156223,158805
Kuwait,KWT,"Population ages 60-64, female",SP.POP.6064.FE,48571,44474,41738,47537,50991,52938
Kuwait,KWT,"Population ages 60-64, male",SP.POP.6064.MA,107108,82829,64768,78192,85694,88856
Kuwait,KWT,"Population ages 65 and above, female",SP.POP.65UP.FE.IN,62904,61495,61061,67358,71760,74823
Kuwait,KWT,"Population ages 65 and above, male",SP.POP.65UP.MA.IN,112923,87790,64997,75952,82082,85135
Kyrgyz Republic,KGZ,"Population ages 10-14, male",SP.POP.1014.MA,327587,347389,363194,375215,384548,391785
Kyrgyz Republic,KGZ,"Population ages 15-19, female",SP.POP.1519.FE,262898,268519,275817,285412,297074,312047
Kyrgyz Republic,KGZ,"Population ages 10-14, female",SP.POP.1014.FE,311062,327901,342308,354063,363455,370915
Kyrgyz Republic,KGZ,"Population ages 15-19, male",SP.POP.1519.MA,268601,275937,287426,301320,315677,331860
Kyrgyz Republic,KGZ,"Population ages 20-24, female",SP.POP.2024.FE,270749,265737,264749,265787,266954,267978
Kyrgyz Republic,KGZ,"Population ages 20-24, male",SP.POP.2024.MA,274024,262492,257337,258573,262543,268369
Kyrgyz Republic,KGZ,"Population ages 25-29, female",SP.POP.2529.FE,292810,286250,281490,279090,275694,272000
Kyrgyz Republic,KGZ,"Population ages 25-29, male",SP.POP.2529.MA,280936,278541,275802,273657,269894,265712
Kyrgyz Republic,KGZ,"Population ages 30-34, female",SP.POP.3034.FE,266086,275275,279855,282656,284142,284942
Kyrgyz Republic,KGZ,"Population ages 30-34, male",SP.POP.3034.MA,255287,270152,277174,278757,278723,277864
Kyrgyz Republic,KGZ,"Population ages 35-39, female",SP.POP.3539.FE,206103,227483,243761,254164,263143,270777
Kyrgyz Republic,KGZ,"Population ages 35-39, male",SP.POP.3539.MA,200136,220795,237100,247933,257659,266163
Kyrgyz Republic,KGZ,"Population ages 40-44, female",SP.POP.4044.FE,185912,194977,203382,209377,216339,224239
Kyrgyz Republic,KGZ,"Population ages 40-44, male",SP.POP.4044.MA,180511,191579,199544,203541,209111,215589
Kyrgyz Republic,KGZ,"Population ages 45-49, female",SP.POP.4549.FE,177898,178187,180452,184033,187776,192153
Kyrgyz Republic,KGZ,"Population ages 45-49, male",SP.POP.4549.MA,171487,169986,172465,177021,180908,185438
Kyrgyz Republic,KGZ,"Population ages 50-54, female",SP.POP.5054.FE,167005,167032,168332,170086,171242,172801
Kyrgyz Republic,KGZ,"Population ages 50-54, male",SP.POP.5054.MA,158698,156751,156944,158705,159875,160835
Kyrgyz Republic,KGZ,"Population ages 55-59, female",SP.POP.5559.FE,161305,159273,158113,158635,159239,160087
Kyrgyz Republic,KGZ,"Population ages 55-59, male",SP.POP.5559.MA,145131,141322,139652,140635,141323,142464
Kyrgyz Republic,KGZ,"Population ages 60-64, female",SP.POP.6064.FE,131817,135990,140580,145399,148854,150967
Kyrgyz Republic,KGZ,"Population ages 60-64, male",SP.POP.6064.MA,111500,113387,116190,120057,123221,125278
Kyrgyz Republic,KGZ,"Population ages 65 and above, female",SP.POP.65UP.FE.IN,197933,203555,212909,226623,241359,257368
Kyrgyz Republic,KGZ,"Population ages 65 and above, male",SP.POP.65UP.MA.IN,148403,146594,149758,158682,168391,179305
Lao PDR,LAO,"Population ages 10-14, male",SP.POP.1014.MA,379812,381139,382112,383515,385573,389044
Lao PDR,LAO,"Population ages 15-19, female",SP.POP.1519.FE,357059,356380,357681,360278,363101,365329
Lao PDR,LAO,"Population ages 10-14, female",SP.POP.1014.FE,368178,369281,369889,370777,372306,375310
Lao PDR,LAO,"Population ages 15-19, male",SP.POP.1519.MA,366671,366566,368441,371207,373986,376281
Lao PDR,LAO,"Population ages 20-24, female",SP.POP.2024.FE,352300,354627,355503,354794,352879,350750
Lao PDR,LAO,"Population ages 20-24, male",SP.POP.2024.MA,360969,363722,364720,363831,361471,359264
Lao PDR,LAO,"Population ages 25-29, female",SP.POP.2529.FE,331028,334162,336679,339133,342223,345490
Lao PDR,LAO,"Population ages 25-29, male",SP.POP.2529.MA,335155,338175,340924,344322,348761,352994
Lao PDR,LAO,"Population ages 30-34, female",SP.POP.3034.FE,300405,307176,312976,317737,321626,325191
Lao PDR,LAO,"Population ages 30-34, male",SP.POP.3034.MA,307026,312976,317824,321705,325058,328394
Lao PDR,LAO,"Population ages 35-39, female",SP.POP.3539.FE,251569,260878,270044,279005,287569,295366
Lao PDR,LAO,"Population ages 35-39, male",SP.POP.3539.MA,259001,268140,277085,285735,293805,300922
Lao PDR,LAO,"Population ages 40-44, female",SP.POP.4044.FE,206016,212860,220405,228769,237735,247002
Lao PDR,LAO,"Population ages 40-44, male",SP.POP.4044.MA,210532,217955,225972,234730,243903,253116
Lao PDR,LAO,"Population ages 45-49, female",SP.POP.4549.FE,173459,178583,183810,189287,195113,201408
Lao PDR,LAO,"Population ages 45-49, male",SP.POP.4549.MA,174085,179456,185015,190927,197308,204220
Lao PDR,LAO,"Population ages 50-54, female",SP.POP.5054.FE,149502,152437,155733,159370,163478,168238
Lao PDR,LAO,"Population ages 50-54, male",SP.POP.5054.MA,144171,147931,152091,156632,161492,166636
Lao PDR,LAO,"Population ages 55-59, female",SP.POP.5559.FE,127013,130462,133798,137204,140359,143183
Lao PDR,LAO,"Population ages 55-59, male",SP.POP.5559.MA,118784,122026,125168,128382,131608,134978
Lao PDR,LAO,"Population ages 60-64, female",SP.POP.6064.FE,96759,101674,106463,111099,115344,119080
Lao PDR,LAO,"Population ages 60-64, male",SP.POP.6064.MA,91404,94529,97772,100962,104116,107376
Lao PDR,LAO,"Population ages 65 and above, female",SP.POP.65UP.FE.IN,168240,174126,180656,188160,196433,205582
Lao PDR,LAO,"Population ages 65 and above, male",SP.POP.65UP.MA.IN,143365,147709,153233,159484,166090,172958
Late-demographic dividend,LTE,"Population ages 10-14, male",SP.POP.1014.MA,77017840,77925041,79160218,80239950,80771174,81001909
Late-demographic dividend,LTE,"Population ages 15-19, female",SP.POP.1519.FE,65815072,65741160,66189978,66970170,67918191,68823695
Late-demographic dividend,LTE,"Population ages 10-14, female",SP.POP.1014.FE,68924184,69756531,70902993,71924441,72492539,72823897
Late-demographic dividend,LTE,"Population ages 15-19, male",SP.POP.1519.MA,73329135,73268763,73804236,74713797,75807924,76845367
Late-demographic dividend,LTE,"Population ages 20-24, female",SP.POP.2024.FE,69027019,68011068,67128945,66496222,66116779,65787083
Late-demographic dividend,LTE,"Population ages 20-24, male",SP.POP.2024.MA,76463243,75481348,74649323,74039543,73708633,73451446
Late-demographic dividend,LTE,"Population ages 25-29, female",SP.POP.2529.FE,79841823,76230923,73999718,72087291,70348236,69010746
Late-demographic dividend,LTE,"Population ages 25-29, male",SP.POP.2529.MA,87400554,83759255,81698867,79824341,78076073,76783041
Late-demographic dividend,LTE,"Population ages 30-34, female",SP.POP.3034.FE,94154368,93979250,91394707,88005591,84215553,79759016
Late-demographic dividend,LTE,"Population ages 30-34, male",SP.POP.3034.MA,100945064,101199206,98885031,95582048,91859350,87389856
Late-demographic dividend,LTE,"Population ages 35-39, female",SP.POP.3539.FE,85008205,86722210,88567368,90430039,92309930,93922915
Late-demographic dividend,LTE,"Population ages 35-39, male",SP.POP.3539.MA,88975502,90999781,93350039,95749849,98212727,100450394
Late-demographic dividend,LTE,"Population ages 40-44, female",SP.POP.4044.FE,77874896,78292783,79934437,81858696,83154757,84518654
Late-demographic dividend,LTE,"Population ages 40-44, male",SP.POP.4044.MA,80040651,80587062,82495673,84716432,86245493,87846510
Late-demographic dividend,LTE,"Population ages 45-49, female",SP.POP.4549.FE,87340195,84688819,82032892,79456250,77686016,77169093
Late-demographic dividend,LTE,"Population ages 45-49, male",SP.POP.4549.MA,88444551,85709041,83045107,80535802,78852685,78450997
Late-demographic dividend,LTE,"Population ages 50-54, female",SP.POP.5054.FE,87169981,88257825,89355062,89562997,88367927,86247160
Late-demographic dividend,LTE,"Population ages 50-54, male",SP.POP.5054.MA,86411316,87597507,88819756,89162438,88063332,85984618
Late-demographic dividend,LTE,"Population ages 55-59, female",SP.POP.5559.FE,76017675,81057615,83944162,84221352,84567988,85625678
Late-demographic dividend,LTE,"Population ages 55-59, male",SP.POP.5559.MA,73050876,78091632,80980963,81340218,81802576,82978163
Late-demographic dividend,LTE,"Population ages 60-64, female",SP.POP.6064.FE,63252199,61396753,61063111,64097506,68943926,73855446
Late-demographic dividend,LTE,"Population ages 60-64, male",SP.POP.6064.MA,57819246,56031097,55801833,58924075,63769068,68624698
Late-demographic dividend,LTE,"Population ages 65 and above, female",SP.POP.65UP.FE.IN,156749476,162922836,169363979,175882261,180996703,185360699
Late-demographic dividend,LTE,"Population ages 65 and above, male",SP.POP.65UP.MA.IN,121569542,126279704,131175371,135982964,139499282,142399934
Latin America & Caribbean,LCN,"Population ages 10-14, male",SP.POP.1014.MA,26763481,26700561,26653331,26599937,26537231,26451315
Latin America & Caribbean,LCN,"Population ages 15-19, female",SP.POP.1519.FE,26224740,26050125,25897161,25784371,25701163,25624529
Latin America & Caribbean,LCN,"Population ages 10-14, female",SP.POP.1014.FE,25741143,25674617,25623843,25567136,25501565,25414852
Latin America & Caribbean,LCN,"Population ages 15-19, male",SP.POP.1519.MA,27147278,26987712,26845588,26740088,26662251,26589848
Latin America & Caribbean,LCN,"Population ages 20-24, female",SP.POP.2024.FE,26557645,26498167,26413640,26287567,26134896,25980259
Latin America & Caribbean,LCN,"Population ages 20-24, male",SP.POP.2024.MA,27131986,27112658,27064239,26969174,26842749,26710372
Latin America & Caribbean,LCN,"Population ages 25-29, female",SP.POP.2529.FE,26180881,26209644,26232460,26262207,26273941,26260173
Latin America & Caribbean,LCN,"Population ages 25-29, male",SP.POP.2529.MA,26302062,26363360,26422211,26494918,26557496,26596277
Latin America & Caribbean,LCN,"Population ages 30-34, female",SP.POP.3034.FE,25361433,25497663,25615743,25727535,25825762,25901702
Latin America & Caribbean,LCN,"Population ages 30-34, male",SP.POP.3034.MA,25106684,25277414,25422141,25557599,25681836,25792320
Latin America & Caribbean,LCN,"Population ages 35-39, female",SP.POP.3539.FE,24210160,24428894,24607437,24767884,24930799,25097497
Latin America & Caribbean,LCN,"Population ages 35-39, male",SP.POP.3539.MA,23444706,23715196,23954312,24181000,24406610,24627257
Latin America & Caribbean,LCN,"Population ages 40-44, female",SP.POP.4044.FE,22312386,22662483,23008053,23347084,23655402,23929033
Latin America & Caribbean,LCN,"Population ages 40-44, male",SP.POP.4044.MA,21258161,21588795,21928573,22283823,22626159,22949990
Latin America & Caribbean,LCN,"Population ages 45-49, female",SP.POP.4549.FE,20265056,20579855,20903138,21249169,21611464,21984583
Latin America & Caribbean,LCN,"Population ages 45-49, male",SP.POP.4549.MA,19124705,19392275,19679070,20002924,20348820,20710503
Latin America & Caribbean,LCN,"Population ages 50-54, female",SP.POP.5054.FE,18351567,18586383,18864211,19189847,19527416,19862444
Latin America & Caribbean,LCN,"Population ages 50-54, male",SP.POP.5054.MA,17131999,17320673,17557076,17854243,18164402,18470289
Latin America & Caribbean,LCN,"Population ages 55-59, female",SP.POP.5559.FE,16584674,16878555,17131974,17373724,17598836,17830357
Latin America & Caribbean,LCN,"Population ages 55-59, male",SP.POP.5559.MA,15222352,15456852,15668590,15886840,16094306,16309625
Latin America & Caribbean,LCN,"Population ages 60-64, female",SP.POP.6064.FE,13863375,14256705,14659781,15091386,15505494,15880186
Latin America & Caribbean,LCN,"Population ages 60-64, male",SP.POP.6064.MA,12430134,12742010,13079219,13461919,13831867,14166665
Latin America & Caribbean,LCN,"Population ages 65 and above, female",SP.POP.65UP.FE.IN,31775611,32740737,33802028,35075308,36454693,37878819
Latin America & Caribbean,LCN,"Population ages 65 and above, male",SP.POP.65UP.MA.IN,25255952,25864450,26595874,27586418,28689355,29838584
Latin America & Caribbean (excluding high income),LAC,"Population ages 10-14, male",SP.POP.1014.MA,24181221,24124931,24082846,24036244,23985105,23916915
Latin America & Caribbean (excluding high income),LAC,"Population ages 15-19, female",SP.POP.1519.FE,23850122,23672805,23504893,23370471,23268231,23181001
Latin America & Caribbean (excluding high income),LAC,"Population ages 10-14, female",SP.POP.1014.FE,23276215,23214677,23168781,23119710,23067025,22999071
Latin America & Caribbean (excluding high income),LAC,"Population ages 15-19, male",SP.POP.1519.MA,24639516,24478945,24325961,24204116,24112449,24033745
Latin America & Caribbean (excluding high income),LAC,"Population ages 20-24, female",SP.POP.2024.FE,24292423,24258991,24171250,24024989,23847392,23664336
Latin America & Caribbean (excluding high income),LAC,"Population ages 20-24, male",SP.POP.2024.MA,24761347,24761252,24705403,24588308,24437875,24280340
Latin America & Caribbean (excluding high income),LAC,"Population ages 25-29, female",SP.POP.2529.FE,23915878,23989086,24035861,24073640,24087128,24071600
Latin America & Caribbean (excluding high income),LAC,"Population ages 25-29, male",SP.POP.2529.MA,23986607,24086409,24162742,24236547,24293538,24323539
Latin America & Caribbean (excluding high income),LAC,"Population ages 30-34, female",SP.POP.3034.FE,23090843,23245158,23377032,23501065,23613459,23704351
Latin America & Caribbean (excluding high income),LAC,"Population ages 30-34, male",SP.POP.3034.MA,22841085,23022857,23173425,23313075,23443972,23562764
Latin America & Caribbean (excluding high income),LAC,"Population ages 35-39, female",SP.POP.3539.FE,22029478,22252102,22424823,22573210,22723813,22881276
Latin America & Caribbean (excluding high income),LAC,"Population ages 35-39, male",SP.POP.3539.MA,21307960,21580556,21810287,22020247,22228026,22432459
Latin America & Caribbean (excluding high income),LAC,"Population ages 40-44, female",SP.POP.4044.FE,20206417,20554367,20895605,21227562,21528045,21793294
Latin America & Caribbean (excluding high income),LAC,"Population ages 40-44, male",SP.POP.4044.MA,19212698,19543586,19880103,20227961,20560963,20873776
Latin America & Caribbean (excluding high income),LAC,"Population ages 45-49, female",SP.POP.4549.FE,18265530,18571584,18882811,19213553,19560335,19919725
Latin America & Caribbean (excluding high income),LAC,"Population ages 45-49, male",SP.POP.4549.MA,17193743,17455470,17732666,18042825,18374196,18722901
Latin America & Caribbean (excluding high income),LAC,"Population ages 50-54, female",SP.POP.5054.FE,16446102,16673394,16943915,17259294,17584789,17906595
Latin America & Caribbean (excluding high income),LAC,"Population ages 50-54, male",SP.POP.5054.MA,15317662,15498276,15726531,16012643,16310508,16603656
Latin America & Caribbean (excluding high income),LAC,"Population ages 55-59, female",SP.POP.5559.FE,14819838,15091689,15326490,15550728,15760278,15978301
Latin America & Caribbean (excluding high income),LAC,"Population ages 55-59, male",SP.POP.5559.MA,13575977,13790730,13985374,14186243,14376965,14576716
Latin America & Caribbean (excluding high income),LAC,"Population ages 60-64, female",SP.POP.6064.FE,12319916,12679355,13051984,13453305,13837698,14184455
Latin America & Caribbean (excluding high income),LAC,"Population ages 60-64, male",SP.POP.6064.MA,11029843,11312582,11622723,11977256,12318840,12626576
Latin America & Caribbean (excluding high income),LAC,"Population ages 65 and above, female",SP.POP.65UP.FE.IN,27956613,28799958,29738524,30873731,32106413,33382007
Latin America & Caribbean (excluding high income),LAC,"Population ages 65 and above, male",SP.POP.65UP.MA.IN,22289941,22808572,23444764,24324990,25308238,26336020
Latin America & the Caribbean (IDA & IBRD countries),TLA,"Population ages 10-14, male",SP.POP.1014.MA,26336477,26270636,26220759,26166550,26106662,26026379
Latin America & the Caribbean (IDA & IBRD countries),TLA,"Population ages 15-19, female",SP.POP.1519.FE,25774977,25615812,25477818,25375114,25296597,25220214
Latin America & the Caribbean (IDA & IBRD countries),TLA,"Population ages 10-14, female",SP.POP.1014.FE,25333746,25264145,25211245,25154957,25093376,25013731
Latin America & the Caribbean (IDA & IBRD countries),TLA,"Population ages 15-19, male",SP.POP.1519.MA,26678671,26534656,26407354,26311425,26237844,26165670
Latin America & the Caribbean (IDA & IBRD countries),TLA,"Population ages 20-24, female",SP.POP.2024.FE,26084063,26024721,25943242,25822451,25678619,25536719
Latin America & the Caribbean (IDA & IBRD countries),TLA,"Population ages 20-24, male",SP.POP.2024.MA,26640507,26620909,26575506,26485310,26367504,26247901
Latin America & the Caribbean (IDA & IBRD countries),TLA,"Population ages 25-29, female",SP.POP.2529.FE,25696103,25738223,25768970,25800251,25809979,25794252
Latin America & the Caribbean (IDA & IBRD countries),TLA,"Population ages 25-29, male",SP.POP.2529.MA,25802168,25877935,25945426,26019051,26078021,26113048
Latin America & the Caribbean (IDA & IBRD countries),TLA,"Population ages 30-34, female",SP.POP.3034.FE,24839903,24973489,25094986,25216804,25330993,25423894
Latin America & the Caribbean (IDA & IBRD countries),TLA,"Population ages 30-34, male",SP.POP.3034.MA,24574534,24742488,24889074,25033048,25172788,25300557
Latin America & the Caribbean (IDA & IBRD countries),TLA,"Population ages 35-39, female",SP.POP.3539.FE,23740636,23946415,24116834,24269977,24423170,24582333
Latin America & the Caribbean (IDA & IBRD countries),TLA,"Population ages 35-39, male",SP.POP.3539.MA,22975855,23230741,23459202,23676457,23890605,24103299
Latin America & the Caribbean (IDA & IBRD countries),TLA,"Population ages 40-44, female",SP.POP.4044.FE,21833654,22205862,22563880,22901906,23203159,23465730
Latin America & the Caribbean (IDA & IBRD countries),TLA,"Population ages 40-44, male",SP.POP.4044.MA,20789191,21139534,21491332,21845348,22179397,22489930
Latin America & the Caribbean (IDA & IBRD countries),TLA,"Population ages 45-49, female",SP.POP.4549.FE,19639208,19980593,20338698,20721065,21114294,21513174
Latin America & the Caribbean (IDA & IBRD countries),TLA,"Population ages 45-49, male",SP.POP.4549.MA,18527004,18820194,19138143,19494938,19868920,20252731
Latin America & the Caribbean (IDA & IBRD countries),TLA,"Population ages 50-54, female",SP.POP.5054.FE,17685460,17927164,18209985,18542575,18893702,19248353
Latin America & the Caribbean (IDA & IBRD countries),TLA,"Population ages 50-54, male",SP.POP.5054.MA,16508376,16702156,16942847,17244684,17566262,17891431
Latin America & the Caribbean (IDA & IBRD countries),TLA,"Population ages 55-59, female",SP.POP.5559.FE,15945480,16219340,16465647,16709194,16941453,17182189
Latin America & the Caribbean (IDA & IBRD countries),TLA,"Population ages 55-59, male",SP.POP.5559.MA,14636802,14852989,15057642,15279069,15493760,15714995
Latin America & the Caribbean (IDA & IBRD countries),TLA,"Population ages 60-64, female",SP.POP.6064.FE,13386009,13762544,14141962,14541310,14921566,15267321
Latin America & the Caribbean (IDA & IBRD countries),TLA,"Population ages 60-64, male",SP.POP.6064.MA,12006500,12302921,12618758,12971568,13311387,13621760
Latin America & the Caribbean (IDA & IBRD countries),TLA,"Population ages 65 and above, female",SP.POP.65UP.FE.IN,30331536,31274583,32318430,33563017,34909377,36295652
Latin America & the Caribbean (IDA & IBRD countries),TLA,"Population ages 65 and above, male",SP.POP.65UP.MA.IN,24087170,24692746,25424227,26400538,27483809,28607667
Latvia,LVA,"Population ages 10-14, male",SP.POP.1014.MA,52198,51749,51462,51240,51385,52606
Latvia,LVA,"Population ages 15-19, female",SP.POP.1519.FE,43845,44686,46432,48467,49886,50024
Latvia,LVA,"Population ages 10-14, female",SP.POP.1014.FE,49921,49252,48712,48322,48256,49196
Latvia,LVA,"Population ages 15-19, male",SP.POP.1519.MA,46115,47095,48940,50905,52134,52338
Latvia,LVA,"Population ages 20-24, female",SP.POP.2024.FE,40146,40383,41344,42659,43358,43405
Latvia,LVA,"Population ages 20-24, male",SP.POP.2024.MA,43497,43191,43710,44881,45567,45682
Latvia,LVA,"Population ages 25-29, female",SP.POP.2529.FE,53530,49184,45488,42625,40690,39748
Latvia,LVA,"Population ages 25-29, male",SP.POP.2529.MA,57476,53099,49177,46166,44180,42997
Latvia,LVA,"Population ages 30-34, female",SP.POP.3034.FE,66307,65132,63511,61240,57768,53455
Latvia,LVA,"Population ages 30-34, male",SP.POP.3034.MA,70738,69448,67936,65449,61509,57103
Latvia,LVA,"Population ages 35-39, female",SP.POP.3539.FE,64190,65192,66702,67526,67052,66319
Latvia,LVA,"Population ages 35-39, male",SP.POP.3539.MA,67105,68368,70003,71052,70894,70174
Latvia,LVA,"Population ages 40-44, female",SP.POP.4044.FE,62057,61165,61251,62253,63299,64079
Latvia,LVA,"Population ages 40-44, male",SP.POP.4044.MA,61128,60776,61389,63111,64841,66098
Latvia,LVA,"Population ages 45-49, female",SP.POP.4549.FE,67292,66088,65106,64323,63100,61813
Latvia,LVA,"Population ages 45-49, male",SP.POP.4549.MA,63850,63027,62228,61482,60470,59673
Latvia,LVA,"Population ages 50-54, female",SP.POP.5054.FE,67182,67369,67695,67849,67443,66709
Latvia,LVA,"Population ages 50-54, male",SP.POP.5054.MA,60693,60850,61491,62013,61883,61526
Latvia,LVA,"Population ages 55-59, female",SP.POP.5559.FE,73578,70838,68992,67690,66446,66016
Latvia,LVA,"Population ages 55-59, male",SP.POP.5559.MA,62239,60256,58815,58078,57397,57127
Latvia,LVA,"Population ages 60-64, female",SP.POP.6064.FE,74723,75266,75771,75565,74009,71505
Latvia,LVA,"Population ages 60-64, male",SP.POP.6064.MA,57863,58637,59199,59006,58036,56683
Latvia,LVA,"Population ages 65 and above, female",SP.POP.65UP.FE.IN,262342,261752,262454,265198,266872,268381
Latvia,LVA,"Population ages 65 and above, male",SP.POP.65UP.MA.IN,130522,131092,132438,135300,137738,140117
Least developed countries: UN classification,LDC,"Population ages 10-14, male",SP.POP.1014.MA,65599760,66884096,68045919,69107742,70167892,71255462
Least developed countries: UN classification,LDC,"Population ages 15-19, female",SP.POP.1519.FE,57824414,59113119,60296754,61383791,62431908,63447032
Least developed countries: UN classification,LDC,"Population ages 10-14, female",SP.POP.1014.FE,64041959,65091616,66065860,67036410,68062217,69153638
Least developed countries: UN classification,LDC,"Population ages 15-19, male",SP.POP.1519.MA,58084696,59424751,60820675,62203164,63547731,64840564
Least developed countries: UN classification,LDC,"Population ages 20-24, female",SP.POP.2024.FE,50850088,52105205,53295267,54483618,55675314,56851155
Least developed countries: UN classification,LDC,"Population ages 20-24, male",SP.POP.2024.MA,50113836,51073810,52163645,53452559,54837509,56282283
Least developed countries: UN classification,LDC,"Population ages 25-29, female",SP.POP.2529.FE,43697986,45167192,46533063,47731694,48866379,49974749
Least developed countries: UN classification,LDC,"Population ages 25-29, male",SP.POP.2529.MA,42667032,43899973,45048844,46108299,47153336,48230330
Least developed countries: UN classification,LDC,"Population ages 30-34, female",SP.POP.3034.FE,37187760,38090822,39061218,40214173,41499352,42880665
Least developed countries: UN classification,LDC,"Population ages 30-34, male",SP.POP.3034.MA,35893841,36794911,37696233,38754248,39934886,41210357
Least developed countries: UN classification,LDC,"Population ages 35-39, female",SP.POP.3539.FE,31709473,32812580,33835017,34749406,35591254,36416884
Least developed countries: UN classification,LDC,"Population ages 35-39, male",SP.POP.3539.MA,30455264,31509649,32397280,33181749,33960862,34767441
Least developed countries: UN classification,LDC,"Population ages 40-44, female",SP.POP.4044.FE,25812734,26579775,27509551,28621538,29784807,30953237
Least developed countries: UN classification,LDC,"Population ages 40-44, male",SP.POP.4044.MA,24851201,25825997,26774951,27721626,28673470,29616565
Least developed countries: UN classification,LDC,"Population ages 45-49, female",SP.POP.4549.FE,21522394,21989925,22524733,23200394,23962289,24817545
Least developed countries: UN classification,LDC,"Population ages 45-49, male",SP.POP.4549.MA,20359188,20940007,21540665,22235940,23031346,23908955
Least developed countries: UN classification,LDC,"Population ages 50-54, female",SP.POP.5054.FE,17794823,18274699,18801701,19382680,19960271,20545933
Least developed countries: UN classification,LDC,"Population ages 50-54, male",SP.POP.5054.MA,16671068,17173973,17683793,18207982,18736438,19282235
Least developed countries: UN classification,LDC,"Population ages 55-59, female",SP.POP.5559.FE,14459455,14783305,15188720,15691682,16226933,16788824
Least developed countries: UN classification,LDC,"Population ages 55-59, male",SP.POP.5559.MA,13332102,13690410,14086629,14533310,14999755,15486288
Least developed countries: UN classification,LDC,"Population ages 60-64, female",SP.POP.6064.FE,11501468,11771062,12097055,12497117,12899605,13311989
Least developed countries: UN classification,LDC,"Population ages 60-64, male",SP.POP.6064.MA,10356414,10645751,10955040,11297708,11647045,12005272
Least developed countries: UN classification,LDC,"Population ages 65 and above, female",SP.POP.65UP.FE.IN,21568138,22287334,23056856,23944472,24875712,25833557
Least developed countries: UN classification,LDC,"Population ages 65 and above, male",SP.POP.65UP.MA.IN,17694187,18235058,18858277,19578196,20319816,21075153
Lebanon,LBN,"Population ages 10-14, male",SP.POP.1014.MA,279382,282694,286213,288990,290242,289275
Lebanon,LBN,"Population ages 15-19, female",SP.POP.1519.FE,239366,240780,243701,247169,251772,257650
Lebanon,LBN,"Population ages 10-14, female",SP.POP.1014.FE,261979,266942,271782,275513,277403,276780
Lebanon,LBN,"Population ages 15-19, male",SP.POP.1519.MA,264625,265666,267313,268996,271473,275198
Lebanon,LBN,"Population ages 20-24, female",SP.POP.2024.FE,225191,224113,224126,224065,225072,227905
Lebanon,LBN,"Population ages 20-24, male",SP.POP.2024.MA,231871,238306,243755,247323,250210,253410
Lebanon,LBN,"Population ages 25-29, female",SP.POP.2529.FE,209962,209480,209790,209678,210064,211589
Lebanon,LBN,"Population ages 25-29, male",SP.POP.2529.MA,173765,178977,187675,197488,207951,218495
Lebanon,LBN,"Population ages 30-34, female",SP.POP.3034.FE,195727,195095,195597,196137,197135,198923
Lebanon,LBN,"Population ages 30-34, male",SP.POP.3034.MA,168772,164079,160714,158478,158759,162800
Lebanon,LBN,"Population ages 35-39, female",SP.POP.3539.FE,192307,191217,190045,188586,187651,187864
Lebanon,LBN,"Population ages 35-39, male",SP.POP.3539.MA,173350,172439,170548,167436,163922,160706
Lebanon,LBN,"Population ages 40-44, female",SP.POP.4044.FE,180763,182366,184038,185257,186146,186741
Lebanon,LBN,"Population ages 40-44, male",SP.POP.4044.MA,154517,156820,159953,162986,165576,167354
Lebanon,LBN,"Population ages 45-49, female",SP.POP.4549.FE,172440,171388,171567,172585,174237,176422
Lebanon,LBN,"Population ages 45-49, male",SP.POP.4549.MA,150819,148434,147107,146766,147529,149655
Lebanon,LBN,"Population ages 50-54, female",SP.POP.5054.FE,174946,175190,174038,172057,169946,168454
Lebanon,LBN,"Population ages 50-54, male",SP.POP.5054.MA,155575,154676,152916,150642,148156,145966
Lebanon,LBN,"Population ages 55-59, female",SP.POP.5559.FE,150142,154435,159353,164188,168107,170549
Lebanon,LBN,"Population ages 55-59, male",SP.POP.5559.MA,136078,139509,142873,146012,148217,149302
Lebanon,LBN,"Population ages 60-64, female",SP.POP.6064.FE,128098,132110,135292,138241,141304,145037
Lebanon,LBN,"Population ages 60-64, male",SP.POP.6064.MA,110192,112822,115929,119757,123722,127816
Lebanon,LBN,"Population ages 65 and above, female",SP.POP.65UP.FE.IN,289081,296562,305654,317765,330305,343130
Lebanon,LBN,"Population ages 65 and above, male",SP.POP.65UP.MA.IN,231189,235479,240847,249448,258338,267726
Lesotho,LSO,"Population ages 10-14, male",SP.POP.1014.MA,124592,127117,129797,132060,134200,136216
Lesotho,LSO,"Population ages 15-19, female",SP.POP.1519.FE,116082,117272,118078,118982,120380,122219
Lesotho,LSO,"Population ages 10-14, female",SP.POP.1014.FE,124042,126500,129093,131265,133304,135186
Lesotho,LSO,"Population ages 15-19, male",SP.POP.1519.MA,115938,117217,118137,119181,120710,122677
Lesotho,LSO,"Population ages 20-24, female",SP.POP.2024.FE,106955,107029,107751,109153,110855,112336
Lesotho,LSO,"Population ages 20-24, male",SP.POP.2024.MA,105304,105512,106449,108122,110130,111924
Lesotho,LSO,"Population ages 25-29, female",SP.POP.2529.FE,105849,104559,103715,103138,102663,102304
Lesotho,LSO,"Population ages 25-29, male",SP.POP.2529.MA,102883,101764,101057,100615,100330,100226
Lesotho,LSO,"Population ages 30-34, female",SP.POP.3034.FE,103260,104490,104558,103553,102146,100749
Lesotho,LSO,"Population ages 30-34, male",SP.POP.3034.MA,99135,100491,100653,99732,98448,97220
Lesotho,LSO,"Population ages 35-39, female",SP.POP.3539.FE,80619,84671,88685,92485,95589,97858
Lesotho,LSO,"Population ages 35-39, male",SP.POP.3539.MA,75764,79603,83511,87248,90337,92687
Lesotho,LSO,"Population ages 40-44, female",SP.POP.4044.FE,54638,58713,62904,67232,71542,75743
Lesotho,LSO,"Population ages 40-44, male",SP.POP.4044.MA,51555,54793,58190,61888,65748,69627
Lesotho,LSO,"Population ages 45-49, female",SP.POP.4549.FE,36643,38317,40599,43534,46986,50749
Lesotho,LSO,"Population ages 45-49, male",SP.POP.4549.MA,35000,36449,38314,40673,43421,46421
Lesotho,LSO,"Population ages 50-54, female",SP.POP.5054.FE,32463,32130,31932,32005,32473,33480
Lesotho,LSO,"Population ages 50-54, male",SP.POP.5054.MA,27950,28207,28509,28973,29671,30718
Lesotho,LSO,"Population ages 55-59, female",SP.POP.5559.FE,30781,30491,30138,29803,29457,29114
Lesotho,LSO,"Population ages 55-59, male",SP.POP.5559.MA,23161,23154,23185,23368,23621,23885
Lesotho,LSO,"Population ages 60-64, female",SP.POP.6064.FE,26932,27110,27136,27095,26968,26786
Lesotho,LSO,"Population ages 60-64, male",SP.POP.6064.MA,18773,18924,18975,18985,18946,18953
Lesotho,LSO,"Population ages 65 and above, female",SP.POP.65UP.FE.IN,54862,55492,56218,57322,58385,59368
Lesotho,LSO,"Population ages 65 and above, male",SP.POP.65UP.MA.IN,29847,30110,30494,31133,31755,32340
Liberia,LBR,"Population ages 10-14, male",SP.POP.1014.MA,334899,340689,346366,352092,356519,359899
Liberia,LBR,"Population ages 15-19, female",SP.POP.1519.FE,277875,287553,297914,308074,317001,324260
Liberia,LBR,"Population ages 10-14, female",SP.POP.1014.FE,327530,333047,338441,343895,348127,351352
Liberia,LBR,"Population ages 15-19, male",SP.POP.1519.MA,282743,292920,303783,314404,323725,331276
Liberia,LBR,"Population ages 20-24, female",SP.POP.2024.FE,228581,237006,245634,254397,263003,271841
Liberia,LBR,"Population ages 20-24, male",SP.POP.2024.MA,230707,239640,248715,257862,266812,275984
Liberia,LBR,"Population ages 25-29, female",SP.POP.2529.FE,187892,192608,198480,205658,213688,222155
Liberia,LBR,"Population ages 25-29, male",SP.POP.2529.MA,187263,192328,198598,206213,214699,223606
Liberia,LBR,"Population ages 30-34, female",SP.POP.3034.FE,167196,169151,171498,174484,178015,182231
Liberia,LBR,"Population ages 30-34, male",SP.POP.3034.MA,165450,167472,169891,172988,176693,181142
Liberia,LBR,"Population ages 35-39, female",SP.POP.3539.FE,148449,151464,154358,157163,159694,161959
Liberia,LBR,"Population ages 35-39, male",SP.POP.3539.MA,145964,149058,152013,154873,157450,159758
Liberia,LBR,"Population ages 40-44, female",SP.POP.4044.FE,125189,129209,133033,136665,140026,143268
Liberia,LBR,"Population ages 40-44, male",SP.POP.4044.MA,121636,125811,129747,133472,136924,140254
Liberia,LBR,"Population ages 45-49, female",SP.POP.4549.FE,100416,103741,107453,111469,115702,119953
Liberia,LBR,"Population ages 45-49, male",SP.POP.4549.MA,94775,98479,102529,106844,111322,115760
Liberia,LBR,"Population ages 50-54, female",SP.POP.5054.FE,83912,85634,87492,89707,92179,95006
Liberia,LBR,"Population ages 50-54, male",SP.POP.5054.MA,76356,78122,80168,82668,85489,88689
Liberia,LBR,"Population ages 55-59, female",SP.POP.5559.FE,68430,70343,72239,74181,76100,77923
Liberia,LBR,"Population ages 55-59, male",SP.POP.5559.MA,61221,62855,64517,66241,67989,69723
Liberia,LBR,"Population ages 60-64, female",SP.POP.6064.FE,52594,54275,56034,57914,59804,61665
Liberia,LBR,"Population ages 60-64, male",SP.POP.6064.MA,46250,47616,49098,50682,52274,53845
Liberia,LBR,"Population ages 65 and above, female",SP.POP.65UP.FE.IN,88988,91473,94172,97145,100228,103407
Liberia,LBR,"Population ages 65 and above, male",SP.POP.65UP.MA.IN,76894,78556,80597,82892,85275,87725
Libya,LBY,"Population ages 10-14, male",SP.POP.1014.MA,354169,358582,360736,360787,362152,362812
Libya,LBY,"Population ages 15-19, female",SP.POP.1519.FE,304097,311464,318343,323952,328295,332647
Libya,LBY,"Population ages 10-14, female",SP.POP.1014.FE,333612,338623,341467,341955,343376,344058
Libya,LBY,"Population ages 15-19, male",SP.POP.1519.MA,321238,329930,337967,344247,348876,353064
Libya,LBY,"Population ages 20-24, female",SP.POP.2024.FE,274143,278508,283320,288675,295347,303076
Libya,LBY,"Population ages 20-24, male",SP.POP.2024.MA,286655,291173,296598,302882,310610,319537
Libya,LBY,"Population ages 25-29, female",SP.POP.2529.FE,256226,258067,260987,264467,268304,272405
Libya,LBY,"Population ages 25-29, male",SP.POP.2529.MA,270462,271617,273735,276587,280026,283900
Libya,LBY,"Population ages 30-34, female",SP.POP.3034.FE,260071,257926,256089,254421,253647,254170
Libya,LBY,"Population ages 30-34, male",SP.POP.3034.MA,273687,271381,269591,268159,267408,267504
Libya,LBY,"Population ages 35-39, female",SP.POP.3539.FE,269517,266386,263261,261287,259754,257585
Libya,LBY,"Population ages 35-39, male",SP.POP.3539.MA,285332,280882,276795,274326,272662,270363
Libya,LBY,"Population ages 40-44, female",SP.POP.4044.FE,270539,273262,274421,272944,269384,266162
Libya,LBY,"Population ages 40-44, male",SP.POP.4044.MA,284860,288973,290556,289120,285271,280874
Libya,LBY,"Population ages 45-49, female",SP.POP.4549.FE,234994,242699,249717,255444,261063,265813
Libya,LBY,"Population ages 45-49, male",SP.POP.4549.MA,245520,252412,259212,265931,272460,278435
Libya,LBY,"Population ages 50-54, female",SP.POP.5054.FE,184441,194995,205599,215330,222461,229053
Libya,LBY,"Population ages 50-54, male",SP.POP.5054.MA,184697,196745,208861,220247,229462,236991
Libya,LBY,"Population ages 55-59, female",SP.POP.5559.FE,131800,139806,147919,156531,166884,177733
Libya,LBY,"Population ages 55-59, male",SP.POP.5559.MA,130756,137874,145388,153467,163413,174829
Libya,LBY,"Population ages 60-64, female",SP.POP.6064.FE,87290,94703,102540,110748,117906,124788
Libya,LBY,"Population ages 60-64, male",SP.POP.6064.MA,85943,93123,100349,107766,114004,119997
Libya,LBY,"Population ages 65 and above, female",SP.POP.65UP.FE.IN,175054,179580,185528,193045,200367,209060
Libya,LBY,"Population ages 65 and above, male",SP.POP.65UP.MA.IN,152308,153790,157506,163335,170101,178156
Liechtenstein,LIE,"Population ages 10-14, male",SP.POP.1014.MA,1019,1024,1029,1028,1021,1020
Liechtenstein,LIE,"Population ages 15-19, female",SP.POP.1519.FE,962,972,973,964,961,946
Liechtenstein,LIE,"Population ages 10-14, female",SP.POP.1014.FE,902,892,902,912,909,892
Liechtenstein,LIE,"Population ages 15-19, male",SP.POP.1519.MA,1008,997,1000,1020,1050,1061
Liechtenstein,LIE,"Population ages 20-24, female",SP.POP.2024.FE,1105,1084,1076,1065,1058,1070
Liechtenstein,LIE,"Population ages 20-24, male",SP.POP.2024.MA,1084,1071,1068,1066,1088,1109
Liechtenstein,LIE,"Population ages 25-29, female",SP.POP.2529.FE,1143,1144,1154,1161,1177,1193
Liechtenstein,LIE,"Population ages 25-29, male",SP.POP.2529.MA,1176,1190,1207,1214,1187,1164
Liechtenstein,LIE,"Population ages 30-34, female",SP.POP.3034.FE,1224,1237,1219,1224,1227,1212
Liechtenstein,LIE,"Population ages 30-34, male",SP.POP.3034.MA,1225,1240,1258,1255,1238,1243
Liechtenstein,LIE,"Population ages 35-39, female",SP.POP.3539.FE,1257,1279,1311,1316,1295,1285
Liechtenstein,LIE,"Population ages 35-39, male",SP.POP.3539.MA,1260,1252,1225,1241,1279,1279
Liechtenstein,LIE,"Population ages 40-44, female",SP.POP.4044.FE,1269,1253,1257,1276,1291,1297
Liechtenstein,LIE,"Population ages 40-44, male",SP.POP.4044.MA,1296,1304,1302,1305,1304,1302
Liechtenstein,LIE,"Population ages 45-49, female",SP.POP.4549.FE,1468,1443,1389,1339,1309,1291
Liechtenstein,LIE,"Population ages 45-49, male",SP.POP.4549.MA,1402,1360,1368,1354,1324,1323
Liechtenstein,LIE,"Population ages 50-54, female",SP.POP.5054.FE,1624,1608,1592,1558,1509,1485
Liechtenstein,LIE,"Population ages 50-54, male",SP.POP.5054.MA,1597,1599,1574,1539,1496,1419
Liechtenstein,LIE,"Population ages 55-59, female",SP.POP.5559.FE,1611,1615,1630,1652,1643,1615
Liechtenstein,LIE,"Population ages 55-59, male",SP.POP.5559.MA,1557,1574,1565,1565,1573,1584
Liechtenstein,LIE,"Population ages 60-64, female",SP.POP.6064.FE,1378,1431,1474,1522,1576,1598
Liechtenstein,LIE,"Population ages 60-64, male",SP.POP.6064.MA,1328,1374,1412,1461,1500,1529
Liechtenstein,LIE,"Population ages 65 and above, female",SP.POP.65UP.FE.IN,3875,3991,4133,4284,4436,4600
Liechtenstein,LIE,"Population ages 65 and above, male",SP.POP.65UP.MA.IN,3382,3485,3618,3751,3880,4032
Lithuania,LTU,"Population ages 10-14, male",SP.POP.1014.MA,68641,70757,73329,75140,75123,75099
Lithuania,LTU,"Population ages 15-19, female",SP.POP.1519.FE,62903,62602,65298,68680,69480,68992
Lithuania,LTU,"Population ages 10-14, female",SP.POP.1014.FE,65612,67397,69686,71610,71690,71506
Lithuania,LTU,"Population ages 15-19, male",SP.POP.1519.MA,66168,65618,67880,70872,71742,71593
Lithuania,LTU,"Population ages 20-24, female",SP.POP.2024.FE,73503,72642,74825,78108,76961,72752
Lithuania,LTU,"Population ages 20-24, male",SP.POP.2024.MA,79411,78256,79471,81694,79719,75148
Lithuania,LTU,"Population ages 25-29, female",SP.POP.2529.FE,86965,85418,86225,88515,88462,85831
Lithuania,LTU,"Population ages 25-29, male",SP.POP.2529.MA,97038,95310,94707,95939,94899,91361
Lithuania,LTU,"Population ages 30-34, female",SP.POP.3034.FE,89002,90758,94715,99179,99631,96916
Lithuania,LTU,"Population ages 30-34, male",SP.POP.3034.MA,101466,104983,108459,112112,111390,107445
Lithuania,LTU,"Population ages 35-39, female",SP.POP.3539.FE,82795,85515,90101,94303,95364,95466
Lithuania,LTU,"Population ages 35-39, male",SP.POP.3539.MA,92538,97309,102642,107372,108552,108750
Lithuania,LTU,"Population ages 40-44, female",SP.POP.4044.FE,85057,83276,83097,84501,85465,86443
Lithuania,LTU,"Population ages 40-44, male",SP.POP.4044.MA,88689,89507,90522,93122,95122,96585
Lithuania,LTU,"Population ages 45-49, female",SP.POP.4549.FE,98115,95413,93323,91860,89395,86553
Lithuania,LTU,"Population ages 45-49, male",SP.POP.4549.MA,95489,94214,93128,92760,91395,89968
Lithuania,LTU,"Population ages 50-54, female",SP.POP.5054.FE,105068,104878,104594,103488,100839,97798
Lithuania,LTU,"Population ages 50-54, male",SP.POP.5054.MA,96276,97015,97796,97933,96138,93666
Lithuania,LTU,"Population ages 55-59, female",SP.POP.5559.FE,115277,111612,108795,107061,104865,103288
Lithuania,LTU,"Population ages 55-59, male",SP.POP.5559.MA,99245,96959,94991,93773,92285,91312
Lithuania,LTU,"Population ages 60-64, female",SP.POP.6064.FE,112904,116675,119023,118647,115462,111440
Lithuania,LTU,"Population ages 60-64, male",SP.POP.6064.MA,87381,90989,93529,93981,92447,90252
Lithuania,LTU,"Population ages 65 and above, female",SP.POP.65UP.FE.IN,368770,369413,371017,374948,377152,380093
Lithuania,LTU,"Population ages 65 and above, male",SP.POP.65UP.MA.IN,188367,189270,191368,195239,198670,202655
Low & middle income,LMY,"Population ages 10-14, male",SP.POP.1014.MA,298678627,302367636,305991182,308976208,310887613,312046595
Low & middle income,LMY,"Population ages 15-19, female",SP.POP.1519.FE,263882143,265954854,268338448,271128725,274412459,277800972
Low & middle income,LMY,"Population ages 10-14, female",SP.POP.1014.FE,279463610,282838883,286200158,289104017,291142338,292571358
Low & middle income,LMY,"Population ages 15-19, male",SP.POP.1519.MA,281069398,283157064,285786978,288981251,292713965,296534080
Low & middle income,LMY,"Population ages 20-24, female",SP.POP.2024.FE,252418436,254229010,255902060,257601427,259488676,261236046
Low & middle income,LMY,"Population ages 20-24, male",SP.POP.2024.MA,267557074,269246222,270874630,272667057,274759922,276783029
Low & middle income,LMY,"Population ages 25-29, female",SP.POP.2529.FE,248188631,247322598,247503429,247860477,248537635,249776618
Low & middle income,LMY,"Population ages 25-29, male",SP.POP.2529.MA,261036311,260100659,260286375,260703317,261484927,262919911
Low & middle income,LMY,"Population ages 30-34, female",SP.POP.3034.FE,246882661,249184432,248972902,248133693,247074458,245458831
Low & middle income,LMY,"Population ages 30-34, male",SP.POP.3034.MA,257341736,260152558,260108507,259295785,258269083,256680122
Low & middle income,LMY,"Population ages 35-39, female",SP.POP.3539.FE,221479589,226442888,231029325,235426883,239878776,244032302
Low & middle income,LMY,"Population ages 35-39, male",SP.POP.3539.MA,228239226,233545285,238433779,243226602,248201878,252970588
Low & middle income,LMY,"Population ages 40-44, female",SP.POP.4044.FE,194630146,198283336,203231177,208611122,213546958,218487036
Low & middle income,LMY,"Population ages 40-44, male",SP.POP.4044.MA,198478739,202689994,208032025,213624288,218703955,223793166
Low & middle income,LMY,"Population ages 45-49, female",SP.POP.4549.FE,187945308,187623973,187316883,187308058,188421089,191062766
Low & middle income,LMY,"Population ages 45-49, male",SP.POP.4549.MA,189082108,188964237,188862143,189050419,190405791,193347168
Low & middle income,LMY,"Population ages 50-54, female",SP.POP.5054.FE,173515182,176645111,179769530,182170902,183339785,183640832
Low & middle income,LMY,"Population ages 50-54, male",SP.POP.5054.MA,171849436,175117876,178337149,180832363,182105288,182489269
Low & middle income,LMY,"Population ages 55-59, female",SP.POP.5559.FE,147870040,155049666,159856118,162126767,164651240,167919532
Low & middle income,LMY,"Population ages 55-59, male",SP.POP.5559.MA,143511280,150552320,155231544,157409298,159882756,163167908
Low & middle income,LMY,"Population ages 60-64, female",SP.POP.6064.FE,119781346,119646731,121127524,126279533,133425494,140690207
Low & middle income,LMY,"Population ages 60-64, male",SP.POP.6064.MA,112475619,112311582,113776189,118816113,125719988,132673501
Low & middle income,LMY,"Population ages 65 and above, female",SP.POP.65UP.FE.IN,262890313,272483276,282333826,293195337,303250053,312771703
Low & middle income,LMY,"Population ages 65 and above, male",SP.POP.65UP.MA.IN,214986154,222459140,230458640,239267262,247181979,254677427
Low income,LIC,"Population ages 10-14, male",SP.POP.1014.MA,43005913,43992106,44915228,45796045,46658805,47532370
Low income,LIC,"Population ages 15-19, female",SP.POP.1519.FE,36797543,37781841,38755574,39765218,40762653,41726437
Low income,LIC,"Population ages 10-14, female",SP.POP.1014.FE,42106946,43063055,43961009,44817805,45654821,46502952
Low income,LIC,"Population ages 15-19, male",SP.POP.1519.MA,37436385,38440158,39432691,40465258,41498572,42502415
Low income,LIC,"Population ages 20-24, female",SP.POP.2024.FE,31471198,32434452,33416758,34462518,35465127,36407992
Low income,LIC,"Population ages 20-24, male",SP.POP.2024.MA,31842928,32801991,33768830,34802960,35816140,36786272
Low income,LIC,"Population ages 25-29, female",SP.POP.2529.FE,26311095,27278840,28228425,29193048,30167470,31143430
Low income,LIC,"Population ages 25-29, male",SP.POP.2529.MA,26355993,27345349,28302765,29270803,30256390,31247922
Low income,LIC,"Population ages 30-34, female",SP.POP.3034.FE,21739654,22496072,23280007,24148723,25051945,25995637
Low income,LIC,"Population ages 30-34, male",SP.POP.3034.MA,21492983,22262979,23058153,23944293,24875436,25851356
Low income,LIC,"Population ages 35-39, female",SP.POP.3539.FE,17892787,18510918,19172664,19901577,20656504,21418463
Low income,LIC,"Population ages 35-39, male",SP.POP.3539.MA,17491887,18098218,18748873,19476473,20240266,21017256
Low income,LIC,"Population ages 40-44, female",SP.POP.4044.FE,14769027,15294068,15830634,16387310,16954114,17543461
Low income,LIC,"Population ages 40-44, male",SP.POP.4044.MA,14258398,14783591,15315834,15869739,16430095,17010025
Low income,LIC,"Population ages 45-49, female",SP.POP.4549.FE,12475359,12773891,13080757,13451287,13898511,14396257
Low income,LIC,"Population ages 45-49, male",SP.POP.4549.MA,11832673,12123515,12423746,12794595,13247330,13750456
Low income,LIC,"Population ages 50-54, female",SP.POP.5054.FE,10474762,10819455,11144757,11455890,11751508,12050650
Low income,LIC,"Population ages 50-54, male",SP.POP.5054.MA,9705301,10040234,10357935,10665775,10958913,11253020
Low income,LIC,"Population ages 55-59, female",SP.POP.5559.FE,8358865,8647143,8961251,9294181,9633592,9984271
Low income,LIC,"Population ages 55-59, male",SP.POP.5559.MA,7491892,7761328,8061913,8384513,8714335,9054077
Low income,LIC,"Population ages 60-64, female",SP.POP.6064.FE,6555078,6800198,7034250,7271535,7526090,7796152
Low income,LIC,"Population ages 60-64, male",SP.POP.6064.MA,5713300,5910889,6106639,6311846,6539137,6786073
Low income,LIC,"Population ages 65 and above, female",SP.POP.65UP.FE.IN,12065669,12453790,12875368,13374804,13906443,14455731
Low income,LIC,"Population ages 65 and above, male",SP.POP.65UP.MA.IN,9440892,9728440,10061363,10457645,10877079,11309093
Lower middle income,LMC,"Population ages 10-14, male",SP.POP.1014.MA,153793810,155322137,156728804,157754776,158161920,158216604
Lower middle income,LMC,"Population ages 15-19, female",SP.POP.1519.FE,138531143,139531688,140376600,141231238,142333844,143577518
Lower middle income,LMC,"Population ages 10-14, female",SP.POP.1014.FE,144652630,145949160,147190480,148203787,148721503,148957424
Lower middle income,LMC,"Population ages 15-19, male",SP.POP.1519.MA,146559160,147515017,148498329,149606599,150984178,152509379
Lower middle income,LMC,"Population ages 20-24, female",SP.POP.2024.FE,129178429,130928612,132577416,134066460,135456075,136571038
Lower middle income,LMC,"Population ages 20-24, male",SP.POP.2024.MA,136068878,137620687,139179412,140700870,142205972,143516977
Lower middle income,LMC,"Population ages 25-29, female",SP.POP.2529.FE,121084257,122427294,123605769,124642858,125771333,127062742
Lower middle income,LMC,"Population ages 25-29, male",SP.POP.2529.MA,126673874,127956950,129061852,130072519,131222176,132604604
Lower middle income,LMC,"Population ages 30-34, female",SP.POP.3034.FE,112385285,113880013,115236837,116568356,117855459,119097346
Lower middle income,LMC,"Population ages 30-34, male",SP.POP.3034.MA,116908257,118499824,119850112,121119185,122394801,123691039
Lower middle income,LMC,"Population ages 35-39, female",SP.POP.3539.FE,100770209,103317920,105555988,107418910,109060531,110566446
Lower middle income,LMC,"Population ages 35-39, male",SP.POP.3539.MA,104584001,107155131,109310900,111087769,112703189,114249777
Lower middle income,LMC,"Population ages 40-44, female",SP.POP.4044.FE,86173099,88341426,90757363,93480507,96281930,98981019
Lower middle income,LMC,"Population ages 40-44, male",SP.POP.4044.MA,89113602,91628756,94172896,96824040,99522642,102099803
Lower middle income,LMC,"Population ages 45-49, female",SP.POP.4549.FE,74612679,76266275,77986724,79850530,81849415,84027700
Lower middle income,LMC,"Population ages 45-49, male",SP.POP.4549.MA,76157138,77991872,79855503,81832392,83959059,86279832
Lower middle income,LMC,"Population ages 50-54, female",SP.POP.5054.FE,64350271,65701684,67206679,68858548,70542348,72269608
Lower middle income,LMC,"Population ages 50-54, male",SP.POP.5054.MA,64852586,66253982,67774620,69414000,71112515,72880822
Lower middle income,LMC,"Population ages 55-59, female",SP.POP.5559.FE,55226567,56258468,57344791,58609771,59953298,61369975
Lower middle income,LMC,"Population ages 55-59, male",SP.POP.5559.MA,54771014,55805435,56860051,58068085,59345562,60707995
Lower middle income,LMC,"Population ages 60-64, female",SP.POP.6064.FE,45414694,46452962,47558305,48860245,50167423,51442131
Lower middle income,LMC,"Population ages 60-64, male",SP.POP.6064.MA,43813213,44819911,45886219,47138174,48413537,49647034
Lower middle income,LMC,"Population ages 65 and above, female",SP.POP.65UP.FE.IN,87048268,89748906,92730731,96538210,100493031,104574321
Lower middle income,LMC,"Population ages 65 and above, male",SP.POP.65UP.MA.IN,74303445,76541750,79179973,82588117,86086999,89680061
Luxembourg,LUX,"Population ages 10-14, male",SP.POP.1014.MA,17164,17408,17797,18221,18484,18706
Luxembourg,LUX,"Population ages 15-19, female",SP.POP.1519.FE,15991,15945,16236,16652,16986,17452
Luxembourg,LUX,"Population ages 10-14, female",SP.POP.1014.FE,16321,16613,16873,17284,17536,17669
Luxembourg,LUX,"Population ages 15-19, male",SP.POP.1519.MA,17207,17306,17618,17906,18129,18395
Luxembourg,LUX,"Population ages 20-24, female",SP.POP.2024.FE,18765,18787,18845,18507,18114,18105
Luxembourg,LUX,"Population ages 20-24, male",SP.POP.2024.MA,19857,19942,19974,19698,19333,19458
Luxembourg,LUX,"Population ages 25-29, female",SP.POP.2529.FE,23153,23501,24115,24174,23464,22707
Luxembourg,LUX,"Population ages 25-29, male",SP.POP.2529.MA,24428,24681,25425,25567,24881,24278
Luxembourg,LUX,"Population ages 30-34, female",SP.POP.3034.FE,24803,25222,25832,26316,26247,26163
Luxembourg,LUX,"Population ages 30-34, male",SP.POP.3034.MA,25421,26246,26989,27608,27696,27472
Luxembourg,LUX,"Population ages 35-39, female",SP.POP.3539.FE,24476,24786,25347,26012,26423,26777
Luxembourg,LUX,"Population ages 35-39, male",SP.POP.3539.MA,24779,25098,25765,26460,26950,27496
Luxembourg,LUX,"Population ages 40-44, female",SP.POP.4044.FE,23517,24030,24643,25279,25592,25767
Luxembourg,LUX,"Population ages 40-44, male",SP.POP.4044.MA,24082,24580,25086,25686,26057,26205
Luxembourg,LUX,"Population ages 45-49, female",SP.POP.4549.FE,22507,22551,22868,23518,24007,24383
Luxembourg,LUX,"Population ages 45-49, male",SP.POP.4549.MA,23664,23719,23857,24248,24543,24866
Luxembourg,LUX,"Population ages 50-54, female",SP.POP.5054.FE,22561,22711,22860,23012,23062,23097
Luxembourg,LUX,"Population ages 50-54, male",SP.POP.5054.MA,24393,24366,24368,24296,24130,24091
Luxembourg,LUX,"Population ages 55-59, female",SP.POP.5559.FE,20778,21217,21633,22168,22500,22720
Luxembourg,LUX,"Population ages 55-59, male",SP.POP.5559.MA,22395,23056,23553,24089,24415,24381
Luxembourg,LUX,"Population ages 60-64, female",SP.POP.6064.FE,17232,17757,18407,19245,20028,20684
Luxembourg,LUX,"Population ages 60-64, male",SP.POP.6064.MA,17755,18379,19042,19889,20818,21710
Luxembourg,LUX,"Population ages 65 and above, female",SP.POP.65UP.FE.IN,50252,51426,52820,54650,56351,57899
Luxembourg,LUX,"Population ages 65 and above, male",SP.POP.65UP.MA.IN,41696,42762,44116,46023,47965,49810
"Macao SAR, China",MAC,"Population ages 10-14, male",SP.POP.1014.MA,13918,14217,14827,16002,16952,17946
"Macao SAR, China",MAC,"Population ages 15-19, female",SP.POP.1519.FE,16434,14942,13803,13726,13932,14057
"Macao SAR, China",MAC,"Population ages 10-14, female",SP.POP.1014.FE,13705,14040,14542,15217,15787,16709
"Macao SAR, China",MAC,"Population ages 15-19, male",SP.POP.1519.MA,14636,13763,13171,13238,13430,13731
"Macao SAR, China",MAC,"Population ages 20-24, female",SP.POP.2024.FE,22943,23108,22988,22300,20604,18818
"Macao SAR, China",MAC,"Population ages 20-24, male",SP.POP.2024.MA,20565,19761,18688,17714,16520,15531
"Macao SAR, China",MAC,"Population ages 25-29, female",SP.POP.2529.FE,31671,29674,28018,26990,25623,24887
"Macao SAR, China",MAC,"Population ages 25-29, male",SP.POP.2529.MA,27843,26381,24829,23513,21921,20829
"Macao SAR, China",MAC,"Population ages 30-34, female",SP.POP.3034.FE,38044,37621,36822,36093,34377,32341
"Macao SAR, China",MAC,"Population ages 30-34, male",SP.POP.3034.MA,33487,33068,32272,31106,28978,27278
"Macao SAR, China",MAC,"Population ages 35-39, female",SP.POP.3539.FE,32835,34316,35571,36708,36904,37149
"Macao SAR, China",MAC,"Population ages 35-39, male",SP.POP.3539.MA,27553,28758,29804,31055,31679,32033
"Macao SAR, China",MAC,"Population ages 40-44, female",SP.POP.4044.FE,26724,27154,28087,29576,30457,31764
"Macao SAR, China",MAC,"Population ages 40-44, male",SP.POP.4044.MA,20659,21026,21832,23197,24492,26096
"Macao SAR, China",MAC,"Population ages 45-49, female",SP.POP.4549.FE,30231,29348,28043,26545,25370,25632
"Macao SAR, China",MAC,"Population ages 45-49, male",SP.POP.4549.MA,24171,23855,23396,21239,19136,19447
"Macao SAR, China",MAC,"Population ages 50-54, female",SP.POP.5054.FE,27437,27333,27369,28125,28510,28498
"Macao SAR, China",MAC,"Population ages 50-54, male",SP.POP.5054.MA,17834,17637,17955,20267,22160,22402
"Macao SAR, China",MAC,"Population ages 55-59, female",SP.POP.5559.FE,28605,28198,27271,26517,25710,25589
"Macao SAR, China",MAC,"Population ages 55-59, male",SP.POP.5559.MA,22119,20888,19297,17944,16838,16412
"Macao SAR, China",MAC,"Population ages 60-64, female",SP.POP.6064.FE,23425,23642,23986,24860,25623,26404
"Macao SAR, China",MAC,"Population ages 60-64, male",SP.POP.6064.MA,22143,21557,21108,20914,20396,20052
"Macao SAR, China",MAC,"Population ages 65 and above, female",SP.POP.65UP.FE.IN,40438,42678,44799,47559,49947,53100
"Macao SAR, China",MAC,"Population ages 65 and above, male",SP.POP.65UP.MA.IN,37092,39451,41503,43940,45940,48446
Madagascar,MDG,"Population ages 10-14, male",SP.POP.1014.MA,1780607,1818679,1850977,1879185,1903400,1925405
Madagascar,MDG,"Population ages 15-19, female",SP.POP.1519.FE,1556648,1584398,1615655,1650994,1689273,1728090
Madagascar,MDG,"Population ages 10-14, female",SP.POP.1014.FE,1745272,1781029,1810896,1836717,1858787,1878986
Madagascar,MDG,"Population ages 15-19, male",SP.POP.1519.MA,1583546,1611500,1643311,1679644,1719525,1760470
Madagascar,MDG,"Population ages 20-24, female",SP.POP.2024.FE,1403133,1437541,1466006,1489786,1511382,1533959
Madagascar,MDG,"Population ages 20-24, male",SP.POP.2024.MA,1423636,1458067,1486156,1509271,1530569,1553488
Madagascar,MDG,"Population ages 25-29, female",SP.POP.2529.FE,1146506,1194043,1243738,1294018,1341621,1382846
Madagascar,MDG,"Population ages 25-29, male",SP.POP.2529.MA,1158673,1206100,1255634,1305888,1353601,1395065
Madagascar,MDG,"Population ages 30-34, female",SP.POP.3034.FE,927530,962223,1000228,1040255,1082943,1128308
Madagascar,MDG,"Population ages 30-34, male",SP.POP.3034.MA,934578,969186,1007017,1046996,1089772,1135075
Madagascar,MDG,"Population ages 35-39, female",SP.POP.3539.FE,792647,811498,831307,853959,880318,910631
Madagascar,MDG,"Population ages 35-39, male",SP.POP.3539.MA,793318,813161,833755,856791,883139,913270
Madagascar,MDG,"Population ages 40-44, female",SP.POP.4044.FE,683868,702869,720887,738462,756008,774438
Madagascar,MDG,"Population ages 40-44, male",SP.POP.4044.MA,679398,698211,716177,734053,752212,771458
Madagascar,MDG,"Population ages 45-49, female",SP.POP.4549.FE,564575,584386,603906,623897,644316,664490
Madagascar,MDG,"Population ages 45-49, male",SP.POP.4549.MA,557254,576778,596010,615745,635933,655882
Madagascar,MDG,"Population ages 50-54, female",SP.POP.5054.FE,444881,463412,483006,503299,523741,543951
Madagascar,MDG,"Population ages 50-54, male",SP.POP.5054.MA,434299,452295,471359,491179,511224,531088
Madagascar,MDG,"Population ages 55-59, female",SP.POP.5559.FE,356936,366560,377639,390749,405832,422604
Madagascar,MDG,"Population ages 55-59, male",SP.POP.5559.MA,342717,351884,362626,375388,390066,406350
Madagascar,MDG,"Population ages 60-64, female",SP.POP.6064.FE,289892,298185,306325,314558,322900,331626
Madagascar,MDG,"Population ages 60-64, male",SP.POP.6064.MA,272356,280017,287787,295668,303689,312082
Madagascar,MDG,"Population ages 65 and above, female",SP.POP.65UP.FE.IN,489583,510801,533109,557260,582514,608066
Madagascar,MDG,"Population ages 65 and above, male",SP.POP.65UP.MA.IN,423486,441482,461467,483175,505942,528985
Malawi,MWI,"Population ages 10-14, male",SP.POP.1014.MA,1316563,1343619,1364906,1382073,1395700,1405288
Malawi,MWI,"Population ages 15-19, female",SP.POP.1519.FE,1121233,1166796,1212946,1256935,1296125,1328409
Malawi,MWI,"Population ages 10-14, female",SP.POP.1014.FE,1334601,1360187,1379574,1394495,1405703,1412917
Malawi,MWI,"Population ages 15-19, male",SP.POP.1519.MA,1102717,1147270,1192430,1235749,1274895,1307932
Malawi,MWI,"Population ages 20-24, female",SP.POP.2024.FE,936381,966798,999504,1033948,1070911,1111683
Malawi,MWI,"Population ages 20-24, male",SP.POP.2024.MA,913488,945754,978903,1012743,1048560,1088128
Malawi,MWI,"Population ages 25-29, female",SP.POP.2529.FE,808763,828106,848950,872687,899694,928430
Malawi,MWI,"Population ages 25-29, male",SP.POP.2529.MA,749894,777164,805196,835349,867533,899765
Malawi,MWI,"Population ages 30-34, female",SP.POP.3034.FE,714939,731384,748311,764722,781788,800858
Malawi,MWI,"Population ages 30-34, male",SP.POP.3034.MA,616391,636356,659182,683104,708727,736419
Malawi,MWI,"Population ages 35-39, female",SP.POP.3539.FE,604276,628630,649301,668952,688204,705759
Malawi,MWI,"Population ages 35-39, male",SP.POP.3539.MA,536682,545973,555151,567704,583796,601718
Malawi,MWI,"Population ages 40-44, female",SP.POP.4044.FE,418683,456061,494395,531218,564554,593647
Malawi,MWI,"Population ages 40-44, male",SP.POP.4044.MA,427096,451316,473289,491993,506996,519175
Malawi,MWI,"Population ages 45-49, female",SP.POP.4549.FE,289203,302971,321306,345090,374408,408476
Malawi,MWI,"Population ages 45-49, male",SP.POP.4549.MA,290286,311409,333756,357676,382755,408104
Malawi,MWI,"Population ages 50-54, female",SP.POP.5054.FE,248517,252857,256933,261994,269019,279034
Malawi,MWI,"Population ages 50-54, male",SP.POP.5054.MA,197899,208527,221068,236009,253216,272420
Malawi,MWI,"Population ages 55-59, female",SP.POP.5559.FE,199994,208941,216957,224231,230626,236082
Malawi,MWI,"Population ages 55-59, male",SP.POP.5559.MA,151648,155123,159370,165003,172250,181147
Malawi,MWI,"Population ages 60-64, female",SP.POP.6064.FE,138443,146961,156155,166053,176041,185544
Malawi,MWI,"Population ages 60-64, male",SP.POP.6064.MA,115812,119389,122945,126627,130253,133766
Malawi,MWI,"Population ages 65 and above, female",SP.POP.65UP.FE.IN,310536,312584,315905,321795,329817,339440
Malawi,MWI,"Population ages 65 and above, male",SP.POP.65UP.MA.IN,218373,219422,221601,225353,230214,235642
Malaysia,MYS,"Population ages 10-14, male",SP.POP.1014.MA,1416997,1416746,1426830,1441723,1454940,1466501
Malaysia,MYS,"Population ages 15-19, female",SP.POP.1519.FE,1399590,1390931,1379545,1364616,1347858,1339394
Malaysia,MYS,"Population ages 10-14, female",SP.POP.1014.FE,1306838,1307288,1314542,1326033,1339106,1354762
Malaysia,MYS,"Population ages 15-19, male",SP.POP.1519.MA,1567516,1543952,1517346,1488183,1460300,1446877
Malaysia,MYS,"Population ages 20-24, female",SP.POP.2024.FE,1386400,1407217,1429161,1448670,1470114,1486213
Malaysia,MYS,"Population ages 20-24, male",SP.POP.2024.MA,1636209,1633132,1632206,1633141,1641975,1648275
Malaysia,MYS,"Population ages 25-29, female",SP.POP.2529.FE,1382304,1390208,1405542,1424674,1443532,1462254
Malaysia,MYS,"Population ages 25-29, male",SP.POP.2529.MA,1691322,1695368,1701435,1706396,1707100,1704812
Malaysia,MYS,"Population ages 30-34, female",SP.POP.3034.FE,1395281,1406939,1418818,1428885,1434297,1435416
Malaysia,MYS,"Population ages 30-34, male",SP.POP.3034.MA,1661011,1684008,1706291,1724590,1735208,1737433
Malaysia,MYS,"Population ages 35-39, female",SP.POP.3539.FE,1297528,1338202,1372501,1399132,1417108,1428072
Malaysia,MYS,"Population ages 35-39, male",SP.POP.3539.MA,1528228,1569863,1606493,1638431,1664463,1685561
Malaysia,MYS,"Population ages 40-44, female",SP.POP.4044.FE,1067185,1112498,1164003,1217830,1268941,1314310
Malaysia,MYS,"Population ages 40-44, male",SP.POP.4044.MA,1234548,1299003,1365689,1429942,1486732,1534081
Malaysia,MYS,"Population ages 45-49, female",SP.POP.4549.FE,916165,940899,968368,999467,1034014,1072666
Malaysia,MYS,"Population ages 45-49, male",SP.POP.4549.MA,997384,1031080,1070224,1116408,1168956,1227212
Malaysia,MYS,"Population ages 50-54, female",SP.POP.5054.FE,807122,823931,843181,864893,887963,911722
Malaysia,MYS,"Population ages 50-54, male",SP.POP.5054.MA,842939,863752,888903,917795,947846,978642
Malaysia,MYS,"Population ages 55-59, female",SP.POP.5559.FE,723233,737104,749573,762460,776574,792349
Malaysia,MYS,"Population ages 55-59, male",SP.POP.5559.MA,751371,761123,769549,779943,793558,811058
Malaysia,MYS,"Population ages 60-64, female",SP.POP.6064.FE,595661,617267,639275,661235,681344,698787
Malaysia,MYS,"Population ages 60-64, male",SP.POP.6064.MA,609231,630568,652045,673341,691655,705963
Malaysia,MYS,"Population ages 65 and above, female",SP.POP.65UP.FE.IN,1178846,1235267,1292580,1358548,1429512,1502926
Malaysia,MYS,"Population ages 65 and above, male",SP.POP.65UP.MA.IN,1100195,1150310,1200512,1258773,1321888,1387239
Maldives,MDV,"Population ages 10-14, male",SP.POP.1014.MA,18615,19804,20733,21179,21179,20821
Maldives,MDV,"Population ages 15-19, female",SP.POP.1519.FE,13027,13184,13563,14164,15052,16076
Maldives,MDV,"Population ages 10-14, female",SP.POP.1014.FE,16067,16952,17612,17926,17958,17778
Maldives,MDV,"Population ages 15-19, male",SP.POP.1519.MA,17207,16599,16295,16455,17301,18547
Maldives,MDV,"Population ages 20-24, female",SP.POP.2024.FE,15898,15083,14177,13312,12864,12881
Maldives,MDV,"Population ages 20-24, male",SP.POP.2024.MA,31482,29424,26014,22052,19135,17332
Maldives,MDV,"Population ages 25-29, female",SP.POP.2529.FE,20050,19813,19157,18053,16838,15621
Maldives,MDV,"Population ages 25-29, male",SP.POP.2529.MA,45786,47519,46808,43269,38708,33584
Maldives,MDV,"Population ages 30-34, female",SP.POP.3034.FE,21494,21635,21521,21150,20661,20049
Maldives,MDV,"Population ages 30-34, male",SP.POP.3034.MA,45662,48046,49480,49773,49596,48743
Maldives,MDV,"Population ages 35-39, female",SP.POP.3539.FE,18061,19263,20247,20896,21250,21345
Maldives,MDV,"Population ages 35-39, male",SP.POP.3539.MA,35811,39496,42424,44363,45802,46788
Maldives,MDV,"Population ages 40-44, female",SP.POP.4044.FE,12800,13516,14388,15439,16623,17830
Maldives,MDV,"Population ages 40-44, male",SP.POP.4044.MA,23222,25836,28510,31132,33854,36544
Maldives,MDV,"Population ages 45-49, female",SP.POP.4549.FE,10635,10974,11311,11658,12071,12599
Maldives,MDV,"Population ages 45-49, male",SP.POP.4549.MA,15970,17094,18377,19803,21437,23295
Maldives,MDV,"Population ages 50-54, female",SP.POP.5054.FE,8860,9205,9556,9890,10202,10504
Maldives,MDV,"Population ages 50-54, male",SP.POP.5054.MA,11635,12333,13103,13922,14754,15641
Maldives,MDV,"Population ages 55-59, female",SP.POP.5559.FE,7383,7539,7737,8006,8319,8666
Maldives,MDV,"Population ages 55-59, male",SP.POP.5559.MA,8767,8979,9316,9823,10433,11126
Maldives,MDV,"Population ages 60-64, female",SP.POP.6064.FE,5656,6082,6449,6746,6975,7164
Maldives,MDV,"Population ages 60-64, male",SP.POP.6064.MA,6615,7071,7454,7778,8026,8245
Maldives,MDV,"Population ages 65 and above, female",SP.POP.65UP.FE.IN,9106,9523,10088,10838,11673,12575
Maldives,MDV,"Population ages 65 and above, male",SP.POP.65UP.MA.IN,10324,10751,11303,12017,12818,13688
Mali,MLI,"Population ages 10-14, male",SP.POP.1014.MA,1476164,1526234,1576325,1624501,1669731,1712666
Mali,MLI,"Population ages 15-19, female",SP.POP.1519.FE,1172610,1223466,1273500,1322693,1371455,1420039
Mali,MLI,"Population ages 10-14, female",SP.POP.1014.FE,1440303,1489420,1538498,1585771,1630533,1673445
Mali,MLI,"Population ages 15-19, male",SP.POP.1519.MA,1205124,1256760,1307502,1357338,1406815,1456085
Mali,MLI,"Population ages 20-24, female",SP.POP.2024.FE,917465,959339,1002615,1047222,1092908,1139802
Mali,MLI,"Population ages 20-24, male",SP.POP.2024.MA,945644,988119,1031849,1076835,1122777,1169862
Mali,MLI,"Population ages 25-29, female",SP.POP.2529.FE,749652,771487,794249,819874,850079,885419
Mali,MLI,"Population ages 25-29, male",SP.POP.2529.MA,771306,793848,817379,843724,874632,910428
Mali,MLI,"Population ages 30-34, female",SP.POP.3034.FE,639001,654187,669810,685927,703815,723394
Mali,MLI,"Population ages 30-34, male",SP.POP.3034.MA,661041,675459,690244,705669,723259,742964
Mali,MLI,"Population ages 35-39, female",SP.POP.3539.FE,545919,560788,574954,589027,603545,617650
Mali,MLI,"Population ages 35-39, male",SP.POP.3539.MA,566334,581533,595743,609488,623423,636768
Mali,MLI,"Population ages 40-44, female",SP.POP.4044.FE,441345,461079,479687,496942,512703,527319
Mali,MLI,"Population ages 40-44, male",SP.POP.4044.MA,456786,476597,495414,513016,529247,544270
Mali,MLI,"Population ages 45-49, female",SP.POP.4549.FE,330502,348617,367254,386242,405663,425266
Mali,MLI,"Population ages 45-49, male",SP.POP.4549.MA,341325,359801,378457,397173,416260,435639
Mali,MLI,"Population ages 50-54, female",SP.POP.5054.FE,244469,256571,269725,284030,299429,315946
Mali,MLI,"Population ages 50-54, male",SP.POP.5054.MA,246714,259430,273266,288251,304263,321228
Mali,MLI,"Population ages 55-59, female",SP.POP.5559.FE,187858,194191,201543,210100,219684,230207
Mali,MLI,"Population ages 55-59, male",SP.POP.5559.MA,183086,189697,197343,206162,216065,226980
Mali,MLI,"Population ages 60-64, female",SP.POP.6064.FE,151232,154327,157967,162217,166874,172033
Mali,MLI,"Population ages 60-64, male",SP.POP.6064.MA,140773,144014,147873,152289,157143,162525
Mali,MLI,"Population ages 65 and above, female",SP.POP.65UP.FE.IN,293143,298046,303640,310005,316230,322380
Mali,MLI,"Population ages 65 and above, male",SP.POP.65UP.MA.IN,247662,251306,256151,261717,267344,273087
Malta,MLT,"Population ages 10-14, male",SP.POP.1014.MA,11378,11543,12009,12587,12776,13005
Malta,MLT,"Population ages 15-19, female",SP.POP.1519.FE,10670,10507,10660,11066,11352,11700
Malta,MLT,"Population ages 10-14, female",SP.POP.1014.FE,10576,10815,11333,11881,11934,12006
Malta,MLT,"Population ages 15-19, male",SP.POP.1519.MA,11471,11506,11570,11986,12316,12650
Malta,MLT,"Population ages 20-24, female",SP.POP.2024.FE,14553,13704,13012,12688,12515,12651
Malta,MLT,"Population ages 20-24, male",SP.POP.2024.MA,17491,16349,15154,14427,13971,14050
Malta,MLT,"Population ages 25-29, female",SP.POP.2529.FE,20624,19613,18823,18165,17219,16548
Malta,MLT,"Population ages 25-29, male",SP.POP.2529.MA,24888,24293,23574,22865,21524,20277
Malta,MLT,"Population ages 30-34, female",SP.POP.3034.FE,21550,22152,22922,23678,23294,22556
Malta,MLT,"Population ages 30-34, male",SP.POP.3034.MA,25828,26429,27304,28261,28049,27559
Malta,MLT,"Population ages 35-39, female",SP.POP.3539.FE,19493,19979,20690,21874,22703,23444
Malta,MLT,"Population ages 35-39, male",SP.POP.3539.MA,23393,24227,25266,26698,27494,28141
Malta,MLT,"Population ages 40-44, female",SP.POP.4044.FE,17719,18191,19044,20264,20755,21153
Malta,MLT,"Population ages 40-44, male",SP.POP.4044.MA,20769,21494,22534,24059,24850,25461
Malta,MLT,"Population ages 45-49, female",SP.POP.4549.FE,15432,16121,17015,18127,18739,19195
Malta,MLT,"Population ages 45-49, male",SP.POP.4549.MA,17628,18468,19552,21034,21874,22489
Malta,MLT,"Population ages 50-54, female",SP.POP.5054.FE,13543,13786,14448,15369,15946,16571
Malta,MLT,"Population ages 50-54, male",SP.POP.5054.MA,14862,15222,16124,17316,18049,18888
Malta,MLT,"Population ages 55-59, female",SP.POP.5559.FE,14702,14262,14220,14549,14516,14471
Malta,MLT,"Population ages 55-59, male",SP.POP.5559.MA,15605,15226,15190,15547,15592,15718
Malta,MLT,"Population ages 60-64, female",SP.POP.6064.FE,15474,15451,15711,16121,15885,15489
Malta,MLT,"Population ages 60-64, male",SP.POP.6064.MA,15592,15634,15982,16514,16499,16285
Malta,MLT,"Population ages 65 and above, female",SP.POP.65UP.FE.IN,51626,52524,55207,58940,60823,62261
Malta,MLT,"Population ages 65 and above, male",SP.POP.65UP.MA.IN,43710,44816,47292,50504,52154,53558
Marshall Islands,MHL,"Population ages 10-14, male",SP.POP.1014.MA,2785,2691,2606,2508,2401,2277
Marshall Islands,MHL,"Population ages 15-19, female",SP.POP.1519.FE,2259,2253,2237,2221,2212,2202
Marshall Islands,MHL,"Population ages 10-14, female",SP.POP.1014.FE,2519,2417,2369,2320,2247,2164
Marshall Islands,MHL,"Population ages 15-19, male",SP.POP.1519.MA,2464,2465,2469,2470,2475,2481
Marshall Islands,MHL,"Population ages 20-24, female",SP.POP.2024.FE,1736,1671,1584,1515,1496,1537
Marshall Islands,MHL,"Population ages 20-24, male",SP.POP.2024.MA,1818,1787,1745,1718,1719,1760
Marshall Islands,MHL,"Population ages 25-29, female",SP.POP.2529.FE,1396,1273,1130,1014,929,866
Marshall Islands,MHL,"Population ages 25-29, male",SP.POP.2529.MA,1354,1233,1119,1043,987,946
Marshall Islands,MHL,"Population ages 30-34, female",SP.POP.3034.FE,1544,1398,1220,1036,859,710
Marshall Islands,MHL,"Population ages 30-34, male",SP.POP.3034.MA,1537,1384,1193,998,810,649
Marshall Islands,MHL,"Population ages 35-39, female",SP.POP.3539.FE,1525,1453,1364,1269,1172,1060
Marshall Islands,MHL,"Population ages 35-39, male",SP.POP.3539.MA,1525,1454,1354,1250,1145,1027
Marshall Islands,MHL,"Population ages 40-44, female",SP.POP.4044.FE,1299,1299,1290,1268,1235,1192
Marshall Islands,MHL,"Population ages 40-44, male",SP.POP.4044.MA,1320,1301,1281,1256,1218,1170
Marshall Islands,MHL,"Population ages 45-49, female",SP.POP.4549.FE,1077,1065,1055,1052,1052,1060
Marshall Islands,MHL,"Population ages 45-49, male",SP.POP.4549.MA,1129,1119,1105,1092,1074,1057
Marshall Islands,MHL,"Population ages 50-54, female",SP.POP.5054.FE,880,874,886,896,899,899
Marshall Islands,MHL,"Population ages 50-54, male",SP.POP.5054.MA,960,952,940,930,925,924
Marshall Islands,MHL,"Population ages 55-59, female",SP.POP.5559.FE,707,712,726,737,739,734
Marshall Islands,MHL,"Population ages 55-59, male",SP.POP.5559.MA,746,756,767,775,779,778
Marshall Islands,MHL,"Population ages 60-64, female",SP.POP.6064.FE,521,518,525,542,565,584
Marshall Islands,MHL,"Population ages 60-64, male",SP.POP.6064.MA,570,560,565,570,573,580
Marshall Islands,MHL,"Population ages 65 and above, female",SP.POP.65UP.FE.IN,763,782,819,855,878,897
Marshall Islands,MHL,"Population ages 65 and above, male",SP.POP.65UP.MA.IN,819,818,829,847,864,872
Mauritania,MRT,"Population ages 10-14, male",SP.POP.1014.MA,293203,304272,315471,325530,333980,341698
Mauritania,MRT,"Population ages 15-19, female",SP.POP.1519.FE,244845,253352,262253,271392,280335,289068
Mauritania,MRT,"Population ages 10-14, female",SP.POP.1014.FE,290313,299309,308380,317009,324936,332520
Mauritania,MRT,"Population ages 15-19, male",SP.POP.1519.MA,237599,247945,258766,269869,280805,291537
Mauritania,MRT,"Population ages 20-24, female",SP.POP.2024.FE,208055,213910,220469,227833,235436,243075
Mauritania,MRT,"Population ages 20-24, male",SP.POP.2024.MA,194351,200907,208355,216840,225800,234995
Mauritania,MRT,"Population ages 25-29, female",SP.POP.2529.FE,178502,184025,189762,195651,201324,206787
Mauritania,MRT,"Population ages 25-29, male",SP.POP.2529.MA,162500,168271,174301,180529,186607,192559
Mauritania,MRT,"Population ages 30-34, female",SP.POP.3034.FE,151739,156293,161133,166382,171814,177273
Mauritania,MRT,"Population ages 30-34, male",SP.POP.3034.MA,135515,139974,144746,149992,155508,161119
Mauritania,MRT,"Population ages 35-39, female",SP.POP.3539.FE,127052,131592,136272,141050,145728,150282
Mauritania,MRT,"Population ages 35-39, male",SP.POP.3539.MA,111210,115709,120341,125050,129620,134043
Mauritania,MRT,"Population ages 40-44, female",SP.POP.4044.FE,105154,108615,112376,116489,120822,125280
Mauritania,MRT,"Population ages 40-44, male",SP.POP.4044.MA,90260,93373,96888,100839,105065,109448
Mauritania,MRT,"Population ages 45-49, female",SP.POP.4549.FE,87429,90306,93308,96470,99693,102999
Mauritania,MRT,"Population ages 45-49, male",SP.POP.4549.MA,76197,78109,80212,82603,85205,88025
Mauritania,MRT,"Population ages 50-54, female",SP.POP.5054.FE,70880,73497,76224,79073,81932,84784
Mauritania,MRT,"Population ages 50-54, male",SP.POP.5054.MA,63196,65182,67225,69297,71270,73167
Mauritania,MRT,"Population ages 55-59, female",SP.POP.5559.FE,56172,58200,60382,62751,65217,67756
Mauritania,MRT,"Population ages 55-59, male",SP.POP.5559.MA,50899,52199,53694,55423,57282,59216
Mauritania,MRT,"Population ages 60-64, female",SP.POP.6064.FE,43271,44950,46726,48611,50524,52465
Mauritania,MRT,"Population ages 60-64, male",SP.POP.6064.MA,39749,40856,42065,43347,44606,45857
Mauritania,MRT,"Population ages 65 and above, female",SP.POP.65UP.FE.IN,79832,81737,84248,87377,90723,94245
Mauritania,MRT,"Population ages 65 and above, male",SP.POP.65UP.MA.IN,70138,70795,72187,74110,76166,78321
Mauritius,MUS,"Population ages 10-14, male",SP.POP.1014.MA,39963,37931,35924,34298,32999,31976
Mauritius,MUS,"Population ages 15-19, female",SP.POP.1519.FE,46035,46136,45576,44416,42792,40889
Mauritius,MUS,"Population ages 10-14, female",SP.POP.1014.FE,40719,39133,37316,35604,34090,32796
Mauritius,MUS,"Population ages 15-19, male",SP.POP.1519.MA,47132,46729,45613,43913,41857,39655
Mauritius,MUS,"Population ages 20-24, female",SP.POP.2024.FE,46535,46163,45815,45720,45691,45575
Mauritius,MUS,"Population ages 20-24, male",SP.POP.2024.MA,49859,49193,48282,47446,46808,46215
Mauritius,MUS,"Population ages 25-29, female",SP.POP.2529.FE,50060,49497,48585,47632,46660,45793
Mauritius,MUS,"Population ages 25-29, male",SP.POP.2529.MA,55098,54737,53574,51975,50385,48947
Mauritius,MUS,"Population ages 30-34, female",SP.POP.3034.FE,45953,47539,48750,49488,49622,49277
Mauritius,MUS,"Population ages 30-34, male",SP.POP.3034.MA,51014,53106,54502,55056,54990,54445
Mauritius,MUS,"Population ages 35-39, female",SP.POP.3539.FE,45459,43772,42770,42915,43871,45308
Mauritius,MUS,"Population ages 35-39, male",SP.POP.3539.MA,49277,48018,47323,47611,48717,50311
Mauritius,MUS,"Population ages 40-44, female",SP.POP.4044.FE,48520,49147,48932,47985,46358,44533
Mauritius,MUS,"Population ages 40-44, male",SP.POP.4044.MA,50718,51622,51646,50907,49529,47971
Mauritius,MUS,"Population ages 45-49, female",SP.POP.4549.FE,41216,41852,42916,44491,46086,47431
Mauritius,MUS,"Population ages 45-49, male",SP.POP.4549.MA,42395,42934,43969,45585,47322,48891
Mauritius,MUS,"Population ages 50-54, female",SP.POP.5054.FE,42334,40902,39811,39391,39426,39901
Mauritius,MUS,"Population ages 50-54, male",SP.POP.5054.MA,43014,41478,40282,39783,39719,40098
Mauritius,MUS,"Population ages 55-59, female",SP.POP.5559.FE,43723,43755,43313,42660,41659,40529
Mauritius,MUS,"Population ages 55-59, male",SP.POP.5559.MA,43127,43099,42625,42010,41085,40008
Mauritius,MUS,"Population ages 60-64, female",SP.POP.6064.FE,37239,38216,39135,40150,40985,41556
Mauritius,MUS,"Population ages 60-64, male",SP.POP.6064.MA,35914,36605,37225,37988,38709,39283
Mauritius,MUS,"Population ages 65 and above, female",SP.POP.65UP.FE.IN,79390,82472,85499,89185,93096,97068
Mauritius,MUS,"Population ages 65 and above, male",SP.POP.65UP.MA.IN,64950,68241,71001,74014,77201,80305
Mexico,MEX,"Population ages 10-14, male",SP.POP.1014.MA,5698412,5705289,5717684,5729975,5727382,5693949
Mexico,MEX,"Population ages 15-19, female",SP.POP.1519.FE,5551856,5535935,5516089,5499269,5490066,5487934
Mexico,MEX,"Population ages 10-14, female",SP.POP.1014.FE,5512038,5516976,5527404,5537756,5533448,5499592
Mexico,MEX,"Population ages 15-19, male",SP.POP.1519.MA,5703570,5691655,5674896,5660923,5655760,5658563
Mexico,MEX,"Population ages 20-24, female",SP.POP.2024.FE,5394192,5413507,5446052,5478506,5500026,5502324
Mexico,MEX,"Population ages 20-24, male",SP.POP.2024.MA,5430324,5461867,5505778,5548834,5582719,5598363
Mexico,MEX,"Population ages 25-29, female",SP.POP.2529.FE,5374390,5370195,5355417,5342131,5331638,5332930
Mexico,MEX,"Population ages 25-29, male",SP.POP.2529.MA,5220451,5237221,5243597,5251815,5265581,5290313
Mexico,MEX,"Population ages 30-34, female",SP.POP.3034.FE,5065408,5131895,5194737,5252276,5295976,5316308
Mexico,MEX,"Population ages 30-34, male",SP.POP.3034.MA,4765670,4848514,4920213,4983561,5038110,5080644
Mexico,MEX,"Population ages 35-39, female",SP.POP.3539.FE,4751285,4802899,4848147,4893574,4947408,5012410
Mexico,MEX,"Population ages 35-39, male",SP.POP.3539.MA,4201431,4281309,4362631,4448751,4541739,4638923
Mexico,MEX,"Population ages 40-44, female",SP.POP.4044.FE,4434425,4481567,4535099,4587886,4638837,4694743
Mexico,MEX,"Population ages 40-44, male",SP.POP.4044.MA,3795292,3826296,3874810,3933214,3998830,4079187
Mexico,MEX,"Population ages 45-49, female",SP.POP.4549.FE,4118225,4170889,4219483,4268758,4316390,4364748
Mexico,MEX,"Population ages 45-49, male",SP.POP.4549.MA,3558805,3571187,3585022,3606524,3632460,3664786
Mexico,MEX,"Population ages 50-54, female",SP.POP.5054.FE,3605840,3688616,3776808,3866983,3951454,4024490
Mexico,MEX,"Population ages 50-54, male",SP.POP.5054.MA,3143709,3191462,3246321,3305751,3359197,3400708
Mexico,MEX,"Population ages 55-59, female",SP.POP.5559.FE,3056097,3134978,3216923,3306778,3396317,3485024
Mexico,MEX,"Population ages 55-59, male",SP.POP.5559.MA,2649433,2697730,2754355,2823010,2891713,2957663
Mexico,MEX,"Population ages 60-64, female",SP.POP.6064.FE,2438449,2520979,2610028,2707035,2803104,2897359
Mexico,MEX,"Population ages 60-64, male",SP.POP.6064.MA,2100084,2150251,2211595,2283810,2356150,2428305
Mexico,MEX,"Population ages 65 and above, female",SP.POP.65UP.FE.IN,5183943,5322952,5499311,5728851,5974896,6231566
Mexico,MEX,"Population ages 65 and above, male",SP.POP.65UP.MA.IN,4308336,4360129,4462121,4633004,4819266,5012202
"Micronesia, Fed. Sts.",FSM,"Population ages 10-14, male",SP.POP.1014.MA,6066,6130,6195,6223,6208,6152
"Micronesia, Fed. Sts.",FSM,"Population ages 15-19, female",SP.POP.1519.FE,5848,5882,5885,5845,5832,5820
"Micronesia, Fed. Sts.",FSM,"Population ages 10-14, female",SP.POP.1014.FE,6012,5958,5932,5908,5852,5780
"Micronesia, Fed. Sts.",FSM,"Population ages 15-19, male",SP.POP.1519.MA,5920,5851,5812,5806,5829,5878
"Micronesia, Fed. Sts.",FSM,"Population ages 20-24, female",SP.POP.2024.FE,5651,5644,5552,5437,5368,5367
"Micronesia, Fed. Sts.",FSM,"Population ages 20-24, male",SP.POP.2024.MA,5770,5765,5690,5598,5512,5433
"Micronesia, Fed. Sts.",FSM,"Population ages 25-29, female",SP.POP.2529.FE,4740,4846,4899,4980,5048,5075
"Micronesia, Fed. Sts.",FSM,"Population ages 25-29, male",SP.POP.2529.MA,4988,5077,5095,5117,5149,5170
"Micronesia, Fed. Sts.",FSM,"Population ages 30-34, female",SP.POP.3034.FE,3442,3584,3776,3983,4142,4276
"Micronesia, Fed. Sts.",FSM,"Population ages 30-34, male",SP.POP.3034.MA,3725,3860,4013,4204,4366,4485
"Micronesia, Fed. Sts.",FSM,"Population ages 35-39, female",SP.POP.3539.FE,3024,3005,2977,2969,3016,3116
"Micronesia, Fed. Sts.",FSM,"Population ages 35-39, male",SP.POP.3539.MA,2945,3033,3125,3170,3231,3355
"Micronesia, Fed. Sts.",FSM,"Population ages 40-44, female",SP.POP.4044.FE,2619,2648,2707,2769,2796,2789
"Micronesia, Fed. Sts.",FSM,"Population ages 40-44, male",SP.POP.4044.MA,2633,2607,2546,2546,2602,2664
"Micronesia, Fed. Sts.",FSM,"Population ages 45-49, female",SP.POP.4549.FE,2616,2614,2580,2508,2454,2438
"Micronesia, Fed. Sts.",FSM,"Population ages 45-49, male",SP.POP.4549.MA,2307,2336,2381,2393,2390,2390
"Micronesia, Fed. Sts.",FSM,"Population ages 50-54, female",SP.POP.5054.FE,2526,2493,2459,2457,2456,2450
"Micronesia, Fed. Sts.",FSM,"Population ages 50-54, male",SP.POP.5054.MA,2163,2128,2111,2112,2092,2074
"Micronesia, Fed. Sts.",FSM,"Population ages 55-59, female",SP.POP.5559.FE,2265,2282,2302,2311,2340,2353
"Micronesia, Fed. Sts.",FSM,"Population ages 55-59, male",SP.POP.5559.MA,2052,2040,2015,1972,1936,1906
"Micronesia, Fed. Sts.",FSM,"Population ages 60-64, female",SP.POP.6064.FE,2030,2043,2051,2085,2087,2072
"Micronesia, Fed. Sts.",FSM,"Population ages 60-64, male",SP.POP.6064.MA,1725,1718,1713,1728,1742,1739
"Micronesia, Fed. Sts.",FSM,"Population ages 65 and above, female",SP.POP.65UP.FE.IN,3198,3393,3578,3754,3936,4128
"Micronesia, Fed. Sts.",FSM,"Population ages 65 and above, male",SP.POP.65UP.MA.IN,2385,2509,2610,2701,2797,2901
Middle East & North Africa,MEA,"Population ages 10-14, male",SP.POP.1014.MA,23183839,23736609,24381762,25016357,25564110,26012628
Middle East & North Africa,MEA,"Population ages 15-19, female",SP.POP.1519.FE,19494204,19850035,20405862,21029390,21601442,22137203
Middle East & North Africa,MEA,"Population ages 10-14, female",SP.POP.1014.FE,22088425,22622481,23239829,23832824,24357836,24794726
Middle East & North Africa,MEA,"Population ages 15-19, male",SP.POP.1519.MA,20456623,20799784,21363035,22007107,22628930,23231832
Middle East & North Africa,MEA,"Population ages 20-24, female",SP.POP.2024.FE,18499188,18630414,18957657,19331431,19670121,19983831
Middle East & North Africa,MEA,"Population ages 20-24, male",SP.POP.2024.MA,20009193,20156244,20524427,20817902,21148281,21567895
Middle East & North Africa,MEA,"Population ages 25-29, female",SP.POP.2529.FE,18965241,18798940,18847281,18953030,19091882,19278977
Middle East & North Africa,MEA,"Population ages 25-29, male",SP.POP.2529.MA,21666358,21559030,21755204,21725795,21732140,21887973
Middle East & North Africa,MEA,"Population ages 30-34, female",SP.POP.3034.FE,19319119,19318148,19452795,19540127,19550256,19504691
Middle East & North Africa,MEA,"Population ages 30-34, male",SP.POP.3034.MA,22433910,22407893,22715245,22856543,22896930,22870737
Middle East & North Africa,MEA,"Population ages 35-39, female",SP.POP.3539.FE,17776894,18186156,18687002,19113389,19384333,19535084
Middle East & North Africa,MEA,"Population ages 35-39, male",SP.POP.3539.MA,20547514,20838083,21485169,22073083,22468133,22725416
Middle East & North Africa,MEA,"Population ages 40-44, female",SP.POP.4044.FE,14832515,15326470,15934300,16583621,17193798,17723892
Middle East & North Africa,MEA,"Population ages 40-44, male",SP.POP.4044.MA,16931259,17372566,18129341,18960505,19646162,20172549
Middle East & North Africa,MEA,"Population ages 45-49, female",SP.POP.4549.FE,12342816,12649736,13072295,13586865,14113907,14650602
Middle East & North Africa,MEA,"Population ages 45-49, male",SP.POP.4549.MA,13938245,14137340,14590048,15214578,15812306,16377224
Middle East & North Africa,MEA,"Population ages 50-54, female",SP.POP.5054.FE,10460805,10742374,11073171,11426492,11756555,12084726
Middle East & North Africa,MEA,"Population ages 50-54, male",SP.POP.5054.MA,11435161,11684754,12081772,12538104,12935486,13297418
Middle East & North Africa,MEA,"Population ages 55-59, female",SP.POP.5559.FE,8681126,8944429,9228784,9535619,9849225,10156252
Middle East & North Africa,MEA,"Population ages 55-59, male",SP.POP.5559.MA,9073279,9278570,9579584,9956537,10322755,10666430
Middle East & North Africa,MEA,"Population ages 60-64, female",SP.POP.6064.FE,6844758,7075659,7357410,7676171,7983935,8275838
Middle East & North Africa,MEA,"Population ages 60-64, male",SP.POP.6064.MA,6850798,7027946,7293697,7641822,7965296,8245437
Middle East & North Africa,MEA,"Population ages 65 and above, female",SP.POP.65UP.FE.IN,13370240,13805134,14358208,15023204,15718657,16441886
Middle East & North Africa,MEA,"Population ages 65 and above, male",SP.POP.65UP.MA.IN,11548498,11878628,12350515,12961848,13591628,14228521
Middle East & North Africa (excluding high income),MNA,"Population ages 10-14, male",SP.POP.1014.MA,20829452,21385938,21934209,22471918,22968295,23388519
Middle East & North Africa (excluding high income),MNA,"Population ages 15-19, female",SP.POP.1519.FE,17552750,17904167,18360337,18892920,19413559,19908828
Middle East & North Africa (excluding high income),MNA,"Population ages 10-14, female",SP.POP.1014.FE,19852028,20372998,20889240,21397161,21867288,22266886
Middle East & North Africa (excluding high income),MNA,"Population ages 15-19, male",SP.POP.1519.MA,18358215,18713608,19183267,19742277,20304097,20845830
Middle East & North Africa (excluding high income),MNA,"Population ages 20-24, female",SP.POP.2024.FE,16447493,16604183,16853051,17167555,17468808,17736187
Middle East & North Africa (excluding high income),MNA,"Population ages 20-24, male",SP.POP.2024.MA,17161341,17320493,17570136,17882428,18185880,18458896
Middle East & North Africa (excluding high income),MNA,"Population ages 25-29, female",SP.POP.2529.FE,16559327,16429806,16397822,16474970,16585507,16706029
Middle East & North Africa (excluding high income),MNA,"Population ages 25-29, male",SP.POP.2529.MA,17250647,17108873,17061355,17119528,17221079,17346863
Middle East & North Africa (excluding high income),MNA,"Population ages 30-34, female",SP.POP.3034.FE,16795314,16818762,16843791,16866124,16836844,16748801
Middle East & North Africa (excluding high income),MNA,"Population ages 30-34, male",SP.POP.3034.MA,17304177,17369299,17433965,17484404,17468624,17383770
Middle East & North Africa (excluding high income),MNA,"Population ages 35-39, female",SP.POP.3539.FE,15532399,15930004,16288122,16585184,16783006,16885339
Middle East & North Africa (excluding high income),MNA,"Population ages 35-39, male",SP.POP.3539.MA,15927254,16310923,16664425,16973356,17200395,17344399
Middle East & North Africa (excluding high income),MNA,"Population ages 40-44, female",SP.POP.4044.FE,13064712,13547243,14045496,14559310,15070044,15538478
Middle East & North Africa (excluding high income),MNA,"Population ages 40-44, male",SP.POP.4044.MA,13381068,13875374,14386416,14910057,15423686,15882821
Middle East & North Africa (excluding high income),MNA,"Population ages 45-49, female",SP.POP.4549.FE,10990560,11304142,11663427,12075508,12525061,13002372
Middle East & North Africa (excluding high income),MNA,"Population ages 45-49, male",SP.POP.4549.MA,11262582,11565258,11913883,12320359,12770082,13254447
Middle East & North Africa (excluding high income),MNA,"Population ages 50-54, female",SP.POP.5054.FE,9420660,9700469,9985685,10274707,10560236,10858183
Middle East & North Africa (excluding high income),MNA,"Population ages 50-54, male",SP.POP.5054.MA,9461757,9786616,10114780,10434184,10734557,11031531
Middle East & North Africa (excluding high income),MNA,"Population ages 55-59, female",SP.POP.5559.FE,7856141,8116400,8372213,8635028,8915499,9202254
Middle East & North Africa (excluding high income),MNA,"Population ages 55-59, male",SP.POP.5559.MA,7708862,7953067,8203425,8473015,8773976,9095028
Middle East & North Africa (excluding high income),MNA,"Population ages 60-64, female",SP.POP.6064.FE,6241668,6463039,6717873,6999906,7276129,7542042
Middle East & North Africa (excluding high income),MNA,"Population ages 60-64, male",SP.POP.6064.MA,5974843,6181538,6423897,6691937,6955598,7206009
Middle East & North Africa (excluding high income),MNA,"Population ages 65 and above, female",SP.POP.65UP.FE.IN,12120733,12524619,13017142,13612526,14246896,14910834
Middle East & North Africa (excluding high income),MNA,"Population ages 65 and above, male",SP.POP.65UP.MA.IN,10272143,10605744,11036401,11559305,12116264,12697396
Middle East & North Africa (IDA & IBRD countries),TMN,"Population ages 10-14, male",SP.POP.1014.MA,20550023,21096031,21634135,22161760,22650144,23062868
Middle East & North Africa (IDA & IBRD countries),TMN,"Population ages 15-19, female",SP.POP.1519.FE,17306559,17651984,18101919,18627760,19142333,19629928
Middle East & North Africa (IDA & IBRD countries),TMN,"Population ages 10-14, female",SP.POP.1014.FE,19572043,20084255,20592266,21092105,21556241,21950378
Middle East & North Africa (IDA & IBRD countries),TMN,"Population ages 15-19, male",SP.POP.1519.MA,18117038,18465897,18928672,19480480,20035533,20568208
Middle East & North Africa (IDA & IBRD countries),TMN,"Population ages 20-24, female",SP.POP.2024.FE,16222566,16377389,16623084,16933741,17232308,17495465
Middle East & North Africa (IDA & IBRD countries),TMN,"Population ages 20-24, male",SP.POP.2024.MA,16941786,17099463,17346068,17655131,17956427,18224952
Middle East & North Africa (IDA & IBRD countries),TMN,"Population ages 25-29, female",SP.POP.2529.FE,16346456,16213967,16180221,16256488,16367485,16487717
Middle East & North Africa (IDA & IBRD countries),TMN,"Population ages 25-29, male",SP.POP.2529.MA,17039024,16895167,16846913,16905933,17009585,17135885
Middle East & North Africa (IDA & IBRD countries),TMN,"Population ages 30-34, female",SP.POP.3034.FE,16617999,16633669,16651001,16666370,16632562,16540999
Middle East & North Africa (IDA & IBRD countries),TMN,"Population ages 30-34, male",SP.POP.3034.MA,17127515,17184493,17241339,17285636,17266547,17179055
Middle East & North Africa (IDA & IBRD countries),TMN,"Population ages 35-39, female",SP.POP.3539.FE,15391756,15783135,16134632,16424700,16616164,16711492
Middle East & North Africa (IDA & IBRD countries),TMN,"Population ages 35-39, male",SP.POP.3539.MA,15791230,16167856,16513903,16815519,17036082,17172704
Middle East & North Africa (IDA & IBRD countries),TMN,"Population ages 40-44, female",SP.POP.4044.FE,12951617,13429588,13922935,14431419,14937280,15400295
Middle East & North Africa (IDA & IBRD countries),TMN,"Population ages 40-44, male",SP.POP.4044.MA,13275515,13765089,14270857,14788930,15297385,15750466
Middle East & North Africa (IDA & IBRD countries),TMN,"Population ages 45-49, female",SP.POP.4549.FE,10898817,11208823,11564267,11972203,12417993,12891269
Middle East & North Africa (IDA & IBRD countries),TMN,"Population ages 45-49, male",SP.POP.4549.MA,11177764,11477316,11822445,12225228,12671614,13152072
Middle East & North Africa (IDA & IBRD countries),TMN,"Population ages 50-54, female",SP.POP.5054.FE,9344462,9621762,9904359,10190452,10473339,10768330
Middle East & North Africa (IDA & IBRD countries),TMN,"Population ages 50-54, male",SP.POP.5054.MA,9390346,9713362,10039523,10356713,10655263,10949985
Middle East & North Africa (IDA & IBRD countries),TMN,"Population ages 55-59, female",SP.POP.5559.FE,7794015,8051693,8304963,8565149,8843498,9128116
Middle East & North Africa (IDA & IBRD countries),TMN,"Population ages 55-59, male",SP.POP.5559.MA,7649921,7892032,8140375,8408022,8707819,9027674
Middle East & North Africa (IDA & IBRD countries),TMN,"Population ages 60-64, female",SP.POP.6064.FE,6193905,6412947,6665325,6944706,7218690,7482360
Middle East & North Africa (IDA & IBRD countries),TMN,"Population ages 60-64, male",SP.POP.6064.MA,5929956,6134772,6375079,6640950,6903192,7152231
Middle East & North Africa (IDA & IBRD countries),TMN,"Population ages 65 and above, female",SP.POP.65UP.FE.IN,12028178,12427861,12915651,13505308,14135465,14795409
Middle East & North Africa (IDA & IBRD countries),TMN,"Population ages 65 and above, male",SP.POP.65UP.MA.IN,10192962,10523793,10951137,11470095,12026179,12607014
Middle income,MIC,"Population ages 10-14, male",SP.POP.1014.MA,255672714,258375530,261075954,263180163,264228808,264514225
Middle income,MIC,"Population ages 15-19, female",SP.POP.1519.FE,227084600,228173013,229582874,231363507,233649806,236074535
Middle income,MIC,"Population ages 10-14, female",SP.POP.1014.FE,237356664,239775828,242239149,244286212,245487517,246068406
Middle income,MIC,"Population ages 15-19, male",SP.POP.1519.MA,243633013,244716906,246354287,248515993,251215393,254031665
Middle income,MIC,"Population ages 20-24, female",SP.POP.2024.FE,220947238,221794558,222485302,223138909,224023549,224828054
Middle income,MIC,"Population ages 20-24, male",SP.POP.2024.MA,235714146,236444231,237105800,237864097,238943782,239996757
Middle income,MIC,"Population ages 25-29, female",SP.POP.2529.FE,221877536,220043758,219275004,218667429,218370165,218633188
Middle income,MIC,"Population ages 25-29, male",SP.POP.2529.MA,234680318,232755310,231983610,231432514,231228537,231671989
Middle income,MIC,"Population ages 30-34, female",SP.POP.3034.FE,225143007,226688360,225692895,223984970,222022513,219463194
Middle income,MIC,"Population ages 30-34, male",SP.POP.3034.MA,235848753,237889579,237050354,235351492,233393647,230828766
Middle income,MIC,"Population ages 35-39, female",SP.POP.3539.FE,203586802,207931970,211856661,215525306,219222272,222613839
Middle income,MIC,"Population ages 35-39, male",SP.POP.3539.MA,210747339,215447067,219684906,223750129,227961612,231953332
Middle income,MIC,"Population ages 40-44, female",SP.POP.4044.FE,179861119,182989268,187400543,192223812,196592844,200943575
Middle income,MIC,"Population ages 40-44, male",SP.POP.4044.MA,184220341,187906403,192716191,197754549,202273860,206783141
Middle income,MIC,"Population ages 45-49, female",SP.POP.4549.FE,175469949,174850082,174236126,173856771,174522578,176666509
Middle income,MIC,"Population ages 45-49, male",SP.POP.4549.MA,177249435,176840722,176438397,176255824,177158461,179596712
Middle income,MIC,"Population ages 50-54, female",SP.POP.5054.FE,163040420,165825656,168624773,170715012,171588277,171590182
Middle income,MIC,"Population ages 50-54, male",SP.POP.5054.MA,162144135,165077642,167979214,170166588,171146375,171236249
Middle income,MIC,"Population ages 55-59, female",SP.POP.5559.FE,139511175,146402523,150894867,152832586,155017648,157935261
Middle income,MIC,"Population ages 55-59, male",SP.POP.5559.MA,136019388,142790992,147169631,149024785,151168421,154113831
Middle income,MIC,"Population ages 60-64, female",SP.POP.6064.FE,113226268,112846533,114093274,119007998,125899404,132894055
Middle income,MIC,"Population ages 60-64, male",SP.POP.6064.MA,106762319,106400693,107669550,112504267,119180851,125887428
Middle income,MIC,"Population ages 65 and above, female",SP.POP.65UP.FE.IN,250824644,260029486,269458458,279820533,289343610,298315972
Middle income,MIC,"Population ages 65 and above, male",SP.POP.65UP.MA.IN,205545262,212730700,220397277,228809617,236304900,243368334
Moldova,MDA,"Population ages 10-14, male",SP.POP.1014.MA,80556,82346,83318,84121,86790,89459
Moldova,MDA,"Population ages 15-19, female",SP.POP.1519.FE,70468,71271,72178,73294,75140,76367
Moldova,MDA,"Population ages 10-14, female",SP.POP.1014.FE,82625,83753,83603,82989,84083,85313
Moldova,MDA,"Population ages 15-19, male",SP.POP.1519.MA,69296,69837,70428,71274,73028,74470
Moldova,MDA,"Population ages 20-24, female",SP.POP.2024.FE,69230,64211,61050,60186,60661,61173
Moldova,MDA,"Population ages 20-24, male",SP.POP.2024.MA,66831,62701,60195,59538,59976,60303
Moldova,MDA,"Population ages 25-29, female",SP.POP.2529.FE,92211,85240,77620,70368,64128,58503
Moldova,MDA,"Population ages 25-29, male",SP.POP.2529.MA,87899,80714,73330,66653,61166,56372
Moldova,MDA,"Population ages 30-34, female",SP.POP.3034.FE,109384,104258,97802,91944,87187,81602
Moldova,MDA,"Population ages 30-34, male",SP.POP.3034.MA,108000,102358,95210,88747,83333,77248
Moldova,MDA,"Population ages 35-39, female",SP.POP.3539.FE,101491,103713,104440,103328,102198,99375
Moldova,MDA,"Population ages 35-39, male",SP.POP.3539.MA,96210,99300,100987,100591,99843,97101
Moldova,MDA,"Population ages 40-44, female",SP.POP.4044.FE,91317,91004,90070,89597,91092,92866
Moldova,MDA,"Population ages 40-44, male",SP.POP.4044.MA,81932,81825,81317,81486,83703,86316
Moldova,MDA,"Population ages 45-49, female",SP.POP.4549.FE,88193,88501,86963,84582,83978,83728
Moldova,MDA,"Population ages 45-49, male",SP.POP.4549.MA,75885,76002,74769,73040,72779,72819
Moldova,MDA,"Population ages 50-54, female",SP.POP.5054.FE,85209,83774,81951,80227,80277,80698
Moldova,MDA,"Population ages 50-54, male",SP.POP.5054.MA,70740,69661,68074,66455,66265,66465
Moldova,MDA,"Population ages 55-59, female",SP.POP.5559.FE,100886,94949,88737,82938,79507,77309
Moldova,MDA,"Population ages 55-59, male",SP.POP.5559.MA,78997,73947,68902,64499,62020,60533
Moldova,MDA,"Population ages 60-64, female",SP.POP.6064.FE,108269,108648,105844,100857,95864,90055
Moldova,MDA,"Population ages 60-64, male",SP.POP.6064.MA,79266,79421,77113,73036,69142,64776
Moldova,MDA,"Population ages 65 and above, female",SP.POP.65UP.FE.IN,243526,247318,248144,249067,254817,260858
Moldova,MDA,"Population ages 65 and above, male",SP.POP.65UP.MA.IN,133065,134202,134112,134709,138132,141470
Monaco,MCO,"Population ages 10-14, male",SP.POP.1014.MA,751,767,787,798,801,807
Monaco,MCO,"Population ages 15-19, female",SP.POP.1519.FE,741,726,741,759,759,768
Monaco,MCO,"Population ages 10-14, female",SP.POP.1014.FE,712,734,759,779,788,800
Monaco,MCO,"Population ages 15-19, male",SP.POP.1519.MA,781,769,787,805,806,811
Monaco,MCO,"Population ages 20-24, female",SP.POP.2024.FE,797,805,851,890,883,876
Monaco,MCO,"Population ages 20-24, male",SP.POP.2024.MA,845,854,898,933,918,908
Monaco,MCO,"Population ages 25-29, female",SP.POP.2529.FE,749,769,831,896,916,927
Monaco,MCO,"Population ages 25-29, male",SP.POP.2529.MA,794,810,868,931,954,970
Monaco,MCO,"Population ages 30-34, female",SP.POP.3034.FE,776,786,824,861,864,866
Monaco,MCO,"Population ages 30-34, male",SP.POP.3034.MA,816,823,860,892,896,904
Monaco,MCO,"Population ages 35-39, female",SP.POP.3539.FE,854,850,860,873,873,873
Monaco,MCO,"Population ages 35-39, male",SP.POP.3539.MA,789,802,837,875,890,893
Monaco,MCO,"Population ages 40-44, female",SP.POP.4044.FE,883,878,894,909,902,896
Monaco,MCO,"Population ages 40-44, male",SP.POP.4044.MA,748,743,767,794,807,824
Monaco,MCO,"Population ages 45-49, female",SP.POP.4549.FE,956,927,914,911,898,890
Monaco,MCO,"Population ages 45-49, male",SP.POP.4549.MA,873,835,808,799,781,760
Monaco,MCO,"Population ages 50-54, female",SP.POP.5054.FE,1207,1187,1135,1065,1023,986
Monaco,MCO,"Population ages 50-54, male",SP.POP.5054.MA,1157,1119,1050,971,928,895
Monaco,MCO,"Population ages 55-59, female",SP.POP.5559.FE,1373,1349,1334,1326,1296,1252
Monaco,MCO,"Population ages 55-59, male",SP.POP.5559.MA,1354,1328,1311,1290,1244,1194
Monaco,MCO,"Population ages 60-64, female",SP.POP.6064.FE,1401,1425,1449,1436,1413,1390
Monaco,MCO,"Population ages 60-64, male",SP.POP.6064.MA,1413,1440,1460,1439,1406,1371
Monaco,MCO,"Population ages 65 and above, female",SP.POP.65UP.FE.IN,7288,7524,7547,7426,7338,7266
Monaco,MCO,"Population ages 65 and above, male",SP.POP.65UP.MA.IN,6586,6854,6882,6737,6633,6541
Mongolia,MNG,"Population ages 10-14, male",SP.POP.1014.MA,154717,166694,177258,188369,198520,206007
Mongolia,MNG,"Population ages 15-19, female",SP.POP.1519.FE,105621,108805,114441,122452,133057,145674
Mongolia,MNG,"Population ages 10-14, female",SP.POP.1014.FE,144651,156073,166081,176525,185838,192583
Mongolia,MNG,"Population ages 15-19, male",SP.POP.1519.MA,113209,116803,122874,131343,142451,155638
Mongolia,MNG,"Population ages 20-24, female",SP.POP.2024.FE,113981,111563,108753,106327,105706,107730
Mongolia,MNG,"Population ages 20-24, male",SP.POP.2024.MA,120398,117829,115058,112845,112656,115292
Mongolia,MNG,"Population ages 25-29, female",SP.POP.2529.FE,126994,123090,120219,118050,115843,113289
Mongolia,MNG,"Population ages 25-29, male",SP.POP.2529.MA,134280,130053,126829,124330,121894,119283
Mongolia,MNG,"Population ages 30-34, female",SP.POP.3034.FE,145598,145295,142291,137548,131711,125777
Mongolia,MNG,"Population ages 30-34, male",SP.POP.3034.MA,151943,151637,148624,143890,138051,132097
Mongolia,MNG,"Population ages 35-39, female",SP.POP.3539.FE,122905,127969,133557,138884,142806,144447
Mongolia,MNG,"Population ages 35-39, male",SP.POP.3539.MA,126849,131916,137584,143064,147161,148994
Mongolia,MNG,"Population ages 40-44, female",SP.POP.4044.FE,110085,111771,113463,115548,118188,121674
Mongolia,MNG,"Population ages 40-44, male",SP.POP.4044.MA,112066,113665,115214,117190,119767,123271
Mongolia,MNG,"Population ages 45-49, female",SP.POP.4549.FE,99429,101598,103600,105474,107100,108520
Mongolia,MNG,"Population ages 45-49, male",SP.POP.4549.MA,96568,99204,101601,103825,105720,107326
Mongolia,MNG,"Population ages 50-54, female",SP.POP.5054.FE,88602,90165,91781,93581,95442,97343
Mongolia,MNG,"Population ages 50-54, male",SP.POP.5054.MA,79643,81480,83519,85811,88220,90681
Mongolia,MNG,"Population ages 55-59, female",SP.POP.5559.FE,77234,79420,81260,82919,84363,85733
Mongolia,MNG,"Population ages 55-59, male",SP.POP.5559.MA,65478,67389,68928,70305,71608,73015
Mongolia,MNG,"Population ages 60-64, female",SP.POP.6064.FE,58151,62139,65575,68677,71332,73616
Mongolia,MNG,"Population ages 60-64, male",SP.POP.6064.MA,44706,47930,50882,53617,55995,58015
Mongolia,MNG,"Population ages 65 and above, female",SP.POP.65UP.FE.IN,86566,91031,96412,103232,110623,118467
Mongolia,MNG,"Population ages 65 and above, male",SP.POP.65UP.MA.IN,56715,59035,62101,66077,70478,75250
Montenegro,MNE,"Population ages 10-14, male",SP.POP.1014.MA,20014,20299,20405,20337,20150,19751
Montenegro,MNE,"Population ages 15-19, female",SP.POP.1519.FE,19027,18608,18356,18357,18504,18560
Montenegro,MNE,"Population ages 10-14, female",SP.POP.1014.FE,19006,19238,19208,19052,18782,18234
Montenegro,MNE,"Population ages 15-19, male",SP.POP.1519.MA,19598,19300,19117,19196,19474,19576
Montenegro,MNE,"Population ages 20-24, female",SP.POP.2024.FE,18813,18599,18657,18782,18747,18101
Montenegro,MNE,"Population ages 20-24, male",SP.POP.2024.MA,19351,19118,19170,19294,19257,18706
Montenegro,MNE,"Population ages 25-29, female",SP.POP.2529.FE,18880,18857,18718,18599,18426,17714
Montenegro,MNE,"Population ages 25-29, male",SP.POP.2529.MA,19375,19318,19170,19072,18948,18298
Montenegro,MNE,"Population ages 30-34, female",SP.POP.3034.FE,19805,19143,18717,18493,18339,17984
Montenegro,MNE,"Population ages 30-34, male",SP.POP.3034.MA,20096,19472,19073,18871,18769,18482
Montenegro,MNE,"Population ages 35-39, female",SP.POP.3539.FE,22153,21818,21397,20820,20141,19188
Montenegro,MNE,"Population ages 35-39, male",SP.POP.3539.MA,21872,21757,21512,21057,20377,19418
Montenegro,MNE,"Population ages 40-44, female",SP.POP.4044.FE,22063,22128,22160,22180,22070,21604
Montenegro,MNE,"Population ages 40-44, male",SP.POP.4044.MA,20621,20858,21081,21291,21407,21212
Montenegro,MNE,"Population ages 45-49, female",SP.POP.4549.FE,21181,21377,21516,21613,21670,21541
Montenegro,MNE,"Population ages 45-49, male",SP.POP.4549.MA,19178,19251,19382,19652,19898,19945
Montenegro,MNE,"Population ages 50-54, female",SP.POP.5054.FE,20552,20437,20401,20501,20668,20637
Montenegro,MNE,"Population ages 50-54, male",SP.POP.5054.MA,19089,18834,18653,18537,18512,18407
Montenegro,MNE,"Population ages 55-59, female",SP.POP.5559.FE,21682,21430,21082,20674,20304,19892
Montenegro,MNE,"Population ages 55-59, male",SP.POP.5559.MA,19633,19463,19162,18815,18488,18022
Montenegro,MNE,"Population ages 60-64, female",SP.POP.6064.FE,21091,21156,21211,21185,21063,20710
Montenegro,MNE,"Population ages 60-64, male",SP.POP.6064.MA,19299,19089,18845,18602,18317,17978
Montenegro,MNE,"Population ages 65 and above, female",SP.POP.65UP.FE.IN,61623,62491,63096,64038,65056,65659
Montenegro,MNE,"Population ages 65 and above, male",SP.POP.65UP.MA.IN,41766,42235,42731,43584,44479,44972
Morocco,MAR,"Population ages 10-14, male",SP.POP.1014.MA,1678364,1704122,1722004,1730024,1726426,1713670
Morocco,MAR,"Population ages 15-19, female",SP.POP.1519.FE,1465000,1480762,1502874,1530293,1558191,1584878
Morocco,MAR,"Population ages 10-14, female",SP.POP.1014.FE,1595090,1617868,1632955,1638545,1633973,1621407
Morocco,MAR,"Population ages 15-19, male",SP.POP.1519.MA,1540927,1550713,1569945,1599356,1632220,1664751
Morocco,MAR,"Population ages 20-24, female",SP.POP.2024.FE,1425117,1422997,1421581,1421997,1427890,1438990
Morocco,MAR,"Population ages 20-24, male",SP.POP.2024.MA,1496463,1498714,1499850,1499999,1503111,1510520
Morocco,MAR,"Population ages 25-29, female",SP.POP.2529.FE,1442572,1427326,1414284,1406384,1399297,1394974
Morocco,MAR,"Population ages 25-29, male",SP.POP.2529.MA,1504720,1486979,1473231,1467087,1463763,1464698
Morocco,MAR,"Population ages 30-34, female",SP.POP.3034.FE,1429299,1429221,1427632,1427384,1425600,1417871
Morocco,MAR,"Population ages 30-34, male",SP.POP.3034.MA,1470133,1482005,1488623,1491513,1489869,1480255
Morocco,MAR,"Population ages 35-39, female",SP.POP.3539.FE,1355899,1376477,1392332,1402203,1407282,1410617
Morocco,MAR,"Population ages 35-39, male",SP.POP.3539.MA,1366385,1390222,1410681,1426192,1439171,1452831
Morocco,MAR,"Population ages 40-44, female",SP.POP.4044.FE,1221362,1243600,1266614,1290940,1315874,1339933
Morocco,MAR,"Population ages 40-44, male",SP.POP.4044.MA,1218036,1246062,1273948,1300926,1327132,1351753
Morocco,MAR,"Population ages 45-49, female",SP.POP.4549.FE,1078409,1106182,1133027,1158312,1182157,1204997
Morocco,MAR,"Population ages 45-49, male",SP.POP.4549.MA,1078322,1102382,1126038,1149724,1174484,1200355
Morocco,MAR,"Population ages 50-54, female",SP.POP.5054.FE,956818,968967,985207,1007013,1032155,1059314
Morocco,MAR,"Population ages 50-54, male",SP.POP.5054.MA,944564,962778,983450,1006366,1029904,1053282
Morocco,MAR,"Population ages 55-59, female",SP.POP.5559.FE,865073,883673,897777,909120,920466,932243
Morocco,MAR,"Population ages 55-59, male",SP.POP.5559.MA,847532,857432,866810,877012,890315,906571
Morocco,MAR,"Population ages 60-64, female",SP.POP.6064.FE,715204,742242,769276,793696,815272,835045
Morocco,MAR,"Population ages 60-64, male",SP.POP.6064.MA,734842,751243,766064,777181,786415,795027
Morocco,MAR,"Population ages 65 and above, female",SP.POP.65UP.FE.IN,1343191,1405848,1477044,1555461,1635180,1716287
Morocco,MAR,"Population ages 65 and above, male",SP.POP.65UP.MA.IN,1206920,1261678,1326299,1395822,1464115,1531231
Mozambique,MOZ,"Population ages 10-14, male",SP.POP.1014.MA,1978590,2058201,2137630,2209817,2269586,2321487
Mozambique,MOZ,"Population ages 15-19, female",SP.POP.1519.FE,1684578,1723338,1766287,1819789,1885988,1959257
Mozambique,MOZ,"Population ages 10-14, female",SP.POP.1014.FE,1974816,2052083,2129107,2199301,2257216,2307432
Mozambique,MOZ,"Population ages 15-19, male",SP.POP.1519.MA,1673988,1714440,1758863,1813566,1881492,1957039
Mozambique,MOZ,"Population ages 20-24, female",SP.POP.2024.FE,1456532,1503445,1546782,1586971,1624075,1658369
Mozambique,MOZ,"Population ages 20-24, male",SP.POP.2024.MA,1424397,1472142,1516261,1557060,1595810,1632663
Mozambique,MOZ,"Population ages 25-29, female",SP.POP.2529.FE,1209323,1249518,1292468,1337346,1384024,1430468
Mozambique,MOZ,"Population ages 25-29, male",SP.POP.2529.MA,1155214,1196547,1239771,1284334,1331627,1379699
Mozambique,MOZ,"Population ages 30-34, female",SP.POP.3034.FE,1006674,1041762,1076780,1112709,1149681,1186649
Mozambique,MOZ,"Population ages 30-34, male",SP.POP.3034.MA,924124,961944,999196,1036848,1075928,1115234
Mozambique,MOZ,"Population ages 35-39, female",SP.POP.3539.FE,820617,849573,882302,916662,951413,985990
Mozambique,MOZ,"Population ages 35-39, male",SP.POP.3539.MA,714009,743804,777593,813332,850293,887788
Mozambique,MOZ,"Population ages 40-44, female",SP.POP.4044.FE,661320,691053,720112,748146,774544,800590
Mozambique,MOZ,"Population ages 40-44, male",SP.POP.4044.MA,543193,570547,599189,627458,653892,680223
Mozambique,MOZ,"Population ages 45-49, female",SP.POP.4549.FE,525051,544888,564489,586622,612375,641188
Mozambique,MOZ,"Population ages 45-49, male",SP.POP.4549.MA,456230,459200,462449,470973,487540,511119
Mozambique,MOZ,"Population ages 50-54, female",SP.POP.5054.FE,390989,412099,434936,458914,482236,503782
Mozambique,MOZ,"Population ages 50-54, male",SP.POP.5054.MA,348992,371041,389350,404184,414754,421331
Mozambique,MOZ,"Population ages 55-59, female",SP.POP.5559.FE,328280,326196,328670,337098,350952,369178
Mozambique,MOZ,"Population ages 55-59, male",SP.POP.5559.MA,211826,226531,244850,266694,290508,314168
Mozambique,MOZ,"Population ages 60-64, female",SP.POP.6064.FE,319840,316623,312548,308818,304991,301840
Mozambique,MOZ,"Population ages 60-64, male",SP.POP.6064.MA,153728,154577,157691,163659,172078,182976
Mozambique,MOZ,"Population ages 65 and above, female",SP.POP.65UP.FE.IN,552946,574242,595522,618797,640168,658929
Mozambique,MOZ,"Population ages 65 and above, male",SP.POP.65UP.MA.IN,312405,310609,310067,311811,313502,315198
Myanmar,MMR,"Population ages 10-14, male",SP.POP.1014.MA,2259759,2252459,2246197,2242038,2240380,2242903
Myanmar,MMR,"Population ages 15-19, female",SP.POP.1519.FE,2231834,2213260,2189883,2166358,2149082,2138765
Myanmar,MMR,"Population ages 10-14, female",SP.POP.1014.FE,2153892,2146749,2140357,2135716,2133378,2134766
Myanmar,MMR,"Population ages 15-19, male",SP.POP.1519.MA,2332509,2313316,2288557,2263812,2245971,2235370
Myanmar,MMR,"Population ages 20-24, female",SP.POP.2024.FE,2198820,2199308,2205843,2212178,2210828,2199642
Myanmar,MMR,"Population ages 20-24, male",SP.POP.2024.MA,2280825,2282442,2288941,2294793,2293265,2281959
Myanmar,MMR,"Population ages 25-29, female",SP.POP.2529.FE,2155082,2162805,2167318,2167768,2166068,2165426
Myanmar,MMR,"Population ages 25-29, male",SP.POP.2529.MA,2216680,2224358,2227865,2227453,2226150,2226859
Myanmar,MMR,"Population ages 30-34, female",SP.POP.3034.FE,2067828,2063513,2071664,2089282,2108805,2123964
Myanmar,MMR,"Population ages 30-34, male",SP.POP.3034.MA,2115172,2110347,2116948,2132988,2151766,2166825
Myanmar,MMR,"Population ages 35-39, female",SP.POP.3539.FE,2040133,2064893,2074226,2065519,2049106,2037175
Myanmar,MMR,"Population ages 35-39, male",SP.POP.3539.MA,2068148,2093815,2102856,2093541,2076859,2064850
Myanmar,MMR,"Population ages 40-44, female",SP.POP.4044.FE,1838629,1864379,1894044,1930352,1969724,2005737
Myanmar,MMR,"Population ages 40-44, male",SP.POP.4044.MA,1840563,1866747,1896530,1933362,1973497,2010334
Myanmar,MMR,"Population ages 45-49, female",SP.POP.4549.FE,1682283,1702837,1723813,1746648,1771712,1798318
Myanmar,MMR,"Population ages 45-49, male",SP.POP.4549.MA,1656482,1677329,1698092,1720950,1746199,1773060
Myanmar,MMR,"Population ages 50-54, female",SP.POP.5054.FE,1512531,1536676,1560751,1585059,1608376,1630562
Myanmar,MMR,"Population ages 50-54, male",SP.POP.5054.MA,1452208,1476545,1500705,1525465,1549185,1571682
Myanmar,MMR,"Population ages 55-59, female",SP.POP.5559.FE,1306527,1335836,1364349,1392787,1420017,1445708
Myanmar,MMR,"Population ages 55-59, male",SP.POP.5559.MA,1207452,1235766,1263574,1291822,1319033,1344728
Myanmar,MMR,"Population ages 60-64, female",SP.POP.6064.FE,1083403,1109187,1135205,1162810,1190954,1220040
Myanmar,MMR,"Population ages 60-64, male",SP.POP.6064.MA,947797,971271,995652,1021930,1048766,1076371
Myanmar,MMR,"Population ages 65 and above, female",SP.POP.65UP.FE.IN,1977613,2047300,2119886,2199723,2281155,2363845
Myanmar,MMR,"Population ages 65 and above, male",SP.POP.65UP.MA.IN,1472605,1522401,1577055,1637903,1699764,1762141
Namibia,NAM,"Population ages 10-14, male",SP.POP.1014.MA,144329,149494,154220,159035,164522,169683
Namibia,NAM,"Population ages 15-19, female",SP.POP.1519.FE,127685,129312,132678,137283,141544,146019
Namibia,NAM,"Population ages 10-14, female",SP.POP.1014.FE,144914,151173,156826,161990,167339,172526
Namibia,NAM,"Population ages 15-19, male",SP.POP.1519.MA,129538,131904,135489,139364,142279,145275
Namibia,NAM,"Population ages 20-24, female",SP.POP.2024.FE,128232,129516,129980,130181,129506,128078
Namibia,NAM,"Population ages 20-24, male",SP.POP.2024.MA,127315,129403,130713,131640,131359,130247
Namibia,NAM,"Population ages 25-29, female",SP.POP.2529.FE,127336,127441,127495,128087,129332,130894
Namibia,NAM,"Population ages 25-29, male",SP.POP.2529.MA,122283,123054,123881,125301,127489,129879
Namibia,NAM,"Population ages 30-34, female",SP.POP.3034.FE,106302,111479,116344,121198,125584,128180
Namibia,NAM,"Population ages 30-34, male",SP.POP.3034.MA,101556,106263,110585,114851,119030,122091
Namibia,NAM,"Population ages 35-39, female",SP.POP.3539.FE,87077,90560,94079,97680,101571,106307
Namibia,NAM,"Population ages 35-39, male",SP.POP.3539.MA,83388,86303,89271,92581,96216,100468
Namibia,NAM,"Population ages 40-44, female",SP.POP.4044.FE,71354,74107,76990,80334,84132,87674
Namibia,NAM,"Population ages 40-44, male",SP.POP.4044.MA,69924,72464,74896,77342,80136,82911
Namibia,NAM,"Population ages 45-49, female",SP.POP.4549.FE,59088,61110,63335,65603,67826,70391
Namibia,NAM,"Population ages 45-49, male",SP.POP.4549.MA,56306,58890,61649,64288,66392,68402
Namibia,NAM,"Population ages 50-54, female",SP.POP.5054.FE,48539,50015,51345,53025,55125,57260
Namibia,NAM,"Population ages 50-54, male",SP.POP.5054.MA,42708,44670,46651,48922,51440,53876
Namibia,NAM,"Population ages 55-59, female",SP.POP.5559.FE,41430,42183,42756,43258,44246,45881
Namibia,NAM,"Population ages 55-59, male",SP.POP.5559.MA,32563,33784,34970,36146,37515,39305
Namibia,NAM,"Population ages 60-64, female",SP.POP.6064.FE,31822,33867,35864,37781,38990,39362
Namibia,NAM,"Population ages 60-64, male",SP.POP.6064.MA,23310,24711,26044,27404,28590,29469
Namibia,NAM,"Population ages 65 and above, female",SP.POP.65UP.FE.IN,60845,62364,63928,66520,69961,73734
Namibia,NAM,"Population ages 65 and above, male",SP.POP.65UP.MA.IN,36715,37278,37881,39297,41334,43578
Nauru,NRU,"Population ages 10-14, male",SP.POP.1014.MA,723,755,781,794,800,800
Nauru,NRU,"Population ages 15-19, female",SP.POP.1519.FE,511,503,515,537,571,611
Nauru,NRU,"Population ages 10-14, female",SP.POP.1014.FE,640,674,708,733,744,747
Nauru,NRU,"Population ages 15-19, male",SP.POP.1519.MA,528,537,565,606,649,692
Nauru,NRU,"Population ages 20-24, female",SP.POP.2024.FE,484,475,462,446,439,439
Nauru,NRU,"Population ages 20-24, male",SP.POP.2024.MA,501,480,463,445,445,458
Nauru,NRU,"Population ages 25-29, female",SP.POP.2529.FE,469,457,438,422,413,408
Nauru,NRU,"Population ages 25-29, male",SP.POP.2529.MA,528,507,487,466,444,421
Nauru,NRU,"Population ages 30-34, female",SP.POP.3034.FE,487,479,465,445,425,410
Nauru,NRU,"Population ages 30-34, male",SP.POP.3034.MA,516,521,515,500,481,459
Nauru,NRU,"Population ages 35-39, female",SP.POP.3539.FE,441,452,456,457,452,440
Nauru,NRU,"Population ages 35-39, male",SP.POP.3539.MA,445,449,449,455,460,460
Nauru,NRU,"Population ages 40-44, female",SP.POP.4044.FE,310,320,337,358,378,399
Nauru,NRU,"Population ages 40-44, male",SP.POP.4044.MA,332,355,372,385,397,406
Nauru,NRU,"Population ages 45-49, female",SP.POP.4549.FE,222,237,251,257,263,275
Nauru,NRU,"Population ages 45-49, male",SP.POP.4549.MA,229,228,237,246,264,291
Nauru,NRU,"Population ages 50-54, female",SP.POP.5054.FE,187,177,174,184,196,204
Nauru,NRU,"Population ages 50-54, male",SP.POP.5054.MA,204,196,192,198,200,194
Nauru,NRU,"Population ages 55-59, female",SP.POP.5559.FE,176,174,177,176,169,166
Nauru,NRU,"Population ages 55-59, male",SP.POP.5559.MA,154,169,181,184,181,177
Nauru,NRU,"Population ages 60-64, female",SP.POP.6064.FE,155,158,156,153,154,155
Nauru,NRU,"Population ages 60-64, male",SP.POP.6064.MA,93,96,100,105,116,128
Nauru,NRU,"Population ages 65 and above, female",SP.POP.65UP.FE.IN,137,149,171,194,213,228
Nauru,NRU,"Population ages 65 and above, male",SP.POP.65UP.MA.IN,109,111,116,123,128,133
Nepal,NPL,"Population ages 10-14, male",SP.POP.1014.MA,1522774,1513382,1502444,1490479,1478751,1465168
Nepal,NPL,"Population ages 15-19, female",SP.POP.1519.FE,1561629,1550613,1530351,1495660,1463584,1436917
Nepal,NPL,"Population ages 10-14, female",SP.POP.1014.FE,1466736,1449217,1426252,1405380,1388807,1374476
Nepal,NPL,"Population ages 15-19, male",SP.POP.1519.MA,1556801,1548322,1539905,1506500,1478942,1461798
Nepal,NPL,"Population ages 20-24, female",SP.POP.2024.FE,1536032,1540875,1542369,1520453,1497773,1476821
Nepal,NPL,"Population ages 20-24, male",SP.POP.2024.MA,1428874,1430498,1443499,1418009,1397816,1386293
Nepal,NPL,"Population ages 25-29, female",SP.POP.2529.FE,1364403,1402151,1430001,1433532,1431878,1427498
Nepal,NPL,"Population ages 25-29, male",SP.POP.2529.MA,1143047,1205458,1240135,1233710,1224684,1217154
Nepal,NPL,"Population ages 30-34, female",SP.POP.3034.FE,1168750,1211903,1236293,1249958,1265787,1284596
Nepal,NPL,"Population ages 30-34, male",SP.POP.3034.MA,889463,969596,991888,991943,997376,1010519
Nepal,NPL,"Population ages 35-39, female",SP.POP.3539.FE,1023072,1069487,1091473,1102668,1113916,1127327
Nepal,NPL,"Population ages 35-39, male",SP.POP.3539.MA,802323,863719,867948,853196,843013,841080
Nepal,NPL,"Population ages 40-44, female",SP.POP.4044.FE,859502,898739,927138,951017,974566,997814
Nepal,NPL,"Population ages 40-44, male",SP.POP.4044.MA,720798,766096,777593,776663,776116,776793
Nepal,NPL,"Population ages 45-49, female",SP.POP.4549.FE,740775,767733,783656,798719,816108,835678
Nepal,NPL,"Population ages 45-49, male",SP.POP.4549.MA,652165,682952,688301,687624,689254,693275
Nepal,NPL,"Population ages 50-54, female",SP.POP.5054.FE,618656,641684,665414,688270,706724,720340
Nepal,NPL,"Population ages 50-54, male",SP.POP.5054.MA,550978,571933,593924,614672,627224,629498
Nepal,NPL,"Population ages 55-59, female",SP.POP.5559.FE,520612,531318,543061,556685,571692,589303
Nepal,NPL,"Population ages 55-59, male",SP.POP.5559.MA,488730,490432,492581,496042,501231,511833
Nepal,NPL,"Population ages 60-64, female",SP.POP.6064.FE,442971,449629,457604,467045,476161,484654
Nepal,NPL,"Population ages 60-64, male",SP.POP.6064.MA,421370,426556,431854,437095,439311,438501
Nepal,NPL,"Population ages 65 and above, female",SP.POP.65UP.FE.IN,952498,973828,995769,1021150,1043886,1064784
Nepal,NPL,"Population ages 65 and above, male",SP.POP.65UP.MA.IN,811139,827351,845851,867602,884458,897176
Netherlands,NLD,"Population ages 10-14, male",SP.POP.1014.MA,487862,486505,485315,481858,476782,472642
Netherlands,NLD,"Population ages 15-19, female",SP.POP.1519.FE,507173,497527,494881,493628,490366,488177
Netherlands,NLD,"Population ages 10-14, female",SP.POP.1014.FE,464675,463659,462293,458664,454118,450206
Netherlands,NLD,"Population ages 15-19, male",SP.POP.1519.MA,530816,521107,517146,514482,511324,509509
Netherlands,NLD,"Population ages 20-24, female",SP.POP.2024.FE,547731,555819,566464,574269,574565,570673
Netherlands,NLD,"Population ages 20-24, male",SP.POP.2024.MA,564679,573071,584399,593048,593578,589941
Netherlands,NLD,"Population ages 25-29, female",SP.POP.2529.FE,564581,565912,575457,589698,599514,608600
Netherlands,NLD,"Population ages 25-29, male",SP.POP.2529.MA,582515,583082,591266,603848,613159,622183
Netherlands,NLD,"Population ages 30-34, female",SP.POP.3034.FE,554059,565717,580987,596866,606327,609171
Netherlands,NLD,"Population ages 30-34, male",SP.POP.3034.MA,566465,580303,596913,613315,623420,625825
Netherlands,NLD,"Population ages 35-39, female",SP.POP.3539.FE,525958,532424,545215,560359,572495,583408
Netherlands,NLD,"Population ages 35-39, male",SP.POP.3539.MA,531025,539124,553961,571370,584221,595819
Netherlands,NLD,"Population ages 40-44, female",SP.POP.4044.FE,512749,518724,526389,533597,539285,543902
Netherlands,NLD,"Population ages 40-44, male",SP.POP.4044.MA,510001,516733,525933,535164,542758,549396
Netherlands,NLD,"Population ages 45-49, female",SP.POP.4549.FE,581184,556169,537056,526103,521344,522453
Netherlands,NLD,"Population ages 45-49, male",SP.POP.4549.MA,574456,548825,530398,521061,517841,520074
Netherlands,NLD,"Population ages 50-54, female",SP.POP.5054.FE,641704,641345,638666,629081,609265,583737
Netherlands,NLD,"Population ages 50-54, male",SP.POP.5054.MA,645379,643590,638668,626413,604043,576418
Netherlands,NLD,"Population ages 55-59, female",SP.POP.5559.FE,636565,640247,639794,637765,636673,637160
Netherlands,NLD,"Population ages 55-59, male",SP.POP.5559.MA,634079,638629,639759,639011,638364,638439
Netherlands,NLD,"Population ages 60-64, female",SP.POP.6064.FE,567419,579381,592343,604816,615959,624596
Netherlands,NLD,"Population ages 60-64, male",SP.POP.6064.MA,560187,572663,585290,597590,608731,617679
Netherlands,NLD,"Population ages 65 and above, female",SP.POP.65UP.FE.IN,1819313,1852700,1889257,1928561,1970221,2013751
Netherlands,NLD,"Population ages 65 and above, male",SP.POP.65UP.MA.IN,1559175,1594613,1633466,1674886,1718164,1762675
New Caledonia,NCL,"Population ages 10-14, male",SP.POP.1014.MA,10792,10699,10653,10654,10645,10594
New Caledonia,NCL,"Population ages 15-19, female",SP.POP.1519.FE,10883,10702,10626,10589,10556,10550
New Caledonia,NCL,"Population ages 10-14, female",SP.POP.1014.FE,10548,10450,10352,10343,10382,10374
New Caledonia,NCL,"Population ages 15-19, male",SP.POP.1519.MA,10919,10752,10725,10783,10764,10736
New Caledonia,NCL,"Population ages 20-24, female",SP.POP.2024.FE,9735,9951,10235,10542,10738,10796
New Caledonia,NCL,"Population ages 20-24, male",SP.POP.2024.MA,9896,10058,10219,10438,10665,10771
New Caledonia,NCL,"Population ages 25-29, female",SP.POP.2529.FE,10352,10104,9860,9671,9619,9767
New Caledonia,NCL,"Population ages 25-29, male",SP.POP.2529.MA,10132,9876,9706,9618,9631,9818
New Caledonia,NCL,"Population ages 30-34, female",SP.POP.3034.FE,10984,10976,10911,10851,10725,10496
New Caledonia,NCL,"Population ages 30-34, male",SP.POP.3034.MA,10656,10616,10570,10517,10399,10181
New Caledonia,NCL,"Population ages 35-39, female",SP.POP.3539.FE,10616,10682,10772,10863,10939,11024
New Caledonia,NCL,"Population ages 35-39, male",SP.POP.3539.MA,10366,10440,10478,10524,10590,10631
New Caledonia,NCL,"Population ages 40-44, female",SP.POP.4044.FE,10173,10196,10281,10386,10489,10578
New Caledonia,NCL,"Population ages 40-44, male",SP.POP.4044.MA,9575,9649,9795,9960,10109,10257
New Caledonia,NCL,"Population ages 45-49, female",SP.POP.4549.FE,10470,10380,10264,10170,10086,10063
New Caledonia,NCL,"Population ages 45-49, male",SP.POP.4549.MA,10012,9831,9649,9494,9371,9368
New Caledonia,NCL,"Population ages 50-54, female",SP.POP.5054.FE,9470,9698,9903,10109,10254,10306
New Caledonia,NCL,"Population ages 50-54, male",SP.POP.5054.MA,9120,9311,9482,9662,9777,9754
New Caledonia,NCL,"Population ages 55-59, female",SP.POP.5559.FE,7878,8095,8358,8619,8924,9244
New Caledonia,NCL,"Population ages 55-59, male",SP.POP.5559.MA,7873,8062,8237,8393,8564,8812
New Caledonia,NCL,"Population ages 60-64, female",SP.POP.6064.FE,6483,6746,7002,7246,7454,7650
New Caledonia,NCL,"Population ages 60-64, male",SP.POP.6064.MA,6062,6286,6576,6892,7195,7461
New Caledonia,NCL,"Population ages 65 and above, female",SP.POP.65UP.FE.IN,15498,15996,16579,17189,17878,18602
New Caledonia,NCL,"Population ages 65 and above, male",SP.POP.65UP.MA.IN,13643,13977,14410,14959,15558,16181
New Zealand,NZL,"Population ages 10-14, male",SP.POP.1014.MA,170872,172847,172755,174364,172929,171222
New Zealand,NZL,"Population ages 15-19, female",SP.POP.1519.FE,155002,153613,154185,159330,162602,165838
New Zealand,NZL,"Population ages 10-14, female",SP.POP.1014.FE,161335,163279,163492,165402,164199,162386
New Zealand,NZL,"Population ages 15-19, male",SP.POP.1519.MA,163344,161800,162355,167667,171433,175265
New Zealand,NZL,"Population ages 20-24, female",SP.POP.2024.FE,163271,160460,158147,160515,161716,163546
New Zealand,NZL,"Population ages 20-24, male",SP.POP.2024.MA,175229,171582,168391,170042,170526,171775
New Zealand,NZL,"Population ages 25-29, female",SP.POP.2529.FE,185615,180465,174378,173374,170583,168578
New Zealand,NZL,"Population ages 25-29, male",SP.POP.2529.MA,194162,190015,185045,184774,182398,180417
New Zealand,NZL,"Population ages 30-34, female",SP.POP.3034.FE,186903,191132,192936,196485,194527,190040
New Zealand,NZL,"Population ages 30-34, male",SP.POP.3034.MA,185509,190750,193931,199522,199857,197780
New Zealand,NZL,"Population ages 35-39, female",SP.POP.3539.FE,168663,171571,174175,181096,185659,189978
New Zealand,NZL,"Population ages 35-39, male",SP.POP.3539.MA,165696,168552,171258,178126,183068,188473
New Zealand,NZL,"Population ages 40-44, female",SP.POP.4044.FE,156285,157556,159359,164736,167844,170744
New Zealand,NZL,"Population ages 40-44, male",SP.POP.4044.MA,152772,154510,156454,162077,165209,167763
New Zealand,NZL,"Population ages 45-49, female",SP.POP.4549.FE,169095,164542,159635,158742,157224,157257
New Zealand,NZL,"Population ages 45-49, male",SP.POP.4549.MA,162014,158506,154439,154044,153190,153858
New Zealand,NZL,"Population ages 50-54, female",SP.POP.5054.FE,167391,169246,170383,172965,171813,169039
New Zealand,NZL,"Population ages 50-54, male",SP.POP.5054.MA,159828,161343,162488,165248,164175,161758
New Zealand,NZL,"Population ages 55-59, female",SP.POP.5559.FE,167478,166353,164302,165439,165353,166503
New Zealand,NZL,"Population ages 55-59, male",SP.POP.5559.MA,157940,157182,155491,156775,156891,157986
New Zealand,NZL,"Population ages 60-64, female",SP.POP.6064.FE,149854,153738,157290,162914,165069,165560
New Zealand,NZL,"Population ages 60-64, male",SP.POP.6064.MA,140918,144168,147105,152091,153918,154481
New Zealand,NZL,"Population ages 65 and above, female",SP.POP.65UP.FE.IN,422941,436228,447250,465939,480543,495696
New Zealand,NZL,"Population ages 65 and above, male",SP.POP.65UP.MA.IN,372185,383961,394344,411467,424111,436898
Nicaragua,NIC,"Population ages 10-14, male",SP.POP.1014.MA,334630,336308,337716,338712,339225,339246
Nicaragua,NIC,"Population ages 15-19, female",SP.POP.1519.FE,311332,313036,315627,318644,321409,323591
Nicaragua,NIC,"Population ages 10-14, female",SP.POP.1014.FE,325568,327078,328307,329153,329554,329500
Nicaragua,NIC,"Population ages 15-19, male",SP.POP.1519.MA,319632,321491,324230,327409,330300,332563
Nicaragua,NIC,"Population ages 20-24, female",SP.POP.2024.FE,305838,305885,305469,305340,305853,307147
Nicaragua,NIC,"Population ages 20-24, male",SP.POP.2024.MA,313014,313340,313016,312931,313478,314830
Nicaragua,NIC,"Population ages 25-29, female",SP.POP.2529.FE,296414,297840,298804,299402,299907,300621
Nicaragua,NIC,"Population ages 25-29, male",SP.POP.2529.MA,297184,300173,302472,304108,305360,306572
Nicaragua,NIC,"Population ages 30-34, female",SP.POP.3034.FE,272801,277655,282262,286278,289481,291865
Nicaragua,NIC,"Population ages 30-34, male",SP.POP.3034.MA,262247,269104,275702,281625,286643,290696
Nicaragua,NIC,"Population ages 35-39, female",SP.POP.3539.FE,241734,247226,252674,258203,263691,268978
Nicaragua,NIC,"Population ages 35-39, male",SP.POP.3539.MA,223232,228827,235090,241969,249095,256224
Nicaragua,NIC,"Population ages 40-44, female",SP.POP.4044.FE,207543,213813,220043,226354,232420,238209
Nicaragua,NIC,"Population ages 40-44, male",SP.POP.4044.MA,192404,196947,201586,206665,211938,217422
Nicaragua,NIC,"Population ages 45-49, female",SP.POP.4549.FE,173105,178914,184942,191201,197551,204057
Nicaragua,NIC,"Population ages 45-49, male",SP.POP.4549.MA,162183,167106,172048,177009,181857,186761
Nicaragua,NIC,"Population ages 50-54, female",SP.POP.5054.FE,142053,146905,152058,157567,163267,169109
Nicaragua,NIC,"Population ages 50-54, male",SP.POP.5054.MA,129464,134532,139813,145352,150814,156135
Nicaragua,NIC,"Population ages 55-59, female",SP.POP.5559.FE,114940,118772,122985,127629,132390,137236
Nicaragua,NIC,"Population ages 55-59, male",SP.POP.5559.MA,98624,102514,107071,112139,117342,122595
Nicaragua,NIC,"Population ages 60-64, female",SP.POP.6064.FE,91094,93970,97232,100955,104823,108808
Nicaragua,NIC,"Population ages 60-64, male",SP.POP.6064.MA,74300,76519,79456,83016,86806,90818
Nicaragua,NIC,"Population ages 65 and above, female",SP.POP.65UP.FE.IN,196298,200339,206607,214953,223871,233197
Nicaragua,NIC,"Population ages 65 and above, male",SP.POP.65UP.MA.IN,142516,142792,146037,152108,158840,166059
Niger,NER,"Population ages 10-14, male",SP.POP.1014.MA,1630562,1688378,1745222,1801458,1856871,1910744
Niger,NER,"Population ages 15-19, female",SP.POP.1519.FE,1284923,1338824,1393892,1449808,1505458,1560600
Niger,NER,"Population ages 10-14, female",SP.POP.1014.FE,1573944,1629448,1684206,1738610,1792480,1845057
Niger,NER,"Population ages 15-19, male",SP.POP.1519.MA,1333696,1389268,1445888,1503383,1560940,1618335
Niger,NER,"Population ages 20-24, female",SP.POP.2024.FE,1018105,1066266,1115733,1166341,1216876,1267551
Niger,NER,"Population ages 20-24, male",SP.POP.2024.MA,1059220,1108586,1159372,1211505,1263698,1316040
Niger,NER,"Population ages 25-29, female",SP.POP.2529.FE,791498,828647,868624,911500,956977,1003938
Niger,NER,"Population ages 25-29, male",SP.POP.2529.MA,825164,863461,904849,949326,996365,1044711
Niger,NER,"Population ages 30-34, female",SP.POP.3034.FE,632679,656922,683480,712862,745221,780112
Niger,NER,"Population ages 30-34, male",SP.POP.3034.MA,662524,687335,714565,744708,777899,813778
Niger,NER,"Population ages 35-39, female",SP.POP.3539.FE,525668,542802,560706,579755,600097,622394
Niger,NER,"Population ages 35-39, male",SP.POP.3539.MA,553913,570922,588741,607877,628459,651164
Niger,NER,"Population ages 40-44, female",SP.POP.4044.FE,429961,446658,463701,480885,497973,515120
Niger,NER,"Population ages 40-44, male",SP.POP.4044.MA,454390,471986,489672,507282,524587,541759
Niger,NER,"Population ages 45-49, female",SP.POP.4549.FE,350017,361668,374161,388046,403248,419380
Niger,NER,"Population ages 45-49, male",SP.POP.4549.MA,364683,377532,391353,406649,423177,440427
Niger,NER,"Population ages 50-54, female",SP.POP.5054.FE,290466,298810,307563,317145,327501,338528
Niger,NER,"Population ages 50-54, male",SP.POP.5054.MA,298917,307157,315938,325811,336793,348773
Niger,NER,"Population ages 55-59, female",SP.POP.5559.FE,239463,246548,253707,261196,268947,277011
Niger,NER,"Population ages 55-59, male",SP.POP.5559.MA,242048,249170,256405,263966,271737,279760
Niger,NER,"Population ages 60-64, female",SP.POP.6064.FE,187784,194357,201149,208330,215640,222804
Niger,NER,"Population ages 60-64, male",SP.POP.6064.MA,184276,190713,197524,204744,212116,219360
Niger,NER,"Population ages 65 and above, female",SP.POP.65UP.FE.IN,325518,336227,347453,360266,374075,388366
Niger,NER,"Population ages 65 and above, male",SP.POP.65UP.MA.IN,273678,285406,298186,312313,327249,342523
Nigeria,NGA,"Population ages 10-14, male",SP.POP.1014.MA,13878828,14235263,14574322,14878846,15152791,15393344
Nigeria,NGA,"Population ages 15-19, female",SP.POP.1519.FE,11357363,11709343,12057170,12408766,12786668,13173225
Nigeria,NGA,"Population ages 10-14, female",SP.POP.1014.FE,13398885,13744735,14075833,14376558,14648404,14883339
Nigeria,NGA,"Population ages 15-19, male",SP.POP.1519.MA,11785061,12152763,12516724,12883974,13280320,13685202
Nigeria,NGA,"Population ages 20-24, female",SP.POP.2024.FE,9308392,9621243,9957410,10318032,10731428,11187791
Nigeria,NGA,"Population ages 20-24, male",SP.POP.2024.MA,9652459,9976789,10324814,10698259,11130512,11610583
Nigeria,NGA,"Population ages 25-29, female",SP.POP.2529.FE,7807842,8028665,8254408,8485134,8715678,8968537
Nigeria,NGA,"Population ages 25-29, male",SP.POP.2529.MA,8058797,8295538,8534036,8774685,9017930,9288631
Nigeria,NGA,"Population ages 30-34, female",SP.POP.3034.FE,6670350,6815021,6974137,7146989,7304101,7452206
Nigeria,NGA,"Population ages 30-34, male",SP.POP.3034.MA,6829644,6989604,7166112,7358851,7538670,7710183
Nigeria,NGA,"Population ages 35-39, female",SP.POP.3539.FE,5865156,5969910,6067134,6162859,6256760,6353006
Nigeria,NGA,"Population ages 35-39, male",SP.POP.3539.MA,5996457,6106051,6207949,6310333,6415364,6527658
Nigeria,NGA,"Population ages 40-44, female",SP.POP.4044.FE,4957561,5101989,5237244,5365612,5475974,5567956
Nigeria,NGA,"Population ages 40-44, male",SP.POP.4044.MA,5061985,5213520,5355242,5490497,5608713,5708828
Nigeria,NGA,"Population ages 45-49, female",SP.POP.4549.FE,3904106,4059925,4220482,4388858,4548940,4690834
Nigeria,NGA,"Population ages 45-49, male",SP.POP.4549.MA,3944847,4109352,4280606,4459762,4630435,4781996
Nigeria,NGA,"Population ages 50-54, female",SP.POP.5054.FE,3072882,3169264,3277414,3397045,3525540,3663772
Nigeria,NGA,"Population ages 50-54, male",SP.POP.5054.MA,3061715,3165151,3277682,3399899,3531762,3675924
Nigeria,NGA,"Population ages 55-59, female",SP.POP.5559.FE,2476478,2538182,2603927,2675633,2751296,2831639
Nigeria,NGA,"Population ages 55-59, male",SP.POP.5559.MA,2387549,2458124,2534555,2617176,2703817,2793995
Nigeria,NGA,"Population ages 60-64, female",SP.POP.6064.FE,1948759,1995862,2046343,2100110,2154828,2210301
Nigeria,NGA,"Population ages 60-64, male",SP.POP.6064.MA,1823445,1873390,1928026,1986091,2046330,2108917
Nigeria,NGA,"Population ages 65 and above, female",SP.POP.65UP.FE.IN,3353847,3437687,3530055,3627550,3726427,3826711
Nigeria,NGA,"Population ages 65 and above, male",SP.POP.65UP.MA.IN,3026045,3097080,3182195,3273116,3367184,3464290
North America,NAC,"Population ages 10-14, male",SP.POP.1014.MA,12268999,12162990,12019199,11867936,11733774,11652136
North America,NAC,"Population ages 15-19, female",SP.POP.1519.FE,11498769,11513850,11626700,11759360,11855793,11897534
North America,NAC,"Population ages 10-14, female",SP.POP.1014.FE,11582193,11484695,11352333,11215492,11093779,11022671
North America,NAC,"Population ages 15-19, male",SP.POP.1519.MA,12246354,12247741,12350004,12469777,12558634,12595475
North America,NAC,"Population ages 20-24, female",SP.POP.2024.FE,11674349,11683318,11725204,11781862,11905703,12104160
North America,NAC,"Population ages 20-24, male",SP.POP.2024.MA,12552932,12534212,12542569,12564555,12662647,12845326
North America,NAC,"Population ages 25-29, female",SP.POP.2529.FE,12489654,12273613,12120491,12038058,11993549,12022871
North America,NAC,"Population ages 25-29, male",SP.POP.2529.MA,13412561,13184663,13018791,12916828,12861095,12888614
North America,NAC,"Population ages 30-34, female",SP.POP.3034.FE,12642672,12773491,12893481,12959217,12890144,12703731
North America,NAC,"Population ages 30-34, male",SP.POP.3034.MA,13492225,13627300,13751308,13823714,13764854,13590879
North America,NAC,"Population ages 35-39, female",SP.POP.3539.FE,12292074,12342468,12416495,12538977,12661020,12786838
North America,NAC,"Population ages 35-39, male",SP.POP.3539.MA,13003164,13071870,13162593,13300879,13441474,13589214
North America,NAC,"Population ages 40-44, female",SP.POP.4044.FE,11482485,11712473,11948292,12170252,12306152,12378602
North America,NAC,"Population ages 40-44, male",SP.POP.4044.MA,12019693,12266078,12520086,12763906,12928457,13031783
North America,NAC,"Population ages 45-49, female",SP.POP.4549.FE,11101691,10926697,10932515,11098882,11289346,11510335
North America,NAC,"Population ages 45-49, male",SP.POP.4549.MA,11534874,11353948,11361859,11536659,11739868,11978373
North America,NAC,"Population ages 50-54, female",SP.POP.5054.FE,11417496,11398657,11380545,11337634,11231700,11061478
North America,NAC,"Population ages 50-54, male",SP.POP.5054.MA,11734057,11723928,11707571,11662572,11559001,11392091
North America,NAC,"Population ages 55-59, female",SP.POP.5559.FE,12242041,12017775,11776833,11567448,11368658,11276404
North America,NAC,"Population ages 55-59, male",SP.POP.5559.MA,12340914,12121605,11883251,11679150,11497103,11426061
North America,NAC,"Population ages 60-64, female",SP.POP.6064.FE,11801699,11886587,11970327,12035802,12035379,11950370
North America,NAC,"Population ages 60-64, male",SP.POP.6064.MA,11481663,11628674,11751288,11841537,11860457,11787346
North America,NAC,"Population ages 65 and above, female",SP.POP.65UP.FE.IN,32704058,33571601,34622158,35862084,37014743,38095942
North America,NAC,"Population ages 65 and above, male",SP.POP.65UP.MA.IN,27430383,28209546,29154489,30295378,31385707,32419271
North Macedonia,MKD,"Population ages 10-14, male",SP.POP.1014.MA,53686,53868,54583,55312,55605,55649
North Macedonia,MKD,"Population ages 15-19, female",SP.POP.1519.FE,53533,51901,51062,50539,50639,51231
North Macedonia,MKD,"Population ages 10-14, female",SP.POP.1014.FE,52045,52347,52901,53539,53861,53824
North Macedonia,MKD,"Population ages 15-19, male",SP.POP.1519.MA,54695,52881,52120,51732,52054,52752
North Macedonia,MKD,"Population ages 20-24, female",SP.POP.2024.FE,55948,54267,53560,53025,52158,50969
North Macedonia,MKD,"Population ages 20-24, male",SP.POP.2024.MA,57615,55298,54526,54012,53132,51975
North Macedonia,MKD,"Population ages 25-29, female",SP.POP.2529.FE,60431,58607,57250,55700,54082,52884
North Macedonia,MKD,"Population ages 25-29, male",SP.POP.2529.MA,62092,60376,59141,57565,55774,54245
North Macedonia,MKD,"Population ages 30-34, female",SP.POP.3034.FE,62804,61924,61145,60221,59230,58142
North Macedonia,MKD,"Population ages 30-34, male",SP.POP.3034.MA,63168,62563,61935,61121,60354,59600
North Macedonia,MKD,"Population ages 35-39, female",SP.POP.3539.FE,65179,64134,63600,62957,62067,61365
North Macedonia,MKD,"Population ages 35-39, male",SP.POP.3539.MA,64464,63368,62948,62497,61870,61556
North Macedonia,MKD,"Population ages 40-44, female",SP.POP.4044.FE,64985,64593,64780,65002,64782,64136
North Macedonia,MKD,"Population ages 40-44, male",SP.POP.4044.MA,64158,63813,64029,64160,63811,63083
North Macedonia,MKD,"Population ages 45-49, female",SP.POP.4549.FE,64629,64515,64499,64424,64194,64008
North Macedonia,MKD,"Population ages 45-49, male",SP.POP.4549.MA,61487,61286,61584,62070,62506,62732
North Macedonia,MKD,"Population ages 50-54, female",SP.POP.5054.FE,64823,63894,63558,63336,63254,63503
North Macedonia,MKD,"Population ages 50-54, male",SP.POP.5054.MA,61958,60732,60125,59739,59478,59629
North Macedonia,MKD,"Population ages 55-59, female",SP.POP.5559.FE,65450,65036,65082,65039,64226,63229
North Macedonia,MKD,"Population ages 55-59, male",SP.POP.5559.MA,62155,61654,61410,61093,60207,59218
North Macedonia,MKD,"Population ages 60-64, female",SP.POP.6064.FE,63850,63435,63244,63169,63028,63005
North Macedonia,MKD,"Population ages 60-64, male",SP.POP.6064.MA,59823,59204,58819,58546,58188,58037
North Macedonia,MKD,"Population ages 65 and above, female",SP.POP.65UP.FE.IN,173938,176101,178971,183074,187101,190864
North Macedonia,MKD,"Population ages 65 and above, male",SP.POP.65UP.MA.IN,129470,131146,133293,136826,140745,144349
Northern Mariana Islands,MNP,"Population ages 10-14, male",SP.POP.1014.MA,2192,2149,2086,2010,1926,1841
Northern Mariana Islands,MNP,"Population ages 15-19, female",SP.POP.1519.FE,1853,1870,1860,1842,1837,1841
Northern Mariana Islands,MNP,"Population ages 10-14, female",SP.POP.1014.FE,2020,1979,1921,1853,1774,1686
Northern Mariana Islands,MNP,"Population ages 15-19, male",SP.POP.1519.MA,1999,2021,2024,2021,2024,2027
Northern Mariana Islands,MNP,"Population ages 20-24, female",SP.POP.2024.FE,1383,1337,1298,1282,1312,1375
Northern Mariana Islands,MNP,"Population ages 20-24, male",SP.POP.2024.MA,1556,1518,1477,1465,1495,1558
Northern Mariana Islands,MNP,"Population ages 25-29, female",SP.POP.2529.FE,1486,1355,1179,1011,871,784
Northern Mariana Islands,MNP,"Population ages 25-29, male",SP.POP.2529.MA,1578,1456,1307,1162,1052,993
Northern Mariana Islands,MNP,"Population ages 30-34, female",SP.POP.3034.FE,1365,1317,1258,1190,1106,1009
Northern Mariana Islands,MNP,"Population ages 30-34, male",SP.POP.3034.MA,1603,1537,1436,1327,1221,1116
Northern Mariana Islands,MNP,"Population ages 35-39, female",SP.POP.3539.FE,1454,1371,1273,1177,1097,1040
Northern Mariana Islands,MNP,"Population ages 35-39, male",SP.POP.3539.MA,1593,1525,1453,1385,1326,1277
Northern Mariana Islands,MNP,"Population ages 40-44, female",SP.POP.4044.FE,1628,1560,1485,1407,1325,1241
Northern Mariana Islands,MNP,"Population ages 40-44, male",SP.POP.4044.MA,1826,1737,1636,1533,1442,1370
Northern Mariana Islands,MNP,"Population ages 45-49, female",SP.POP.4549.FE,1861,1788,1705,1626,1552,1481
Northern Mariana Islands,MNP,"Population ages 45-49, male",SP.POP.4549.MA,2058,1988,1909,1832,1751,1666
Northern Mariana Islands,MNP,"Population ages 50-54, female",SP.POP.5054.FE,1994,1986,1952,1899,1826,1751
Northern Mariana Islands,MNP,"Population ages 50-54, male",SP.POP.5054.MA,2150,2137,2101,2046,1989,1928
Northern Mariana Islands,MNP,"Population ages 55-59, female",SP.POP.5559.FE,1560,1652,1738,1812,1869,1896
Northern Mariana Islands,MNP,"Population ages 55-59, male",SP.POP.5559.MA,1884,1933,1976,2010,2025,2026
Northern Mariana Islands,MNP,"Population ages 60-64, female",SP.POP.6064.FE,1192,1244,1294,1347,1403,1472
Northern Mariana Islands,MNP,"Population ages 60-64, male",SP.POP.6064.MA,1392,1481,1560,1631,1696,1753
Northern Mariana Islands,MNP,"Population ages 65 and above, female",SP.POP.65UP.FE.IN,1443,1598,1760,1933,2111,2286
Northern Mariana Islands,MNP,"Population ages 65 and above, male",SP.POP.65UP.MA.IN,1498,1657,1824,2009,2207,2412
Norway,NOR,"Population ages 10-14, male",SP.POP.1014.MA,167484,168504,169573,169378,166954,164654
Norway,NOR,"Population ages 15-19, female",SP.POP.1519.FE,154542,154842,157028,160648,164244,166539
Norway,NOR,"Population ages 10-14, female",SP.POP.1014.FE,158938,159669,160409,160530,158741,156503
Norway,NOR,"Population ages 15-19, male",SP.POP.1519.MA,162878,162641,165042,169132,173025,175508
Norway,NOR,"Population ages 20-24, female",SP.POP.2024.FE,163810,162484,161878,163717,167056,169914
Norway,NOR,"Population ages 20-24, male",SP.POP.2024.MA,175828,174195,172575,173169,175643,177597
Norway,NOR,"Population ages 25-29, female",SP.POP.2529.FE,179907,178379,178801,180113,180643,180085
Norway,NOR,"Population ages 25-29, male",SP.POP.2529.MA,188998,188406,188647,189547,190489,190383
Norway,NOR,"Population ages 30-34, female",SP.POP.3034.FE,184942,187980,191210,194165,194704,193014
Norway,NOR,"Population ages 30-34, male",SP.POP.3034.MA,192589,195532,199063,202263,202965,201609
Norway,NOR,"Population ages 35-39, female",SP.POP.3539.FE,173512,175111,178775,184259,189076,192895
Norway,NOR,"Population ages 35-39, male",SP.POP.3539.MA,183802,185511,188189,192149,196659,200180
Norway,NOR,"Population ages 40-44, female",SP.POP.4044.FE,168827,169413,172209,175638,177729,179259
Norway,NOR,"Population ages 40-44, male",SP.POP.4044.MA,178839,179150,181099,184322,186409,187635
Norway,NOR,"Population ages 45-49, female",SP.POP.4549.FE,182367,179649,176725,174996,173489,172531
Norway,NOR,"Population ages 45-49, male",SP.POP.4549.MA,191623,188729,185039,182444,181100,180591
Norway,NOR,"Population ages 50-54, female",SP.POP.5054.FE,182007,183840,185857,186583,185675,184078
Norway,NOR,"Population ages 50-54, male",SP.POP.5054.MA,191388,192462,193738,194406,193478,191525
Norway,NOR,"Population ages 55-59, female",SP.POP.5559.FE,164184,167654,171735,176049,179534,181905
Norway,NOR,"Population ages 55-59, male",SP.POP.5559.MA,171437,175581,179488,183573,187256,189286
Norway,NOR,"Population ages 60-64, female",SP.POP.6064.FE,152837,153522,154931,157163,159667,162723
Norway,NOR,"Population ages 60-64, male",SP.POP.6064.MA,155612,156946,158757,161160,163917,167467
Norway,NOR,"Population ages 65 and above, female",SP.POP.65UP.FE.IN,509208,520145,530950,541894,552831,563537
Norway,NOR,"Population ages 65 and above, male",SP.POP.65UP.MA.IN,444475,457356,469348,481099,493740,506411
Not classified,INX,"Population ages 10-14, male",SP.POP.1014.MA,..,..,..,..,..,..
Not classified,INX,"Population ages 15-19, female",SP.POP.1519.FE,..,..,..,..,..,..
Not classified,INX,"Population ages 10-14, female",SP.POP.1014.FE,..,..,..,..,..,..
Not classified,INX,"Population ages 15-19, male",SP.POP.1519.MA,..,..,..,..,..,..
Not classified,INX,"Population ages 20-24, female",SP.POP.2024.FE,..,..,..,..,..,..
Not classified,INX,"Population ages 20-24, male",SP.POP.2024.MA,..,..,..,..,..,..
Not classified,INX,"Population ages 25-29, female",SP.POP.2529.FE,..,..,..,..,..,..
Not classified,INX,"Population ages 25-29, male",SP.POP.2529.MA,..,..,..,..,..,..
Not classified,INX,"Population ages 30-34, female",SP.POP.3034.FE,..,..,..,..,..,..
Not classified,INX,"Population ages 30-34, male",SP.POP.3034.MA,..,..,..,..,..,..
Not classified,INX,"Population ages 35-39, female",SP.POP.3539.FE,..,..,..,..,..,..
Not classified,INX,"Population ages 35-39, male",SP.POP.3539.MA,..,..,..,..,..,..
Not classified,INX,"Population ages 40-44, female",SP.POP.4044.FE,..,..,..,..,..,..
Not classified,INX,"Population ages 40-44, male",SP.POP.4044.MA,..,..,..,..,..,..
Not classified,INX,"Population ages 45-49, female",SP.POP.4549.FE,..,..,..,..,..,..
Not classified,INX,"Population ages 45-49, male",SP.POP.4549.MA,..,..,..,..,..,..
Not classified,INX,"Population ages 50-54, female",SP.POP.5054.FE,..,..,..,..,..,..
Not classified,INX,"Population ages 50-54, male",SP.POP.5054.MA,..,..,..,..,..,..
Not classified,INX,"Population ages 55-59, female",SP.POP.5559.FE,..,..,..,..,..,..
Not classified,INX,"Population ages 55-59, male",SP.POP.5559.MA,..,..,..,..,..,..
Not classified,INX,"Population ages 60-64, female",SP.POP.6064.FE,..,..,..,..,..,..
Not classified,INX,"Population ages 60-64, male",SP.POP.6064.MA,..,..,..,..,..,..
Not classified,INX,"Population ages 65 and above, female",SP.POP.65UP.FE.IN,..,..,..,..,..,..
Not classified,INX,"Population ages 65 and above, male",SP.POP.65UP.MA.IN,..,..,..,..,..,..
OECD members,OED,"Population ages 10-14, male",SP.POP.1014.MA,42967666,42953573,42915029,42739173,42415264,42094170
OECD members,OED,"Population ages 15-19, female",SP.POP.1519.FE,40862538,40681139,40855378,41140711,41379773,41587457
OECD members,OED,"Population ages 10-14, female",SP.POP.1014.FE,40825631,40840746,40824226,40670296,40375751,40080652
OECD members,OED,"Population ages 15-19, male",SP.POP.1519.MA,43110188,42872410,43007799,43269386,43492739,43687948
OECD members,OED,"Population ages 20-24, female",SP.POP.2024.FE,42814367,42685150,42591671,42401283,42304386,42390638
OECD members,OED,"Population ages 20-24, male",SP.POP.2024.MA,45216793,45052001,44913284,44669447,44503714,44518270
OECD members,OED,"Population ages 25-29, female",SP.POP.2529.FE,45083295,44585553,44315552,44148331,43888024,43680434
OECD members,OED,"Population ages 25-29, male",SP.POP.2529.MA,47073678,46634369,46437221,46326948,46111315,45929295
OECD members,OED,"Population ages 30-34, female",SP.POP.3034.FE,45864248,45952428,46190192,46315188,46058760,45532643
OECD members,OED,"Population ages 30-34, male",SP.POP.3034.MA,47146869,47323510,47670717,47919295,47780591,47356313
OECD members,OED,"Population ages 35-39, female",SP.POP.3539.FE,46333783,46093837,46046657,46108970,46120192,46135138
OECD members,OED,"Population ages 35-39, male",SP.POP.3539.MA,46910163,46736501,46778598,46940465,47068211,47215607
OECD members,OED,"Population ages 40-44, female",SP.POP.4044.FE,45820984,46053997,46423244,46716437,46694468,46481367
OECD members,OED,"Population ages 40-44, male",SP.POP.4044.MA,45995071,46217225,46593716,46920628,46955941,46820855
OECD members,OED,"Population ages 45-49, female",SP.POP.4549.FE,45989587,45642777,45549692,45649125,45679695,45830616
OECD members,OED,"Population ages 45-49, male",SP.POP.4549.MA,45934061,45578098,45477155,45555191,45570167,45718283
OECD members,OED,"Population ages 50-54, female",SP.POP.5054.FE,45311457,45513504,45866386,46034704,45995535,45799996
OECD members,OED,"Population ages 50-54, male",SP.POP.5054.MA,44878219,45029477,45351393,45545598,45529398,45336104
OECD members,OED,"Population ages 55-59, female",SP.POP.5559.FE,44586215,44599797,44699428,44869393,44849657,44849252
OECD members,OED,"Population ages 55-59, male",SP.POP.5559.MA,43552332,43580894,43674182,43818534,43802506,43810669
OECD members,OED,"Population ages 60-64, female",SP.POP.6064.FE,40921370,41438062,42118649,42803337,43317364,43682449
OECD members,OED,"Population ages 60-64, male",SP.POP.6064.MA,38889534,39452696,40147342,40835178,41364933,41753065
OECD members,OED,"Population ages 65 and above, female",SP.POP.65UP.FE.IN,131726185,134132250,137129961,140423088,143491471,146516950
OECD members,OED,"Population ages 65 and above, male",SP.POP.65UP.MA.IN,104791139,106921023,109519848,112445382,115274703,118077064
Oman,OMN,"Population ages 10-14, male",SP.POP.1014.MA,157914,169215,179427,191741,203491,214734
Oman,OMN,"Population ages 15-19, female",SP.POP.1519.FE,122081,126053,130016,136579,145325,154902
Oman,OMN,"Population ages 10-14, female",SP.POP.1014.FE,152039,163180,172832,184591,195994,206297
Oman,OMN,"Population ages 15-19, male",SP.POP.1519.MA,126843,130964,135221,142510,151765,161282
Oman,OMN,"Population ages 20-24, female",SP.POP.2024.FE,130524,125699,130158,141261,148023,151686
Oman,OMN,"Population ages 20-24, male",SP.POP.2024.MA,191071,180307,208208,250985,271396,282025
Oman,OMN,"Population ages 25-29, female",SP.POP.2529.FE,172011,164489,163933,169839,173754,175614
Oman,OMN,"Population ages 25-29, male",SP.POP.2529.MA,391909,354322,360457,376629,384889,398581
Oman,OMN,"Population ages 30-34, female",SP.POP.3034.FE,185680,182838,186554,194386,199870,204203
Oman,OMN,"Population ages 30-34, male",SP.POP.3034.MA,450051,417748,428747,444854,453883,473028
Oman,OMN,"Population ages 35-39, female",SP.POP.3539.FE,157461,164068,174611,187116,196476,203406
Oman,OMN,"Population ages 35-39, male",SP.POP.3539.MA,364488,361649,393862,435462,463507,485718
Oman,OMN,"Population ages 40-44, female",SP.POP.4044.FE,119211,125781,134452,146013,156163,164636
Oman,OMN,"Population ages 40-44, male",SP.POP.4044.MA,247813,249674,278199,316407,341817,361299
Oman,OMN,"Population ages 45-49, female",SP.POP.4549.FE,76372,82783,91040,101455,110902,118633
Oman,OMN,"Population ages 45-49, male",SP.POP.4549.MA,166661,166051,179455,199658,216327,229976
Oman,OMN,"Population ages 50-54, female",SP.POP.5054.FE,51376,53703,57348,62316,67554,72992
Oman,OMN,"Population ages 50-54, male",SP.POP.5054.MA,109261,109161,118141,129221,137950,147192
Oman,OMN,"Population ages 55-59, female",SP.POP.5559.FE,40367,40888,42472,44863,46838,48658
Oman,OMN,"Population ages 55-59, male",SP.POP.5559.MA,70029,68832,72404,77805,82254,86482
Oman,OMN,"Population ages 60-64, female",SP.POP.6064.FE,31219,32630,34623,36718,38259,38820
Oman,OMN,"Population ages 60-64, male",SP.POP.6064.MA,44389,42959,44311,47041,49615,51586
Oman,OMN,"Population ages 65 and above, female",SP.POP.65UP.FE.IN,60407,60893,65190,69523,72268,76867
Oman,OMN,"Population ages 65 and above, male",SP.POP.65UP.MA.IN,57495,56836,60518,64810,67382,70777
Other small states,OSS,"Population ages 10-14, male",SP.POP.1014.MA,568056,567690,569567,573557,574105,573668
Other small states,OSS,"Population ages 15-19, female",SP.POP.1519.FE,529160,533953,537297,541364,543988,545351
Other small states,OSS,"Population ages 10-14, female",SP.POP.1014.FE,545125,545397,547752,551090,551530,551329
Other small states,OSS,"Population ages 15-19, male",SP.POP.1519.MA,559809,567327,565024,563154,565388,567971
Other small states,OSS,"Population ages 20-24, female",SP.POP.2024.FE,517500,522444,521374,522028,527146,533001
Other small states,OSS,"Population ages 20-24, male",SP.POP.2024.MA,584609,590480,584554,578763,578028,581516
Other small states,OSS,"Population ages 25-29, female",SP.POP.2529.FE,542393,541991,538831,533106,528598,526208
Other small states,OSS,"Population ages 25-29, male",SP.POP.2529.MA,659143,665663,646900,625419,615640,609012
Other small states,OSS,"Population ages 30-34, female",SP.POP.3034.FE,536600,545071,553143,557367,555256,550447
Other small states,OSS,"Population ages 30-34, male",SP.POP.3034.MA,688654,696964,701071,697196,689958,682831
Other small states,OSS,"Population ages 35-39, female",SP.POP.3539.FE,485510,495652,509192,523115,533269,541326
Other small states,OSS,"Population ages 35-39, male",SP.POP.3539.MA,607416,619055,648853,678193,692643,704055
Other small states,OSS,"Population ages 40-44, female",SP.POP.4044.FE,427359,437772,452589,468221,478838,487436
Other small states,OSS,"Population ages 40-44, male",SP.POP.4044.MA,502850,516235,543787,575394,594616,608530
Other small states,OSS,"Population ages 45-49, female",SP.POP.4549.FE,372171,379831,391819,405075,415415,425283
Other small states,OSS,"Population ages 45-49, male",SP.POP.4549.MA,418572,425684,443611,465467,481283,495712
Other small states,OSS,"Population ages 50-54, female",SP.POP.5054.FE,338138,341138,347783,356044,361841,367910
Other small states,OSS,"Population ages 50-54, male",SP.POP.5054.MA,358280,361601,374131,389207,398329,406861
Other small states,OSS,"Population ages 55-59, female",SP.POP.5559.FE,312126,316424,318815,322864,326757,329867
Other small states,OSS,"Population ages 55-59, male",SP.POP.5559.MA,310395,311710,317530,327318,334217,339523
Other small states,OSS,"Population ages 60-64, female",SP.POP.6064.FE,272134,278594,285371,292149,296435,299311
Other small states,OSS,"Population ages 60-64, male",SP.POP.6064.MA,261291,266613,271710,278227,282999,286298
Other small states,OSS,"Population ages 65 and above, female",SP.POP.65UP.FE.IN,703846,721380,742515,768007,788700,808780
Other small states,OSS,"Population ages 65 and above, male",SP.POP.65UP.MA.IN,536022,551601,568689,590168,609379,627619
Pacific island small states,PSS,"Population ages 10-14, male",SP.POP.1014.MA,139508,142254,145081,147875,150417,152569
Pacific island small states,PSS,"Population ages 15-19, female",SP.POP.1519.FE,120179,122113,124359,126747,129318,132068
Pacific island small states,PSS,"Population ages 10-14, female",SP.POP.1014.FE,134559,136936,139455,141944,144138,145958
Pacific island small states,PSS,"Population ages 15-19, male",SP.POP.1519.MA,122960,125004,127517,130319,133304,136572
Pacific island small states,PSS,"Population ages 20-24, female",SP.POP.2024.FE,111079,111485,111954,112912,114253,115855
Pacific island small states,PSS,"Population ages 20-24, male",SP.POP.2024.MA,110013,110840,111991,113715,115779,117883
Pacific island small states,PSS,"Population ages 25-29, female",SP.POP.2529.FE,102038,103041,103936,104850,105666,106204
Pacific island small states,PSS,"Population ages 25-29, male",SP.POP.2529.MA,100670,101286,101864,102508,103314,104284
Pacific island small states,PSS,"Population ages 30-34, female",SP.POP.3034.FE,94888,95443,95922,96486,97068,97846
Pacific island small states,PSS,"Population ages 30-34, male",SP.POP.3034.MA,93074,93426,93839,94404,95004,95729
Pacific island small states,PSS,"Population ages 35-39, female",SP.POP.3539.FE,86638,88142,89369,90312,90968,91571
Pacific island small states,PSS,"Population ages 35-39, male",SP.POP.3539.MA,85780,86799,87609,88135,88482,88984
Pacific island small states,PSS,"Population ages 40-44, female",SP.POP.4044.FE,71759,74003,76426,79275,81774,83660
Pacific island small states,PSS,"Population ages 40-44, male",SP.POP.4044.MA,73623,74976,76486,78628,80685,82179
Pacific island small states,PSS,"Population ages 45-49, female",SP.POP.4549.FE,61704,62653,63722,64826,66621,69013
Pacific island small states,PSS,"Population ages 45-49, male",SP.POP.4549.MA,64447,65462,66477,67363,68572,70145
Pacific island small states,PSS,"Population ages 50-54, female",SP.POP.5054.FE,55585,56221,56829,57475,58054,58750
Pacific island small states,PSS,"Population ages 50-54, male",SP.POP.5054.MA,56827,57609,58284,59004,59668,60454
Pacific island small states,PSS,"Population ages 55-59, female",SP.POP.5559.FE,48111,49125,49911,50534,51264,52032
Pacific island small states,PSS,"Population ages 55-59, male",SP.POP.5559.MA,47647,48662,49487,50173,50969,51857
Pacific island small states,PSS,"Population ages 60-64, female",SP.POP.6064.FE,37716,38879,40118,41543,42753,43793
Pacific island small states,PSS,"Population ages 60-64, male",SP.POP.6064.MA,35874,36912,38013,39277,40435,41458
Pacific island small states,PSS,"Population ages 65 and above, female",SP.POP.65UP.FE.IN,69099,70989,72927,75243,77727,80360
Pacific island small states,PSS,"Population ages 65 and above, male",SP.POP.65UP.MA.IN,57960,58924,60078,61643,63394,65304
Pakistan,PAK,"Population ages 10-14, male",SP.POP.1014.MA,14290977,14662285,14955931,15157142,15267800,15300856
Pakistan,PAK,"Population ages 15-19, female",SP.POP.1519.FE,11953769,12117846,12330361,12582452,12919160,13328582
Pakistan,PAK,"Population ages 10-14, female",SP.POP.1014.FE,13509747,13898217,14215455,14447627,14587596,14647314
Pakistan,PAK,"Population ages 15-19, male",SP.POP.1519.MA,12754294,12896582,13068605,13278663,13595452,14000905
Pakistan,PAK,"Population ages 20-24, female",SP.POP.2024.FE,10589322,10866630,11109827,11299772,11435741,11538231
Pakistan,PAK,"Population ages 20-24, male",SP.POP.2024.MA,11372728,11634817,11818461,11916715,11986568,12065308
Pakistan,PAK,"Population ages 25-29, female",SP.POP.2529.FE,9178292,9371222,9548832,9706986,9890919,10109938
Pakistan,PAK,"Population ages 25-29, male",SP.POP.2529.MA,9861463,10055230,10192845,10270086,10388460,10577553
Pakistan,PAK,"Population ages 30-34, female",SP.POP.3034.FE,7971028,8166761,8352475,8506781,8647286,8793611
Pakistan,PAK,"Population ages 30-34, male",SP.POP.3034.MA,8441375,8671754,8851377,8964742,9078300,9216787
Pakistan,PAK,"Population ages 35-39, female",SP.POP.3539.FE,6781031,6996912,7188898,7357927,7520432,7686582
Pakistan,PAK,"Population ages 35-39, male",SP.POP.3539.MA,7054881,7278328,7458153,7604308,7767197,7959343
Pakistan,PAK,"Population ages 40-44, female",SP.POP.4044.FE,5462580,5664032,5890279,6120022,6345490,6561923
Pakistan,PAK,"Population ages 40-44, male",SP.POP.4044.MA,5649523,5850042,6058803,6256806,6465462,6683231
Pakistan,PAK,"Population ages 45-49, female",SP.POP.4549.FE,4592609,4717629,4845799,4976816,5118175,5277797
Pakistan,PAK,"Population ages 45-49, male",SP.POP.4549.MA,4693000,4815287,4935715,5053256,5183183,5337304
Pakistan,PAK,"Population ages 50-54, female",SP.POP.5054.FE,3949298,4023718,4107988,4202041,4303240,4412658
Pakistan,PAK,"Population ages 50-54, male",SP.POP.5054.MA,3995869,4060604,4129693,4204182,4290900,4393427
Pakistan,PAK,"Population ages 55-59, female",SP.POP.5559.FE,3428309,3496159,3562284,3628493,3690866,3753501
Pakistan,PAK,"Population ages 55-59, male",SP.POP.5559.MA,3405482,3462562,3516564,3567569,3616861,3670204
Pakistan,PAK,"Population ages 60-64, female",SP.POP.6064.FE,2768708,2864829,2957982,3046567,3124441,3193213
Pakistan,PAK,"Population ages 60-64, male",SP.POP.6064.MA,2673615,2753432,2831350,2903480,2967213,3025091
Pakistan,PAK,"Population ages 65 and above, female",SP.POP.65UP.FE.IN,4980044,5145282,5338039,5557626,5778612,6001269
Pakistan,PAK,"Population ages 65 and above, male",SP.POP.65UP.MA.IN,4473273,4558776,4682145,4828335,4977288,5131057
Palau,PLW,"Population ages 10-14, male",SP.POP.1014.MA,603,611,619,625,630,630
Palau,PLW,"Population ages 15-19, female",SP.POP.1519.FE,513,536,558,577,590,598
Palau,PLW,"Population ages 10-14, female",SP.POP.1014.FE,600,600,592,579,565,550
Palau,PLW,"Population ages 15-19, male",SP.POP.1519.MA,553,571,584,593,596,601
Palau,PLW,"Population ages 20-24, female",SP.POP.2024.FE,440,437,439,450,474,497
Palau,PLW,"Population ages 20-24, male",SP.POP.2024.MA,513,484,476,489,513,538
Palau,PLW,"Population ages 25-29, female",SP.POP.2529.FE,548,525,494,461,434,421
Palau,PLW,"Population ages 25-29, male",SP.POP.2529.MA,788,739,675,606,540,492
Palau,PLW,"Population ages 30-34, female",SP.POP.3034.FE,565,564,565,561,552,535
Palau,PLW,"Population ages 30-34, male",SP.POP.3034.MA,789,798,804,806,800,773
Palau,PLW,"Population ages 35-39, female",SP.POP.3539.FE,559,556,557,559,561,559
Palau,PLW,"Population ages 35-39, male",SP.POP.3539.MA,815,807,798,784,775,778
Palau,PLW,"Population ages 40-44, female",SP.POP.4044.FE,614,600,584,568,557,550
Palau,PLW,"Population ages 40-44, male",SP.POP.4044.MA,824,818,814,813,806,799
Palau,PLW,"Population ages 45-49, female",SP.POP.4549.FE,629,630,629,621,611,601
Palau,PLW,"Population ages 45-49, male",SP.POP.4549.MA,831,826,819,813,805,798
Palau,PLW,"Population ages 50-54, female",SP.POP.5054.FE,629,621,613,610,610,609
Palau,PLW,"Population ages 50-54, male",SP.POP.5054.MA,763,768,772,781,789,791
Palau,PLW,"Population ages 55-59, female",SP.POP.5559.FE,604,610,612,608,605,601
Palau,PLW,"Population ages 55-59, male",SP.POP.5559.MA,663,676,686,692,700,709
Palau,PLW,"Population ages 60-64, female",SP.POP.6064.FE,497,516,534,549,559,565
Palau,PLW,"Population ages 60-64, male",SP.POP.6064.MA,536,548,561,573,581,593
Palau,PLW,"Population ages 65 and above, female",SP.POP.65UP.FE.IN,924,957,994,1033,1073,1114
Palau,PLW,"Population ages 65 and above, male",SP.POP.65UP.MA.IN,770,810,849,890,934,976
Panama,PAN,"Population ages 10-14, male",SP.POP.1014.MA,187956,189848,191983,193950,195789,197523
Panama,PAN,"Population ages 15-19, female",SP.POP.1519.FE,174174,175301,176567,178037,179346,180632
Panama,PAN,"Population ages 10-14, female",SP.POP.1014.FE,179851,181652,183636,185375,186908,188284
Panama,PAN,"Population ages 15-19, male",SP.POP.1519.MA,181810,182972,184255,185742,187090,188454
Panama,PAN,"Population ages 20-24, female",SP.POP.2024.FE,170022,171303,172609,173936,175209,176351
Panama,PAN,"Population ages 20-24, male",SP.POP.2024.MA,176050,177531,178979,180396,181804,183117
Panama,PAN,"Population ages 25-29, female",SP.POP.2529.FE,165179,166467,168035,169722,171289,172677
Panama,PAN,"Population ages 25-29, male",SP.POP.2529.MA,168890,170326,172093,174021,175875,177573
Panama,PAN,"Population ages 30-34, female",SP.POP.3034.FE,160014,161439,162867,164399,165824,167093
Panama,PAN,"Population ages 30-34, male",SP.POP.3034.MA,162904,164248,165587,167059,168488,169864
Panama,PAN,"Population ages 35-39, female",SP.POP.3539.FE,151282,153802,156021,157863,159418,160952
Panama,PAN,"Population ages 35-39, male",SP.POP.3539.MA,153013,155575,157883,159862,161522,163101
Panama,PAN,"Population ages 40-44, female",SP.POP.4044.FE,138831,140586,142871,145672,148648,151482
Panama,PAN,"Population ages 40-44, male",SP.POP.4044.MA,139438,141271,143610,146495,149583,152550
Panama,PAN,"Population ages 45-49, female",SP.POP.4549.FE,132347,133625,134692,135732,136906,138363
Panama,PAN,"Population ages 45-49, male",SP.POP.4549.MA,131255,132644,133914,135206,136577,138180
Panama,PAN,"Population ages 50-54, female",SP.POP.5054.FE,120154,122670,125139,127467,129545,131283
Panama,PAN,"Population ages 50-54, male",SP.POP.5054.MA,117428,119990,122563,125047,127280,129195
Panama,PAN,"Population ages 55-59, female",SP.POP.5559.FE,103012,106461,109728,112763,115573,118315
Panama,PAN,"Population ages 55-59, male",SP.POP.5559.MA,98868,102186,105424,108498,111404,114260
Panama,PAN,"Population ages 60-64, female",SP.POP.6064.FE,81869,85103,88696,92567,96523,100382
Panama,PAN,"Population ages 60-64, male",SP.POP.6064.MA,77679,80484,83774,87453,91177,94786
Panama,PAN,"Population ages 65 and above, female",SP.POP.65UP.FE.IN,195103,202929,211713,221496,231552,241918
Panama,PAN,"Population ages 65 and above, male",SP.POP.65UP.MA.IN,160955,166816,174072,182322,190795,199524
Papua New Guinea,PNG,"Population ages 10-14, male",SP.POP.1014.MA,557183,565232,572735,579472,586067,592048
Papua New Guinea,PNG,"Population ages 15-19, female",SP.POP.1519.FE,469770,477335,484026,490071,496599,503905
Papua New Guinea,PNG,"Population ages 10-14, female",SP.POP.1014.FE,504512,513520,522085,529990,537768,544961
Papua New Guinea,PNG,"Population ages 15-19, male",SP.POP.1519.MA,522053,530058,536941,542923,549006,555565
Papua New Guinea,PNG,"Population ages 20-24, female",SP.POP.2024.FE,436853,443727,450253,456351,462463,468765
Papua New Guinea,PNG,"Population ages 20-24, male",SP.POP.2024.MA,477599,485885,494067,502029,509805,517502
Papua New Guinea,PNG,"Population ages 25-29, female",SP.POP.2529.FE,408062,413797,419298,424248,429309,434657
Papua New Guinea,PNG,"Population ages 25-29, male",SP.POP.2529.MA,432911,441256,449225,456617,463974,471504
Papua New Guinea,PNG,"Population ages 30-34, female",SP.POP.3034.FE,379054,385843,391513,396390,400652,404835
Papua New Guinea,PNG,"Population ages 30-34, male",SP.POP.3034.MA,382655,393309,402929,411669,419525,426923
Papua New Guinea,PNG,"Population ages 35-39, female",SP.POP.3539.FE,330943,340151,349307,358332,367031,374627
Papua New Guinea,PNG,"Population ages 35-39, male",SP.POP.3539.MA,323146,332947,343248,354090,365384,376247
Papua New Guinea,PNG,"Population ages 40-44, female",SP.POP.4044.FE,284567,292363,300073,308124,316556,325262
Papua New Guinea,PNG,"Population ages 40-44, male",SP.POP.4044.MA,279341,285871,292311,299287,307049,315513
Papua New Guinea,PNG,"Population ages 45-49, female",SP.POP.4549.FE,236480,245006,253319,261527,269598,277506
Papua New Guinea,PNG,"Population ages 45-49, male",SP.POP.4549.MA,238316,244702,250861,256979,263158,269386
Papua New Guinea,PNG,"Population ages 50-54, female",SP.POP.5054.FE,187091,194660,202516,210903,219474,228045
Papua New Guinea,PNG,"Population ages 50-54, male",SP.POP.5054.MA,199238,203414,208006,213410,219291,225374
Papua New Guinea,PNG,"Population ages 55-59, female",SP.POP.5559.FE,140706,148074,155364,162763,170190,177617
Papua New Guinea,PNG,"Population ages 55-59, male",SP.POP.5559.MA,162371,167019,171146,175124,179062,183006
Papua New Guinea,PNG,"Population ages 60-64, female",SP.POP.6064.FE,96981,103016,109419,116185,123186,130336
Papua New Guinea,PNG,"Population ages 60-64, male",SP.POP.6064.MA,116316,121795,127225,132601,137798,142665
Papua New Guinea,PNG,"Population ages 65 and above, female",SP.POP.65UP.FE.IN,145020,151800,159302,168233,178173,188825
Papua New Guinea,PNG,"Population ages 65 and above, male",SP.POP.65UP.MA.IN,160305,165704,171997,179644,188262,197353
Paraguay,PRY,"Population ages 10-14, male",SP.POP.1014.MA,305623,308256,312039,316425,321024,326471
Paraguay,PRY,"Population ages 15-19, female",SP.POP.1519.FE,286813,285149,284605,285400,287354,289686
Paraguay,PRY,"Population ages 10-14, female",SP.POP.1014.FE,292680,295114,298631,302725,307043,312175
Paraguay,PRY,"Population ages 15-19, male",SP.POP.1519.MA,298620,296920,296440,297419,299574,302116
Paraguay,PRY,"Population ages 20-24, female",SP.POP.2024.FE,299133,296807,293066,288458,284346,281492
Paraguay,PRY,"Population ages 20-24, male",SP.POP.2024.MA,309398,307144,303446,298836,294728,291883
Paraguay,PRY,"Population ages 25-29, female",SP.POP.2529.FE,292410,294257,295082,295124,294621,293060
Paraguay,PRY,"Population ages 25-29, male",SP.POP.2529.MA,300487,302329,303235,303452,303165,301823
Paraguay,PRY,"Population ages 30-34, female",SP.POP.3034.FE,271634,276442,280407,283361,285546,287380
Paraguay,PRY,"Population ages 30-34, male",SP.POP.3034.MA,278112,282852,286793,289754,291970,293886
Paraguay,PRY,"Population ages 35-39, female",SP.POP.3539.FE,233556,241762,249062,255811,261989,267305
Paraguay,PRY,"Population ages 35-39, male",SP.POP.3539.MA,238452,246695,253965,260710,266891,272215
Paraguay,PRY,"Population ages 40-44, female",SP.POP.4044.FE,186282,193850,202372,211476,220737,229582
Paraguay,PRY,"Population ages 40-44, male",SP.POP.4044.MA,189248,196779,205255,214380,223725,232699
Paraguay,PRY,"Population ages 45-49, female",SP.POP.4549.FE,162180,164482,167452,171405,176280,182425
Paraguay,PRY,"Population ages 45-49, male",SP.POP.4549.MA,163291,165518,168364,172297,177226,183440
Paraguay,PRY,"Population ages 50-54, female",SP.POP.5054.FE,151529,152222,152951,154197,155895,157952
Paraguay,PRY,"Population ages 50-54, male",SP.POP.5054.MA,148888,149926,150929,152428,154286,156421
Paraguay,PRY,"Population ages 55-59, female",SP.POP.5559.FE,135104,138794,141416,143483,144984,146107
Paraguay,PRY,"Population ages 55-59, male",SP.POP.5559.MA,127444,131036,133689,136095,138064,139691
Paraguay,PRY,"Population ages 60-64, female",SP.POP.6064.FE,104854,108854,113137,118109,123103,127754
Paraguay,PRY,"Population ages 60-64, male",SP.POP.6064.MA,96222,98898,101999,106212,110765,115292
Paraguay,PRY,"Population ages 65 and above, female",SP.POP.65UP.FE.IN,222848,228170,233537,242193,252107,262652
Paraguay,PRY,"Population ages 65 and above, male",SP.POP.65UP.MA.IN,183284,185417,187702,193730,200896,208528
Peru,PER,"Population ages 10-14, male",SP.POP.1014.MA,1465946,1460890,1452174,1440423,1428338,1416614
Peru,PER,"Population ages 15-19, female",SP.POP.1519.FE,1387523,1400313,1414356,1424581,1426948,1421673
Peru,PER,"Population ages 10-14, female",SP.POP.1014.FE,1420351,1413410,1403586,1391364,1379180,1367727
Peru,PER,"Population ages 15-19, male",SP.POP.1519.MA,1412951,1431184,1449728,1463356,1468518,1465750
Peru,PER,"Population ages 20-24, female",SP.POP.2024.FE,1387591,1387919,1386130,1385686,1389107,1395512
Peru,PER,"Population ages 20-24, male",SP.POP.2024.MA,1368603,1377265,1384103,1392057,1403083,1416004
Peru,PER,"Population ages 25-29, female",SP.POP.2529.FE,1393622,1399751,1402161,1401972,1400111,1397993
Peru,PER,"Population ages 25-29, male",SP.POP.2529.MA,1347603,1353642,1357988,1362066,1366504,1372091
Peru,PER,"Population ages 30-34, female",SP.POP.3034.FE,1327111,1349044,1367536,1382513,1393356,1400113
Peru,PER,"Population ages 30-34, male",SP.POP.3034.MA,1296209,1312653,1325555,1335400,1342391,1347186
Peru,PER,"Population ages 35-39, female",SP.POP.3539.FE,1190797,1220783,1250501,1279020,1305128,1328220
Peru,PER,"Population ages 35-39, male",SP.POP.3539.MA,1173238,1199490,1225740,1250657,1272430,1290466
Peru,PER,"Population ages 40-44, female",SP.POP.4044.FE,1070673,1089254,1109809,1133262,1158907,1186540
Peru,PER,"Population ages 40-44, male",SP.POP.4044.MA,1072103,1084269,1098884,1117326,1138311,1161937
Peru,PER,"Population ages 45-49, female",SP.POP.4549.FE,965676,987461,1006885,1025446,1043131,1060776
Peru,PER,"Population ages 45-49, male",SP.POP.4549.MA,983374,1000219,1014975,1029494,1042517,1055045
Peru,PER,"Population ages 50-54, female",SP.POP.5054.FE,823257,848021,874027,900239,925520,949931
Peru,PER,"Population ages 50-54, male",SP.POP.5054.MA,838274,861279,886404,912515,936602,958749
Peru,PER,"Population ages 55-59, female",SP.POP.5559.FE,700646,715356,732589,754001,777103,801324
Peru,PER,"Population ages 55-59, male",SP.POP.5559.MA,694067,709271,728960,753959,779525,805157
Peru,PER,"Population ages 60-64, female",SP.POP.6064.FE,595751,608928,623469,639918,655905,672000
Peru,PER,"Population ages 60-64, male",SP.POP.6064.MA,571567,581779,595991,614388,632932,652019
Peru,PER,"Population ages 65 and above, female",SP.POP.65UP.FE.IN,1523866,1556113,1584474,1635131,1697710,1760463
Peru,PER,"Population ages 65 and above, male",SP.POP.65UP.MA.IN,1339026,1346384,1364939,1408459,1459955,1512758
Philippines,PHL,"Population ages 10-14, male",SP.POP.1014.MA,5834432,5902754,5961547,5986386,5973217,5940280
Philippines,PHL,"Population ages 15-19, female",SP.POP.1519.FE,5423178,5433147,5458293,5510225,5574118,5632729
Philippines,PHL,"Population ages 10-14, female",SP.POP.1014.FE,5673770,5734769,5785212,5802924,5784603,5749601
Philippines,PHL,"Population ages 15-19, male",SP.POP.1519.MA,5509499,5532004,5573111,5643616,5721561,5788495
Philippines,PHL,"Population ages 20-24, female",SP.POP.2024.FE,5243056,5300698,5331165,5339562,5339696,5335112
Philippines,PHL,"Population ages 20-24, male",SP.POP.2024.MA,5323716,5377563,5402274,5405539,5405833,5409212
Philippines,PHL,"Population ages 25-29, female",SP.POP.2529.FE,4834670,4909438,4969716,5027693,5090685,5151035
Philippines,PHL,"Population ages 25-29, male",SP.POP.2529.MA,4945384,5002634,5048013,5095884,5152937,5209677
Philippines,PHL,"Population ages 30-34, female",SP.POP.3034.FE,4224463,4353442,4473980,4579036,4672161,4754828
Philippines,PHL,"Population ages 30-34, male",SP.POP.3034.MA,4366125,4492491,4604073,4695328,4771562,4836397
Philippines,PHL,"Population ages 35-39, female",SP.POP.3539.FE,3717199,3777808,3845933,3930297,4035117,4154283
Philippines,PHL,"Population ages 35-39, male",SP.POP.3539.MA,3797792,3863351,3938038,4030291,4141483,4262862
Philippines,PHL,"Population ages 40-44, female",SP.POP.4044.FE,3277935,3376554,3462825,3534005,3593375,3648784
Philippines,PHL,"Population ages 40-44, male",SP.POP.4044.MA,3321856,3419552,3504412,3574646,3634120,3691941
Philippines,PHL,"Population ages 45-49, female",SP.POP.4549.FE,2848256,2886068,2937841,3012260,3104107,3203193
Philippines,PHL,"Population ages 45-49, male",SP.POP.4549.MA,2859302,2895445,2943192,3014111,3103135,3200160
Philippines,PHL,"Population ages 50-54, female",SP.POP.5054.FE,2553663,2607466,2655095,2694868,2727766,2759920
Philippines,PHL,"Population ages 50-54, male",SP.POP.5054.MA,2487702,2545241,2597031,2642069,2678544,2711641
Philippines,PHL,"Population ages 55-59, female",SP.POP.5559.FE,2192637,2239631,2284912,2335825,2389341,2444090
Philippines,PHL,"Population ages 55-59, male",SP.POP.5559.MA,2072216,2114238,2152693,2199092,2249819,2304317
Philippines,PHL,"Population ages 60-64, female",SP.POP.6064.FE,1794341,1851848,1904453,1957415,2008395,2058494
Philippines,PHL,"Population ages 60-64, male",SP.POP.6064.MA,1602570,1656455,1705096,1756110,1804466,1850245
Philippines,PHL,"Population ages 65 and above, female",SP.POP.65UP.FE.IN,3141560,3259002,3380421,3543833,3716448,3893383
Philippines,PHL,"Population ages 65 and above, male",SP.POP.65UP.MA.IN,2155036,2261150,2364881,2501940,2645610,2791509
Poland,POL,"Population ages 10-14, male",SP.POP.1014.MA,1031099,1028794,1033191,1024979,1003566,977659
Poland,POL,"Population ages 15-19, female",SP.POP.1519.FE,860626,847646,866212,894499,920687,939694
Poland,POL,"Population ages 10-14, female",SP.POP.1014.FE,980417,978018,981914,973768,952955,927788
Poland,POL,"Population ages 15-19, male",SP.POP.1519.MA,902592,889865,910001,940040,967825,988181
Poland,POL,"Population ages 20-24, female",SP.POP.2024.FE,995367,936838,901465,871601,838599,807288
Poland,POL,"Population ages 20-24, male",SP.POP.2024.MA,1041092,978572,941116,910186,876666,845397
Poland,POL,"Population ages 25-29, female",SP.POP.2529.FE,1207215,1140201,1097367,1054753,1000134,935503
Poland,POL,"Population ages 25-29, male",SP.POP.2529.MA,1266025,1195318,1149316,1103094,1044357,975661
Poland,POL,"Population ages 30-34, female",SP.POP.3034.FE,1421735,1346970,1303148,1261087,1209623,1150261
Poland,POL,"Population ages 30-34, male",SP.POP.3034.MA,1479677,1402278,1357534,1314797,1262323,1201273
Poland,POL,"Population ages 35-39, female",SP.POP.3539.FE,1579596,1536744,1512284,1476073,1424132,1365757
Poland,POL,"Population ages 35-39, male",SP.POP.3539.MA,1636329,1591307,1565197,1527195,1473229,1413122
Poland,POL,"Population ages 40-44, female",SP.POP.4044.FE,1485739,1480176,1502196,1520661,1526491,1520489
Poland,POL,"Population ages 40-44, male",SP.POP.4044.MA,1526321,1520073,1542498,1561775,1568071,1562137
Poland,POL,"Population ages 45-49, female",SP.POP.4549.FE,1295934,1311120,1348680,1381554,1406380,1427699
Poland,POL,"Population ages 45-49, male",SP.POP.4549.MA,1314245,1329617,1367828,1401547,1426986,1448807
Poland,POL,"Population ages 50-54, female",SP.POP.5054.FE,1115559,1107836,1133578,1167269,1202459,1239770
Poland,POL,"Population ages 50-54, male",SP.POP.5054.MA,1106228,1098079,1123871,1158557,1194987,1233387
Poland,POL,"Population ages 55-59, female",SP.POP.5559.FE,1190142,1123943,1092785,1073197,1060798,1060302
Poland,POL,"Population ages 55-59, male",SP.POP.5559.MA,1133535,1073841,1046530,1029849,1019260,1019600
Poland,POL,"Population ages 60-64, female",SP.POP.6064.FE,1388206,1321924,1275185,1224611,1169014,1118398
Poland,POL,"Population ages 60-64, male",SP.POP.6064.MA,1232144,1176469,1139277,1100023,1056425,1016708
Poland,POL,"Population ages 65 and above, female",SP.POP.65UP.FE.IN,4113939,4113912,4196561,4288064,4364126,4432729
Poland,POL,"Population ages 65 and above, male",SP.POP.65UP.MA.IN,2736715,2740708,2806647,2888316,2958767,3021526
Portugal,PRT,"Population ages 10-14, male",SP.POP.1014.MA,253969,253017,252626,250227,242583,235992
Portugal,PRT,"Population ages 15-19, female",SP.POP.1519.FE,260317,258197,257544,258472,257143,257000
Portugal,PRT,"Population ages 10-14, female",SP.POP.1014.FE,244851,244488,242975,240241,232368,224950
Portugal,PRT,"Population ages 15-19, male",SP.POP.1519.MA,273713,270999,269379,269949,267952,266185
Portugal,PRT,"Population ages 20-24, female",SP.POP.2024.FE,269565,273380,275056,278229,277883,278358
Portugal,PRT,"Population ages 20-24, male",SP.POP.2024.MA,279902,284880,287660,291460,290982,291190
Portugal,PRT,"Population ages 25-29, female",SP.POP.2529.FE,268573,267874,268586,272160,274320,279557
Portugal,PRT,"Population ages 25-29, male",SP.POP.2529.MA,272080,274635,278204,283381,285958,290550
Portugal,PRT,"Population ages 30-34, female",SP.POP.3034.FE,282222,281902,282817,285344,282379,278022
Portugal,PRT,"Population ages 30-34, male",SP.POP.3034.MA,275794,279121,282963,287005,285478,282508
Portugal,PRT,"Population ages 35-39, female",SP.POP.3539.FE,339284,328910,319199,312535,302155,293851
Portugal,PRT,"Population ages 35-39, male",SP.POP.3539.MA,318327,312389,306406,302137,294030,287915
Portugal,PRT,"Population ages 40-44, female",SP.POP.4044.FE,399130,390269,380461,374796,364290,351410
Portugal,PRT,"Population ages 40-44, male",SP.POP.4044.MA,370001,362467,354251,350067,341915,331378
Portugal,PRT,"Population ages 45-49, female",SP.POP.4549.FE,409801,416673,422586,428012,421194,411011
Portugal,PRT,"Population ages 45-49, male",SP.POP.4549.MA,376548,383504,389795,395310,389468,380088
Portugal,PRT,"Population ages 50-54, female",SP.POP.5054.FE,389692,392293,398107,408517,413852,419639
Portugal,PRT,"Population ages 50-54, male",SP.POP.5054.MA,353453,356714,362919,372500,376717,381785
Portugal,PRT,"Population ages 55-59, female",SP.POP.5559.FE,391630,394762,397752,402939,400261,397591
Portugal,PRT,"Population ages 55-59, male",SP.POP.5559.MA,347027,349122,351501,356562,355498,354169
Portugal,PRT,"Population ages 60-64, female",SP.POP.6064.FE,369457,377522,384758,392949,396077,398311
Portugal,PRT,"Population ages 60-64, male",SP.POP.6064.MA,322981,330744,336006,341381,342790,343547
Portugal,PRT,"Population ages 65 and above, female",SP.POP.65UP.FE.IN,1353577,1382804,1414099,1459266,1482354,1503905
Portugal,PRT,"Population ages 65 and above, male",SP.POP.65UP.MA.IN,1000614,1030556,1057585,1091292,1109103,1126277
Post-demographic dividend,PST,"Population ages 10-14, male",SP.POP.1014.MA,31965449,31927150,31764119,31493831,31187464,30941744
Post-demographic dividend,PST,"Population ages 15-19, female",SP.POP.1519.FE,29979082,29884950,30068515,30356319,30640063,30895797
Post-demographic dividend,PST,"Population ages 10-14, female",SP.POP.1014.FE,30222064,30193481,30045401,29800133,29525319,29307487
Post-demographic dividend,PST,"Population ages 15-19, male",SP.POP.1519.MA,31885342,31737064,31878926,32134996,32396329,32632405
Post-demographic dividend,PST,"Population ages 20-24, female",SP.POP.2024.FE,31672765,31490967,31312020,31140832,31225217,31594663
Post-demographic dividend,PST,"Population ages 20-24, male",SP.POP.2024.MA,33909113,33676121,33441134,33202500,33195723,33463918
Post-demographic dividend,PST,"Population ages 25-29, female",SP.POP.2529.FE,34260617,33671444,33220717,32915463,32684046,32615446
Post-demographic dividend,PST,"Population ages 25-29, male",SP.POP.2529.MA,36301439,35738158,35329603,35056300,34844497,34773997
Post-demographic dividend,PST,"Population ages 30-34, female",SP.POP.3034.FE,36006570,35977098,35904783,35720455,35318905,34754415
Post-demographic dividend,PST,"Population ages 30-34, male",SP.POP.3034.MA,37488226,37538544,37565154,37478572,37173764,36687334
Post-demographic dividend,PST,"Population ages 35-39, female",SP.POP.3539.FE,36747837,36525611,36349558,36268461,36241010,36223295
Post-demographic dividend,PST,"Population ages 35-39, male",SP.POP.3539.MA,37734509,37567437,37444698,37419231,37477331,37560210
Post-demographic dividend,PST,"Population ages 40-44, female",SP.POP.4044.FE,36794037,36859738,36955920,37057342,37006965,36805751
Post-demographic dividend,PST,"Population ages 40-44, male",SP.POP.4044.MA,37410755,37490857,37615620,37758471,37758472,37615631
Post-demographic dividend,PST,"Population ages 45-49, female",SP.POP.4549.FE,38284548,37668935,37180280,36922768,36727864,36696960
Post-demographic dividend,PST,"Population ages 45-49, male",SP.POP.4549.MA,38513995,37946498,37532296,37306990,37125760,37105990
Post-demographic dividend,PST,"Population ages 50-54, female",SP.POP.5054.FE,38788530,38862828,38921869,38765653,38473477,38021283
Post-demographic dividend,PST,"Population ages 50-54, male",SP.POP.5054.MA,38617717,38662034,38698023,38600867,38371292,37941626
Post-demographic dividend,PST,"Population ages 55-59, female",SP.POP.5559.FE,39072060,38882032,38634120,38507123,38352902,38259164
Post-demographic dividend,PST,"Population ages 55-59, male",SP.POP.5559.MA,38339512,38187606,37966064,37805827,37646238,37585656
Post-demographic dividend,PST,"Population ages 60-64, female",SP.POP.6064.FE,36465906,36868639,37259313,37647920,37962573,38133855
Post-demographic dividend,PST,"Population ages 60-64, male",SP.POP.6064.MA,34587573,35082893,35564832,36030072,36393945,36609529
Post-demographic dividend,PST,"Population ages 65 and above, female",SP.POP.65UP.FE.IN,122281174,124232794,126359689,128814511,131369108,133894860
Post-demographic dividend,PST,"Population ages 65 and above, male",SP.POP.65UP.MA.IN,95865655,97643357,99660583,102016806,104434187,106848432
Pre-demographic dividend,PRE,"Population ages 10-14, male",SP.POP.1014.MA,64209106,65985198,67669904,69263550,70780042,72209206
Pre-demographic dividend,PRE,"Population ages 15-19, female",SP.POP.1519.FE,53617027,55268148,56927517,58622444,60352697,62091920
Pre-demographic dividend,PRE,"Population ages 10-14, female",SP.POP.1014.FE,62858462,64568925,66191054,67733897,69214137,70610646
Pre-demographic dividend,PRE,"Population ages 15-19, male",SP.POP.1519.MA,54637989,56325658,58023371,59767222,61562908,63375156
Pre-demographic dividend,PRE,"Population ages 20-24, female",SP.POP.2024.FE,45215229,46615193,48055369,49578442,51136677,52721045
Pre-demographic dividend,PRE,"Population ages 20-24, male",SP.POP.2024.MA,45758767,47211786,48688240,50243923,51848277,53488750
Pre-demographic dividend,PRE,"Population ages 25-29, female",SP.POP.2529.FE,38099208,39310590,40504658,41714028,42966425,44274345
Pre-demographic dividend,PRE,"Population ages 25-29, male",SP.POP.2529.MA,38090363,39351646,40588442,41842855,43155599,44533530
Pre-demographic dividend,PRE,"Population ages 30-34, female",SP.POP.3034.FE,32108411,33051387,34014922,35039943,36085764,37188283
Pre-demographic dividend,PRE,"Population ages 30-34, male",SP.POP.3034.MA,31784954,32742795,33722143,34771731,35858798,37011029
Pre-demographic dividend,PRE,"Population ages 35-39, female",SP.POP.3539.FE,26947225,27780450,28606057,29459969,30340541,31242478
Pre-demographic dividend,PRE,"Population ages 35-39, male",SP.POP.3539.MA,26571985,27375990,28172480,29004923,29878589,30785895
Pre-demographic dividend,PRE,"Population ages 40-44, female",SP.POP.4044.FE,22101826,22883167,23667396,24473138,25283291,26097853
Pre-demographic dividend,PRE,"Population ages 40-44, male",SP.POP.4044.MA,21730986,22488387,23245273,24023314,24803914,25586150
Pre-demographic dividend,PRE,"Population ages 45-49, female",SP.POP.4549.FE,17838635,18467592,19108908,19799083,20528606,21282872
Pre-demographic dividend,PRE,"Population ages 45-49, male",SP.POP.4549.MA,17386074,18003747,18626668,19296010,20004270,20734061
Pre-demographic dividend,PRE,"Population ages 50-54, female",SP.POP.5054.FE,14257812,14765979,15294216,15847349,16420358,17020673
Pre-demographic dividend,PRE,"Population ages 50-54, male",SP.POP.5054.MA,13562741,14086656,14624613,15181767,15753242,16346051
Pre-demographic dividend,PRE,"Population ages 55-59, female",SP.POP.5559.FE,11318252,11696111,12079651,12487882,12927359,13395897
Pre-demographic dividend,PRE,"Population ages 55-59, male",SP.POP.5559.MA,10309084,10699811,11106454,11539115,11999257,12482943
Pre-demographic dividend,PRE,"Population ages 60-64, female",SP.POP.6064.FE,8778218,9045960,9340811,9670701,10010191,10361709
Pre-demographic dividend,PRE,"Population ages 60-64, male",SP.POP.6064.MA,7680113,7914964,8188234,8501012,8831856,9183118
Pre-demographic dividend,PRE,"Population ages 65 and above, female",SP.POP.65UP.FE.IN,15617069,16115410,16641499,17223818,17842358,18483609
Pre-demographic dividend,PRE,"Population ages 65 and above, male",SP.POP.65UP.MA.IN,12736309,13078859,13471686,13909414,14374761,14864215
Puerto Rico,PRI,"Population ages 10-14, male",SP.POP.1014.MA,91489,88376,85015,82588,79854,76727
Puerto Rico,PRI,"Population ages 15-19, female",SP.POP.1519.FE,98578,95679,92762,91352,89589,86929
Puerto Rico,PRI,"Population ages 10-14, female",SP.POP.1014.FE,86514,83578,80356,78160,75834,72871
Puerto Rico,PRI,"Population ages 15-19, male",SP.POP.1519.MA,102824,99892,97004,96019,94721,92106
Puerto Rico,PRI,"Population ages 20-24, female",SP.POP.2024.FE,103844,103823,102973,102864,101955,99859
Puerto Rico,PRI,"Population ages 20-24, male",SP.POP.2024.MA,103207,104119,104563,106011,106058,104269
Puerto Rico,PRI,"Population ages 25-29, female",SP.POP.2529.FE,97671,97774,98362,100957,103771,105717
Puerto Rico,PRI,"Population ages 25-29, male",SP.POP.2529.MA,91979,92593,94047,97902,101940,105007
Puerto Rico,PRI,"Population ages 30-34, female",SP.POP.3034.FE,96552,96484,96082,96806,97784,98692
Puerto Rico,PRI,"Population ages 30-34, male",SP.POP.3034.MA,87985,88085,88037,89372,91038,92646
Puerto Rico,PRI,"Population ages 35-39, female",SP.POP.3539.FE,102342,99528,96779,95940,96117,96563
Puerto Rico,PRI,"Population ages 35-39, male",SP.POP.3539.MA,91488,88899,86508,86057,86607,87418
Puerto Rico,PRI,"Population ages 40-44, female",SP.POP.4044.FE,111754,110835,108413,106253,103982,101444
Puerto Rico,PRI,"Population ages 40-44, male",SP.POP.4044.MA,100180,98848,96245,94065,91981,89793
Puerto Rico,PRI,"Population ages 45-49, female",SP.POP.4549.FE,113903,112707,110878,110217,110179,109943
Puerto Rico,PRI,"Population ages 45-49, male",SP.POP.4549.MA,103530,101914,99654,98474,97962,97343
Puerto Rico,PRI,"Population ages 50-54, female",SP.POP.5054.FE,121405,119462,116514,114348,112716,111275
Puerto Rico,PRI,"Population ages 50-54, male",SP.POP.5054.MA,107928,106864,104612,102735,101131,99530
Puerto Rico,PRI,"Population ages 55-59, female",SP.POP.5559.FE,128351,127616,124859,122228,119920,117759
Puerto Rico,PRI,"Population ages 55-59, male",SP.POP.5559.MA,109888,109292,107015,104940,103425,102251
Puerto Rico,PRI,"Population ages 60-64, female",SP.POP.6064.FE,126153,126415,124938,123819,123451,123196
Puerto Rico,PRI,"Population ages 60-64, male",SP.POP.6064.MA,106147,106253,104728,103315,102597,102167
Puerto Rico,PRI,"Population ages 65 and above, female",SP.POP.65UP.FE.IN,416728,428963,435567,443368,452825,462327
Puerto Rico,PRI,"Population ages 65 and above, male",SP.POP.65UP.MA.IN,320108,328170,331302,333811,338187,343343
Qatar,QAT,"Population ages 10-14, male",SP.POP.1014.MA,62738,57820,61732,63210,64394,64337
Qatar,QAT,"Population ages 15-19, female",SP.POP.1519.FE,43492,38959,42448,46389,49723,51444
Qatar,QAT,"Population ages 10-14, female",SP.POP.1014.FE,59746,54789,58444,59876,61749,62479
Qatar,QAT,"Population ages 15-19, male",SP.POP.1519.MA,50418,45773,49773,52812,58349,62951
Qatar,QAT,"Population ages 20-24, female",SP.POP.2024.FE,44950,39336,40608,40509,44281,50399
Qatar,QAT,"Population ages 20-24, male",SP.POP.2024.MA,166638,137273,130132,104387,97810,108097
Qatar,QAT,"Population ages 25-29, female",SP.POP.2529.FE,89503,77524,77277,69543,67734,71298
Qatar,QAT,"Population ages 25-29, male",SP.POP.2529.MA,315189,273100,280477,257169,246306,242899
Qatar,QAT,"Population ages 30-34, female",SP.POP.3034.FE,112260,100640,105384,102328,102118,102410
Qatar,QAT,"Population ages 30-34, male",SP.POP.3034.MA,372500,327315,341566,327816,327086,332238
Qatar,QAT,"Population ages 35-39, female",SP.POP.3539.FE,93854,86097,94087,97428,101804,104056
Qatar,QAT,"Population ages 35-39, male",SP.POP.3539.MA,323579,294484,318471,324559,337384,343902
Qatar,QAT,"Population ages 40-44, female",SP.POP.4044.FE,68135,63113,69786,73812,77640,78836
Qatar,QAT,"Population ages 40-44, male",SP.POP.4044.MA,223528,207845,232055,247429,260184,261813
Qatar,QAT,"Population ages 45-49, female",SP.POP.4549.FE,43750,40735,45147,48796,52249,53892
Qatar,QAT,"Population ages 45-49, male",SP.POP.4549.MA,149027,135828,149146,158466,168495,173278
Qatar,QAT,"Population ages 50-54, female",SP.POP.5054.FE,28781,27071,29428,31355,32852,32892
Qatar,QAT,"Population ages 50-54, male",SP.POP.5054.MA,92751,86170,96727,104891,112115,115385
Qatar,QAT,"Population ages 55-59, female",SP.POP.5559.FE,18603,17592,19088,20384,21611,22030
Qatar,QAT,"Population ages 55-59, male",SP.POP.5559.MA,52549,47640,52897,58167,62506,63888
Qatar,QAT,"Population ages 60-64, female",SP.POP.6064.FE,11757,11454,12500,13386,14114,14217
Qatar,QAT,"Population ages 60-64, male",SP.POP.6064.MA,27806,24963,28179,31982,34478,34480
Qatar,QAT,"Population ages 65 and above, female",SP.POP.65UP.FE.IN,13948,13808,15510,16861,18067,18604
Qatar,QAT,"Population ages 65 and above, male",SP.POP.65UP.MA.IN,20914,18852,21457,24895,27602,28775
Romania,ROU,"Population ages 10-14, male",SP.POP.1014.MA,555274,551941,545794,538361,526178,517095
Romania,ROU,"Population ages 15-19, female",SP.POP.1519.FE,494129,502234,516537,529563,533808,533841
Romania,ROU,"Population ages 10-14, female",SP.POP.1014.FE,532565,528501,522269,515312,503790,494704
Romania,ROU,"Population ages 15-19, male",SP.POP.1519.MA,515373,523645,537875,551426,556343,556653
Romania,ROU,"Population ages 20-24, female",SP.POP.2024.FE,487695,483763,485062,488558,488847,492570
Romania,ROU,"Population ages 20-24, male",SP.POP.2024.MA,509500,505757,506189,509256,509626,513019
Romania,ROU,"Population ages 25-29, female",SP.POP.2529.FE,513210,493238,489553,491028,488161,486473
Romania,ROU,"Population ages 25-29, male",SP.POP.2529.MA,541442,519967,514129,513846,509905,507520
Romania,ROU,"Population ages 30-34, female",SP.POP.3034.FE,653346,632847,605897,575385,540260,512155
Romania,ROU,"Population ages 30-34, male",SP.POP.3034.MA,693819,671082,641478,607955,569858,539413
Romania,ROU,"Population ages 35-39, female",SP.POP.3539.FE,597054,587066,596822,628119,651038,651867
Romania,ROU,"Population ages 35-39, male",SP.POP.3539.MA,644651,634229,641949,671212,691719,689964
Romania,ROU,"Population ages 40-44, female",SP.POP.4044.FE,733102,714932,689091,650013,613011,594724
Romania,ROU,"Population ages 40-44, male",SP.POP.4044.MA,772302,757507,733183,695322,658102,638731
Romania,ROU,"Population ages 45-49, female",SP.POP.4549.FE,731600,727246,731856,740370,738046,727247
Romania,ROU,"Population ages 45-49, male",SP.POP.4549.MA,756180,751602,755570,766164,766244,757782
Romania,ROU,"Population ages 50-54, female",SP.POP.5054.FE,776328,817050,815355,771203,734468,721541
Romania,ROU,"Population ages 50-54, male",SP.POP.5054.MA,775916,818737,818390,776364,741546,729600
Romania,ROU,"Population ages 55-59, female",SP.POP.5559.FE,541295,528043,557976,634507,705901,759904
Romania,ROU,"Population ages 55-59, male",SP.POP.5559.MA,508057,499183,531855,607949,677389,730401
Romania,ROU,"Population ages 60-64, female",SP.POP.6064.FE,684313,642606,603472,571720,543436,522222
Romania,ROU,"Population ages 60-64, male",SP.POP.6064.MA,570896,537341,508116,488699,472892,460588
Romania,ROU,"Population ages 65 and above, female",SP.POP.65UP.FE.IN,2202695,2224840,2240207,2269108,2283860,2289753
Romania,ROU,"Population ages 65 and above, male",SP.POP.65UP.MA.IN,1460914,1470874,1477155,1495737,1504135,1507738
Russian Federation,RUS,"Population ages 10-14, male",SP.POP.1014.MA,4098828,4240570,4410337,4549585,4661755,4784784
Russian Federation,RUS,"Population ages 15-19, female",SP.POP.1519.FE,3513093,3578065,3649284,3733455,3837555,3945901
Russian Federation,RUS,"Population ages 10-14, female",SP.POP.1014.FE,3905637,4034571,4191447,4318831,4419768,4531560
Russian Federation,RUS,"Population ages 15-19, male",SP.POP.1519.MA,3672795,3736651,3813069,3902953,4013191,4132355
Russian Federation,RUS,"Population ages 20-24, female",SP.POP.2024.FE,3425008,3400389,3410084,3443319,3516329,3618268
Russian Federation,RUS,"Population ages 20-24, male",SP.POP.2024.MA,3556924,3531956,3542138,3577056,3652145,3754558
Russian Federation,RUS,"Population ages 25-29, female",SP.POP.2529.FE,4470319,4138156,3876142,3696141,3551400,3416012
Russian Federation,RUS,"Population ages 25-29, male",SP.POP.2529.MA,4614994,4271824,3998875,3808531,3655393,3522049
Russian Federation,RUS,"Population ages 30-34, female",SP.POP.3034.FE,6240013,6055424,5739982,5335301,4888078,4436520
Russian Federation,RUS,"Population ages 30-34, male",SP.POP.3034.MA,6327094,6159156,5843447,5430758,4984477,4537289
Russian Federation,RUS,"Population ages 35-39, female",SP.POP.3539.FE,5973744,6128855,6316312,6367325,6310955,6193304
Russian Federation,RUS,"Population ages 35-39, male",SP.POP.3539.MA,5858224,6036697,6252656,6320441,6280092,6187301
Russian Federation,RUS,"Population ages 40-44, female",SP.POP.4044.FE,5561034,5594280,5616285,5733326,5845207,5908959
Russian Federation,RUS,"Population ages 40-44, male",SP.POP.4044.MA,5244512,5291398,5323608,5458611,5585081,5659864
Russian Federation,RUS,"Population ages 45-49, female",SP.POP.4549.FE,5141683,5224349,5285684,5340257,5400363,5477625
Russian Federation,RUS,"Population ages 45-49, male",SP.POP.4549.MA,4698438,4742526,4788377,4840851,4907381,4997633
Russian Federation,RUS,"Population ages 50-54, female",SP.POP.5054.FE,4615084,4635218,4715339,4831781,4943561,5038210
Russian Federation,RUS,"Population ages 50-54, male",SP.POP.5054.MA,4085795,4138749,4223866,4320156,4384437,4415533
Russian Federation,RUS,"Population ages 55-59, female",SP.POP.5559.FE,5561661,5238112,4966928,4746449,4561414,4483560
Russian Federation,RUS,"Population ages 55-59, male",SP.POP.5559.MA,4511043,4277402,4067449,3896309,3774419,3749017
Russian Federation,RUS,"Population ages 60-64, female",SP.POP.6064.FE,5838854,5885742,5843698,5740635,5576142,5323358
Russian Federation,RUS,"Population ages 60-64, male",SP.POP.6064.MA,4199590,4258404,4262315,4229539,4146168,3990389
Russian Federation,RUS,"Population ages 65 and above, female",SP.POP.65UP.FE.IN,14959169,15143149,15393941,15815701,16249282,16709863
Russian Federation,RUS,"Population ages 65 and above, male",SP.POP.65UP.MA.IN,7513367,7630436,7792920,8066114,8336943,8617549
Rwanda,RWA,"Population ages 10-14, male",SP.POP.1014.MA,803197,802022,803124,809854,821442,836468
Rwanda,RWA,"Population ages 15-19, female",SP.POP.1519.FE,732858,761295,782762,794723,798499,797850
Rwanda,RWA,"Population ages 10-14, female",SP.POP.1014.FE,803369,801301,801812,807945,819120,833757
Rwanda,RWA,"Population ages 15-19, male",SP.POP.1519.MA,715258,747101,772421,787946,794460,795806
Rwanda,RWA,"Population ages 20-24, female",SP.POP.2024.FE,584440,602312,627359,658576,691755,724350
Rwanda,RWA,"Population ages 20-24, male",SP.POP.2024.MA,563601,577872,600599,631903,667230,703342
Rwanda,RWA,"Population ages 25-29, female",SP.POP.2529.FE,524074,525744,530792,540473,553352,570955
Rwanda,RWA,"Population ages 25-29, male",SP.POP.2529.MA,509947,513943,518963,525970,534789,547889
Rwanda,RWA,"Population ages 30-34, female",SP.POP.3034.FE,488718,492813,497126,501734,505799,510812
Rwanda,RWA,"Population ages 30-34, male",SP.POP.3034.MA,469669,473476,478337,484143,489945,496562
Rwanda,RWA,"Population ages 35-39, female",SP.POP.3539.FE,434742,443821,452014,460557,468720,476786
Rwanda,RWA,"Population ages 35-39, male",SP.POP.3539.MA,414517,424135,432330,440501,447922,455225
Rwanda,RWA,"Population ages 40-44, female",SP.POP.4044.FE,334196,357833,379342,397248,411899,424175
Rwanda,RWA,"Population ages 40-44, male",SP.POP.4044.MA,294746,322231,347513,368685,385852,399885
Rwanda,RWA,"Population ages 45-49, female",SP.POP.4549.FE,245112,254179,266787,283877,304424,326977
Rwanda,RWA,"Population ages 45-49, male",SP.POP.4549.MA,200137,206715,218291,236140,258933,284693
Rwanda,RWA,"Population ages 50-54, female",SP.POP.5054.FE,200005,208385,216159,222636,228728,235811
Rwanda,RWA,"Population ages 50-54, male",SP.POP.5054.MA,167963,174498,179502,182508,184964,188766
Rwanda,RWA,"Population ages 55-59, female",SP.POP.5559.FE,181211,178721,177762,179754,184551,191268
Rwanda,RWA,"Population ages 55-59, male",SP.POP.5559.MA,146141,145119,145259,147528,151798,157173
Rwanda,RWA,"Population ages 60-64, female",SP.POP.6064.FE,162077,170394,174866,174956,172495,169083
Rwanda,RWA,"Population ages 60-64, male",SP.POP.6064.MA,126163,132618,136038,136084,134368,132151
Rwanda,RWA,"Population ages 65 and above, female",SP.POP.65UP.FE.IN,273048,288429,303347,317804,332985,348320
Rwanda,RWA,"Population ages 65 and above, male",SP.POP.65UP.MA.IN,181081,193116,204669,215515,226738,237975
Samoa,WSM,"Population ages 10-14, male",SP.POP.1014.MA,12305,12748,13288,13733,14047,14311
Samoa,WSM,"Population ages 15-19, female",SP.POP.1519.FE,9352,9563,9915,10295,10751,11233
Samoa,WSM,"Population ages 10-14, female",SP.POP.1014.FE,11727,12105,12602,13039,13314,13515
Samoa,WSM,"Population ages 15-19, male",SP.POP.1519.MA,10031,10188,10546,10951,11372,11835
Samoa,WSM,"Population ages 20-24, female",SP.POP.2024.FE,8331,8101,7861,7817,7929,8132
Samoa,WSM,"Population ages 20-24, male",SP.POP.2024.MA,8174,8141,8159,8330,8619,8852
Samoa,WSM,"Population ages 25-29, female",SP.POP.2529.FE,7599,7642,7527,7321,7150,6971
Samoa,WSM,"Population ages 25-29, male",SP.POP.2529.MA,6982,6959,6870,6737,6670,6723
Samoa,WSM,"Population ages 30-34, female",SP.POP.3034.FE,6566,6615,6618,6616,6584,6546
Samoa,WSM,"Population ages 30-34, male",SP.POP.3034.MA,5925,5885,5898,5877,5845,5842
Samoa,WSM,"Population ages 35-39, female",SP.POP.3539.FE,5766,5806,5841,5832,5810,5832
Samoa,WSM,"Population ages 35-39, male",SP.POP.3539.MA,5532,5463,5402,5292,5184,5111
Samoa,WSM,"Population ages 40-44, female",SP.POP.4044.FE,5221,5305,5316,5317,5282,5251
Samoa,WSM,"Population ages 40-44, male",SP.POP.4044.MA,5292,5233,5105,5037,5005,4942
Samoa,WSM,"Population ages 45-49, female",SP.POP.4549.FE,5041,4901,4771,4705,4738,4846
Samoa,WSM,"Population ages 45-49, male",SP.POP.4549.MA,5328,5203,5099,5007,4903,4854
Samoa,WSM,"Population ages 50-54, female",SP.POP.5054.FE,4391,4561,4699,4785,4808,4721
Samoa,WSM,"Population ages 50-54, male",SP.POP.5054.MA,5005,5116,5115,5087,5045,4940
Samoa,WSM,"Population ages 55-59, female",SP.POP.5559.FE,3923,3986,3997,3972,4004,4096
Samoa,WSM,"Population ages 55-59, male",SP.POP.5559.MA,4043,4155,4276,4360,4468,4598
Samoa,WSM,"Population ages 60-64, female",SP.POP.6064.FE,3148,3252,3366,3533,3598,3606
Samoa,WSM,"Population ages 60-64, male",SP.POP.6064.MA,3259,3366,3433,3520,3572,3592
Samoa,WSM,"Population ages 65 and above, female",SP.POP.65UP.FE.IN,6143,6326,6503,6693,6927,7177
Samoa,WSM,"Population ages 65 and above, male",SP.POP.65UP.MA.IN,5086,5262,5458,5669,5895,6132
San Marino,SMR,"Population ages 10-14, male",SP.POP.1014.MA,918,901,883,887,869,832
San Marino,SMR,"Population ages 15-19, female",SP.POP.1519.FE,816,776,768,801,814,843
San Marino,SMR,"Population ages 10-14, female",SP.POP.1014.FE,845,872,865,834,814,805
San Marino,SMR,"Population ages 15-19, male",SP.POP.1519.MA,930,929,910,901,902,915
San Marino,SMR,"Population ages 20-24, female",SP.POP.2024.FE,833,842,854,850,837,833
San Marino,SMR,"Population ages 20-24, male",SP.POP.2024.MA,900,903,911,920,915,943
San Marino,SMR,"Population ages 25-29, female",SP.POP.2529.FE,842,820,809,813,813,829
San Marino,SMR,"Population ages 25-29, male",SP.POP.2529.MA,813,814,832,858,873,890
San Marino,SMR,"Population ages 30-34, female",SP.POP.3034.FE,897,878,845,833,823,811
San Marino,SMR,"Population ages 30-34, male",SP.POP.3034.MA,858,843,829,812,791,787
San Marino,SMR,"Population ages 35-39, female",SP.POP.3539.FE,1086,1031,972,929,882,851
San Marino,SMR,"Population ages 35-39, male",SP.POP.3539.MA,1035,988,926,889,854,829
San Marino,SMR,"Population ages 40-44, female",SP.POP.4044.FE,1395,1288,1189,1136,1077,1030
San Marino,SMR,"Population ages 40-44, male",SP.POP.4044.MA,1234,1153,1080,1049,1019,994
San Marino,SMR,"Population ages 45-49, female",SP.POP.4549.FE,1588,1564,1493,1430,1382,1329
San Marino,SMR,"Population ages 45-49, male",SP.POP.4549.MA,1464,1415,1366,1337,1276,1215
San Marino,SMR,"Population ages 50-54, female",SP.POP.5054.FE,1682,1607,1521,1504,1490,1483
San Marino,SMR,"Population ages 50-54, male",SP.POP.5054.MA,1527,1513,1486,1483,1455,1419
San Marino,SMR,"Population ages 55-59, female",SP.POP.5559.FE,1516,1549,1556,1571,1579,1575
San Marino,SMR,"Population ages 55-59, male",SP.POP.5559.MA,1458,1480,1491,1512,1508,1497
San Marino,SMR,"Population ages 60-64, female",SP.POP.6064.FE,1187,1185,1185,1273,1354,1402
San Marino,SMR,"Population ages 60-64, male",SP.POP.6064.MA,1119,1166,1233,1318,1379,1430
San Marino,SMR,"Population ages 65 and above, female",SP.POP.65UP.FE.IN,3786,3804,3843,3955,4050,4169
San Marino,SMR,"Population ages 65 and above, male",SP.POP.65UP.MA.IN,3151,3182,3253,3386,3504,3632
Sao Tome and Principe,STP,"Population ages 10-14, male",SP.POP.1014.MA,13963,13950,14007,14187,14366,14569
Sao Tome and Principe,STP,"Population ages 15-19, female",SP.POP.1519.FE,12237,12716,13130,13496,13763,13882
Sao Tome and Principe,STP,"Population ages 10-14, female",SP.POP.1014.FE,14033,13983,14004,14165,14324,14501
Sao Tome and Principe,STP,"Population ages 15-19, male",SP.POP.1519.MA,11843,12371,12858,13308,13636,13787
Sao Tome and Principe,STP,"Population ages 20-24, female",SP.POP.2024.FE,9346,9825,10329,10864,11392,11902
Sao Tome and Principe,STP,"Population ages 20-24, male",SP.POP.2024.MA,9072,9478,9915,10405,10914,11444
Sao Tome and Principe,STP,"Population ages 25-29, female",SP.POP.2529.FE,7553,7751,7965,8247,8592,8993
Sao Tome and Principe,STP,"Population ages 25-29, male",SP.POP.2529.MA,7495,7660,7819,8039,8315,8651
Sao Tome and Principe,STP,"Population ages 30-34, female",SP.POP.3034.FE,6883,6915,6960,7026,7131,7279
Sao Tome and Principe,STP,"Population ages 30-34, male",SP.POP.3034.MA,6730,6755,6813,6896,7015,7160
Sao Tome and Principe,STP,"Population ages 35-39, female",SP.POP.3539.FE,6793,6852,6837,6780,6722,6692
Sao Tome and Principe,STP,"Population ages 35-39, male",SP.POP.3539.MA,6793,6819,6762,6649,6542,6479
Sao Tome and Principe,STP,"Population ages 40-44, female",SP.POP.4044.FE,5668,5914,6136,6341,6511,6625
Sao Tome and Principe,STP,"Population ages 40-44, male",SP.POP.4044.MA,5830,6025,6198,6348,6476,6554
Sao Tome and Principe,STP,"Population ages 45-49, female",SP.POP.4549.FE,4286,4490,4730,4988,5247,5504
Sao Tome and Principe,STP,"Population ages 45-49, male",SP.POP.4549.MA,4605,4784,4993,5197,5388,5573
Sao Tome and Principe,STP,"Population ages 50-54, female",SP.POP.5054.FE,3384,3523,3665,3809,3960,4126
Sao Tome and Principe,STP,"Population ages 50-54, male",SP.POP.5054.MA,3635,3792,3933,4055,4185,4325
Sao Tome and Principe,STP,"Population ages 55-59, female",SP.POP.5559.FE,2934,2979,3009,3050,3115,3220
Sao Tome and Principe,STP,"Population ages 55-59, male",SP.POP.5559.MA,2875,2932,3003,3092,3202,3330
Sao Tome and Principe,STP,"Population ages 60-64, female",SP.POP.6064.FE,2152,2281,2420,2554,2662,2737
Sao Tome and Principe,STP,"Population ages 60-64, male",SP.POP.6064.MA,2143,2247,2344,2419,2480,2529
Sao Tome and Principe,STP,"Population ages 65 and above, female",SP.POP.65UP.FE.IN,4613,4711,4827,4955,5107,5278
Sao Tome and Principe,STP,"Population ages 65 and above, male",SP.POP.65UP.MA.IN,3737,3795,3883,3973,4080,4199
Saudi Arabia,SAU,"Population ages 10-14, male",SP.POP.1014.MA,1265177,1246922,1305949,1347854,1362082,1367970
Saudi Arabia,SAU,"Population ages 15-19, female",SP.POP.1519.FE,1046910,1037470,1104753,1159295,1183854,1201691
Saudi Arabia,SAU,"Population ages 10-14, female",SP.POP.1014.FE,1216143,1202549,1254991,1289467,1307436,1321249
Saudi Arabia,SAU,"Population ages 15-19, male",SP.POP.1519.MA,1106001,1083420,1155021,1212291,1244681,1275970
Saudi Arabia,SAU,"Population ages 20-24, female",SP.POP.2024.FE,1049034,1016048,1064004,1100386,1120630,1148715
Saudi Arabia,SAU,"Population ages 20-24, male",SP.POP.2024.MA,1418418,1422529,1486845,1453171,1457861,1539841
Saudi Arabia,SAU,"Population ages 25-29, female",SP.POP.2529.FE,1287674,1229706,1252160,1257783,1245982,1252868
Saudi Arabia,SAU,"Population ages 25-29, male",SP.POP.2529.MA,2219977,2211990,2304265,2239000,2172586,2188311
Saudi Arabia,SAU,"Population ages 30-34, female",SP.POP.3034.FE,1279352,1236188,1283722,1330235,1349219,1364586
Saudi Arabia,SAU,"Population ages 30-34, male",SP.POP.3034.MA,2645078,2532085,2608987,2665465,2654313,2626278
Saudi Arabia,SAU,"Population ages 35-39, female",SP.POP.3539.FE,1038599,1038286,1115307,1181350,1218012,1243792
Saudi Arabia,SAU,"Population ages 35-39, male",SP.POP.3539.MA,2346216,2266102,2381585,2503181,2552160,2567176
Saudi Arabia,SAU,"Population ages 40-44, female",SP.POP.4044.FE,779154,786163,851114,918922,963122,993883
Saudi Arabia,SAU,"Population ages 40-44, male",SP.POP.4044.MA,1716095,1689649,1821572,1974410,2060909,2105448
Saudi Arabia,SAU,"Population ages 45-49, female",SP.POP.4549.FE,570661,566287,607983,657165,696307,731215
Saudi Arabia,SAU,"Population ages 45-49, male",SP.POP.4549.MA,1237648,1188043,1260661,1370779,1444400,1491264
Saudi Arabia,SAU,"Population ages 50-54, female",SP.POP.5054.FE,442186,442386,466680,489737,508487,526655
Saudi Arabia,SAU,"Population ages 50-54, male",SP.POP.5054.MA,961108,910442,940243,992826,1029282,1058096
Saudi Arabia,SAU,"Population ages 55-59, female",SP.POP.5559.FE,327877,332014,353604,373956,390932,405686
Saudi Arabia,SAU,"Population ages 55-59, male",SP.POP.5559.MA,637223,621994,659032,710955,742526,755695
Saudi Arabia,SAU,"Population ages 60-64, female",SP.POP.6064.FE,224302,232347,252960,271267,286315,300272
Saudi Arabia,SAU,"Population ages 60-64, male",SP.POP.6064.MA,380027,375467,405762,448387,475924,490391
Saudi Arabia,SAU,"Population ages 65 and above, female",SP.POP.65UP.FE.IN,358516,365269,393996,421476,448379,475831
Saudi Arabia,SAU,"Population ages 65 and above, male",SP.POP.65UP.MA.IN,437422,440837,475538,516412,550842,577578
Senegal,SEN,"Population ages 10-14, male",SP.POP.1014.MA,1074803,1106269,1134039,1154454,1168254,1179104
Senegal,SEN,"Population ages 15-19, female",SP.POP.1519.FE,902710,927204,950708,971908,989994,1007154
Senegal,SEN,"Population ages 10-14, female",SP.POP.1014.FE,1010878,1033241,1051745,1065454,1075118,1081718
Senegal,SEN,"Population ages 15-19, male",SP.POP.1519.MA,932505,967631,1003500,1035086,1059579,1081203
Senegal,SEN,"Population ages 20-24, female",SP.POP.2024.FE,790114,818596,846184,869426,885183,896579
Senegal,SEN,"Population ages 20-24, male",SP.POP.2024.MA,797079,826787,856679,884184,905828,924321
Senegal,SEN,"Population ages 25-29, female",SP.POP.2529.FE,669293,695437,724319,751468,776420,800795
Senegal,SEN,"Population ages 25-29, male",SP.POP.2529.MA,662323,692240,724471,753651,779306,803818
Senegal,SEN,"Population ages 30-34, female",SP.POP.3034.FE,569876,585871,603275,622759,646112,673078
Senegal,SEN,"Population ages 30-34, male",SP.POP.3034.MA,553014,568790,587125,608329,634235,664499
Senegal,SEN,"Population ages 35-39, female",SP.POP.3539.FE,475451,492763,510253,527792,545931,564571
Senegal,SEN,"Population ages 35-39, male",SP.POP.3539.MA,471689,485803,499606,513444,528685,545732
Senegal,SEN,"Population ages 40-44, female",SP.POP.4044.FE,384065,396623,409937,425731,444701,465226
Senegal,SEN,"Population ages 40-44, male",SP.POP.4044.MA,388482,402652,416376,430249,445287,461284
Senegal,SEN,"Population ages 45-49, female",SP.POP.4549.FE,311378,322459,333198,344710,357849,372131
Senegal,SEN,"Population ages 45-49, male",SP.POP.4549.MA,306802,320743,335019,349197,363482,378009
Senegal,SEN,"Population ages 50-54, female",SP.POP.5054.FE,249978,260054,270208,280503,291215,302380
Senegal,SEN,"Population ages 50-54, male",SP.POP.5054.MA,249129,257842,266154,274633,284474,296339
Senegal,SEN,"Population ages 55-59, female",SP.POP.5559.FE,199555,206748,214530,222930,231965,241520
Senegal,SEN,"Population ages 55-59, male",SP.POP.5559.MA,197365,209039,220510,229374,235430,240809
Senegal,SEN,"Population ages 60-64, female",SP.POP.6064.FE,163415,167837,172237,177014,182533,188879
Senegal,SEN,"Population ages 60-64, male",SP.POP.6064.MA,151490,158189,165611,172837,179928,187890
Senegal,SEN,"Population ages 65 and above, female",SP.POP.65UP.FE.IN,304765,312120,319897,330569,343604,356878
Senegal,SEN,"Population ages 65 and above, male",SP.POP.65UP.MA.IN,287469,298034,309081,318485,325747,333413
Serbia,SRB,"Population ages 10-14, male",SP.POP.1014.MA,167163,165807,162301,161716,160951,160336
Serbia,SRB,"Population ages 15-19, female",SP.POP.1519.FE,176867,175605,170025,167300,164673,162273
Serbia,SRB,"Population ages 10-14, female",SP.POP.1014.FE,166439,164645,160867,160229,159650,159163
Serbia,SRB,"Population ages 15-19, male",SP.POP.1519.MA,175685,174353,169003,166725,164624,162838
Serbia,SRB,"Population ages 20-24, female",SP.POP.2024.FE,181098,177519,173473,173329,172876,171780
Serbia,SRB,"Population ages 20-24, male",SP.POP.2024.MA,181135,176872,172354,171900,171412,170378
Serbia,SRB,"Population ages 25-29, female",SP.POP.2529.FE,202112,198781,191904,187633,182407,176589
Serbia,SRB,"Population ages 25-29, male",SP.POP.2529.MA,201794,199269,192864,188617,182931,176327
Serbia,SRB,"Population ages 30-34, female",SP.POP.3034.FE,220441,214666,206559,202511,199022,196234
Serbia,SRB,"Population ages 30-34, male",SP.POP.3034.MA,217370,211710,203799,199974,197251,195575
Serbia,SRB,"Population ages 35-39, female",SP.POP.3539.FE,241826,237673,229697,225390,219487,213396
Serbia,SRB,"Population ages 35-39, male",SP.POP.3539.MA,236972,232468,224616,220676,215094,209379
Serbia,SRB,"Population ages 40-44, female",SP.POP.4044.FE,248505,245764,239270,237735,236563,234543
Serbia,SRB,"Population ages 40-44, male",SP.POP.4044.MA,242490,239760,233241,231606,230268,228150
Serbia,SRB,"Population ages 45-49, female",SP.POP.4549.FE,241714,243555,240704,241628,241882,240704
Serbia,SRB,"Population ages 45-49, male",SP.POP.4549.MA,230732,232618,230337,232276,233453,232832
Serbia,SRB,"Population ages 50-54, female",SP.POP.5054.FE,237135,235344,231018,231030,231372,233130
Serbia,SRB,"Population ages 50-54, male",SP.POP.5054.MA,220809,219931,216573,217032,217627,219519
Serbia,SRB,"Population ages 55-59, female",SP.POP.5559.FE,248750,243080,234539,231110,228709,226865
Serbia,SRB,"Population ages 55-59, male",SP.POP.5559.MA,223555,219167,211910,209024,207275,206134
Serbia,SRB,"Population ages 60-64, female",SP.POP.6064.FE,266007,258281,249150,245751,240803,234874
Serbia,SRB,"Population ages 60-64, male",SP.POP.6064.MA,232042,224133,215403,211980,207211,202258
Serbia,SRB,"Population ages 65 and above, female",SP.POP.65UP.FE.IN,859348,862395,852136,863047,873926,884508
Serbia,SRB,"Population ages 65 and above, male",SP.POP.65UP.MA.IN,628854,633544,619219,616463,618580,620688
Seychelles,SYC,"Population ages 10-14, male",SP.POP.1014.MA,3217,3245,3931,3941,4017,4079
Seychelles,SYC,"Population ages 15-19, female",SP.POP.1519.FE,2900,2894,3533,3593,3704,3803
Seychelles,SYC,"Population ages 10-14, female",SP.POP.1014.FE,3164,3213,3885,3857,3889,3902
Seychelles,SYC,"Population ages 15-19, male",SP.POP.1519.MA,3225,3125,3736,3778,3863,3908
Seychelles,SYC,"Population ages 20-24, female",SP.POP.2024.FE,3072,2951,3457,3486,3616,3707
Seychelles,SYC,"Population ages 20-24, male",SP.POP.2024.MA,4260,4046,4630,4468,4393,4293
Seychelles,SYC,"Population ages 25-29, female",SP.POP.2529.FE,3557,3534,4197,4027,3973,4021
Seychelles,SYC,"Population ages 25-29, male",SP.POP.2529.MA,5318,5313,6283,6067,5940,5795
Seychelles,SYC,"Population ages 30-34, female",SP.POP.3034.FE,3470,3504,4232,4281,4424,4510
Seychelles,SYC,"Population ages 30-34, male",SP.POP.3034.MA,5649,5719,6900,6839,6910,6956
Seychelles,SYC,"Population ages 35-39, female",SP.POP.3539.FE,3298,3276,3969,4025,4156,4289
Seychelles,SYC,"Population ages 35-39, male",SP.POP.3539.MA,5289,5502,6791,6878,7060,7143
Seychelles,SYC,"Population ages 40-44, female",SP.POP.4044.FE,3268,3317,3988,3913,3933,3969
Seychelles,SYC,"Population ages 40-44, male",SP.POP.4044.MA,4533,4729,5920,6054,6253,6471
Seychelles,SYC,"Population ages 45-49, female",SP.POP.4549.FE,3062,3065,3666,3663,3746,3847
Seychelles,SYC,"Population ages 45-49, male",SP.POP.4549.MA,3881,3953,4800,4891,5138,5371
Seychelles,SYC,"Population ages 50-54, female",SP.POP.5054.FE,2999,2958,3500,3415,3449,3531
Seychelles,SYC,"Population ages 50-54, male",SP.POP.5054.MA,3182,3257,4031,4145,4319,4469
Seychelles,SYC,"Population ages 55-59, female",SP.POP.5559.FE,2706,2777,3376,3356,3402,3418
Seychelles,SYC,"Population ages 55-59, male",SP.POP.5559.MA,2713,2748,3348,3332,3407,3540
Seychelles,SYC,"Population ages 60-64, female",SP.POP.6064.FE,2075,2154,2663,2743,2883,3021
Seychelles,SYC,"Population ages 60-64, male",SP.POP.6064.MA,2270,2305,2745,2717,2795,2888
Seychelles,SYC,"Population ages 65 and above, female",SP.POP.65UP.FE.IN,4174,4340,5337,5373,5574,5797
Seychelles,SYC,"Population ages 65 and above, male",SP.POP.65UP.MA.IN,3287,3493,4430,4605,4858,5085
Sierra Leone,SLE,"Population ages 10-14, male",SP.POP.1014.MA,489127,498583,507170,514234,519434,523343
Sierra Leone,SLE,"Population ages 15-19, female",SP.POP.1519.FE,432000,440842,449654,458443,467957,477787
Sierra Leone,SLE,"Population ages 10-14, female",SP.POP.1014.FE,482296,492004,500893,508245,513664,517694
Sierra Leone,SLE,"Population ages 15-19, male",SP.POP.1519.MA,439262,447682,455954,464494,473889,483492
Sierra Leone,SLE,"Population ages 20-24, female",SP.POP.2024.FE,376778,387907,398777,409418,418325,425720
Sierra Leone,SLE,"Population ages 20-24, male",SP.POP.2024.MA,379125,391708,403618,414639,423673,430959
Sierra Leone,SLE,"Population ages 25-29, female",SP.POP.2529.FE,317297,327831,338672,349672,360539,371129
Sierra Leone,SLE,"Population ages 25-29, male",SP.POP.2529.MA,318321,328170,338658,349536,360568,372019
Sierra Leone,SLE,"Population ages 30-34, female",SP.POP.3034.FE,267428,275684,284165,293169,302653,312290
Sierra Leone,SLE,"Population ages 30-34, male",SP.POP.3034.MA,268937,277254,285733,294680,303907,312865
Sierra Leone,SLE,"Population ages 35-39, female",SP.POP.3539.FE,224239,231668,239336,247150,254822,262476
Sierra Leone,SLE,"Population ages 35-39, male",SP.POP.3539.MA,224626,232476,240410,248367,256113,263790
Sierra Leone,SLE,"Population ages 40-44, female",SP.POP.4044.FE,186915,192848,199027,205447,212107,219047
Sierra Leone,SLE,"Population ages 40-44, male",SP.POP.4044.MA,184218,190786,197596,204612,211811,219197
Sierra Leone,SLE,"Population ages 45-49, female",SP.POP.4549.FE,154314,159362,164620,170187,175783,181364
Sierra Leone,SLE,"Population ages 45-49, male",SP.POP.4549.MA,149293,154614,160151,166038,172037,178100
Sierra Leone,SLE,"Population ages 50-54, female",SP.POP.5054.FE,126797,130621,134570,138783,143336,148140
Sierra Leone,SLE,"Population ages 50-54, male",SP.POP.5054.MA,120083,124013,128073,132403,137107,142079
Sierra Leone,SLE,"Population ages 55-59, female",SP.POP.5559.FE,102227,105559,109029,112606,116148,119762
Sierra Leone,SLE,"Population ages 55-59, male",SP.POP.5559.MA,94015,97341,100809,104361,107887,111493
Sierra Leone,SLE,"Population ages 60-64, female",SP.POP.6064.FE,78677,81437,84361,87472,90670,93868
Sierra Leone,SLE,"Population ages 60-64, male",SP.POP.6064.MA,69396,71991,74789,77753,80818,83890
Sierra Leone,SLE,"Population ages 65 and above, female",SP.POP.65UP.FE.IN,138077,141926,146275,151060,156075,161312
Sierra Leone,SLE,"Population ages 65 and above, male",SP.POP.65UP.MA.IN,110452,113183,116545,120242,124160,128299
Singapore,SGP,"Population ages 10-14, male",SP.POP.1014.MA,122481,117057,119649,121083,116945,116172
Singapore,SGP,"Population ages 15-19, female",SP.POP.1519.FE,183428,171894,177317,178067,161909,146735
Singapore,SGP,"Population ages 10-14, female",SP.POP.1014.FE,113969,108704,110900,112778,110185,110276
Singapore,SGP,"Population ages 15-19, male",SP.POP.1519.MA,214145,200607,207021,206186,184084,163925
Singapore,SGP,"Population ages 20-24, female",SP.POP.2024.FE,255753,239508,245433,253790,246535,237174
Singapore,SGP,"Population ages 20-24, male",SP.POP.2024.MA,314564,295270,303773,313478,301287,285798
Singapore,SGP,"Population ages 25-29, female",SP.POP.2529.FE,272791,256995,263938,276723,275894,274130
Singapore,SGP,"Population ages 25-29, male",SP.POP.2529.MA,328531,309594,319680,337817,339177,338811
Singapore,SGP,"Population ages 30-34, female",SP.POP.3034.FE,249607,241246,253038,269330,273170,275545
Singapore,SGP,"Population ages 30-34, male",SP.POP.3034.MA,285798,275385,289244,310645,318968,325715
Singapore,SGP,"Population ages 35-39, female",SP.POP.3539.FE,220352,208630,214218,228812,237837,246358
Singapore,SGP,"Population ages 35-39, male",SP.POP.3539.MA,239556,226373,232919,250663,263138,275473
Singapore,SGP,"Population ages 40-44, female",SP.POP.4044.FE,197158,189068,195884,207963,212509,216220
Singapore,SGP,"Population ages 40-44, male",SP.POP.4044.MA,208838,199046,205692,218884,224797,230280
Singapore,SGP,"Population ages 45-49, female",SP.POP.4549.FE,185467,176860,180310,187445,189498,193115
Singapore,SGP,"Population ages 45-49, male",SP.POP.4549.MA,194794,185016,187797,194879,197074,201021
Singapore,SGP,"Population ages 50-54, female",SP.POP.5054.FE,167684,160543,165651,175214,179190,182007
Singapore,SGP,"Population ages 50-54, male",SP.POP.5054.MA,174834,165752,170129,179911,184540,188119
Singapore,SGP,"Population ages 55-59, female",SP.POP.5559.FE,164053,157530,160196,164985,164445,164558
Singapore,SGP,"Population ages 55-59, male",SP.POP.5559.MA,172556,164788,166839,171113,169402,168420
Singapore,SGP,"Population ages 60-64, female",SP.POP.6064.FE,150312,146430,150589,157291,159240,160842
Singapore,SGP,"Population ages 60-64, male",SP.POP.6064.MA,154668,150886,155224,161972,163812,165350
Singapore,SGP,"Population ages 65 and above, female",SP.POP.65UP.FE.IN,358234,362996,387918,419206,438599,457954
Singapore,SGP,"Population ages 65 and above, male",SP.POP.65UP.MA.IN,300464,305513,327471,355732,374747,393483
Sint Maarten (Dutch part),SXM,"Population ages 10-14, male",SP.POP.1014.MA,1405,1451,1476,1467,1435,1394
Sint Maarten (Dutch part),SXM,"Population ages 15-19, female",SP.POP.1519.FE,1140,1149,1190,1258,1306,1329
Sint Maarten (Dutch part),SXM,"Population ages 10-14, female",SP.POP.1014.FE,1266,1272,1275,1261,1231,1192
Sint Maarten (Dutch part),SXM,"Population ages 15-19, male",SP.POP.1519.MA,1118,1183,1277,1379,1456,1503
Sint Maarten (Dutch part),SXM,"Population ages 20-24, female",SP.POP.2024.FE,1098,1053,1059,1119,1190,1256
Sint Maarten (Dutch part),SXM,"Population ages 20-24, male",SP.POP.2024.MA,1008,955,963,1042,1143,1248
Sint Maarten (Dutch part),SXM,"Population ages 25-29, female",SP.POP.2529.FE,1324,1276,1246,1239,1240,1252
Sint Maarten (Dutch part),SXM,"Population ages 25-29, male",SP.POP.2529.MA,1115,1106,1109,1133,1143,1147
Sint Maarten (Dutch part),SXM,"Population ages 30-34, female",SP.POP.3034.FE,1554,1565,1563,1547,1523,1493
Sint Maarten (Dutch part),SXM,"Population ages 30-34, male",SP.POP.3034.MA,1251,1232,1215,1217,1235,1258
Sint Maarten (Dutch part),SXM,"Population ages 35-39, female",SP.POP.3539.FE,1648,1702,1732,1742,1742,1731
Sint Maarten (Dutch part),SXM,"Population ages 35-39, male",SP.POP.3539.MA,1355,1386,1404,1403,1398,1388
Sint Maarten (Dutch part),SXM,"Population ages 40-44, female",SP.POP.4044.FE,1687,1687,1692,1710,1738,1768
Sint Maarten (Dutch part),SXM,"Population ages 40-44, male",SP.POP.4044.MA,1498,1491,1481,1472,1468,1470
Sint Maarten (Dutch part),SXM,"Population ages 45-49, female",SP.POP.4549.FE,1862,1855,1840,1810,1784,1765
Sint Maarten (Dutch part),SXM,"Population ages 45-49, male",SP.POP.4549.MA,1642,1653,1650,1628,1605,1578
Sint Maarten (Dutch part),SXM,"Population ages 50-54, female",SP.POP.5054.FE,2009,2013,1992,1955,1925,1901
Sint Maarten (Dutch part),SXM,"Population ages 50-54, male",SP.POP.5054.MA,1780,1772,1748,1722,1701,1686
Sint Maarten (Dutch part),SXM,"Population ages 55-59, female",SP.POP.5559.FE,1780,1908,2007,2052,2060,2045
Sint Maarten (Dutch part),SXM,"Population ages 55-59, male",SP.POP.5559.MA,1702,1792,1841,1847,1825,1789
Sint Maarten (Dutch part),SXM,"Population ages 60-64, female",SP.POP.6064.FE,1332,1379,1445,1544,1661,1780
Sint Maarten (Dutch part),SXM,"Population ages 60-64, male",SP.POP.6064.MA,1313,1385,1460,1529,1603,1675
Sint Maarten (Dutch part),SXM,"Population ages 65 and above, female",SP.POP.65UP.FE.IN,2325,2528,2714,2881,3055,3243
Sint Maarten (Dutch part),SXM,"Population ages 65 and above, male",SP.POP.65UP.MA.IN,2384,2593,2755,2868,2989,3117
Slovak Republic,SVK,"Population ages 10-14, male",SP.POP.1014.MA,144576,147139,149702,150210,148551,146972
Slovak Republic,SVK,"Population ages 15-19, female",SP.POP.1519.FE,127802,128101,129344,131481,133486,135012
Slovak Republic,SVK,"Population ages 10-14, female",SP.POP.1014.FE,137055,140151,142586,142998,141834,140127
Slovak Republic,SVK,"Population ages 15-19, male",SP.POP.1519.MA,135045,135345,136606,138924,141197,142487
Slovak Republic,SVK,"Population ages 20-24, female",SP.POP.2024.FE,141232,137430,133105,129955,126845,123770
Slovak Republic,SVK,"Population ages 20-24, male",SP.POP.2024.MA,148499,144607,139993,136535,133556,130821
Slovak Republic,SVK,"Population ages 25-29, female",SP.POP.2529.FE,176022,167197,158594,150976,143407,136938
Slovak Republic,SVK,"Population ages 25-29, male",SP.POP.2529.MA,183693,174668,166164,158320,150467,143886
Slovak Republic,SVK,"Population ages 30-34, female",SP.POP.3034.FE,199736,196006,192080,187829,181599,172600
Slovak Republic,SVK,"Population ages 30-34, male",SP.POP.3034.MA,207988,203774,199621,195498,189156,179686
Slovak Republic,SVK,"Population ages 35-39, female",SP.POP.3539.FE,211429,210313,208322,205999,201985,196884
Slovak Republic,SVK,"Population ages 35-39, male",SP.POP.3539.MA,224134,222133,218831,214982,209975,204231
Slovak Republic,SVK,"Population ages 40-44, female",SP.POP.4044.FE,220856,219398,217250,214725,211262,208694
Slovak Republic,SVK,"Population ages 40-44, male",SP.POP.4044.MA,234213,232665,229925,227309,223513,220130
Slovak Republic,SVK,"Population ages 45-49, female",SP.POP.4549.FE,200003,207113,212824,216621,218254,217789
Slovak Republic,SVK,"Population ages 45-49, male",SP.POP.4549.MA,206719,214843,221959,226908,228892,228848
Slovak Republic,SVK,"Population ages 50-54, female",SP.POP.5054.FE,173520,173392,176203,182191,189197,196231
Slovak Republic,SVK,"Population ages 50-54, male",SP.POP.5054.MA,173078,173895,177319,183793,191675,199572
Slovak Republic,SVK,"Population ages 55-59, female",SP.POP.5559.FE,182368,180611,178178,175195,171529,169193
Slovak Republic,SVK,"Population ages 55-59, male",SP.POP.5559.MA,174855,173195,171111,168575,165507,164101
Slovak Republic,SVK,"Population ages 60-64, female",SP.POP.6064.FE,188000,183810,179599,176891,176098,175677
Slovak Republic,SVK,"Population ages 60-64, male",SP.POP.6064.MA,169031,166201,162970,161220,161114,161002
Slovak Republic,SVK,"Population ages 65 and above, female",SP.POP.65UP.FE.IN,549821,560568,571001,584416,595625,605752
Slovak Republic,SVK,"Population ages 65 and above, male",SP.POP.65UP.MA.IN,365301,374446,383393,395156,405631,415309
Slovenia,SVN,"Population ages 10-14, male",SP.POP.1014.MA,55117,56818,58046,58526,58042,57310
Slovenia,SVN,"Population ages 15-19, female",SP.POP.1519.FE,45822,46548,47637,49668,51851,53897
Slovenia,SVN,"Population ages 10-14, female",SP.POP.1014.FE,52384,54403,55539,55819,55265,54519
Slovenia,SVN,"Population ages 15-19, male",SP.POP.1519.MA,48512,48796,49777,51642,53999,56484
Slovenia,SVN,"Population ages 20-24, female",SP.POP.2024.FE,48906,49397,48624,47962,47928,48498
Slovenia,SVN,"Population ages 20-24, male",SP.POP.2024.MA,56111,55752,53743,52053,51221,51450
Slovenia,SVN,"Population ages 25-29, female",SP.POP.2529.FE,53547,53356,52791,52394,51418,50598
Slovenia,SVN,"Population ages 25-29, male",SP.POP.2529.MA,61768,62219,61613,60994,59739,58469
Slovenia,SVN,"Population ages 30-34, female",SP.POP.3034.FE,63756,62981,61037,58727,56564,54759
Slovenia,SVN,"Population ages 30-34, male",SP.POP.3034.MA,72710,71865,69979,67642,65364,63683
Slovenia,SVN,"Population ages 35-39, female",SP.POP.3539.FE,71287,70012,68896,68355,66985,64991
Slovenia,SVN,"Population ages 35-39, male",SP.POP.3539.MA,80651,79089,77653,77050,75897,74028
Slovenia,SVN,"Population ages 40-44, female",SP.POP.4044.FE,75815,76056,75643,75230,73994,72232
Slovenia,SVN,"Population ages 40-44, male",SP.POP.4044.MA,85556,86132,86027,85406,83526,81429
Slovenia,SVN,"Population ages 45-49, female",SP.POP.4549.FE,71905,73435,74652,75548,76137,76586
Slovenia,SVN,"Population ages 45-49, male",SP.POP.4549.MA,79164,80808,82299,83873,85136,86028
Slovenia,SVN,"Population ages 50-54, female",SP.POP.5054.FE,73658,71776,70905,71073,71428,72200
Slovenia,SVN,"Population ages 50-54, male",SP.POP.5054.MA,77292,75845,75768,76637,77459,78796
Slovenia,SVN,"Population ages 55-59, female",SP.POP.5559.FE,74928,75123,75612,75775,74836,73246
Slovenia,SVN,"Population ages 55-59, male",SP.POP.5559.MA,76071,76617,77103,77296,76915,75855
Slovenia,SVN,"Population ages 60-64, female",SP.POP.6064.FE,72091,71379,71552,72291,72992,73697
Slovenia,SVN,"Population ages 60-64, male",SP.POP.6064.MA,71559,70560,70892,71922,72514,73208
Slovenia,SVN,"Population ages 65 and above, female",SP.POP.65UP.FE.IN,241011,244188,249057,254470,258523,262558
Slovenia,SVN,"Population ages 65 and above, male",SP.POP.65UP.MA.IN,182024,186511,191971,197874,202856,207629
Small states,SST,"Population ages 10-14, male",SP.POP.1014.MA,838148,840475,844954,851266,853767,855259
Small states,SST,"Population ages 15-19, female",SP.POP.1519.FE,776666,781696,786478,792920,798622,803048
Small states,SST,"Population ages 10-14, female",SP.POP.1014.FE,806386,808859,813451,818841,820942,822346
Small states,SST,"Population ages 15-19, male",SP.POP.1519.MA,813543,821302,820792,821872,827689,833962
Small states,SST,"Population ages 20-24, female",SP.POP.2024.FE,762248,767095,765261,764855,768827,773833
Small states,SST,"Population ages 20-24, male",SP.POP.2024.MA,830092,836637,831096,825344,824299,827488
Small states,SST,"Population ages 25-29, female",SP.POP.2529.FE,772722,774866,773613,769240,765600,763486
Small states,SST,"Population ages 25-29, male",SP.POP.2529.MA,887220,896089,879347,859485,851025,845613
Small states,SST,"Population ages 30-34, female",SP.POP.3034.FE,747077,758103,769025,776180,776654,774313
Small states,SST,"Population ages 30-34, male",SP.POP.3034.MA,893945,904776,912100,911641,907405,903055
Small states,SST,"Population ages 35-39, female",SP.POP.3539.FE,679708,692845,708756,724494,736346,746485
Small states,SST,"Population ages 35-39, male",SP.POP.3539.MA,797269,811260,842938,873537,889196,902636
Small states,SST,"Population ages 40-44, female",SP.POP.4044.FE,597891,611269,629768,649890,664673,676753
Small states,SST,"Population ages 40-44, male",SP.POP.4044.MA,670974,686239,716559,752052,775054,792049
Small states,SST,"Population ages 45-49, female",SP.POP.4549.FE,531008,539426,552105,566245,578422,591017
Small states,SST,"Population ages 45-49, male",SP.POP.4549.MA,576374,583987,602172,624271,640990,657145
Small states,SST,"Population ages 50-54, female",SP.POP.5054.FE,485374,489578,497570,507251,514154,521138
Small states,SST,"Population ages 50-54, male",SP.POP.5054.MA,502657,507033,520668,536991,547064,556386
Small states,SST,"Population ages 55-59, female",SP.POP.5559.FE,443207,450152,454640,460354,465658,470091
Small states,SST,"Population ages 55-59, male",SP.POP.5559.MA,436055,439637,447245,458447,466587,473165
Small states,SST,"Population ages 60-64, female",SP.POP.6064.FE,377283,387246,397505,408083,415836,421760
Small states,SST,"Population ages 60-64, male",SP.POP.6064.MA,357868,366305,374571,384557,392482,398481
Small states,SST,"Population ages 65 and above, female",SP.POP.65UP.FE.IN,916605,940412,968244,1001924,1031283,1060499
Small states,SST,"Population ages 65 and above, male",SP.POP.65UP.MA.IN,705313,724144,745133,772130,797445,822296
Solomon Islands,SLB,"Population ages 10-14, male",SP.POP.1014.MA,44308,45609,46964,48289,49513,50558
Solomon Islands,SLB,"Population ages 15-19, female",SP.POP.1519.FE,37608,38231,38828,39480,40237,41217
Solomon Islands,SLB,"Population ages 10-14, female",SP.POP.1014.FE,41136,42402,43782,45164,46442,47516
Solomon Islands,SLB,"Population ages 15-19, male",SP.POP.1519.MA,39411,40377,41298,42230,43206,44318
Solomon Islands,SLB,"Population ages 20-24, female",SP.POP.2024.FE,33041,34302,35429,36439,37300,37976
Solomon Islands,SLB,"Population ages 20-24, male",SP.POP.2024.MA,33501,34880,36204,37473,38645,39667
Solomon Islands,SLB,"Population ages 25-29, female",SP.POP.2529.FE,26900,27940,29251,30714,32196,33584
Solomon Islands,SLB,"Population ages 25-29, male",SP.POP.2529.MA,27542,28529,29742,31106,32545,33984
Solomon Islands,SLB,"Population ages 30-34, female",SP.POP.3034.FE,26251,26297,26266,26326,26630,27301
Solomon Islands,SLB,"Population ages 30-34, male",SP.POP.3034.MA,26266,26434,26571,26795,27220,27934
Solomon Islands,SLB,"Population ages 35-39, female",SP.POP.3539.FE,23073,23975,24843,25594,26134,26405
Solomon Islands,SLB,"Population ages 35-39, male",SP.POP.3539.MA,23634,24333,25017,25630,26112,26425
Solomon Islands,SLB,"Population ages 40-44, female",SP.POP.4044.FE,19521,20108,20730,21417,22182,23034
Solomon Islands,SLB,"Population ages 40-44, male",SP.POP.4044.MA,20774,21252,21753,22304,22911,23577
Solomon Islands,SLB,"Population ages 45-49, female",SP.POP.4549.FE,16355,16979,17577,18166,18743,19320
Solomon Islands,SLB,"Population ages 45-49, male",SP.POP.4549.MA,17802,18436,18998,19521,20014,20492
Solomon Islands,SLB,"Population ages 50-54, female",SP.POP.5054.FE,12604,13270,13958,14658,15343,16001
Solomon Islands,SLB,"Population ages 50-54, male",SP.POP.5054.MA,13305,14086,14917,15762,16565,17288
Solomon Islands,SLB,"Population ages 55-59, female",SP.POP.5559.FE,9352,9853,10372,10927,11519,12151
Solomon Islands,SLB,"Population ages 55-59, male",SP.POP.5559.MA,10004,10415,10856,11363,11951,12635
Solomon Islands,SLB,"Population ages 60-64, female",SP.POP.6064.FE,6702,7012,7397,7842,8317,8807
Solomon Islands,SLB,"Population ages 60-64, male",SP.POP.6064.MA,7209,7535,7919,8337,8760,9174
Solomon Islands,SLB,"Population ages 65 and above, female",SP.POP.65UP.FE.IN,13899,14116,14378,14733,15151,15650
Solomon Islands,SLB,"Population ages 65 and above, male",SP.POP.65UP.MA.IN,13668,13756,13964,14279,14658,15118
Somalia,SOM,"Population ages 10-14, male",SP.POP.1014.MA,1070600,1090914,1117820,1159879,1214068,1275671
Somalia,SOM,"Population ages 15-19, female",SP.POP.1519.FE,905750,937274,963554,988818,1011197,1025557
Somalia,SOM,"Population ages 10-14, female",SP.POP.1014.FE,1040217,1060098,1087367,1129289,1182898,1243696
Somalia,SOM,"Population ages 15-19, male",SP.POP.1519.MA,927896,960209,987239,1013315,1036899,1052280
Somalia,SOM,"Population ages 20-24, female",SP.POP.2024.FE,754349,783643,809499,836013,862518,884088
Somalia,SOM,"Population ages 20-24, male",SP.POP.2024.MA,767283,797112,823079,849191,874911,895641
Somalia,SOM,"Population ages 25-29, female",SP.POP.2529.FE,574993,620809,660747,690372,718831,748258
Somalia,SOM,"Population ages 25-29, male",SP.POP.2529.MA,578000,623852,663946,693433,721514,750438
Somalia,SOM,"Population ages 30-34, female",SP.POP.3034.FE,474465,475531,479362,497422,529902,571704
Somalia,SOM,"Population ages 30-34, male",SP.POP.3034.MA,473859,475444,478859,496017,527415,567946
Somalia,SOM,"Population ages 35-39, female",SP.POP.3539.FE,405021,420939,434415,447500,460692,468922
Somalia,SOM,"Population ages 35-39, male",SP.POP.3539.MA,399012,414649,427935,441098,454653,463370
Somalia,SOM,"Population ages 40-44, female",SP.POP.4044.FE,322387,337039,350494,364346,380187,396841
Somalia,SOM,"Population ages 40-44, male",SP.POP.4044.MA,315182,329618,342645,355922,371099,387057
Somalia,SOM,"Population ages 45-49, female",SP.POP.4549.FE,257472,266467,275075,285576,299038,313414
Somalia,SOM,"Population ages 45-49, male",SP.POP.4549.MA,246793,256186,264955,275418,288674,302737
Somalia,SOM,"Population ages 50-54, female",SP.POP.5054.FE,212275,219066,224983,231526,239368,247708
Somalia,SOM,"Population ages 50-54, male",SP.POP.5054.MA,195699,202688,209081,216244,224683,233502
Somalia,SOM,"Population ages 55-59, female",SP.POP.5559.FE,172803,178013,182532,187764,194181,200818
Somalia,SOM,"Population ages 55-59, male",SP.POP.5559.MA,155213,159799,163832,168640,174727,181247
Somalia,SOM,"Population ages 60-64, female",SP.POP.6064.FE,137818,141721,145085,149148,154182,159326
Somalia,SOM,"Population ages 60-64, male",SP.POP.6064.MA,120956,124162,126983,130469,134865,139387
Somalia,SOM,"Population ages 65 and above, female",SP.POP.65UP.FE.IN,233324,242221,250167,260302,272314,284332
Somalia,SOM,"Population ages 65 and above, male",SP.POP.65UP.MA.IN,189155,195972,202324,210517,220324,230125
South Africa,ZAF,"Population ages 10-14, male",SP.POP.1014.MA,2725219,2718796,2704132,2689238,2665722,2638630
South Africa,ZAF,"Population ages 15-19, female",SP.POP.1519.FE,2432889,2473104,2531044,2598337,2662387,2706494
South Africa,ZAF,"Population ages 10-14, female",SP.POP.1014.FE,2688049,2694075,2684762,2669348,2647507,2622890
South Africa,ZAF,"Population ages 15-19, male",SP.POP.1519.MA,2489546,2520443,2570183,2634462,2693789,2731294
South Africa,ZAF,"Population ages 20-24, female",SP.POP.2024.FE,2659977,2639227,2598828,2544928,2517931,2532950
South Africa,ZAF,"Population ages 20-24, male",SP.POP.2024.MA,2671576,2659911,2638467,2607071,2587995,2597837
South Africa,ZAF,"Population ages 25-29, female",SP.POP.2529.FE,2843676,2869474,2866557,2838331,2798806,2748485
South Africa,ZAF,"Population ages 25-29, male",SP.POP.2529.MA,2806104,2808989,2805026,2798620,2780005,2746055
South Africa,ZAF,"Population ages 30-34, female",SP.POP.3034.FE,2784785,2816972,2852095,2879922,2893647,2889803
South Africa,ZAF,"Population ages 30-34, male",SP.POP.3034.MA,2778589,2785864,2805771,2828445,2831294,2814170
South Africa,ZAF,"Population ages 35-39, female",SP.POP.3539.FE,2466719,2554365,2623420,2681561,2722919,2752804
South Africa,ZAF,"Population ages 35-39, male",SP.POP.3539.MA,2480235,2543642,2596914,2651468,2686255,2705839
South Africa,ZAF,"Population ages 40-44, female",SP.POP.4044.FE,1961434,2050552,2149168,2246866,2341856,2427663
South Africa,ZAF,"Population ages 40-44, male",SP.POP.4044.MA,1904838,2027570,2141805,2242173,2330069,2401496
South Africa,ZAF,"Population ages 45-49, female",SP.POP.4549.FE,1659734,1679988,1714875,1768854,1833118,1907411
South Africa,ZAF,"Population ages 45-49, male",SP.POP.4549.MA,1489914,1554458,1620046,1692793,1773887,1859546
South Africa,ZAF,"Population ages 50-54, female",SP.POP.5054.FE,1481966,1500841,1520007,1541742,1563977,1586122
South Africa,ZAF,"Population ages 50-54, male",SP.POP.5054.MA,1212161,1272215,1321642,1360994,1397643,1430916
South Africa,ZAF,"Population ages 55-59, female",SP.POP.5559.FE,1355812,1373456,1380524,1384928,1391314,1403331
South Africa,ZAF,"Population ages 55-59, male",SP.POP.5559.MA,1056960,1091055,1108415,1115576,1127930,1146991
South Africa,ZAF,"Population ages 60-64, female",SP.POP.6064.FE,1119803,1171709,1208357,1234175,1256494,1272463
South Africa,ZAF,"Population ages 60-64, male",SP.POP.6064.MA,854282,906284,938250,953910,965973,972575
South Africa,ZAF,"Population ages 65 and above, female",SP.POP.65UP.FE.IN,2297569,2369893,2443833,2531228,2627648,2732202
South Africa,ZAF,"Population ages 65 and above, male",SP.POP.65UP.MA.IN,1402483,1464564,1524449,1587118,1654783,1725671
South Asia,SAS,"Population ages 10-14, male",SP.POP.1014.MA,94728004,94925299,94989000,94790277,94160160,93275110
South Asia,SAS,"Population ages 15-19, female",SP.POP.1519.FE,87766831,87695863,87338564,86922918,86714310,86663943
South Asia,SAS,"Population ages 10-14, female",SP.POP.1014.FE,87309128,87367703,87351238,87204233,86727410,86060955
South Asia,SAS,"Population ages 15-19, male",SP.POP.1519.MA,94560450,94403243,94108612,93846117,93802778,93925759
South Asia,SAS,"Population ages 20-24, female",SP.POP.2024.FE,83536209,84560725,85386310,85948873,86322280,86387103
South Asia,SAS,"Population ages 20-24, male",SP.POP.2024.MA,89571167,90344087,91042367,91611791,92074888,92297742
South Asia,SAS,"Population ages 25-29, female",SP.POP.2529.FE,78234126,79268490,80121142,80787747,81467779,82205311
South Asia,SAS,"Population ages 25-29, male",SP.POP.2529.MA,83324365,84306038,85081553,85701936,86356957,87118476
South Asia,SAS,"Population ages 30-34, female",SP.POP.3034.FE,72827908,73672485,74426516,75223175,76101853,77059059
South Asia,SAS,"Population ages 30-34, male",SP.POP.3034.MA,77046233,77942021,78667721,79407731,80283644,81310595
South Asia,SAS,"Population ages 35-39, female",SP.POP.3539.FE,65641855,67279830,68717944,69886857,70893633,71779278
South Asia,SAS,"Population ages 35-39, male",SP.POP.3539.MA,69353059,71017893,72371682,73447920,74417282,75320514
South Asia,SAS,"Population ages 40-44, female",SP.POP.4044.FE,56508389,57793026,59272572,61007730,62841612,64612791
South Asia,SAS,"Population ages 40-44, male",SP.POP.4044.MA,59489138,61126197,62746456,64428483,66172946,67835256
South Asia,SAS,"Population ages 45-49, female",SP.POP.4549.FE,49696373,50666203,51656512,52713940,53833023,55133622
South Asia,SAS,"Population ages 45-49, male",SP.POP.4549.MA,51377307,52562614,53733751,54938688,56221228,57692588
South Asia,SAS,"Population ages 50-54, female",SP.POP.5054.FE,43063238,43900740,44837548,45916070,47047614,48176838
South Asia,SAS,"Population ages 50-54, male",SP.POP.5054.MA,44114685,44971177,45902280,46956152,48099711,49288082
South Asia,SAS,"Population ages 55-59, female",SP.POP.5559.FE,37027365,37623641,38302493,39160505,40070980,41029734
South Asia,SAS,"Population ages 55-59, male",SP.POP.5559.MA,37693344,38262436,38884164,39660534,40484907,41367159
South Asia,SAS,"Population ages 60-64, female",SP.POP.6064.FE,30730646,31283179,31908818,32712669,33549050,34384607
South Asia,SAS,"Population ages 60-64, male",SP.POP.6064.MA,30771865,31328791,31929624,32675196,33447723,34207749
South Asia,SAS,"Population ages 65 and above, female",SP.POP.65UP.FE.IN,60263423,62008720,63934571,66500435,69150591,71885203
South Asia,SAS,"Population ages 65 and above, male",SP.POP.65UP.MA.IN,54001929,55539055,57358953,59798256,62285921,64828769
South Asia (IDA & IBRD),TSA,"Population ages 10-14, male",SP.POP.1014.MA,94728004,94925299,94989000,94790277,94160160,93275110
South Asia (IDA & IBRD),TSA,"Population ages 15-19, female",SP.POP.1519.FE,87766831,87695863,87338564,86922918,86714310,86663943
South Asia (IDA & IBRD),TSA,"Population ages 10-14, female",SP.POP.1014.FE,87309128,87367703,87351238,87204233,86727410,86060955
South Asia (IDA & IBRD),TSA,"Population ages 15-19, male",SP.POP.1519.MA,94560450,94403243,94108612,93846117,93802778,93925759
South Asia (IDA & IBRD),TSA,"Population ages 20-24, female",SP.POP.2024.FE,83536209,84560725,85386310,85948873,86322280,86387103
South Asia (IDA & IBRD),TSA,"Population ages 20-24, male",SP.POP.2024.MA,89571167,90344087,91042367,91611791,92074888,92297742
South Asia (IDA & IBRD),TSA,"Population ages 25-29, female",SP.POP.2529.FE,78234126,79268490,80121142,80787747,81467779,82205311
South Asia (IDA & IBRD),TSA,"Population ages 25-29, male",SP.POP.2529.MA,83324365,84306038,85081553,85701936,86356957,87118476
South Asia (IDA & IBRD),TSA,"Population ages 30-34, female",SP.POP.3034.FE,72827908,73672485,74426516,75223175,76101853,77059059
South Asia (IDA & IBRD),TSA,"Population ages 30-34, male",SP.POP.3034.MA,77046233,77942021,78667721,79407731,80283644,81310595
South Asia (IDA & IBRD),TSA,"Population ages 35-39, female",SP.POP.3539.FE,65641855,67279830,68717944,69886857,70893633,71779278
South Asia (IDA & IBRD),TSA,"Population ages 35-39, male",SP.POP.3539.MA,69353059,71017893,72371682,73447920,74417282,75320514
South Asia (IDA & IBRD),TSA,"Population ages 40-44, female",SP.POP.4044.FE,56508389,57793026,59272572,61007730,62841612,64612791
South Asia (IDA & IBRD),TSA,"Population ages 40-44, male",SP.POP.4044.MA,59489138,61126197,62746456,64428483,66172946,67835256
South Asia (IDA & IBRD),TSA,"Population ages 45-49, female",SP.POP.4549.FE,49696373,50666203,51656512,52713940,53833023,55133622
South Asia (IDA & IBRD),TSA,"Population ages 45-49, male",SP.POP.4549.MA,51377307,52562614,53733751,54938688,56221228,57692588
South Asia (IDA & IBRD),TSA,"Population ages 50-54, female",SP.POP.5054.FE,43063238,43900740,44837548,45916070,47047614,48176838
South Asia (IDA & IBRD),TSA,"Population ages 50-54, male",SP.POP.5054.MA,44114685,44971177,45902280,46956152,48099711,49288082
South Asia (IDA & IBRD),TSA,"Population ages 55-59, female",SP.POP.5559.FE,37027365,37623641,38302493,39160505,40070980,41029734
South Asia (IDA & IBRD),TSA,"Population ages 55-59, male",SP.POP.5559.MA,37693344,38262436,38884164,39660534,40484907,41367159
South Asia (IDA & IBRD),TSA,"Population ages 60-64, female",SP.POP.6064.FE,30730646,31283179,31908818,32712669,33549050,34384607
South Asia (IDA & IBRD),TSA,"Population ages 60-64, male",SP.POP.6064.MA,30771865,31328791,31929624,32675196,33447723,34207749
South Asia (IDA & IBRD),TSA,"Population ages 65 and above, female",SP.POP.65UP.FE.IN,60263423,62008720,63934571,66500435,69150591,71885203
South Asia (IDA & IBRD),TSA,"Population ages 65 and above, male",SP.POP.65UP.MA.IN,54001929,55539055,57358953,59798256,62285921,64828769
South Sudan,SSD,"Population ages 10-14, male",SP.POP.1014.MA,767453,785549,801721,827656,842569,827528
South Sudan,SSD,"Population ages 15-19, female",SP.POP.1519.FE,631138,656410,677557,715380,751321,772056
South Sudan,SSD,"Population ages 10-14, female",SP.POP.1014.FE,752271,769872,785378,810392,824782,810438
South Sudan,SSD,"Population ages 15-19, male",SP.POP.1519.MA,643350,668494,689697,727359,763232,783775
South Sudan,SSD,"Population ages 20-24, female",SP.POP.2024.FE,424865,458920,496506,553931,605856,641777
South Sudan,SSD,"Population ages 20-24, male",SP.POP.2024.MA,433208,467774,505001,561443,612502,647316
South Sudan,SSD,"Population ages 25-29, female",SP.POP.2529.FE,323768,327561,333497,358151,390810,425641
South Sudan,SSD,"Population ages 25-29, male",SP.POP.2529.MA,313623,321258,330731,358046,392498,428143
South Sudan,SSD,"Population ages 30-34, female",SP.POP.3034.FE,286302,284840,288757,306868,319227,323192
South Sudan,SSD,"Population ages 30-34, male",SP.POP.3034.MA,260286,260108,265643,285710,301027,308808
South Sudan,SSD,"Population ages 35-39, female",SP.POP.3539.FE,331911,321262,303248,292405,288617,286221
South Sudan,SSD,"Population ages 35-39, male",SP.POP.3539.MA,298912,288654,271680,261482,257866,256338
South Sudan,SSD,"Population ages 40-44, female",SP.POP.4044.FE,315321,319187,321055,329801,335884,332434
South Sudan,SSD,"Population ages 40-44, male",SP.POP.4044.MA,284429,286813,287125,293989,298521,294817
South Sudan,SSD,"Population ages 45-49, female",SP.POP.4549.FE,263728,272805,280562,294714,307985,314634
South Sudan,SSD,"Population ages 45-49, male",SP.POP.4549.MA,234809,242912,249568,262019,273362,278556
South Sudan,SSD,"Population ages 50-54, female",SP.POP.5054.FE,196468,206857,217504,233796,249934,261041
South Sudan,SSD,"Population ages 50-54, male",SP.POP.5054.MA,170140,179008,188166,202577,216866,226784
South Sudan,SSD,"Population ages 55-59, female",SP.POP.5559.FE,144623,150956,157749,169184,181498,191582
South Sudan,SSD,"Population ages 55-59, male",SP.POP.5559.MA,122339,127452,132889,142392,152570,160921
South Sudan,SSD,"Population ages 60-64, female",SP.POP.6064.FE,105759,110423,115200,123065,131390,137712
South Sudan,SSD,"Population ages 60-64, male",SP.POP.6064.MA,86382,90099,93899,100323,107059,112130
South Sudan,SSD,"Population ages 65 and above, female",SP.POP.65UP.FE.IN,168478,175480,182734,195271,208457,218518
South Sudan,SSD,"Population ages 65 and above, male",SP.POP.65UP.MA.IN,119731,124600,129803,139170,148851,156322
Spain,ESP,"Population ages 10-14, male",SP.POP.1014.MA,1286660,1283978,1280670,1269019,1235922,1209970
Spain,ESP,"Population ages 15-19, female",SP.POP.1519.FE,1158029,1176589,1204150,1237362,1254510,1264568
Spain,ESP,"Population ages 10-14, female",SP.POP.1014.FE,1211859,1208200,1204413,1193619,1163553,1140381
Spain,ESP,"Population ages 15-19, male",SP.POP.1519.MA,1232268,1248234,1274278,1308867,1327730,1338690
Spain,ESP,"Population ages 20-24, female",SP.POP.2024.FE,1156378,1166470,1175604,1191574,1212237,1245750
Spain,ESP,"Population ages 20-24, male",SP.POP.2024.MA,1214805,1231650,1247728,1267760,1287633,1316716
Spain,ESP,"Population ages 25-29, female",SP.POP.2529.FE,1269230,1256946,1246795,1237541,1220729,1216397
Spain,ESP,"Population ages 25-29, male",SP.POP.2529.MA,1304372,1294504,1286511,1282471,1269973,1269841
Spain,ESP,"Population ages 30-34, female",SP.POP.3034.FE,1408557,1389785,1381421,1378603,1350942,1318803
Spain,ESP,"Population ages 30-34, male",SP.POP.3034.MA,1420378,1407421,1404063,1405589,1381510,1351309
Spain,ESP,"Population ages 35-39, female",SP.POP.3539.FE,1630269,1577330,1544299,1524562,1490560,1455677
Spain,ESP,"Population ages 35-39, male",SP.POP.3539.MA,1653042,1592909,1554045,1532111,1497908,1465011
Spain,ESP,"Population ages 40-44, female",SP.POP.4044.FE,1928363,1894741,1854237,1816191,1749010,1677547
Spain,ESP,"Population ages 40-44, male",SP.POP.4044.MA,1985356,1944094,1897170,1850803,1775712,1697311
Spain,ESP,"Population ages 45-49, female",SP.POP.4549.FE,1913925,1936546,1967147,2002632,1996786,1975264
Spain,ESP,"Population ages 45-49, male",SP.POP.4549.MA,1969699,1995997,2030999,2067518,2056057,2025940
Spain,ESP,"Population ages 50-54, female",SP.POP.5054.FE,1853273,1859310,1880392,1917089,1933566,1952493
Spain,ESP,"Population ages 50-54, male",SP.POP.5054.MA,1855156,1866160,1893864,1941083,1968196,1994687
Spain,ESP,"Population ages 55-59, female",SP.POP.5559.FE,1752428,1784950,1829853,1875933,1881711,1881733
Spain,ESP,"Population ages 55-59, male",SP.POP.5559.MA,1700053,1740532,1790252,1838783,1850408,1858560
Spain,ESP,"Population ages 60-64, female",SP.POP.6064.FE,1530274,1579557,1630112,1687519,1730126,1767465
Spain,ESP,"Population ages 60-64, male",SP.POP.6064.MA,1439570,1482657,1531307,1588005,1633412,1677788
Spain,ESP,"Population ages 65 and above, female",SP.POP.65UP.FE.IN,5238310,5307513,5442588,5629645,5752534,5875043
Spain,ESP,"Population ages 65 and above, male",SP.POP.65UP.MA.IN,4026230,4087160,4199024,4355991,4468146,4577988
Sri Lanka,LKA,"Population ages 10-14, male",SP.POP.1014.MA,892750,893211,885003,871618,868168,861963
Sri Lanka,LKA,"Population ages 15-19, female",SP.POP.1519.FE,841806,857104,861862,856399,857928,856169
Sri Lanka,LKA,"Population ages 10-14, female",SP.POP.1014.FE,872973,872449,862301,846220,840022,831431
Sri Lanka,LKA,"Population ages 15-19, male",SP.POP.1519.MA,862339,876910,881006,875154,876834,875490
Sri Lanka,LKA,"Population ages 20-24, female",SP.POP.2024.FE,800468,801224,799413,796301,806125,817169
Sri Lanka,LKA,"Population ages 20-24, male",SP.POP.2024.MA,817849,821299,820760,817714,826993,836957
Sri Lanka,LKA,"Population ages 25-29, female",SP.POP.2529.FE,804269,808501,802171,787266,781265,775822
Sri Lanka,LKA,"Population ages 25-29, male",SP.POP.2529.MA,786877,800488,802606,794588,793893,792186
Sri Lanka,LKA,"Population ages 30-34, female",SP.POP.3034.FE,784109,786046,783071,775926,779348,782343
Sri Lanka,LKA,"Population ages 30-34, male",SP.POP.3034.MA,729113,734576,737710,738851,751277,763761
Sri Lanka,LKA,"Population ages 35-39, female",SP.POP.3539.FE,820630,811191,795051,775625,768949,765047
Sri Lanka,LKA,"Population ages 35-39, male",SP.POP.3539.MA,765781,753600,735986,716569,710350,708348
Sri Lanka,LKA,"Population ages 40-44, female",SP.POP.4044.FE,793652,818515,826827,818801,812984,802128
Sri Lanka,LKA,"Population ages 40-44, male",SP.POP.4044.MA,747676,769888,775743,765591,756955,743432
Sri Lanka,LKA,"Population ages 45-49, female",SP.POP.4549.FE,686078,697175,709429,723274,749566,775239
Sri Lanka,LKA,"Population ages 45-49, male",SP.POP.4549.MA,642404,651389,661872,674448,698787,722338
Sri Lanka,LKA,"Population ages 50-54, female",SP.POP.5054.FE,671727,677712,675149,666021,665565,667929
Sri Lanka,LKA,"Population ages 50-54, male",SP.POP.5054.MA,619072,625608,623491,614724,613440,614548
Sri Lanka,LKA,"Population ages 55-59, female",SP.POP.5559.FE,636874,643009,643845,640799,645894,650306
Sri Lanka,LKA,"Population ages 55-59, male",SP.POP.5559.MA,563979,569929,571812,570935,577543,583423
Sri Lanka,LKA,"Population ages 60-64, female",SP.POP.6064.FE,583448,597324,603313,602356,606836,610181
Sri Lanka,LKA,"Population ages 60-64, male",SP.POP.6064.MA,496737,507816,512207,511044,514925,518406
Sri Lanka,LKA,"Population ages 65 and above, female",SP.POP.65UP.FE.IN,1365761,1425590,1473511,1512434,1570071,1627648
Sri Lanka,LKA,"Population ages 65 and above, male",SP.POP.65UP.MA.IN,983016,1021683,1051227,1074426,1112089,1150870
St. Kitts and Nevis,KNA,"Population ages 10-14, male",SP.POP.1014.MA,1440,1365,1355,1342,1352,1431
St. Kitts and Nevis,KNA,"Population ages 15-19, female",SP.POP.1519.FE,1633,1601,1607,1624,1620,1545
St. Kitts and Nevis,KNA,"Population ages 10-14, female",SP.POP.1014.FE,1571,1476,1436,1405,1406,1472
St. Kitts and Nevis,KNA,"Population ages 15-19, male",SP.POP.1519.MA,1534,1481,1471,1485,1484,1412
St. Kitts and Nevis,KNA,"Population ages 20-24, female",SP.POP.2024.FE,1864,1839,1798,1741,1667,1605
St. Kitts and Nevis,KNA,"Population ages 20-24, male",SP.POP.2024.MA,1737,1712,1673,1619,1552,1490
St. Kitts and Nevis,KNA,"Population ages 25-29, female",SP.POP.2529.FE,1866,1858,1853,1852,1856,1856
St. Kitts and Nevis,KNA,"Population ages 25-29, male",SP.POP.2529.MA,1749,1687,1667,1678,1693,1700
St. Kitts and Nevis,KNA,"Population ages 30-34, female",SP.POP.3034.FE,2063,2009,1953,1907,1873,1859
St. Kitts and Nevis,KNA,"Population ages 30-34, male",SP.POP.3034.MA,1921,1912,1877,1829,1778,1721
St. Kitts and Nevis,KNA,"Population ages 35-39, female",SP.POP.3539.FE,2011,2022,2039,2060,2065,2041
St. Kitts and Nevis,KNA,"Population ages 35-39, male",SP.POP.3539.MA,1737,1767,1802,1835,1862,1884
St. Kitts and Nevis,KNA,"Population ages 40-44, female",SP.POP.4044.FE,1737,1785,1847,1913,1956,1983
St. Kitts and Nevis,KNA,"Population ages 40-44, male",SP.POP.4044.MA,1635,1611,1609,1626,1652,1688
St. Kitts and Nevis,KNA,"Population ages 45-49, female",SP.POP.4549.FE,1645,1641,1630,1630,1658,1706
St. Kitts and Nevis,KNA,"Population ages 45-49, male",SP.POP.4549.MA,1572,1594,1602,1598,1589,1575
St. Kitts and Nevis,KNA,"Population ages 50-54, female",SP.POP.5054.FE,1526,1523,1548,1577,1598,1608
St. Kitts and Nevis,KNA,"Population ages 50-54, male",SP.POP.5054.MA,1515,1482,1461,1460,1475,1497
St. Kitts and Nevis,KNA,"Population ages 55-59, female",SP.POP.5559.FE,1515,1527,1528,1516,1495,1475
St. Kitts and Nevis,KNA,"Population ages 55-59, male",SP.POP.5559.MA,1482,1493,1487,1462,1436,1410
St. Kitts and Nevis,KNA,"Population ages 60-64, female",SP.POP.6064.FE,1485,1513,1501,1467,1439,1438
St. Kitts and Nevis,KNA,"Population ages 60-64, male",SP.POP.6064.MA,1287,1295,1295,1305,1316,1327
St. Kitts and Nevis,KNA,"Population ages 65 and above, female",SP.POP.65UP.FE.IN,2398,2506,2612,2758,2925,3078
St. Kitts and Nevis,KNA,"Population ages 65 and above, male",SP.POP.65UP.MA.IN,2025,2108,2169,2243,2334,2422
St. Lucia,LCA,"Population ages 10-14, male",SP.POP.1014.MA,6318,6164,5962,5757,5541,5378
St. Lucia,LCA,"Population ages 15-19, female",SP.POP.1519.FE,6597,6383,6220,6110,6044,5966
St. Lucia,LCA,"Population ages 10-14, female",SP.POP.1014.FE,5982,5842,5684,5543,5380,5240
St. Lucia,LCA,"Population ages 15-19, male",SP.POP.1519.MA,6896,6689,6523,6417,6361,6288
St. Lucia,LCA,"Population ages 20-24, female",SP.POP.2024.FE,7608,7425,7221,7021,6805,6562
St. Lucia,LCA,"Population ages 20-24, male",SP.POP.2024.MA,7793,7587,7393,7211,7033,6827
St. Lucia,LCA,"Population ages 25-29, female",SP.POP.2529.FE,7924,7995,7975,7877,7744,7592
St. Lucia,LCA,"Population ages 25-29, male",SP.POP.2529.MA,8306,8350,8293,8148,7947,7730
St. Lucia,LCA,"Population ages 30-34, female",SP.POP.3034.FE,7361,7437,7544,7658,7780,7903
St. Lucia,LCA,"Population ages 30-34, male",SP.POP.3034.MA,7359,7512,7705,7911,8099,8238
St. Lucia,LCA,"Population ages 35-39, female",SP.POP.3539.FE,6975,7098,7176,7230,7277,7329
St. Lucia,LCA,"Population ages 35-39, male",SP.POP.3539.MA,6899,6976,7031,7087,7167,7280
St. Lucia,LCA,"Population ages 40-44, female",SP.POP.4044.FE,6308,6367,6466,6604,6766,6925
St. Lucia,LCA,"Population ages 40-44, male",SP.POP.4044.MA,6385,6436,6511,6601,6695,6789
St. Lucia,LCA,"Population ages 45-49, female",SP.POP.4549.FE,6278,6261,6240,6220,6211,6233
St. Lucia,LCA,"Population ages 45-49, male",SP.POP.4549.MA,6062,6073,6096,6136,6181,6227
St. Lucia,LCA,"Population ages 50-54, female",SP.POP.5054.FE,6086,6112,6135,6158,6163,6157
St. Lucia,LCA,"Population ages 50-54, male",SP.POP.5054.MA,5907,5876,5841,5822,5813,5822
St. Lucia,LCA,"Population ages 55-59, female",SP.POP.5559.FE,5388,5545,5671,5778,5858,5909
St. Lucia,LCA,"Population ages 55-59, male",SP.POP.5559.MA,5161,5296,5400,5482,5530,5542
St. Lucia,LCA,"Population ages 60-64, female",SP.POP.6064.FE,4166,4369,4563,4763,4958,5144
St. Lucia,LCA,"Population ages 60-64, male",SP.POP.6064.MA,3873,4022,4177,4345,4508,4669
St. Lucia,LCA,"Population ages 65 and above, female",SP.POP.65UP.FE.IN,8783,8951,9162,9496,9855,10245
St. Lucia,LCA,"Population ages 65 and above, male",SP.POP.65UP.MA.IN,6740,6818,6934,7175,7431,7705
St. Martin (French part),MAF,"Population ages 10-14, male",SP.POP.1014.MA,1105,1132,1077,1025,986,946
St. Martin (French part),MAF,"Population ages 15-19, female",SP.POP.1519.FE,1066,1100,1039,972,930,920
St. Martin (French part),MAF,"Population ages 10-14, female",SP.POP.1014.FE,1072,1116,1069,1024,985,943
St. Martin (French part),MAF,"Population ages 15-19, male",SP.POP.1519.MA,1103,1128,1078,1021,977,958
St. Martin (French part),MAF,"Population ages 20-24, female",SP.POP.2024.FE,898,867,834,754,666,631
St. Martin (French part),MAF,"Population ages 20-24, male",SP.POP.2024.MA,921,863,815,744,675,658
St. Martin (French part),MAF,"Population ages 25-29, female",SP.POP.2529.FE,896,841,797,689,532,419
St. Martin (French part),MAF,"Population ages 25-29, male",SP.POP.2529.MA,825,709,666,571,437,345
St. Martin (French part),MAF,"Population ages 30-34, female",SP.POP.3034.FE,991,944,923,840,703,571
St. Martin (French part),MAF,"Population ages 30-34, male",SP.POP.3034.MA,870,762,744,665,542,420
St. Martin (French part),MAF,"Population ages 35-39, female",SP.POP.3539.FE,1047,1001,955,889,820,749
St. Martin (French part),MAF,"Population ages 35-39, male",SP.POP.3539.MA,907,770,739,682,611,554
St. Martin (French part),MAF,"Population ages 40-44, female",SP.POP.4044.FE,1008,975,944,910,874,840
St. Martin (French part),MAF,"Population ages 40-44, male",SP.POP.4044.MA,886,782,762,721,671,625
St. Martin (French part),MAF,"Population ages 45-49, female",SP.POP.4549.FE,1122,1074,991,917,864,826
St. Martin (French part),MAF,"Population ages 45-49, male",SP.POP.4549.MA,999,873,796,732,686,647
St. Martin (French part),MAF,"Population ages 50-54, female",SP.POP.5054.FE,1137,1145,1090,1044,1012,979
St. Martin (French part),MAF,"Population ages 50-54, male",SP.POP.5054.MA,1045,982,931,883,827,782
St. Martin (French part),MAF,"Population ages 55-59, female",SP.POP.5559.FE,1136,1164,1137,1103,1076,1040
St. Martin (French part),MAF,"Population ages 55-59, male",SP.POP.5559.MA,1062,1045,998,951,917,878
St. Martin (French part),MAF,"Population ages 60-64, female",SP.POP.6064.FE,1020,973,963,981,1007,1023
St. Martin (French part),MAF,"Population ages 60-64, male",SP.POP.6064.MA,919,891,893,900,917,924
St. Martin (French part),MAF,"Population ages 65 and above, female",SP.POP.65UP.FE.IN,3284,2686,2656,2672,2732,2796
St. Martin (French part),MAF,"Population ages 65 and above, male",SP.POP.65UP.MA.IN,2483,2064,2063,2062,2078,2107
St. Vincent and the Grenadines,VCT,"Population ages 10-14, male",SP.POP.1014.MA,3998,4016,4030,4031,4018,4004
St. Vincent and the Grenadines,VCT,"Population ages 15-19, female",SP.POP.1519.FE,3664,3569,3511,3511,3568,3651
St. Vincent and the Grenadines,VCT,"Population ages 10-14, female",SP.POP.1014.FE,3795,3830,3865,3885,3892,3894
St. Vincent and the Grenadines,VCT,"Population ages 15-19, male",SP.POP.1519.MA,3938,3824,3757,3751,3797,3859
St. Vincent and the Grenadines,VCT,"Population ages 20-24, female",SP.POP.2024.FE,3731,3663,3592,3517,3426,3334
St. Vincent and the Grenadines,VCT,"Population ages 20-24, male",SP.POP.2024.MA,4134,4058,3970,3864,3733,3609
St. Vincent and the Grenadines,VCT,"Population ages 25-29, female",SP.POP.2529.FE,3718,3719,3638,3523,3422,3341
St. Vincent and the Grenadines,VCT,"Population ages 25-29, male",SP.POP.2529.MA,3986,4002,3960,3887,3806,3735
St. Vincent and the Grenadines,VCT,"Population ages 30-34, female",SP.POP.3034.FE,3343,3303,3305,3333,3368,3404
St. Vincent and the Grenadines,VCT,"Population ages 30-34, male",SP.POP.3034.MA,3438,3409,3413,3475,3569,3638
St. Vincent and the Grenadines,VCT,"Population ages 35-39, female",SP.POP.3539.FE,3595,3517,3404,3294,3194,3109
St. Vincent and the Grenadines,VCT,"Population ages 35-39, male",SP.POP.3539.MA,3564,3536,3471,3365,3256,3186
St. Vincent and the Grenadines,VCT,"Population ages 40-44, female",SP.POP.4044.FE,3450,3463,3473,3476,3460,3420
St. Vincent and the Grenadines,VCT,"Population ages 40-44, male",SP.POP.4044.MA,3548,3496,3443,3407,3375,3350
St. Vincent and the Grenadines,VCT,"Population ages 45-49, female",SP.POP.4549.FE,3183,3208,3224,3244,3274,3300
St. Vincent and the Grenadines,VCT,"Population ages 45-49, male",SP.POP.4549.MA,3527,3488,3433,3399,3384,3359
St. Vincent and the Grenadines,VCT,"Population ages 50-54, female",SP.POP.5054.FE,3092,3024,2983,2985,3008,3031
St. Vincent and the Grenadines,VCT,"Population ages 50-54, male",SP.POP.5054.MA,3493,3436,3396,3365,3338,3320
St. Vincent and the Grenadines,VCT,"Population ages 55-59, female",SP.POP.5559.FE,3113,3150,3152,3107,3028,2943
St. Vincent and the Grenadines,VCT,"Population ages 55-59, male",SP.POP.5559.MA,3444,3461,3434,3375,3298,3223
St. Vincent and the Grenadines,VCT,"Population ages 60-64, female",SP.POP.6064.FE,2576,2666,2734,2803,2871,2923
St. Vincent and the Grenadines,VCT,"Population ages 60-64, male",SP.POP.6064.MA,2808,2869,2927,2997,3053,3090
St. Vincent and the Grenadines,VCT,"Population ages 65 and above, female",SP.POP.65UP.FE.IN,5709,5820,5940,6076,6218,6378
St. Vincent and the Grenadines,VCT,"Population ages 65 and above, male",SP.POP.65UP.MA.IN,5449,5458,5533,5640,5746,5863
Sub-Saharan Africa,SSF,"Population ages 10-14, male",SP.POP.1014.MA,73580487,75346299,77022906,78589526,80073876,81512680
Sub-Saharan Africa,SSF,"Population ages 15-19, female",SP.POP.1519.FE,62198818,64042929,65902136,67764421,69627910,71454413
Sub-Saharan Africa,SSF,"Population ages 10-14, female",SP.POP.1014.FE,72164799,73877993,75497809,77013131,78462217,79869376
Sub-Saharan Africa,SSF,"Population ages 15-19, male",SP.POP.1519.MA,63227007,65107927,67009723,68927650,70857665,72753396
Sub-Saharan Africa,SSF,"Population ages 20-24, female",SP.POP.2024.FE,53092220,54634818,56227765,57884358,59618015,61450560
Sub-Saharan Africa,SSF,"Population ages 20-24, male",SP.POP.2024.MA,53564044,55158504,56797176,58500302,60285479,62173571
Sub-Saharan Africa,SSF,"Population ages 25-29, female",SP.POP.2529.FE,45521335,46852120,48152028,49439313,50763280,52155208
Sub-Saharan Africa,SSF,"Population ages 25-29, male",SP.POP.2529.MA,45389652,46747506,48082657,49422476,50813015,52277038
Sub-Saharan Africa,SSF,"Population ages 30-34, female",SP.POP.3034.FE,38895192,39968469,41074260,42233712,43379458,44547938
Sub-Saharan Africa,SSF,"Population ages 30-34, male",SP.POP.3034.MA,38478756,39543170,40643845,41808137,42973068,44170300
Sub-Saharan Africa,SSF,"Population ages 35-39, female",SP.POP.3539.FE,32728828,33769841,34798865,35838119,36872551,37902187
Sub-Saharan Africa,SSF,"Population ages 35-39, male",SP.POP.3539.MA,32254292,33243652,34227107,35237105,36251393,37269747
Sub-Saharan Africa,SSF,"Population ages 40-44, female",SP.POP.4044.FE,26774645,27767020,28769576,29772689,30761000,31751878
Sub-Saharan Africa,SSF,"Population ages 40-44, male",SP.POP.4044.MA,26151750,27171692,28175273,29162111,30117514,31061967
Sub-Saharan Africa,SSF,"Population ages 45-49, female",SP.POP.4549.FE,21585504,22312676,23091772,23954567,24875688,25825936
Sub-Saharan Africa,SSF,"Population ages 45-49, male",SP.POP.4549.MA,20707276,21461707,22253813,23119540,24047406,25000139
Sub-Saharan Africa,SSF,"Population ages 50-54, female",SP.POP.5054.FE,17527594,18102019,18695496,19312263,19948478,20623390
Sub-Saharan Africa,SSF,"Population ages 50-54, male",SP.POP.5054.MA,16375475,16981431,17589922,18207336,18840424,19505962
Sub-Saharan Africa,SSF,"Population ages 55-59, female",SP.POP.5559.FE,14187936,14605415,15031825,15491030,15983866,16511428
Sub-Saharan Africa,SSF,"Population ages 55-59, male",SP.POP.5559.MA,12756464,13194335,13638110,14102974,14598076,15122117
Sub-Saharan Africa,SSF,"Population ages 60-64, female",SP.POP.6064.FE,11124505,11516415,11904099,12290207,12674186,13060956
Sub-Saharan Africa,SSF,"Population ages 60-64, male",SP.POP.6064.MA,9645338,9991679,10342961,10694937,11053904,11424581
Sub-Saharan Africa,SSF,"Population ages 65 and above, female",SP.POP.65UP.FE.IN,20088581,20749171,21450647,22237301,23073229,23942399
Sub-Saharan Africa,SSF,"Population ages 65 and above, male",SP.POP.65UP.MA.IN,15920137,16396215,16927241,17517371,18143146,18797506
Sub-Saharan Africa (excluding high income),SSA,"Population ages 10-14, male",SP.POP.1014.MA,73577270,75343054,77018975,78585585,80069859,81508601
Sub-Saharan Africa (excluding high income),SSA,"Population ages 15-19, female",SP.POP.1519.FE,62195918,64040035,65898603,67760828,69624206,71450610
Sub-Saharan Africa (excluding high income),SSA,"Population ages 10-14, female",SP.POP.1014.FE,72161635,73874780,75493924,77009274,78458328,79865474
Sub-Saharan Africa (excluding high income),SSA,"Population ages 15-19, male",SP.POP.1519.MA,63223782,65104802,67005987,68923872,70853802,72749488
Sub-Saharan Africa (excluding high income),SSA,"Population ages 20-24, female",SP.POP.2024.FE,53089148,54631867,56224308,57880872,59614399,61446853
Sub-Saharan Africa (excluding high income),SSA,"Population ages 20-24, male",SP.POP.2024.MA,53559784,55154458,56792546,58495834,60281086,62169278
Sub-Saharan Africa (excluding high income),SSA,"Population ages 25-29, female",SP.POP.2529.FE,45517778,46848586,48147831,49435286,50759307,52151187
Sub-Saharan Africa (excluding high income),SSA,"Population ages 25-29, male",SP.POP.2529.MA,45384334,46742193,48076374,49416409,50807075,52271243
Sub-Saharan Africa (excluding high income),SSA,"Population ages 30-34, female",SP.POP.3034.FE,38891722,39964965,41070028,42229431,43375034,44543428
Sub-Saharan Africa (excluding high income),SSA,"Population ages 30-34, male",SP.POP.3034.MA,38473107,39537451,40636945,41801298,42966158,44163344
Sub-Saharan Africa (excluding high income),SSA,"Population ages 35-39, female",SP.POP.3539.FE,32725530,33766565,34794896,35834094,36868395,37897898
Sub-Saharan Africa (excluding high income),SSA,"Population ages 35-39, male",SP.POP.3539.MA,32249003,33238150,34220316,35230227,36244333,37262604
Sub-Saharan Africa (excluding high income),SSA,"Population ages 40-44, female",SP.POP.4044.FE,26771377,27763703,28765588,29768776,30757067,31747909
Sub-Saharan Africa (excluding high income),SSA,"Population ages 40-44, male",SP.POP.4044.MA,26147217,27166963,28169353,29156057,30111261,31055496
Sub-Saharan Africa (excluding high income),SSA,"Population ages 45-49, female",SP.POP.4549.FE,21582442,22309611,23088106,23950904,24871942,25822089
Sub-Saharan Africa (excluding high income),SSA,"Population ages 45-49, male",SP.POP.4549.MA,20703395,21457754,22249013,23114649,24042268,24994768
Sub-Saharan Africa (excluding high income),SSA,"Population ages 50-54, female",SP.POP.5054.FE,17524595,18099061,18691996,19308848,19945029,20619859
Sub-Saharan Africa (excluding high income),SSA,"Population ages 50-54, male",SP.POP.5054.MA,16372293,16978174,17585891,18203191,18836105,19501493
Sub-Saharan Africa (excluding high income),SSA,"Population ages 55-59, female",SP.POP.5559.FE,14185230,14602638,15028449,15487674,15980464,16508010
Sub-Saharan Africa (excluding high income),SSA,"Population ages 55-59, male",SP.POP.5559.MA,12753751,13191587,13634762,14099642,14594669,15118577
Sub-Saharan Africa (excluding high income),SSA,"Population ages 60-64, female",SP.POP.6064.FE,11122430,11514261,11901436,12287464,12671303,13057935
Sub-Saharan Africa (excluding high income),SSA,"Population ages 60-64, male",SP.POP.6064.MA,9643068,9989374,10340216,10692220,11051109,11421693
Sub-Saharan Africa (excluding high income),SSA,"Population ages 65 and above, female",SP.POP.65UP.FE.IN,20084407,20744831,21445310,22231928,23067655,23936602
Sub-Saharan Africa (excluding high income),SSA,"Population ages 65 and above, male",SP.POP.65UP.MA.IN,15916850,16392722,16922811,17512766,18138288,18792421
Sub-Saharan Africa (IDA & IBRD countries),TSS,"Population ages 10-14, male",SP.POP.1014.MA,73580487,75346299,77022906,78589526,80073876,81512680
Sub-Saharan Africa (IDA & IBRD countries),TSS,"Population ages 15-19, female",SP.POP.1519.FE,62198818,64042929,65902136,67764421,69627910,71454413
Sub-Saharan Africa (IDA & IBRD countries),TSS,"Population ages 10-14, female",SP.POP.1014.FE,72164799,73877993,75497809,77013131,78462217,79869376
Sub-Saharan Africa (IDA & IBRD countries),TSS,"Population ages 15-19, male",SP.POP.1519.MA,63227007,65107927,67009723,68927650,70857665,72753396
Sub-Saharan Africa (IDA & IBRD countries),TSS,"Population ages 20-24, female",SP.POP.2024.FE,53092220,54634818,56227765,57884358,59618015,61450560
Sub-Saharan Africa (IDA & IBRD countries),TSS,"Population ages 20-24, male",SP.POP.2024.MA,53564044,55158504,56797176,58500302,60285479,62173571
Sub-Saharan Africa (IDA & IBRD countries),TSS,"Population ages 25-29, female",SP.POP.2529.FE,45521335,46852120,48152028,49439313,50763280,52155208
Sub-Saharan Africa (IDA & IBRD countries),TSS,"Population ages 25-29, male",SP.POP.2529.MA,45389652,46747506,48082657,49422476,50813015,52277038
Sub-Saharan Africa (IDA & IBRD countries),TSS,"Population ages 30-34, female",SP.POP.3034.FE,38895192,39968469,41074260,42233712,43379458,44547938
Sub-Saharan Africa (IDA & IBRD countries),TSS,"Population ages 30-34, male",SP.POP.3034.MA,38478756,39543170,40643845,41808137,42973068,44170300
Sub-Saharan Africa (IDA & IBRD countries),TSS,"Population ages 35-39, female",SP.POP.3539.FE,32728828,33769841,34798865,35838119,36872551,37902187
Sub-Saharan Africa (IDA & IBRD countries),TSS,"Population ages 35-39, male",SP.POP.3539.MA,32254292,33243652,34227107,35237105,36251393,37269747
Sub-Saharan Africa (IDA & IBRD countries),TSS,"Population ages 40-44, female",SP.POP.4044.FE,26774645,27767020,28769576,29772689,30761000,31751878
Sub-Saharan Africa (IDA & IBRD countries),TSS,"Population ages 40-44, male",SP.POP.4044.MA,26151750,27171692,28175273,29162111,30117514,31061967
Sub-Saharan Africa (IDA & IBRD countries),TSS,"Population ages 45-49, female",SP.POP.4549.FE,21585504,22312676,23091772,23954567,24875688,25825936
Sub-Saharan Africa (IDA & IBRD countries),TSS,"Population ages 45-49, male",SP.POP.4549.MA,20707276,21461707,22253813,23119540,24047406,25000139
Sub-Saharan Africa (IDA & IBRD countries),TSS,"Population ages 50-54, female",SP.POP.5054.FE,17527594,18102019,18695496,19312263,19948478,20623390
Sub-Saharan Africa (IDA & IBRD countries),TSS,"Population ages 50-54, male",SP.POP.5054.MA,16375475,16981431,17589922,18207336,18840424,19505962
Sub-Saharan Africa (IDA & IBRD countries),TSS,"Population ages 55-59, female",SP.POP.5559.FE,14187936,14605415,15031825,15491030,15983866,16511428
Sub-Saharan Africa (IDA & IBRD countries),TSS,"Population ages 55-59, male",SP.POP.5559.MA,12756464,13194335,13638110,14102974,14598076,15122117
Sub-Saharan Africa (IDA & IBRD countries),TSS,"Population ages 60-64, female",SP.POP.6064.FE,11124505,11516415,11904099,12290207,12674186,13060956
Sub-Saharan Africa (IDA & IBRD countries),TSS,"Population ages 60-64, male",SP.POP.6064.MA,9645338,9991679,10342961,10694937,11053904,11424581
Sub-Saharan Africa (IDA & IBRD countries),TSS,"Population ages 65 and above, female",SP.POP.65UP.FE.IN,20088581,20749171,21450647,22237301,23073229,23942399
Sub-Saharan Africa (IDA & IBRD countries),TSS,"Population ages 65 and above, male",SP.POP.65UP.MA.IN,15920137,16396215,16927241,17517371,18143146,18797506
Sudan,SDN,"Population ages 10-14, male",SP.POP.1014.MA,2919389,2977856,3030827,3038145,3036434,3082082
Sudan,SDN,"Population ages 15-19, female",SP.POP.1519.FE,2567186,2620884,2674343,2690539,2695345,2742180
Sudan,SDN,"Population ages 10-14, female",SP.POP.1014.FE,2857572,2915105,2967282,2974618,2973072,3017757
Sudan,SDN,"Population ages 15-19, male",SP.POP.1519.MA,2610304,2665154,2720140,2737128,2742200,2789853
Sudan,SDN,"Population ages 20-24, female",SP.POP.2024.FE,2244410,2303188,2365825,2394742,2392350,2419675
Sudan,SDN,"Population ages 20-24, male",SP.POP.2024.MA,2265933,2326747,2389536,2416736,2411897,2438490
Sudan,SDN,"Population ages 25-29, female",SP.POP.2529.FE,1909659,1979459,2044338,2074188,2082854,2134189
Sudan,SDN,"Population ages 25-29, male",SP.POP.2529.MA,1867877,1950321,2026585,2064841,2078355,2132716
Sudan,SDN,"Population ages 30-34, female",SP.POP.3034.FE,1549834,1604509,1668182,1715392,1752546,1824570
Sudan,SDN,"Population ages 30-34, male",SP.POP.3034.MA,1444715,1508405,1580323,1637091,1684499,1767344
Sudan,SDN,"Population ages 35-39, female",SP.POP.3539.FE,1298065,1337445,1379614,1406597,1429478,1480834
Sudan,SDN,"Population ages 35-39, male",SP.POP.3539.MA,1145985,1190491,1238577,1274000,1306253,1366033
Sudan,SDN,"Population ages 40-44, female",SP.POP.4044.FE,1067410,1110499,1154238,1179811,1198046,1236375
Sudan,SDN,"Population ages 40-44, male",SP.POP.4044.MA,889028,933486,981269,1013614,1037649,1079586
Sudan,SDN,"Population ages 45-49, female",SP.POP.4549.FE,906023,925524,945009,957326,973730,1011988
Sudan,SDN,"Population ages 45-49, male",SP.POP.4549.MA,763007,769723,777181,782690,795963,832120
Sudan,SDN,"Population ages 50-54, female",SP.POP.5054.FE,748451,776109,806023,821902,831035,852071
Sudan,SDN,"Population ages 50-54, male",SP.POP.5054.MA,655465,672052,691226,697214,695855,704738
Sudan,SDN,"Population ages 55-59, female",SP.POP.5559.FE,600883,623164,645750,659943,671871,695157
Sudan,SDN,"Population ages 55-59, male",SP.POP.5559.MA,551693,562710,574663,579403,581957,594685
Sudan,SDN,"Population ages 60-64, female",SP.POP.6064.FE,458050,479125,499704,514155,526705,547497
Sudan,SDN,"Population ages 60-64, male",SP.POP.6064.MA,459670,466669,473918,476165,477318,487166
Sudan,SDN,"Population ages 65 and above, female",SP.POP.65UP.FE.IN,650438,689535,732745,771943,809762,861249
Sudan,SDN,"Population ages 65 and above, male",SP.POP.65UP.MA.IN,748511,778254,810490,835262,855918,888556
Suriname,SUR,"Population ages 10-14, male",SP.POP.1014.MA,27947,28012,28037,28064,28079,28073
Suriname,SUR,"Population ages 15-19, female",SP.POP.1519.FE,27415,27118,26897,26805,26824,26889
Suriname,SUR,"Population ages 10-14, female",SP.POP.1014.FE,27088,27135,27149,27164,27173,27166
Suriname,SUR,"Population ages 15-19, male",SP.POP.1519.MA,28199,27892,27661,27557,27592,27694
Suriname,SUR,"Population ages 20-24, female",SP.POP.2024.FE,26464,27059,27424,27513,27332,26982
Suriname,SUR,"Population ages 20-24, male",SP.POP.2024.MA,27105,27664,27988,28045,27871,27557
Suriname,SUR,"Population ages 25-29, female",SP.POP.2529.FE,22506,23100,23805,24571,25333,26014
Suriname,SUR,"Population ages 25-29, male",SP.POP.2529.MA,23504,23932,24475,25079,25731,26375
Suriname,SUR,"Population ages 30-34, female",SP.POP.3034.FE,21491,21445,21451,21541,21738,22107
Suriname,SUR,"Population ages 30-34, male",SP.POP.3034.MA,22536,22418,22389,22451,22605,22862
Suriname,SUR,"Population ages 35-39, female",SP.POP.3539.FE,20773,21109,21256,21255,21183,21101
Suriname,SUR,"Population ages 35-39, male",SP.POP.3539.MA,22734,22971,22885,22561,22193,21948
Suriname,SUR,"Population ages 40-44, female",SP.POP.4044.FE,18133,18457,18902,19432,19952,20398
Suriname,SUR,"Population ages 40-44, male",SP.POP.4044.MA,18633,19133,19886,20783,21593,22144
Suriname,SUR,"Population ages 45-49, female",SP.POP.4549.FE,18114,17968,17760,17624,17622,17784
Suriname,SUR,"Population ages 45-49, male",SP.POP.4549.MA,19153,18868,18437,18024,17835,18020
Suriname,SUR,"Population ages 50-54, female",SP.POP.5054.FE,17016,17071,17242,17469,17633,17664
Suriname,SUR,"Population ages 50-54, male",SP.POP.5054.MA,17637,17763,17957,18201,18358,18311
Suriname,SUR,"Population ages 55-59, female",SP.POP.5559.FE,15466,15876,16138,16286,16334,16356
Suriname,SUR,"Population ages 55-59, male",SP.POP.5559.MA,15366,15788,16070,16251,16380,16507
Suriname,SUR,"Population ages 60-64, female",SP.POP.6064.FE,12180,12555,13003,13550,14121,14652
Suriname,SUR,"Population ages 60-64, male",SP.POP.6064.MA,10828,11434,12087,12786,13420,13953
Suriname,SUR,"Population ages 65 and above, female",SP.POP.65UP.FE.IN,25071,26103,27116,28316,29521,30761
Suriname,SUR,"Population ages 65 and above, male",SP.POP.65UP.MA.IN,17691,18165,18722,19615,20595,21651
Sweden,SWE,"Population ages 10-14, male",SP.POP.1014.MA,316840,321546,323877,325203,325986,325411
Sweden,SWE,"Population ages 15-19, female",SP.POP.1519.FE,275679,282465,289353,294342,300219,307305
Sweden,SWE,"Population ages 10-14, female",SP.POP.1014.FE,298842,303154,305420,306818,307642,306772
Sweden,SWE,"Population ages 15-19, male",SP.POP.1519.MA,297052,301296,307540,312785,318801,326118
Sweden,SWE,"Population ages 20-24, female",SP.POP.2024.FE,274517,271499,273081,276188,282627,293110
Sweden,SWE,"Population ages 20-24, male",SP.POP.2024.MA,309050,307322,308749,309421,310069,315027
Sweden,SWE,"Population ages 25-29, female",SP.POP.2529.FE,354044,342298,329944,315692,301840,292296
Sweden,SWE,"Population ages 25-29, male",SP.POP.2529.MA,374672,362719,349515,336828,329263,325636
Sweden,SWE,"Population ages 30-34, female",SP.POP.3034.FE,354862,366212,375628,379543,377104,367892
Sweden,SWE,"Population ages 30-34, male",SP.POP.3034.MA,373047,384650,395659,400249,397328,388199
Sweden,SWE,"Population ages 35-39, female",SP.POP.3539.FE,318436,324081,332724,342735,353491,364131
Sweden,SWE,"Population ages 35-39, male",SP.POP.3539.MA,336210,343249,352491,362595,373475,383640
Sweden,SWE,"Population ages 40-44, female",SP.POP.4044.FE,309964,311799,314676,318096,321343,323885
Sweden,SWE,"Population ages 40-44, male",SP.POP.4044.MA,322773,324745,328671,333765,338339,342425
Sweden,SWE,"Population ages 45-49, female",SP.POP.4549.FE,328820,326843,322842,318725,315034,313450
Sweden,SWE,"Population ages 45-49, male",SP.POP.4549.MA,338319,336919,333744,330293,327125,326179
Sweden,SWE,"Population ages 50-54, female",SP.POP.5054.FE,331560,328512,326807,326379,328718,330241
Sweden,SWE,"Population ages 50-54, male",SP.POP.5054.MA,341590,337501,335157,334643,337172,339127
Sweden,SWE,"Population ages 55-59, female",SP.POP.5559.FE,311874,322019,330865,336179,335378,330712
Sweden,SWE,"Population ages 55-59, male",SP.POP.5559.MA,319002,330117,339788,345079,343915,338887
Sweden,SWE,"Population ages 60-64, female",SP.POP.6064.FE,283647,283945,285212,289356,297887,308228
Sweden,SWE,"Population ages 60-64, male",SP.POP.6064.MA,285149,285557,287215,292345,301445,312482
Sweden,SWE,"Population ages 65 and above, female",SP.POP.65UP.FE.IN,1109194,1121771,1135733,1150746,1166582,1179391
Sweden,SWE,"Population ages 65 and above, male",SP.POP.65UP.MA.IN,967705,981888,997510,1013102,1029317,1042935
Switzerland,CHE,"Population ages 10-14, male",SP.POP.1014.MA,218725,222036,225435,229143,230662,232473
Switzerland,CHE,"Population ages 15-19, female",SP.POP.1519.FE,204201,204472,205966,208968,212243,216694
Switzerland,CHE,"Population ages 10-14, female",SP.POP.1014.FE,206822,210436,213516,216892,218450,219662
Switzerland,CHE,"Population ages 15-19, male",SP.POP.1519.MA,216827,217046,218318,221163,224678,228799
Switzerland,CHE,"Population ages 20-24, female",SP.POP.2024.FE,231648,229338,224949,220869,219207,221470
Switzerland,CHE,"Population ages 20-24, male",SP.POP.2024.MA,247052,245407,241149,236732,234036,235041
Switzerland,CHE,"Population ages 25-29, female",SP.POP.2529.FE,276541,273827,268476,261608,254138,248332
Switzerland,CHE,"Population ages 25-29, male",SP.POP.2529.MA,286191,284046,279812,274335,268016,263453
Switzerland,CHE,"Population ages 30-34, female",SP.POP.3034.FE,304829,307816,309038,308013,301443,293018
Switzerland,CHE,"Population ages 30-34, male",SP.POP.3034.MA,311259,315439,317340,316641,310763,302855
Switzerland,CHE,"Population ages 35-39, female",SP.POP.3539.FE,306632,309557,311674,315474,316945,316887
Switzerland,CHE,"Population ages 35-39, male",SP.POP.3539.MA,313121,315910,318312,322393,323663,323806
Switzerland,CHE,"Population ages 40-44, female",SP.POP.4044.FE,295037,300086,305461,311879,314544,315782
Switzerland,CHE,"Population ages 40-44, male",SP.POP.4044.MA,298675,304616,310529,317242,320515,321966
Switzerland,CHE,"Population ages 45-49, female",SP.POP.4549.FE,301254,297732,296521,298931,300008,302382
Switzerland,CHE,"Population ages 45-49, male",SP.POP.4549.MA,304580,300711,299182,301697,302768,305307
Switzerland,CHE,"Population ages 50-54, female",SP.POP.5054.FE,327195,323391,319852,317664,312113,306661
Switzerland,CHE,"Population ages 50-54, male",SP.POP.5054.MA,331319,326058,321832,319514,314187,308901
Switzerland,CHE,"Population ages 55-59, female",SP.POP.5559.FE,315622,321617,327233,333069,332842,329960
Switzerland,CHE,"Population ages 55-59, male",SP.POP.5559.MA,321456,328107,333420,338216,336563,331998
Switzerland,CHE,"Population ages 60-64, female",SP.POP.6064.FE,262747,270299,279994,293630,305172,314578
Switzerland,CHE,"Population ages 60-64, male",SP.POP.6064.MA,261983,268913,278448,292788,305274,316077
Switzerland,CHE,"Population ages 65 and above, female",SP.POP.65UP.FE.IN,894351,907556,926756,954886,976520,998027
Switzerland,CHE,"Population ages 65 and above, male",SP.POP.65UP.MA.IN,725439,740043,760083,788192,811774,835294
Syrian Arab Republic,SYR,"Population ages 10-14, male",SP.POP.1014.MA,1442899,1465598,1471993,1449522,1397864,1325974
Syrian Arab Republic,SYR,"Population ages 15-19, female",SP.POP.1519.FE,1256424,1282934,1324537,1389160,1433806,1451385
Syrian Arab Republic,SYR,"Population ages 10-14, female",SP.POP.1014.FE,1374808,1395166,1400596,1379329,1329963,1261353
Syrian Arab Republic,SYR,"Population ages 15-19, male",SP.POP.1519.MA,1306913,1333962,1376029,1441030,1489605,1513283
Syrian Arab Republic,SYR,"Population ages 20-24, female",SP.POP.2024.FE,1026410,1119814,1225553,1342305,1420940,1456426
Syrian Arab Republic,SYR,"Population ages 20-24, male",SP.POP.2024.MA,1071534,1162310,1264353,1375820,1453734,1492939
Syrian Arab Republic,SYR,"Population ages 25-29, female",SP.POP.2529.FE,682602,757653,867731,1012804,1151943,1272462
Syrian Arab Republic,SYR,"Population ages 25-29, male",SP.POP.2529.MA,722115,798451,907854,1049876,1187584,1308589
Syrian Arab Republic,SYR,"Population ages 30-34, female",SP.POP.3034.FE,624794,634301,664632,725706,797627,876534
Syrian Arab Republic,SYR,"Population ages 30-34, male",SP.POP.3034.MA,633452,650693,688211,755116,832035,915135
Syrian Arab Republic,SYR,"Population ages 35-39, female",SP.POP.3539.FE,625832,639873,665125,702039,732198,753885
Syrian Arab Republic,SYR,"Population ages 35-39, male",SP.POP.3539.MA,602291,620915,652171,696488,735044,765480
Syrian Arab Republic,SYR,"Population ages 40-44, female",SP.POP.4044.FE,596167,612130,632236,659583,684939,706531
Syrian Arab Republic,SYR,"Population ages 40-44, male",SP.POP.4044.MA,560832,578144,600716,631847,661243,686950
Syrian Arab Republic,SYR,"Population ages 45-49, female",SP.POP.4549.FE,525946,542601,564789,593221,620387,644158
Syrian Arab Republic,SYR,"Population ages 45-49, male",SP.POP.4549.MA,485300,502976,526957,557793,586749,611718
Syrian Arab Republic,SYR,"Population ages 50-54, female",SP.POP.5054.FE,452614,469274,488013,509855,531578,552294
Syrian Arab Republic,SYR,"Population ages 50-54, male",SP.POP.5054.MA,410553,426476,445246,468197,490966,512409
Syrian Arab Republic,SYR,"Population ages 55-59, female",SP.POP.5559.FE,367344,383441,401720,422448,443511,464211
Syrian Arab Republic,SYR,"Population ages 55-59, male",SP.POP.5559.MA,325724,340740,358618,379291,399868,419700
Syrian Arab Republic,SYR,"Population ages 60-64, female",SP.POP.6064.FE,286659,299677,314512,331338,349500,368358
Syrian Arab Republic,SYR,"Population ages 60-64, male",SP.POP.6064.MA,248008,258727,271713,287313,304169,321525
Syrian Arab Republic,SYR,"Population ages 65 and above, female",SP.POP.65UP.FE.IN,531783,556386,584362,616444,652261,691678
Syrian Arab Republic,SYR,"Population ages 65 and above, male",SP.POP.65UP.MA.IN,425461,442535,463850,489397,517649,548141
Tajikistan,TJK,"Population ages 10-14, male",SP.POP.1014.MA,493667,522710,545642,567080,588932,610825
Tajikistan,TJK,"Population ages 15-19, female",SP.POP.1519.FE,453008,447927,447150,454915,471600,495340
Tajikistan,TJK,"Population ages 10-14, female",SP.POP.1014.FE,498851,525137,549868,574001,597913,620147
Tajikistan,TJK,"Population ages 15-19, male",SP.POP.1519.MA,416700,411406,416176,432105,458194,490095
Tajikistan,TJK,"Population ages 20-24, female",SP.POP.2024.FE,463108,468948,469571,463691,454121,444987
Tajikistan,TJK,"Population ages 20-24, male",SP.POP.2024.MA,441134,447544,447260,438073,423215,408880
Tajikistan,TJK,"Population ages 25-29, female",SP.POP.2529.FE,427874,430464,434449,440239,447725,454732
Tajikistan,TJK,"Population ages 25-29, male",SP.POP.2529.MA,413260,413093,414292,418100,424912,432472
Tajikistan,TJK,"Population ages 30-34, female",SP.POP.3034.FE,401671,411585,417112,419324,420255,420990
Tajikistan,TJK,"Population ages 30-34, male",SP.POP.3034.MA,388801,399059,404863,406879,406745,405520
Tajikistan,TJK,"Population ages 35-39, female",SP.POP.3539.FE,312257,329923,348473,366439,382628,395812
Tajikistan,TJK,"Population ages 35-39, male",SP.POP.3539.MA,300307,317162,334913,352275,368230,381583
Tajikistan,TJK,"Population ages 40-44, female",SP.POP.4044.FE,248536,257624,267714,278957,292001,307215
Tajikistan,TJK,"Population ages 40-44, male",SP.POP.4044.MA,235137,244744,255213,266479,279137,293661
Tajikistan,TJK,"Population ages 45-49, female",SP.POP.4549.FE,217359,220616,224695,229819,236152,243750
Tajikistan,TJK,"Population ages 45-49, male",SP.POP.4549.MA,201166,204278,208371,213736,220514,228638
Tajikistan,TJK,"Population ages 50-54, female",SP.POP.5054.FE,196862,200022,203183,206166,208923,211667
Tajikistan,TJK,"Population ages 50-54, male",SP.POP.5054.MA,180451,183246,186100,188765,191206,193742
Tajikistan,TJK,"Population ages 55-59, female",SP.POP.5559.FE,175578,178568,181078,183666,186403,189377
Tajikistan,TJK,"Population ages 55-59, male",SP.POP.5559.MA,159982,161558,163024,164891,167191,169906
Tajikistan,TJK,"Population ages 60-64, female",SP.POP.6064.FE,128698,138424,147501,155173,161023,165308
Tajikistan,TJK,"Population ages 60-64, male",SP.POP.6064.MA,116501,124330,131780,137953,142403,145390
Tajikistan,TJK,"Population ages 65 and above, female",SP.POP.65UP.FE.IN,177894,186278,197676,211814,227666,244769
Tajikistan,TJK,"Population ages 65 and above, male",SP.POP.65UP.MA.IN,139940,146597,155940,167420,180261,194017
Tanzania,TZA,"Population ages 10-14, male",SP.POP.1014.MA,3857280,3930184,4009313,4107962,4224958,4348111
Tanzania,TZA,"Population ages 15-19, female",SP.POP.1519.FE,3326417,3438848,3544765,3639306,3720957,3793165
Tanzania,TZA,"Population ages 10-14, female",SP.POP.1014.FE,3814419,3882433,3956803,4050480,4162004,4279389
Tanzania,TZA,"Population ages 15-19, male",SP.POP.1519.MA,3348765,3461270,3568723,3665842,3751722,3829374
Tanzania,TZA,"Population ages 20-24, female",SP.POP.2024.FE,2815656,2903460,2992417,3085083,3184287,3290623
Tanzania,TZA,"Population ages 20-24, male",SP.POP.2024.MA,2838421,2922912,3007481,3095016,3191033,3296712
Tanzania,TZA,"Population ages 25-29, female",SP.POP.2529.FE,2338037,2422749,2510197,2600360,2693066,2782798
Tanzania,TZA,"Population ages 25-29, male",SP.POP.2529.MA,2338391,2427081,2516455,2606161,2697887,2786234
Tanzania,TZA,"Population ages 30-34, female",SP.POP.3034.FE,1985862,2046291,2107703,2167612,2231497,2306674
Tanzania,TZA,"Population ages 30-34, male",SP.POP.3034.MA,1935970,2004410,2072975,2138774,2208598,2289488
Tanzania,TZA,"Population ages 35-39, female",SP.POP.3539.FE,1680307,1732772,1785030,1838438,1894391,1952276
Tanzania,TZA,"Population ages 35-39, male",SP.POP.3539.MA,1590113,1644487,1700023,1757875,1820200,1886074
Tanzania,TZA,"Population ages 40-44, female",SP.POP.4044.FE,1392252,1442712,1492267,1541917,1592187,1643311
Tanzania,TZA,"Population ages 40-44, male",SP.POP.4044.MA,1310604,1349759,1391642,1436910,1485718,1537338
Tanzania,TZA,"Population ages 45-49, female",SP.POP.4549.FE,1087784,1142995,1197167,1250654,1302052,1351881
Tanzania,TZA,"Population ages 45-49, male",SP.POP.4549.MA,1066841,1108270,1146069,1182016,1217017,1253185
Tanzania,TZA,"Population ages 50-54, female",SP.POP.5054.FE,795745,840381,887826,937913,990716,1044773
Tanzania,TZA,"Population ages 50-54, male",SP.POP.5054.MA,767651,817102,865854,913388,959372,1003269
Tanzania,TZA,"Population ages 55-59, female",SP.POP.5559.FE,618728,633551,654462,681486,714257,752476
Tanzania,TZA,"Population ages 55-59, male",SP.POP.5559.MA,512322,541927,577223,616931,659946,705478
Tanzania,TZA,"Population ages 60-64, female",SP.POP.6064.FE,548773,552374,554483,557180,562076,570841
Tanzania,TZA,"Population ages 60-64, male",SP.POP.6064.MA,387895,394133,403154,415800,432698,454590
Tanzania,TZA,"Population ages 65 and above, female",SP.POP.65UP.FE.IN,1067895,1115439,1162397,1210009,1255417,1298492
Tanzania,TZA,"Population ages 65 and above, male",SP.POP.65UP.MA.IN,772868,786933,801639,817298,832241,847347
Thailand,THA,"Population ages 10-14, male",SP.POP.1014.MA,2171958,2144397,2122752,2100409,2071678,2036473
Thailand,THA,"Population ages 15-19, female",SP.POP.1519.FE,2228159,2197445,2158240,2118754,2089516,2068224
Thailand,THA,"Population ages 10-14, female",SP.POP.1014.FE,2050791,2023902,2003118,1982030,1954874,1921255
Thailand,THA,"Population ages 15-19, male",SP.POP.1519.MA,2352821,2316821,2274128,2232574,2202083,2179614
Thailand,THA,"Population ages 20-24, female",SP.POP.2024.FE,2441309,2381486,2321165,2275459,2264753,2276768
Thailand,THA,"Population ages 20-24, male",SP.POP.2024.MA,2560749,2505828,2445622,2396616,2379257,2382052
Thailand,THA,"Population ages 25-29, female",SP.POP.2529.FE,2544002,2545792,2545782,2531056,2488769,2429152
Thailand,THA,"Population ages 25-29, male",SP.POP.2529.MA,2590637,2601175,2613455,2611408,2582727,2534764
Thailand,THA,"Population ages 30-34, female",SP.POP.3034.FE,2514130,2520492,2532272,2540638,2534510,2517924
Thailand,THA,"Population ages 30-34, male",SP.POP.3034.MA,2537909,2545939,2555784,2563228,2558861,2547725
Thailand,THA,"Population ages 35-39, female",SP.POP.3539.FE,2672327,2626538,2578271,2537867,2507653,2488974
Thailand,THA,"Population ages 35-39, male",SP.POP.3539.MA,2655812,2610218,2563339,2524845,2500047,2488662
Thailand,THA,"Population ages 40-44, female",SP.POP.4044.FE,2742408,2737471,2729660,2713523,2684179,2641181
Thailand,THA,"Population ages 40-44, male",SP.POP.4044.MA,2662999,2668037,2666177,2652338,2623684,2581066
Thailand,THA,"Population ages 45-49, female",SP.POP.4549.FE,2846071,2804528,2766660,2736065,2714623,2701529
Thailand,THA,"Population ages 45-49, male",SP.POP.4549.MA,2664497,2629723,2596887,2571342,2560311,2560244
Thailand,THA,"Population ages 50-54, female",SP.POP.5054.FE,2870275,2882335,2879875,2863040,2832623,2791491
Thailand,THA,"Population ages 50-54, male",SP.POP.5054.MA,2628478,2635303,2628510,2607945,2578323,2542939
Thailand,THA,"Population ages 55-59, female",SP.POP.5559.FE,2644302,2687590,2723436,2753120,2779631,2800203
Thailand,THA,"Population ages 55-59, male",SP.POP.5559.MA,2393521,2421829,2443778,2461113,2476870,2489197
Thailand,THA,"Population ages 60-64, female",SP.POP.6064.FE,2264061,2337691,2405059,2465787,2518377,2563572
Thailand,THA,"Population ages 60-64, male",SP.POP.6064.MA,2004335,2067276,2123965,2172702,2210373,2239505
Thailand,THA,"Population ages 65 and above, female",SP.POP.65UP.FE.IN,5212746,5468418,5717456,5966910,6229007,6496059
Thailand,THA,"Population ages 65 and above, male",SP.POP.65UP.MA.IN,4027563,4209055,4394918,4586438,4781174,4975596
Timor-Leste,TLS,"Population ages 10-14, male",SP.POP.1014.MA,79839,78451,77438,77104,77533,78631
Timor-Leste,TLS,"Population ages 15-19, female",SP.POP.1519.FE,76436,77868,78588,78442,77744,76682
Timor-Leste,TLS,"Population ages 10-14, female",SP.POP.1014.FE,77263,76259,75273,74708,74978,76030
Timor-Leste,TLS,"Population ages 15-19, male",SP.POP.1519.MA,78782,79970,80529,80353,79587,78497
Timor-Leste,TLS,"Population ages 20-24, female",SP.POP.2024.FE,65280,67150,69056,70900,72808,74618
Timor-Leste,TLS,"Population ages 20-24, male",SP.POP.2024.MA,66283,68063,69987,72029,74149,76169
Timor-Leste,TLS,"Population ages 25-29, female",SP.POP.2529.FE,54115,55555,57122,58753,60559,62596
Timor-Leste,TLS,"Population ages 25-29, male",SP.POP.2529.MA,53581,55114,56850,58757,60853,63115
Timor-Leste,TLS,"Population ages 30-34, female",SP.POP.3034.FE,46416,47548,48435,49278,50429,51906
Timor-Leste,TLS,"Population ages 30-34, male",SP.POP.3034.MA,46060,47104,47882,48616,49721,51235
Timor-Leste,TLS,"Population ages 35-39, female",SP.POP.3539.FE,36262,38803,40904,42492,43840,45038
Timor-Leste,TLS,"Population ages 35-39, male",SP.POP.3539.MA,36625,39280,41350,42742,43852,44797
Timor-Leste,TLS,"Population ages 40-44, female",SP.POP.4044.FE,25861,26309,27727,29997,32661,35339
Timor-Leste,TLS,"Population ages 40-44, male",SP.POP.4044.MA,26733,26941,28212,30424,33097,35794
Timor-Leste,TLS,"Population ages 45-49, female",SP.POP.4549.FE,26144,26423,26128,25376,24692,24536
Timor-Leste,TLS,"Population ages 45-49, male",SP.POP.4549.MA,28846,29057,28471,27197,25962,25345
Timor-Leste,TLS,"Population ages 50-54, female",SP.POP.5054.FE,21659,22759,23715,24479,25115,25510
Timor-Leste,TLS,"Population ages 50-54, male",SP.POP.5054.MA,23881,25129,26204,27046,27725,28056
Timor-Leste,TLS,"Population ages 55-59, female",SP.POP.5559.FE,16964,17538,18146,18887,19773,20732
Timor-Leste,TLS,"Population ages 55-59, male",SP.POP.5559.MA,17950,18602,19345,20260,21309,22422
Timor-Leste,TLS,"Population ages 60-64, female",SP.POP.6064.FE,13538,14163,14786,15241,15609,15948
Timor-Leste,TLS,"Population ages 60-64, male",SP.POP.6064.MA,13778,14301,14857,15339,15798,16262
Timor-Leste,TLS,"Population ages 65 and above, female",SP.POP.65UP.FE.IN,39324,39727,39772,39693,39744,39882
Timor-Leste,TLS,"Population ages 65 and above, male",SP.POP.65UP.MA.IN,34081,34277,34241,34147,34177,34297
Togo,TGO,"Population ages 10-14, male",SP.POP.1014.MA,533485,550301,563865,574432,582890,589932
Togo,TGO,"Population ages 15-19, female",SP.POP.1519.FE,438293,451052,465362,481147,498130,515562
Togo,TGO,"Population ages 10-14, female",SP.POP.1014.FE,522432,538863,552057,562258,570348,577021
Togo,TGO,"Population ages 15-19, male",SP.POP.1519.MA,448258,461536,476337,492599,510043,527909
Togo,TGO,"Population ages 20-24, female",SP.POP.2024.FE,374926,385120,396198,407592,417997,428014
Togo,TGO,"Population ages 20-24, male",SP.POP.2024.MA,383519,394174,405795,417797,428819,439416
Togo,TGO,"Population ages 25-29, female",SP.POP.2529.FE,329789,336300,342853,349841,357308,365308
Togo,TGO,"Population ages 25-29, male",SP.POP.2529.MA,337918,344722,351554,358840,366642,375039
Togo,TGO,"Population ages 30-34, female",SP.POP.3034.FE,289003,295669,302254,308812,315189,321189
Togo,TGO,"Population ages 30-34, male",SP.POP.3034.MA,296784,303818,310742,317614,324297,330613
Togo,TGO,"Population ages 35-39, female",SP.POP.3539.FE,251474,257061,262896,269008,275155,281322
Togo,TGO,"Population ages 35-39, male",SP.POP.3539.MA,257284,263444,269841,276498,283138,289730
Togo,TGO,"Population ages 40-44, female",SP.POP.4044.FE,216387,222168,227838,233449,238837,244056
Togo,TGO,"Population ages 40-44, male",SP.POP.4044.MA,220073,226194,232240,238321,244266,250071
Togo,TGO,"Population ages 45-49, female",SP.POP.4549.FE,178928,185117,191305,197496,203502,209246
Togo,TGO,"Population ages 45-49, male",SP.POP.4549.MA,179468,186179,192886,199556,205956,212047
Togo,TGO,"Population ages 50-54, female",SP.POP.5054.FE,143238,148414,153883,159684,165579,171490
Togo,TGO,"Population ages 50-54, male",SP.POP.5054.MA,140632,146018,151755,157903,164226,170616
Togo,TGO,"Population ages 55-59, female",SP.POP.5559.FE,112927,117041,121331,125774,130346,135090
Togo,TGO,"Population ages 55-59, male",SP.POP.5559.MA,108121,112266,116636,121188,125886,130773
Togo,TGO,"Population ages 60-64, female",SP.POP.6064.FE,86789,89620,92702,96118,99698,103390
Togo,TGO,"Population ages 60-64, male",SP.POP.6064.MA,80711,83468,86530,89923,93484,97167
Togo,TGO,"Population ages 65 and above, female",SP.POP.65UP.FE.IN,139655,144712,150101,155884,161787,167772
Togo,TGO,"Population ages 65 and above, male",SP.POP.65UP.MA.IN,123617,128085,133082,138482,143981,149563
Tonga,TON,"Population ages 10-14, male",SP.POP.1014.MA,6331,6458,6535,6622,6688,6656
Tonga,TON,"Population ages 15-19, female",SP.POP.1519.FE,5754,5815,5849,5831,5786,5776
Tonga,TON,"Population ages 10-14, female",SP.POP.1014.FE,6026,6066,6119,6197,6275,6302
Tonga,TON,"Population ages 15-19, male",SP.POP.1519.MA,5712,5737,5739,5710,5770,5963
Tonga,TON,"Population ages 20-24, female",SP.POP.2024.FE,4537,4584,4685,4835,4993,5088
Tonga,TON,"Population ages 20-24, male",SP.POP.2024.MA,3949,3996,4128,4303,4506,4670
Tonga,TON,"Population ages 25-29, female",SP.POP.2529.FE,3841,3859,3835,3804,3760,3715
Tonga,TON,"Population ages 25-29, male",SP.POP.2529.MA,3127,2968,2767,2568,2500,2586
Tonga,TON,"Population ages 30-34, female",SP.POP.3034.FE,3496,3406,3299,3252,3219,3190
Tonga,TON,"Population ages 30-34, male",SP.POP.3034.MA,2737,2594,2403,2250,2134,2039
Tonga,TON,"Population ages 35-39, female",SP.POP.3539.FE,3387,3431,3417,3329,3195,3064
Tonga,TON,"Population ages 35-39, male",SP.POP.3539.MA,2637,2541,2419,2252,2091,1984
Tonga,TON,"Population ages 40-44, female",SP.POP.4044.FE,2875,2909,2942,2997,3054,3088
Tonga,TON,"Population ages 40-44, male",SP.POP.4044.MA,2490,2439,2369,2288,2203,2111
Tonga,TON,"Population ages 45-49, female",SP.POP.4549.FE,2695,2674,2655,2626,2631,2655
Tonga,TON,"Population ages 45-49, male",SP.POP.4549.MA,2437,2341,2233,2184,2152,2110
Tonga,TON,"Population ages 50-54, female",SP.POP.5054.FE,2513,2558,2582,2600,2562,2512
Tonga,TON,"Population ages 50-54, male",SP.POP.5054.MA,2460,2458,2412,2326,2214,2126
Tonga,TON,"Population ages 55-59, female",SP.POP.5559.FE,1801,1881,1986,2106,2253,2352
Tonga,TON,"Population ages 55-59, male",SP.POP.5559.MA,1827,1930,2005,2062,2134,2168
Tonga,TON,"Population ages 60-64, female",SP.POP.6064.FE,1536,1579,1621,1650,1647,1650
Tonga,TON,"Population ages 60-64, male",SP.POP.6064.MA,1387,1410,1430,1452,1492,1560
Tonga,TON,"Population ages 65 and above, female",SP.POP.65UP.FE.IN,3760,3831,3895,3971,4047,4132
Tonga,TON,"Population ages 65 and above, male",SP.POP.65UP.MA.IN,2936,2944,2933,2935,2949,2975
Trinidad and Tobago,TTO,"Population ages 10-14, male",SP.POP.1014.MA,44443,44462,44245,44042,43878,43623
Trinidad and Tobago,TTO,"Population ages 15-19, female",SP.POP.1519.FE,41892,41829,41825,41954,42188,42368
Trinidad and Tobago,TTO,"Population ages 10-14, female",SP.POP.1014.FE,42826,42846,42648,42474,42336,42104
Trinidad and Tobago,TTO,"Population ages 15-19, male",SP.POP.1519.MA,43521,43480,43556,43704,43900,44026
Trinidad and Tobago,TTO,"Population ages 20-24, female",SP.POP.2024.FE,43321,42783,42423,42199,42023,41792
Trinidad and Tobago,TTO,"Population ages 20-24, male",SP.POP.2024.MA,45173,44676,44438,44233,43968,43606
Trinidad and Tobago,TTO,"Population ages 25-29, female",SP.POP.2529.FE,49566,47982,46482,45186,44205,43478
Trinidad and Tobago,TTO,"Population ages 25-29, male",SP.POP.2529.MA,51081,49667,48420,47256,46283,45490
Trinidad and Tobago,TTO,"Population ages 30-34, female",SP.POP.3034.FE,59141,56891,54594,52591,50917,49402
Trinidad and Tobago,TTO,"Population ages 30-34, male",SP.POP.3034.MA,60093,57959,55875,54019,52426,50978
Trinidad and Tobago,TTO,"Population ages 35-39, female",SP.POP.3539.FE,61942,62355,62032,61232,60101,58462
Trinidad and Tobago,TTO,"Population ages 35-39, male",SP.POP.3539.MA,62624,63008,62739,61997,60909,59313
Trinidad and Tobago,TTO,"Population ages 40-44, female",SP.POP.4044.FE,52486,54467,56285,58040,59627,60774
Trinidad and Tobago,TTO,"Population ages 40-44, male",SP.POP.4044.MA,53048,55046,56916,58679,60216,61286
Trinidad and Tobago,TTO,"Population ages 45-49, female",SP.POP.4549.FE,45681,46328,46924,47855,49299,51188
Trinidad and Tobago,TTO,"Population ages 45-49, male",SP.POP.4549.MA,45669,46441,47174,48208,49698,51585
Trinidad and Tobago,TTO,"Population ages 50-54, female",SP.POP.5054.FE,42950,42262,42040,42498,43336,44195
Trinidad and Tobago,TTO,"Population ages 50-54, male",SP.POP.5054.MA,41129,40928,41191,41902,42847,43799
Trinidad and Tobago,TTO,"Population ages 55-59, female",SP.POP.5559.FE,46464,45640,44306,43040,41997,41159
Trinidad and Tobago,TTO,"Population ages 55-59, male",SP.POP.5559.MA,44969,43942,42253,40678,39470,38790
Trinidad and Tobago,TTO,"Population ages 60-64, female",SP.POP.6064.FE,40799,41755,42714,43563,44008,43940
Trinidad and Tobago,TTO,"Population ages 60-64, male",SP.POP.6064.MA,36228,37225,38572,40049,41028,41156
Trinidad and Tobago,TTO,"Population ages 65 and above, female",SP.POP.65UP.FE.IN,81057,84755,88085,92013,96384,100902
Trinidad and Tobago,TTO,"Population ages 65 and above, male",SP.POP.65UP.MA.IN,61686,64521,67044,70091,73438,76829
Tunisia,TUN,"Population ages 10-14, male",SP.POP.1014.MA,476643,493269,508886,525100,538446,546014
Tunisia,TUN,"Population ages 15-19, female",SP.POP.1519.FE,396368,399600,405862,415029,426984,441386
Tunisia,TUN,"Population ages 10-14, female",SP.POP.1014.FE,443938,459207,473782,489289,502951,511913
Tunisia,TUN,"Population ages 15-19, male",SP.POP.1519.MA,421084,424994,432281,442828,456510,472729
Tunisia,TUN,"Population ages 20-24, female",SP.POP.2024.FE,411532,401565,394785,391221,390155,390593
Tunisia,TUN,"Population ages 20-24, male",SP.POP.2024.MA,423021,415577,410988,408978,409491,411471
Tunisia,TUN,"Population ages 25-29, female",SP.POP.2529.FE,472936,463417,450502,434866,419175,405841
Tunisia,TUN,"Population ages 25-29, male",SP.POP.2529.MA,470106,461842,450393,436163,422587,412466
Tunisia,TUN,"Population ages 30-34, female",SP.POP.3034.FE,492000,484323,477816,474726,473176,468142
Tunisia,TUN,"Population ages 30-34, male",SP.POP.3034.MA,463759,460679,458545,459589,462491,460753
Tunisia,TUN,"Population ages 35-39, female",SP.POP.3539.FE,485254,490192,497158,499854,495205,487701
Tunisia,TUN,"Population ages 35-39, male",SP.POP.3539.MA,448893,451778,458242,461931,459347,455704
Tunisia,TUN,"Population ages 40-44, female",SP.POP.4044.FE,443382,453519,461026,468515,476017,481073
Tunisia,TUN,"Population ages 40-44, male",SP.POP.4044.MA,415295,423163,428929,434425,439074,441418
Tunisia,TUN,"Population ages 45-49, female",SP.POP.4549.FE,384662,397099,408946,418185,427637,438967
Tunisia,TUN,"Population ages 45-49, male",SP.POP.4549.MA,371523,379298,386718,391921,398345,407495
Tunisia,TUN,"Population ages 50-54, female",SP.POP.5054.FE,353532,352986,356015,362609,370009,379646
Tunisia,TUN,"Population ages 50-54, male",SP.POP.5054.MA,336951,338685,343323,350172,356091,362318
Tunisia,TUN,"Population ages 55-59, female",SP.POP.5559.FE,331774,341028,346838,349071,348433,347058
Tunisia,TUN,"Population ages 55-59, male",SP.POP.5559.MA,320801,325008,326233,325622,324286,324490
Tunisia,TUN,"Population ages 60-64, female",SP.POP.6064.FE,271222,276353,282741,294334,308698,321490
Tunisia,TUN,"Population ages 60-64, male",SP.POP.6064.MA,264803,268937,272620,280902,292146,301242
Tunisia,TUN,"Population ages 65 and above, female",SP.POP.65UP.FE.IN,542184,564673,586940,612176,640090,670921
Tunisia,TUN,"Population ages 65 and above, male",SP.POP.65UP.MA.IN,449480,466434,484285,506149,529872,556237
Turkiye,TUR,"Population ages 10-14, male",SP.POP.1014.MA,3136880,3206752,3276189,3314121,3337894,3349509
Turkiye,TUR,"Population ages 15-19, female",SP.POP.1519.FE,3069851,3046511,3031889,3011212,3008723,3025740
Turkiye,TUR,"Population ages 10-14, female",SP.POP.1014.FE,2997369,3081613,3158642,3197028,3221453,3233826
Turkiye,TUR,"Population ages 15-19, male",SP.POP.1519.MA,3212793,3179105,3158532,3137151,3133214,3148027
Turkiye,TUR,"Population ages 20-24, female",SP.POP.2024.FE,3344445,3358853,3343607,3259963,3142052,3011567
Turkiye,TUR,"Population ages 20-24, male",SP.POP.2024.MA,3486170,3503126,3486940,3401446,3281051,3147425
Turkiye,TUR,"Population ages 25-29, female",SP.POP.2529.FE,3260064,3236395,3251428,3270808,3289205,3300897
Turkiye,TUR,"Population ages 25-29, male",SP.POP.2529.MA,3384133,3374996,3400597,3423217,3441874,3451515
Turkiye,TUR,"Population ages 30-34, female",SP.POP.3034.FE,3216643,3175704,3161451,3150773,3145315,3156211
Turkiye,TUR,"Population ages 30-34, male",SP.POP.3034.MA,3312486,3271177,3262772,3262035,3267347,3288429
Turkiye,TUR,"Population ages 35-39, female",SP.POP.3539.FE,3242713,3186204,3153770,3131877,3119894,3121472
Turkiye,TUR,"Population ages 35-39, male",SP.POP.3539.MA,3320232,3259388,3225914,3206501,3197495,3203085
Turkiye,TUR,"Population ages 40-44, female",SP.POP.4044.FE,3171102,3229538,3265429,3256978,3225763,3189084
Turkiye,TUR,"Population ages 40-44, male",SP.POP.4044.MA,3205622,3264621,3303638,3300958,3275059,3243003
Turkiye,TUR,"Population ages 45-49, female",SP.POP.4549.FE,2623046,2741870,2871252,2983587,3079793,3159427
Turkiye,TUR,"Population ages 45-49, male",SP.POP.4549.MA,2652568,2754100,2871978,2981035,3079132,3163716
Turkiye,TUR,"Population ages 50-54, female",SP.POP.5054.FE,2319362,2323991,2359365,2416212,2499276,2604046
Turkiye,TUR,"Population ages 50-54, male",SP.POP.5054.MA,2354818,2363811,2395078,2441025,2508766,2596602
Turkiye,TUR,"Population ages 55-59, female",SP.POP.5559.FE,2201921,2298704,2358610,2362686,2339102,2311876
Turkiye,TUR,"Population ages 55-59, male",SP.POP.5559.MA,2160826,2257394,2318708,2328713,2314549,2295673
Turkiye,TUR,"Population ages 60-64, female",SP.POP.6064.FE,1727563,1776386,1857384,1957770,2067896,2172584
Turkiye,TUR,"Population ages 60-64, male",SP.POP.6064.MA,1657228,1709939,1785084,1873585,1970280,2061651
Turkiye,TUR,"Population ages 65 and above, female",SP.POP.65UP.FE.IN,4209659,4423247,4616897,4774061,4922135,5072478
Turkiye,TUR,"Population ages 65 and above, male",SP.POP.65UP.MA.IN,3264831,3473945,3642743,3759413,3873487,3991138
Turkmenistan,TKM,"Population ages 10-14, male",SP.POP.1014.MA,300039,319214,339570,358934,376310,391392
Turkmenistan,TKM,"Population ages 15-19, female",SP.POP.1519.FE,245772,239465,239584,248053,262486,281097
Turkmenistan,TKM,"Population ages 10-14, female",SP.POP.1014.FE,282786,304386,326971,347559,364954,379162
Turkmenistan,TKM,"Population ages 15-19, male",SP.POP.1519.MA,260148,257278,259753,268726,281998,298397
Turkmenistan,TKM,"Population ages 20-24, female",SP.POP.2024.FE,305070,294746,282409,269506,256052,243194
Turkmenistan,TKM,"Population ages 20-24, male",SP.POP.2024.MA,308952,298437,287004,276333,266215,257167
Turkmenistan,TKM,"Population ages 25-29, female",SP.POP.2529.FE,324633,329937,331825,329189,323173,314235
Turkmenistan,TKM,"Population ages 25-29, male",SP.POP.2529.MA,332121,336515,337320,333510,326304,316494
Turkmenistan,TKM,"Population ages 30-34, female",SP.POP.3034.FE,290204,297965,306279,314963,323917,332266
Turkmenistan,TKM,"Population ages 30-34, male",SP.POP.3034.MA,296771,305037,313612,322268,330758,338242
Turkmenistan,TKM,"Population ages 35-39, female",SP.POP.3539.FE,245126,253903,263250,272811,282477,292321
Turkmenistan,TKM,"Population ages 35-39, male",SP.POP.3539.MA,243744,254209,265009,275881,286516,296956
Turkmenistan,TKM,"Population ages 40-44, female",SP.POP.4044.FE,222623,223858,226148,230366,237024,245629
Turkmenistan,TKM,"Population ages 40-44, male",SP.POP.4044.MA,202815,207497,213466,221118,230593,241423
Turkmenistan,TKM,"Population ages 45-49, female",SP.POP.4549.FE,217460,221552,223441,223465,223120,223055
Turkmenistan,TKM,"Population ages 45-49, male",SP.POP.4549.MA,187442,190171,192211,193948,196325,199670
Turkmenistan,TKM,"Population ages 50-54, female",SP.POP.5054.FE,185675,194709,202711,208795,213614,217200
Turkmenistan,TKM,"Population ages 50-54, male",SP.POP.5054.MA,158796,166081,172311,176949,180274,182623
Turkmenistan,TKM,"Population ages 55-59, female",SP.POP.5559.FE,155377,158910,163102,168469,175176,182695
Turkmenistan,TKM,"Population ages 55-59, male",SP.POP.5559.MA,124901,128038,132124,137435,143768,150549
Turkmenistan,TKM,"Population ages 60-64, female",SP.POP.6064.FE,119002,127147,134374,140123,144432,147954
Turkmenistan,TKM,"Population ages 60-64, male",SP.POP.6064.MA,89070,94984,100591,105541,109475,112889
Turkmenistan,TKM,"Population ages 65 and above, female",SP.POP.65UP.FE.IN,176086,184293,194300,206356,220010,234832
Turkmenistan,TKM,"Population ages 65 and above, male",SP.POP.65UP.MA.IN,87853,91348,98138,108281,119509,131466
Turks and Caicos Islands,TCA,"Population ages 10-14, male",SP.POP.1014.MA,1176,1163,1133,1115,1097,1098
Turks and Caicos Islands,TCA,"Population ages 15-19, female",SP.POP.1519.FE,1387,1376,1372,1383,1398,1409
Turks and Caicos Islands,TCA,"Population ages 10-14, female",SP.POP.1014.FE,1368,1364,1339,1303,1265,1238
Turks and Caicos Islands,TCA,"Population ages 15-19, male",SP.POP.1519.MA,1141,1121,1123,1149,1182,1205
Turks and Caicos Islands,TCA,"Population ages 20-24, female",SP.POP.2024.FE,1561,1549,1529,1510,1489,1464
Turks and Caicos Islands,TCA,"Population ages 20-24, male",SP.POP.2024.MA,1385,1369,1337,1296,1253,1211
Turks and Caicos Islands,TCA,"Population ages 25-29, female",SP.POP.2529.FE,1562,1638,1699,1718,1710,1682
Turks and Caicos Islands,TCA,"Population ages 25-29, male",SP.POP.2529.MA,1570,1600,1612,1591,1558,1514
Turks and Caicos Islands,TCA,"Population ages 30-34, female",SP.POP.3034.FE,1746,1729,1697,1666,1666,1689
Turks and Caicos Islands,TCA,"Population ages 30-34, male",SP.POP.3034.MA,1976,1951,1896,1821,1756,1712
Turks and Caicos Islands,TCA,"Population ages 35-39, female",SP.POP.3539.FE,1905,1905,1903,1892,1867,1830
Turks and Caicos Islands,TCA,"Population ages 35-39, male",SP.POP.3539.MA,2205,2210,2200,2171,2130,2077
Turks and Caicos Islands,TCA,"Population ages 40-44, female",SP.POP.4044.FE,1896,1952,1982,1987,1972,1951
Turks and Caicos Islands,TCA,"Population ages 40-44, male",SP.POP.4044.MA,2197,2236,2261,2265,2264,2254
Turks and Caicos Islands,TCA,"Population ages 45-49, female",SP.POP.4549.FE,1775,1802,1815,1829,1870,1924
Turks and Caicos Islands,TCA,"Population ages 45-49, male",SP.POP.4549.MA,2023,2074,2122,2165,2196,2217
Turks and Caicos Islands,TCA,"Population ages 50-54, female",SP.POP.5054.FE,1537,1596,1658,1714,1764,1791
Turks and Caicos Islands,TCA,"Population ages 50-54, male",SP.POP.5054.MA,1731,1836,1908,1949,1987,2023
Turks and Caicos Islands,TCA,"Population ages 55-59, female",SP.POP.5559.FE,1384,1435,1471,1496,1516,1536
Turks and Caicos Islands,TCA,"Population ages 55-59, male",SP.POP.5559.MA,1407,1424,1455,1515,1601,1697
Turks and Caicos Islands,TCA,"Population ages 60-64, female",SP.POP.6064.FE,1087,1155,1212,1260,1313,1365
Turks and Caicos Islands,TCA,"Population ages 60-64, male",SP.POP.6064.MA,1038,1133,1224,1294,1331,1348
Turks and Caicos Islands,TCA,"Population ages 65 and above, female",SP.POP.65UP.FE.IN,2436,2562,2678,2775,2877,2996
Turks and Caicos Islands,TCA,"Population ages 65 and above, male",SP.POP.65UP.MA.IN,2037,2112,2185,2260,2360,2477
Tuvalu,TUV,"Population ages 10-14, male",SP.POP.1014.MA,530,518,514,521,529,538
Tuvalu,TUV,"Population ages 15-19, female",SP.POP.1519.FE,450,444,427,408,401,402
Tuvalu,TUV,"Population ages 10-14, female",SP.POP.1014.FE,474,454,448,459,472,485
Tuvalu,TUV,"Population ages 15-19, male",SP.POP.1519.MA,481,471,461,454,454,458
Tuvalu,TUV,"Population ages 20-24, female",SP.POP.2024.FE,454,445,425,390,364,350
Tuvalu,TUV,"Population ages 20-24, male",SP.POP.2024.MA,473,466,443,410,386,374
Tuvalu,TUV,"Population ages 25-29, female",SP.POP.2529.FE,411,407,395,376,353,330
Tuvalu,TUV,"Population ages 25-29, male",SP.POP.2529.MA,451,447,435,408,384,361
Tuvalu,TUV,"Population ages 30-34, female",SP.POP.3034.FE,340,329,321,314,304,299
Tuvalu,TUV,"Population ages 30-34, male",SP.POP.3034.MA,395,376,365,361,352,344
Tuvalu,TUV,"Population ages 35-39, female",SP.POP.3539.FE,263,259,255,256,257,254
Tuvalu,TUV,"Population ages 35-39, male",SP.POP.3539.MA,303,299,290,286,289,290
Tuvalu,TUV,"Population ages 40-44, female",SP.POP.4044.FE,227,217,208,197,190,194
Tuvalu,TUV,"Population ages 40-44, male",SP.POP.4044.MA,265,251,244,237,228,229
Tuvalu,TUV,"Population ages 45-49, female",SP.POP.4549.FE,229,228,224,214,202,187
Tuvalu,TUV,"Population ages 45-49, male",SP.POP.4549.MA,264,258,246,233,226,216
Tuvalu,TUV,"Population ages 50-54, female",SP.POP.5054.FE,276,271,252,230,218,211
Tuvalu,TUV,"Population ages 50-54, male",SP.POP.5054.MA,305,307,300,283,262,241
Tuvalu,TUV,"Population ages 55-59, female",SP.POP.5559.FE,285,275,277,279,272,260
Tuvalu,TUV,"Population ages 55-59, male",SP.POP.5559.MA,234,227,231,245,257,263
Tuvalu,TUV,"Population ages 60-64, female",SP.POP.6064.FE,233,233,238,247,250,250
Tuvalu,TUV,"Population ages 60-64, male",SP.POP.6064.MA,171,172,173,174,176,177
Tuvalu,TUV,"Population ages 65 and above, female",SP.POP.65UP.FE.IN,353,351,354,374,394,412
Tuvalu,TUV,"Population ages 65 and above, male",SP.POP.65UP.MA.IN,242,236,234,242,249,257
Uganda,UGA,"Population ages 10-14, male",SP.POP.1014.MA,3004318,3077608,3148398,3215557,3277764,3334319
Uganda,UGA,"Population ages 15-19, female",SP.POP.1519.FE,2648399,2723631,2790509,2849671,2904957,2961248
Uganda,UGA,"Population ages 10-14, female",SP.POP.1014.FE,2999323,3066707,3131650,3193173,3249550,3299939
Uganda,UGA,"Population ages 15-19, male",SP.POP.1519.MA,2632273,2708089,2777376,2840777,2901644,2964185
Uganda,UGA,"Population ages 20-24, female",SP.POP.2024.FE,2247624,2326891,2400398,2465959,2523418,2569113
Uganda,UGA,"Population ages 20-24, male",SP.POP.2024.MA,2227421,2305661,2378189,2443087,2500982,2548638
Uganda,UGA,"Population ages 25-29, female",SP.POP.2529.FE,1841313,1928256,2005012,2071087,2136747,2202354
Uganda,UGA,"Population ages 25-29, male",SP.POP.2529.MA,1813927,1900433,1976761,2042460,2108178,2174467
Uganda,UGA,"Population ages 30-34, female",SP.POP.3034.FE,1410722,1493742,1571020,1643786,1723602,1810004
Uganda,UGA,"Population ages 30-34, male",SP.POP.3034.MA,1379682,1460978,1536837,1608486,1687820,1774275
Uganda,UGA,"Population ages 35-39, female",SP.POP.3539.FE,1032093,1093867,1159399,1227332,1302197,1382589
Uganda,UGA,"Population ages 35-39, male",SP.POP.3539.MA,1003042,1063279,1126858,1192230,1264629,1342966
Uganda,UGA,"Population ages 40-44, female",SP.POP.4044.FE,808892,840784,875089,911790,954583,1005962
Uganda,UGA,"Population ages 40-44, male",SP.POP.4044.MA,779389,810085,842639,877334,918431,968292
Uganda,UGA,"Population ages 45-49, female",SP.POP.4549.FE,667761,689081,709540,730504,755065,782632
Uganda,UGA,"Population ages 45-49, male",SP.POP.4549.MA,632440,653483,673362,693423,717092,743815
Uganda,UGA,"Population ages 50-54, female",SP.POP.5054.FE,533938,557413,579574,599730,619163,638965
Uganda,UGA,"Population ages 50-54, male",SP.POP.5054.MA,488158,512103,534382,554417,573760,593476
Uganda,UGA,"Population ages 55-59, female",SP.POP.5559.FE,402197,420613,439974,460326,481369,502833
Uganda,UGA,"Population ages 55-59, male",SP.POP.5559.MA,344365,363006,382842,403671,425366,447485
Uganda,UGA,"Population ages 60-64, female",SP.POP.6064.FE,300941,313330,326211,339739,354002,369280
Uganda,UGA,"Population ages 60-64, male",SP.POP.6064.MA,240724,251474,263094,275624,289392,304576
Uganda,UGA,"Population ages 65 and above, female",SP.POP.65UP.FE.IN,546842,571469,597207,624637,653239,682874
Uganda,UGA,"Population ages 65 and above, male",SP.POP.65UP.MA.IN,369801,386130,403554,421763,441374,462240
Ukraine,UKR,"Population ages 10-14, male",SP.POP.1014.MA,1240415,1272811,1216334,1139892,1137041,1147969
Ukraine,UKR,"Population ages 15-19, female",SP.POP.1519.FE,963597,994829,971482,945243,999757,1075080
Ukraine,UKR,"Population ages 10-14, female",SP.POP.1014.FE,1170065,1198857,1143418,1070870,1070721,1085767
Ukraine,UKR,"Population ages 15-19, male",SP.POP.1519.MA,1019967,1052081,1024991,996786,1053848,1128894
Ukraine,UKR,"Population ages 20-24, female",SP.POP.2024.FE,1027618,980437,885528,809655,857145,974012
Ukraine,UKR,"Population ages 20-24, male",SP.POP.2024.MA,1078645,1029477,930194,850006,894045,1003431
Ukraine,UKR,"Population ages 25-29, female",SP.POP.2529.FE,1372831,1286194,1126561,977967,976581,1064174
Ukraine,UKR,"Population ages 25-29, male",SP.POP.2529.MA,1444083,1353266,1182457,1020798,1008999,1083619
Ukraine,UKR,"Population ages 30-34, female",SP.POP.3034.FE,1820851,1755876,1551767,1340723,1287535,1306465
Ukraine,UKR,"Population ages 30-34, male",SP.POP.3034.MA,1906240,1840921,1628878,1396589,1329819,1341829
Ukraine,UKR,"Population ages 35-39, female",SP.POP.3539.FE,1803089,1826769,1738680,1619111,1616163,1646261
Ukraine,UKR,"Population ages 35-39, male",SP.POP.3539.MA,1863322,1893472,1795094,1665744,1661717,1686067
Ukraine,UKR,"Population ages 40-44, female",SP.POP.4044.FE,1667605,1683943,1595060,1508227,1545898,1602015
Ukraine,UKR,"Population ages 40-44, male",SP.POP.4044.MA,1604159,1632671,1565645,1505440,1555532,1616427
Ukraine,UKR,"Population ages 45-49, female",SP.POP.4549.FE,1587459,1578983,1486249,1401971,1424656,1460849
Ukraine,UKR,"Population ages 45-49, male",SP.POP.4549.MA,1405668,1399619,1344409,1289026,1324068,1366954
Ukraine,UKR,"Population ages 50-54, female",SP.POP.5054.FE,1628119,1618745,1505867,1383519,1368975,1371486
Ukraine,UKR,"Population ages 50-54, male",SP.POP.5054.MA,1477893,1464714,1329011,1206099,1188866,1168554
Ukraine,UKR,"Population ages 55-59, female",SP.POP.5559.FE,1796894,1758578,1588142,1416670,1384769,1391895
Ukraine,UKR,"Population ages 55-59, male",SP.POP.5559.MA,1590642,1560628,1405571,1222832,1180431,1203954
Ukraine,UKR,"Population ages 60-64, female",SP.POP.6064.FE,1792231,1790315,1664454,1537565,1519851,1510058
Ukraine,UKR,"Population ages 60-64, male",SP.POP.6064.MA,1361835,1385650,1314538,1242472,1244112,1244972
Ukraine,UKR,"Population ages 65 and above, female",SP.POP.65UP.FE.IN,5088524,5128308,4869604,4634508,4728553,4838435
Ukraine,UKR,"Population ages 65 and above, male",SP.POP.65UP.MA.IN,2550117,2574370,2460448,2367776,2450672,2556819
United Arab Emirates,ARE,"Population ages 10-14, male",SP.POP.1014.MA,240199,245178,259380,275511,287928,291150
United Arab Emirates,ARE,"Population ages 15-19, female",SP.POP.1519.FE,209422,214219,225633,232115,231975,229444
United Arab Emirates,ARE,"Population ages 10-14, female",SP.POP.1014.FE,234223,239169,253036,268455,282379,287858
United Arab Emirates,ARE,"Population ages 15-19, male",SP.POP.1519.MA,247179,252556,265292,266296,262988,264569
United Arab Emirates,ARE,"Population ages 20-24, female",SP.POP.2024.FE,338052,344695,361833,363088,356596,349119
United Arab Emirates,ARE,"Population ages 20-24, male",SP.POP.2024.MA,519630,529205,554771,549949,548644,569461
United Arab Emirates,ARE,"Population ages 25-29, female",SP.POP.2529.FE,380643,387765,410531,430807,466665,513377
United Arab Emirates,ARE,"Population ages 25-29, male",SP.POP.2529.MA,922830,934250,982069,984471,967045,964349
United Arab Emirates,ARE,"Population ages 30-34, female",SP.POP.3034.FE,419853,432778,458152,470053,481681,497422
United Arab Emirates,ARE,"Population ages 30-34, male",SP.POP.3034.MA,1004197,1023712,1075128,1114571,1166477,1216399
United Arab Emirates,ARE,"Population ages 35-39, female",SP.POP.3539.FE,397780,408319,432388,455615,476125,487462
United Arab Emirates,ARE,"Population ages 35-39, male",SP.POP.3539.MA,828345,841153,884026,942701,1017655,1079363
United Arab Emirates,ARE,"Population ages 40-44, female",SP.POP.4044.FE,279251,287220,304014,328951,355596,367851
United Arab Emirates,ARE,"Population ages 40-44, male",SP.POP.4044.MA,617609,628427,658554,696516,718954,710126
United Arab Emirates,ARE,"Population ages 45-49, female",SP.POP.4549.FE,179310,182556,192760,207202,222233,231254
United Arab Emirates,ARE,"Population ages 45-49, male",SP.POP.4549.MA,438197,443129,465526,496586,522962,527294
United Arab Emirates,ARE,"Population ages 50-54, female",SP.POP.5054.FE,138936,141643,149362,157864,161373,156732
United Arab Emirates,ARE,"Population ages 50-54, male",SP.POP.5054.MA,300110,303319,317657,341062,365031,375128
United Arab Emirates,ARE,"Population ages 55-59, female",SP.POP.5559.FE,114600,118304,125855,133234,136296,131429
United Arab Emirates,ARE,"Population ages 55-59, male",SP.POP.5559.MA,202610,206337,217748,232927,241455,236440
United Arab Emirates,ARE,"Population ages 60-64, female",SP.POP.6064.FE,57749,59471,63159,70010,79644,88514
United Arab Emirates,ARE,"Population ages 60-64, male",SP.POP.6064.MA,99042,100351,105402,119034,135605,143295
United Arab Emirates,ARE,"Population ages 65 and above, female",SP.POP.65UP.FE.IN,64267,69256,74200,79441,84740,87994
United Arab Emirates,ARE,"Population ages 65 and above, male",SP.POP.65UP.MA.IN,82774,85788,91003,98325,107078,111203
United Kingdom,GBR,"Population ages 10-14, male",SP.POP.1014.MA,2085296,2103376,2148613,2178098,2188022,2189492
United Kingdom,GBR,"Population ages 15-19, female",SP.POP.1519.FE,1809503,1826073,1879782,1934120,1991019,2044753
United Kingdom,GBR,"Population ages 10-14, female",SP.POP.1014.FE,1983011,2000204,2044343,2073338,2082882,2083481
United Kingdom,GBR,"Population ages 15-19, male",SP.POP.1519.MA,1912665,1927370,1979964,2034986,2092624,2147283
United Kingdom,GBR,"Population ages 20-24, female",SP.POP.2024.FE,2014411,1995260,1973195,1929880,1923515,1957753
United Kingdom,GBR,"Population ages 20-24, male",SP.POP.2024.MA,2141437,2120037,2092511,2045800,2033687,2061253
United Kingdom,GBR,"Population ages 25-29, female",SP.POP.2529.FE,2211277,2192123,2188416,2168964,2153640,2142110
United Kingdom,GBR,"Population ages 25-29, male",SP.POP.2529.MA,2291287,2281276,2290215,2283072,2274346,2266370
United Kingdom,GBR,"Population ages 30-34, female",SP.POP.3034.FE,2223799,2219805,2262177,2298381,2313277,2302329
United Kingdom,GBR,"Population ages 30-34, male",SP.POP.3034.MA,2207362,2217123,2277508,2337383,2375690,2378203
United Kingdom,GBR,"Population ages 35-39, female",SP.POP.3539.FE,2262647,2268537,2291688,2289586,2287502,2286463
United Kingdom,GBR,"Population ages 35-39, male",SP.POP.3539.MA,2217093,2228304,2254556,2246084,2245523,2260665
United Kingdom,GBR,"Population ages 40-44, female",SP.POP.4044.FE,2087235,2116689,2186560,2249067,2286788,2306660
United Kingdom,GBR,"Population ages 40-44, male",SP.POP.4044.MA,2059586,2082476,2145514,2202910,2235511,2253905
United Kingdom,GBR,"Population ages 45-49, female",SP.POP.4549.FE,2224521,2161534,2108934,2081967,2079659,2107759
United Kingdom,GBR,"Population ages 45-49, male",SP.POP.4549.MA,2176403,2148383,2109821,2066771,2052953,2073573
United Kingdom,GBR,"Population ages 50-54, female",SP.POP.5054.FE,2360560,2357398,2376163,2355475,2304321,2253004
United Kingdom,GBR,"Population ages 50-54, male",SP.POP.5054.MA,2191528,2180402,2207483,2231505,2218904,2190314
United Kingdom,GBR,"Population ages 55-59, female",SP.POP.5559.FE,2229100,2242595,2285585,2329068,2361203,2366666
United Kingdom,GBR,"Population ages 55-59, male",SP.POP.5559.MA,2074910,2073628,2106193,2142647,2172520,2180339
United Kingdom,GBR,"Population ages 60-64, female",SP.POP.6064.FE,1992063,2008322,2062963,2112395,2153292,2197435
United Kingdom,GBR,"Population ages 60-64, male",SP.POP.6064.MA,1860815,1878542,1927672,1961531,1986541,2019058
United Kingdom,GBR,"Population ages 65 and above, female",SP.POP.65UP.FE.IN,6798219,6831803,6985472,7154893,7294985,7410969
United Kingdom,GBR,"Population ages 65 and above, male",SP.POP.65UP.MA.IN,5682778,5714613,5847577,5994368,6115210,6213895
United States,USA,"Population ages 10-14, male",SP.POP.1014.MA,11211805,11096866,10938383,10766824,10634690,10553355
United States,USA,"Population ages 15-19, female",SP.POP.1519.FE,10471497,10498252,10594114,10684721,10762433,10792499
United States,USA,"Population ages 10-14, female",SP.POP.1014.FE,10564057,10459091,10314103,10159345,10040956,9971458
United States,USA,"Population ages 15-19, male",SP.POP.1519.MA,11171654,11190762,11281264,11361386,11431456,11454686
United States,USA,"Population ages 20-24, female",SP.POP.2024.FE,10485189,10501962,10530882,10559321,10683808,10886816
United States,USA,"Population ages 20-24, male",SP.POP.2024.MA,11255580,11252322,11262460,11272933,11387642,11587245
United States,USA,"Population ages 25-29, female",SP.POP.2529.FE,11208797,10996972,10823157,10694942,10632854,10651061
United States,USA,"Population ages 25-29, male",SP.POP.2529.MA,12044675,11813186,11617785,11464412,11392099,11413214
United States,USA,"Population ages 30-34, female",SP.POP.3034.FE,11329689,11446418,11532834,11547091,11464419,11276170
United States,USA,"Population ages 30-34, male",SP.POP.3034.MA,12140507,12255664,12338326,12348966,12266606,12081091
United States,USA,"Population ages 35-39, female",SP.POP.3539.FE,10977860,11017741,11066342,11146966,11253669,11364795
United States,USA,"Population ages 35-39, male",SP.POP.3539.MA,11684006,11734668,11793421,11883461,12002868,12130459
United States,USA,"Population ages 40-44, female",SP.POP.4044.FE,10235337,10446970,10646579,10816409,10929627,10986095
United States,USA,"Population ages 40-44, male",SP.POP.4044.MA,10795498,11020769,11234880,11421148,11555902,11635970
United States,USA,"Population ages 45-49, female",SP.POP.4549.FE,9892260,9719547,9706107,9834197,10006616,10208000
United States,USA,"Population ages 45-49, male",SP.POP.4549.MA,10345587,10169986,10161110,10298799,10483651,10701461
United States,USA,"Population ages 50-54, female",SP.POP.5054.FE,10173335,10169448,10145471,10083612,9981439,9813867
United States,USA,"Population ages 50-54, male",SP.POP.5054.MA,10503469,10510754,10490439,10428335,10330834,10169634
United States,USA,"Population ages 55-59, female",SP.POP.5559.FE,10858519,10656024,10434956,10239373,10075872,10007591
United States,USA,"Population ages 55-59, male",SP.POP.5559.MA,10972096,10775309,10559470,10372336,10227156,10181466
United States,USA,"Population ages 60-64, female",SP.POP.6064.FE,10500778,10567944,10623608,10650290,10640066,10557113
United States,USA,"Population ages 60-64, male",SP.POP.6064.MA,10220609,10349300,10444937,10497375,10504619,10431530
United States,USA,"Population ages 65 and above, female",SP.POP.65UP.FE.IN,29002068,29751915,30639727,31675306,32695494,33642038
United States,USA,"Population ages 65 and above, male",SP.POP.65UP.MA.IN,24280648,24949070,25748530,26706454,27673731,28584973
Upper middle income,UMC,"Population ages 10-14, male",SP.POP.1014.MA,101878904,103053393,104347150,105425387,106066888,106297621
Upper middle income,UMC,"Population ages 15-19, female",SP.POP.1519.FE,88553457,88641325,89206274,90132269,91315962,92497017
Upper middle income,UMC,"Population ages 10-14, female",SP.POP.1014.FE,92704034,93826668,95048669,96082425,96766014,97110982
Upper middle income,UMC,"Population ages 15-19, male",SP.POP.1519.MA,97073853,97201889,97855958,98909394,100231215,101522286
Upper middle income,UMC,"Population ages 20-24, female",SP.POP.2024.FE,91768809,90865946,89907886,89072449,88567474,88257016
Upper middle income,UMC,"Population ages 20-24, male",SP.POP.2024.MA,99645268,98823544,97926388,97163227,96737810,96479780
Upper middle income,UMC,"Population ages 25-29, female",SP.POP.2529.FE,100793279,97616464,95669235,94024571,92598832,91570446
Upper middle income,UMC,"Population ages 25-29, male",SP.POP.2529.MA,108006444,104798360,102921758,101359995,100006361,99067385
Upper middle income,UMC,"Population ages 30-34, female",SP.POP.3034.FE,112757722,112808347,110456058,107416614,104167054,100365848
Upper middle income,UMC,"Population ages 30-34, male",SP.POP.3034.MA,118940496,119389755,117200242,114232307,110998846,107137727
Upper middle income,UMC,"Population ages 35-39, female",SP.POP.3539.FE,102816593,104614050,106300673,108106396,110161741,112047393
Upper middle income,UMC,"Population ages 35-39, male",SP.POP.3539.MA,106163338,108291936,110374006,112662360,115258423,117703555
Upper middle income,UMC,"Population ages 40-44, female",SP.POP.4044.FE,93688020,94647842,96643180,98743305,100310914,101962556
Upper middle income,UMC,"Population ages 40-44, male",SP.POP.4044.MA,95106739,96277647,98543295,100930509,102751218,104683338
Upper middle income,UMC,"Population ages 45-49, female",SP.POP.4549.FE,100857270,98583807,96249402,94006241,92673163,92638809
Upper middle income,UMC,"Population ages 45-49, male",SP.POP.4549.MA,101092297,98848850,96582894,94423432,93199402,93316880
Upper middle income,UMC,"Population ages 50-54, female",SP.POP.5054.FE,98690149,100123972,101418094,101856464,101045929,99320574
Upper middle income,UMC,"Population ages 50-54, male",SP.POP.5054.MA,97291549,98823660,100204594,100752588,100033860,98355427
Upper middle income,UMC,"Population ages 55-59, female",SP.POP.5559.FE,84284608,90144055,93550076,94222815,95064350,96565286
Upper middle income,UMC,"Population ages 55-59, male",SP.POP.5559.MA,81248374,86985557,90309580,90956700,91822859,93405836
Upper middle income,UMC,"Population ages 60-64, female",SP.POP.6064.FE,67811574,66393571,66534969,70147753,75731981,81451924
Upper middle income,UMC,"Population ages 60-64, male",SP.POP.6064.MA,62949106,61580782,61783331,65366093,70767314,76240394
Upper middle income,UMC,"Population ages 65 and above, female",SP.POP.65UP.FE.IN,163776376,170280580,176727727,183282323,188850579,193741651
Upper middle income,UMC,"Population ages 65 and above, male",SP.POP.65UP.MA.IN,131241817,136188950,141217304,146221500,150217901,153688273
Uruguay,URY,"Population ages 10-14, male",SP.POP.1014.MA,119694,118857,118372,118441,118782,119305
Uruguay,URY,"Population ages 15-19, female",SP.POP.1519.FE,118205,117299,116262,115276,114569,113909
Uruguay,URY,"Population ages 10-14, female",SP.POP.1014.FE,114266,113539,113108,113175,113454,113810
Uruguay,URY,"Population ages 15-19, male",SP.POP.1519.MA,123669,122740,121668,120665,119926,119164
Uruguay,URY,"Population ages 20-24, female",SP.POP.2024.FE,124084,122626,121200,119880,118492,117352
Uruguay,URY,"Population ages 20-24, male",SP.POP.2024.MA,129026,127617,126219,124851,123410,122252
Uruguay,URY,"Population ages 25-29, female",SP.POP.2529.FE,123016,123900,124486,124593,124119,123074
Uruguay,URY,"Population ages 25-29, male",SP.POP.2529.MA,127568,128220,128610,128657,128204,127230
Uruguay,URY,"Population ages 30-34, female",SP.POP.3034.FE,115739,117568,119048,120077,121003,122050
Uruguay,URY,"Population ages 30-34, male",SP.POP.3034.MA,119899,121809,123246,124178,124993,125873
Uruguay,URY,"Population ages 35-39, female",SP.POP.3539.FE,107295,107871,108978,110653,112726,114803
Uruguay,URY,"Population ages 35-39, male",SP.POP.3539.MA,108146,109581,111422,113615,116012,118287
Uruguay,URY,"Population ages 40-44, female",SP.POP.4044.FE,114953,112229,109690,107757,106505,106276
Uruguay,URY,"Population ages 40-44, male",SP.POP.4044.MA,112577,109973,107757,106377,105868,106497
Uruguay,URY,"Population ages 45-49, female",SP.POP.4549.FE,107364,110635,113422,115114,115272,113627
Uruguay,URY,"Population ages 45-49, male",SP.POP.4549.MA,106034,108752,110967,112286,112205,110515
Uruguay,URY,"Population ages 50-54, female",SP.POP.5054.FE,101262,100622,100399,101100,102893,105685
Uruguay,URY,"Population ages 50-54, male",SP.POP.5054.MA,97823,97845,98119,99017,100822,103352
Uruguay,URY,"Population ages 55-59, female",SP.POP.5559.FE,100909,101318,101138,100477,99663,98949
Uruguay,URY,"Population ages 55-59, male",SP.POP.5559.MA,94078,94708,94736,94450,94106,93932
Uruguay,URY,"Population ages 60-64, female",SP.POP.6064.FE,91887,92910,93905,95117,96328,97262
Uruguay,URY,"Population ages 60-64, male",SP.POP.6064.MA,81258,82499,83664,85115,86584,87749
Uruguay,URY,"Population ages 65 and above, female",SP.POP.65UP.FE.IN,317422,320470,322790,326464,330569,334582
Uruguay,URY,"Population ages 65 and above, male",SP.POP.65UP.MA.IN,203498,205474,206647,209288,212816,216510
Uzbekistan,UZB,"Population ages 10-14, male",SP.POP.1014.MA,1494101,1543242,1577702,1605594,1641829,1691047
Uzbekistan,UZB,"Population ages 15-19, female",SP.POP.1519.FE,1213783,1224709,1252281,1298780,1353663,1405257
Uzbekistan,UZB,"Population ages 10-14, female",SP.POP.1014.FE,1411023,1454274,1483196,1505590,1535782,1578360
Uzbekistan,UZB,"Population ages 15-19, male",SP.POP.1519.MA,1276640,1289085,1319205,1369572,1429476,1486600
Uzbekistan,UZB,"Population ages 20-24, female",SP.POP.2024.FE,1336478,1286171,1245911,1219377,1205825,1203465
Uzbekistan,UZB,"Population ages 20-24, male",SP.POP.2024.MA,1401601,1348810,1306964,1279786,1266111,1263969
Uzbekistan,UZB,"Population ages 25-29, female",SP.POP.2529.FE,1517439,1499904,1466777,1424254,1378221,1329248
Uzbekistan,UZB,"Population ages 25-29, male",SP.POP.2529.MA,1594434,1574941,1538647,1492805,1443233,1390611
Uzbekistan,UZB,"Population ages 30-34, female",SP.POP.3034.FE,1447471,1467207,1484812,1499943,1509947,1509748
Uzbekistan,UZB,"Population ages 30-34, male",SP.POP.3034.MA,1517135,1538790,1557735,1573237,1582813,1581382
Uzbekistan,UZB,"Population ages 35-39, female",SP.POP.3539.FE,1225038,1283403,1340769,1386425,1416218,1437858
Uzbekistan,UZB,"Population ages 35-39, male",SP.POP.3539.MA,1273751,1335641,1396567,1445219,1477182,1500340
Uzbekistan,UZB,"Population ages 40-44, female",SP.POP.4044.FE,1014474,1040866,1072043,1111323,1159630,1213741
Uzbekistan,UZB,"Population ages 40-44, male",SP.POP.4044.MA,1044111,1072525,1105476,1146447,1196538,1252915
Uzbekistan,UZB,"Population ages 45-49, female",SP.POP.4549.FE,898456,919775,939737,957994,977153,999992
Uzbekistan,UZB,"Population ages 45-49, male",SP.POP.4549.MA,907323,929891,951363,971602,992963,1017762
Uzbekistan,UZB,"Population ages 50-54, female",SP.POP.5054.FE,799921,805957,817648,834781,855967,878111
Uzbekistan,UZB,"Population ages 50-54, male",SP.POP.5054.MA,789129,796607,809258,827009,848770,871589
Uzbekistan,UZB,"Population ages 55-59, female",SP.POP.5559.FE,752389,763714,768616,769638,769725,771578
Uzbekistan,UZB,"Population ages 55-59, male",SP.POP.5559.MA,709687,723624,731295,734536,736321,739555
Uzbekistan,UZB,"Population ages 60-64, female",SP.POP.6064.FE,581820,611840,642781,671732,695482,713491
Uzbekistan,UZB,"Population ages 60-64, male",SP.POP.6064.MA,515177,543706,573487,601187,624390,643135
Uzbekistan,UZB,"Population ages 65 and above, female",SP.POP.65UP.FE.IN,1048743,1089780,1138343,1190755,1246869,1311208
Uzbekistan,UZB,"Population ages 65 and above, male",SP.POP.65UP.MA.IN,734242,762806,799007,839659,885578,937681
Vanuatu,VUT,"Population ages 10-14, male",SP.POP.1014.MA,17108,17857,18583,19259,19870,20419
Vanuatu,VUT,"Population ages 15-19, female",SP.POP.1519.FE,13391,13775,14244,14812,15442,16104
Vanuatu,VUT,"Population ages 10-14, female",SP.POP.1014.FE,16143,16847,17529,18162,18742,19269
Vanuatu,VUT,"Population ages 15-19, male",SP.POP.1519.MA,13730,14271,14874,15555,16276,17020
Vanuatu,VUT,"Population ages 20-24, female",SP.POP.2024.FE,12793,12717,12732,12840,13041,13320
Vanuatu,VUT,"Population ages 20-24, male",SP.POP.2024.MA,11874,11992,12244,12610,13065,13568
Vanuatu,VUT,"Population ages 25-29, female",SP.POP.2529.FE,13157,13179,13110,12987,12837,12711
Vanuatu,VUT,"Population ages 25-29, male",SP.POP.2529.MA,12024,12054,11997,11894,11801,11784
Vanuatu,VUT,"Population ages 30-34, female",SP.POP.3034.FE,11585,11928,12260,12570,12832,13016
Vanuatu,VUT,"Population ages 30-34, male",SP.POP.3034.MA,10762,10983,11221,11475,11704,11874
Vanuatu,VUT,"Population ages 35-39, female",SP.POP.3539.FE,9481,9896,10315,10726,11118,11489
Vanuatu,VUT,"Population ages 35-39, male",SP.POP.3539.MA,9084,9472,9832,10151,10418,10650
Vanuatu,VUT,"Population ages 40-44, female",SP.POP.4044.FE,5990,6402,7071,8113,8922,9349
Vanuatu,VUT,"Population ages 40-44, male",SP.POP.4044.MA,6613,6619,6951,7769,8493,8919
Vanuatu,VUT,"Population ages 45-49, female",SP.POP.4549.FE,6064,6193,6102,5686,5557,5887
Vanuatu,VUT,"Population ages 45-49, male",SP.POP.4549.MA,7304,7539,7461,6923,6511,6451
Vanuatu,VUT,"Population ages 50-54, female",SP.POP.5054.FE,4975,5119,5316,5538,5743,5917
Vanuatu,VUT,"Population ages 50-54, male",SP.POP.5054.MA,5515,5731,6021,6367,6710,7020
Vanuatu,VUT,"Population ages 55-59, female",SP.POP.5559.FE,4439,4524,4571,4614,4686,4789
Vanuatu,VUT,"Population ages 55-59, male",SP.POP.5559.MA,4398,4571,4718,4855,5007,5180
Vanuatu,VUT,"Population ages 60-64, female",SP.POP.6064.FE,3671,3797,3913,4020,4120,4211
Vanuatu,VUT,"Population ages 60-64, male",SP.POP.6064.MA,3308,3408,3530,3673,3828,3998
Vanuatu,VUT,"Population ages 65 and above, female",SP.POP.65UP.FE.IN,5615,5963,6333,6733,7150,7577
Vanuatu,VUT,"Population ages 65 and above, male",SP.POP.65UP.MA.IN,6517,6566,6658,6783,6930,7099
"Venezuela, RB",VEN,"Population ages 10-14, male",SP.POP.1014.MA,1437792,1426271,1417403,1408863,1397143,1380603
"Venezuela, RB",VEN,"Population ages 15-19, female",SP.POP.1519.FE,1243756,1264330,1290711,1314561,1331034,1338081
"Venezuela, RB",VEN,"Population ages 10-14, female",SP.POP.1014.FE,1367238,1357022,1348301,1338647,1325477,1308209
"Venezuela, RB",VEN,"Population ages 15-19, male",SP.POP.1519.MA,1333796,1352164,1373937,1391701,1402273,1404981
"Venezuela, RB",VEN,"Population ages 20-24, female",SP.POP.2024.FE,1014823,1008049,1030037,1069187,1113802,1162397
"Venezuela, RB",VEN,"Population ages 20-24, male",SP.POP.2024.MA,1086788,1086027,1111321,1150994,1193331,1237377
"Venezuela, RB",VEN,"Population ages 25-29, female",SP.POP.2529.FE,943649,902815,884805,883921,892826,910296
"Venezuela, RB",VEN,"Population ages 25-29, male",SP.POP.2529.MA,972737,937830,925156,929562,944017,966601
"Venezuela, RB",VEN,"Population ages 30-34, female",SP.POP.3034.FE,978888,943618,915737,893151,872783,855966
"Venezuela, RB",VEN,"Population ages 30-34, male",SP.POP.3034.MA,960507,930983,910327,895444,882437,872239
"Venezuela, RB",VEN,"Population ages 35-39, female",SP.POP.3539.FE,969970,950831,939945,932878,924797,914367
"Venezuela, RB",VEN,"Population ages 35-39, male",SP.POP.3539.MA,926504,908000,898875,894551,890123,884670
"Venezuela, RB",VEN,"Population ages 40-44, female",SP.POP.4044.FE,943945,939390,936456,933589,929026,923130
"Venezuela, RB",VEN,"Population ages 40-44, male",SP.POP.4044.MA,893701,886674,882120,878509,874074,869406
"Venezuela, RB",VEN,"Population ages 45-49, female",SP.POP.4549.FE,877109,879484,885771,893960,901635,908021
"Venezuela, RB",VEN,"Population ages 45-49, male",SP.POP.4549.MA,826080,825609,829479,835960,842372,847637
"Venezuela, RB",VEN,"Population ages 50-54, female",SP.POP.5054.FE,820479,823883,828013,833312,839054,845502
"Venezuela, RB",VEN,"Population ages 50-54, male",SP.POP.5054.MA,766526,767598,770014,774047,778468,783509
"Venezuela, RB",VEN,"Population ages 55-59, female",SP.POP.5559.FE,738181,748155,758876,769788,779439,787583
"Venezuela, RB",VEN,"Population ages 55-59, male",SP.POP.5559.MA,678657,686558,695493,704791,712811,719534
"Venezuela, RB",VEN,"Population ages 60-64, female",SP.POP.6064.FE,634722,649767,663543,676404,688499,700427
"Venezuela, RB",VEN,"Population ages 60-64, male",SP.POP.6064.MA,566000,578119,589846,601323,612222,623012
"Venezuela, RB",VEN,"Population ages 65 and above, female",SP.POP.65UP.FE.IN,1341280,1392007,1447358,1508384,1569442,1630078
"Venezuela, RB",VEN,"Population ages 65 and above, male",SP.POP.65UP.MA.IN,1009640,1045359,1086746,1133095,1179990,1226818
Viet Nam,VNM,"Population ages 10-14, male",SP.POP.1014.MA,3806623,3892535,4066532,4240522,4336793,4432466
Viet Nam,VNM,"Population ages 15-19, female",SP.POP.1519.FE,3299087,3354147,3448100,3535780,3617396,3681317
Viet Nam,VNM,"Population ages 10-14, female",SP.POP.1014.FE,3701522,3771180,3927745,4087518,4170840,4253167
Viet Nam,VNM,"Population ages 15-19, male",SP.POP.1519.MA,3341802,3395727,3498379,3598766,3693613,3772006
Viet Nam,VNM,"Population ages 20-24, female",SP.POP.2024.FE,3261381,3184557,3139363,3162311,3221645,3257978
Viet Nam,VNM,"Population ages 20-24, male",SP.POP.2024.MA,3307565,3233482,3182571,3198567,3249386,3276828
Viet Nam,VNM,"Population ages 25-29, female",SP.POP.2529.FE,4111336,3931108,3741535,3532097,3348820,3226192
Viet Nam,VNM,"Population ages 25-29, male",SP.POP.2529.MA,4147198,3946259,3747028,3537868,3359808,3246193
Viet Nam,VNM,"Population ages 30-34, female",SP.POP.3034.FE,4318030,4366443,4375887,4339277,4241398,4079083
Viet Nam,VNM,"Population ages 30-34, male",SP.POP.3034.MA,4378306,4425566,4426375,4375966,4262759,4081150
Viet Nam,VNM,"Population ages 35-39, female",SP.POP.3539.FE,4057634,4165341,4217841,4232644,4245674,4287142
Viet Nam,VNM,"Population ages 35-39, male",SP.POP.3539.MA,4060086,4177676,4238099,4257576,4268739,4307410
Viet Nam,VNM,"Population ages 40-44, female",SP.POP.4044.FE,3463818,3508949,3600920,3740564,3884915,4024110
Viet Nam,VNM,"Population ages 40-44, male",SP.POP.4044.MA,3396579,3445876,3541353,3682165,3834437,3984818
Viet Nam,VNM,"Population ages 45-49, female",SP.POP.4549.FE,3181366,3223877,3255574,3294749,3365747,3427674
Viet Nam,VNM,"Population ages 45-49, male",SP.POP.4549.MA,3114591,3149215,3171432,3203826,3263437,3318084
Viet Nam,VNM,"Population ages 50-54, female",SP.POP.5054.FE,2965589,3008260,3072733,3112878,3117688,3136549
Viet Nam,VNM,"Population ages 50-54, male",SP.POP.5054.MA,2780510,2836299,2913448,2966595,2986757,3012444
Viet Nam,VNM,"Population ages 55-59, female",SP.POP.5559.FE,2805067,2850135,2870199,2871058,2884941,2907180
Viet Nam,VNM,"Population ages 55-59, male",SP.POP.5559.MA,2488914,2556855,2591111,2601488,2621140,2651544
Viet Nam,VNM,"Population ages 60-64, female",SP.POP.6064.FE,2362315,2456804,2534139,2617583,2681954,2726858
Viet Nam,VNM,"Population ages 60-64, male",SP.POP.6064.MA,1895645,1976828,2052358,2149926,2247505,2326282
Viet Nam,VNM,"Population ages 65 and above, female",SP.POP.65UP.FE.IN,4564147,4784336,5015882,5279638,5569213,5870736
Viet Nam,VNM,"Population ages 65 and above, male",SP.POP.65UP.MA.IN,2857745,3017392,3187884,3371892,3567328,3775573
Virgin Islands (U.S.),VIR,"Population ages 10-14, male",SP.POP.1014.MA,3153,3133,3109,3083,3040,2995
Virgin Islands (U.S.),VIR,"Population ages 15-19, female",SP.POP.1519.FE,2968,3040,3087,3106,3095,3065
Virgin Islands (U.S.),VIR,"Population ages 10-14, female",SP.POP.1014.FE,3099,3041,2964,2876,2777,2689
Virgin Islands (U.S.),VIR,"Population ages 15-19, male",SP.POP.1519.MA,3049,3105,3132,3136,3121,3110
Virgin Islands (U.S.),VIR,"Population ages 20-24, female",SP.POP.2024.FE,2613,2628,2658,2704,2759,2821
Virgin Islands (U.S.),VIR,"Population ages 20-24, male",SP.POP.2024.MA,2569,2627,2696,2769,2837,2899
Virgin Islands (U.S.),VIR,"Population ages 25-29, female",SP.POP.2529.FE,2930,2851,2736,2611,2499,2436
Virgin Islands (U.S.),VIR,"Population ages 25-29, male",SP.POP.2529.MA,2674,2618,2537,2459,2402,2388
Virgin Islands (U.S.),VIR,"Population ages 30-34, female",SP.POP.3034.FE,2977,2965,2951,2928,2877,2798
Virgin Islands (U.S.),VIR,"Population ages 30-34, male",SP.POP.3034.MA,2726,2705,2681,2645,2594,2532
Virgin Islands (U.S.),VIR,"Population ages 35-39, female",SP.POP.3539.FE,3159,3119,3067,3013,2949,2900
Virgin Islands (U.S.),VIR,"Population ages 35-39, male",SP.POP.3539.MA,2979,2922,2849,2769,2686,2627
Virgin Islands (U.S.),VIR,"Population ages 40-44, female",SP.POP.4044.FE,3213,3200,3190,3176,3148,3114
Virgin Islands (U.S.),VIR,"Population ages 40-44, male",SP.POP.4044.MA,3045,3022,3006,2985,2948,2900
Virgin Islands (U.S.),VIR,"Population ages 45-49, female",SP.POP.4549.FE,3512,3415,3338,3278,3224,3187
Virgin Islands (U.S.),VIR,"Population ages 45-49, male",SP.POP.4549.MA,3376,3259,3162,3086,3018,2969
Virgin Islands (U.S.),VIR,"Population ages 50-54, female",SP.POP.5054.FE,4072,3954,3838,3728,3605,3488
Virgin Islands (U.S.),VIR,"Population ages 50-54, male",SP.POP.5054.MA,3924,3807,3677,3544,3400,3266
Virgin Islands (U.S.),VIR,"Population ages 55-59, female",SP.POP.5559.FE,4402,4377,4329,4254,4146,4034
Virgin Islands (U.S.),VIR,"Population ages 55-59, male",SP.POP.5559.MA,4057,4006,3964,3913,3827,3728
Virgin Islands (U.S.),VIR,"Population ages 60-64, female",SP.POP.6064.FE,4138,4194,4256,4313,4336,4330
Virgin Islands (U.S.),VIR,"Population ages 60-64, male",SP.POP.6064.MA,3884,3883,3864,3833,3785,3735
Virgin Islands (U.S.),VIR,"Population ages 65 and above, female",SP.POP.65UP.FE.IN,12393,12683,13000,13342,13631,13910
Virgin Islands (U.S.),VIR,"Population ages 65 and above, male",SP.POP.65UP.MA.IN,10131,10036,9993,9995,9970,9945
West Bank and Gaza,PSE,"Population ages 10-14, male",SP.POP.1014.MA,279429,289907,300074,310158,318151,325651
West Bank and Gaza,PSE,"Population ages 15-19, female",SP.POP.1519.FE,246191,252183,258418,265160,271226,278900
West Bank and Gaza,PSE,"Population ages 10-14, female",SP.POP.1014.FE,279985,288743,296974,305056,311047,316508
West Bank and Gaza,PSE,"Population ages 15-19, male",SP.POP.1519.MA,241177,247711,254595,261797,268564,277622
West Bank and Gaza,PSE,"Population ages 20-24, female",SP.POP.2024.FE,224927,226794,229967,233814,236500,240722
West Bank and Gaza,PSE,"Population ages 20-24, male",SP.POP.2024.MA,219555,221030,224068,227297,229453,233944
West Bank and Gaza,PSE,"Population ages 25-29, female",SP.POP.2529.FE,212871,215839,217601,218482,218022,218312
West Bank and Gaza,PSE,"Population ages 25-29, male",SP.POP.2529.MA,211623,213706,214442,213595,211494,210978
West Bank and Gaza,PSE,"Population ages 30-34, female",SP.POP.3034.FE,177315,185093,192790,199754,204282,207802
West Bank and Gaza,PSE,"Population ages 30-34, male",SP.POP.3034.MA,176662,184806,192626,198768,202077,204715
West Bank and Gaza,PSE,"Population ages 35-39, female",SP.POP.3539.FE,140643,146869,153490,160484,166842,173847
West Bank and Gaza,PSE,"Population ages 35-39, male",SP.POP.3539.MA,136024,143067,150522,157837,164313,171695
West Bank and Gaza,PSE,"Population ages 40-44, female",SP.POP.4044.FE,113095,117655,122561,127891,132764,138183
West Bank and Gaza,PSE,"Population ages 40-44, male",SP.POP.4044.MA,105553,110285,115559,121127,126301,132355
West Bank and Gaza,PSE,"Population ages 45-49, female",SP.POP.4549.FE,91743,95319,99160,103305,107068,111103
West Bank and Gaza,PSE,"Population ages 45-49, male",SP.POP.4549.MA,84818,87942,91438,95131,98468,102375
West Bank and Gaza,PSE,"Population ages 50-54, female",SP.POP.5054.FE,76198,78707,81326,84255,86897,89853
West Bank and Gaza,PSE,"Population ages 50-54, male",SP.POP.5054.MA,71411,73254,75257,77471,79294,81546
West Bank and Gaza,PSE,"Population ages 55-59, female",SP.POP.5559.FE,62126,64707,67250,69879,72001,74138
West Bank and Gaza,PSE,"Population ages 55-59, male",SP.POP.5559.MA,58941,61035,63050,64993,66157,67354
West Bank and Gaza,PSE,"Population ages 60-64, female",SP.POP.6064.FE,47763,50092,52548,55200,57439,59682
West Bank and Gaza,PSE,"Population ages 60-64, male",SP.POP.6064.MA,44887,46766,48818,50987,52406,53778
West Bank and Gaza,PSE,"Population ages 65 and above, female",SP.POP.65UP.FE.IN,92555,96758,101491,107218,111431,115425
West Bank and Gaza,PSE,"Population ages 65 and above, male",SP.POP.65UP.MA.IN,79181,81951,85264,89210,90085,90382
World,WLD,"Population ages 10-14, male",SP.POP.1014.MA,340399749,344122479,347895623,350908323,352628336,353642743
World,WLD,"Population ages 15-19, female",SP.POP.1519.FE,302489242,304485535,307283141,310627065,314336351,318070387
World,WLD,"Population ages 10-14, female",SP.POP.1014.FE,318975287,322405880,325923635,328854130,330725742,332032646
World,WLD,"Population ages 15-19, male",SP.POP.1519.MA,322082499,324017775,327019295,330734289,334877142,339048551
World,WLD,"Population ages 20-24, female",SP.POP.2024.FE,292770535,294298208,295926471,297607203,299632785,301785268
World,WLD,"Population ages 20-24, male",SP.POP.2024.MA,311226388,312601224,314174911,315810689,317949519,320384500
World,WLD,"Population ages 25-29, female",SP.POP.2529.FE,292492131,290638670,290278886,290279991,290511964,291427261
World,WLD,"Population ages 25-29, male",SP.POP.2529.MA,309641234,307806041,307658633,307639362,307871778,308960057
World,WLD,"Population ages 30-34, female",SP.POP.3034.FE,294687536,296697604,296334466,295121795,293219443,290523216
World,WLD,"Population ages 30-34, male",SP.POP.3034.MA,309357029,311921453,311976794,310933348,309191784,306624991
World,WLD,"Population ages 35-39, female",SP.POP.3539.FE,269789622,274546997,279290892,283877044,288256256,292205006
World,WLD,"Population ages 35-39, male",SP.POP.3539.MA,279781371,284849609,290144561,295368359,300481820,305259142
World,WLD,"Population ages 40-44, female",SP.POP.4044.FE,242241330,246000086,251277321,257096669,262095873,266833965
World,WLD,"Population ages 40-44, male",SP.POP.4044.MA,248255758,252519605,258341893,264576185,269843493,274802138
World,WLD,"Population ages 45-49, female",SP.POP.4549.FE,235726796,234930861,234459242,234564251,235693285,238481185
World,WLD,"Population ages 45-49, male",SP.POP.4549.MA,238154909,237465269,237254249,237668148,239113276,242234795
World,WLD,"Population ages 50-54, female",SP.POP.5054.FE,220639805,223923211,227379020,229951766,231017753,231040794
World,WLD,"Population ages 50-54, male",SP.POP.5054.MA,219307981,222660554,226237535,229011272,230247107,230364969
World,WLD,"Population ages 55-59, female",SP.POP.5559.FE,195511933,202156613,206655736,208886865,211221088,214413698
World,WLD,"Population ages 55-59, male",SP.POP.5559.MA,189959120,196552263,201022206,203254223,205638282,208917225
World,WLD,"Population ages 60-64, female",SP.POP.6064.FE,165052444,165292891,167203938,172758277,180035407,187199307
World,WLD,"Population ages 60-64, male",SP.POP.6064.MA,154564673,154831165,156823861,162420898,169618934,176628282
World,WLD,"Population ages 65 and above, female",SP.POP.65UP.FE.IN,407641802,419616230,432471932,446891863,460218638,472975541
World,WLD,"Population ages 65 and above, male",SP.POP.65UP.MA.IN,325516103,335065666,345650599,357583823,368444288,378839493
"Yemen, Rep.",YEM,"Population ages 10-14, male",SP.POP.1014.MA,2200329,2237837,2277467,2329730,2392106,2466942
"Yemen, Rep.",YEM,"Population ages 15-19, female",SP.POP.1519.FE,1859415,1901078,1949160,1998190,2045414,2089424
"Yemen, Rep.",YEM,"Population ages 10-14, female",SP.POP.1014.FE,2100456,2135605,2173185,2223187,2282955,2354494
"Yemen, Rep.",YEM,"Population ages 15-19, male",SP.POP.1519.MA,1942727,1986363,2036647,2088101,2138047,2184874
"Yemen, Rep.",YEM,"Population ages 20-24, female",SP.POP.2024.FE,1660581,1681090,1713602,1753037,1794594,1835856
"Yemen, Rep.",YEM,"Population ages 20-24, male",SP.POP.2024.MA,1715934,1738137,1774152,1818375,1864313,1908905
"Yemen, Rep.",YEM,"Population ages 25-29, female",SP.POP.2529.FE,1566295,1580609,1589994,1602183,1616619,1635552
"Yemen, Rep.",YEM,"Population ages 25-29, male",SP.POP.2529.MA,1606531,1618332,1626516,1639723,1656765,1679522
"Yemen, Rep.",YEM,"Population ages 30-34, female",SP.POP.3034.FE,1341917,1384012,1426863,1469690,1509247,1543230
"Yemen, Rep.",YEM,"Population ages 30-34, male",SP.POP.3034.MA,1376187,1415735,1457024,1499608,1539267,1573576
"Yemen, Rep.",YEM,"Population ages 35-39, female",SP.POP.3539.FE,1068621,1118095,1169083,1221114,1272168,1321449
"Yemen, Rep.",YEM,"Population ages 35-39, male",SP.POP.3539.MA,1103981,1150383,1198433,1248500,1298416,1347199
"Yemen, Rep.",YEM,"Population ages 40-44, female",SP.POP.4044.FE,805574,848448,895122,945919,997852,1049927
"Yemen, Rep.",YEM,"Population ages 40-44, male",SP.POP.4044.MA,831749,875310,922477,973839,1025889,1077340
"Yemen, Rep.",YEM,"Population ages 45-49, female",SP.POP.4549.FE,615485,642741,673030,707003,745189,787431
"Yemen, Rep.",YEM,"Population ages 45-49, male",SP.POP.4549.MA,625129,653216,684719,720562,760978,805473
"Yemen, Rep.",YEM,"Population ages 50-54, female",SP.POP.5054.FE,477860,499047,521103,544708,569779,596465
"Yemen, Rep.",YEM,"Population ages 50-54, male",SP.POP.5054.MA,471973,493798,516831,541979,568816,597239
"Yemen, Rep.",YEM,"Population ages 55-59, female",SP.POP.5559.FE,358932,376073,394670,414871,435731,457100
"Yemen, Rep.",YEM,"Population ages 55-59, male",SP.POP.5559.MA,340428,357209,375967,396822,418626,441121
"Yemen, Rep.",YEM,"Population ages 60-64, female",SP.POP.6064.FE,264566,276660,289653,303986,319464,335922
"Yemen, Rep.",YEM,"Population ages 60-64, male",SP.POP.6064.MA,238234,249264,261574,275558,290845,307171
"Yemen, Rep.",YEM,"Population ages 65 and above, female",SP.POP.65UP.FE.IN,520059,529477,541435,557942,577323,598335
"Yemen, Rep.",YEM,"Population ages 65 and above, male",SP.POP.65UP.MA.IN,400153,406042,415695,429792,446605,464955
Zambia,ZMB,"Population ages 10-14, male",SP.POP.1014.MA,1240421,1273968,1303989,1330827,1354487,1375400
Zambia,ZMB,"Population ages 15-19, female",SP.POP.1519.FE,1050977,1088094,1127146,1166823,1205367,1240877
Zambia,ZMB,"Population ages 10-14, female",SP.POP.1014.FE,1246781,1279223,1308365,1334611,1357777,1378279
Zambia,ZMB,"Population ages 15-19, male",SP.POP.1519.MA,1038296,1076070,1115778,1156395,1196212,1232866
Zambia,ZMB,"Population ages 20-24, female",SP.POP.2024.FE,897915,925056,952390,980932,1011193,1043580
Zambia,ZMB,"Population ages 20-24, male",SP.POP.2024.MA,884648,910956,937120,964857,995292,1028128
Zambia,ZMB,"Population ages 25-29, female",SP.POP.2529.FE,766150,789249,813112,838568,865528,892840
Zambia,ZMB,"Population ages 25-29, male",SP.POP.2529.MA,757725,778995,800671,824265,850213,876717
Zambia,ZMB,"Population ages 30-34, female",SP.POP.3034.FE,660292,679174,697565,716876,738117,760812
Zambia,ZMB,"Population ages 30-34, male",SP.POP.3034.MA,660806,677362,692976,709639,728714,749419
Zambia,ZMB,"Population ages 35-39, female",SP.POP.3539.FE,550646,571778,592478,612869,633262,653352
Zambia,ZMB,"Population ages 35-39, male",SP.POP.3539.MA,556378,576228,595040,613478,631982,649969
Zambia,ZMB,"Population ages 40-44, female",SP.POP.4044.FE,447765,464745,482218,500978,520961,542075
Zambia,ZMB,"Population ages 40-44, male",SP.POP.4044.MA,448129,465980,483743,502619,522482,542948
Zambia,ZMB,"Population ages 45-49, female",SP.POP.4549.FE,343292,362111,381130,400501,419639,437806
Zambia,ZMB,"Population ages 45-49, male",SP.POP.4549.MA,331008,351145,371437,392329,413072,432642
Zambia,ZMB,"Population ages 50-54, female",SP.POP.5054.FE,250709,264531,279531,296051,313677,332284
Zambia,ZMB,"Population ages 50-54, male",SP.POP.5054.MA,228589,242787,258332,275809,294685,314637
Zambia,ZMB,"Population ages 55-59, female",SP.POP.5559.FE,184827,193784,203463,214299,226122,239049
Zambia,ZMB,"Population ages 55-59, male",SP.POP.5559.MA,158366,167076,176534,187364,199393,212621
Zambia,ZMB,"Population ages 60-64, female",SP.POP.6064.FE,133673,140211,147270,155098,163385,172038
Zambia,ZMB,"Population ages 60-64, male",SP.POP.6064.MA,105283,111508,118298,125935,134095,142588
Zambia,ZMB,"Population ages 65 and above, female",SP.POP.65UP.FE.IN,207418,215666,224994,236131,248172,261122
Zambia,ZMB,"Population ages 65 and above, male",SP.POP.65UP.MA.IN,137228,142485,149063,157387,166778,177167
Zimbabwe,ZWE,"Population ages 10-14, male",SP.POP.1014.MA,1005002,1040235,1079231,1113806,1135537,1142288
Zimbabwe,ZWE,"Population ages 15-19, female",SP.POP.1519.FE,885866,896052,906110,920100,943082,976099
Zimbabwe,ZWE,"Population ages 10-14, female",SP.POP.1014.FE,997927,1032355,1070285,1103701,1124766,1131147
Zimbabwe,ZWE,"Population ages 15-19, male",SP.POP.1519.MA,871076,884655,898981,917898,944594,980182
Zimbabwe,ZWE,"Population ages 20-24, female",SP.POP.2024.FE,694829,731144,764629,793145,818494,840161
Zimbabwe,ZWE,"Population ages 20-24, male",SP.POP.2024.MA,630604,674061,716574,755294,789384,818224
Zimbabwe,ZWE,"Population ages 25-29, female",SP.POP.2529.FE,559322,558521,563370,577438,605579,643899
Zimbabwe,ZWE,"Population ages 25-29, male",SP.POP.2529.MA,467461,469221,477296,496153,530404,575646
Zimbabwe,ZWE,"Population ages 30-34, female",SP.POP.3034.FE,566607,539092,524402,520273,517019,516295
Zimbabwe,ZWE,"Population ages 30-34, male",SP.POP.3034.MA,469224,447733,435397,429666,425833,425249
Zimbabwe,ZWE,"Population ages 35-39, female",SP.POP.3539.FE,606342,617483,608929,584569,558047,531522
Zimbabwe,ZWE,"Population ages 35-39, male",SP.POP.3539.MA,499047,510091,503258,482226,457654,433943
Zimbabwe,ZWE,"Population ages 40-44, female",SP.POP.4044.FE,458367,485570,511749,533822,554848,573658
Zimbabwe,ZWE,"Population ages 40-44, male",SP.POP.4044.MA,334865,366240,395944,421299,444745,464247
Zimbabwe,ZWE,"Population ages 45-49, female",SP.POP.4549.FE,302401,327951,353656,379799,406415,431531
Zimbabwe,ZWE,"Population ages 45-49, male",SP.POP.4549.MA,198161,215127,234431,256289,281277,307838
Zimbabwe,ZWE,"Population ages 50-54, female",SP.POP.5054.FE,194193,209768,226107,242953,260917,281724
Zimbabwe,ZWE,"Population ages 50-54, male",SP.POP.5054.MA,144079,147816,152257,158229,166596,178080
Zimbabwe,ZWE,"Population ages 55-59, female",SP.POP.5559.FE,149598,150545,153321,158640,167139,178350
Zimbabwe,ZWE,"Population ages 55-59, male",SP.POP.5559.MA,118717,119694,120945,122368,124190,126292
Zimbabwe,ZWE,"Population ages 60-64, female",SP.POP.6064.FE,155307,151575,146765,141651,137351,134587
Zimbabwe,ZWE,"Population ages 60-64, male",SP.POP.6064.MA,114864,111899,108545,105184,102600,101180
Zimbabwe,ZWE,"Population ages 65 and above, female",SP.POP.65UP.FE.IN,326235,335662,344385,353070,359728,364453
Zimbabwe,ZWE,"Population ages 65 and above, male",SP.POP.65UP.MA.IN,229887,232717,235423,238194,239385,239245
,,,,,,,,,
,,,,,,,,,
,,,,,,,,,
Data from database: Population estimates and projections,,,,,,,,,
Last Updated: 05/13/2025,,,,,,,,,
