date,iso3,Ins_13_14_men,Ins_13_14_women,Ins_14_15_men,Ins_14_15_women,Ins_15_16_men,Ins_15_16_women,Ins_16_17_men,Ins_16_17_women,Ins_17_18_men,Ins_17_18_women,Ins_18_19_men,Ins_18_19_women,Ins_19_20_men,Ins_19_20_women,Ins_15_19_men,Ins_15_19_women,Ins_20_24_men,Ins_20_24_women,Ins_25_29_men,Ins_25_29_women,Ins_30_34_men,Ins_30_34_women,Ins_35_39_men,Ins_35_39_women,Ins_40_44_men,Ins_40_44_women,Ins_45_49_men,Ins_45_49_women,Ins_50_54_men,Ins_55_59_men,Ins_55_59_women,Ins_60_64_men,Ins_60_64_women,Ins_65_999_men,Ins_65_999_women,Ins_18_23_men,Ins_18_23_women,Ins_20_999_men,Ins_20_999_women,Ins_20_64_men,Ins_20_64_women,Ins_21_999_men,Ins_21_999_women,Ins_25_999_men,Ins_25_999_women,Ins_25_49_men,Ins_25_49_women,Ins_25_64_men,Ins_25_64_women,Ins_60_999_men,Ins_60_999_women,Ins_50_999_men,Ins_50_999_women,Ins_android_device_users_men,Ins_iOS_device_users_men,Ins_all_menobile_device_users_men,Ins_android_device_users_women,Ins_iOS_device_users_women,Ins_all_menobile_device_users_women,Ins_18_999_all,Ins_18_999_men,Ins_18_999_women,Ins_50_54_women,Ins_13_14_r,Ins_14_15_r,Ins_15_16_r,Ins_16_17_r,Ins_17_18_r,Ins_18_19_r,Ins_19_20_r,Ins_15_19_r,Ins_20_24_r,Ins_25_29_r,Ins_30_34_r,Ins_35_39_r,Ins_40_44_r,Ins_45_49_r,Ins_55_59_r,Ins_60_64_r,Ins_65_999_r,Ins_18_23_r,Ins_20_999_r,Ins_20_64_r,Ins_21_999_r,Ins_25_999_r,Ins_25_49_r,Ins_25_64_r,Ins_60_999_r,Ins_50_999_r,Ins_android_device_users_r,Ins_iOS_device_users_r,Ins_all_menobile_device_users_r,Ins_18_999_r,Ins_50_54_r
2025-01,AND,1000.0,1000.0,1000.0,1000.0,1000.0,1000.0,1000.0,1000.0,1000.0,1000.0,1000.0,1000.0,1000.0,1000.0,1000.0,1000.0,2933.333333333333,2991.6666666666665,3195.6521739130435,2954.5454545454545,3179.1666666666665,3083.333333333333,2525.0,2650.0,2341.6666666666665,2717.391304347826,2252.1739130434785,2729.1666666666665,1970.8333333333333,1417.391304347826,1762.5,1000.0,1254.1666666666667,1200.0,1513.0434782608695,2182.608695652174,2312.5,21891.304347826088,24052.17391304348,20743.478260869564,22395.652173913044,21516.666666666668,23679.166666666668,18879.166666666668,21037.5,13426.08695652174,14120.833333333334,17662.5,19495.83333333333,2095.6521739130435,2826.086956521739,5473.913043478261,6895.652173913043,5604.166666666667,2958.333333333333,8120.833333333333,6508.333333333333,3695.8333333333335,9137.5,49834.782608695656,22334.78260869565,24469.565217391304,2360.8695652173915,1.0,1.0,1.0,1.0,1.0,1.0,1.0,1.0,1.0082308706133698,0.9278403303470149,0.9693407030456366,1.0523207502374168,1.1594698703279938,1.2129279563116993,1.244616977225673,1.2541666666666669,1.2597547380156076,1.0374101261057782,1.0977215157237297,1.0789255892979022,1.0996034054366668,1.1140536441926825,1.0479206103894287,1.10355841396382,1.3488521375211022,1.2591075418089543,1.1615424684068816,1.249404761904762,1.1251542255070313,1.0941165574109455,1.2010529039991282
2025-01,ARE,1383.3333333333333,1000.0,1391.6666666666667,1000.0,1000.0,1000.0,1000.0,1000.0,38508.333333333336,34341.666666666664,98508.33333333331,78970.83333333333,147795.83333333334,97041.66666666669,98172.72727272728,78539.13043478261,835739.1304347826,421259.0909090909,1247826.0869565215,558418.1818181818,1053043.4782608696,528408.695652174,769766.6666666666,408200.0,473759.0909090909,278654.54545454547,261134.78260869565,152852.38095238095,147213.04347826086,74330.43478260869,42639.13043478261,35752.17391304348,24460.869565217392,53171.42857142857,37113.63636363636,624016.6666666666,344008.3333333333,4883333.333333333,2530434.782608696,4817391.304347826,2508695.652173913,4791666.666666667,2504166.6666666665,4082608.695652174,2112500.0,3791666.6666666665,1933333.3333333333,4037500.0,2070833.3333333333,89537.5,62131.81818181818,310500.0,185808.69565217392,2270833.333333333,764566.6666666666,2741666.6666666665,807291.6666666666,478360.8695652174,1100000.0,8191304.347826087,4963636.363636363,2617391.304347826,81182.60869565218,0.9049586776859504,0.8830956625074272,1.0,1.0,0.880002550103505,0.7919672029960422,0.6489200061744309,0.7882365234193969,0.4987092911667247,0.4464264462809917,0.5008108208344865,0.530691037387952,0.5849555808984584,0.5840157134739274,0.5707783307043746,0.6809769838267882,0.6942892248310318,0.545374130101956,0.5156509743141894,0.5187292776642429,0.5206352594229181,0.5132821682768153,0.5081797542735043,0.5112734158231264,0.6948970396887684,0.5960497690127887,0.355617012516469,0.6256780030664103,0.4013447971781305,0.5234183987330897,0.5488382275751172
2025-01,AFG,1000.0,1000.0,1000.0,1000.0,1000.0,1000.0,1000.0,1000.0,54595.833333333336,19200.0,121608.33333333331,42604.16666666666,137562.5,48412.5,119955.0,42131.81818181818,359875.0,119168.42105263156,266220.0,65445.454545454544,155442.85714285713,26245.0,89560.0,11800.0,34885.0,5445.0,17217.391304347828,3230.4347826086955,11991.666666666666,6847.826086956522,1635.0,4260.0,1075.0,16409.52380952381,4110.0,377608.3333333333,128008.33333333331,950142.105263158,242526.31578947368,941505.0,239515.0,890937.5,217962.5,603045.8333333334,123133.33333333331,563108.695652174,112939.1304347826,585382.6086956522,118870.83333333331,20434.78260869565,5180.952380952381,38810.52631578947,9463.157894736842,669850.0,156804.16666666666,739512.5,111879.16666666669,35841.666666666664,139458.33333333334,1473684.2105263155,1086920.0,286325.0,2695.0,1.0,1.0,1.0,1.0,0.3471632069320283,0.3461353954519315,0.3477964671910413,0.3425940187915338,0.3248505593920018,0.2421493126191137,0.1685442283983181,0.132812695489511,0.1576203303413127,0.1857684995253665,0.2389784815281403,0.2532402003332236,0.2497598949215245,0.3352405116487322,0.2534658077663337,0.2526983704363474,0.2431269279790262,0.2031003304423285,0.1993583664683288,0.2016753326206212,0.2509862766901097,0.2427153043865973,0.1669490439212293,0.2285729702194981,0.1885956352664955,0.2623936710338235,0.2256475744011644
2025-01,ATG,1000.0,1000.0,1000.0,1000.0,1000.0,1000.0,1000.0,1000.0,1000.0,1000.0,1243.4782608695652,1516.6666666666667,1333.3333333333333,1575.0,1233.3333333333333,1516.6666666666667,4058.3333333333335,4695.833333333333,3782.608695652174,4029.1666666666665,3008.333333333333,3513.043478260869,2173.913043478261,2687.5,1581.8181818181818,2056.521739130435,1143.4782608695652,1450.0,1000.0,1000.0,1000.0,1000.0,1000.0,1000.0,1000.0,3995.8333333333335,4679.166666666667,17890.909090909092,21626.08695652174,17317.391304347828,21073.91304347826,17165.217391304348,20816.666666666668,13833.333333333334,16833.333333333332,11612.5,14004.347826086956,13358.333333333334,16320.833333333334,1000.0,1056.5217391304348,2230.4347826086955,2795.6521739130435,10382.608695652174,4065.217391304348,12291.666666666666,11258.333333333334,4941.666666666667,13812.5,43836.36363636364,18952.17391304348,23060.869565217392,1078.2608695652175,1.0,1.0,1.0,1.0,1.0,1.2289297658862877,1.1773643023643023,1.2235576923076923,1.1554447087150577,1.0637080053253158,1.16980416601735,1.2374678102715115,1.2985739750445633,1.2727272727272727,1.0,1.0,1.0,1.1679698619981518,1.215465347383349,1.217053672956507,1.21105645994377,1.2172041834650866,1.2082825446886254,1.2221195871383954,1.056521739130435,1.2533510912527923,1.0846436345569672,1.21492023353105,1.1237824244789876,1.2167040353625629,1.0782608695652174
2025-01,AIA,1000.0,1000.0,1000.0,1000.0,1000.0,1000.0,1000.0,1000.0,1000.0,1000.0,1000.0,1000.0,1000.0,1000.0,1000.0,1000.0,1000.0,1000.0,1000.0,1000.0,1000.0,1000.0,1000.0,1000.0,1000.0,1000.0,1000.0,1000.0,1000.0,1000.0,1000.0,1000.0,1000.0,1000.0,1000.0,1000.0,1000.0,3282.608695652174,3878.2608695652175,3182.608695652174,3760.869565217392,3191.6666666666665,3725.0,2704.1666666666665,3150.0,2230.4347826086955,2556.521739130435,2591.6666666666665,3041.6666666666665,1000.0,1000.0,1000.0,1000.0,1616.6666666666667,1000.0,2175.0,1920.8333333333333,1241.6666666666667,2529.1666666666665,7856.521739130435,3431.818181818182,4056.521739130435,1000.0,1.0,1.0,1.0,1.0,1.0,1.0,1.0,1.0,1.0,1.0,1.0,1.0,1.0,1.0,1.0,1.0,1.0,1.0,1.1811833054061205,1.1816223748201309,1.1663228264790766,1.1649581128747797,1.13900467121811,1.1737556257483794,1.0,1.0,1.188878676470588,1.2416666666666667,1.1631493506493509,1.1796303369832783,1.0
2025-01,ALB,1000.0,1000.0,1000.0,1000.0,1000.0,1000.0,1000.0,1000.0,11791.666666666666,11554.166666666666,27313.043478260868,26575.0,31617.391304347828,31708.33333333333,26937.5,26595.83333333333,115045.83333333331,111954.16666666669,118921.73913043478,100983.33333333331,104012.5,84537.5,77825.0,61839.13043478261,51966.66666666666,44191.66666666666,37087.5,32862.5,29058.33333333333,22983.33333333333,22766.666666666668,18195.83333333333,18241.666666666668,25354.166666666668,21925.0,98154.16666666669,101250.0,606140.9090909091,520595.652173913,580373.9130434783,498873.9130434783,589695.8333333334,505295.8333333333,486439.1304347826,408237.5,390762.5,320317.39130434784,461416.6666666667,387391.6666666667,43386.95652173913,40204.34782608696,95430.43478260867,91130.43478260867,273343.4782608696,110250.0,333300.0,187945.8333333333,82313.04347826086,234133.3333333333,1295652.1739130437,633922.7272727273,547469.5652173914,27991.666666666668,1.0,1.0,1.0,1.0,0.9528658075020656,0.9752522617972664,0.973962875870671,0.9636670841614696,0.9571985005016778,0.8395709707867952,0.8095450735879935,0.793608294961791,0.8474972051830099,0.8822664057388194,0.9867123452943282,1.0002418567541096,0.8629475654843771,1.012463282099436,0.8503038491270126,0.8544254053181233,0.8520394264144838,0.8328788954935055,0.8106309765359023,0.8358978358050372,0.9243183401375906,0.9519459874037792,0.687594459653229,0.7467008577640112,0.702477328878656,0.8544231442741395,0.9591794376620644
2025-01,ARM,1000.0,1000.0,1000.0,1000.0,1000.0,1000.0,1000.0,1000.0,18583.33333333333,21150.0,39991.66666666666,44791.30434782609,44100.0,48195.833333333336,40062.5,45050.0,136237.5,132545.83333333334,109200.0,100326.08695652174,96808.33333333331,99737.5,72183.33333333333,89233.33333333333,50513.04347826087,75116.66666666667,32329.166666666668,55904.16666666666,19775.0,13216.666666666666,32120.83333333333,10937.5,30808.33333333333,16152.173913043478,41062.5,132691.66666666666,137395.83333333334,554516.6666666666,688413.0434782609,538658.3333333334,653875.0,532379.1666666666,666716.6666666666,417716.6666666667,558391.6666666666,357843.4782608696,419721.7391304348,401533.3333333333,520958.3333333333,27104.166666666668,71262.5,60425.0,144500.0,284091.6666666667,123269.56521739133,350812.5,362604.1666666667,168113.04347826086,449020.8333333333,1400000.0,593956.5217391305,728045.8333333334,40929.16666666666,1.0,1.0,1.0,1.0,1.127819997161921,1.114673846032714,1.0844000011988093,1.1149196231994958,0.9667115299264598,0.9195230668945223,1.0290737338267186,1.2370916533510197,1.4840583060936827,1.7296125753312463,2.431283043541024,2.819025404017834,2.546101925469753,1.0289633009309018,1.2444846166173915,1.2130595055003088,1.252139532753923,1.3363900076926418,1.1628956055970483,1.2971258881760066,2.631040911830133,2.3919279348980838,1.2765011409974094,1.3638705597210306,1.2799869138488418,1.2229331814154651,2.068937912646968
2025-01,ANT,1000.0,1000.0,1000.0,1000.0,1000.0,1000.0,1000.0,1000.0,1000.0,1000.0,1000.0,1000.0,1000.0,1000.0,1000.0,1000.0,1000.0,1000.0,1000.0,1000.0,1000.0,1000.0,1000.0,1000.0,1000.0,1000.0,1000.0,1000.0,1000.0,1000.0,1000.0,1000.0,1000.0,1000.0,1000.0,1000.0,1000.0,1000.0,1000.0,1000.0,1000.0,1000.0,1000.0,1000.0,1000.0,1000.0,1000.0,1000.0,1000.0,1000.0,1000.0,1000.0,1000.0,1000.0,1000.0,1000.0,1000.0,1000.0,1000.0,1000.0,1000.0,1000.0,1000.0,1.0,1.0,1.0,1.0,1.0,1.0,1.0,1.0,1.0,1.0,1.0,1.0,1.0,1.0,1.0,1.0,1.0,1.0,1.0,1.0,1.0,1.0,1.0,1.0,1.0,1.0,1.0,1.0,1.0,1.0,1.0
2025-01,AGO,1000.0,1000.0,1000.0,1000.0,1000.0,1000.0,1000.0,1000.0,24479.166666666668,21562.5,53512.5,45904.16666666666,58595.833333333336,46295.833333333336,53583.333333333336,45937.5,147858.33333333334,112766.66666666669,111075.0,97004.34782608696,64641.66666666666,57058.333333333336,48279.16666666666,41058.333333333336,29473.91304347826,25062.5,17787.5,14979.166666666666,9373.91304347826,6150.0,4787.5,4179.166666666667,3620.8333333333335,17833.333333333332,12658.333333333334,158037.5,127654.16666666669,445720.8333333333,377683.3333333333,430466.6666666667,366683.3333333333,417429.1666666667,355150.0,305270.8333333333,263887.5,270200.0,236066.66666666663,288525.0,252183.3333333333,22016.666666666668,16426.08695652174,37300.0,29170.83333333333,325508.3333333333,93454.16666666669,349491.6666666667,256645.8333333333,94434.78260869563,280108.3333333333,966445.8333333334,495045.8333333333,426162.5,7550.0,1.0,1.0,1.0,1.0,0.8792310491633328,0.8558965401428185,0.7886668183002458,0.8553881783419793,0.7615999712010989,0.8744188697944297,0.8824250839711977,0.8499133344998896,0.8486413790889771,0.8411887814019323,0.7776288399794894,0.8654221645347716,0.7096959325046348,0.8062947082266007,0.8466214420154605,0.8510113499386617,0.8501502729371057,0.864028730222783,0.8733520325286063,0.8735532278399547,0.7443759721674613,0.7815835669935288,0.7884489716375408,1.010417392290945,0.8014992672002109,0.8599826169325757,0.8035667715434411
2025-01,ATA,1000.0,1000.0,1000.0,1000.0,1000.0,1000.0,1000.0,1000.0,1000.0,1000.0,1000.0,1000.0,1000.0,1000.0,1000.0,1000.0,1000.0,1000.0,1000.0,1000.0,1000.0,1000.0,1000.0,1000.0,1000.0,1000.0,1000.0,1000.0,1000.0,1000.0,1000.0,1000.0,1000.0,1000.0,1000.0,1000.0,1000.0,1000.0,1000.0,1000.0,1000.0,1000.0,1000.0,1000.0,1000.0,1000.0,1000.0,1000.0,1000.0,1000.0,1000.0,1000.0,1000.0,1000.0,1000.0,1000.0,1000.0,1000.0,1000.0,1000.0,1000.0,1000.0,1000.0,1.0,1.0,1.0,1.0,1.0,1.0,1.0,1.0,1.0,1.0,1.0,1.0,1.0,1.0,1.0,1.0,1.0,1.0,1.0,1.0,1.0,1.0,1.0,1.0,1.0,1.0,1.0,1.0,1.0,1.0,1.0
2025-01,ARG,1000.0,1000.0,1787.5,1000.0,2016.6666666666667,1000.0,1116.6666666666667,1133.3333333333333,327983.3333333333,402441.6666666667,688254.1666666666,842879.1666666666,751500.0,892791.6666666666,688820.8333333334,843850.0,2450000.0,2845833.333333333,2152173.913043478,2300000.0,1779166.6666666667,2000000.0,1354166.6666666667,1658333.3333333333,1151860.8695652173,1458333.3333333333,930162.5,1258333.3333333333,661320.8333333334,445070.8333333333,687720.8333333334,329143.4782608696,569479.1666666666,550708.3333333334,1061300.0,2262500.0,2725000.0,11812500.0,14833333.333333334,11262500.0,13745833.333333334,11404166.666666666,14329166.666666666,9375000.0,11920833.333333334,7373913.043478261,8754166.666666666,8841666.666666666,10858333.333333334,879487.5,1630434.7826086956,2020833.3333333333,3145833.333333333,6962500.0,925212.5,7800000.0,9091666.666666666,1100000.0,9900000.0,30300000.0,12495454.545454543,15625000.0,933304.3478260868,1.0,0.8624470659407139,0.8271032209883759,1.0192411754911757,1.2231678927327934,1.2222355055432903,1.1824211740363406,1.2226438211916102,1.1584041835357624,1.071136263824011,1.12369943957115,1.2256181318681318,1.2662187035382713,1.3524862901043724,1.5458164997838395,1.7290227838991066,1.92804315511678,1.2025832978118782,1.2553126814874431,1.2198803037718071,1.256101626549962,1.2722674760787769,1.1861934800078393,1.2285936809735898,1.8429104484050705,1.557010582010582,1.3058747412008282,1.1889675601896,1.2692307692307692,1.2452500181198354,1.4123387705718933
2025-01,ASM,1000.0,1000.0,1000.0,1000.0,1000.0,1000.0,1000.0,1000.0,1000.0,1000.0,1000.0,1241.6666666666667,1000.0,1195.8333333333333,1000.0,1241.6666666666667,1900.0,2404.1666666666665,1000.0,1316.6666666666667,1000.0,1000.0,1000.0,1000.0,1000.0,1000.0,1000.0,1000.0,1000.0,1000.0,1000.0,1000.0,1000.0,1000.0,1000.0,2356.521739130435,3083.333333333333,4908.695652173913,7016.666666666667,4775.0,6900.0,4495.833333333333,6458.333333333333,2975.0,4604.166666666667,2560.8695652173915,3929.1666666666665,2870.833333333333,4437.5,1000.0,1000.0,1000.0,1000.0,2425.0,1895.8333333333333,3350.0,2962.5,2583.333333333333,4000.0,15300.0,5804.545454545455,8408.695652173914,1000.0,1.0,1.0,1.0,1.0,1.0,1.2416666666666667,1.1958333333333333,1.2416666666666667,1.2621436403508772,1.3166666666666669,1.0,1.0,1.0,1.0,1.0,1.0,1.0,1.3024760388684375,1.4386110301857915,1.4444745675471369,1.436206921361688,1.5487811718623732,1.5339533574316182,1.5468746579091406,1.0,1.0,1.2221890096618355,1.3631335282651074,1.1942587641117053,1.4331547687682604,1.0
2025-01,AUT,1000.0,1000.0,1000.0,1000.0,1000.0,1000.0,1000.0,1000.0,20104.166666666668,22604.166666666668,55566.66666666666,62691.66666666666,81275.0,92375.0,55575.0,62687.5,340125.0,345225.0,287291.6666666667,275520.8333333333,235091.66666666663,248654.16666666663,177308.69565217392,204808.3333333333,144482.60869565216,179108.33333333334,111866.66666666669,142679.16666666666,95804.16666666669,76766.66666666667,96666.66666666669,48283.333333333336,60500.0,58595.833333333336,67116.66666666667,281825.0,304575.0,1512500.0,1691666.6666666667,1504166.6666666667,1604166.6666666667,1512500.0,1654166.6666666667,1227420.8333333333,1333333.3333333333,944600.0,1036220.8333333334,1143137.5,1295833.3333333333,107654.16666666669,126833.33333333331,274795.8333333333,345425.0,352762.5,211508.3333333333,499587.5,381125.0,231820.8333333333,531400.0,3608333.3333333335,1591666.6666666667,1770833.3333333333,123429.16666666669,1.0,1.0,1.0,1.0,1.115424753213246,1.1191078442196574,1.1300032201249726,1.1188855783456473,1.008733573341056,0.9575890946432862,1.058263392158026,1.1520506488922004,1.2364979723221068,1.2736511654738516,1.2550134007057194,1.2506651391964856,1.143724628137626,1.075625441616883,1.1166666666666667,1.0650410353535351,1.0888888888888888,1.088693888849005,1.0962728189588598,1.1309774946447304,1.1761849901072414,1.253774431670436,1.0804359635694871,1.096065633797192,1.0636934869755268,1.1108047385620916,1.2873015422407277
2025-01,AUS,1000.0,1000.0,1000.0,1800.0,1000.0,1812.5,1000.0,1016.6666666666666,134291.66666666666,186629.16666666663,292773.9130434783,388912.5,334613.04347826086,412295.8333333333,293925.0,389241.6666666667,1212975.0,1296145.8333333333,1062350.0,1142916.6666666667,909058.3333333334,1055083.3333333333,702983.3333333334,861383.3333333334,549545.8333333334,695925.0,402566.6666666667,552137.5,333566.6666666667,250183.3333333333,404516.6666666667,182787.5,315016.6666666667,303275.0,515158.3333333333,1040500.0,1282708.3333333333,5912500.0,7291666.666666667,5625000.0,6708333.333333333,5729166.666666667,7108333.333333333,4695833.333333333,5991666.666666667,3608695.652173913,4291666.666666667,4408333.333333333,5433333.333333333,484295.8333333333,828904.1666666666,1057573.9130434785,1737500.0,1700000.0,1900000.0,3100000.0,1700000.0,2500000.0,3700000.0,15012500.0,6234782.608695652,7725000.0,509078.2608695653,1.0,1.8,1.8125,1.0166666666666666,1.3828180542362434,1.3179643636376246,1.222885787369966,1.318066532364278,1.0660320133910044,1.074237626442933,1.1597464025372477,1.2257866779147495,1.267578389109463,1.3729658430146294,1.6185868155941838,1.7247448893898332,1.7003251809190203,1.2269965323533296,1.2331702399141031,1.1930948363671905,1.2407533815001826,1.2764929349399334,1.1882006942352406,1.232644330413209,1.713022834554316,1.6410157430177097,1.0,1.3157894736842106,1.1935483870967742,1.2364427088611871,1.5294529799117569
2025-01,ABW,1000.0,1000.0,1000.0,1000.0,1000.0,1000.0,1000.0,1000.0,1000.0,1000.0,1154.1666666666667,1554.1666666666667,1279.1666666666667,1575.0,1154.1666666666667,1552.1739130434785,4579.166666666667,4837.5,4321.739130434783,4333.333333333333,4050.0,4333.333333333333,3441.6666666666665,3916.6666666666665,2804.1666666666665,3437.5,2233.333333333333,3020.833333333333,1854.1666666666667,1554.1666666666667,2212.5,1237.5,1925.0,1683.3333333333333,2433.333333333333,4000.0,4604.166666666667,27950.0,33783.333333333336,26054.166666666668,31166.666666666668,27245.83333333333,32920.833333333336,23445.83333333333,28725.0,16945.833333333332,19195.83333333333,21687.5,26125.0,2937.5,4366.666666666667,6366.666666666667,9295.833333333334,14245.833333333334,6487.5,17929.166666666668,17475.0,8404.166666666666,21845.83333333333,66617.39130434782,29030.434782608696,35225.0,2643.478260869565,1.0,1.0,1.0,1.0,1.0,1.341540404040404,1.2303113553113552,1.341897233201581,1.0563962816213956,1.0,1.0703796457607433,1.1387706068090315,1.2266971390678287,1.353919631093544,1.4238343253968253,1.5568424630924629,1.444818899782135,1.145528033583226,1.2098513810483424,1.1971549186373067,1.2094217228490511,1.2258291027186248,1.1334456872437628,1.2054272196154387,1.4864630110273416,1.4604323866647615,1.2267019154740713,1.2955919948107448,1.2184833237821466,1.213492298947741,1.4241486068111455
2025-01,AZE,1000.0,1000.0,1000.0,1000.0,1000.0,1000.0,1000.0,1225.0,59008.333333333336,55695.833333333336,131954.16666666666,123395.83333333331,153525.0,137579.16666666666,132087.5,123475.0,437366.6666666667,372729.1666666667,378537.5,300516.6666666667,360395.8333333333,275675.0,255212.5,203854.16666666663,172079.16666666666,147362.5,106141.66666666669,98550.0,70720.83333333333,55562.5,67833.33333333333,46554.16666666666,57837.5,52770.833333333336,61875.0,437770.8333333333,390516.6666666667,1900000.0,1674462.5,1845833.3333333333,1601095.8333333333,1825000.0,1592495.8333333333,1466666.6666666667,1310316.6666666667,1253854.1666666667,1022137.5,1428058.3333333333,1249162.5,100262.5,121212.5,222579.16666666663,267395.8333333333,601556.5217391305,114870.83333333331,814029.1666666666,338654.1666666667,83750.0,477912.5,4291666.666666667,2033333.3333333333,1781437.5,77004.16666666667,1.0,1.0,1.0,1.225,0.9211908872554896,0.9126940384803026,0.8757691397774229,0.9123304014656552,0.8359988974016418,0.7814530755833871,0.7552708935881204,0.7879252656693708,0.8443778394944647,0.9140641212150032,1.2016574775836644,1.226906431603204,1.1593959341380862,0.8734300606332054,0.8623991332847167,0.8549335558447401,0.8600088609611637,0.8808027777777778,0.8039745385056037,0.8625794035071208,1.1944477379381175,1.1835562005979103,0.562889379597971,0.7290848910539869,0.5870900220065924,0.8623488573624444,1.0703627474220705
2025-01,BIH,1000.0,1000.0,1000.0,1000.0,1000.0,1000.0,1000.0,1000.0,13350.0,16395.833333333332,29329.166666666668,36837.5,32666.666666666668,40091.66666666666,29350.0,36858.333333333336,112904.16666666669,122412.5,110683.33333333331,105466.66666666669,80158.33333333333,78341.66666666667,58945.833333333336,65383.333333333336,48758.333333333336,60220.833333333336,36016.666666666664,44466.66666666666,24420.83333333333,16216.666666666666,22141.666666666668,11137.5,16545.833333333332,16670.833333333332,19737.5,99783.33333333331,120000.0,516495.8333333333,560883.3333333334,498008.3333333333,541195.8333333334,498750.0,542504.1666666666,404508.3333333333,445237.5,332009.0909090909,361600.0,386920.8333333333,425458.3333333333,28058.33333333333,36083.333333333336,69383.33333333333,88100.0,300695.652173913,60883.333333333336,326837.5,319933.3333333333,71945.83333333333,349041.6666666667,1200000.0,542604.1666666666,599570.8333333334,31058.33333333333,1.0,1.0,1.0,1.0,1.2175863729781933,1.2443827871878552,1.2176701394487652,1.2442061175996475,1.0781153820691514,0.9521502749643052,0.9774141335534544,1.1099120914776792,1.2347772120390357,1.2341542346070684,1.364184802396867,1.4845978874660075,1.1839884781958925,1.1944047272056255,1.0847175215445275,1.0855386250670842,1.086601904269049,1.1003455497378092,1.0772662798835926,1.0993846487194152,1.2856391125591329,1.2689538529216884,1.0638641234115125,1.181702436812568,1.0679609593161177,1.1032013965205367,1.2706411344104405
2025-01,BRB,1000.0,1000.0,1000.0,1000.0,1000.0,1000.0,1000.0,1000.0,1620.8333333333333,2158.333333333333,3491.6666666666665,4562.5,3883.3333333333335,4941.666666666667,3491.6666666666665,4562.5,13895.833333333334,16775.0,12637.5,14208.333333333334,11779.166666666666,12883.333333333334,8895.833333333334,10730.434782608696,7791.666666666667,9716.666666666666,6062.5,7712.5,5362.5,3987.5,5570.833333333333,3137.5,4616.666666666667,4258.333333333333,5562.5,12500.0,15954.166666666666,78052.17391304347,92950.0,73112.5,87658.33333333333,75216.66666666667,90241.66666666669,63812.5,76212.5,47008.333333333336,54237.5,59504.16666666666,70983.33333333333,7441.666666666667,10158.333333333334,16695.833333333332,22608.33333333333,38441.66666666666,10020.833333333334,46125.0,42333.333333333336,12256.521739130434,51345.833333333336,192562.5,80816.66666666667,97354.16666666669,7204.347826086957,1.0,1.0,1.0,1.0,1.3279838829471182,1.3031306893435042,1.26945782403454,1.3031306893435042,1.204066042986765,1.123025928995279,1.0934409940195382,1.207744236280713,1.247111428976494,1.2729749569734152,1.396744923735598,1.472953434520975,1.3058050745550744,1.2738669213293998,1.2005737291137013,1.1980181278810034,1.1988752228427029,1.1940467648654571,1.15325014194551,1.192491972494394,1.3665015410507737,1.3541641082814149,1.1012921985713633,1.2236256846625213,1.1131934252460811,1.2037846769605418,1.3437409471435935
2025-01,BGD,1000.0,1000.0,1000.0,1000.0,1000.0,1000.0,2391.6666666666665,1554.1666666666667,328691.6666666667,223045.8333333333,743379.1666666666,471516.6666666667,870116.6666666666,494145.8333333333,745570.0,474586.3636363637,2176190.476190476,1068280.0,1172727.2727272727,466804.5454545455,509543.4782608696,191831.57894736843,276509.0909090909,119971.42857142857,142077.27272727274,72673.91304347826,78283.33333333333,39725.0,45041.66666666666,22412.5,10737.5,9891.666666666666,4883.333333333333,21837.5,10457.142857142857,2354166.6666666665,1258333.3333333333,4435000.0,1963157.894736842,4428571.428571428,1950000.0,3950000.0,1750000.0,2250000.0,932775.0,2134782.6086956523,886004.3478260869,2237500.0,921516.6666666666,32358.33333333333,15534.782608695652,99725.0,46770.833333333336,3900000.0,403791.6666666667,4000000.0,1687500.0,169154.16666666666,1704166.6666666667,7913043.478260869,5190000.0,2438095.238095238,20909.090909090908,1.0,1.0,1.0,0.7133480876296968,0.6777074566889477,0.6335475216602456,0.5673281597612753,0.6337918859801838,0.4896571428571429,0.3981587301587301,0.3760920941933875,0.4341308128301763,0.5106416485968025,0.507045085200473,0.4786263367521868,0.4933905361728676,0.4780004702295289,0.5339673913043478,0.4428016682021258,0.4417985228089757,0.4428310244059601,0.4144028130685739,0.4150741440377803,0.4117161600476817,0.478396884583306,0.4685899062420542,0.4325529542920847,0.4189222464105611,0.4260416666666666,0.4687814358804403,0.4622467360843263
2025-01,BEL,1000.0,1000.0,1000.0,1000.0,1000.0,1000.0,1000.0,1000.0,39100.0,42283.333333333336,96304.34782608696,109345.83333333331,124445.83333333331,142500.0,96600.0,109354.16666666669,452558.3333333333,489675.0,386339.1304347826,382875.0,308195.8333333333,337945.8333333333,230670.8333333333,285658.3333333333,207416.66666666663,255766.66666666663,170408.33333333334,219583.3333333333,147479.16666666666,120004.16666666669,167450.0,86658.33333333333,127562.5,127782.60869565218,186754.16666666663,396575.0,439691.6666666667,2208695.652173913,2654166.6666666665,2091666.6666666667,2450000.0,2166666.6666666665,2570833.333333333,1737500.0,2116666.6666666665,1256521.7391304348,1491666.6666666667,1633333.3333333333,1933333.3333333333,215629.16666666663,313216.6666666667,481929.1666666667,679962.5,619141.6666666666,402683.3333333333,869679.1666666666,710462.5,491945.8333333333,995562.5,5425000.0,2320833.333333333,2750000.0,195165.21739130435,1.0,1.0,1.0,1.0,1.0774224073755083,1.1252711427651385,1.1403127708372098,1.1261765924097566,1.0782255853223437,0.9880514035288952,1.09667467986125,1.2383930135753811,1.232930673111527,1.2879105045226156,1.3961217899194474,1.4717215593372686,1.4579581315602443,1.1055000471888468,1.2110137289721412,1.1715049656226129,1.186194240542067,1.217649925467263,1.1802979629066586,1.1848082983193278,1.4523657561079772,1.4110486131497408,1.1475848723981723,1.221649872423442,1.144936400468984,1.1841054856343758,1.325735843844133
2025-01,BFA,1000.0,1000.0,1000.0,1000.0,1000.0,1000.0,1000.0,1000.0,5804.166666666667,2095.833333333333,13470.833333333334,4604.347826086957,15741.666666666666,5258.333333333333,13430.434782608696,4638.095238095239,44875.0,15160.0,34090.47619047619,11226.315789473683,19895.454545454544,6609.090909090909,13186.363636363636,4218.181818181818,7869.565217391304,2447.619047619048,4490.476190476191,1273.6842105263158,2639.1304347826085,1427.2727272727273,1000.0,1010.0,1000.0,3476.470588235294,1388.888888888889,45950.0,15391.666666666666,130911.11111111112,44033.333333333336,128110.0,42455.55555555556,122279.16666666669,41341.66666666666,86687.5,29083.33333333333,78783.33333333333,26208.695652173912,83533.33333333333,27720.83333333333,4470.0,1789.4736842105262,8494.736842105263,2875.0,95721.73913043478,21066.666666666668,105133.33333333331,31295.83333333333,9033.333333333334,35583.333333333336,204900.0,144842.1052631579,48763.15789473684,1000.0,1.0,1.0,1.0,1.0,0.3584382248817077,0.3415335530111595,0.3330856041963637,0.3418090394628356,0.3377737077818152,0.3291889087940467,0.3319545361425284,0.3200508742693606,0.3110715041323802,0.2838849978524543,0.7036019536019535,0.994949494949495,0.3993254342735312,0.3346369341865015,0.3351147388448562,0.3320448349404109,0.3381079925373341,0.3355201509347806,0.3323220851524101,0.3318497094046888,0.3989518692546112,0.3383843876295381,0.326860593834262,0.4288016302341053,0.3384726762559236,0.3365682924128674,0.3787285759507981
2025-01,BGR,1000.0,1000.0,1000.0,1000.0,1000.0,1000.0,1000.0,1000.0,15000.0,16612.5,38213.04347826087,43550.0,48366.66666666666,56608.333333333336,38287.5,43550.0,195233.3333333333,212333.3333333333,163379.16666666666,151891.66666666666,123825.0,126017.39130434782,98145.83333333331,117616.66666666669,76334.78260869565,100579.16666666669,65243.47826086957,91191.66666666669,45116.66666666666,27087.5,41416.66666666666,16204.166666666666,28558.33333333333,25708.33333333333,42545.833333333336,155704.16666666666,179400.0,834083.3333333334,961370.8333333334,808145.8333333334,938104.1666666666,805308.695652174,948620.8333333334,639804.1666666666,763329.1666666666,528287.5,583066.6666666666,615708.3333333334,723033.3333333334,42079.16666666666,70325.0,114604.16666666669,178641.66666666666,319733.3333333333,136760.86956521738,363783.3333333333,395062.5,166050.0,454100.0,1975000.0,875604.3478260869,1042021.7391304348,66529.16666666667,1.0,1.0,1.0,1.0,1.104390668364792,1.134848042084727,1.1681611503254836,1.1353756122550385,1.084008611534068,0.9288164074958224,1.0199688875445962,1.1995463207844124,1.3163681764343924,1.3959502265686867,1.529328148292621,1.7630677155718362,1.6554598873152553,1.1483561094166308,1.1527259423079887,1.159757317246612,1.1744917835066475,1.1930089825371863,1.1035962197901164,1.1743393190028824,1.671384965227288,1.559046335367964,1.235518225444482,1.2135847811355234,1.2481937480945884,1.1991656914928577,1.4748651360284262
2025-01,BHR,1000.0,1000.0,1000.0,1000.0,1000.0,1000.0,1000.0,1000.0,6545.833333333333,7129.166666666667,15579.166666666666,15712.5,19758.33333333333,18775.0,15595.833333333334,15725.0,91287.5,72462.5,122237.5,76008.69565217392,114237.5,67991.66666666667,91404.16666666669,56575.0,64917.391304347824,43420.833333333336,43679.16666666666,29154.166666666668,27966.666666666668,19075.0,13070.833333333334,13133.333333333334,9291.666666666666,17504.347826086956,11066.666666666666,72441.66666666667,62316.66666666666,611300.0,392916.6666666667,594941.6666666666,381741.6666666667,601350.0,382662.5,515741.6666666667,320879.1666666667,438291.3043478261,267637.5,499070.8333333333,309250.0,30954.166666666668,20552.17391304348,79300.0,52558.333333333336,217120.8333333333,63583.333333333336,292841.6666666667,79854.16666666667,37366.66666666666,131129.16666666666,1158333.3333333333,627712.5,409429.1666666667,18762.5,1.0,1.0,1.0,1.0,1.0695877507297178,0.994284407552933,0.9346227602146484,0.9939917401539404,0.780913482258439,0.6180345891902264,0.5928693028531228,0.6164967288636288,0.674358855520369,0.6620591734145654,0.6743042683212722,0.6937430110103171,0.6181600389067997,0.8454535296559387,0.6373172970562079,0.6363857524411702,0.6310026794702913,0.6178390414077143,0.6048064771387053,0.615445466742531,0.6434225230790621,0.6522272855259706,0.3677894545968163,0.5876799236637029,0.447785922259234,0.6464294145814122,0.6624708269954139
2025-01,BDI,1000.0,1000.0,1000.0,1000.0,1000.0,1000.0,1000.0,1000.0,2562.5,1958.3333333333333,6591.304347826087,4787.5,8566.666666666666,5875.0,6608.333333333333,4804.166666666667,26120.83333333333,16208.333333333334,17075.0,9079.166666666666,8179.166666666667,4160.869565217391,4558.333333333333,2375.0,2352.1739130434785,1137.5,1229.1666666666667,1000.0,1000.0,1000.0,1000.0,1000.0,1000.0,2604.1666666666665,2466.6666666666665,24412.5,16020.833333333334,62945.833333333336,36737.5,60250.0,34429.166666666664,58366.66666666666,34045.833333333336,37966.66666666666,21412.5,33429.166666666664,17550.0,35308.333333333336,18750.0,3154.1666666666665,2858.333333333333,4358.333333333333,3608.3333333333335,44112.5,5137.5,46220.833333333336,25208.33333333333,4354.166666666667,27420.83333333333,116408.33333333331,69366.66666666667,41395.833333333336,1000.0,1.0,1.0,1.0,1.0,0.7674321799870046,0.726758060004889,0.6869245489086127,0.7284043836286641,0.6204889676822553,0.5316155545036775,0.5088389542378691,0.520635868207279,0.4857854810595831,0.8219823654606264,1.0,1.0,0.9473789173789174,0.65668124568816,0.5838471802128699,0.5715199254315029,0.5833281508351859,0.5637427568186016,0.5245659824389293,0.5307297488026366,0.906165994623656,0.828212845509357,0.5714504176875456,0.8476150075414782,0.5932582154117124,0.5968556785718846,1.0
2025-01,BEN,1000.0,1000.0,1000.0,1000.0,1000.0,1000.0,1000.0,1000.0,3737.5,2479.1666666666665,9428.57142857143,5730.434782608696,12795.833333333334,7191.666666666667,9383.333333333334,5754.166666666667,42520.833333333336,22291.666666666668,34700.0,20345.83333333333,19612.5,10533.333333333334,10458.333333333334,5500.0,6147.826086956522,3308.333333333333,3304.1666666666665,1908.3333333333333,2247.826086956521,1450.0,1000.0,1162.5,1000.0,2682.608695652174,1733.3333333333333,40633.333333333336,21950.0,125078.26086956522,68795.83333333333,122641.66666666669,67029.16666666667,118212.5,64441.66666666666,82166.66666666667,46404.16666666666,74030.43478260869,41895.454545454544,79525.0,44637.5,3879.1666666666665,2437.5,7554.166666666667,4562.5,78882.60869565218,25112.5,88145.83333333333,36220.833333333336,13254.166666666666,43575.0,225270.8333333333,136562.5,74950.0,1273.9130434782608,1.0,1.0,1.0,1.0,0.6627402782789652,0.6130717134448859,0.5623113183222338,0.6138063094443803,0.5241018606371877,0.5851482376270729,0.5363295456425365,0.5255756103458106,0.5415479544166384,0.5765259555749807,0.7003187784437784,0.8668414918414918,0.6439147078528474,0.5401156789061647,0.5484328804528359,0.5458777089571756,0.5445038342219858,0.563865909620532,0.5621517381521963,0.5604099382455255,0.627689382226685,0.6029829647968311,0.459157104480852,0.5278425964948675,0.4943481792469746,0.5480448056898458,0.5727139181346588
2025-01,BLM,1000.0,1000.0,1000.0,1000.0,1000.0,1000.0,1000.0,1000.0,1000.0,1000.0,1000.0,1000.0,1000.0,1000.0,1000.0,1000.0,1000.0,1000.0,1000.0,1000.0,1000.0,1000.0,1000.0,1000.0,1000.0,1000.0,1000.0,1000.0,1000.0,1000.0,1000.0,1000.0,1000.0,1000.0,1000.0,1000.0,1000.0,1995.8333333333333,1941.6666666666667,1879.1666666666667,1808.3333333333333,1979.1666666666667,1912.5,1816.6666666666667,1800.0,1258.3333333333333,1233.3333333333333,1686.9565217391305,1625.0,1000.0,1000.0,1000.0,1000.0,1000.0,1000.0,1000.0,1000.0,1000.0,1000.0,4062.5,2033.3333333333333,1962.5,1000.0,1.0,1.0,1.0,1.0,1.0,1.0,1.0,1.0,1.0,1.0,1.0,1.0,1.0,1.0,1.0,1.0,1.0,1.0,0.9726747424115846,0.9638745556702212,0.9676152186020608,0.991678849902534,0.981456043956044,0.9623188405797102,1.0,1.0,1.0,1.0,1.0,0.9654882154882156,1.0
2025-01,BMU,1000.0,1000.0,1000.0,1000.0,1000.0,1000.0,1000.0,1000.0,1000.0,1000.0,1000.0,1000.0,1000.0,1000.0,1000.0,1000.0,1725.0,2041.6666666666667,1847.8260869565215,2033.3333333333333,2191.6666666666665,2383.333333333333,1941.6666666666667,2287.5,1712.5,2186.9565217391305,1433.3333333333333,1741.6666666666667,1320.8333333333333,1000.0,1358.3333333333333,1000.0,1258.3333333333333,1079.1666666666667,1737.5,1416.6666666666667,1816.6666666666667,14847.826086956522,18808.33333333333,13762.5,17075.0,14465.217391304348,18533.33333333333,13066.666666666666,16816.666666666668,9100.0,10786.95652173913,12054.166666666666,15070.833333333334,1825.0,3037.5,4120.833333333333,6004.166666666667,4513.04347826087,3720.8333333333335,7500.0,4887.5,5408.333333333333,8983.333333333334,36466.66666666666,15070.833333333334,19270.83333333333,1634.7826086956522,1.0,1.0,1.0,1.0,1.0,1.0,1.0,1.0,1.17484466374269,1.0949329846355018,1.0885302298345776,1.1790844298245613,1.2797669792554702,1.216765873015873,1.3583333333333334,1.2583333333333335,1.6079545454545456,1.2610625179559003,1.277707668212089,1.240911411853123,1.2784804529865552,1.2877804760145688,1.172769949118515,1.2507906786451946,1.6649427387914228,1.458650721972558,1.0822143325220186,1.453739924134661,1.1979821840447291,1.2790733185545624,1.239173869608652
2025-01,BRN,1000.0,1000.0,1000.0,1000.0,1000.0,1000.0,1000.0,1000.0,2670.833333333333,4212.5,6030.434782608696,9208.333333333334,7095.833333333333,10395.833333333334,6050.0,9208.333333333334,25283.33333333333,31645.83333333333,25895.83333333333,27220.83333333333,22345.83333333333,23775.0,16479.166666666668,18450.0,11985.714285714286,14079.166666666666,7787.5,10229.166666666666,5329.166666666667,3345.833333333333,4891.666666666667,2275.0,3391.6666666666665,3612.5,3733.3333333333335,23200.0,31058.33333333333,124654.16666666669,142539.13043478262,120645.83333333331,139633.33333333334,121029.16666666669,137516.66666666666,99337.5,111912.5,84720.83333333333,92943.47826086955,95616.66666666669,108633.33333333331,5875.0,7141.666666666667,14400.0,19025.0,55354.16666666666,18620.83333333333,69741.66666666667,48300.0,20225.0,65579.16666666667,309083.3333333333,131529.16666666666,151695.83333333334,7169.565217391304,1.0,1.0,1.0,1.0,1.5545270423824569,1.4971784346791082,1.4450230217838576,1.4995395896444017,1.2383134830456857,1.0461398466924157,1.0613620183740733,1.1179244832984163,1.188861320474221,1.3119418958844833,1.4580204756928896,1.4873188405797102,1.0310953461950916,1.322403303552432,1.1420283029180311,1.1530849490392678,1.1323822805342074,1.1241049039061617,1.0968468675487204,1.1335675328576986,1.2120857191050165,1.3176123460450078,0.8725726351654736,1.0861800410899085,0.940326873122328,1.1489984796519783,1.3423093095618537
2025-01,BOL,1000.0,1000.0,1000.0,1000.0,1000.0,1000.0,1000.0,1000.0,52437.5,65600.0,118541.66666666669,139479.16666666666,125812.5,145070.83333333334,118654.16666666669,139725.0,352920.8333333333,377037.5,238721.7391304348,234183.3333333333,153341.66666666666,154943.47826086957,97441.66666666669,105445.83333333331,62577.27272727273,68991.66666666667,41291.66666666666,47917.391304347824,26408.695652173912,16833.333333333332,20575.0,11950.0,14754.166666666666,20373.91304347826,21966.666666666668,355537.5,404620.8333333333,1039395.8333333334,1079166.6666666667,984800.0,1075254.1666666667,966183.3333333334,986945.8333333334,667375.0,701133.3333333334,591208.695652174,607350.0,645370.8333333334,677229.1666666666,32450.0,37008.333333333336,74983.33333333333,89287.5,813408.3333333334,98521.73913043478,862850.0,862175.0,113225.0,918783.3333333334,2450000.0,1165217.391304348,1220833.3333333333,32091.304347826088,1.0,1.0,1.0,1.0,1.251770497536996,1.1771265817932852,1.152845829979395,1.1780917081114457,1.0681541078560255,0.9801553794752904,1.0117081523904898,1.0824046842324566,1.1049681740570454,1.16111730531234,1.2221945802435097,1.2346275542960707,1.0774738575697993,1.1380320450877015,1.0403596293856725,1.0913504058488843,1.0220096833780787,1.0506935184052408,1.0270689361959346,1.0495798252777295,1.1403060377361414,1.1908448526548454,1.0599640164866355,1.1490775567011042,1.064830849309135,1.0488801054018446,1.2151429539550824
2025-01,BES,1000.0,1000.0,1000.0,1000.0,1000.0,1000.0,1000.0,1000.0,1000.0,1000.0,1000.0,1000.0,1000.0,1000.0,1000.0,1000.0,1000.0,1000.0,1000.0,1073.9130434782608,1000.0,1078.2608695652175,1000.0,1000.0,1000.0,1000.0,1000.0,1000.0,1000.0,1000.0,1000.0,1000.0,1000.0,1000.0,1000.0,1000.0,1000.0,5795.454545454545,6730.434782608696,5486.95652173913,6417.391304347826,5662.5,6637.5,4912.5,5833.333333333333,3726.086956521739,4312.5,4625.0,5487.5,1000.0,1000.0,1178.2608695652175,1508.695652173913,3217.391304347826,1545.8333333333333,3987.5,3383.333333333333,2004.1666666666667,4462.5,13286.95652173913,5939.130434782609,6934.782608695652,1000.0,1.0,1.0,1.0,1.0,1.0,1.0,1.0,1.0,1.0,1.0739130434782609,1.0782608695652174,1.0,1.0,1.0,1.0,1.0,1.0,1.0,1.1653250904004109,1.169320811328484,1.1719948912044973,1.187218278615794,1.1561718632656848,1.1862536376935455,1.0,1.2803030303030305,1.0516875451570404,1.2977430555555556,1.1193832768287195,1.1675918797528664,1.0
2025-01,BRA,1095.8333333333333,1000.0,1162.5,1004.1666666666666,4725.0,1395.8333333333333,4279.166666666667,4225.0,1504166.6666666667,1929166.6666666667,3295833.333333333,4137500.0,3550000.0,4500000.0,3295833.333333333,4141666.6666666665,11358333.333333334,13933333.333333334,10230434.782608695,11650000.0,8520833.333333334,10091666.666666666,6833333.333333333,8987500.0,5791666.666666667,8087500.0,4212500.0,6437500.0,3079166.6666666665,2229166.6666666665,4012500.0,1658333.3333333333,3175000.0,2254166.6666666665,4575000.0,10979166.666666666,13441666.666666666,56687500.0,77025000.0,54383333.333333336,72545833.33333333,54937500.0,74945833.33333333,45183333.333333336,63308333.333333336,35708333.333333336,45750000.0,42921739.13043478,58470833.333333336,3975000.0,7720833.333333333,9512500.0,16600000.0,19704166.666666668,4100000.0,23091666.666666668,26312500.0,5700000.0,30991666.666666668,147175000.0,59833333.333333336,81054166.66666667,5029166.666666667,0.9417551742919392,0.8822319428937077,0.4361363079411404,0.979281942480905,1.2738320707070707,1.249809014514897,1.2628813807541877,1.2509664219223042,1.2227548641579424,1.1347613520216078,1.1831809779353908,1.3150841373524556,1.396336607287615,1.528686767785605,1.8002305665349143,1.9133986928104576,2.030751233733213,1.2198134780924303,1.358257008521716,1.3331689061048448,1.3636868928666257,1.4004513443386848,1.2809985268949151,1.359125781007264,1.9418626596980253,1.7452634774649542,1.3353846922556132,1.3902439024390243,1.3421231078183853,1.3541176145280334,1.6337605606758832
2025-01,BHS,1000.0,1000.0,1000.0,1000.0,1000.0,1000.0,1000.0,1000.0,1262.5,1654.1666666666667,2687.5,3513.043478260869,2966.6666666666665,3900.0,2700.0,3517.391304347826,10286.95652173913,12786.95652173913,10766.666666666666,12333.333333333334,9860.869565217392,11340.90909090909,6712.5,8547.826086956522,4737.5,6300.0,3104.3478260869565,4636.363636363636,2537.5,1687.5,2595.833333333333,1170.8333333333333,1721.7391304347825,1460.8695652173913,2073.913043478261,9241.666666666666,12062.5,52418.181818181816,66177.27272727272,50713.04347826087,64308.69565217391,50608.69565217391,64075.0,41816.66666666666,53291.66666666666,34691.30434782609,42687.5,40316.66666666666,51366.66666666666,2652.1739130434785,3782.608695652174,6900.0,10000.0,25237.5,17904.166666666668,34491.666666666664,28733.33333333333,24187.5,42404.16666666666,131156.52173913043,54804.34782608696,70165.21739130435,3636.363636363637,1.0,1.0,1.0,1.0,1.310363247863248,1.3102516274330367,1.313870087685612,1.303729888302602,1.242125881491997,1.1452388718128892,1.1521132147462356,1.2750383294751135,1.330072644264699,1.4982092738232766,1.5388071895424835,1.472914766393027,1.4209746774964165,1.3039426074198603,1.2725626798474612,1.2682792862386405,1.2644977434589788,1.2754005576552794,1.2301799842544772,1.274739979206558,1.4271948208621177,1.4501717639070886,1.138546805955542,1.3509739095049065,1.2294284168762333,1.2800952459460562,1.4337663142010968
2025-01,BTN,1000.0,1000.0,1000.0,1000.0,1000.0,1000.0,1000.0,1000.0,2941.6666666666665,4195.833333333333,6625.0,9225.0,7466.666666666667,9954.166666666666,6641.666666666667,9233.333333333334,19791.666666666668,23908.33333333333,15404.166666666666,16220.833333333334,10666.666666666666,11341.666666666666,7054.166666666667,7187.5,4045.8333333333335,3975.0,2341.6666666666665,2004.1666666666667,1275.0,1000.0,1000.0,1000.0,1000.0,1175.0,1254.1666666666667,21429.166666666668,27175.0,63495.833333333336,67541.66666666667,62383.333333333336,66316.66666666667,59725.0,62912.5,43162.5,43400.0,39647.82608695652,40359.09090909091,42043.47826086957,42216.66666666666,1575.0,1554.1666666666667,3575.0,3187.5,50395.833333333336,11534.782608695652,54300.0,53054.16666666666,16437.5,58775.0,149295.83333333334,70254.16666666667,76233.33333333333,1078.2608695652175,1.0,1.0,1.0,1.0,1.4254238493485805,1.3910626533512802,1.332224520724676,1.3888603231438348,1.2072958746091402,1.0528397040690527,1.0631971320304776,1.019093750211708,0.9825672295184492,0.855312637241985,1.0,1.0,1.0669191919191918,1.2673161702638285,1.06356471435737,1.0628825359874663,1.053188437847422,1.005547770109879,1.0151159328516255,1.0035869663988748,0.9861111111111112,0.8912417191828955,1.052765179685488,1.4244906223604663,1.0824422570089534,1.084761956383078,0.8433667781493869
2025-01,BWA,1000.0,1000.0,1000.0,1000.0,1000.0,1000.0,1000.0,1000.0,5375.0,6141.666666666667,11586.95652173913,13212.5,12220.833333333334,13195.833333333334,11633.333333333334,13204.347826086956,28154.166666666668,29645.83333333333,19956.52173913044,22254.166666666668,13895.833333333334,17170.833333333332,9400.0,11508.333333333334,6369.565217391304,7979.166666666667,3837.5,4404.166666666667,2130.4347826086955,1204.1666666666667,1454.1666666666667,1000.0,1000.0,4375.0,5954.166666666667,32262.5,35654.166666666664,90608.69565217392,102908.69565217392,85170.83333333333,97179.16666666669,84500.0,97041.66666666669,62278.260869565216,74141.66666666667,53929.16666666666,63634.782608695656,57479.16666666666,68304.16666666667,5029.166666666667,6834.782608695652,8370.833333333334,10708.333333333334,57479.16666666666,12266.666666666666,62262.5,67441.66666666667,21454.166666666668,73329.16666666667,227820.8333333333,102033.33333333331,115937.5,2321.7391304347825,1.0,1.0,1.0,1.0,1.141878347826571,1.137092488876009,1.0796176614775606,1.1368475116349968,1.0532366999977605,1.11421984913934,1.2361268262429004,1.224601174033246,1.2512319411283996,1.14762366653814,1.2079933954933957,1.0,1.3610198748280142,1.104913638287356,1.1425044645893268,1.1412044984259968,1.1486779528554611,1.188950606530664,1.1818550612899943,1.1883881172680315,1.3563909911790804,1.2791259162015312,1.1733292930332124,1.7489835606975843,1.1777528631446184,1.1366676159863605,1.087973031752936
2025-01,BLR,1000.0,1000.0,1000.0,1000.0,1000.0,1000.0,1000.0,1000.0,29125.0,48558.333333333336,62230.434782608696,107220.83333333331,72358.33333333333,121645.83333333331,62470.833333333336,107266.66666666669,267420.8333333333,393137.5,216334.78260869565,276579.1666666667,211529.16666666663,299369.5652173913,188633.3333333333,317045.8333333333,137072.72727272726,255962.5,79850.0,190570.8333333333,50460.86956521739,32637.5,115695.83333333331,23245.83333333333,95158.33333333331,29441.666666666668,103550.0,239575.0,372495.8333333333,1262404.1666666667,2175000.0,1196075.0,2054166.6666666667,1194962.5,2087500.0,970245.8333333334,1791666.6666666667,828300.0,1313565.2173913044,922700.0,1666666.6666666667,53308.333333333336,199241.66666666663,137429.16666666666,470837.5,166075.0,38358.333333333336,353620.8333333333,311891.6666666667,87525.0,639754.1666666666,3970833.3333333335,1287383.3333333333,2254166.6666666665,150937.5,1.0,1.0,1.0,1.0,1.6627610171407323,1.713042032282223,1.6792070873043543,1.7134038372227858,1.469373800756587,1.2784978742914908,1.426179303373538,1.6867426007964192,1.8838365635806604,2.357351435834348,3.4653642323775813,3.991037471636672,3.4246855525844837,1.555696498027867,1.7192129851906393,1.7075009261289462,1.735297871227483,1.835101236742393,1.5606040324990602,1.799766623066313,3.640661339761865,3.351270417564721,1.8780313104950908,2.2817871939907683,1.809161828237012,1.7389535914688652,2.9110819471434586
2025-01,BLZ,1000.0,1000.0,1000.0,1000.0,1000.0,1000.0,1000.0,1000.0,3258.333333333333,3800.0,6973.913043478261,7979.166666666667,7345.833333333333,8320.833333333334,6991.666666666667,7979.166666666667,19262.5,20583.33333333333,12154.166666666666,13278.260869565218,7841.666666666667,9754.166666666666,5200.0,6787.5,3365.217391304348,4637.5,2062.5,2891.304347826087,1452.1739130434785,1000.0,1354.1666666666667,1000.0,1000.0,1000.0,1154.1666666666667,20550.0,22812.5,54016.66666666666,62645.833333333336,53004.16666666666,61562.5,50054.16666666666,58429.16666666666,34691.666666666664,42658.333333333336,30486.95652173913,37587.5,33725.0,41600.0,1604.1666666666667,2021.7391304347825,3991.6666666666665,5325.0,34470.833333333336,11356.521739130434,38741.66666666666,36354.16666666666,13387.5,41362.5,138662.5,61100.0,70095.83333333333,1987.5,1.0,1.0,1.0,1.0,1.1638203668564202,1.1378818819073873,1.1296512862209922,1.1383304971882733,1.06566945078919,1.0924559752156675,1.243697853072853,1.305527219514676,1.376125760772242,1.4023200293223177,1.3541666666666667,1.0,1.1541666666666666,1.1070082455124275,1.1589598314627736,1.160666163712443,1.166613420264418,1.2296931457842706,1.231245941193962,1.2336014671164923,1.2549324077457071,1.3340023712737128,1.0546462344185714,1.1784201509931045,1.067654715844406,1.146335939090642,1.366013696448479
2025-01,CAN,1275.0,1000.0,1000.0,1000.0,1000.0,1000.0,1045.8333333333333,1000.0,158841.66666666666,207637.5,358137.5,453287.5,438591.6666666667,516066.6666666667,358366.6666666667,453645.8333333333,1691666.6666666667,1762500.0,1600000.0,1554166.6666666667,1358333.3333333333,1525000.0,968908.695652174,1158333.3333333333,800291.6666666666,1026387.5,604191.6666666666,757720.8333333334,473143.4782608696,347841.6666666667,519141.6666666667,268737.5,461900.0,459091.6666666667,722854.1666666666,1491666.6666666667,1670833.3333333333,8516666.666666666,10004347.826086955,8045833.333333333,9283333.333333334,8283333.333333333,9762500.0,6887500.0,8304166.666666667,5341666.666666667,5922727.2727272725,6437500.0,7554166.666666667,724433.3333333334,1158333.3333333333,1537500.0,2358333.333333333,2500000.0,2487500.0,4279166.666666667,2500000.0,3300000.0,4900000.0,21150000.0,8808695.652173912,10504166.666666666,640195.8333333334,0.8962488129154796,1.0,1.0,0.96482683982684,1.30329070751724,1.2616423614161791,1.1729061109918968,1.26178851794846,1.0377073906485672,0.969115290346908,1.1215277777777777,1.1940240380069345,1.2821780786699728,1.2555797347501263,1.4938610501790577,1.720469430081038,1.576153682620487,1.1182449494949491,1.1772935193729623,1.1532844040699943,1.178701500500637,1.2057413208202852,1.1031904543268178,1.1736893114527005,1.6021351471065142,1.5340544871794872,1.0,1.326875,1.145187338501292,1.1898111296490368,1.3523076023281868
2025-01,COD,1000.0,1000.0,1000.0,1000.0,1000.0,1000.0,1000.0,1000.0,22533.33333333333,13329.166666666666,52960.86956521739,29708.33333333333,63233.333333333336,32429.166666666668,53025.0,29745.83333333333,175708.33333333334,84425.0,125012.5,54137.5,59737.5,25825.0,34387.5,14254.166666666666,19187.5,8308.333333333334,11004.166666666666,4545.833333333333,7491.666666666667,4425.0,1887.5,7562.5,4408.333333333333,31670.83333333333,19408.33333333333,176233.33333333334,89516.66666666667,475337.5,219500.0,440916.6666666667,200870.8333333333,444137.5,203950.0,297908.3333333333,137095.83333333334,246450.0,106887.5,266495.8333333333,117041.66666666669,39258.333333333336,23954.166666666668,51279.16666666666,29387.5,349159.0909090909,110354.16666666669,375637.5,148995.83333333334,81833.33333333333,172316.66666666666,810629.1666666666,525675.0,248825.0,3487.5,1.0,1.0,1.0,1.0,0.5911051639900281,0.5595337002711674,0.5126575862248822,0.5604461296710948,0.479990509139558,0.4329106373397034,0.431965837432039,0.4143286365762018,0.4325900059620202,0.4127152232944668,0.4266934721837589,0.5831361294972975,0.6129510412686868,0.5074698194235142,0.4617020529063803,0.4555084947113714,0.4591575121962648,0.4601507721914521,0.4336018376478158,0.4391128057745736,0.6103430955966531,0.5732292053909451,0.4268880176912776,0.7415902642511188,0.4587266430299732,0.4731438688826017,0.4652639265430838
2025-01,CAF,1000.0,1000.0,1000.0,1000.0,1000.0,1000.0,1000.0,1000.0,1000.0,1000.0,1000.0,1000.0,1000.0,1000.0,1000.0,1000.0,1629.1666666666667,1000.0,1641.6666666666667,1000.0,1366.6666666666667,1000.0,1000.0,1000.0,1000.0,1000.0,1000.0,1000.0,1000.0,1000.0,1000.0,1000.0,1000.0,1000.0,1000.0,1708.3333333333333,1000.0,7345.833333333333,2458.333333333333,7037.5,2316.6666666666665,7050.0,2358.333333333333,5629.166666666667,1841.6666666666667,4870.833333333333,1552.1739130434785,5337.5,1729.1666666666667,1000.0,1000.0,1000.0,1000.0,5204.347826086957,1043.4782608695652,5558.333333333333,1650.0,1000.0,1783.3333333333333,10954.166666666666,7858.333333333333,2670.833333333333,1000.0,1.0,1.0,1.0,1.0,1.0,1.0,1.0,1.0,0.6177637721755369,0.6120594070961718,0.7337454212454212,1.0,1.0,1.0,1.0,1.0,1.0,0.5902729147214442,0.3343521771925757,0.3290592359325576,0.3345000224990622,0.3270485357554323,0.3189477516961989,0.3238205439842344,1.0,1.0,0.3166436469766103,0.9604743083003954,0.3208609772278673,0.3396601388954922,1.0
2025-01,COG,1000.0,1000.0,1000.0,1000.0,1000.0,1000.0,1000.0,1000.0,6179.166666666667,3950.0,13591.666666666666,7966.666666666667,14970.833333333334,8270.833333333334,13604.166666666666,7991.666666666667,36479.16666666666,20808.33333333333,20537.5,12275.0,12291.666666666666,7200.0,7141.666666666667,4058.3333333333335,4158.333333333333,2491.6666666666665,2487.5,1354.1666666666667,1570.8333333333333,1000.0,1000.0,1150.0,1000.0,4795.833333333333,3075.0,40470.833333333336,23520.83333333333,91073.91304347826,53670.833333333336,85600.0,50691.66666666666,83170.83333333333,49500.0,54658.333333333336,33004.166666666664,45962.5,27637.5,49745.833333333336,29775.0,5916.666666666667,3804.347826086957,8495.833333333334,5229.166666666667,57720.833333333336,27808.695652173912,68650.0,32408.33333333333,18575.0,39558.333333333336,176758.33333333334,103900.0,61478.260869565216,1000.0,1.0,1.0,1.0,1.0,0.6376880836318413,0.5850273416080592,0.551734554279922,0.5862639558744663,0.5698973005554909,0.5973472678945279,0.5862284225625262,0.5680262201784115,0.5990235598148247,0.5442670222289787,1.0,0.8712121212121212,0.6413485298528909,0.5807307255124734,0.5925923048268057,0.5917767697857196,0.5948886590774422,0.6035338866149083,0.6009146016657109,0.5982318840791722,0.6435412722517273,0.6155034295713593,0.5614884821496522,0.6682180304021964,0.5762412742890766,0.5919702409585802,0.6381987577639752
2025-01,CHE,1000.0,1000.0,1000.0,1000.0,1000.0,1000.0,1000.0,1000.0,24716.666666666668,25283.33333333333,65016.66666666666,65945.83333333333,89379.16666666667,91145.83333333331,65012.5,65954.16666666667,338545.8333333333,326370.8333333333,285125.0,270275.0,261333.3333333333,268716.6666666667,210137.5,235362.5,173343.47826086957,202304.16666666663,141916.66666666666,166795.83333333334,122916.66666666669,101212.5,121766.66666666669,66975.0,82341.66666666667,88166.66666666667,99679.16666666669,292904.1666666667,297716.6666666667,1770833.3333333333,1879166.6666666667,1670833.3333333333,1808333.3333333333,1750000.0,1837500.0,1470833.3333333333,1575000.0,1040516.6666666666,1130736.3636363635,1366666.6666666667,1475000.0,154070.83333333334,181420.8333333333,382483.3333333333,446062.5,298795.8333333333,254037.5,513475.0,304187.5,296025.0,536100.0,4133333.3333333335,1833333.3333333333,1943478.2608695647,147559.0909090909,1.0,1.0,1.0,1.0,1.0048888821955344,1.0024709692583773,1.0120633289258254,1.0026472431764235,0.9585395080708352,0.9448852312988786,1.0277058431821733,1.1197283489861924,1.1775344880433678,1.1733186032287968,1.1997256711017303,1.226354481834861,1.1302939762268502,1.0090064836749744,1.0622001049632628,1.082312091503268,1.0471777892443528,1.0724612193362193,1.0771238638010214,1.081211843711844,1.175877998813769,1.1646546043649275,1.018075057228698,1.1652581613914923,1.0440433401569251,1.0657180856265525,1.2020100197180106
2025-01,CIV,1000.0,1000.0,1000.0,1000.0,1000.0,1000.0,1000.0,1000.0,20725.0,12470.833333333334,46733.333333333336,27254.166666666668,55429.16666666666,30450.0,46795.833333333336,27178.260869565216,163275.0,91262.5,137708.33333333334,78141.66666666667,91962.5,51166.66666666666,64716.66666666666,38695.833333333336,43533.333333333336,23475.0,28170.83333333333,10954.166666666666,19404.166666666668,9987.5,3337.5,7304.166666666667,3370.833333333333,14312.5,7804.166666666667,163016.66666666666,90470.83333333331,576400.0,311975.0,563929.1666666666,303362.5,548012.5,295783.3333333333,418704.1666666667,220300.0,367758.3333333333,199716.66666666663,405595.8333333333,212291.66666666663,21600.0,11021.739130434782,51054.16666666666,21004.166666666668,340860.8695652174,128362.5,407095.8333333333,165325.0,80800.0,209091.66666666663,1020833.3333333334,623166.6666666666,339008.6956521739,6633.333333333333,1.0,1.0,1.0,1.0,0.5996257319657315,0.5818232785136926,0.5487034319117955,0.5810718135651597,0.5592289710257036,0.5673864382125916,0.5562399142660991,0.597323840804054,0.5386903689440548,0.3889545369973286,0.334230697576783,0.4620307394004092,0.5454817124853694,0.5549234506989523,0.5409514279943387,0.5376226811151168,0.5394670000891019,0.5260132425021286,0.5427881630766742,0.5232356472602226,0.508277794784088,0.4118832360238985,0.4850988521627734,0.6294773913802051,0.5136105944977551,0.544148822427509,0.3423158720129826
2025-01,COK,1000.0,1000.0,1000.0,1000.0,1000.0,1000.0,1000.0,1000.0,1000.0,1000.0,1000.0,1000.0,1000.0,1000.0,1000.0,1000.0,1000.0,1000.0,1000.0,1000.0,1000.0,1000.0,1000.0,1000.0,1000.0,1000.0,1000.0,1000.0,1000.0,1000.0,1000.0,1000.0,1000.0,1000.0,1000.0,1000.0,1000.0,2033.3333333333333,2679.1666666666665,1991.6666666666667,2591.6666666666665,1933.3333333333333,2520.833333333333,1454.1666666666667,1958.3333333333333,1233.3333333333333,1640.909090909091,1395.8333333333333,1920.8333333333333,1000.0,1000.0,1000.0,1000.0,1352.1739130434785,1000.0,1612.5,1625.0,1000.0,2000.0,5508.333333333333,2270.833333333333,3012.5,1000.0,1.0,1.0,1.0,1.0,1.0,1.0,1.0,1.0,1.0,1.0,1.0,1.0,1.0,1.0,1.0,1.0,1.0,1.0,1.31739417989418,1.3033539731682149,1.3045923632610938,1.3477869352869352,1.3236914600550964,1.3799603174603174,1.0,1.0,1.204252269469661,1.0,1.240808823529412,1.329909145805885,1.0
2025-01,CHL,1000.0,1000.0,1000.0,1000.0,1000.0,1000.0,1000.0,1058.3333333333333,107437.5,127716.66666666669,247675.0,292983.3333333333,284345.8333333333,339116.6666666667,247841.66666666663,293145.8333333333,1121933.3333333333,1207554.1666666667,1019970.8333333334,1032041.6666666666,968066.6666666666,971933.3333333334,718529.1666666666,790533.3333333334,529213.0434782609,645550.0,374891.6666666667,503141.6666666667,296529.1666666667,213416.66666666663,338316.6666666667,158758.33333333334,275304.1666666667,235591.66666666663,403895.8333333333,930087.5,1031891.6666666666,5641666.666666667,6441666.666666667,5425000.0,6045833.333333333,5500000.0,6258333.333333333,4508333.333333333,5266666.666666667,3645833.3333333335,3878260.869565217,4283333.333333333,4854166.666666667,396850.0,683137.5,902329.1666666666,1458333.3333333333,3087500.0,779991.6666666666,3600000.0,3600000.0,1000000.0,4195833.333333333,13662500.0,5879166.666666667,6708695.652173913,435569.5652173913,1.0,1.0,1.0,1.0583333333333331,1.1860952863570429,1.1807034866604469,1.1893973196087064,1.1805893090223811,1.0739183226697933,1.012804238169002,1.0042843637107348,1.1009217420871806,1.224626551231721,1.3429420244373285,1.5861889193911705,1.735038909630367,1.7146134899010117,1.1094351637564783,1.1420038115513311,1.1151252729246628,1.138803443501801,1.1695534893037205,1.0583420949553672,1.1343788820533007,1.722638487848889,1.616763962493579,1.1661290322580646,1.2820802122876185,1.1655092592592593,1.14298065498169,1.4709398137423566
2025-01,CMR,1000.0,1000.0,1000.0,1000.0,1000.0,1000.0,1000.0,1000.0,14754.166666666666,10229.166666666666,33516.666666666664,22450.0,39054.16666666666,25125.0,33566.666666666664,22495.83333333333,112683.33333333331,67687.5,81987.5,52325.0,52925.0,36629.16666666666,33645.833333333336,21887.5,19627.272727272728,11416.666666666666,10250.0,5608.695652173913,6565.217391304348,3570.833333333333,1895.8333333333333,2929.1666666666665,1675.0,8945.833333333334,7312.5,113445.83333333331,71558.33333333333,334779.1666666667,212662.5,326595.8333333333,204308.3333333333,314962.5,199183.3333333333,221295.8333333333,142750.0,199004.16666666663,128260.8695652174,212433.3333333333,135133.33333333334,11754.166666666666,9091.666666666666,21891.666666666668,14287.5,207937.5,64804.16666666666,236970.8333333333,132770.83333333334,48983.333333333336,153691.66666666666,641183.3333333334,367912.5,234566.66666666663,3383.333333333333,1.0,1.0,1.0,1.0,0.6927837955991597,0.6690757147172522,0.6424147647341107,0.6694097157443942,0.6008958095811926,0.6390821101879457,0.6924063692863359,0.650941792199813,0.5837629294196175,0.5479799988699218,0.5314202963803795,0.5725761556314022,0.8180309319025657,0.6303808764152464,0.6353802643413261,0.6258366734629776,0.6325459008900634,0.6454572171461009,0.6424904953052486,0.6365523692541437,0.7741633686086294,0.6532739126942783,0.638509949505948,0.7558659052919198,0.6485930577210036,0.6376757519628543,0.5150083261253919
2025-01,CHN,1000.0,1000.0,1000.0,1000.0,1000.0,1000.0,1233.3333333333333,1000.0,27562.5,47195.833333333336,77020.83333333333,125216.66666666669,124679.16666666669,186120.8333333333,77070.83333333333,124760.8695652174,554304.1666666666,653891.6666666666,570908.695652174,534333.3333333334,378341.6666666667,278712.5,214625.0,130433.33333333331,106891.30434782608,53387.5,38658.333333333336,17966.666666666668,18320.83333333333,8662.5,4054.1666666666665,4116.666666666667,1708.695652173913,8375.0,5470.833333333333,445416.6666666667,585860.8695652174,1908333.3333333333,1679166.6666666667,1908333.3333333333,1670833.3333333333,1829166.6666666667,1566445.8333333333,1355466.6666666667,1041775.0,1299920.8333333333,1025113.0434782607,1346104.1666666667,1041029.1666666666,12512.5,7200.0,39795.833333333336,20125.0,134512.5,207400.0,526741.6666666666,68345.83333333333,154008.33333333334,386320.8333333333,4516666.666666667,1991666.6666666667,1812500.0,8817.391304347826,1.0,1.0,1.0,0.8542599375932709,1.7016437207536848,1.6174076152323096,1.4848522799577797,1.6177151848937554,1.1764253001546523,0.9301960216932542,0.7384675459816471,0.607709018913365,0.5037699581993449,0.462238742674794,0.4652891996281348,0.4143421361850187,0.6506311482293091,1.3219034322613104,0.8815579431533379,0.8758927384749753,0.8558441363095968,0.7692009822428827,0.7815027048339387,0.7735661703588436,0.5720029029757995,0.5028009440238749,0.5082013738796824,0.7426032293644705,0.7334595267300212,0.9098643247578164,0.4815905643458242
2025-01,COL,1000.0,1000.0,1000.0,1137.5,1000.0,1000.0,1208.695652173913,7483.333333333333,218554.16666666663,279958.3333333333,505833.3333333333,634733.3333333334,587212.5,715545.8333333334,506675.0,635966.6666666666,1958333.3333333333,2279166.6666666665,1850000.0,2043478.2608695647,1395833.3333333333,1679166.6666666667,978329.1666666666,1279166.6666666667,783913.0434782609,992662.5,518750.0,753966.6666666666,368479.1666666667,283941.6666666667,473583.3333333333,217229.16666666663,374130.4347826087,329045.8333333333,537754.1666666666,1758333.3333333333,2154166.6666666665,8754166.666666666,11050000.0,8454166.666666666,10470833.333333334,8433333.333333334,10675000.0,6725000.0,8787500.0,5525000.0,6656521.739130435,6400000.0,8137500.0,544833.3333333334,922804.1666666666,1179166.6666666667,1958333.3333333333,6100000.0,1300000.0,6620833.333333333,7600000.0,1700000.0,8300000.0,21962500.0,9245833.333333334,11713043.47826087,571691.304347826,1.0,1.1375,1.0,5.71431973823278,1.2807277155570118,1.253820900733446,1.2183182306971445,1.254191093623689,1.1627314814814815,1.1030944795919897,1.204227716727717,1.3078883874724967,1.2693618712656516,1.4537786237740395,1.667979897541577,1.72436830895011,1.6341470718881197,1.2242476851851851,1.2620206584214806,1.2384763551761715,1.265722225789592,1.3063837088942245,1.2009731489849944,1.271180203003698,1.6936864402501437,1.6603535353535357,1.2459016393442623,1.3076923076923077,1.253665385195236,1.2675283366129595,1.551158757483586
2025-01,CRI,1000.0,1000.0,1000.0,1000.0,1000.0,1000.0,1000.0,1000.0,34191.666666666664,41837.5,74562.5,90045.83333333333,81141.66666666667,95487.5,74645.83333333333,90216.66666666669,252866.66666666663,276366.6666666667,214079.16666666663,217933.3333333333,180191.66666666663,192629.16666666663,141983.33333333334,164533.33333333334,105358.33333333331,128579.16666666669,73054.16666666667,90486.95652173914,47004.16666666666,34204.166666666664,48620.833333333336,23908.33333333333,37750.0,34604.34782608696,50104.16666666666,237137.5,278250.0,1076683.3333333333,1258333.3333333333,1070858.3333333333,1254166.6666666667,1069854.1666666667,1254166.6666666667,859087.5,981437.5,717904.1666666666,791666.6666666666,825354.1666666666,948108.3333333334,58754.16666666666,89047.82608695653,139712.5,199962.5,723595.8333333334,231825.0,826466.6666666666,819766.6666666666,300308.3333333333,957983.3333333334,2670833.333333333,1158333.3333333333,1358333.3333333333,62558.333333333336,1.0,1.0,1.0,1.0,1.2211057223346422,1.2055278774947735,1.175667263130288,1.2064934536816043,1.0917828981837907,1.0180106575301202,1.069363101024088,1.158928824560966,1.2206123875016928,1.2402931702548403,1.421745493860903,1.579603772575261,1.4473901786364172,1.1715344003759716,1.1675384033448852,1.1705056453307534,1.1717091985048644,1.1433342937263908,1.103145479407064,1.149168205498125,1.5098027678103365,1.431742941285593,1.1329134161643613,1.295417597866281,1.1591402890563434,1.1736111111111112,1.331596942749493
2025-01,CPV,1000.0,1000.0,1000.0,1000.0,1000.0,1000.0,1000.0,1000.0,3304.1666666666665,3587.5,6783.333333333333,6908.333333333333,6654.166666666667,6312.5,6783.333333333333,6925.0,15712.5,14365.217391304348,11850.0,11778.260869565218,10178.260869565218,10908.695652173914,7543.478260869565,8756.521739130434,5047.826086956522,5934.782608695652,3152.1739130434785,3695.8333333333335,1878.2608695652173,1373.9130434782608,1578.2608695652175,1056.5217391304348,1078.2608695652175,1773.9130434782608,1650.0,18258.33333333333,17504.166666666668,58834.782608695656,62378.260869565216,57017.391304347824,60552.17391304348,55783.333333333336,59258.333333333336,43254.16666666666,47195.833333333336,37250.0,40969.5652173913,41316.66666666666,45504.16666666666,2813.043478260869,2747.826086956521,6060.869565217391,6526.086956521739,46983.333333333336,11245.833333333334,49641.66666666666,49408.333333333336,10762.5,51737.5,135882.60869565216,65217.391304347824,69004.16666666667,2250.0,1.0,1.0,1.0,1.0,1.085741225369458,1.0184651075129727,0.94865514127528,1.020846059893925,0.9146496449327108,0.9948722936103872,1.0719069302840785,1.1608464987940927,1.175590530526592,1.1723205937353904,1.1488294314381269,1.0217391304347827,0.9308042057402672,0.9582787744342078,1.0602166924138243,1.0619928642254373,1.0622563623921149,1.0911485402537875,1.0977271080082325,1.1013205772004957,0.9771245329716096,1.076543093843672,1.0516471613516432,0.9570948971631648,1.0422453337526976,1.0573374183733832,1.1981658692185009
2025-01,CUW,1000.0,1000.0,1000.0,1000.0,1000.0,1000.0,1000.0,1000.0,1000.0,1000.0,1000.0,1245.8333333333333,1137.5,1333.3333333333333,1000.0,1243.4782608695652,4220.833333333333,4734.782608695652,4191.304347826087,4669.565217391304,4186.95652173913,5165.217391304348,3326.086956521739,4473.913043478261,2900.0,4104.347826086957,2273.913043478261,3169.5652173913045,2030.434782608696,1643.4782608695652,2600.0,1317.391304347826,2320.833333333333,2060.8695652173915,3252.1739130434785,3625.0,4337.5,28065.217391304348,37258.333333333336,25908.33333333333,34160.86956521739,27500.0,36645.833333333336,23933.33333333333,32866.666666666664,16954.166666666668,21522.727272727272,21766.666666666668,29720.83333333333,3404.3478260869565,5586.95652173913,7052.173913043478,11273.91304347826,17100.0,6854.166666666667,20691.666666666668,21587.5,8866.666666666666,25912.5,70408.69565217392,29156.52173913044,38308.333333333336,3056.521739130435,1.0,1.0,1.0,1.0,1.0,1.2458333333333331,1.1710858585858588,1.2434782608695654,1.1214350761318628,1.113940662161885,1.2336254504002166,1.345366284981416,1.4157365761563665,1.394758754163291,1.582416879795396,1.7642140468227423,1.5786531546256948,1.1944561337653443,1.3266563572383117,1.3197181677327103,1.332652280118113,1.3735019014642695,1.2667312280045673,1.36520518713381,1.6415425952989893,1.5989375340485328,1.26249642433656,1.2936760070673303,1.252354897479133,1.3128275127137252,1.512143996354523
2025-01,CXR,1000.0,1000.0,1000.0,1000.0,1000.0,1000.0,1000.0,1000.0,1000.0,1000.0,1000.0,1000.0,1000.0,1000.0,1000.0,1000.0,1000.0,1000.0,1000.0,1000.0,1000.0,1000.0,1000.0,1000.0,1000.0,1000.0,1000.0,1000.0,1000.0,1000.0,1000.0,1000.0,1000.0,1000.0,1000.0,1000.0,1000.0,1000.0,1000.0,1000.0,1000.0,1000.0,1000.0,1000.0,1000.0,1000.0,1000.0,1000.0,1000.0,1000.0,1000.0,1000.0,1000.0,1000.0,1000.0,1000.0,1000.0,1000.0,1000.0,1000.0,1000.0,1000.0,1000.0,1.0,1.0,1.0,1.0,1.0,1.0,1.0,1.0,1.0,1.0,1.0,1.0,1.0,1.0,1.0,1.0,1.0,1.0,1.0,1.0,1.0,1.0,1.0,1.0,1.0,1.0,1.0,1.0,1.0,1.0,1.0
2025-01,CYP,1000.0,1000.0,1000.0,1000.0,1000.0,1000.0,1000.0,1000.0,5925.0,6020.833333333333,16554.166666666668,17212.5,25525.0,25533.33333333333,16550.0,17187.5,91845.83333333331,85558.33333333333,78833.33333333333,61604.16666666666,62554.16666666666,56379.16666666666,46520.833333333336,49737.5,38052.17391304348,43683.333333333336,27433.33333333333,35020.833333333336,20087.5,14391.666666666666,19412.5,10900.0,14695.833333333334,16633.333333333332,20100.0,76970.83333333333,74508.33333333333,401866.6666666667,414345.8333333333,385991.6666666667,393725.0,388291.6666666667,401587.5,311037.5,329458.3333333333,251529.16666666663,248637.5,294841.6666666667,308320.8333333333,27425.0,34933.333333333336,61750.0,81275.0,123491.66666666669,53878.260869565216,150604.16666666666,127445.83333333331,63641.66666666666,162450.0,915966.6666666666,416512.5,431304.1666666667,26425.0,1.0,1.0,1.0,1.0,1.0064088040801136,1.0290062314182715,0.9897172133805032,1.0278772354482426,0.92373535055193,0.780926817150438,0.9009172991561551,1.068967738281963,1.15499891285953,1.2759146233738237,1.3484051386442868,1.347732065978164,1.2076705630205349,0.959450794509645,1.0306232739427528,1.0192985161985553,1.0339651929556375,1.0600027159973056,0.9885386135336088,1.0463665075138464,1.2733064409323076,1.3157758691341896,1.0320049368086377,1.180782941452975,1.0786816106716537,1.0345918219029495,1.3146900485954631
2025-01,CZE,1000.0,1000.0,1000.0,1000.0,1000.0,1000.0,1000.0,1000.0,36808.333333333336,40379.16666666666,94058.33333333331,109804.16666666669,118062.5,141566.66666666666,94087.5,109795.83333333331,412008.3333333333,468254.1666666667,300062.5,297004.1666666667,256679.16666666663,276708.3333333333,177045.83333333334,217712.5,136616.66666666666,190162.5,125254.16666666669,187983.3333333333,85430.43478260869,47512.5,75554.16666666667,26683.33333333333,44983.333333333336,53470.833333333336,79266.66666666667,359520.8333333333,427658.3333333333,1612500.0,1991666.6666666667,1595833.3333333333,1904166.6666666667,1591666.6666666667,1912500.0,1220833.3333333333,1520833.3333333333,1013300.0,1149513.043478261,1149783.3333333333,1433333.3333333333,79937.5,124770.83333333331,213950.0,338820.8333333333,497425.0,252616.66666666663,614741.6666666666,618412.5,332250.0,773025.0,4133333.3333333335,1712500.0,2091666.6666666667,136691.30434782608,1.0,1.0,1.0,1.0,1.090957058338569,1.1600127249420735,1.192715354171251,1.1595392060287106,1.132024477635089,0.9901065716306942,1.07854370122024,1.2304557523433732,1.392202825372075,1.5014463971757672,1.5905087464849637,1.6851124765245264,1.4811004710516888,1.1839272375329364,1.234964177978884,1.1940870098039216,1.203560991704374,1.248397435897436,1.1382169835230886,1.245903966953111,1.5594889037562256,1.5825291149028038,1.2432556064142546,1.3151886636476693,1.2574422053175496,1.2211134453781514,1.5947977354859877
2025-01,DEU,1000.0,1000.0,1000.0,1000.0,1000.0,1000.0,1000.0,1000.0,184262.5,218800.0,503745.8333333333,583250.0,731533.3333333334,825283.3333333334,503854.1666666667,583279.1666666666,3070833.333333333,3041666.6666666665,2587500.0,2404166.6666666665,2070833.3333333333,2162500.0,1691666.6666666667,1908333.3333333333,1290256.5217391304,1591666.6666666667,988812.5,1209587.5,843450.0,762770.8333333334,965354.1666666666,483550.0,608612.5,550945.8333333334,623462.5,2541666.6666666665,2704166.6666666665,14320833.333333334,15700000.0,13866666.666666666,15158333.333333334,13908333.333333334,15291666.666666666,11266666.666666666,12804166.666666666,8591666.666666666,9500000.0,10741666.666666666,12179166.666666666,1027650.0,1204741.6666666667,2612500.0,3291666.6666666665,2562500.0,1475000.0,3758333.3333333335,2675000.0,1525000.0,3845833.3333333335,34375000.0,14900000.0,16375000.0,1100091.6666666667,1.0,1.0,1.0,1.0,1.1703838548596417,1.1453942428115245,1.1187322358122,1.1452200047657155,0.9843766613503456,0.9270255410606288,1.043887536075036,1.1250942684766214,1.229406080635734,1.22137767836698,1.2590679653293642,1.2521205642722388,1.1252140142698728,1.058379120879121,1.0973296313602774,1.0902881985928203,1.0964786504173272,1.13361913978143,1.0934181586616238,1.130964163029107,1.16736855155612,1.2524216524216525,1.0440384615384617,1.0345238095238096,1.0232337600758654,1.0958283233615955,1.297320425738145
2025-01,DJI,1000.0,1000.0,1000.0,1000.0,1000.0,1000.0,1000.0,1000.0,1000.0,1000.0,1687.5,1208.3333333333333,2175.0,1454.1666666666667,1695.8333333333333,1212.5,5820.833333333333,3816.6666666666665,4833.333333333333,3195.833333333333,2933.333333333333,1820.8333333333333,1608.3333333333333,1012.5,1000.0,1000.0,1000.0,1000.0,1000.0,1000.0,1000.0,1000.0,1000.0,1000.0,1000.0,6083.333333333333,4120.833333333333,17275.0,10925.0,17062.5,10766.666666666666,16150.0,10150.0,11354.166666666666,7058.333333333333,10630.434782608696,6716.666666666667,11137.5,6937.5,1000.0,1000.0,1000.0,1000.0,8329.166666666666,1283.3333333333333,9125.0,5466.666666666667,1233.3333333333333,6175.0,32200.0,18950.0,12121.739130434782,1000.0,1.0,1.0,1.0,1.0,1.0,0.7251153824102742,0.6677035702291456,0.7231754363913807,0.6568595055722778,0.6620432921968412,0.6208077996036839,0.6327760270774977,1.0,1.0,1.0,1.0,1.0,0.678300529024373,0.6329628200256808,0.6316591279697296,0.629170016519601,0.6221074654182821,0.6314807984546568,0.623184444682725,1.0,1.0,0.6565246145985723,0.9615384615384616,0.6767864815340169,0.6408033646910315,1.0
2025-01,DNK,1000.0,1000.0,1000.0,1000.0,1000.0,1000.0,1000.0,1000.0,19716.666666666668,23562.5,49658.333333333336,58333.333333333336,64729.16666666666,76991.66666666667,49658.333333333336,58337.5,222112.5,240858.3333333333,185726.08695652173,206591.30434782608,148954.16666666666,188654.16666666663,106087.5,145375.0,86230.43478260869,123408.33333333331,86275.0,128126.08695652174,81325.0,65483.333333333336,115787.5,47054.16666666666,88934.78260869565,80583.33333333333,157370.83333333334,201300.0,233025.0,1119841.6666666667,1520833.3333333333,1044800.0,1333333.3333333333,1056804.1666666667,1433333.3333333333,882150.0,1254166.6666666667,615100.0,800843.4782608695,810341.6666666666,1132175.0,129620.83333333331,242554.16666666663,278341.6666666667,477395.8333333333,252237.5,322917.39130434784,482258.3333333333,272241.6666666667,471530.4347826087,630320.8333333334,2858333.333333333,1144266.6666666667,1530434.7826086956,123130.43478260867,1.0,1.0,1.0,1.0,1.1899714187764174,1.1711154192708553,1.1866232398929055,1.1711943334122694,1.0817185506557128,1.1111741744770711,1.2665863638475756,1.3710184698114194,1.4277214193707686,1.4876789160317636,1.7675104244259998,1.8777506620340056,1.9497715608282007,1.1546873279014207,1.3615716634552673,1.27673078549047,1.355820224595408,1.423444396172436,1.305560835707489,1.3964205258601154,1.8687627815294328,1.7141490886311408,1.0792861217275862,1.4581742464397716,1.3070343431438327,1.341504672446555,1.5129124573072927
2025-01,DMA,1000.0,1000.0,1000.0,1000.0,1000.0,1000.0,1000.0,1000.0,1000.0,1000.0,1000.0,1058.3333333333333,1058.3333333333333,1137.5,1000.0,1062.5,2850.0,3083.333333333333,2404.1666666666665,2233.333333333333,1845.8333333333333,1845.8333333333333,1116.6666666666667,1154.1666666666667,1000.0,1000.0,1000.0,1000.0,1000.0,1000.0,1000.0,1000.0,1000.0,1000.0,1000.0,2779.1666666666665,3237.5,10158.333333333334,10679.166666666666,9908.333333333334,10458.333333333334,9650.0,10075.0,7291.666666666667,7504.166666666667,6425.0,6478.260869565217,7075.0,7295.833333333333,1000.0,1000.0,1000.0,1004.1666666666666,6017.391304347826,1466.6666666666667,6691.666666666667,5791.666666666667,1625.0,6445.833333333333,24220.83333333333,11054.166666666666,11675.0,1000.0,1.0,1.0,1.0,1.0,1.0,1.0608695652173914,1.0738636363636365,1.0625,1.0810948975833268,0.9291666666666668,1.0,1.034090909090909,1.0,1.0,1.0,1.0,1.0,1.1637362956328474,1.0515287294655318,1.055261314565176,1.0441775119494163,1.0297099772469838,1.009833020029748,1.0317586465481958,1.0,1.0041666666666669,0.9624966274850904,1.1089285714285717,0.963288781138869,1.0561412655692777,1.0
2025-01,DOM,1000.0,1000.0,1000.0,1000.0,1000.0,1000.0,1000.0,1062.5,59308.333333333336,69733.33333333333,138075.0,159166.66666666666,153070.83333333334,176745.83333333334,138312.5,159458.33333333334,483758.3333333333,535445.8333333334,455000.0,497741.6666666667,368725.0,420487.5,245100.0,294079.1666666667,174934.78260869565,216291.66666666663,125408.33333333331,160187.5,88900.0,65654.16666666667,84737.5,44316.66666666666,59370.833333333336,68050.0,87579.16666666667,459241.6666666667,523466.6666666667,2129166.6666666665,2433333.333333333,2045833.3333333333,2333333.333333333,2045833.3333333333,2337500.0,1654166.6666666667,1933333.3333333333,1379166.6666666667,1558333.3333333333,1558333.3333333333,1854166.6666666667,113612.5,146200.0,269612.5,337487.5,1400000.0,566795.8333333334,1600000.0,1500000.0,749120.8333333334,1800000.0,5050000.0,2233333.333333333,2600000.0,115743.47826086955,1.0,1.0,1.0,1.065217391304348,1.173813191131165,1.1513889716858732,1.1530719578504651,1.1515090000426251,1.105274204083532,1.0936365468661546,1.1400745544226485,1.1996690644582275,1.2358301882933442,1.2775889000262717,1.2906175987109123,1.339899713708914,1.2868954405141972,1.1383753356192596,1.143374534821903,1.1404396407685882,1.1425229741019214,1.1679432189542485,1.129120879120879,1.1904761904761905,1.2810354977058278,1.251418736367281,1.0714285714285714,1.3216792940843274,1.125,1.1638257575757576,1.301867568096926
2025-01,DZA,1000.0,1000.0,1000.0,1000.0,1000.0,2147.826086956521,1429.1666666666667,1416.6666666666667,291487.5,281195.8333333333,627083.3333333334,606725.0,650691.6666666666,637725.0,628120.8333333334,607454.1666666666,1700000.0,1633333.3333333333,1320833.3333333333,1040345.8333333334,978591.6666666666,750937.5,643037.5,488591.6666666667,425616.6666666667,331316.6666666667,258445.8333333333,210216.66666666663,173537.5,104383.33333333331,101158.33333333331,70775.0,67162.5,113125.0,84558.33333333333,1812500.0,1750000.0,5813043.478260869,4870833.333333333,5691666.666666667,4795833.333333333,5500000.0,4533333.333333333,4066666.6666666665,3233333.333333333,3630434.782608696,2829166.6666666665,3958333.3333333335,3179166.6666666665,184775.0,153875.0,467608.3333333333,417854.1666666667,4375000.0,435482.60869565216,4558333.333333333,3100000.0,302469.5652173913,3300000.0,12466666.666666666,6366666.666666667,5466666.666666667,156817.39130434784,1.0,1.0,2.1478260869565218,1.1173270697167756,0.9550781051133038,0.9586962008241864,0.9725016524320012,0.9582683156965668,0.9563492063492064,0.7861993423243424,0.7660550229380626,0.7588531992458879,0.7774906507147162,0.8115213825143677,0.9676432291417196,0.947885729466882,0.7465957634708441,0.9583333333333334,0.8428819947480214,0.8400236134781207,0.8217746847848503,0.7933203532111643,0.7753262025287198,0.8013350047648827,0.8315662650834907,0.8923270715383694,0.7086416490486259,0.6945100946199183,0.7240338164251208,0.8556169455889605,0.90187564989601
2025-01,ECU,1000.0,1000.0,1000.0,1000.0,1000.0,1000.0,1000.0,1000.0,97758.33333333331,120925.0,217412.5,254479.16666666663,240883.3333333333,279604.1666666667,217741.66666666663,255012.5,757545.8333333334,830650.0,615439.1304347826,656929.1666666666,433787.5,475258.3333333333,303879.1666666667,376300.0,230650.0,283183.3333333333,158716.66666666666,209529.16666666663,110400.0,76058.33333333333,113958.33333333331,55200.0,84491.30434782608,81862.5,114541.66666666669,721420.8333333334,840066.6666666666,2833333.333333333,3330434.782608696,2733333.333333333,3220833.333333333,2720833.333333333,3166666.6666666665,2129166.6666666665,2487500.0,1754166.6666666667,2039130.4347826089,2041666.6666666667,2358333.333333333,136858.33333333334,197212.5,327320.8333333333,468958.3333333333,2100000.0,396856.5217391304,2300000.0,2400000.0,461229.1666666667,2600000.0,6878260.869565218,3034782.6086956523,3595652.1739130435,154909.0909090909,1.0,1.0,1.0,1.0,1.2358901454703584,1.169901939227482,1.1601135389688897,1.170556878039957,1.0961097265578226,1.0662302377670043,1.095581929612524,1.2384630496794289,1.2279845003786354,1.3206917279479355,1.498346729027061,1.5249520764779076,1.398910005309686,1.1642667039800592,1.1770062770812395,1.1783112874779542,1.1638999118165785,1.1690466697045645,1.1615338164251208,1.1555137844611527,1.4411328566813209,1.4329613546161744,1.1428571428571428,1.161972833788596,1.1304347826086956,1.184743788819876,1.4066481743145147
2025-01,EST,1000.0,1000.0,1000.0,1000.0,1000.0,1000.0,1000.0,1000.0,3233.333333333333,4333.333333333333,8370.833333333334,11412.5,11062.5,15295.833333333334,8375.0,11412.5,42562.5,53450.0,33760.86956521739,37478.260869565216,32579.166666666668,39366.66666666666,29341.666666666668,40966.66666666666,20239.130434782608,32470.83333333333,13966.666666666666,24295.83333333333,8804.166666666666,5195.833333333333,13179.166666666666,3195.833333333333,9241.666666666666,4887.5,12720.833333333334,35487.5,47933.333333333336,191679.16666666663,285337.5,186670.8333333333,272525.0,186191.66666666663,277816.6666666667,148650.0,231812.5,127400.0,176573.91304347827,144062.5,218841.66666666663,8137.5,22287.5,21829.166666666668,54529.16666666666,62162.5,35766.666666666664,79408.33333333333,93845.83333333331,59279.16666666666,123041.66666666669,530741.6666666666,200429.16666666663,296916.6666666667,18541.666666666668,1.0,1.0,1.0,1.0,1.336895212630507,1.3595547692852818,1.3798595279407984,1.358914944066805,1.2533431027672584,1.1068873706971187,1.2083615442407936,1.396128293740846,1.6007967003944206,1.740051713493254,2.5366939060104063,2.8942983687854418,2.60625,1.3485982049426417,1.4898263995300232,1.4610491193750657,1.493266470878866,1.5598457182281475,1.3883771723122809,1.5193479815946134,2.7409014826432547,2.499664801055077,1.5097677316868434,1.6574369951381822,1.5495177408091283,1.4827274830713744,2.106718640988116
2025-01,EGY,1129.1666666666667,1004.1666666666666,3720.8333333333335,1000.0,1195.8333333333333,1000.0,3216.6666666666665,2270.833333333333,587129.1666666666,538995.8333333334,1250000.0,1101200.0,1220833.3333333333,1066379.1666666667,1254166.6666666667,1118225.0,3033333.333333333,2779166.6666666665,2221739.1304347827,1820833.3333333333,1379166.6666666667,1079166.6666666667,991833.3333333334,841416.6666666666,682087.5,583958.3333333334,423620.8333333333,368970.8333333333,265958.3333333333,177270.83333333334,167087.5,123137.5,126733.33333333331,170779.16666666666,154691.66666666666,3412500.0,3120833.333333333,9595833.333333334,8229166.666666667,9404166.666666666,8116666.666666667,9020833.333333334,7779166.666666667,6562500.0,5479166.666666667,5787500.0,4730434.782608695,6387500.0,5316666.666666667,295550.0,282195.8333333333,733687.5,673025.0,7554166.666666667,1300000.0,8033333.333333333,6112500.0,1000000.0,6537500.0,20841666.666666668,10750000.0,9352173.91304348,242690.9090909091,0.9347222222222222,0.7121824761092461,0.8807404015737349,0.7064857558328007,0.915499486184693,0.8793445998445999,0.874083041958042,0.8895528360528361,0.9150409626216076,0.8177055458718975,0.7822802197802198,0.8480811909100696,0.8559249599801778,0.8708312525129244,0.9423286601799528,1.0291936213200152,0.9056154606915042,0.9134894280292762,0.8572419616855527,0.8627554149416902,0.8618778886705482,0.8347203066583755,0.8177559649157481,0.8320105559475436,0.9546366250464008,0.9171479535567908,0.8091946722867775,0.7692307692307693,0.8138234906654622,0.8696306422661798,0.912512971462131
2025-01,ESH,1000.0,1000.0,1000.0,1000.0,1000.0,1000.0,1000.0,1000.0,1000.0,1000.0,1000.0,1000.0,1000.0,1000.0,1000.0,1000.0,1000.0,1000.0,1000.0,1000.0,1000.0,1000.0,1000.0,1000.0,1000.0,1000.0,1000.0,1000.0,1000.0,1000.0,1000.0,1000.0,1000.0,1000.0,1000.0,1000.0,1000.0,1000.0,1000.0,1000.0,1000.0,1000.0,1000.0,1000.0,1000.0,1000.0,1000.0,1000.0,1000.0,1000.0,1000.0,1000.0,1000.0,1000.0,1000.0,1000.0,1000.0,1000.0,1000.0,1000.0,1000.0,1000.0,1000.0,1.0,1.0,1.0,1.0,1.0,1.0,1.0,1.0,1.0,1.0,1.0,1.0,1.0,1.0,1.0,1.0,1.0,1.0,1.0,1.0,1.0,1.0,1.0,1.0,1.0,1.0,1.0,1.0,1.0,1.0,1.0
2025-01,ERI,1000.0,1000.0,1000.0,1000.0,1000.0,1000.0,1000.0,1000.0,1000.0,1000.0,1000.0,1000.0,1075.0,1000.0,1000.0,1000.0,2862.5,2066.6666666666665,2150.0,1683.3333333333333,1370.8333333333333,1000.0,1000.0,1000.0,1000.0,1000.0,1000.0,1000.0,1000.0,1000.0,1000.0,1000.0,1000.0,1000.0,1000.0,3025.0,1883.3333333333333,8400.0,5120.833333333333,8341.666666666666,5083.333333333333,7833.333333333333,4758.333333333333,5541.666666666667,3045.833333333333,5020.833333333333,2860.8695652173915,5458.333333333333,3045.833333333333,1000.0,1000.0,1000.0,1000.0,3637.5,1000.0,4195.833333333333,2645.833333333333,1000.0,3183.333333333333,16258.333333333334,9145.833333333334,5404.166666666667,1000.0,1.0,1.0,1.0,1.0,1.0,1.0,0.9343434343434344,1.0,0.7322413804807436,0.7829420031340638,0.7393023643023643,1.0,1.0,1.0,1.0,1.0,1.0,0.6309042405428822,0.6132431210430275,0.6126205394608024,0.6104282135583475,0.551150032791493,0.5724833940618335,0.5598549978992254,1.0,1.0,0.7274103520814047,1.0,0.7591322137532432,0.5945355988463666,1.0
2025-01,ESP,1000.0,1000.0,1000.0,1000.0,1000.0,1000.0,1000.0,1000.0,134079.16666666666,142491.66666666666,367556.5217391304,399154.1666666667,548437.5,620500.0,369241.6666666667,399045.8333333333,2275000.0,2469565.217391304,1660869.5652173914,1659090.9090909092,1491304.347826087,1508695.652173913,1132182.608695652,1330434.7826086956,1059216.6666666667,1391304.347826087,1037795.6521739132,1391304.347826087,823326.0869565217,574182.6086956522,867678.2608695652,398143.4782608696,636631.8181818182,612330.4347826086,938737.5,1829166.6666666667,2058333.3333333333,11129166.666666666,13391666.666666666,10473913.043478262,12408695.652173912,10795833.333333334,13041666.666666666,8758333.333333334,10954166.666666666,6291666.666666667,7320833.333333333,8141666.666666667,9954166.666666666,1022826.0869565216,1591304.347826087,2370833.333333333,3566666.6666666665,2658333.333333333,961500.0,3458333.333333333,3658333.3333333335,1300000.0,4633333.333333333,27295833.33333333,11483333.333333334,13745833.333333334,1133895.652173913,1.0,1.0,1.0,1.0,1.0499254827642823,1.0659325718037975,1.117300822856752,1.0671927695001535,1.0787145557655955,0.9976989921842864,1.0115942028985507,1.1770562320103863,1.3129283725195682,1.3397447050412992,1.5102030537977986,1.601705429361466,1.5267531340496907,1.1121345029239766,1.2030060883889484,1.1834746186310403,1.2077708732257473,1.2507580017855595,1.1634573205362118,1.2231075748060998,1.5347752603861784,1.5028508771929825,1.3763057929724596,1.3523698247511111,1.339705882352941,1.1959509551553047,1.3765135240826982
2025-01,ETH,1000.0,1000.0,1000.0,1000.0,1000.0,1000.0,1417.391304347826,1000.0,26870.83333333333,21650.0,61979.16666666666,48700.0,73804.16666666667,54583.333333333336,62083.333333333336,48716.66666666666,209250.0,140600.0,184320.8333333333,123458.33333333331,128737.5,81241.66666666667,74400.0,45479.16666666666,32287.5,18550.0,15383.333333333334,8483.333333333334,9004.347826086956,4891.666666666667,2475.0,3212.5,1437.5,7804.166666666667,6000.0,208516.66666666663,153545.83333333334,672958.3333333334,436929.1666666667,665216.6666666666,430537.5,633933.3333333334,407779.1666666667,460916.6666666667,291250.0,437429.1666666667,276750.0,453354.1666666667,285666.6666666667,10920.833333333334,7312.5,24654.166666666668,14395.833333333334,374513.04347826086,38270.833333333336,418991.6666666667,255079.16666666663,38037.5,291779.1666666667,1300000.0,734358.3333333334,485625.0,4659.090909090909,1.0,1.0,1.0,0.8426501035196686,0.8108994990438414,0.7890151534396775,0.7429881818808418,0.788022464083337,0.6741067791894061,0.6713904263823908,0.6312394828751772,0.6115525744752259,0.574768498564543,0.5512782801350625,0.5057466953845317,0.4492681374540336,0.7710560562803451,0.7390827823560403,0.6501744713763699,0.648114418914472,0.6441830005872966,0.6324982082214089,0.6332172269458028,0.6307230960577602,0.6711915478786502,0.5845200761436281,0.681051283218799,0.9939210125993684,0.6964232144197293,0.6623845149053543,0.5167138907630713
2025-01,FIN,1000.0,1000.0,1000.0,1000.0,1000.0,1000.0,1000.0,1000.0,15491.666666666666,18212.5,39312.5,47291.66666666666,53570.833333333336,68275.0,39312.5,47279.16666666666,200330.4347826087,233087.5,158319.04761904763,174647.8260869565,131254.16666666666,164308.69565217392,106912.5,143113.04347826086,98182.60869565218,132834.78260869565,84913.04347826086,117275.0,63978.260869565216,51391.30434782609,88647.82608695653,36786.95652173913,72408.69565217392,60254.16666666666,115850.0,178850.0,218054.16666666663,1014583.3333333334,1312500.0,937075.0,1222112.5,950725.0,1300000.0,792970.8333333334,1121587.5,581112.5,730075.0,734604.1666666666,958937.5,97050.0,187695.8333333333,215545.8333333333,375770.8333333333,264016.6666666667,118739.1304347826,340162.5,345333.3333333333,169325.0,453154.1666666667,2578260.8695652173,1037241.6666666666,1395833.3333333333,96682.60869565218,1.0,1.0,1.0,1.0,1.1658060332676117,1.1925375215514404,1.2647188653013988,1.192245465476674,1.1744647738547862,1.09530879726841,1.2419340804458223,1.3284691637752026,1.354002651095551,1.3917931941226198,1.724566160787807,1.9682698874109064,1.920309069352796,1.2115029629735683,1.2935427024290338,1.3024246572644655,1.3639244354779148,1.4135360861370625,1.256298515263594,1.307625377094787,1.932371111298,1.7431922229654175,1.308047017741725,1.4254605506818194,1.3321435752890851,1.3458061384245978,1.5104469146537207
2025-01,FJI,1000.0,1000.0,1000.0,1000.0,1000.0,1000.0,1000.0,1000.0,7758.333333333333,9308.333333333334,16291.666666666666,18400.0,16237.5,17779.166666666668,16300.0,18420.83333333333,33804.166666666664,38400.0,21841.666666666668,24513.043478260868,13916.666666666666,16766.666666666668,9187.5,11420.833333333334,6473.913043478261,9020.833333333334,4179.166666666667,5591.666666666667,2573.913043478261,1687.5,2116.6666666666665,1100.0,1391.6666666666667,1645.8333333333333,1775.0,42333.333333333336,48437.5,95275.0,111754.16666666669,93745.83333333331,110204.16666666669,88116.66666666667,103425.0,62016.66666666666,74520.83333333333,55179.16666666666,66069.56521739131,60491.66666666666,72916.66666666667,2737.5,3230.4347826086955,7058.333333333333,8700.0,76608.33333333333,12012.5,80441.66666666667,87129.16666666667,18262.5,92225.0,254112.5,110720.83333333331,129929.16666666669,3333.333333333333,1.0,1.0,1.0,1.0,1.1988513871137911,1.1289866454017938,1.094384442960812,1.1297653904917735,1.1355663360835806,1.122589420459994,1.2051725227355918,1.2434931556804296,1.3976854147096684,1.3377953119232189,1.2545615468409588,1.2651515151515151,1.0795138888888889,1.144132076567599,1.172927969112978,1.175448028564566,1.1737411955460826,1.201750749019572,1.198714534632543,1.2054572764659797,1.17770964944878,1.232988438092263,1.1373512670613388,1.5203730704940146,1.1464889701928864,1.1734939932997757,1.2941130930261366
2025-01,FLK,1000.0,1000.0,1000.0,1000.0,1000.0,1000.0,1000.0,1000.0,1000.0,1000.0,1000.0,1000.0,1000.0,1000.0,1000.0,1000.0,1000.0,1000.0,1000.0,1000.0,1000.0,1000.0,1000.0,1000.0,1000.0,1000.0,1000.0,1000.0,1000.0,1000.0,1000.0,1000.0,1000.0,1000.0,1000.0,1000.0,1000.0,1000.0,1000.0,1000.0,1000.0,1000.0,1000.0,1000.0,1000.0,1000.0,1000.0,1000.0,1000.0,1000.0,1000.0,1000.0,1000.0,1000.0,1000.0,1000.0,1000.0,1000.0,1000.0,1417.391304347826,1000.0,1000.0,1000.0,1.0,1.0,1.0,1.0,1.0,1.0,1.0,1.0,1.0,1.0,1.0,1.0,1.0,1.0,1.0,1.0,1.0,1.0,1.0,1.0,1.0,1.0,1.0,1.0,1.0,1.0,1.0,1.0,1.0,1.0,1.0
2025-01,FSM,1000.0,1000.0,1000.0,1000.0,1000.0,1000.0,1000.0,1000.0,1000.0,1000.0,1000.0,1175.0,1000.0,1079.1666666666667,1000.0,1175.0,1375.0,2275.0,1000.0,1012.5,1000.0,1000.0,1000.0,1000.0,1000.0,1000.0,1000.0,1000.0,1000.0,1000.0,1000.0,1000.0,1000.0,1000.0,1000.0,1654.1666666666667,2854.1666666666665,3329.1666666666665,5066.666666666667,3258.333333333333,4966.666666666667,3016.6666666666665,4566.666666666667,1970.8333333333333,2754.1666666666665,1745.8333333333333,2470.833333333333,1908.3333333333333,2670.833333333333,1000.0,1000.0,1000.0,1000.0,2479.1666666666665,1229.1666666666667,2908.333333333333,3895.8333333333335,1700.0,4350.0,10608.695652173914,4016.6666666666665,6245.833333333333,1000.0,1.0,1.0,1.0,1.0,1.0,1.175,1.0791666666666668,1.175,1.6543040293040292,1.0125,1.0,1.0,1.0,1.0,1.0,1.0,1.0,1.727328431372549,1.5222458387069393,1.52440407095145,1.5140520993343574,1.3978557504873292,1.4169049564270153,1.4004629629629628,1.0,1.0,1.5725271739130433,1.3848824786324787,1.4963630224058475,1.5552031528523826,1.0
2025-01,FRO,1000.0,1000.0,1000.0,1000.0,1000.0,1000.0,1000.0,1000.0,1000.0,1000.0,1000.0,1000.0,1000.0,1000.0,1000.0,1000.0,1904.1666666666667,2237.5,1645.8333333333333,1534.7826086956522,1479.1666666666667,1741.6666666666667,1179.1666666666667,1479.1666666666667,1000.0,1254.1666666666667,1000.0,1079.1666666666667,1000.0,1000.0,1079.1666666666667,1000.0,1000.0,1000.0,1166.6666666666667,1912.5,2413.043478260869,10558.333333333334,13400.0,9920.833333333334,12250.0,10216.666666666666,12966.666666666666,8633.333333333334,11212.5,6175.0,7133.333333333333,8012.5,10041.666666666666,1000.0,1870.8333333333333,2400.0,4066.6666666666665,3608.695652173913,4379.166666666667,6716.666666666667,3450.0,6158.333333333333,7958.333333333333,26783.33333333333,11245.833333333334,14216.666666666666,1079.1666666666667,1.0,1.0,1.0,1.0,1.0,1.0,1.0,1.0,1.1683845029239766,0.9327594081110704,1.176984126984127,1.2547348484848484,1.2541666666666669,1.0791666666666668,1.0791666666666668,1.0,1.1666666666666667,1.2554633867276888,1.2682880507328809,1.2338399853935154,1.2683030008506229,1.298478274082065,1.1549167452727904,1.2530044390866928,1.8708333333333331,1.6950189393939394,0.9566523044783912,1.4066713648108995,1.185218523184941,1.2631826829761168,1.082608695652174
2025-01,FRA,1000.0,1000.0,1000.0,1000.0,1000.0,1000.0,1000.0,1000.0,203604.16666666663,214533.3333333333,533366.6666666666,565595.8333333334,727795.8333333334,799600.0,533379.1666666666,565604.1666666666,2854166.6666666665,3025000.0,2312500.0,2316666.6666666665,1712500.0,1875000.0,1287500.0,1533333.3333333333,1045595.8333333334,1395833.3333333333,818204.1666666666,1113241.6666666667,719225.0,513275.0,768737.5,344200.0,541683.3333333334,569995.8333333334,874091.6666666666,2445833.333333333,2691666.6666666665,12079166.666666666,14195652.173913045,11600000.0,13329166.666666666,11670833.333333334,13758333.333333334,9204166.666666666,11141666.666666666,7100000.0,8112500.0,8654166.666666666,10337500.0,907075.0,1412500.0,2150000.0,3120833.333333333,2862500.0,1700000.0,3954166.6666666665,3275000.0,1995833.3333333333,4633333.333333333,29208333.33333333,12645833.333333334,14850000.0,1023108.695652174,1.0,1.0,1.0,1.0,1.0438218277532656,1.0554589997014918,1.0964838375607202,1.0554512401132363,1.0531678717093065,1.0005787037037035,1.0938569872393402,1.1917249417249418,1.332737498452509,1.359740894300015,1.498367549922664,1.572759269137095,1.5337256349363109,1.0953148741690408,1.1779088772994342,1.1490117463745573,1.1784043572023315,1.211458947984015,1.1431191292745009,1.195427400394613,1.5551210742842196,1.4528607226816943,1.1442426108374386,1.1740196078431373,1.1717147435897437,1.1735077567223977,1.4195484546288903
2025-01,GAB,1000.0,1000.0,1000.0,1000.0,1000.0,1000.0,1000.0,1000.0,4033.3333333333335,3725.0,8630.434782608696,7725.0,9187.5,7708.333333333333,8658.333333333334,7733.333333333333,21970.83333333333,18137.5,15750.0,12754.166666666666,12004.166666666666,9770.833333333334,8216.666666666666,5983.333333333333,4895.833333333333,3329.1666666666665,3012.5,1720.8333333333333,1870.8333333333333,1079.1666666666667,1000.0,1179.1666666666667,1104.1666666666667,3195.833333333333,3004.1666666666665,24529.166666666668,21120.83333333333,72141.66666666667,58437.5,69166.66666666667,55633.333333333336,67579.16666666667,54983.333333333336,51200.0,39745.833333333336,44158.333333333336,33954.166666666664,48220.833333333336,36787.5,4375.0,4129.166666666667,7291.666666666667,5883.333333333333,48316.66666666666,18320.83333333333,54737.5,37870.833333333336,17608.333333333332,43533.333333333336,152845.83333333334,80612.5,66558.33333333333,1126.0869565217392,1.0,1.0,1.0,1.0,0.921922258143704,0.8914554618291591,0.8381035693393603,0.8914452220581764,0.8245569684526287,0.8063459615384879,0.8135841311995428,0.7281850411437248,0.6799037712911251,0.5706607797611691,0.9286616161616162,0.9375,0.9400545271260996,0.859540862252398,0.8097225166762755,0.8038789569839042,0.8131663090991973,0.7761315753908501,0.7686957378562892,0.7627295950447496,0.9437231534615256,0.8068082388319117,0.7838276462510779,0.9611582917796074,0.7953420884726251,0.825141739440551,0.600502535110154
2025-01,GBR,3150.0,1000.0,4004.1666666666665,1000.0,1000.0,1000.0,1095.8333333333333,1262.5,261104.16666666663,337041.6666666667,620870.8333333334,777320.8333333334,790758.3333333334,1004558.3333333334,621475.0,778183.3333333334,2854166.6666666665,3233333.333333333,2500000.0,2712500.0,2141666.6666666665,2491666.6666666665,1712500.0,2112500.0,1365217.391304348,1766666.6666666667,1043537.5,1333333.3333333333,864608.3333333334,690870.8333333334,1057745.8333333333,484637.5,800500.0,682062.5,1052729.1666666667,2579166.6666666665,3104166.6666666665,14379166.666666666,17691666.666666668,13670833.333333334,16662500.0,13954166.666666666,17104166.666666668,11379166.666666666,14629166.666666666,8625000.0,10520833.333333334,10675000.0,13650000.0,1148958.3333333333,1904166.6666666667,2704166.6666666665,4191666.6666666665,2800000.0,2504166.6666666665,4704166.666666667,3304166.6666666665,3600000.0,6079166.666666667,35687500.0,15075000.0,18475000.0,1233333.3333333333,0.8100720400703567,0.7341445427728613,1.0,1.1905122655122655,1.283749131116677,1.2465419141778875,1.263283037292266,1.2468500008890568,1.1306478097356851,1.085835707502374,1.1640355417529331,1.2359943977591037,1.305270092226614,1.2786516736075275,1.5340159174263848,1.6398658544299856,1.5444551528178811,1.200813866932288,1.233186279681008,1.2212110346713825,1.2282037242490729,1.2874353764619852,1.220601063823491,1.2797721029224216,1.6562783338598248,1.5523540688770574,1.180059523809524,1.4376923076923076,1.2923130910165483,1.2282841810495044,1.4258874099502228
2025-01,GRD,1000.0,1000.0,1000.0,1000.0,1000.0,1000.0,1000.0,1000.0,1075.0,1075.0,2021.7391304347825,2070.833333333333,2154.1666666666665,2308.333333333333,2054.1666666666665,2083.333333333333,5900.0,6300.0,4947.826086956522,4912.5,3750.0,3770.8333333333335,2587.5,2995.833333333333,1678.2608695652175,2012.5,1000.0,1062.5,1000.0,1000.0,1000.0,1000.0,1000.0,1000.0,1000.0,6120.833333333333,6525.0,21460.869565217392,22862.5,20945.83333333333,22341.666666666668,20283.33333333333,21491.666666666668,15620.833333333334,16491.666666666668,13762.5,14495.652173913044,15045.833333333334,15987.5,1000.0,1000.0,1725.0,2000.0,12125.0,3950.0,14075.0,11720.833333333334,4037.5,13929.166666666666,53120.833333333336,23673.91304347826,25125.0,1000.0,1.0,1.0,1.0,1.0,1.0,1.0199604743083004,1.0688995937637242,1.0134469696969697,1.0665132737986758,0.9916715850219688,1.0060089764037132,1.157838886824394,1.2048593350383632,1.0625,1.0,1.0,1.0,1.0646764965091366,1.0651000380750757,1.067206716045707,1.0600314597814238,1.0566935889723978,1.055868904352385,1.063457135040119,1.0,1.158632897603486,0.966716949198128,1.0221730206927575,0.9896750401141868,1.0595037586163871,1.0
2025-01,GEO,1000.0,1000.0,1000.0,1000.0,1000.0,1000.0,1000.0,1000.0,20258.33333333333,25970.83333333333,46204.34782608696,59129.16666666666,55350.0,67083.33333333333,46425.0,59208.333333333336,189020.8333333333,216045.8333333333,152033.33333333334,161608.33333333334,124033.33333333331,146575.0,84066.66666666667,118654.16666666669,58275.0,91204.16666666669,37408.333333333336,66663.63636363637,25030.434782608696,15578.260869565218,34045.833333333336,11173.91304347826,28756.52173913044,17195.833333333332,39383.333333333336,167604.16666666666,197225.0,719833.3333333334,950354.1666666666,700125.0,915729.1666666666,691633.3333333334,914933.3333333334,530854.1666666666,734183.3333333334,463791.6666666667,583559.0909090909,510754.1666666667,696054.1666666666,28654.166666666668,68408.33333333333,70391.30434782608,149916.66666666666,402937.5,181437.5,475029.1666666667,517345.8333333333,272375.0,617412.5,1829166.6666666667,761100.0,1011441.6666666666,48991.30434782609,1.0,1.0,1.0,1.0,1.2791911930845787,1.2717180616082693,1.208530342127047,1.2716929911724717,1.140198249015822,1.0623342345230866,1.1819016085855405,1.4126146871777043,1.5663212791387802,1.7887121689656815,2.185304503551753,2.575601661331312,2.292141966199217,1.1736555114988216,1.3204850080967858,1.308302813314531,1.323105485108145,1.383149574789923,1.260307259096597,1.363053391040033,2.3888194407332226,2.128244909937219,1.2839577528908803,1.5012379318923312,1.2997468132080845,1.3282640434985165,1.9571710410350784
2025-01,GUF,1000.0,1000.0,1000.0,1000.0,1000.0,1000.0,1000.0,1000.0,1500.0,1470.8333333333333,3662.5,3579.1666666666665,4195.833333333333,4200.0,3662.5,3579.1666666666665,11300.0,11900.0,7575.0,8041.666666666667,5608.333333333333,6387.5,3975.0,4916.666666666667,3026.086956521739,3920.8333333333335,2070.833333333333,2662.5,1625.0,1225.0,1437.5,1000.0,1043.4782608695652,1245.8333333333333,1354.1666666666667,11341.666666666666,12183.333333333334,38662.5,43212.5,37529.16666666666,41783.333333333336,36725.0,41120.833333333336,27337.5,31295.83333333333,22408.33333333333,25591.304347826088,26125.0,30008.33333333333,2091.6666666666665,2379.1666666666665,4933.333333333333,5995.833333333333,9170.833333333334,4669.565217391304,12150.0,11225.0,5733.333333333333,14337.5,97691.66666666669,42204.16666666666,46700.0,2163.6363636363635,1.0,1.0,1.0,1.0,0.982689950980392,0.9756451042771296,1.0023378756611874,0.9756451042771296,1.0544471592283395,1.0624266501252164,1.1397737385294595,1.2371069817716158,1.2933984806604142,1.287837407690349,1.175213675213675,1.0434782608695652,1.0875825563325563,1.0741222481258148,1.117847592801108,1.113672097106216,1.1199860864322269,1.146278261492417,1.1460299254983684,1.1504392901172202,1.1373827561327563,1.2154182153630684,1.223999620256633,1.2262484018481887,1.1800438656228454,1.107222766540661,1.3332843626961275
2025-01,GGY,1000.0,1000.0,1000.0,1000.0,1000.0,1000.0,1000.0,1000.0,1000.0,1000.0,1000.0,1000.0,1000.0,1000.0,1000.0,1000.0,1695.8333333333333,1762.5,1537.5,1662.5,1554.1666666666667,1816.6666666666667,1266.6666666666667,1529.1666666666667,1058.3333333333333,1258.3333333333333,1000.0,1145.8333333333333,1000.0,1000.0,1075.0,1000.0,1000.0,1000.0,1000.0,1508.3333333333333,1645.8333333333333,10437.5,13204.166666666666,9862.5,12220.833333333334,10183.333333333334,12941.666666666666,8708.333333333334,11350.0,6183.333333333333,7479.166666666667,8100.0,10326.08695652174,1079.1666666666667,1733.3333333333333,2512.5,3916.6666666666665,2091.6666666666665,2600.0,4008.3333333333335,2095.833333333333,3960.869565217392,4987.5,25741.666666666668,10816.666666666666,13569.565217391304,1154.1666666666667,1.0,1.0,1.0,1.0,1.0,1.0,1.0,1.0,1.0369152046783623,1.081150232528909,1.1683035714285714,1.206834831834832,1.1893939393939397,1.1458333333333333,1.075,1.0,1.0,1.0883253490790257,1.2648563290473571,1.2391950461540313,1.2706864055741205,1.3034403791197626,1.209455053900881,1.2779360220427545,1.6041666666666667,1.5578613053613053,1.002552308802309,1.5227272727272727,1.2442959141129872,1.256044483618166,1.1541666666666666
2025-01,GHA,1000.0,1000.0,1000.0,1000.0,1000.0,1000.0,1000.0,1000.0,48125.0,27962.5,111504.16666666669,61404.16666666666,129266.66666666669,71329.16666666667,111658.33333333331,61454.16666666666,364350.0,241287.5,281629.1666666667,228333.3333333333,198462.5,161550.0,120287.5,95175.0,63341.66666666666,49045.833333333336,33450.0,24116.666666666668,21347.82608695652,15491.666666666666,9175.0,12095.833333333334,7100.0,40213.04347826087,29591.666666666668,373575.0,224260.86956521735,1149454.1666666667,875483.3333333334,1128866.6666666667,848062.5,1062687.5,838862.5,780375.0,627216.6666666666,692237.5,562239.1304347826,738450.0,596337.5,52112.5,36591.30434782609,88408.33333333333,60533.333333333336,568683.3333333334,325950.0,775512.5,386633.3333333333,227478.2608695652,562712.5,2295833.333333333,1245833.3333333333,934283.3333333334,14854.166666666666,1.0,1.0,1.0,1.0,0.5820398276043103,0.5505524236713893,0.5509723852812815,0.5502191567523312,0.6619498379713623,0.8109839381183495,0.8136907855185198,0.7908258427724338,0.7737596231906099,0.7200767962241489,0.5928188220898275,0.5881270988581909,0.7351434225825022,0.602701599854212,0.7613756613958155,0.7517890624124836,0.78890508202687,0.8033791880323636,0.8104407212833022,0.8070787819387032,0.7002142276402696,0.6846899570343594,0.6799160767062858,0.6979572594792451,0.7256120663254757,0.7497966103341103,0.7000671311341577
2025-01,GIB,1000.0,1000.0,1000.0,1000.0,1000.0,1000.0,1000.0,1000.0,1000.0,1000.0,1000.0,1000.0,1000.0,1000.0,1000.0,1000.0,1139.1304347826087,1256.5217391304348,1186.9565217391305,1226.0869565217392,1226.0869565217392,1326.0869565217392,1000.0,1147.8260869565215,1000.0,1078.2608695652175,1000.0,1000.0,1000.0,1000.0,1000.0,1000.0,1000.0,1000.0,1000.0,1000.0,1150.0,8200.0,9900.0,7454.166666666667,9000.0,7979.166666666667,9633.333333333334,7058.333333333333,8579.166666666666,4900.0,5562.5,6391.666666666667,7754.166666666667,1078.2608695652175,1382.608695652174,2143.478260869565,3004.3478260869565,1383.3333333333333,1445.8333333333333,2416.6666666666665,1329.1666666666667,1641.6666666666667,2600.0,19839.130434782608,8417.391304347826,10226.08695652174,1000.0,1.0,1.0,1.0,1.0,1.0,1.0,1.0,1.0,1.1015810276679845,1.0329380764163374,1.082329988851728,1.1478260869565218,1.0782608695652174,1.0,1.0,1.0,1.0,1.15,1.2081637980776068,1.1993316148055944,1.208338342632573,1.216834454689949,1.13684282992434,1.21424774552884,1.28300395256917,1.4020426560472328,0.9615384615384616,1.1371031746031746,1.0760416666666666,1.215128925467839,1.0
2025-01,GRL,1000.0,1000.0,1000.0,1000.0,1000.0,1000.0,1000.0,1000.0,1000.0,1000.0,1000.0,1000.0,1000.0,1000.0,1000.0,1000.0,1937.5,1658.3333333333333,1765.2173913043478,1591.304347826087,1658.3333333333333,1530.4347826086955,1360.8695652173913,1200.0,1000.0,1000.0,1000.0,1000.0,1000.0,1000.0,1000.0,1000.0,1000.0,1000.0,1000.0,2108.333333333333,1860.8695652173917,10652.173913043478,9154.545454545454,10254.166666666666,8895.652173913044,10258.333333333334,8833.333333333334,8595.833333333334,7491.666666666667,6541.666666666667,5741.666666666667,8191.666666666667,7233.333333333333,1000.0,1000.0,2069.5652173913045,1782.608695652174,5150.0,3791.6666666666665,7287.5,3170.833333333333,4291.666666666667,6041.666666666667,22017.391304347828,11347.826086956522,9834.782608695652,1000.0,1.0,1.0,1.0,1.0,1.0,1.0,1.0,1.0,0.8567401960784314,0.9027777777777778,0.9207161125319692,0.8848542761586239,1.0,1.0,1.0,1.0,1.0,0.8867557563209737,0.8609971483526359,0.865341898663966,0.8618967161977572,0.8720537795694151,0.8784993290834984,0.8836781400033445,1.0,0.8616541353383458,0.6158289341377577,1.132028030054346,0.8290812216325915,0.8672495226389703,1.0
2025-01,GMB,1000.0,1000.0,1000.0,1000.0,1000.0,1000.0,1000.0,1000.0,6058.333333333333,3041.6666666666665,14378.260869565218,6916.666666666667,16916.666666666668,7820.833333333333,14665.217391304348,7034.782608695652,43100.0,19291.666666666668,24504.34782608696,12077.272727272728,14050.0,7325.0,8258.333333333334,3760.869565217392,4172.727272727273,1745.8333333333333,2165.217391304348,1000.0,1260.8695652173913,1000.0,1000.0,1000.0,1000.0,1526.0869565217392,1000.0,46158.333333333336,21583.33333333333,100521.73913043478,46804.34782608696,98756.52173913045,46582.608695652176,91020.83333333331,43133.333333333336,56362.5,27366.666666666668,52583.333333333336,25475.0,54795.833333333336,26558.33333333333,1917.391304347826,1078.2608695652175,3891.304347826087,1966.6666666666667,46412.5,20158.33333333333,58650.0,20258.33333333333,12975.0,28812.5,187226.08695652173,115273.91304347826,54634.782608695656,1000.0,1.0,1.0,1.0,1.0,0.5019359757881535,0.4801319497283541,0.4633332788423175,0.4800828447253057,0.4544013751243704,0.4941655310407082,0.5220530198911092,0.4531031715653686,0.4198532821418656,0.4647416501958338,1.0,1.0,0.6591415830546266,0.4687513503377813,0.4727131709964015,0.4726000173422675,0.4748504208698628,0.485961644706187,0.4848690906805675,0.4851752289008771,0.5645436053902874,0.5086329009711831,0.4364818290748106,0.6436643169732882,0.4912706252513611,0.4745290758545663,0.7975736384827296
2025-01,GIN,1000.0,1000.0,1000.0,1000.0,1000.0,1000.0,1000.0,1000.0,3995.8333333333335,2070.833333333333,9845.833333333334,4754.166666666667,12545.833333333334,5529.166666666667,9858.333333333334,4754.166666666667,36004.166666666664,15620.833333333334,33582.608695652176,14704.166666666666,23595.83333333333,9812.5,13820.833333333334,4800.0,6686.95652173913,1879.1666666666667,3191.6666666666665,1000.0,1745.8333333333333,1016.6666666666666,1000.0,1000.0,1000.0,1979.1666666666667,1000.0,35137.5,16050.0,120570.83333333331,49079.16666666666,118787.5,48254.16666666666,113095.83333333331,46375.0,85358.33333333333,33829.166666666664,80033.33333333333,31779.166666666668,83437.5,32987.5,2650.0,1062.5,5333.333333333333,1875.0,96758.33333333331,29891.304347826088,102970.83333333331,37808.333333333336,19941.666666666668,42579.16666666666,188875.0,130379.16666666669,54479.16666666666,1000.0,1.0,1.0,1.0,1.0,0.5177893965081997,0.4826916867269179,0.4405534814654204,0.4820765608424268,0.4338413306986097,0.4376967912700861,0.4158949825543956,0.3473120175898266,0.280893818060526,0.3139313392546151,0.9848484848484848,1.0,0.5055868838763575,0.4567235970527557,0.4070316389701962,0.4061938282447544,0.4100105420586419,0.3962892588788722,0.3970503745313083,0.3953295764201968,0.4009140550807217,0.3516400082289834,0.3907808817539866,0.6672145297624873,0.4135572679090871,0.4177547390204907,0.5741081154684097
2025-01,GLP,1000.0,1000.0,1000.0,1000.0,1000.0,1000.0,1000.0,1000.0,1250.0,1316.6666666666667,3113.043478260869,3445.833333333333,4195.833333333333,4741.666666666667,3125.0,3504.3478260869565,15252.173913043478,16386.956521739132,12017.391304347826,12831.818181818182,9641.666666666666,11683.333333333334,7295.652173913043,9882.608695652174,5786.95652173913,8778.260869565218,4416.666666666667,6783.333333333333,4639.130434782609,3591.304347826087,5113.04347826087,2665.217391304348,3721.7391304347834,3982.608695652174,4954.166666666667,13004.166666666666,14429.166666666666,69365.21739130435,87778.26086956522,65717.39130434782,82663.63636363637,66491.66666666667,84225.0,53475.0,70716.66666666667,38587.5,49986.95652173913,49591.66666666666,65783.33333333333,6695.652173913043,8817.391304347826,14800.0,20656.52173913044,16129.166666666666,7412.5,21875.0,20729.166666666668,9091.666666666666,26783.33333333333,177760.86956521738,71617.39130434782,90116.66666666669,6769.565217391304,1.0,1.0,1.0,1.0,1.0518162393162394,1.0971019166629277,1.1310484853824354,1.0986864406326986,1.0743567621637948,1.070111548185164,1.2112408762191835,1.3548868211669685,1.5169224211165442,1.5350761200231704,1.4243753991132624,1.3963080076123555,1.2388730231167089,1.1091655561761278,1.2657214104369037,1.26278008743904,1.2672845021075845,1.323371380914779,1.3000359375525312,1.3274910413711791,1.3158548561572128,1.3951194057208651,1.285280593775591,1.2266419844502037,1.224443623601314,1.2543595466762942,1.4580175439700525
2025-01,GNQ,1000.0,1000.0,1000.0,1000.0,1000.0,1000.0,1000.0,1000.0,2712.5,1866.6666666666667,5379.166666666667,3762.5,5170.833333333333,3658.3333333333335,5383.333333333333,3766.6666666666665,10708.333333333334,7245.833333333333,6570.833333333333,4137.5,4762.5,3079.1666666666665,3400.0,2029.1666666666667,1904.3478260869565,1075.0,1075.0,1000.0,1000.0,1000.0,1000.0,1000.0,1000.0,1000.0,1000.0,13845.833333333334,9500.0,29882.60869565217,18795.652173913044,29250.0,18441.666666666668,27450.0,17270.833333333332,19316.666666666668,11775.0,17583.333333333332,10833.333333333334,18779.166666666668,11391.666666666666,1000.0,1000.0,1741.6666666666667,1000.0,15708.333333333334,3237.5,19304.166666666668,9208.333333333334,2675.0,11912.5,63233.333333333336,35454.166666666664,22521.739130434784,1000.0,1.0,1.0,1.0,1.0,0.6853874605869512,0.6975302639598278,0.7048972550106852,0.6977143399690598,0.6754843179902128,0.6289537276916654,0.6457995815186165,0.5962536497166478,0.5648337595907928,0.931818181818182,1.0,1.0,1.0,0.6880139963086522,0.6296450446328576,0.6292312496419383,0.6280560088949644,0.6086581533496344,0.6151684817446742,0.6057784649182957,1.0,0.5765931372549019,0.5862218217716332,0.8264678030303031,0.6171600783171934,0.6349344075923842,1.0
2025-01,GRC,1000.0,1000.0,1000.0,1000.0,1000.0,1000.0,1000.0,1000.0,27029.166666666668,27233.33333333333,71152.17391304347,73970.83333333333,97104.16666666669,103433.33333333331,71366.66666666667,73962.5,378566.6666666667,407658.3333333333,343891.6666666667,314008.3333333333,284245.8333333333,269345.8333333333,224991.66666666663,249041.66666666663,217858.3333333333,258800.0,191741.66666666663,233237.5,155550.0,112975.0,148433.33333333334,69100.0,95526.08695652174,101670.83333333331,122229.16666666669,305245.8333333333,331982.60869565216,2112500.0,2291666.6666666665,2012500.0,2191666.6666666665,2070833.3333333333,2250000.0,1720833.3333333333,1900000.0,1254166.6666666667,1333333.3333333333,1616666.6666666667,1791666.6666666667,170020.83333333334,217862.5,436887.5,563758.3333333334,806991.6666666666,273283.3333333333,916783.3333333334,855245.8333333334,277441.6666666667,975166.6666666666,4800000.0,2187500.0,2370833.333333333,201079.16666666663,1.0,1.0,1.0,1.0,0.9991288028114216,1.0272843265292937,1.0568116976999475,1.028387429855835,1.0688777417530997,0.911965248017823,0.9466588654921224,1.1062924194346064,1.1870288786733207,1.2153736985382309,1.3126178491501788,1.374330850421061,1.201119074022652,1.0829943071807002,1.083724146224146,1.0878501400560223,1.08532488753077,1.1029411764705883,1.0611645299145298,1.1070990896358543,1.279852264067771,1.2887822912165952,1.0597919874285946,1.0152570477922445,1.0637267897563856,1.0826379739423218,1.2913949238287137
2025-01,SGS,1000.0,1000.0,1000.0,1000.0,1000.0,1000.0,1000.0,1000.0,1000.0,1000.0,1000.0,1000.0,1000.0,1000.0,1000.0,1000.0,1000.0,1000.0,1000.0,1000.0,1000.0,1000.0,1000.0,1000.0,1000.0,1000.0,1000.0,1000.0,1000.0,1000.0,1000.0,1000.0,1000.0,1000.0,1000.0,1000.0,1000.0,1000.0,1000.0,1000.0,1000.0,1000.0,1000.0,1000.0,1000.0,1000.0,1000.0,1000.0,1000.0,1000.0,1000.0,1000.0,1000.0,1000.0,1000.0,1000.0,1000.0,1000.0,1000.0,1000.0,1000.0,1000.0,1000.0,1.0,1.0,1.0,1.0,1.0,1.0,1.0,1.0,1.0,1.0,1.0,1.0,1.0,1.0,1.0,1.0,1.0,1.0,1.0,1.0,1.0,1.0,1.0,1.0,1.0,1.0,1.0,1.0,1.0,1.0,1.0
2025-01,GTM,1000.0,1000.0,1000.0,1000.0,1000.0,1420.8333333333333,1000.0,1000.0,83429.16666666667,97100.0,179116.66666666666,207208.3333333333,187275.0,214216.66666666663,179462.5,207675.0,512587.5,529541.6666666666,367113.04347826086,359100.0,231587.5,245283.3333333333,148804.16666666666,170545.83333333334,99620.83333333331,119416.66666666669,64879.16666666666,79278.26086956522,40766.66666666666,25100.0,32370.83333333333,18062.5,23269.565217391304,29804.166666666668,36266.66666666666,527925.0,589234.7826086957,1554166.6666666667,1658333.3333333333,1508333.3333333333,1645833.3333333333,1454166.6666666667,1558333.3333333333,988225.0,1108333.3333333333,895679.1666666666,975733.3333333334,975958.3333333334,1077400.0,47687.5,60043.47826086957,113458.33333333331,143400.0,1200000.0,251408.3333333333,1300000.0,1300000.0,279279.1666666667,1400000.0,3800000.0,1720833.3333333333,1858333.3333333333,50504.34782608696,1.0,1.0,1.4208333333333334,1.0,1.1624297117866045,1.155833740814759,1.143485472917695,1.1562411555078664,1.032406286396089,0.9772471322689654,1.0592556361957872,1.145780139455069,1.198917191949462,1.2232327177089326,1.2898736045697954,1.2891432878078035,1.2167280128577047,1.117415880617753,1.067311507936508,1.091046626984127,1.0719780219780222,1.1210519439556903,1.0895100044830248,1.1053108767706998,1.2546116717751397,1.2638831751582325,1.0833333333333333,1.1108755053297257,1.0769230769230769,1.082107843137255,1.2381755331023434
2025-01,GUM,1000.0,1000.0,1000.0,1000.0,1000.0,1000.0,1000.0,1000.0,1245.8333333333333,1625.0,2460.8695652173915,3412.5,2654.1666666666665,3633.3333333333335,2475.0,3416.6666666666665,9170.833333333334,11729.166666666666,7134.782608695652,7829.166666666667,6150.0,6716.666666666667,4300.0,4912.5,3258.333333333333,4000.0,2345.833333333333,3091.6666666666665,1995.8333333333333,1454.1666666666667,2116.6666666666665,1079.1666666666667,1543.4782608695652,1500.0,2237.5,8312.5,11017.391304347826,38533.333333333336,46862.5,36925.0,44591.66666666666,37112.5,45212.5,29333.33333333333,35258.333333333336,23350.0,26850.0,27750.0,33104.166666666664,2583.333333333333,3770.8333333333335,6029.166666666667,8612.5,11770.833333333334,10041.666666666666,19050.0,11950.0,13316.666666666666,21733.33333333333,98604.16666666669,41125.0,50316.66666666666,2770.833333333333,1.0,1.0,1.0,1.0,1.290254884004884,1.3685376818880657,1.360240679924588,1.369606107400225,1.269388381255553,1.0911992856262365,1.091234134007201,1.1423303859287175,1.2282577172283056,1.3195138888888889,1.4558760683760683,1.423715415019763,1.4944711538461537,1.3222580314905052,1.2155220914339706,1.2068663227041154,1.2175856189063154,1.2028850441575394,1.1497153526292618,1.1935916685583532,1.461360398860399,1.429737995539407,1.0152369588466923,1.3261441185635172,1.1408619742641644,1.2223473467542725,1.389355742296919
2025-01,GNB,1000.0,1000.0,1000.0,1000.0,1000.0,1000.0,1000.0,1000.0,1337.5,1000.0,3100.0,1708.3333333333333,3625.0,1920.8333333333333,3100.0,1708.3333333333333,8954.166666666666,4937.5,6565.217391304348,3466.6666666666665,3941.6666666666665,2037.5,2379.1666666666665,1175.0,1279.1666666666667,1000.0,1000.0,1000.0,1000.0,1000.0,1000.0,1000.0,1000.0,1000.0,1000.0,9837.5,5495.652173913043,25683.33333333333,13212.5,25116.666666666668,12954.166666666666,23883.33333333333,12291.666666666666,16775.0,8487.5,15175.0,7695.833333333333,16166.666666666666,8183.333333333333,1000.0,1000.0,1562.5,1000.0,19045.83333333333,3804.1666666666665,20620.83333333333,9075.0,2312.5,10104.166666666666,45658.333333333336,28665.217391304348,14956.521739130434,1000.0,1.0,1.0,1.0,1.0,0.7648809523809524,0.5485857505739109,0.5287651778066932,0.5485857505739109,0.5509446824154208,0.5279161732658844,0.5168945301206213,0.4937349033816425,0.7825854700854702,1.0,1.0,1.0,1.0,0.5591105504092237,0.5143733777060787,0.5157860689918673,0.5147480735737201,0.5059516076412041,0.5071412303992997,0.506145729204211,1.0,0.6413690476190476,0.4765137264244687,0.6079059829059829,0.4900354041677954,0.5200278365301076,1.0
2025-01,GUY,1000.0,1000.0,1000.0,1000.0,1000.0,1000.0,1000.0,1000.0,3125.0,3939.130434782609,6695.652173913043,8379.166666666666,7237.5,8979.166666666666,6691.304347826087,8382.608695652174,21800.0,26504.34782608696,17400.0,20860.869565217392,11647.826086956522,15043.478260869566,7282.608695652174,9513.04347826087,4447.826086956522,6191.304347826087,3054.1666666666665,4237.5,2052.1739130434785,1373.9130434782608,1943.4782608695648,1000.0,1273.9130434782608,1412.5,1654.1666666666667,21670.83333333333,27245.83333333333,71283.33333333333,88916.66666666667,69883.33333333333,87275.0,67683.33333333333,84287.5,50166.66666666666,63208.333333333336,44187.5,55830.434782608696,48704.16666666666,61504.34782608696,2387.5,2929.1666666666665,5808.333333333333,7970.833333333333,51758.333333333336,16416.666666666668,57358.333333333336,61191.66666666666,21379.166666666668,68087.5,183870.8333333333,77652.17391304347,97475.0,3034.782608695652,1.0,1.0,1.0,1.0,1.26383969291578,1.247927040012501,1.2391231856856857,1.251203927326973,1.2151183879202234,1.199180096626731,1.2916009827672092,1.3067188920979766,1.3922760036158532,1.3887872823860727,1.4142379359770665,1.2739130434782608,1.1717338217338216,1.2564051750866123,1.2474317143822695,1.248814823790276,1.2453069753229355,1.260296005273708,1.2629365983153256,1.2646503021092672,1.227245827843654,1.3729030119878571,1.1823156877295655,1.3022958327196137,1.1870710338826214,1.2535807864783346,1.479840906614362
2025-01,HKG,1000.0,1000.0,1000.0,1000.0,1000.0,1000.0,1000.0,1000.0,20629.166666666668,33458.333333333336,45372.72727272727,72295.83333333333,52341.66666666666,81158.33333333333,45745.833333333336,72329.16666666667,233237.5,350754.1666666667,274179.1666666667,334737.5,267300.0,349804.1666666667,219895.8333333333,287795.652173913,177537.5,231791.66666666663,115370.83333333331,138308.33333333334,84591.66666666667,56808.333333333336,58450.0,41629.16666666666,46508.69565217391,66454.16666666667,86883.33333333333,178475.0,267341.6666666667,1512500.0,1991666.6666666667,1437500.0,1891666.6666666667,1495833.3333333333,1929166.6666666667,1295833.3333333333,1612500.0,1044887.5,1334782.608695652,1229166.6666666667,1533333.3333333333,107691.66666666669,132575.0,245008.3333333333,283139.1304347826,448141.6666666667,461504.347826087,799062.5,520520.8333333333,580125.0,985416.6666666666,3947826.086956522,1569565.2173913044,2034782.608695652,93700.0,1.0,1.0,1.0,1.0,1.602160803965175,1.560823545319182,1.5359828443923949,1.563980918264092,1.491723643881345,1.216376896829329,1.3073224425692132,1.3138069292671666,1.3063304354423424,1.198803238509881,1.0288506450981167,1.1190181321780155,1.3098873480118802,1.4868232804893655,1.3177083333333333,1.3134920634920637,1.2880208333333334,1.2432359307359306,1.2755870617628164,1.250267094017094,1.232494024763675,1.1583361687665097,1.161532346070458,1.2567521469083311,1.2332268439675151,1.2940397730998754,1.108635718155589
2025-01,HND,1000.0,1000.0,1000.0,1000.0,1000.0,1000.0,1000.0,1000.0,41554.16666666666,52129.16666666666,90513.04347826086,114200.0,96608.33333333331,120458.33333333331,90837.5,114366.66666666669,266087.5,310200.0,182558.3333333333,222483.3333333333,121604.16666666669,155254.16666666666,78358.33333333333,109395.83333333331,51841.66666666666,77700.0,33429.166666666664,53429.16666666666,21600.0,14095.833333333334,22795.83333333333,9529.166666666666,16569.565217391304,16345.833333333334,24345.83333333333,268112.5,322537.5,781245.8333333334,1053675.0,765779.1666666666,973475.0,738325.0,963829.1666666666,529033.3333333334,715433.3333333334,466287.5,611954.1666666666,514787.5,688987.5,26141.666666666668,41037.5,61737.5,97558.33333333331,569320.8333333334,157569.5652173913,625395.8333333334,726766.6666666666,227387.5,794450.0,2100000.0,879362.5,1149425.0,34991.666666666664,1.0,1.0,1.0,1.0,1.2522988412889198,1.2571268993742664,1.2452841763900255,1.2566666526685104,1.1644366650640896,1.218831784817379,1.2769511104656226,1.3959081594982476,1.499556634394428,1.5985258772098658,1.61852351773688,1.740302101743444,1.4901629787355066,1.2020514044821948,1.3471920591157345,1.271846358932433,1.305011913754367,1.3523133793854267,1.3124070959412155,1.338354494487522,1.5702630277965053,1.5805386871852345,1.2765310756237598,1.443047486916949,1.2703164621135343,1.3059239454446396,1.6204619936490718
2025-01,HRV,1000.0,1000.0,1000.0,1000.0,1000.0,1000.0,1000.0,1000.0,7833.333333333333,9241.666666666666,21316.666666666668,27375.0,30970.83333333333,40000.0,21316.666666666668,27366.666666666668,138158.33333333334,162745.83333333334,133783.33333333334,131004.16666666669,103854.16666666669,106200.0,73125.0,85433.33333333333,59391.66666666666,79925.0,46600.0,66850.0,33679.166666666664,23300.0,33987.5,14504.166666666666,22100.0,24369.565217391304,32229.166666666668,108041.66666666669,137175.0,663895.8333333334,759750.0,638383.3333333334,730629.1666666666,643483.3333333334,738616.6666666666,517004.1666666667,598012.5,415683.3333333333,463233.3333333333,491191.6666666667,568545.8333333334,38416.66666666666,54556.52173913043,96479.16666666669,135812.5,255875.0,62620.833333333336,280937.5,290866.6666666667,76766.66666666667,319662.5,1575000.0,683765.2173913043,783087.5,47408.333333333336,1.0,1.0,1.0,1.0,1.1724678728681586,1.2761422482291205,1.2835462966312017,1.275786122872995,1.1703863690852316,0.9785623866054436,1.0227291677120511,1.168163041090706,1.3455691258950957,1.434255242729894,1.4575211523751992,1.522597242279142,1.3190753837928773,1.2612901501343925,1.1433037837909463,1.1436549672837686,1.1470880099663603,1.15648850620899,1.1140415997957107,1.1571606802158187,1.4107253362075698,1.407133869256894,1.1366964070725143,1.2259145001454956,1.1378135853612006,1.1410002604139675,1.4070112729760405
2025-01,HTI,1000.0,1000.0,1000.0,1000.0,1000.0,1000.0,1000.0,1008.3333333333334,17429.166666666668,11379.166666666666,39779.16666666666,25641.666666666668,45162.5,28070.83333333333,39812.5,25645.83333333333,106566.66666666669,71220.83333333333,63583.333333333336,49891.30434782609,36783.333333333336,28466.666666666668,22583.33333333333,17516.666666666668,11941.666666666666,9316.666666666666,7141.666666666667,5347.826086956522,4787.5,2954.1666666666665,1962.5,1895.8333333333333,1343.4782608695652,6691.666666666667,4420.833333333333,119816.66666666669,78939.13043478261,264056.52173913043,194066.66666666663,257133.3333333333,189750.0,242720.8333333333,180945.8333333333,158979.16666666666,122104.16666666669,142725.0,111191.66666666669,152158.33333333334,118079.16666666669,8591.666666666666,5816.666666666667,16225.0,11287.5,173787.5,40362.5,196475.0,131845.83333333334,26362.5,150787.5,554650.0,304325.0,220412.5,3504.1666666666665,1.0,1.0,1.0,1.0083333333333333,0.6551233932215342,0.6467296492758541,0.6225254492129362,0.6463238416647957,0.6691310609018263,0.7852569364419655,0.7739001350937413,0.7754340674168261,0.7802420464617241,0.749459135396676,0.6639292154308839,0.7067258940189348,0.6605757067545094,0.6617725239900514,0.7341172427480742,0.7383074695441189,0.7456284346776041,0.7684035229592547,0.7793830197128725,0.7764449314777769,0.6767756671257645,0.6955765680009094,0.7586583382049947,0.6531417724283665,0.767433650882645,0.7246802344205611,0.7322071889162566
2025-01,HUN,1000.0,1000.0,1000.0,1000.0,1000.0,1000.0,1000.0,1000.0,20762.5,23645.83333333333,54608.333333333336,63112.5,72566.66666666667,86420.83333333333,54608.333333333336,63116.66666666666,295750.0,326741.6666666667,249204.16666666663,246995.8333333333,192354.16666666663,204466.66666666663,128087.5,147175.0,99266.66666666669,124525.0,100729.16666666669,138900.0,67829.16666666667,40508.333333333336,64458.333333333336,20837.5,36968.181818181816,41245.833333333336,70662.5,236412.5,274300.0,1216666.6666666667,1433333.3333333333,1155875.0,1356521.7391304348,1157045.8333333333,1416666.6666666667,919275.0,1134637.5,750566.6666666666,851691.6666666666,883970.8333333334,1058558.3333333333,62745.833333333336,108466.66666666669,172237.5,268737.5,441854.1666666667,225462.5,540062.5,533960.8695652174,268952.17391304346,650766.6666666666,2875000.0,1252173.9130434785,1520833.3333333333,99854.16666666669,1.0,1.0,1.0,1.0,1.136186336786887,1.1515865276696269,1.1874646589859263,1.1516578747015902,1.1022347109242994,0.9915426539014672,1.0627576289729066,1.149540960362465,1.255161779303226,1.3799701292602349,1.592558277112433,1.7681185005895586,1.7147687364010544,1.1612239242225326,1.180021367521367,1.1770296862653076,1.223781513717566,1.2344129169167697,1.1350863643826807,1.1979296410368094,1.7292560538479071,1.5624334658185373,1.208405046169528,1.1922753928316725,1.2050336734658331,1.2109303739738524,1.4730948711883174
2025-01,IDN,1000.0,1000.0,1233.3333333333333,1741.6666666666667,1283.3333333333333,2059.090909090909,1462.5,1116.6666666666667,2637.5,10916.666666666666,3986.9565217391305,9075.0,11208.333333333334,10741.666666666666,5020.833333333333,9954.166666666666,11783333.333333334,15195833.333333334,10858333.333333334,11487500.0,6795833.333333333,7062500.0,4400000.0,4600000.0,2766666.6666666665,3137500.0,1733333.3333333333,1987500.0,1144945.8333333333,670845.8333333334,777729.1666666666,327300.0,399408.3333333333,776025.0,630875.0,7462500.0,9754166.666666666,41165217.39130435,45945833.333333336,40520833.333333336,45295833.333333336,41565217.39130435,45929166.66666666,29062500.0,30979166.666666668,26258333.33333333,27939130.43478261,28312500.0,30233333.33333333,1099766.6666666667,1038262.5,2891666.6666666665,3116666.6666666665,21400000.0,1887500.0,24087500.0,20466666.666666668,2300000.0,23758333.33333333,104650000.0,41279166.66666666,45941666.66666666,1290887.5,1.0,1.5016345810145868,1.7824829320876752,0.7924260551969531,4.134343054228042,2.4380422696306168,0.9546827263437327,2.040784450388681,1.2811481283581434,1.0555315760472457,1.0379221299664998,1.0444653437502407,1.132457580733443,1.1439270152505447,1.155425720324358,1.21569860562141,0.8102233658856735,1.2995429910952576,1.1088408654872948,1.1144897586769626,1.1128355574591826,1.063771613721387,1.0638897806085337,1.0657998855737132,0.9422162486460532,1.0745402298850577,0.9563896006141416,1.2189327485380117,0.9863519063329026,1.1095215009115589,1.1237020190380818
2025-01,IRL,1000.0,1000.0,1000.0,1000.0,1000.0,1000.0,1000.0,1000.0,12625.0,16341.666666666666,34795.833333333336,44941.66666666666,52587.5,67141.66666666667,35343.47826086957,45708.69565217391,230182.60869565216,275291.3043478261,181921.7391304348,192645.8333333333,155260.86956521738,180604.34782608692,123008.33333333331,172165.21739130435,108045.83333333331,166091.66666666666,85033.33333333333,135386.95652173914,65121.739130434784,43108.333333333336,76900.0,29608.695652173912,55995.454545454544,42945.833333333336,77104.16666666667,184337.5,230275.0,1038983.3333333334,1412500.0,1041800.0,1378260.8695652173,1035129.1666666666,1412500.0,845845.8333333334,1141537.5,669495.8333333334,829725.0,803029.1666666666,1057145.8333333333,70883.33333333333,134604.16666666666,177825.0,318083.3333333333,259391.66666666663,157237.5,365920.8333333333,354883.3333333333,221741.66666666663,513325.0,2750000.0,1106279.1666666667,1475000.0,104265.21739130437,1.0,1.0,1.0,1.0,1.28547691728846,1.2844997529469817,1.2679790320045063,1.2872121199714386,1.1920122951732883,1.0683242433326454,1.1633961298980393,1.3903965188565004,1.5372807906742432,1.5806845218366932,1.7819996969784864,1.916169556841958,1.7923258300192175,1.2441629884091352,1.3581346541072714,1.3204450543239674,1.3644714337340738,1.3503687291746858,1.2403451418575735,1.3180788070117428,1.8950043257308973,1.786953215836844,1.368162293512085,1.410286167620831,1.4028445783991117,1.3314364000829826,1.6191686716808071
2025-01,ISR,1000.0,1000.0,1000.0,1000.0,1000.0,1000.0,1000.0,1000.0,50183.333333333336,63679.16666666666,109004.16666666669,136070.83333333334,120620.83333333331,148304.16666666666,110986.95652173914,137642.85714285713,412571.4285714286,456966.6666666667,394660.0,388463.6363636364,314476.1904761905,330895.2380952381,216427.27272727276,255209.0909090909,167650.0,219404.54545454544,134513.63636363635,188185.7142857143,108900.0,77768.18181818182,114585.0,56775.0,89008.69565217392,105900.0,161630.4347826087,376120.8333333333,445750.0,1978260.8695652173,2372727.272727273,1890476.1904761903,2175000.0,1912500.0,2270833.333333333,1533333.3333333333,1904166.6666666667,1220833.3333333333,1337500.0,1450000.0,1725000.0,162538.09523809524,250752.38095238092,344576.1904761905,520742.8571428572,878262.5,515904.1666666667,1200000.0,999912.5,599947.8260869565,1400000.0,4880000.0,2104545.4545454546,2495238.095238095,157340.9090909091,1.0,1.0,1.0,1.0,1.2441035638593974,1.2277606858156755,1.2125322605136872,1.2295283200539129,1.105848607843608,0.9925739399150402,1.042961837190796,1.1791923108620546,1.309057512392669,1.4003789191218172,1.4678510361576849,1.5818083291220837,1.53437486824283,1.1707061369637344,1.188392857142857,1.1532779316712831,1.184813596491228,1.2414797008547007,1.0966880341880345,1.1886752136752137,1.5432096493319802,1.5122002922077566,1.1385292849970094,1.1628519534711972,1.1666666666666667,1.1851589120496686,1.4366039277548068
2025-01,IMN,1000.0,1000.0,1000.0,1000.0,1000.0,1000.0,1000.0,1000.0,1000.0,1000.0,1000.0,1000.0,1000.0,1033.3333333333333,1000.0,1000.0,2554.1666666666665,2833.333333333333,2031.8181818181815,2191.6666666666665,1833.3333333333333,2143.478260869565,1495.8333333333333,2030.434782608696,1330.4347826086955,1743.4782608695652,1082.608695652174,1504.3478260869565,1078.2608695652175,1000.0,1260.8695652173913,1000.0,1000.0,1000.0,1247.8260869565215,2295.833333333333,2787.5,13547.826086956522,17291.304347826088,12817.391304347826,16126.08695652174,13169.565217391304,16691.666666666668,10979.166666666666,14362.5,7741.666666666667,9637.5,10229.166666666666,13179.166666666666,1360.8695652173913,2186.9565217391305,3260.8695652173915,4916.666666666667,2475.0,3308.333333333333,4983.333333333333,3029.1666666666665,4775.0,6500.0,34220.833333333336,14062.5,17975.0,1460.8695652173913,1.0,1.0,1.0,1.0,1.0,1.0,1.0333333333333334,1.0,1.1037140482973815,1.084321462382256,1.1634248665141114,1.3518275203057812,1.3131216609477478,1.3881422924901186,1.2608695652173914,1.0,1.2478260869565216,1.2076478015448604,1.2774377100437453,1.2589595724368348,1.2768634696985204,1.3100378059114195,1.2463026627029792,1.2900195631211986,1.6064659977703457,1.516031887700892,1.2240972222222222,1.4434789067142006,1.30437441643324,1.2790948326295382,1.3541501976284585
2025-01,IND,10429.166666666666,3954.1666666666665,11275.0,5041.666666666667,12837.5,5277.272727272727,59708.333333333336,19325.0,15612500.0,6579166.666666667,33018181.818181816,14162500.0,34370833.333333336,15150000.0,32800000.0,14170833.333333334,85465217.39130434,36583333.333333336,65947826.08695652,26373913.04347826,42679166.66666666,16752173.91304348,25075000.0,9575000.0,13687500.0,5908333.333333333,7683333.333333333,3729166.6666666665,4670833.333333333,2837500.0,1679166.6666666667,1683333.3333333333,965433.3333333334,3391666.6666666665,1562500.0,97554166.66666669,42250000.0,258716666.66666663,104987500.0,254126086.95652172,103441666.66666669,242137500.0,97373913.04347828,170937500.0,68929166.66666667,157591666.66666666,61754166.66666666,167341666.66666666,67458333.33333333,5083333.333333333,2554166.6666666665,12454166.666666666,6858333.333333333,163995833.33333334,7869565.217391305,179566666.66666666,57062500.0,3073913.0434782607,63658333.333333336,429062500.0,288526086.95652175,118708333.33333331,2620833.333333333,0.4347660470143955,0.450630108193062,0.4122581060751962,0.3247484949579314,0.4211646237379634,0.4322859943377672,0.4393467847630868,0.4312826860977081,0.4254162701823129,0.3992816423734223,0.3931025281054541,0.3816514453351263,0.4306598889271267,0.4838037893173497,0.5913660633201064,0.5742513422035481,0.4645674468042889,0.4321007634804341,0.4049048349817783,0.4048680537254313,0.4021584282252581,0.4027528349549682,0.3913540635908203,0.4025828141616137,0.5056881725110375,0.5513631509645398,0.3479578149077296,0.3902806054704789,0.3545132230330607,0.4090966720872634,0.5598201913297737
2025-01,IOT,1000.0,1000.0,1000.0,1000.0,1000.0,1000.0,1000.0,1000.0,1000.0,1000.0,1000.0,1000.0,1000.0,1000.0,1000.0,1000.0,1000.0,1000.0,1000.0,1000.0,1000.0,1000.0,1000.0,1000.0,1000.0,1000.0,1000.0,1000.0,1000.0,1000.0,1000.0,1000.0,1000.0,1000.0,1000.0,1000.0,1000.0,1000.0,1000.0,1000.0,1000.0,1000.0,1000.0,1000.0,1000.0,1000.0,1000.0,1000.0,1000.0,1000.0,1000.0,1000.0,1000.0,1000.0,1000.0,1000.0,1000.0,1000.0,1000.0,1000.0,1000.0,1000.0,1000.0,1.0,1.0,1.0,1.0,1.0,1.0,1.0,1.0,1.0,1.0,1.0,1.0,1.0,1.0,1.0,1.0,1.0,1.0,1.0,1.0,1.0,1.0,1.0,1.0,1.0,1.0,1.0,1.0,1.0,1.0,1.0
2025-01,IRQ,1000.0,1000.0,1116.6666666666667,1000.0,1095.8333333333333,1000.0,1458.3333333333333,4133.333333333333,378791.6666666667,283195.8333333333,856065.2173913043,659466.6666666666,1031487.5,802120.8333333334,860045.8333333334,659591.6666666666,3086956.5217391304,2313043.4782608696,2543478.2608695654,1643478.2608695652,1866666.6666666667,1021700.0,1066978.2608695652,563526.0869565217,688078.2608695652,364366.6666666667,433539.1304347826,239586.95652173916,297604.347826087,180895.8333333333,116808.33333333331,100983.33333333331,77545.45454545454,131065.21739130437,87141.66666666667,2987500.0,2362500.0,10386363.636363637,6758333.333333333,10239130.43478261,6666666.666666667,9933333.333333334,6325000.0,7454166.666666667,4337500.0,6695833.333333333,3858333.3333333335,7295833.333333333,4237500.0,232208.3333333333,167891.66666666666,710800.0,473762.5,6383333.333333333,1704166.6666666667,7300000.0,2241666.6666666665,794295.8333333334,2800000.0,20012500.0,11258333.333333334,7360869.565217392,190779.16666666663,1.0,0.9088897213897216,0.9273842099929056,3.8212192677749943,0.7345704104293881,0.7527737649280004,0.7647034952370063,0.7538944140498524,0.737302902800799,0.640649784997611,0.5460567791762013,0.5254306197994771,0.525680065846958,0.5501122394940243,0.6438363474048455,0.7684334648027679,0.6596924497442942,0.7779378749805205,0.6403799431541861,0.6420125791370761,0.6316874728837135,0.5781867932062074,0.5721397904614633,0.5769026547414279,0.7206253802898716,0.6622873267719139,0.3511801421957672,0.46614651416122,0.3835616438356164,0.6497408075793054,0.6367976168299064
2025-01,ISL,1000.0,1000.0,1000.0,1000.0,1000.0,1000.0,1000.0,1000.0,1433.3333333333333,1630.4347826086955,3460.8695652173915,3958.3333333333335,4329.166666666667,5200.0,3470.833333333333,3954.1666666666665,15350.0,16837.5,14204.166666666666,14750.0,13533.333333333334,14329.166666666666,10550.0,11725.0,8973.91304347826,10483.333333333334,7250.0,9233.333333333334,6345.833333333333,4945.833333333333,7645.833333333333,3791.6666666666665,6773.913043478261,6270.833333333333,11745.833333333334,13816.666666666666,16082.608695652174,89570.83333333333,111850.0,83604.16666666667,99960.8695652174,87483.33333333333,108979.16666666669,75195.83333333333,94125.0,54116.66666666666,60130.434782608696,69029.16666666667,82269.56521739131,10139.130434782608,18781.81818181818,21195.83333333333,34650.0,30904.166666666668,24325.0,45541.66666666666,34166.666666666664,36816.66666666666,57579.16666666666,220054.16666666663,93133.33333333331,115820.83333333331,8545.833333333334,1.0,1.0,1.0,1.0,1.1318840579710143,1.1339668297563037,1.1962491306189431,1.134015509147088,1.0944119025312873,1.038343768886983,1.059250301163137,1.1121459306132353,1.1680299818097857,1.2744801940477706,1.5456433823529412,1.7782738965603415,1.8734217851725532,1.1655830193134524,1.2482988278448113,1.1895548309913866,1.2452085509731388,1.2520434005894037,1.112328848121885,1.1936980501522432,1.843132370266617,1.6350740943378204,1.1056213514791096,1.5137057317983065,1.264388860912378,1.243265811935957,1.3466867937903464
2025-01,ITA,1000.0,1000.0,1000.0,1000.0,1000.0,1000.0,1000.0,1000.0,184470.8333333333,197045.8333333333,470921.7391304348,507320.8333333333,632983.3333333334,717658.3333333334,463237.5,507266.6666666667,2379166.6666666665,2662500.0,1956521.7391304348,1779166.6666666667,1633333.3333333333,1537500.0,1254166.6666666667,1416666.6666666667,1145716.6666666667,1333333.3333333333,1141766.6666666667,1341666.6666666667,1128183.3333333333,926795.8333333334,1148654.1666666667,664900.0,869191.6666666666,965862.5,1211516.6666666667,2020833.3333333333,2320833.333333333,13179166.666666666,14495833.333333334,12212500.0,13425000.0,12820833.333333334,14179166.666666666,10795833.333333334,12008333.333333334,7129166.666666667,7391666.666666667,9875000.0,10841666.666666666,1637500.0,2041666.6666666667,3704166.6666666665,4620833.333333333,4145833.3333333335,1775000.0,5237500.0,4675000.0,1875000.0,5833333.333333333,30583333.33333333,13625000.0,15034782.608695652,1413043.4782608696,1.0,1.0,1.0,1.0,1.0511991202674442,1.0866528259022925,1.1218193439919888,1.080333609896616,1.1061618589743587,0.9065626021575678,0.941001400560224,1.1284479409479409,1.1630972037364848,1.175172466633333,1.2396657076848034,1.3053321241955314,1.2511488796493506,1.1333874458874462,1.098736070428371,1.0976733710744566,1.1048064896270076,1.111674218152187,1.036397384436304,1.0973754470924173,1.245691332088391,1.245328953414692,1.1278285907859078,1.056372549019608,1.1137847192578048,1.1017657483679586,1.2487613182399493
2025-01,JEY,1000.0,1000.0,1000.0,1000.0,1000.0,1000.0,1000.0,1000.0,1000.0,1000.0,1000.0,1000.0,1000.0,1041.6666666666667,1000.0,1000.0,2537.5,3054.1666666666665,2582.608695652174,2716.6666666666665,2478.260869565217,2845.833333333333,2030.434782608696,2686.9565217391305,1927.2727272727277,2608.695652173913,1630.4347826086955,2208.695652173913,1369.5652173913045,1208.695652173913,1921.7391304347825,1000.0,1427.2727272727273,1083.3333333333333,1737.5,2329.1666666666665,2933.333333333333,17486.363636363636,23220.83333333333,16508.333333333332,21404.166666666668,17082.608695652172,22766.666666666668,15183.333333333334,20195.83333333333,10791.666666666666,13070.833333333334,14070.833333333334,18420.83333333333,1937.5,3170.833333333333,4525.0,7212.5,3391.6666666666665,4047.8260869565215,6454.166666666667,3816.6666666666665,6595.833333333333,8816.666666666666,44337.5,18045.83333333333,23958.33333333333,2052.1739130434785,1.0,1.0,1.0,1.0,1.0,1.0,1.0416666666666667,1.0,1.2056960604754725,1.051494656712048,1.14862268166616,1.3236024844720498,1.3515057697720236,1.3548136645962734,1.5947045707915273,1.4272727272727272,1.6022727272727273,1.2589102564102566,1.325853996739786,1.2970150258757165,1.3310925741923545,1.3308426701908076,1.2120206517448295,1.310008740519679,1.635283982013858,1.5938269902828182,1.1255623461505817,1.6297757915467352,1.366219939109398,1.3281618513362414,1.498757763975155
2025-01,JAM,1000.0,1000.0,1000.0,1000.0,1000.0,1000.0,1000.0,1000.0,14450.0,17337.5,32700.0,37845.833333333336,37058.333333333336,41991.66666666666,32716.666666666668,37875.0,112891.66666666669,126970.83333333331,98404.16666666669,108058.33333333331,75883.33333333333,90345.83333333331,45966.66666666666,58575.0,32925.0,42075.0,20879.166666666668,27033.33333333333,16100.0,11387.5,15200.0,7908.333333333333,10891.304347826086,10708.333333333334,13100.0,109037.5,124945.83333333331,434258.3333333333,516354.1666666667,423529.1666666667,503012.5,415708.3333333333,495654.1666666667,319904.1666666667,384400.0,273091.6666666667,322086.95652173914,308887.5,370708.3333333333,18637.5,24220.83333333333,46341.66666666666,60370.833333333336,191633.3333333333,57395.833333333336,242887.5,229191.66666666663,68104.16666666667,281283.3333333333,1100000.0,466860.8695652174,555387.5,21808.33333333333,1.0,1.0,1.0,1.0,1.1955799979918176,1.1567299904017558,1.1326503285509364,1.156807753519873,1.124296346163437,1.1010082046692975,1.191046609101455,1.2746616308232452,1.2786242936194536,1.2958305291890446,1.336330504107554,1.378839258040299,1.2236398616413091,1.144609778807009,1.1895793860802586,1.1882274943843556,1.1929607957478343,1.2023651599067195,1.1797854018887857,1.2005654883376131,1.2997474678336152,1.3030780092406504,1.196007889625035,1.1865766126926232,1.1581083957797338,1.1878299676636883,1.3550057722275877
2025-01,JOR,1000.0,1000.0,1000.0,1000.0,1000.0,1000.0,1000.0,1000.0,86720.83333333333,84262.5,186158.3333333333,181612.5,203725.0,202700.0,185917.39130434784,180991.30434782608,558217.3913043478,538875.0,417008.3333333333,374795.652173913,292378.26086956525,258552.1739130435,179891.30434782608,178043.47826086957,127452.17391304349,142166.66666666666,90554.16666666669,100572.72727272728,63327.27272727273,43821.739130434784,53133.333333333336,27395.652173913044,34968.181818181816,37108.69565217391,41337.5,577058.3333333334,568529.1666666666,1830434.782608696,1808695.652173913,1812500.0,1791304.347826087,1730434.7826086956,1712500.0,1258333.3333333333,1258333.3333333333,1077629.1666666667,1058783.3333333333,1254166.6666666667,1252173.9130434785,64862.5,77656.52173913043,174265.21739130435,211220.8333333333,1200000.0,308256.52173913043,1300000.0,993760.8695652174,296600.0,1100000.0,4275000.0,2018181.818181818,1986956.5217391304,78121.73913043478,1.0,1.0,1.0,1.0,0.9645122058475706,0.9685545681980472,0.9889170417466406,0.9662901030426484,0.9566842828823344,0.8990014488506076,0.8835292058266689,0.9892168419065418,1.112648719607483,1.1131397033735044,1.209387749703876,1.2771548179488894,1.1110537251223531,0.9794063258408842,0.9864130434782608,0.9895594965675056,0.9855072463768116,1.0,0.9814375514237956,1.0,1.1988234503383446,1.2090342223331607,0.8281340579710145,0.962105363960206,0.8461538461538461,0.979500891265597,1.230159316916973
2025-01,JPN,1000.0,1000.0,1000.0,1000.0,1000.0,1000.0,1091.6666666666667,1287.5,638904.1666666666,999333.3333333334,1313450.0,2004325.0,1374837.5,2043287.5,1313491.6666666667,2004420.8333333333,3883333.3333333335,5295833.333333333,2850000.0,3929166.6666666665,2154166.6666666665,3166666.6666666665,1891666.6666666667,2983333.333333333,1912500.0,2783333.333333333,1970833.3333333333,2629166.6666666665,1883333.3333333333,1358112.5,1723395.8333333333,898104.1666666666,1046452.1739130436,977300.0,1046341.6666666666,4166666.6666666665,5962500.0,19966666.666666668,26741666.666666668,18916666.666666668,25737500.0,19283333.33333333,25741666.666666668,16100000.0,21658333.33333333,10833333.333333334,15478260.869565217,15004166.666666666,20612500.0,1875000.0,2122291.6666666665,5162500.0,6337500.0,2412500.0,3000000.0,6000000.0,1900000.0,2700000.0,5570833.333333333,57787500.0,21379166.666666668,28804166.666666668,2450000.0,1.0,1.0,1.0,1.2180631868131868,1.5013696197655653,1.4632143992430715,1.426500882497158,1.463317650606743,1.3138570579747049,1.341549261033584,1.4447034698393395,1.556187343358396,1.4296536796536798,1.310813492063492,1.237026454062637,1.143230959289628,1.0442454530775909,1.3742143902478248,1.3080824949637997,1.3294711695884651,1.3050200193144357,1.3171167329816331,1.4006369632992743,1.345903459622828,1.1047595029239765,1.1978815690742153,0.7877083333333332,0.9,0.928472222222222,1.314703501880439,1.2691207184628237
2025-01,KEN,1000.0,1000.0,1000.0,1000.0,1025.0,1000.0,1812.5,1000.0,96187.5,67495.83333333333,222304.16666666663,158412.5,266070.8333333333,191345.8333333333,222787.5,158550.0,641516.6666666666,487866.6666666667,389033.3333333333,354866.6666666667,210025.0,202091.66666666663,123258.33333333331,119595.83333333331,70183.33333333333,65204.16666666666,38654.16666666666,33558.333333333336,24762.5,13762.5,12495.833333333334,11758.333333333334,12345.833333333334,60941.66666666666,82016.66666666667,709720.8333333334,524075.0,1600000.0,1350000.0,1525000.0,1308333.3333333333,1433333.3333333333,1258333.3333333333,948737.5,890041.6666666666,835100.0,762720.8333333334,884058.3333333334,809379.1666666666,72679.16666666667,94250.0,110708.33333333331,127883.33333333331,869533.3333333334,63954.16666666666,977991.6666666666,766825.0,73286.95652173914,868608.3333333334,3600000.0,1804166.6666666667,1525000.0,21666.666666666668,1.0,1.0,0.9785353535353536,0.7865738437728861,0.7020083103873777,0.7133015616445818,0.7195799185734922,0.7123711490297792,0.7604266540876328,0.9128938891869126,0.962340819964895,0.97112157768601,0.929378036910212,0.8691427695921444,0.9070394159239082,1.050781737912857,1.3463596250133412,0.7391430073683574,0.8464366515837104,0.8588942307692308,0.8796626984126984,0.9392228517089772,0.914550419851806,0.9166712767520973,1.2977894983878804,1.1558950430216084,0.8818852323114124,1.1459729293233003,0.8881323684858381,0.846063074352548,0.8747742803812187
2025-01,KGZ,1000.0,1000.0,1000.0,1000.0,1000.0,1000.0,1000.0,1000.0,70525.0,75387.5,144800.0,159666.66666666666,145466.66666666666,163070.83333333334,145904.16666666666,159754.16666666666,364166.6666666667,379700.0,240508.3333333333,242062.5,203469.5652173913,205656.52173913043,153060.86956521738,171100.0,100350.0,116243.47826086955,67430.43478260869,89495.83333333333,47145.833333333336,34304.166666666664,59817.391304347824,25329.166666666668,47195.833333333336,28679.166666666668,51645.833333333336,410866.6666666667,445869.5652173913,1266783.3333333333,1435008.3333333333,1242404.1666666667,1369726.0869565215,1179541.6666666667,1339908.6956521738,899829.1666666666,1060533.3333333333,767258.3333333334,823160.8695652174,874287.5,992229.1666666666,54579.16666666666,98829.16666666669,136970.83333333334,230012.5,307845.8333333333,56945.833333333336,446491.6666666667,318270.8333333333,69856.52173913043,477537.5,3404166.6666666665,1381334.7826086956,1606060.8695652173,71773.91304347826,1.0,1.0,1.0,1.0,1.0607344850504024,1.0854809099938656,1.1090935961558028,1.0850205029213875,1.0327637120029465,1.0019800330247803,1.0109096046121964,1.1131350761488727,1.156878927617223,1.3129656414456998,1.7424839176545692,1.8594779812301865,1.8002994474132274,1.079992070736033,1.126230716598026,1.1035988047650525,1.1332029719745274,1.1718571616068378,1.0697254554105946,1.1308935249438423,1.8119978092472648,1.6754350893978005,1.0339353930561672,1.226548519720856,1.069534663192495,1.1484020619337405,1.521750700970757
2025-01,KHM,1000.0,1000.0,1000.0,1000.0,1000.0,1000.0,1000.0,1000.0,28787.5,47537.5,66025.0,107170.83333333331,77295.83333333333,120775.0,66154.16666666667,107362.5,233537.5,320162.5,199125.0,227091.66666666663,135362.5,145125.0,70304.16666666667,66016.66666666667,37050.0,30166.666666666668,14270.833333333334,10495.833333333334,8133.333333333333,4920.833333333333,3800.0,3154.1666666666665,2354.1666666666665,6075.0,5479.166666666667,225712.5,324225.0,722421.7391304348,819454.1666666666,717104.1666666666,814529.1666666666,683366.6666666666,764750.0,484225.0,497145.8333333333,463691.6666666667,480600.0,478583.3333333333,491754.1666666667,9150.0,7875.0,22150.0,17450.0,425991.6666666667,295187.5,555283.3333333334,483970.8333333333,392595.8333333333,658483.3333333334,1800000.0,792275.0,928329.1666666666,5962.5,1.0,1.0,1.0,1.0,1.6511730724910156,1.6230686554066365,1.5622269157414543,1.6228007155187674,1.3708276869902882,1.1403787736847963,1.0720056923396233,0.9388756735831616,0.8141087664323491,0.7355066225543427,0.7721950356229449,0.7463808429821013,0.9017831795246974,1.4363887206170365,1.1343887234627874,1.1356800320835687,1.1189742713757376,1.0265415781148413,1.0362886256611883,1.0273733757369192,0.8605252811755616,0.7876835237243154,1.136127954806129,1.3299926175254846,1.1859025047304577,1.1714907142976188,0.7335401789654034
2025-01,KIR,1000.0,1000.0,1000.0,1000.0,1000.0,1000.0,1000.0,1000.0,1000.0,1000.0,1000.0,1000.0,1000.0,1000.0,1000.0,1000.0,1000.0,1000.0,1000.0,1000.0,1000.0,1000.0,1000.0,1000.0,1000.0,1000.0,1000.0,1000.0,1000.0,1000.0,1000.0,1000.0,1000.0,1000.0,1000.0,1000.0,1125.0,1000.0,1291.6666666666667,1000.0,1291.6666666666667,1000.0,1104.1666666666667,1000.0,1000.0,1000.0,1000.0,1000.0,1000.0,1000.0,1000.0,1000.0,1000.0,1000.0,1000.0,1000.0,1541.6666666666667,1000.0,1625.0,2904.1666666666665,1000.0,1891.6666666666667,1000.0,1.0,1.0,1.0,1.0,1.0,1.0,1.0,1.0,1.0,1.0,1.0,1.0,1.0,1.0,1.0,1.0,1.0,1.125,1.2916666666666667,1.2916666666666667,1.1041666666666667,1.0,1.0,1.0,1.0,1.0,1.5416666666666667,1.0,1.625,1.8916666666666664,1.0
2025-01,COM,1000.0,1000.0,1000.0,1000.0,1000.0,1000.0,1000.0,1000.0,1533.3333333333333,1000.0,3104.1666666666665,1533.3333333333333,3162.5,1533.3333333333333,3120.833333333333,1533.3333333333333,6737.5,3358.333333333333,3791.304347826087,2062.5,2112.5,1125.0,1508.3333333333333,1000.0,1000.0,1000.0,1000.0,1000.0,1000.0,1000.0,1000.0,1000.0,1000.0,1000.0,1000.0,8404.166666666666,4108.333333333333,16391.666666666668,8366.666666666666,16008.333333333334,8108.333333333333,14833.333333333334,7616.666666666667,9541.666666666666,4937.5,8570.833333333334,4469.565217391304,9137.5,4745.833333333333,1000.0,1000.0,1000.0,1000.0,12070.833333333334,2487.5,12683.333333333334,5291.666666666667,1300.0,5662.5,30933.33333333333,19800.0,9882.608695652174,1000.0,1.0,1.0,1.0,1.0,0.656784188034188,0.4936167227833894,0.4844820775600345,0.4910914702581369,0.4978561476504943,0.5434071264432013,0.5328838193969773,0.6644345238095238,1.0,1.0,1.0,1.0,1.0,0.4882579598361139,0.5101724859754665,0.5062669033512808,0.5131723996625877,0.5174174450628827,0.5207036060773355,0.5193078265107867,1.0,1.0,0.4384298052410553,0.5228472222222222,0.4464851826222182,0.4982918223230612,1.0
2025-01,KNA,1000.0,1000.0,1000.0,1000.0,1000.0,1000.0,1000.0,1000.0,1000.0,1000.0,1000.0,1000.0,1000.0,1075.0,1000.0,1000.0,2654.1666666666665,3141.6666666666665,2575.0,2933.333333333333,2050.0,2312.5,1441.6666666666667,1720.8333333333333,1075.0,1258.3333333333333,1000.0,1000.0,1000.0,1000.0,1000.0,1000.0,1000.0,1000.0,1000.0,2525.0,3016.6666666666665,11404.166666666666,13387.5,11158.333333333334,13112.5,10979.166666666666,12904.166666666666,8845.833333333334,10304.166666666666,7750.0,9054.166666666666,8566.666666666666,10020.833333333334,1000.0,1000.0,1075.0,1337.5,6145.833333333333,2466.6666666666665,7525.0,6482.608695652174,3404.1666666666665,8391.666666666666,28504.166666666668,12266.666666666666,14316.666666666666,1000.0,1.0,1.0,1.0,1.0,1.0,1.0,1.075,1.0,1.182000670147222,1.1401569109902443,1.1278829966329966,1.1927655677655675,1.16969696969697,1.0,1.0,1.0,1.0,1.1932292447643325,1.1737226244586572,1.174998671332801,1.1753207972234203,1.1647590957375231,1.1684278824798957,1.170038346899544,1.0,1.243560606060606,1.0545902843697892,1.3805555555555555,1.1152569250938034,1.1674592746928605,1.0
2025-01,KOR,1000.0,1000.0,1000.0,1000.0,1000.0,1000.0,1000.0,1020.8333333333334,239954.16666666663,347670.8333333333,530008.3333333334,782066.6666666666,609916.6666666666,861933.3333333334,530541.6666666666,782462.5,2129166.6666666665,2737500.0,1837500.0,2125000.0,1566666.6666666667,1845833.3333333333,1116983.3333333333,1420108.3333333333,929725.0,1254975.0,603787.5,791625.0,444425.0,255095.65217391303,327979.1666666667,157587.5,195391.30434782608,169604.16666666666,160229.16666666666,1887500.0,2541666.6666666665,9152173.91304348,11204166.666666666,9016666.666666666,11050000.0,8850000.0,10700000.0,7016666.666666667,8529166.666666666,6016666.666666667,7404166.666666667,6891666.666666667,8358333.333333333,323420.8333333333,357565.2173913043,1020162.5,1240079.1666666667,2200000.0,949547.8260869564,4095833.3333333335,1300000.0,712808.3333333334,3100000.0,24637500.0,9600000.0,12045833.333333334,572820.8333333334,1.0,1.0,1.0,1.0208333333333333,1.404522109879087,1.4335698721892782,1.376285686706158,1.4329450036246163,1.2545612599960425,1.1375421727395412,1.1583249777183602,1.2534600069717226,1.3307575191329113,1.292267326295285,1.2592682606056722,1.2039923928563443,0.919963059693406,1.3103174603174603,1.2007064926422035,1.205463404055499,1.1930670443731748,1.1976150379598751,1.2115695393423365,1.194932536571336,1.0701774238662165,1.1950572338920915,0.5909090909090909,0.7508242455503492,0.756885162601626,1.223957663504637,1.269058087359763
2025-01,KWT,1000.0,1000.0,1000.0,1000.0,1000.0,1000.0,1000.0,1000.0,16100.0,17120.833333333332,36695.65217391304,37775.0,43412.5,42541.66666666666,36900.0,37787.5,225766.66666666663,177683.33333333334,339662.5,197725.0,331116.6666666667,184783.3333333333,256958.3333333333,154370.83333333334,187000.0,115104.16666666669,115754.16666666669,70833.33333333333,70916.66666666667,44275.0,29141.666666666668,25025.0,19062.5,30112.5,22929.166666666668,165708.33333333334,144733.33333333334,1634782.608695652,1020720.8333333334,1600000.0,985220.8333333334,1600000.0,985487.5,1387500.0,839775.0,1214016.6666666667,720804.3478260869,1374858.3333333333,816604.1666666666,54987.5,42004.16666666666,171225.0,116916.66666666669,521837.5,194979.16666666663,721275.0,185245.8333333333,97858.33333333331,298354.1666666667,3066666.6666666665,1665217.391304348,1069429.1666666667,46200.0,1.0,1.0,1.0,1.0,1.0376554809102307,1.0004113915690018,0.9587338330940264,1.001254847721345,0.7685915046858707,0.5732389620004085,0.5522428184122006,0.5955317242756951,0.6096361018910005,0.6051520945833702,0.6460866935568045,0.7457812827023509,0.7464025457485858,0.8535444517998557,0.6111023469994058,0.608627550009903,0.6088699742523273,0.5982196428571428,0.5884698011452493,0.5873364983465965,0.7489107565096731,0.6710378002538481,0.3549865839154537,0.5018903587488235,0.4136510974586052,0.6283612531969309,0.6416536004933863
2025-01,CYM,1000.0,1000.0,1000.0,1000.0,1000.0,1000.0,1000.0,1000.0,1000.0,1000.0,1000.0,1000.0,1000.0,1041.6666666666667,1000.0,1000.0,2850.0,3191.6666666666665,4045.8333333333335,3850.0,4445.833333333333,4545.833333333333,3391.6666666666665,3650.0,2766.6666666666665,3204.1666666666665,1841.6666666666667,2233.333333333333,1454.1666666666667,1000.0,1179.1666666666667,1000.0,1000.0,1000.0,1000.0,2441.6666666666665,2854.1666666666665,22704.34782608696,25345.83333333333,22025.0,24433.33333333333,22354.166666666668,24895.83333333333,19979.166666666668,22320.83333333333,16366.666666666666,17575.0,19337.5,21366.666666666668,1158.3333333333333,1641.6666666666667,3554.1666666666665,4654.166666666667,9225.0,5117.391304347826,12512.5,9591.304347826086,7479.166666666667,14383.333333333334,52387.5,23278.260869565216,26050.0,1833.3333333333333,1.0,1.0,1.0,1.0,1.0,1.0,1.0416666666666667,1.0,1.1171649062424998,0.9506871008858346,1.0237284168920324,1.0758636788048552,1.1594913108921732,1.2140350877192982,1.1791666666666667,1.0,1.0,1.1629576100228274,1.1173089533307208,1.1097775646635573,1.1145444935460909,1.1178469233994497,1.0742050106897,1.105472441986706,1.4180555555555554,1.3099979876189554,1.03964276165325,1.461729132872307,1.1495642601126472,1.1167303600819651,1.259981684981685
2025-01,KAZ,1000.0,1000.0,1000.0,1000.0,1000.0,1000.0,1000.0,1000.0,158750.0,208941.66666666663,337043.4782608696,463075.0,354791.6666666667,483970.8333333333,338916.6666666667,460369.5652173913,993365.2173913044,1249921.7391304348,719747.8260869565,847539.1304347826,722770.8333333334,890186.9565217391,587508.3333333334,780839.1304347826,397473.9130434783,576868.1818181818,280225.0,470639.1304347826,202879.16666666663,155433.33333333334,331634.7826086957,122712.5,285517.39130434784,133417.39130434784,328104.347826087,1003362.5,1365866.6666666667,4241666.666666667,6229166.666666667,4141666.6666666665,5882608.695652174,4091666.6666666665,5975000.0,3291666.6666666665,4929166.666666667,2700000.0,3629166.6666666665,3191666.6666666665,4616666.666666667,255350.0,622920.8333333334,612229.1666666666,1325720.8333333333,819191.6666666666,193837.5,1400000.0,997012.5,304125.0,1900000.0,12820833.333333334,4600000.0,6687500.0,394141.6666666667,1.0,1.0,1.0,1.0,1.2982121711410055,1.345534421107039,1.3496903947884291,1.3464375410423393,1.249215049661324,1.1714279977825213,1.2351496920215363,1.338512489776288,1.4540266196833844,1.6752446904317484,2.1245349478150395,2.3175851094846904,2.415760278739395,1.3433674798160318,1.4583595163140373,1.4189353704476575,1.4517010498115148,1.4889801279507162,1.3409810645707498,1.4387522149011118,2.400662827995477,2.141078872073593,1.2170696298874992,1.5689853440081434,1.357142857142857,1.442675985287732,1.926472585157424
2025-01,LAO,1000.0,1000.0,1000.0,1000.0,1000.0,1000.0,1000.0,1000.0,13387.5,18670.83333333333,28000.0,40016.66666666666,29045.83333333333,41125.0,28066.666666666668,40125.0,73041.66666666667,106350.0,50883.333333333336,65112.5,30704.166666666668,39187.5,22483.33333333333,26075.0,14029.166666666666,13341.666666666666,8325.0,6604.166666666667,4500.0,2962.5,2300.0,1691.6666666666667,1541.6666666666667,2866.6666666666665,2808.333333333333,78979.16666666667,111666.66666666669,212212.5,269275.0,209408.3333333333,266479.1666666667,197795.8333333333,248383.3333333333,137995.83333333334,161491.66666666666,126887.5,151233.33333333334,135191.66666666666,158591.66666666666,4662.5,4370.833333333333,12045.833333333334,10283.333333333334,149325.0,67550.0,181933.3333333333,192370.8333333333,95469.56521739133,235420.8333333333,556108.3333333334,238375.0,311058.3333333333,3675.0,1.0,1.0,1.0,1.0,1.3945378140216875,1.4290458365781813,1.4157512663111511,1.429506769227184,1.455897809292716,1.2796981994092371,1.276561230152206,1.159737655380204,0.9509342317887688,0.7932812125428957,0.7770615940109823,0.9115774782135077,0.9795182600498692,1.4138355282666837,1.2688561931672273,1.27253077782747,1.2557529799428786,1.1703830450883057,1.1920545780655185,1.1731967961419374,0.9373688657699412,0.8538299694637986,1.2882419780515977,1.413704350408947,1.2941899926175882,1.3049236532249628,0.8168010444711769
2025-01,LBN,1000.0,1000.0,1000.0,1000.0,1000.0,1000.0,1000.0,1000.0,44950.0,44741.66666666666,94773.91304347826,96604.16666666669,104816.66666666669,104750.0,95129.16666666669,96712.5,312250.0,293279.1666666667,232320.8333333333,207465.21739130435,175154.16666666666,172187.5,119941.66666666669,122375.0,87745.83333333333,101591.66666666669,61962.5,75095.83333333333,49945.833333333336,37683.333333333336,50208.333333333336,28008.33333333333,38326.086956521736,40270.833333333336,48025.0,306866.6666666667,299987.5,1147525.0,1144595.8333333333,1069729.1666666667,1132008.3333333333,1063954.1666666667,1120766.6666666667,830733.3333333334,866687.5,676762.5,673979.1666666666,790466.6666666666,819270.8333333334,68160.86956521739,85443.47826086957,155979.16666666666,201691.30434782608,710287.5,209321.7391304348,830087.5,618833.3333333334,216416.66666666663,759129.1666666666,2600000.0,1245833.3333333333,1234117.391304348,65620.83333333333,1.0,1.0,1.0,1.0,0.9853788791458644,1.0062365789671697,0.9912776902238988,1.0071363393152477,0.9343491072349326,0.8927478591029323,0.9818996292455854,1.0198287923137277,1.1571341889634026,1.2107780406897906,1.3317955614105588,1.3623654539161931,1.1924224683868982,0.9716377476517016,0.9964650922482168,1.0552436927128368,1.0506839798633785,1.0420747247011737,0.9946983614012032,1.0351277999657589,1.2530774878141533,1.2958214177220884,0.8712462680386954,1.0336868899852016,0.914517339570362,0.991115678524374,1.3128957922677442
2025-01,LCA,1000.0,1000.0,1000.0,1000.0,1000.0,1000.0,1000.0,1000.0,1000.0,1075.0,1712.5,2170.833333333333,1920.8333333333333,2308.333333333333,1725.0,2170.833333333333,6283.333333333333,7270.833333333333,6358.333333333333,7208.333333333333,5225.0,6241.666666666667,3508.333333333333,4537.5,2525.0,3341.6666666666665,1554.1666666666667,2045.8333333333333,1000.0,1000.0,1000.0,1000.0,1000.0,1000.0,1000.0,5795.833333333333,6966.666666666667,28082.60869565217,34375.0,27583.33333333333,33737.5,27308.33333333333,33287.5,22020.83333333333,27254.166666666668,19262.5,23569.565217391304,21391.666666666668,26566.666666666668,1079.1666666666667,1252.1739130434785,2662.5,3579.1666666666665,16958.333333333332,4373.913043478261,18900.0,19691.666666666668,5250.0,21945.83333333333,70770.83333333333,29695.83333333333,36462.5,1395.8333333333333,1.0,1.0,1.0,1.0,1.075,1.2660035899199984,1.200140977443609,1.2575971571714606,1.1549498994648248,1.133188017706955,1.1939955706640772,1.2931032991516862,1.3236670213844128,1.31671626984127,1.0,1.0,1.0,1.201024687307182,1.2212386091156844,1.222599281879862,1.2183006959511933,1.2372355471335437,1.224111581654964,1.2417070603261249,1.155731225296443,1.3443435422602088,1.1612379590467363,1.2009146061218865,1.1611778435641458,1.2272970414668405,1.3958333333333333
2025-01,LIE,1000.0,1000.0,1000.0,1000.0,1000.0,1000.0,1000.0,1000.0,1000.0,1000.0,1000.0,1000.0,1000.0,1000.0,1000.0,1000.0,1025.0,1058.3333333333333,1000.0,1000.0,1000.0,1000.0,1000.0,1000.0,1000.0,1000.0,1000.0,1000.0,1000.0,1000.0,1000.0,1000.0,1000.0,1000.0,1000.0,1000.0,1000.0,5329.166666666667,6233.333333333333,4979.166666666667,5850.0,5200.0,6075.0,4433.333333333333,5287.5,2941.6666666666665,3525.0,4075.0,4862.5,1000.0,1000.0,1491.6666666666667,1750.0,1004.1666666666666,1000.0,1570.8333333333333,1000.0,1150.0,1829.1666666666667,12841.666666666666,5500.0,6425.0,1000.0,1.0,1.0,1.0,1.0,1.0,1.0,1.0,1.0,1.0333333333333334,1.0,1.0,1.0,1.0,1.0,1.0,1.0,1.0,1.0,1.1696558322509134,1.1754284295950963,1.1647128691293451,1.1929890711423845,1.201471185064935,1.1945865514413905,1.0,1.1689980158730158,0.9960474308300395,1.1478260869565218,1.1658190359477123,1.1680301624504177,1.0
2025-01,LKA,1000.0,1000.0,1000.0,1000.0,1000.0,1000.0,1000.0,1341.6666666666667,64808.333333333336,35216.666666666664,137156.52173913043,76212.5,149412.5,88612.5,137800.0,76316.66666666667,370529.1666666667,246241.66666666663,244145.8333333333,173825.0,153270.83333333334,97075.0,88795.83333333333,54983.333333333336,56479.16666666666,37983.333333333336,36850.0,27741.666666666668,23125.0,13850.0,12550.0,8516.666666666666,8630.434782608696,11850.0,9016.666666666666,424312.5,270683.3333333333,972830.4347826086,680679.1666666666,970333.3333333334,670170.8333333334,919704.1666666666,636529.1666666666,631983.3333333334,445645.8333333333,572250.0,392087.5,619141.6666666666,435058.3333333333,20200.0,17526.08695652174,57462.5,49887.5,676529.1666666666,243237.5,758466.6666666666,366112.5,134775.0,424945.8333333333,1987500.0,1152641.6666666667,755116.6666666666,18920.83333333333,1.0,1.0,1.0,1.3416666666666668,0.5397211132015011,0.5494136338167853,0.5892189045498467,0.5500433430071523,0.6619075401548566,0.7109117076268533,0.6328364476152059,0.6186880989728711,0.6720053783251153,0.7519255317616226,0.904872984148402,1.0074219270100309,0.7603479484098288,0.6346376725218984,0.6982017558433166,0.6890821542053808,0.6906936214358432,0.7039888996165237,0.6841643842985334,0.7014575050409623,0.8683015816373157,0.8668235577418683,0.5411548244586027,0.554079442055288,0.5602745322530364,0.6536745786689425,0.8170067822067328
2025-01,LBR,1000.0,1000.0,1000.0,1000.0,1000.0,1000.0,1000.0,1000.0,1625.0,1379.1666666666667,4041.6666666666665,3333.333333333333,4975.0,3983.3333333333335,4041.6666666666665,3337.5,14587.5,12395.833333333334,13529.166666666666,12482.608695652174,10279.166666666666,8966.666666666666,8870.833333333334,6600.0,5662.5,3479.1666666666665,3470.833333333333,1891.6666666666667,1875.0,1154.1666666666667,1000.0,1000.0,1000.0,2700.0,2716.6666666666665,14616.666666666666,12470.833333333334,63081.81818181818,51150.0,60350.0,48520.833333333336,60650.0,49012.5,48354.16666666666,38283.333333333336,41637.5,33366.666666666664,45695.833333333336,35637.5,3379.1666666666665,3195.6521739130435,6391.666666666667,4954.166666666667,52062.5,12552.173913043478,54750.0,42845.833333333336,16075.0,45425.0,123679.16666666669,67500.0,54545.833333333336,1091.6666666666667,1.0,1.0,1.0,1.0,0.8509366246498599,0.8256077802837587,0.8011891741088855,0.8266240404463603,0.8500646952958011,0.921483926699622,0.8724082840234996,0.7441046055513771,0.6144058061821219,0.5451063506210565,0.8680555555555557,1.0,1.0061728395061729,0.8539122739710443,0.8109955294701561,0.8040880915453436,0.8082098525750375,0.7918931633407738,0.8015283269542289,0.7800725993220433,0.9459815546772068,0.7752123668491496,0.8229496071366441,1.2816370145012013,0.829670957253147,0.8081733346789385,0.5823586744639376
2025-01,LSO,1000.0,1000.0,1000.0,1000.0,1000.0,1000.0,1000.0,1000.0,1000.0,1475.0,2008.3333333333333,3216.6666666666665,2200.0,3520.833333333333,2008.3333333333333,3216.6666666666665,5341.666666666667,8379.166666666666,3504.1666666666665,5487.5,2320.833333333333,3316.6666666666665,1616.6666666666667,2170.833333333333,1000.0,1254.1666666666667,1000.0,1000.0,1000.0,1000.0,1000.0,1000.0,1000.0,1000.0,2000.0,5895.833333333333,9666.666666666666,16078.260869565218,24558.33333333333,14991.666666666666,22412.5,14850.0,22641.666666666668,10629.166666666666,15970.833333333334,8954.166666666666,13047.826086956522,9629.166666666666,14029.166666666666,1170.8333333333333,2200.0,1654.1666666666667,2945.833333333333,10654.166666666666,1975.0,11220.833333333334,16739.130434782608,3987.5,17812.5,48578.260869565216,18058.33333333333,28060.869565217392,1000.0,1.0,1.0,1.0,1.0,1.475,1.605742576137313,1.6068123046319978,1.605742576137313,1.571243246415371,1.5672871041098595,1.4294729123533472,1.3461790966386555,1.2541666666666669,1.0,1.0,1.0,2.0,1.6439764182057484,1.5311475752176456,1.4963271045377056,1.5257668536329814,1.5035467919893748,1.457771893456287,1.457928594101382,1.8819444444444444,1.7830371732026142,1.5696829400695465,2.020065789473684,1.587504626316049,1.5514275231097685,1.0
2025-01,LTU,1000.0,1000.0,1000.0,1000.0,1000.0,1000.0,1000.0,1000.0,5208.333333333333,7500.0,13929.166666666666,19933.33333333333,18875.0,26887.5,13929.166666666666,19929.166666666668,81304.16666666667,104087.5,82008.33333333333,88904.16666666667,71616.66666666667,86970.83333333333,50708.333333333336,75095.83333333333,34987.5,57712.5,22687.5,43216.66666666666,15556.521739130434,9929.166666666666,25600.0,6212.5,17908.695652173912,8662.5,21741.666666666668,63620.833333333336,87916.66666666667,384241.6666666667,543470.8333333334,375787.5,522670.8333333333,372186.9565217392,530250.0,299454.1666666667,439220.8333333333,259675.0,343441.6666666667,290787.5,417908.3333333333,14970.833333333334,40216.66666666666,40400.0,99170.83333333331,162733.33333333334,80341.66666666667,189941.66666666663,248850.0,130762.5,295633.3333333333,989250.0,398454.1666666667,564320.8333333334,34325.0,1.0,1.0,1.0,1.0,1.438894743101632,1.4298331475792494,1.422966294321867,1.4295594363680382,1.2774499068892715,1.0843795402299763,1.2151383499357078,1.481477678300114,1.650202924363675,1.9052443378320745,2.579098797332452,2.8688782339290757,2.512154080505599,1.3789819306839182,1.4147310641116926,1.3910005672885026,1.4221076866203008,1.4672156194570949,1.3230854816511746,1.437984029226801,2.687537199052146,2.4557645079864803,1.529120350254301,1.6275509911766586,1.5563272316784644,1.4166021484966127,2.2041983393172284
2025-01,LUX,1000.0,1000.0,1000.0,1000.0,1000.0,1000.0,1000.0,1000.0,1620.8333333333333,1852.1739130434785,4304.166666666667,4783.333333333333,5808.333333333333,6408.333333333333,4304.166666666667,4783.333333333333,23412.5,23466.666666666668,22195.83333333333,21120.83333333333,20441.666666666668,21562.5,16600.0,19104.34782608696,13469.565217391304,16356.521739130434,11095.652173913044,13586.95652173913,9169.565217391304,6986.95652173913,8356.521739130434,4256.521739130435,5269.565217391304,5078.260869565217,6108.695652173913,19079.166666666668,20291.666666666668,132978.26086956522,147452.1739130435,128526.08695652174,141421.73913043478,129045.83333333331,142733.33333333334,109062.5,122554.16666666669,83013.04347826086,90241.66666666669,104537.5,116125.0,9386.95652173913,11413.04347826087,26086.95652173913,30637.5,29979.166666666668,28895.652173913044,49462.5,31237.5,34141.666666666664,54870.833333333336,306578.26086956525,136427.27272727274,150125.0,10956.521739130434,1.0,1.0,1.0,1.0,1.1409491332764992,1.104700150895803,1.0951472005289953,1.104700150895803,0.997305855832846,0.9520849864217888,1.054683041094437,1.143091502321143,1.2139471561676067,1.2242212394766776,1.1958194090751837,1.237937660586801,1.20369539650003,1.0574640566465023,1.1081734519258923,1.0996345683694273,1.1053870848422356,1.1235534367182347,1.084466064081452,1.110706299592306,1.216531408290052,1.1832795560427103,1.0420375625215317,1.181049126408336,1.109383532700451,1.107278995409867,1.195019254609772
2025-01,LVA,1000.0,1000.0,1000.0,1000.0,1000.0,1000.0,1000.0,1000.0,4862.5,5695.833333333333,13562.5,15329.166666666666,18420.83333333333,21158.33333333333,13566.666666666666,15320.833333333334,68862.5,76016.66666666667,53234.782608695656,50804.34782608696,45170.833333333336,54779.16666666666,38183.333333333336,54578.260869565216,26834.78260869565,41936.36363636364,17282.608695652172,32191.304347826088,11747.826086956522,7473.913043478261,20326.08695652174,5278.260869565217,15645.454545454546,7769.565217391304,21713.043478260868,60137.5,69183.33333333333,282782.60869565216,405600.0,275500.0,385208.6956521739,269613.04347826086,390908.3333333333,210012.5,323437.5,178937.5,238775.0,203137.5,303733.3333333333,12847.826086956522,37052.17391304348,32304.34782608696,83658.33333333333,85537.5,42091.30434782609,107466.66666666669,143595.83333333334,72945.83333333333,176766.66666666666,774778.2608695652,295668.1818181818,420513.04347826086,26669.565217391304,1.0,1.0,1.0,1.0,1.1811360685729853,1.144238755369128,1.1588668437711784,1.1433842194277386,1.1117560876889967,0.9597035736148364,1.2132851939425515,1.4210882200223145,1.5656646842191868,1.8635517483081343,2.720629267886024,2.9699396221990244,2.7956475290373994,1.1609053710000934,1.4375478739403826,1.4009900469606735,1.4499309563116485,1.5427028808568053,1.3371893649785265,1.4979006665044037,2.885401236215008,2.6060954697761374,1.6786729508944631,1.7320770592436288,1.6448693827321332,1.4222894588065715,2.2862944843274278
2025-01,LBY,1000.0,1000.0,1000.0,1000.0,1000.0,1000.0,1000.0,1000.0,59900.0,57495.833333333336,131126.08695652173,120975.0,141162.5,122895.83333333331,131325.0,121079.16666666669,371595.8333333333,278741.6666666667,264604.1666666667,169750.0,166250.0,110087.5,104908.33333333331,76150.0,61662.5,56029.16666666666,39775.0,37404.16666666666,25020.83333333333,15747.826086956522,13112.5,8391.666666666666,5950.0,14575.0,8504.166666666666,393525.0,331875.0,1072520.8333333333,772766.6666666666,1064895.8333333333,763837.5,980537.5,717741.6666666666,697775.0,492487.5,636308.3333333334,444158.3333333333,683650.0,483420.8333333333,22983.33333333333,14443.478260869566,63854.16666666666,52029.16666666666,775191.6666666666,231550.0,848437.5,459150.0,208137.5,540458.3333333334,2200000.0,1178260.8695652173,897041.6666666666,24408.33333333333,1.0,1.0,1.0,1.0,0.9526298189707464,0.9160669078504048,0.8654707209041835,0.9160636474536472,0.7470344306625915,0.6403805054685395,0.6617685560625145,0.7255987055821073,0.9082808925253216,0.9395331727213204,0.8308314778065594,0.708745618486577,0.5828787335732023,0.8388329052226317,0.718996025269841,0.715927706036128,0.730601866464697,0.7051203747247933,0.6974080516062312,0.7064922289942137,0.6285476576013388,0.814405254766438,0.5923058537032097,0.8988980975913945,0.6370051546032574,0.7573623188405797,0.9750012072425585
2025-01,MAR,1000.0,1000.0,1000.0,1000.0,1008.3333333333334,1000.0,1600.0,1187.5,327883.3333333333,311395.8333333333,668134.7826086957,643491.6666666666,705591.6666666666,666770.8333333334,671216.6666666666,644691.6666666666,1875000.0,1683333.3333333333,1433333.3333333333,1219626.0869565215,1023741.6666666666,803275.0,709200.0,505204.1666666667,403637.5,325670.8333333333,244420.8333333333,207329.16666666663,173804.16666666666,114269.56521739133,106230.43478260867,85204.16666666667,79850.0,150379.16666666666,110912.5,1991666.6666666667,1862500.0,6237500.0,5212500.0,6100000.0,5087500.0,5879166.666666667,4858333.333333333,4412500.0,3520833.333333333,3883333.3333333335,3066666.6666666665,4258333.333333333,3391666.6666666665,235350.0,188591.66666666663,527425.0,447116.6666666667,4391666.666666667,722060.8695652174,4741666.666666667,3100000.0,538143.4782608695,3500000.0,13562500.0,6875000.0,5900000.0,150470.83333333334,1.0,1.0,0.9927536231884058,0.7625744412750991,0.9434687603743288,0.9529007732030969,0.9397080305230444,0.954145460128976,0.8951754385964913,0.8427525879917184,0.7842816117804663,0.7110778801556438,0.8051266079694814,0.8458266516120112,0.9249011035725409,0.9345493670341029,0.735822792008039,0.9309523809523812,0.8330362493626943,0.8315166635105866,0.8236574767826008,0.7956697176968849,0.7881155888839193,0.7943547897036268,0.7991586188654524,0.845276733399917,0.7059108527131782,0.7452874773265189,0.7382166075650117,0.8552019855198211,0.8633938504047274
2025-01,MCO,1000.0,1000.0,1000.0,1000.0,1000.0,1000.0,1000.0,1000.0,1000.0,1000.0,1000.0,1000.0,1000.0,1000.0,1000.0,1000.0,1000.0,1000.0,1000.0,1000.0,1000.0,1000.0,1000.0,1000.0,1000.0,1000.0,1000.0,1000.0,1000.0,1000.0,1000.0,1000.0,1000.0,1000.0,1000.0,1000.0,1000.0,5408.695652173913,6816.666666666667,4937.5,6158.333333333333,5316.666666666667,6716.666666666667,4662.5,5995.833333333333,2929.1666666666665,3691.6666666666665,4195.833333333333,5325.0,1000.0,1125.0,1716.6666666666667,2312.5,1000.0,1039.1304347826087,1662.5,1000.0,1287.5,1883.3333333333333,13741.666666666666,5537.5,6941.666666666667,1000.0,1.0,1.0,1.0,1.0,1.0,1.0,1.0,1.0,1.0,1.0,1.0,1.0,1.0,1.0,1.0,1.0,1.0,1.0,1.2592198854548278,1.2472490341349678,1.263096206348184,1.2862727862884284,1.2617921992148564,1.269771233699842,1.125,1.345255814876558,1.0,1.240711462450593,1.1337316176470589,1.2536091707254933,1.0
2025-01,MDA,1000.0,1000.0,1000.0,1000.0,1000.0,1000.0,1000.0,1000.0,15504.166666666666,21108.33333333333,33662.5,45879.16666666666,36295.833333333336,49245.833333333336,33691.666666666664,45929.16666666666,104591.66666666669,126054.16666666669,68254.16666666667,78600.0,57670.833333333336,79316.66666666667,47870.833333333336,79204.16666666667,32952.17391304348,60512.5,22233.33333333333,45083.333333333336,15508.333333333334,10645.833333333334,25687.5,7929.166666666667,22600.0,11037.5,27979.166666666668,103762.5,134266.66666666666,382418.1818181818,587704.1666666666,371995.8333333333,558275.0,364069.5652173913,564491.6666666666,275862.5,457325.0,232450.0,347491.6666666667,264720.8333333333,428570.8333333333,19025.0,50162.5,45204.34782608696,110170.83333333331,184704.16666666663,62282.608695652176,218179.16666666663,308683.3333333333,108133.33333333331,366162.5,1100000.0,417095.8333333333,634173.9130434783,34962.5,1.0,1.0,1.0,1.0,1.358211494373651,1.3590774773775995,1.3543191868441091,1.3595134220073395,1.2025776361056002,1.15237868600451,1.3772178796639631,1.6550472406771934,1.835081686338827,2.026773005736562,2.4115324416751123,2.846115289444865,2.534636226527017,1.291100332383386,1.5323409888459132,1.5009355485969829,1.5475731857601311,1.6587007666123064,1.4966518555079669,1.6205154739961332,2.636135997728531,2.4322872639405726,1.6712831872557476,1.7361288955708247,1.6782771157756526,1.5202622572716384,2.2535434157535548
2025-01,MNE,1000.0,1000.0,1000.0,1000.0,1000.0,1000.0,1000.0,1000.0,3566.6666666666665,4029.1666666666665,7820.833333333333,8829.166666666666,8775.0,9975.0,7973.913043478261,8825.0,34404.166666666664,37679.16666666666,33195.833333333336,32320.83333333333,29804.166666666668,29125.0,23400.0,25195.83333333333,19270.83333333333,21454.166666666668,14175.0,16295.833333333334,10413.04347826087,7304.166666666667,9050.0,5175.0,6987.5,7362.5,8720.833333333334,29570.83333333333,33291.666666666664,184512.5,203095.8333333333,176783.33333333334,192691.66666666663,179725.0,197625.0,149837.5,165954.16666666666,118550.0,125912.5,142541.66666666666,156800.0,12441.666666666666,15612.5,30345.83333333333,37075.0,85404.16666666667,22508.695652173912,101683.33333333331,81641.66666666667,24452.17391304348,100412.5,436120.8333333333,191845.8333333333,212462.5,12016.666666666666,1.0,1.0,1.0,1.0,1.113945401445401,1.1170485316521168,1.125565936377657,1.1196615635357694,1.0844446717778564,0.971159607345523,0.9750892582866968,1.0757805317217712,1.112011159289634,1.1475070788197,1.2348278757446838,1.344747924740063,1.1801589602225928,1.1153720626079286,1.0982137774240543,1.0876243955239209,1.097196041467542,1.1048483615858382,1.0597188735306082,1.097230792379922,1.250325995111788,1.2180177319734031,0.9559816253488912,1.0864775004904044,0.9875076696009644,1.1044485098266252,1.1479175345717862
2025-01,MAF,1000.0,1000.0,1000.0,1000.0,1000.0,1000.0,1000.0,1000.0,1000.0,1000.0,1000.0,1000.0,1000.0,1000.0,1000.0,1000.0,1000.0,1000.0,1000.0,1000.0,1000.0,1000.0,1000.0,1000.0,1000.0,1000.0,1000.0,1000.0,1000.0,1000.0,1000.0,1000.0,1000.0,1000.0,1000.0,1000.0,1000.0,4770.833333333333,5620.833333333333,4558.333333333333,5379.166666666667,4647.826086956522,5520.833333333333,3925.0,4795.833333333333,2983.333333333333,3658.3333333333335,3704.1666666666665,4541.666666666667,1000.0,1000.0,1000.0,1150.0,1183.3333333333333,1000.0,1629.1666666666667,1433.3333333333333,1062.5,1970.8333333333333,11191.666666666666,4950.0,5816.666666666667,1000.0,1.0,1.0,1.0,1.0,1.0,1.0,1.0,1.0,1.0,1.0,1.0,1.0,1.0,1.0,1.0,1.0,1.0,1.0,1.1781463927447189,1.1804889017964164,1.1857637635362104,1.222859982158763,1.227169516626842,1.2278933280705977,1.0,1.15,1.211926961926962,1.0625,1.2116421568627451,1.175667253127004,1.0
2025-01,MDG,1000.0,1000.0,1000.0,1000.0,2212.5,1000.0,3041.6666666666665,1000.0,4520.833333333333,6733.333333333333,10621.739130434782,15733.333333333334,12920.833333333334,18775.0,10637.5,15741.666666666666,38462.5,48362.5,24279.166666666668,26037.5,11537.5,11500.0,6270.833333333333,6112.5,3800.0,3770.8333333333335,2525.0,2487.5,1766.6666666666667,1175.0,1104.1666666666667,1000.0,1000.0,3350.0,3458.333333333333,36983.333333333336,50495.833333333336,93543.47826086955,105054.16666666669,89312.5,101083.33333333331,86670.83333333333,95000.0,55483.333333333336,57066.66666666666,48350.0,49475.0,51804.16666666666,53521.739130434784,4333.333333333333,4356.521739130435,7229.166666666667,7250.0,66516.66666666667,14554.166666666666,69708.33333333333,78079.16666666667,20320.83333333333,81708.33333333333,233870.8333333333,103866.66666666669,121100.0,1791.304347826087,1.0,1.0,0.7837267806774579,0.653954802259887,1.4897509774504456,1.4824620612612451,1.4532256590275638,1.4805975712216302,1.257294777466569,1.0723999721319128,0.9966228605086648,0.974556884826379,0.991909728916308,0.9845317725752508,0.9447601010101012,1.0,1.0323963771114506,1.365766036147643,1.123459784206901,1.1315853058699246,1.0958961495128805,1.0280902726924883,1.0228979727482554,1.0341792112686785,1.0065040053170355,1.0029992975540922,1.173860355396646,1.3962699858476606,1.1721680053371368,1.1649421342884403,1.014776925262859
2025-01,MHL,1000.0,1000.0,1000.0,1000.0,1000.0,1000.0,1000.0,1000.0,1000.0,1000.0,1000.0,1000.0,1000.0,1000.0,1000.0,1000.0,1000.0,1000.0,1000.0,1000.0,1000.0,1000.0,1000.0,1000.0,1000.0,1000.0,1000.0,1000.0,1000.0,1000.0,1000.0,1000.0,1000.0,1000.0,1000.0,1000.0,1083.3333333333333,1656.5217391304348,2050.0,1637.5,2037.5,1517.391304347826,1858.3333333333333,1058.3333333333333,1266.6666666666667,1000.0,1091.6666666666667,1004.1666666666666,1234.7826086956522,1000.0,1000.0,1000.0,1000.0,1104.1666666666667,1000.0,1362.5,1095.8333333333333,1000.0,1358.3333333333333,4687.5,1958.3333333333333,2537.5,1000.0,1.0,1.0,1.0,1.0,1.0,1.0,1.0,1.0,1.0,1.0,1.0,1.0,1.0,1.0,1.0,1.0,1.0,1.0833333333333333,1.2388746803069055,1.243872549019608,1.224120082815735,1.197727272727273,1.0916666666666668,1.2296442687747036,1.0,1.0,0.9934343434343434,1.0,0.9986263736263736,1.2954330270119745,1.0
2025-01,MKD,1000.0,1000.0,1000.0,1000.0,1000.0,1000.0,1000.0,1000.0,8129.166666666667,8758.333333333334,18283.33333333333,19587.5,21283.33333333333,22575.0,18308.33333333333,19608.33333333333,75620.83333333333,77120.83333333333,73112.5,67087.5,65670.83333333333,58091.66666666666,48733.333333333336,46583.333333333336,40616.66666666666,42391.66666666666,31900.0,32716.666666666668,22966.666666666668,15679.166666666666,19125.0,9987.5,12720.833333333334,12675.0,14800.0,65379.16666666666,68308.33333333333,390778.2608695653,399237.5,378029.1666666667,384400.0,382408.3333333333,388645.8333333333,317516.6666666667,324304.1666666667,259375.0,248791.66666666663,304287.5,308447.82608695654,22229.166666666668,27162.5,60695.833333333336,72541.66666666667,234491.66666666663,74156.52173913043,265212.5,216704.16666666663,60687.5,241650.0,886300.0,408412.5,421437.5,26508.33333333333,1.0,1.0,1.0,1.0,1.0611076896528857,1.0553485964319826,1.0459609991878454,1.055696498163774,1.0088209388544334,0.9136440528864544,0.8827543655378132,0.9543408352827066,1.0421625055549557,1.0238602610519865,1.2173477165985829,1.2717012763487268,1.1666652054917717,1.0333953700992078,1.0151362895208316,1.0153960736531469,1.013304077332084,1.0188704212999038,0.9567521254623188,1.0129204739296644,1.2205900797004874,1.1936061794183848,0.9241551351259848,0.8182992305243549,0.9111606964516312,1.028273420576672,1.1521098428754226
2025-01,MLI,1000.0,1000.0,1000.0,1000.0,1000.0,1000.0,1000.0,1000.0,7795.833333333333,3558.333333333333,18241.666666666668,7683.333333333333,21916.666666666668,8383.333333333334,18262.5,7708.333333333333,61533.333333333336,21050.0,44862.5,13566.666666666666,26320.83333333333,7504.166666666667,15187.5,4183.333333333333,7308.333333333333,1837.5,3770.8333333333335,1000.0,2237.5,1308.3333333333333,1000.0,1112.5,1000.0,2937.5,1079.1666666666667,62187.5,22837.5,165734.78260869565,50812.5,162566.66666666666,49795.833333333336,153169.5652173913,46787.5,106133.33333333331,30170.83333333333,98887.5,27891.666666666668,103141.66666666669,29020.83333333333,4020.8333333333335,1379.1666666666667,7554.166666666667,2175.0,99037.5,35820.833333333336,120520.83333333331,26333.33333333333,15541.666666666666,35808.333333333336,257691.66666666663,183670.8333333333,58170.833333333336,1000.0,1.0,1.0,1.0,1.0,0.4552665823763169,0.4196361631910442,0.3814732281015809,0.4204625736332495,0.3414431635279937,0.3023672216971747,0.285022489151196,0.2753507759434695,0.251363922768997,0.2659262872111169,0.7674270174270174,0.9021464646464646,0.3674722599870912,0.3661306005628077,0.3065932401416517,0.3060109912887183,0.3046134691848118,0.284147340151784,0.2819226415179971,0.2812523893798396,0.3431902636812778,0.287941527501024,0.2658860914219048,0.4338693826075852,0.2971187771841949,0.3162904915120741,0.4476951188907709
2025-01,MMR,1000.0,1000.0,1000.0,1000.0,1000.0,1000.0,1000.0,1095.8333333333333,16008.333333333334,22308.33333333333,37630.434782608696,53450.0,46020.833333333336,64854.16666666666,37679.16666666666,53466.66666666666,128766.66666666669,176208.33333333334,92004.16666666669,115054.16666666669,54850.0,63883.333333333336,32787.5,35475.0,19312.5,19166.666666666668,10458.333333333334,10420.833333333334,6895.833333333333,4779.166666666667,4379.166666666667,2995.833333333333,2437.5,3879.1666666666665,2704.1666666666665,133416.66666666666,189279.16666666663,356752.17391304346,438991.6666666667,353575.0,436416.6666666667,333520.8333333333,404926.0869565217,226862.5,263008.3333333333,208391.66666666663,245754.16666666663,223033.3333333333,259983.3333333333,6862.5,5204.166666666667,18387.5,16554.166666666668,216937.5,70747.82608695653,244108.3333333333,285450.0,97608.33333333331,323500.0,933025.0,395900.0,494420.8333333333,7152.173913043478,1.0,1.0,1.0,1.0958333333333334,1.394356933454396,1.4195684012057577,1.4098830716419437,1.4195204278006213,1.3695674699340925,1.2514316721954757,1.1659045477054788,1.084675791621382,0.9947331479193632,0.998463248699825,0.9198003229979906,0.8142264686602725,0.6969165263372581,1.4194104990037826,1.2296579815495474,1.234918517243214,1.2161655413222554,1.1600853762943797,1.1797930966844856,1.1664429146602078,0.7586794900626304,0.9027997625110644,1.315908691674203,1.3806485246814153,1.3252965657196971,1.2497201880980535,1.043724661921946
2025-01,MNG,1000.0,1000.0,1000.0,1000.0,1000.0,1000.0,1000.0,1000.0,20487.5,29629.166666666668,42908.333333333336,61008.333333333336,43183.333333333336,59587.5,42913.04347826087,61013.04347826087,142134.78260869565,191620.8333333333,96316.66666666669,122329.16666666669,67613.04347826086,93920.83333333331,50970.833333333336,77362.5,25560.869565217392,44837.5,13208.333333333334,26245.83333333333,7212.5,3616.6666666666665,8273.91304347826,2129.1666666666665,4929.166666666667,5926.086956521739,8573.91304347826,129300.0,173862.5,406719.0476190476,584056.5217391305,402439.1304347826,573752.1739130435,385620.8333333333,556713.0434782609,270129.1666666667,392629.1666666667,252604.16666666663,355087.5,265245.8333333333,382658.3333333333,8139.130434782609,13626.08695652174,18760.869565217392,38278.260869565216,283454.1666666667,178017.39130434784,326541.6666666667,388629.1666666667,282291.6666666667,455429.1666666667,1100000.0,448773.9130434783,652795.6521739131,15863.636363636364,1.0,1.0,1.0,1.0,1.44372419358018,1.419914637850388,1.378247712897087,1.4198155492472768,1.3442293120150743,1.269442488047314,1.3871368264933188,1.5180899090226667,1.7524384891306792,1.987337866873205,2.2905045092082377,2.316332972582973,1.4465277334341204,1.3429726833790632,1.4334427923182154,1.4252029697632904,1.4442612993646744,1.4530871063726385,1.4054496348135166,1.4423498097860457,1.674103250009655,2.0403698483101174,1.3710392948994097,1.585620611269473,1.3947127036541154,1.4537480926636628,2.2033765127067317
2025-01,MAC,1000.0,1000.0,1000.0,1000.0,1000.0,1000.0,1000.0,1000.0,1925.0,3075.0,4070.8333333333335,6675.0,4433.333333333333,7229.166666666667,4047.8260869565215,6670.833333333333,15908.695652173914,23747.82608695652,20121.739130434784,24340.90909090909,21008.33333333333,26270.83333333333,17383.333333333332,21300.0,9930.434782608696,12050.0,5150.0,5939.130434782609,3086.9565217391305,1745.8333333333333,2233.333333333333,1179.1666666666667,1478.2608695652175,2513.043478260869,3126.086956521739,13850.0,21570.83333333333,97300.0,126330.43478260867,94791.30434782608,123217.39130434782,95150.0,122782.60869565218,81833.33333333333,101754.16666666669,73250.0,90070.83333333333,79433.33333333333,98330.43478260867,3734.782608695652,4634.782608695652,8665.217391304348,10960.869565217392,24454.166666666668,37154.16666666666,56075.0,24629.166666666668,46900.0,67133.33333333333,255013.63636363635,101600.0,133843.47826086957,3983.3333333333335,1.0,1.0,1.0,1.0,1.5881847319347318,1.630924831232381,1.6185171871831991,1.629012815817669,1.484444297244249,1.1981374665081783,1.2498340931242804,1.2278250972797369,1.215536636771603,1.1556193286303498,1.2796160130718952,1.254940711462451,1.244936995371778,1.5491764167036948,1.296068291383336,1.297525788013964,1.2903383639939627,1.242411184468829,1.2286902269628022,1.2390821378421448,1.2420171207356565,1.2647113150498706,1.0071672866364778,1.2623384231216124,1.1972252603829474,1.3148529189455764,1.2887948306952517
2025-01,MNP,1000.0,1000.0,1000.0,1000.0,1000.0,1000.0,1000.0,1000.0,1000.0,1000.0,1000.0,1000.0,1000.0,1000.0,1000.0,1000.0,1912.5,2904.1666666666665,1356.5217391304348,1682.608695652174,1058.3333333333333,1252.1739130434785,1000.0,1000.0,1000.0,1000.0,1000.0,1000.0,1000.0,1000.0,1000.0,1000.0,1000.0,1000.0,1000.0,1583.3333333333333,2475.0,6609.090909090909,9395.652173913044,6391.304347826087,9143.478260869566,6383.333333333333,9033.333333333334,4687.5,6570.833333333333,3850.0,5220.833333333333,4500.0,6283.333333333333,1000.0,1000.0,1000.0,1278.2608695652175,2820.833333333333,1920.8333333333333,3779.1666666666665,2937.5,2970.833333333333,4866.666666666667,18834.78260869565,7160.869565217391,10204.347826086956,1000.0,1.0,1.0,1.0,1.0,1.0,1.0,1.0,1.0,1.5084482038429403,1.2386179038352951,1.1849802371541502,1.0,1.0,1.0,1.0,1.0,1.0,1.5545760918003564,1.417675917734044,1.4275019695464282,1.412374895896522,1.400833302523908,1.3557994974243772,1.39466611176643,1.0,1.2782608695652176,1.0415127257799672,1.5473684210526315,1.288115797984219,1.421440572917954,1.0
2025-01,MTQ,1000.0,1000.0,1000.0,1000.0,1000.0,1000.0,1000.0,1000.0,1041.6666666666667,1095.8333333333333,2412.5,2662.5,3354.1666666666665,3662.5,2412.5,2662.5,12608.695652173914,13591.666666666666,10237.5,10695.652173913044,8533.333333333334,10700.0,6904.347826086957,9712.5,5917.391304347826,8360.869565217392,4350.0,6562.5,4669.565217391304,4000.0,5695.652173913043,3133.333333333333,4565.217391304348,4834.782608695652,6056.521739130435,10562.5,11958.333333333334,64695.454545454544,81026.08695652174,60008.69565217391,75204.34782608696,63237.5,78983.33333333333,53060.86956521739,67758.33333333333,35554.166666666664,45895.833333333336,47670.833333333336,62133.333333333336,8000.0,10760.869565217392,16734.782608695652,23339.130434782608,15400.0,6800.0,20466.666666666668,19654.166666666668,8425.0,25129.166666666668,166300.0,67647.82608695653,83656.52173913043,6952.173913043478,1.0,1.0,1.0,1.0,1.0526515151515152,1.1003605345272012,1.0933236466131204,1.1003605345272012,1.0780212540206917,1.0503708278825934,1.256036972405259,1.4040118355035305,1.4120923077782177,1.5082318771611094,1.4256194166302922,1.4586887241680575,1.2508602570109064,1.135582636443892,1.2488935309054794,1.2542932742159647,1.2499571187679932,1.2884254693463149,1.29013902439646,1.303036447629927,1.3441889042665027,1.3928930541748257,1.2763530754629815,1.2388725899185111,1.2278390255564569,1.2375889412833627,1.4882277121374867
2025-01,MRT,1000.0,1000.0,1000.0,1000.0,1000.0,1000.0,1000.0,1000.0,5047.826086956522,2830.4347826086955,12275.0,6700.0,14475.0,7820.833333333333,12279.166666666666,6704.166666666667,37716.66666666666,19816.666666666668,23870.83333333333,12350.0,13029.166666666666,6425.0,8362.5,3879.1666666666665,4258.333333333333,1933.3333333333333,2383.333333333333,1000.0,1566.6666666666667,1000.0,1000.0,1000.0,1000.0,1441.6666666666667,1000.0,39266.66666666666,21120.83333333333,95421.73913043478,47300.0,93941.66666666669,46437.5,88720.83333333333,43458.333333333336,57995.833333333336,27695.83333333333,52720.833333333336,25900.0,56466.66666666666,26895.83333333333,2100.0,1000.0,4629.166666666667,1829.1666666666667,69937.5,31204.34782608696,79287.5,27020.83333333333,23121.739130434784,37683.333333333336,170729.16666666666,108279.16666666669,53895.65217391304,1000.0,1.0,1.0,1.0,1.0,0.558201073824038,0.5446905253485435,0.5393465295953075,0.5448386734966916,0.5247649514972128,0.5175865363252824,0.4930339669859218,0.4637703139439504,0.4537477193274726,0.420866663529707,1.0,1.0,0.695970695970696,0.5371249871268818,0.4944808713513516,0.494130153379097,0.4897548478277462,0.4775561969527012,0.4911470918154168,0.476281711148998,0.4777046783625731,0.3950504303392773,0.3863609260542308,0.7410524347331787,0.4752827030556625,0.4968144814566585,0.6393849206349206
2025-01,MSR,1000.0,1000.0,1000.0,1000.0,1000.0,1000.0,1000.0,1000.0,1000.0,1000.0,1000.0,1000.0,1000.0,1000.0,1000.0,1000.0,1000.0,1000.0,1000.0,1000.0,1000.0,1000.0,1000.0,1000.0,1000.0,1000.0,1000.0,1000.0,1000.0,1000.0,1000.0,1000.0,1000.0,1000.0,1000.0,1000.0,1000.0,1000.0,1000.0,1000.0,1000.0,1000.0,1000.0,1000.0,1000.0,1000.0,1000.0,1000.0,1000.0,1000.0,1000.0,1000.0,1000.0,1000.0,1000.0,1000.0,1000.0,1000.0,1000.0,1500.0,1000.0,1000.0,1000.0,1.0,1.0,1.0,1.0,1.0,1.0,1.0,1.0,1.0,1.0,1.0,1.0,1.0,1.0,1.0,1.0,1.0,1.0,1.0,1.0,1.0,1.0,1.0,1.0,1.0,1.0,1.0,1.0,1.0,1.0,1.0
2025-01,MLT,1000.0,1000.0,1000.0,1000.0,1000.0,1000.0,1000.0,1000.0,1679.1666666666667,1941.6666666666667,4200.0,4800.0,5358.333333333333,6016.666666666667,4200.0,4800.0,20558.33333333333,19691.666666666668,28787.5,21350.0,26354.166666666668,21066.666666666668,18891.666666666668,16466.666666666668,12670.833333333334,12912.5,9091.666666666666,10370.833333333334,6104.166666666667,4116.666666666667,5325.0,3091.6666666666665,4387.5,4858.333333333333,6554.166666666667,17650.0,18366.666666666668,134221.73913043478,124325.0,128958.33333333331,117762.5,130654.16666666669,121275.0,113295.83333333331,105658.33333333331,94078.26086956522,82004.16666666667,108345.83333333331,99245.83333333331,7987.5,11025.0,18045.83333333333,23687.5,51537.5,26060.869565217392,63358.333333333336,47150.0,28962.5,61183.333333333336,278600.0,138183.33333333334,129575.0,7462.5,1.0,1.0,1.0,1.0,1.1529528478057889,1.1388301785360608,1.1183288576327997,1.1388301785360608,0.9552944825516672,0.7411905861566112,0.7990968563863579,0.8719465281786601,1.0194289258588565,1.1412166654809532,1.2938422165379058,1.420021281362007,1.3491867656153371,1.0374289278141589,0.9270356582649032,0.9130967742771322,0.9282722874663968,0.932853271309731,0.8702204878635453,0.9160682952991168,1.380756538418283,1.3133371428111895,0.9149736719005048,1.1103023408084332,0.9657470502677308,0.937629804259788,1.2228460682089717
2025-01,MUS,1000.0,1000.0,1000.0,1000.0,1000.0,1000.0,1000.0,1000.0,5983.333333333333,6658.333333333333,13604.166666666666,15291.666666666666,15741.666666666666,17745.833333333332,13625.0,15304.166666666666,50204.16666666666,50866.66666666666,40929.16666666666,36826.086956521736,30616.666666666668,29520.83333333333,18629.166666666668,18675.0,13137.5,14208.333333333334,9308.333333333334,10400.0,5775.0,4325.0,4904.166666666667,3300.0,3770.8333333333335,4950.0,4495.833333333333,47670.833333333336,51950.0,181391.66666666663,182312.5,176795.83333333334,177304.16666666666,173065.21739130435,171991.66666666666,131908.33333333334,130833.33333333331,113304.16666666669,109358.33333333331,126920.83333333331,125883.33333333331,8287.5,8295.652173913044,18095.83333333333,19916.666666666668,114212.5,30641.666666666668,127441.66666666669,104900.0,29304.166666666668,117958.33333333331,419175.0,195862.5,198560.86956521735,6437.5,1.0,1.0,1.0,1.0,1.108005997246818,1.121023321437035,1.123455717207562,1.1202520259351572,1.0108998523379322,0.900714434578247,0.9642216406226496,1.002565799010426,1.0817056279529136,1.1174459221083972,1.1335092158032662,1.1425483166751549,0.9078372716608012,1.0865755670731143,1.0043914105089609,1.0023365442957255,0.9918129144878652,0.9920405049755806,0.9652806547223725,0.992047112304456,1.0025949832428946,1.1004700876447748,0.9184629311774724,0.956425644931308,0.9255965955955252,1.0129194779224786,1.11483935565182
2025-01,MDV,1000.0,1000.0,1000.0,1000.0,1000.0,1000.0,1000.0,1000.0,3450.0,3808.3333333333335,7278.260869565217,8033.333333333333,8237.5,8445.833333333334,7283.333333333333,8033.333333333333,30908.33333333333,23787.5,37633.333333333336,22691.666666666668,31433.33333333333,20900.0,23279.166666666668,17308.333333333332,13750.0,10720.833333333334,7279.166666666667,5541.666666666667,3920.8333333333335,2375.0,1912.5,1183.3333333333333,1000.0,1720.8333333333333,1220.8333333333333,26958.33333333333,24345.83333333333,153417.39130434784,109208.33333333331,151983.33333333334,107725.0,149317.39130434784,104775.0,123200.0,85283.33333333333,114108.33333333331,78473.91304347826,121445.83333333331,83726.08695652174,2933.333333333333,2212.5,9391.666666666666,7437.5,83695.83333333333,34026.086956521736,101262.5,52845.833333333336,29333.33333333333,68183.33333333333,294729.1666666667,160125.0,116604.34782608696,3304.1666666666665,1.0,1.0,1.0,1.0,1.0966977038958463,1.0944809692266475,1.0186850266111347,1.0950758597136236,0.7656607885310902,0.6027254948931328,0.6647542224263362,0.7434138911068243,0.7794680621158522,0.761209840553799,0.8055016390614217,0.843721495895409,0.7079248366013071,0.8977216123156712,0.7095677116765523,0.7081091845192079,0.6996597033808909,0.6921927568025791,0.687994547977482,0.6907115261673257,0.7540754209330406,0.7917430886790147,0.6314011450145774,0.8620031490876244,0.6733363597171426,0.7283545408794597,0.842301270883588
2025-01,MWI,1000.0,1000.0,1000.0,1000.0,1000.0,1000.0,1000.0,1000.0,3954.1666666666665,3058.333333333333,9195.833333333334,6854.166666666667,11416.666666666666,7908.333333333333,9208.333333333334,6866.666666666667,31175.0,20512.5,21054.166666666668,13021.739130434782,12450.0,7091.666666666667,6583.333333333333,3687.5,4129.166666666667,2333.333333333333,2458.333333333333,1337.5,1504.1666666666667,1000.0,1000.0,1000.0,1000.0,5400.0,4675.0,33025.0,22470.83333333333,86750.0,55025.0,81820.83333333333,49800.0,81125.0,50729.16666666666,54995.833333333336,34337.5,46929.16666666666,27262.5,49595.833333333336,29312.5,6108.333333333333,5200.0,8337.5,6579.166666666667,64254.16666666666,7962.5,67320.83333333333,37850.0,6691.666666666667,40716.66666666666,164695.83333333334,95300.0,61983.333333333336,1000.0,1.0,1.0,1.0,1.0,0.77440960195395,0.7453938729228459,0.6925372807833233,0.7457079113835808,0.6574407725903632,0.6188686765770971,0.5694149458720222,0.5599435984904934,0.5643594902048085,0.5441598679098679,1.0,1.0,0.8657364953355519,0.6800045189963568,0.6337419341795391,0.6080887498929158,0.6248153962351478,0.6239342957380971,0.5804988280106096,0.5905242020352953,0.8518279524118375,0.7891053148386997,0.5890783352498985,0.840403799071169,0.6048287188353526,0.6496949877804055,0.6680784493284494
2025-01,MEX,1000.0,1000.0,1000.0,1000.0,1000.0,1004.5454545454544,2741.6666666666665,2791.6666666666665,780525.0,949787.5,1733333.3333333333,2162500.0,1933333.3333333333,2326086.9565217397,1733333.3333333333,2170833.333333333,6450000.0,7191666.666666667,4741666.666666667,4969565.217391305,3416666.6666666665,3679166.6666666665,2233333.333333333,2558333.333333333,1558333.3333333333,1954166.6666666667,1075354.1666666667,1379166.6666666667,757212.5,466616.6666666667,651045.8333333334,294066.6666666667,436008.3333333333,455675.0,603925.0,5608333.333333333,6700000.0,21454166.666666668,24579166.666666668,20979166.666666668,23979166.666666668,20378260.86956522,23460869.56521739,14950000.0,17433333.333333332,13058333.333333334,14645833.333333334,14495833.333333334,16812500.0,748313.0434782609,1051733.3333333333,1958333.3333333333,2745833.333333333,14162500.0,4404347.826086956,15829166.666666666,15912500.0,5416666.666666667,17979166.666666668,51758333.333333336,23095833.33333333,26562500.0,1077437.5,1.0,1.0,1.0045454545454546,1.061598322627279,1.2163914270843752,1.2449891067538126,1.2021200699959618,1.250544662309368,1.1138778574001356,1.049992700132782,1.077343051916107,1.1464426877470355,1.2548363095238095,1.2834578856527254,1.3958636566020275,1.483328412757996,1.325612673400892,1.19372986276293,1.14547633607361,1.1425847550343875,1.1508876429632506,1.166000930313955,1.1216491787902825,1.1596156189095854,1.4024471511976124,1.402729044834308,1.1235900125246845,1.2300175669740887,1.1358354563065574,1.149838390834914,1.4230454591160904
2025-01,MYS,1000.0,1000.0,1000.0,1000.0,1000.0,1000.0,1037.5,1045.8333333333333,221250.0,300820.8333333333,466408.6956521739,617108.3333333334,513041.6666666667,658504.1666666666,468525.0,617600.0,1612500.0,1929166.6666666667,1533333.3333333333,1537500.0,1154166.6666666667,1254166.6666666667,725041.6666666666,901958.3333333334,508350.0,677260.8695652174,319375.0,463287.5,214608.3333333333,149154.16666666666,229133.3333333333,98225.0,149787.5,132595.83333333334,149683.33333333334,1600000.0,1991666.6666666667,6354166.666666667,7583333.333333333,6229166.666666667,7466666.666666667,6104166.666666667,7275000.0,4775000.0,5704166.666666667,4187500.0,4862500.0,4645833.333333333,5600000.0,234195.8333333333,299845.8333333333,591545.8333333334,858470.8333333334,3500000.0,1300000.0,4200000.0,3500000.0,1600000.0,4412500.0,16120833.333333334,6795833.333333333,8204347.826086956,329800.0,1.0,1.0,1.0,1.0093434343434342,1.3474727938894162,1.305020377183274,1.274330200756996,1.3063882895943408,1.1906579939668174,1.0027777777777778,1.0871212121212122,1.2441207001152588,1.3335149354626912,1.4503308755823647,1.5364401854931622,1.5242949689172336,1.1283356374134976,1.2381182440925087,1.1922527703777703,1.1974465759748016,1.1905306129027595,1.194141008147445,1.1602552893862563,1.2048163718925744,1.2799897239217526,1.450921843894262,1.0,1.2307692307692308,1.0507246376811594,1.205224423769664,1.5362302757582749
2025-01,MOZ,1000.0,1000.0,1000.0,1000.0,1000.0,1000.0,1000.0,1000.0,17616.666666666668,18375.0,39620.833333333336,38670.833333333336,43129.16666666666,39550.0,39675.0,38687.5,100545.83333333331,93454.16666666669,71858.33333333333,64454.16666666666,43216.66666666666,38870.833333333336,27465.217391304348,25154.166666666668,17283.333333333332,16526.08695652174,9508.333333333334,9208.333333333334,4566.666666666667,2791.6666666666665,2583.333333333333,2087.5,1795.8333333333333,10991.666666666666,9366.666666666666,115166.66666666669,109400.0,292341.6666666667,264720.8333333333,281595.8333333333,256016.66666666663,272836.36363636365,246179.16666666663,192366.66666666663,171937.5,171034.78260869565,154833.33333333334,181825.0,162983.33333333334,13033.333333333334,11079.166666666666,20595.83333333333,17712.5,206112.5,43791.66666666666,223204.16666666663,174345.83333333334,52760.86956521739,191908.3333333333,669112.5,331437.5,303791.6666666667,4295.833333333333,1.0,1.0,1.0,1.0,1.038888309842583,0.9726325909953144,0.9149932355690916,0.9717008107312488,0.92866642426471,0.8966006217682527,0.8991877481212684,0.9139948017743657,0.956318025892385,0.9672110824448058,0.9241405917411666,0.8606864383180173,0.8522058703367666,0.9484929513070608,0.9045136887145392,0.9080273370136656,0.8990344684916765,0.8930789561430393,0.9028373321439992,0.895633209215502,0.8500610290623315,0.8597010715718733,0.845898827915315,1.2050756230152206,0.8597920505812255,0.915444784924486,0.939512574266204
2025-01,NAM,1000.0,1000.0,1000.0,1000.0,1000.0,1000.0,1000.0,1000.0,11041.666666666666,10295.833333333334,24162.5,22483.33333333333,25775.0,24775.0,24183.33333333333,22508.33333333333,62812.5,61820.833333333336,43054.16666666666,47791.30434782609,30795.83333333333,36737.5,18512.5,21691.666666666668,10358.333333333334,12608.333333333334,6145.833333333333,7633.333333333333,3737.5,2354.1666666666665,3387.5,1654.1666666666667,2500.0,9716.666666666666,12012.5,71591.66666666667,69741.66666666667,191337.5,214320.8333333333,181733.3333333333,202452.1739130435,178033.33333333334,201287.5,125362.5,150295.83333333334,109537.5,127683.33333333331,116791.66666666669,138416.66666666666,11295.833333333334,14654.166666666666,17308.333333333332,23204.166666666668,104804.16666666669,20895.652173913044,120908.33333333331,124375.0,29616.666666666668,141645.83333333334,478787.5,217291.66666666663,234908.3333333333,5112.5,1.0,1.0,1.0,1.0,0.9305111491120126,0.9312499305873052,0.9614191247418584,0.9317523301780344,0.9840735668130056,1.1108538493306466,1.1933752140240197,1.171737017590775,1.217448057504878,1.2426309642791498,1.440764751552795,1.5111928104575163,1.2367387821423488,0.9733328455402476,1.1205557266371418,1.1162955327319442,1.1309896120399714,1.1991530515249986,1.1660625846673662,1.1853793416629137,1.297592045059319,1.341401640120763,1.186757926517164,1.417410086072408,1.171574973672539,1.0817550149207456,1.3693832922451346
2025-01,NCL,1000.0,1000.0,1000.0,1000.0,1000.0,1000.0,1000.0,1000.0,1026.0869565217392,1154.1666666666667,2170.833333333333,2579.1666666666665,2329.1666666666665,2808.333333333333,2170.833333333333,2579.1666666666665,7070.833333333333,7966.666666666667,5270.833333333333,5987.5,4029.1666666666665,5104.166666666667,3150.0,4170.833333333333,2579.1666666666665,3183.333333333333,1750.0,2333.333333333333,1683.3333333333333,1141.6666666666667,1550.0,1000.0,1000.0,1112.5,1254.1666666666667,6670.833333333333,7758.333333333333,28363.636363636364,35220.833333333336,27350.0,33995.833333333336,27141.666666666668,33943.47826086957,21312.5,27325.0,16800.0,21287.5,20366.666666666668,26083.33333333333,1912.5,2216.6666666666665,4716.666666666667,5979.166666666667,10108.333333333334,5208.333333333333,12712.5,11154.166666666666,7225.0,14804.166666666666,73079.16666666667,30645.83333333333,37843.47826086957,2216.6666666666665,1.0,1.0,1.0,1.0,1.1237154150197628,1.1874564054870962,1.206743156199678,1.1874564054870962,1.1273905390834598,1.137298629860437,1.2675463952761177,1.3266467033688136,1.2353858259293042,1.3341777390780871,1.3598484848484846,1.0,1.1281565656565655,1.1624619601642712,1.2415157020071048,1.244153166356314,1.254406853945212,1.2831708024736603,1.2675616402836485,1.2813730846928189,1.1597179222566218,1.2681879180904556,1.1038812521950605,1.387569308081239,1.1648015200715494,1.2394003061872203,1.3180487472766884
2025-01,NER,1000.0,1000.0,1000.0,1000.0,1000.0,1000.0,1000.0,1000.0,2437.5,1287.5,5595.833333333333,2666.6666666666665,6775.0,2937.5,5600.0,2666.6666666666665,19658.33333333333,7925.0,14834.782608695652,5500.0,9037.5,2987.5,5275.0,1541.6666666666667,3108.333333333333,1000.0,1758.3333333333333,1000.0,1079.1666666666667,1000.0,1000.0,1000.0,1000.0,1179.1666666666667,1000.0,20008.33333333333,8545.833333333334,56512.5,19687.5,55420.833333333336,19270.83333333333,53070.833333333336,18262.5,37500.0,11891.666666666666,34079.166666666664,11079.166666666666,36362.5,11462.5,1579.1666666666667,1000.0,3312.5,1000.0,36295.833333333336,7739.130434782609,41058.333333333336,9400.0,4179.166666666667,12570.833333333334,90279.16666666669,62516.66666666666,22375.0,1000.0,1.0,1.0,1.0,1.0,0.5339152142338417,0.4726401566156275,0.4311839522178135,0.4722870492709948,0.4011942298671309,0.3693089770469894,0.3302362374357059,0.2919564832733071,0.3224405942190195,0.570166480334824,1.0,1.0,0.8491161616161617,0.4246115586360868,0.3475549755683515,0.3468679334718255,0.3433417374989356,0.3166762617995875,0.3246151462439987,0.3147803876301323,0.6340579710144928,0.3022756023230406,0.2589865117454166,0.5400360778172671,0.306181725849326,0.3569485754367036,0.9280303030303032
2025-01,NFK,1000.0,1000.0,1000.0,1000.0,1000.0,1000.0,1000.0,1000.0,1000.0,1000.0,1000.0,1000.0,1000.0,1000.0,1000.0,1000.0,1000.0,1000.0,1000.0,1000.0,1000.0,1000.0,1000.0,1000.0,1000.0,1000.0,1000.0,1000.0,1000.0,1000.0,1000.0,1000.0,1000.0,1000.0,1000.0,1000.0,1000.0,1000.0,1000.0,1000.0,1000.0,1000.0,1000.0,1000.0,1000.0,1000.0,1000.0,1000.0,1000.0,1000.0,1000.0,1000.0,1000.0,1000.0,1000.0,1000.0,1000.0,1000.0,1000.0,1000.0,1000.0,1000.0,1000.0,1.0,1.0,1.0,1.0,1.0,1.0,1.0,1.0,1.0,1.0,1.0,1.0,1.0,1.0,1.0,1.0,1.0,1.0,1.0,1.0,1.0,1.0,1.0,1.0,1.0,1.0,1.0,1.0,1.0,1.0,1.0
2025-01,NGA,1000.0,1000.0,1000.0,1000.0,1000.0,1000.0,1083.3333333333333,1000.0,125925.0,109341.66666666669,309612.5,265454.1666666667,396208.3333333333,343420.8333333333,310054.1666666667,265650.0,1325000.0,1186825.0,1216666.6666666667,1132158.3333333333,852137.5,681925.0,556979.1666666666,378700.0,381004.1666666667,228025.0,215850.0,120787.5,147279.16666666666,92458.33333333331,50745.833333333336,86354.16666666667,61566.66666666666,224845.8333333333,201929.16666666663,1203558.3333333333,1085341.6666666667,5108695.652173913,4083333.3333333335,4875000.0,3870833.3333333335,4890909.090909091,3900000.0,3770833.3333333335,2887500.0,3213043.4782608696,2491666.6666666665,3558333.333333333,2683333.333333333,313670.8333333333,264729.1666666667,546179.1666666666,402020.8333333333,2512500.0,687895.8333333334,3012500.0,2000000.0,733650.0,2500000.0,10729166.666666666,5429166.666666667,4382608.695652174,81687.5,1.0,1.0,1.0,0.9592924126172208,0.8709585539585984,0.8607981237633848,0.871079302300279,0.8601774979075486,0.8984467116217116,0.9324254273504274,0.8005617938792308,0.6804232082103557,0.5986278353905011,0.5598160979141756,0.5490178619520691,0.7144150172989109,0.8984455801195387,0.9061751782695064,0.801080056576365,0.7955195988776823,0.7975032194491113,0.7665524444146877,0.7750853330905513,0.7553618940918899,0.8445408277674059,0.7365530636174037,0.7961538461538461,1.0665143264397303,0.82997311827957,0.8070523558187349,0.5544054284219083
2025-01,NIC,1000.0,1000.0,1000.0,1000.0,1000.0,1000.0,1000.0,1000.0,31041.666666666668,38141.66666666666,65166.66666666666,80687.5,65558.33333333333,81025.0,65143.47826086957,80845.83333333333,165521.73913043478,199486.95652173916,100643.47826086955,120047.82608695651,70166.66666666667,93156.52173913045,47591.66666666666,65373.91304347826,33652.17391304348,48478.260869565216,19626.08695652174,28965.217391304348,12595.833333333334,9412.5,14765.217391304348,6829.166666666667,10508.695652173914,11662.5,15479.166666666666,176954.16666666666,219654.16666666663,478962.5,626470.8333333334,466378.2608695653,609743.4782608695,445300.0,586950.0,312633.3333333333,421869.5652173913,271808.3333333333,359865.2173913043,300525.0,406962.5,18483.33333333333,25679.166666666668,40900.0,60266.66666666666,394687.5,64945.833333333336,420445.8333333333,498191.6666666667,96308.33333333331,533591.6666666666,1300000.0,542954.1666666666,709858.3333333334,20281.81818181818,1.0,1.0,1.0,1.0,1.228417586279389,1.237622384190009,1.2352939213842635,1.2383677525934789,1.204180254214482,1.1924514315043473,1.329525577085056,1.375148119185592,1.4401453266189252,1.4758405882410035,1.570940234257519,1.5406249792098508,1.3272726836904774,1.2405766239183145,1.3072986815102896,1.3065700410285612,1.3173515716644737,1.349532229527451,1.323617069619887,1.3535810891969955,1.389684688130769,1.4734077263338048,1.2622531146534022,1.4830505260212228,1.269151650460339,1.3066441193612697,1.6128797032588875
2025-01,NLD,1000.0,1000.0,1000.0,1000.0,1000.0,1000.0,1000.0,1000.0,36545.833333333336,40258.333333333336,100670.83333333331,114133.33333333331,157712.5,182250.0,100683.33333333331,114054.16666666669,724016.6666666666,817050.0,600070.8333333334,634386.3636363636,487112.5,547379.1666666666,360175.0,463366.6666666667,294958.3333333333,392462.5,248141.66666666663,341708.3333333333,252750.0,216075.0,314779.1666666667,164166.66666666666,234808.3333333333,255762.5,339554.1666666667,572500.0,664879.1666666666,3586956.5217391304,4512500.0,3345833.333333333,4121739.130434783,3495652.1739130435,4408333.333333333,2875000.0,3662500.0,1979166.6666666667,2408333.333333333,2629166.6666666665,3291304.347826087,422782.60869565216,570425.0,903312.5,1233333.3333333333,732525.0,506813.6363636364,1121739.1304347827,910804.1666666666,649291.6666666666,1375000.0,8917391.304347826,3704166.6666666665,4586956.521739131,350287.5,1.0,1.0,1.0,1.0,1.100800925089416,1.134027393175798,1.158152970973705,1.1331818328919083,1.129040066553914,1.0500816979543717,1.1248581658799006,1.2867704208801174,1.3314661861986574,1.3778471215398795,1.457544163747941,1.4296622644154615,1.328228674599609,1.1628776050767826,1.2557181052604394,1.2373110265693388,1.2574275157799186,1.2736110727278451,1.2155505952380952,1.256069614765267,1.3464513488158083,1.364710364305257,1.243348113474413,1.2794819062103722,1.225955204216074,1.2428183763463492,1.3868106214130411
2025-01,NOR,1000.0,1000.0,1000.0,1000.0,1000.0,1000.0,1000.0,1000.0,21379.166666666668,22895.83333333333,52052.17391304348,57187.5,65875.0,73620.83333333333,52233.333333333336,57175.0,201466.66666666663,209537.5,169091.66666666666,182047.8260869565,148870.83333333334,177337.5,122391.66666666669,156412.5,100100.0,135091.66666666666,86337.5,121254.16666666669,83825.0,70733.33333333333,111666.66666666669,49620.833333333336,86925.0,87416.66666666667,156383.33333333334,199712.5,216145.8333333333,1137887.5,1495833.3333333333,1051939.1304347827,1333333.3333333333,1081639.1304347827,1433333.3333333333,922291.304347826,1258333.3333333333,627587.5,789158.3333333334,828141.6666666666,1123925.0,138175.0,241995.65217391303,292729.1666666667,473795.8333333333,267370.8333333333,288730.4347826087,473125.0,302391.6666666667,410100.0,609808.3333333334,2875000.0,1150450.0,1512500.0,126234.78260869563,1.0,1.0,1.0,1.0,1.0651965673600914,1.0884626239360116,1.1136637690031093,1.088916328704174,1.03685606733136,1.0787041115584677,1.1905221523776497,1.2787266977094212,1.349593406465674,1.4044587172071363,1.5775317789815693,1.7495902920874196,1.7863197260804629,1.077760596169098,1.3141265010872103,1.2779940433793784,1.3248984954092735,1.374125716958526,1.2570286475919883,1.3560797315194637,1.752822457984577,1.6176644827066278,1.1310631121865815,1.4193623750420594,1.2889847074375629,1.3119178876138082,1.5087576120101558
2025-01,NPL,1000.0,1000.0,1000.0,1000.0,1000.0,1000.0,1000.0,1000.0,134225.0,109179.16666666669,300558.3333333333,234983.3333333333,328387.5,245670.8333333333,300962.5,235458.3333333333,770091.6666666666,542350.0,540300.0,364630.4347826087,303458.3333333333,207879.16666666663,219375.0,158616.66666666666,94391.66666666669,67508.33333333333,51404.16666666666,36854.16666666666,29679.166666666668,19717.391304347828,14120.833333333334,12816.666666666666,9141.666666666666,43891.66666666666,31500.0,876370.8333333334,658941.6666666666,2045833.3333333333,1454166.6666666667,2016666.6666666667,1429166.6666666667,1882608.6956521736,1341666.6666666667,1275000.0,904837.5,1178260.8695652173,829587.5,1241666.6666666667,871091.6666666666,56654.16666666666,40320.833333333336,106158.33333333331,75808.33333333333,1600000.0,284545.8333333333,1700000.0,1100000.0,257587.5,1200000.0,4170833.3333333335,2337500.0,1658333.3333333333,21158.33333333333,1.0,1.0,1.0,1.0,0.8131554008973283,0.7817166868483408,0.7477923490665271,0.7822194313226033,0.7042802219625942,0.6764712590730854,0.6850997085873453,0.7232655755252089,0.715091749682359,0.71688187861173,0.7152298263027584,0.7131465881496251,0.7178777699858006,0.7515985950307744,0.7105924533556113,0.708994708994709,0.7113982740311989,0.7096730769230769,0.7033471673254282,0.7031216734654234,0.7117533552647046,0.7141192629109535,0.6875,0.9052671484136322,0.7058823529411765,0.7096760697032436,0.7127177456074197
2025-01,NRU,1000.0,1000.0,1000.0,1000.0,1000.0,1000.0,1000.0,1000.0,1000.0,1000.0,1000.0,1000.0,1000.0,1000.0,1000.0,1000.0,1000.0,1000.0,1000.0,1000.0,1000.0,1000.0,1000.0,1000.0,1000.0,1000.0,1000.0,1000.0,1000.0,1000.0,1000.0,1000.0,1000.0,1000.0,1000.0,1000.0,1000.0,1000.0,1000.0,1000.0,1000.0,1000.0,1000.0,1000.0,1000.0,1000.0,1000.0,1000.0,1000.0,1000.0,1000.0,1000.0,1000.0,1000.0,1000.0,1000.0,1000.0,1000.0,1000.0,1862.5,1000.0,1012.5,1000.0,1.0,1.0,1.0,1.0,1.0,1.0,1.0,1.0,1.0,1.0,1.0,1.0,1.0,1.0,1.0,1.0,1.0,1.0,1.0,1.0,1.0,1.0,1.0,1.0,1.0,1.0,1.0,1.0,1.0,1.0125,1.0
2025-01,NIU,1000.0,1000.0,1000.0,1000.0,1000.0,1000.0,1000.0,1000.0,1000.0,1000.0,1000.0,1000.0,1000.0,1000.0,1000.0,1000.0,1000.0,1000.0,1000.0,1000.0,1000.0,1000.0,1000.0,1000.0,1000.0,1000.0,1000.0,1000.0,1000.0,1000.0,1000.0,1000.0,1000.0,1000.0,1000.0,1000.0,1000.0,1000.0,1000.0,1000.0,1000.0,1000.0,1000.0,1000.0,1000.0,1000.0,1000.0,1000.0,1000.0,1000.0,1000.0,1000.0,1000.0,1000.0,1000.0,1000.0,1000.0,1000.0,1000.0,1000.0,1000.0,1000.0,1000.0,1.0,1.0,1.0,1.0,1.0,1.0,1.0,1.0,1.0,1.0,1.0,1.0,1.0,1.0,1.0,1.0,1.0,1.0,1.0,1.0,1.0,1.0,1.0,1.0,1.0,1.0,1.0,1.0,1.0,1.0,1.0
2025-01,NZL,1000.0,1000.0,1000.0,1000.0,1000.0,1000.0,1000.0,1000.0,29970.83333333333,41575.0,62883.333333333336,86437.5,69445.83333333333,90158.33333333331,62962.5,86491.66666666667,236175.0,263416.6666666667,189708.3333333333,195969.5652173913,162575.0,185175.0,120066.66666666669,149433.33333333334,84045.83333333333,111979.16666666669,61195.833333333336,89954.16666666667,51775.0,38243.47826086957,66929.16666666667,28241.666666666668,54441.66666666666,45712.5,81558.33333333333,222058.3333333333,275208.6956521739,1044126.0869565216,1258333.3333333333,962137.5,1212500.0,977820.8333333334,1233333.3333333333,790245.8333333334,976287.5,617975.0,740004.1666666666,742100.0,930183.3333333334,74062.5,138045.83333333334,164212.5,285291.6666666667,355666.6666666667,290900.0,542812.5,390033.3333333333,392295.8333333333,649320.8333333334,2670833.333333333,1089412.5,1337500.0,84816.66666666667,1.0,1.0,1.0,1.0,1.3839776907780676,1.369441014595395,1.2939900291516209,1.3687074936331944,1.1113970361339467,1.0353067812541643,1.1394907590178185,1.2453080622054613,1.3328469182558054,1.471332079474852,1.7498671288140726,1.9286543408855368,1.7873605681634288,1.238123304294544,1.2071421281193695,1.2585617883497715,1.2600718402402544,1.238169182613396,1.1972808694938797,1.2544046518532113,1.8659032827777973,1.7393059744366484,1.096639121124902,1.3485694103460375,1.19621945379798,1.2287045059436597,1.639481197636503
2025-01,OMN,1000.0,1000.0,1000.0,1000.0,1000.0,1000.0,1087.5,1000.0,29712.5,24583.33333333333,64769.5652173913,55179.16666666666,72558.33333333333,64570.833333333336,64916.66666666666,55200.0,276983.3333333333,205833.3333333333,332754.1666666667,203045.8333333333,281800.0,163291.66666666666,197216.66666666663,113495.83333333331,125433.33333333331,69962.5,67037.5,36337.5,35887.5,17891.666666666668,8020.833333333333,8525.0,4029.1666666666665,13458.333333333334,7754.166666666667,242508.3333333333,196841.66666666663,1361208.6956521738,832562.5,1344533.3333333333,820069.5652173914,1309443.4782608696,799945.8333333334,1100143.4782608696,626054.1666666666,1008129.1666666666,586825.0,1078987.5,614682.6086956522,22116.666666666668,11839.130434782608,75075.0,37558.333333333336,374087.5,104991.30434782608,527669.5652173914,117033.33333333331,34658.333333333336,182437.5,2616666.6666666665,1403758.3333333333,877166.6666666666,17583.333333333332,1.0,1.0,1.0,0.9573412698412698,0.8083984037981967,0.8288325993367739,0.8683033725032184,0.8310228652399597,0.7244272023430979,0.59822230832183,0.568961924159285,0.5652159428168185,0.5476262703171293,0.5317153058633078,0.4389198214435226,0.4645940779232427,0.5673275247152392,0.7919241110444851,0.5967026737052518,0.600012202074561,0.5947065518722049,0.5719641889220671,0.5713772844152566,0.5618810291550702,0.5289397875945395,0.490590443629507,0.3128541995884766,0.3300904259069128,0.3457702503055048,0.6121847564685549,0.4803725852397524
2025-01,PAN,1000.0,1000.0,1000.0,1000.0,1000.0,1000.0,1000.0,1000.0,33108.333333333336,35295.833333333336,72612.5,76195.83333333333,80687.5,81966.66666666667,72447.82608695653,76245.83333333333,243695.8333333333,247216.66666666663,215439.13043478265,213729.16666666663,171445.83333333334,173150.0,137175.0,146716.66666666666,107833.33333333331,118808.69565217392,81470.83333333333,94995.83333333331,65237.5,47375.0,61637.5,34866.666666666664,46370.833333333336,48617.391304347824,66766.66666666667,237716.66666666663,246658.3333333333,1147862.5,1233333.3333333333,1136462.5,1147191.3043478262,1137929.1666666667,1204634.7826086956,922600.0,962683.3333333334,732154.1666666666,744575.0,874066.6666666666,921439.1304347826,83783.33333333333,113716.66666666669,197195.8333333333,249562.5,627316.6666666666,98833.33333333331,732641.6666666666,656437.5,120841.66666666669,771183.3333333334,2740909.090909091,1233150.0,1333333.3333333333,77362.5,1.0,1.0,1.0,1.0,1.064818461766949,1.0488756550274878,1.016631400861674,1.0484228403625884,1.0145668950637443,0.9891607041585356,1.010339921740691,1.069994537378947,1.1043921073318184,1.165189972527801,1.3007619257679943,1.32937744631113,1.3686479613378622,1.0382207417359992,1.0735277300362835,1.0139499721249998,1.061403149580576,1.044814330456138,1.017469123859133,1.056676733468232,1.3559601673456383,1.2654932759622275,1.046425838424622,1.222685837081076,1.0526082633483254,1.0821999745594153,1.18513262161207
2025-01,PER,1000.0,1000.0,1000.0,1000.0,1000.0,1000.0,1041.6666666666667,1179.1666666666667,162629.16666666666,190808.3333333333,377183.3333333333,431500.0,432970.8333333333,479820.8333333333,380617.39130434784,432675.0,1333333.3333333333,1420833.3333333333,1065165.2173913044,1071904.1666666667,752391.6666666666,769441.6666666666,504633.3333333333,542741.6666666666,358791.6666666667,403183.3333333333,254291.66666666663,303879.1666666667,181266.66666666663,123850.0,157491.66666666666,88629.16666666667,116370.83333333331,129752.17391304349,167595.83333333334,1225000.0,1358333.3333333333,4843478.260869565,5137500.0,4670833.333333333,4952173.913043479,4563636.363636363,4870833.333333333,3421739.1304347827,3666666.6666666665,2929166.6666666665,3029166.6666666665,3279166.6666666665,3517391.304347826,218625.0,283479.1666666667,519941.6666666667,668404.1666666666,3470833.333333333,510683.3333333333,3687500.0,3700000.0,621441.6666666666,3900000.0,11117391.304347826,5204347.826086956,5545454.545454546,229029.16666666663,1.0,1.0,1.0,1.1282828282828283,1.1735439126820293,1.14379662544946,1.108356425133327,1.1441475295102308,1.0667873792873792,1.0055753863677843,1.022850393222204,1.0754996661467346,1.1240963275909417,1.195482472952892,1.2717150359706235,1.3129458502271916,1.2908189157519607,1.1097513597513595,1.0592544567234008,1.0617645069128483,1.0663589212788518,1.0751579313352269,1.0342007237122182,1.0747965589397814,1.29665516729489,1.285784123705165,1.0662114845938375,1.2168763105322844,1.057713963963964,1.0658485024201605,1.2635106072702544
2025-01,PYF,1000.0,1000.0,1000.0,1000.0,1000.0,1000.0,1000.0,1000.0,1000.0,1000.0,1762.5,2187.5,1995.8333333333333,2565.217391304348,1762.5,2187.5,6312.5,7945.833333333333,4869.565217391304,5966.666666666667,3916.6666666666665,5308.333333333333,3404.1666666666665,4562.5,2691.6666666666665,3465.217391304348,1912.5,2370.833333333333,1537.5,1108.3333333333333,1370.8333333333333,1000.0,1000.0,1004.1666666666666,1000.0,5720.833333333333,7495.833333333333,27779.166666666668,35041.666666666664,26720.83333333333,34045.833333333336,26712.5,33725.0,21179.166666666668,27066.666666666668,17029.166666666668,21900.0,20241.666666666668,26045.83333333333,1712.5,1812.5,4333.333333333333,5095.833333333333,9041.666666666666,5645.833333333333,11875.0,11433.333333333334,8000.0,15487.5,70775.0,29612.5,37508.333333333336,1854.1666666666667,1.0,1.0,1.0,1.0,1.0,1.2417139662882697,1.2886416809286645,1.2417139662882697,1.257785068122243,1.2233390410679676,1.3562190646806105,1.3411044973544974,1.290465573074269,1.2407536406375417,1.2388257575757575,1.0,0.9962121212121212,1.309731507545547,1.2619095660251254,1.2742737465888148,1.2627450897735772,1.2786056269000057,1.2866494294398896,1.2875877761383097,1.0587043845315904,1.1758454826452804,1.2646448008452005,1.416908274474064,1.3042286631006994,1.2668097929134137,1.206795634920635
2025-01,PNG,1000.0,1000.0,1000.0,1000.0,1000.0,1000.0,1000.0,1000.0,3483.333333333333,3920.8333333333335,7437.5,8037.5,7887.5,7939.130434782609,7530.434782608696,8037.5,18358.33333333333,16729.166666666668,11145.833333333334,8900.0,6533.333333333333,4991.666666666667,4525.0,3229.1666666666665,2987.5,2134.782608695652,2308.333333333333,1358.3333333333333,1441.6666666666667,1000.0,1000.0,1000.0,1000.0,1000.0,1000.0,21450.0,21287.5,49730.434782608696,39733.333333333336,48945.833333333336,39116.66666666666,45891.66666666666,35787.5,31233.33333333333,22958.33333333333,27341.666666666668,20912.5,30287.5,22375.0,1554.1666666666667,1000.0,3904.1666666666665,1970.8333333333333,32295.83333333333,2191.6666666666665,33666.666666666664,23804.166666666668,2712.5,26291.666666666668,111926.08695652174,57229.16666666666,47708.333333333336,1000.0,1.0,1.0,1.0,1.0,1.1262640538956328,1.0813492505973612,1.0095109003305118,1.0785115423036211,0.9098098346898345,0.7982964595219669,0.7645812926821679,0.7145039373849503,0.7163789486563583,0.5882505175983437,1.0,1.0,1.0,0.99169124739046,0.79664039134781,0.798578741618647,0.7795108386405705,0.7353161800859428,0.7649279627431295,0.7389711323963399,0.6453373015873015,0.504823606271777,0.737136277102357,1.237824675324675,0.7809358514479484,0.8330965817386575,0.695970695970696
2025-01,PHL,1000.0,1404.1666666666667,1000.0,1112.5,1000.0,1158.3333333333333,2887.5,3654.1666666666665,466395.652173913,669120.8333333334,1068020.8333333333,1554166.6666666667,1179166.6666666667,1750000.0,1068770.8333333333,1554166.6666666667,3358333.333333333,5166666.666666667,2239130.434782609,3054166.6666666665,1254166.6666666667,1745833.3333333333,662833.3333333334,978808.3333333334,398426.0869565217,635526.0869565217,242269.5652173913,409756.5217391304,141720.83333333334,90741.66666666669,175408.69565217392,61483.333333333336,119050.0,128566.66666666669,211020.8333333333,3354166.6666666665,4926086.956521739,8425000.0,12908333.333333334,8312500.0,12720833.333333334,7912500.0,12029166.666666666,5116666.666666667,7625000.0,4720833.333333333,6879166.666666667,5012500.0,7425000.0,188750.0,330208.6956521739,426745.8333333333,767879.1666666666,6687500.0,1600000.0,7104166.666666667,9291666.666666666,2900000.0,10212500.0,24670833.33333333,9387500.0,14433333.333333334,260817.39130434784,1.4041666666666668,1.1125,1.1583333333333334,1.2667483171058056,1.4328304913253918,1.4552015128564568,1.4835858585858588,1.4540773306427346,1.537607230392157,1.3628916766912986,1.392361111111111,1.476749755946974,1.594778774168078,1.6912918817369011,1.9343654475837275,1.9367654142124937,1.6411828813212208,1.4690574629698876,1.531736926403273,1.5299452387816974,1.5199469643694326,1.4900504514214976,1.456991139594673,1.481095533412492,1.7505708123889203,1.7992535070051103,1.389416553595658,1.8125,1.4375489045383414,1.5371843146811297,1.84085078363047
2025-01,PAK,1000.0,1000.0,2079.1666666666665,1000.0,1545.8333333333333,1000.0,2883.333333333333,1029.1666666666667,610816.6666666666,334537.5,1429166.6666666667,755270.8333333334,1612500.0,857230.4347826086,1429166.6666666667,755812.5,4066666.6666666665,2258333.333333333,2765217.391304348,1413043.4782608696,1637500.0,787195.8333333334,931850.0,451741.6666666667,525758.3333333334,270673.9130434783,295100.0,163441.66666666666,186350.0,115762.5,80366.66666666667,65591.66666666667,48458.333333333336,104308.33333333331,62445.833333333336,4420833.333333333,2387500.0,10612500.0,5626086.956521739,10573913.043478262,5583333.333333333,9786956.52173913,5208333.333333333,6721739.130434782,3387500.0,6216666.666666667,3091666.6666666665,6600000.0,3312500.0,168475.0,110787.5,470583.3333333333,310904.1666666667,7370833.333333333,891356.5217391305,7900000.0,2500000.0,305083.3333333333,2900000.0,19879166.666666668,12075000.0,6400000.0,120495.83333333331,1.0,0.5670487422635923,0.795922917662048,0.397545043961599,0.5416032570382133,0.5234237103174603,0.527999372909699,0.5238121460137085,0.5518222923031947,0.5088373471994162,0.4799329248366013,0.4842238773024471,0.5145416420970588,0.5523124034154973,0.6928156351095591,0.7377707494386686,0.5980953501584702,0.5357057291786117,0.5289437474669106,0.5314124580990015,0.5283377400356428,0.5071748502909739,0.4960930128898879,0.5007677176674298,0.6568837318705705,0.6594639387656297,0.3391876465506602,0.3422793935030367,0.3670886075949367,0.5276349847346476,0.6448805382291459
2025-01,POL,1000.0,1000.0,1000.0,1000.0,1000.0,1000.0,1000.0,1000.0,117637.5,148516.66666666666,285345.8333333333,381004.1666666667,359604.1666666667,497629.1666666667,287404.347826087,380841.6666666667,1329166.6666666667,1691666.6666666667,950979.1666666666,1056887.5,714629.1666666666,956425.0,519870.8333333333,798370.8333333334,399291.6666666667,676595.8333333334,282512.5,501366.6666666667,165345.83333333334,85017.39130434782,168591.66666666666,51291.66666666666,113333.33333333331,107070.83333333331,193775.0,1138995.8333333333,1487500.0,4730434.782608695,6445833.333333333,4600000.0,6266666.666666667,4513043.478260869,6212500.0,3333333.333333333,4758333.333333333,2934782.6086956523,4008333.3333333335,3229166.6666666665,4575000.0,159117.39130434784,310850.0,412304.1666666667,794329.1666666666,1600000.0,604570.8333333334,1858333.3333333333,2158333.333333333,888670.8333333334,2462500.0,12516666.666666666,5016666.666666667,6812500.0,311566.6666666667,1.0,1.0,1.0,1.0,1.2594870588644242,1.3310922429997092,1.3797921036466605,1.3349654821808796,1.269105894105894,1.1121960223826008,1.3391192813331534,1.5362566682167154,1.6941748168407036,1.7743189363092764,1.9770314410200136,2.209481826807701,1.8098344838506928,1.3035155783335983,1.3624320296680543,1.362358972299882,1.3725661842206294,1.428363643437173,1.3640092856797408,1.4178975725391167,1.950195844749372,1.9265387651153376,1.3489583333333333,1.4699650797154489,1.325414230019493,1.357190897085231,1.884272899071412
2025-01,SPM,1000.0,1000.0,1000.0,1000.0,1000.0,1000.0,1000.0,1000.0,1000.0,1000.0,1000.0,1000.0,1000.0,1000.0,1000.0,1000.0,1000.0,1000.0,1000.0,1000.0,1000.0,1000.0,1000.0,1000.0,1000.0,1000.0,1000.0,1000.0,1000.0,1000.0,1000.0,1000.0,1000.0,1000.0,1000.0,1000.0,1000.0,1000.0,1162.5,1000.0,1079.1666666666667,1000.0,1137.5,1000.0,1058.3333333333333,1000.0,1000.0,1000.0,1000.0,1000.0,1000.0,1000.0,1000.0,1000.0,1000.0,1000.0,1000.0,1000.0,1000.0,2075.0,1000.0,1179.1666666666667,1000.0,1.0,1.0,1.0,1.0,1.0,1.0,1.0,1.0,1.0,1.0,1.0,1.0,1.0,1.0,1.0,1.0,1.0,1.0,1.1652173913043478,1.0791666666666668,1.1391304347826086,1.0583333333333331,1.0,1.0,1.0,1.0,1.0,1.0,1.0,1.1791666666666667,1.0
2025-01,PCN,1000.0,1000.0,1000.0,1000.0,1000.0,1000.0,1000.0,1000.0,1000.0,1000.0,1000.0,1000.0,1000.0,1000.0,1000.0,1000.0,1000.0,1000.0,1000.0,1000.0,1000.0,1000.0,1000.0,1000.0,1000.0,1000.0,1000.0,1000.0,1000.0,1000.0,1000.0,1000.0,1000.0,1000.0,1000.0,1000.0,1000.0,1000.0,1000.0,1000.0,1000.0,1000.0,1000.0,1000.0,1000.0,1000.0,1000.0,1000.0,1000.0,1000.0,1000.0,1000.0,1000.0,1000.0,1000.0,1000.0,1000.0,1000.0,1000.0,1000.0,1000.0,1000.0,1000.0,1.0,1.0,1.0,1.0,1.0,1.0,1.0,1.0,1.0,1.0,1.0,1.0,1.0,1.0,1.0,1.0,1.0,1.0,1.0,1.0,1.0,1.0,1.0,1.0,1.0,1.0,1.0,1.0,1.0,1.0,1.0
2025-01,PRI,1000.0,1000.0,1000.0,1000.0,1000.0,1000.0,1000.0,1000.0,12350.0,16929.166666666668,26475.0,35937.5,28941.666666666668,39121.739130434784,26495.83333333333,35983.333333333336,108550.0,128666.66666666669,107912.5,118700.0,99391.66666666669,113375.0,77129.16666666667,93526.08695652174,70208.33333333333,86482.60869565218,60833.333333333336,79154.16666666667,49533.333333333336,37912.5,59804.16666666666,29720.83333333333,49191.66666666666,49654.16666666666,88054.16666666667,92445.83333333331,120612.5,691034.7826086957,883295.8333333334,641304.1666666666,798065.2173913043,678262.5,862204.1666666666,583166.6666666666,753675.0,419525.0,492979.1666666667,531212.5,666991.6666666666,79637.5,138045.83333333334,168320.83333333334,263983.3333333333,291175.0,215500.0,435141.6666666667,348379.1666666667,301095.8333333333,532725.0,1716666.6666666667,719525.0,918926.0869565216,70279.16666666667,1.0,1.0,1.0,1.0,1.362495740986758,1.3482110172186583,1.3494323217872914,1.3488022502326624,1.1817069053841762,1.100549557994676,1.1399332015586765,1.2151023496586617,1.23353161027182,1.3018274507110952,1.5785824903194936,1.6549829627792354,1.773802337775215,1.2989962860402615,1.2758443444321002,1.2460730498512012,1.2712287006963094,1.2926339904096835,1.1751370426221304,1.255716038127156,1.7338602214257852,1.5689515824522198,1.1964844639611107,1.3972056433383624,1.2242623350728012,1.2762639551789206,1.4190451718356751
2025-01,PSE,1000.0,1000.0,1000.0,1000.0,1000.0,1000.0,1000.0,1000.0,31066.666666666668,36520.833333333336,67495.83333333333,83491.66666666667,76141.66666666667,93426.08695652174,68134.78260869565,83608.33333333333,219708.3333333333,252666.66666666663,176833.33333333334,186695.8333333333,121808.33333333331,137425.0,65954.16666666667,83591.66666666667,42425.0,55679.16666666666,28554.166666666668,38208.333333333336,19379.166666666668,12987.5,18004.166666666668,8650.0,11275.0,10079.166666666666,11283.333333333334,222712.5,267229.1666666667,694256.5217391305,810391.6666666666,682337.5,802341.6666666666,655720.8333333334,765795.8333333334,479608.3333333333,562495.8333333334,427626.0869565217,496937.5,468683.3333333333,553400.0,19041.666666666668,22295.652173913044,51862.5,67879.16666666667,490295.8333333333,176170.83333333334,548987.5,502004.1666666667,179437.5,572983.3333333334,1766666.6666666667,762837.5,903020.8333333334,27008.33333333333,1.0,1.0,1.0,1.0,1.1689834431220694,1.230319919086172,1.223575198457589,1.236311918789632,1.1468333839812987,1.0544781147390765,1.12785013117965,1.266825721281762,1.3117080759387914,1.337424876663116,1.3858949353454992,1.3033520257296245,1.1191172461770102,1.1956027511778269,1.166139969405709,1.1746186650110448,1.166620456126859,1.1720443514507786,1.159592858026283,1.1799892722251162,1.1714816194618591,1.3082140401087743,1.0238808556641132,1.0185440510764598,1.0437092982904008,1.1819128270274089,1.3928741994209937
2025-01,PRT,1000.0,1000.0,1000.0,1000.0,1000.0,1000.0,1000.0,1000.0,32195.652173913044,36762.5,84887.5,96579.16666666669,116204.16666666669,136941.66666666666,84891.66666666667,96587.5,489625.0,583704.1666666666,469450.0,439308.3333333333,380262.5,376508.3333333333,287041.6666666667,317530.4347826087,273858.3333333333,338986.95652173914,261275.0,329854.1666666667,198654.16666666663,132766.66666666666,200025.0,94787.5,152504.16666666666,151452.1739130435,234412.5,389750.0,470208.3333333333,2743478.2608695654,3208333.333333333,2591666.6666666665,2933333.333333333,2691666.6666666665,3129166.6666666665,2291666.6666666665,2612500.0,1708333.3333333333,1733333.3333333333,2112500.0,2395833.333333333,247350.0,385716.6666666667,575450.0,862387.5,944154.1666666666,326383.3333333333,1100000.0,1108333.3333333333,401350.0,1320833.3333333333,6604166.666666667,2850000.0,3308333.333333333,275600.0,1.0,1.0,1.0,1.0,1.1287555894562369,1.1303856467310995,1.1718044437065511,1.130423344934696,1.1831781245351476,0.935074143053973,0.9894970312302768,1.1077289695861312,1.240153295696618,1.2626988511276844,1.5068924230052578,1.6096750650279763,1.544859355514514,1.1985362935178967,1.1649140922982262,1.1305792972459638,1.1613229430258416,1.140727931488801,1.0157563025210083,1.135371572871573,1.5596140138030037,1.4987558419560931,1.1739823084790777,1.2297241592017043,1.200757575757576,1.1594399972632732,1.387589459691365
2025-01,PLW,1000.0,1000.0,1000.0,1000.0,1000.0,1000.0,1000.0,1000.0,1000.0,1000.0,1000.0,1000.0,1000.0,1000.0,1000.0,1000.0,1000.0,1000.0,1000.0,1000.0,1000.0,1000.0,1000.0,1000.0,1000.0,1000.0,1000.0,1000.0,1000.0,1000.0,1000.0,1000.0,1000.0,1000.0,1000.0,1000.0,1000.0,2600.0,3045.833333333333,2525.0,2954.1666666666665,2516.6666666666665,2933.333333333333,1954.1666666666667,2262.5,1654.1666666666667,1833.3333333333333,1858.3333333333333,2191.6666666666665,1000.0,1000.0,1000.0,1000.0,1479.1666666666667,1000.0,1708.695652173913,1479.1666666666667,1070.8333333333333,1891.6666666666667,6450.0,2779.1666666666665,3312.5,1000.0,1.0,1.0,1.0,1.0,1.0,1.0,1.0,1.0,1.0,1.0,1.0,1.0,1.0,1.0,1.0,1.0,1.0,1.0,1.1703363062058714,1.1683870477348737,1.1641562785041046,1.1568104288499026,1.1073325163398693,1.1787925696594428,1.0,1.0,1.0007688492063491,1.0695652173913044,1.1074701619778349,1.1900759441707718,1.0
2025-01,PRY,1000.0,1000.0,1000.0,1000.0,1000.0,1000.0,1000.0,1000.0,47737.5,54745.833333333336,102770.83333333331,115804.16666666669,111129.16666666669,122120.83333333331,102975.0,116029.16666666669,297045.8333333333,338350.0,246047.8260869565,264958.3333333333,191937.5,214625.0,128879.16666666669,154341.66666666666,92758.33333333331,123808.33333333331,57916.66666666666,80133.33333333333,37304.16666666666,26154.166666666668,41079.16666666666,18483.33333333333,31045.83333333333,26683.33333333333,40491.66666666666,312470.8333333333,356813.04347826086,1136334.7826086956,1345833.3333333333,1071420.8333333333,1258333.3333333333,1064982.608695652,1258333.3333333333,815183.3333333334,977725.0,705375.0,818595.8333333334,787633.3333333334,949970.8333333334,45158.333333333336,73220.83333333333,107412.5,169512.5,791954.1666666666,136900.0,857613.0434782609,915270.8333333334,178075.0,996916.6666666666,2800000.0,1241666.6666666667,1450000.0,56845.833333333336,1.0,1.0,1.0,1.0,1.143685106321214,1.1247180573271585,1.0971740266963954,1.1246670956576983,1.1367265184667434,1.074856450997557,1.1178840420810932,1.1976934072375058,1.3347265510505315,1.3834240776884412,1.5705366625135666,1.6794309079351768,1.5175608076995442,1.1421363140010106,1.182954743443773,1.1736258254809402,1.1795910010771444,1.199880739652368,1.1602377689980656,1.2059942116064184,1.6213410446210677,1.578018808504476,1.1557228635713728,1.300781119517482,1.1625324668931216,1.1681235431235428,1.5235803958925986
2025-01,QAT,1000.0,1000.0,1000.0,1000.0,1000.0,1000.0,1000.0,1000.0,8987.5,8054.166666666667,21786.95652173913,17954.166666666668,30845.83333333333,20962.5,21941.666666666668,17962.5,157562.5,88758.33333333333,248904.16666666663,117533.33333333331,230133.3333333333,116204.16666666669,176169.5652173913,91233.33333333331,110516.66666666669,58416.66666666666,60837.5,32020.83333333333,33234.782608695656,17304.166666666668,9562.5,8347.826086956522,5312.5,12943.478260869566,7920.833333333333,119825.0,72339.13043478261,1043778.2608695652,545891.6666666666,1044491.6666666666,538562.5,1038940.9090909092,535216.6666666666,893516.6666666666,456900.0,824762.5,416129.1666666667,882150.0,449341.6666666667,21247.82608695652,13137.5,71787.5,40787.5,469404.1666666667,168470.83333333334,580000.0,169429.16666666666,98279.16666666669,234816.66666666663,1775000.0,1053429.1666666667,563747.8260869565,17704.166666666668,1.0,1.0,1.0,1.0,0.8812205525001771,0.8052116746450831,0.6677569282231078,0.8054838511970601,0.5554773631829133,0.4692629398186712,0.5034122805251073,0.5151160498638557,0.5273123622549903,0.5245005779668949,0.5472977388566561,0.6252723542537905,0.6060238469218414,0.5961016495402659,0.5179755151849407,0.5128848171625088,0.5087856864424313,0.5091732262846812,0.5024232061931373,0.5071789934627383,0.610031797958222,0.5640060227967022,0.3609417527891223,0.583365076558091,0.4048550965503756,0.5327288888499058,0.527988827979666
2025-01,REU,1000.0,1000.0,1000.0,1000.0,1000.0,1000.0,1000.0,1000.0,2833.333333333333,2987.5,7091.666666666667,7300.0,9054.166666666666,9452.173913043478,7091.666666666667,7295.833333333333,30250.0,30295.83333333333,23783.33333333333,23829.166666666668,17226.08695652174,21241.666666666668,13304.166666666666,18162.5,10634.782608695652,14837.5,7670.833333333333,10558.333333333334,5887.5,4175.0,6079.166666666667,2833.333333333333,3829.1666666666665,3908.3333333333335,4725.0,27720.83333333333,28920.83333333333,120143.47826086955,140783.33333333334,116312.5,135804.16666666666,115658.33333333331,136129.16666666666,89575.0,111675.0,72025.0,88529.16666666667,85662.5,106762.5,6795.833333333333,8520.833333333334,16891.666666666668,22787.5,36550.0,18773.91304347826,46250.0,42554.16666666666,23029.166666666668,54854.16666666666,284158.3333333333,127066.66666666669,147958.33333333334,8129.166666666667,1.0,1.0,1.0,1.0,1.0528461959496442,1.0279595627389486,1.043565696397707,1.027388786483241,1.0002451677375104,1.0014617687067664,1.2316422743508224,1.3654864882693103,1.3937119803676623,1.3761148568453792,1.455852679200106,1.3513470485453245,1.2086978818084402,1.0417940457985435,1.169835785759999,1.1671928613628344,1.1766775509848253,1.2463744315120138,1.2291076083102814,1.2459553529689251,1.2535567799876135,1.348746965983575,1.1643138119024958,1.2255789255791962,1.1860744862915824,1.1639086889136077,1.380573918054197
2025-01,ROU,1000.0,1000.0,1000.0,1000.0,1000.0,1000.0,1000.0,1000.0,45725.0,52087.5,120362.5,134629.16666666666,157533.33333333334,179382.60869565216,120370.83333333331,134612.5,640858.3333333334,682987.5,491166.6666666667,454775.0,361416.6666666667,354108.3333333333,298679.1666666667,344812.5,212558.3333333333,268091.6666666667,182350.0,239533.3333333333,125662.5,90266.66666666669,130308.33333333331,44573.91304347826,65520.833333333336,80350.0,113350.0,518754.1666666667,571441.6666666666,2570833.333333333,2866666.6666666665,2470833.333333333,2762500.0,2470833.333333333,2770833.333333333,1912500.0,2175000.0,1520833.3333333333,1654166.6666666667,1812500.0,2033333.3333333333,128416.66666666669,180279.16666666663,342608.3333333333,487995.8333333333,993758.3333333334,365621.7391304348,1100000.0,1104166.6666666667,461966.6666666667,1300000.0,6021739.130434782,2669565.217391304,2991304.347826087,171925.0,1.0,1.0,1.0,1.0,1.1367699095999082,1.116403209608949,1.1381824657203368,1.1162012293427164,1.0631262773157657,0.9257230535759884,0.9795392310844822,1.154687949476907,1.2608876612786428,1.3132667434302474,1.443906385908378,1.4684569191407817,1.4111489511027555,1.0987034408776832,1.1155607355607355,1.1183096764346765,1.1222779304029304,1.136936704506364,1.0905582264957263,1.122575894392845,1.4039689453560358,1.42416925095726,1.1111785762323998,1.2626634062795394,1.181818181818182,1.12113820856732,1.368405561352705
2025-01,SRB,1000.0,1000.0,1000.0,1000.0,1000.0,1000.0,1000.0,1000.0,26195.83333333333,30795.83333333333,59217.391304347824,73008.33333333333,73941.66666666667,86979.16666666667,59500.0,73054.16666666667,275279.1666666667,307137.5,250600.0,245212.5,219925.0,218675.0,165041.66666666666,183554.16666666663,145904.34782608697,172629.16666666666,120916.66666666669,151229.16666666666,90904.16666666669,60695.65217391304,81070.83333333333,40845.833333333336,60420.833333333336,60625.0,84287.5,236237.5,273258.3333333333,1434782.608695652,1591666.6666666667,1408333.3333333333,1512500.0,1433333.3333333333,1516666.6666666667,1156508.3333333333,1258333.3333333333,907830.4347826086,952437.5,1128729.1666666667,1160762.5,103658.33333333331,146016.66666666666,257160.86956521735,336875.0,752591.6666666666,135908.33333333334,845575.0,814100.0,170225.0,915120.8333333334,3400000.0,1508695.652173913,1627272.7272727273,113029.16666666669,1.0,1.0,1.0,1.0,1.165591572562117,1.2113976683069712,1.1661477240749556,1.2139923357506464,1.1066886986624094,0.9744503582329268,0.993309808630044,1.1115433145014122,1.1797698998397128,1.249443719508644,1.3313652267594571,1.477578772074781,1.387503566466533,1.1479858334986552,1.1014492753623188,1.0750901875901877,1.055952380952381,1.088831770297413,1.046255826949413,1.030564571393797,1.4067536150409217,1.3054271409659834,1.0817360346106717,1.2525001200525283,1.0822506745499714,1.0818181818181818,1.2423852921548024
2025-01,RWA,1000.0,1000.0,1000.0,1000.0,1000.0,1000.0,1000.0,1000.0,12870.833333333334,9254.166666666666,30487.5,21745.83333333333,37050.0,26012.5,30817.391304347828,21770.83333333333,104054.16666666669,70437.5,70270.83333333333,43483.333333333336,44025.0,22645.83333333333,23941.666666666668,11141.666666666666,11770.833333333334,5679.166666666667,5337.5,2575.0,3004.1666666666665,1612.5,1000.0,1154.1666666666667,1000.0,10062.5,7508.333333333333,107033.33333333331,73769.56521739131,270983.3333333333,164083.33333333334,260429.16666666663,157120.83333333334,250604.16666666663,151029.16666666666,169337.5,94433.33333333331,152812.5,84741.66666666667,158641.66666666666,87558.33333333333,11237.5,8204.166666666666,15945.833333333334,10587.5,169866.66666666666,21266.666666666668,192054.16666666663,95716.66666666669,15920.833333333334,117712.5,514287.5,301704.1666666667,186500.0,1562.5,1.0,1.0,1.0,1.0,0.7220908634341628,0.7146099685604894,0.7037555020212118,0.7146023333905376,0.6766619189138847,0.6182511171564062,0.5135318301182367,0.4648379721170269,0.4816424178438834,0.48125585992849,0.6276447544829898,0.8712121212121212,0.7462943018539013,0.692675368187274,0.6055361633043437,0.6033093745442453,0.6022546731380113,0.55738110567587,0.5542706046328011,0.5515878016917389,0.7303688536203111,0.6639241064193461,0.563450162549833,0.7486588669759833,0.6129085463429202,0.6180279352588878,0.5190315628476084
2025-01,SAU,1000.0,1000.0,1000.0,1000.0,1000.0,1000.0,1462.5,1000.0,141466.66666666666,156370.83333333334,333333.3333333333,356891.6666666667,417616.6666666667,417012.5,329745.45454545453,354400.0,1860869.5652173916,1596134.7826086956,2386956.5217391304,1551900.0,1782608.6956521738,1177626.0869565215,1197865.2173913044,752408.695652174,700421.7391304348,433556.5217391304,365043.4782608696,225512.5,203043.4782608696,115778.26086956522,84069.56521739131,65358.333333333336,51447.82608695652,136229.16666666666,143534.78260869565,1500695.8333333333,1445913.043478261,9012500.0,6245833.333333333,8813043.47826087,6065217.391304348,8713043.47826087,5986956.521739131,7104166.666666667,4620833.333333333,6550000.0,4216666.666666667,6941666.666666667,4452173.913043479,203366.66666666663,195187.5,525150.0,418250.0,3000000.0,932982.6086956522,4100000.0,792616.6666666666,438166.6666666667,1500000.0,18204166.666666668,9383333.333333334,6625000.0,137083.33333333334,1.0,1.0,1.0,0.9294078742608156,1.0753111897618262,1.0420779350868583,0.9725723979562988,1.0364720426289875,0.8317551685537955,0.6343794670506627,0.6487613766858619,0.6174894943759263,0.6074873722737958,0.6003991670101759,0.7068641131930771,0.7692206638446042,1.025958593901024,0.9224464181425732,0.6768681104225069,0.6711209514265607,0.6686398590179801,0.6366839025132537,0.6310129827265085,0.630303701334012,0.931428238413374,0.7750140885649753,0.2642055555555555,0.4695115588548458,0.3658536585365853,0.6890474781424213,0.6557868218512314
2025-01,SLB,1000.0,1000.0,1000.0,1000.0,1000.0,1000.0,1000.0,1000.0,1000.0,1273.9130434782608,1966.6666666666667,2537.5,1791.6666666666667,2463.6363636363635,1973.9130434782608,2534.782608695652,3195.6521739130435,4295.652173913043,1265.2173913043478,1800.0,1000.0,1000.0,1000.0,1000.0,1000.0,1000.0,1000.0,1000.0,1000.0,1000.0,1000.0,1000.0,1000.0,1000.0,1000.0,4595.833333333333,6083.333333333333,6517.391304347826,7982.608695652174,6417.391304347826,7917.391304347826,5679.166666666667,6750.0,3283.333333333333,3625.0,2925.0,3416.6666666666665,3187.5,3575.0,1000.0,1000.0,1000.0,1000.0,6416.666666666667,1000.0,6704.166666666667,8012.5,1062.5,8313.04347826087,19539.130434782608,8517.391304347826,10469.565217391304,1000.0,1.0,1.0,1.0,1.0,1.2739130434782608,1.2904970760233918,1.3755199049316695,1.2839816933638444,1.344159069658719,1.4230262491132055,1.0,1.0,1.0,1.0,1.0,1.0,1.0,1.323484147674712,1.2246456972744106,1.233574693194808,1.188427829642298,1.1043490077482605,1.1680808874449955,1.1219675220932743,1.0,1.0,1.2489074438293188,1.0608695652173914,1.2384962552623635,1.2290296498481126,1.0
2025-01,SYC,1000.0,1000.0,1000.0,1000.0,1000.0,1000.0,1000.0,1000.0,1000.0,1000.0,1312.5,1491.6666666666667,1441.6666666666667,1441.6666666666667,1308.695652173913,1491.6666666666667,4325.0,4062.5,4462.5,3283.333333333333,4045.8333333333335,2983.333333333333,2975.0,2225.0,1966.6666666666667,1652.1739130434785,1137.5,1116.6666666666667,1000.0,1000.0,1000.0,1000.0,1000.0,1000.0,1000.0,4270.833333333333,4350.0,20716.666666666668,17586.956521739132,20375.0,17179.166666666668,19987.5,16978.260869565216,16433.333333333332,13487.5,14716.666666666666,11220.833333333334,16058.333333333334,13050.0,1000.0,1000.0,1762.5,2191.6666666666665,12650.0,3108.695652173913,14091.666666666666,10041.666666666666,3441.6666666666665,11595.833333333334,42904.34782608696,21983.33333333333,19129.166666666668,1000.0,1.0,1.0,1.0,1.0,1.0,1.1343864468864469,1.0,1.1340181557572862,0.9383909410389522,0.7357594266032937,0.7370023551425992,0.7486952427554834,0.8425138934292253,0.9826388888888888,1.0,1.0,1.0,1.0176020034715687,0.8510273505902681,0.843046990136505,0.8513884783092316,0.8206470879996832,0.7626805643178199,0.8127239844010076,1.0,1.2448185414516684,0.7939086628617417,1.1064165497896217,0.8229361422139205,0.8696211440830228,1.0
2025-01,SWE,1000.0,1000.0,1000.0,1000.0,1000.0,1000.0,1000.0,1000.0,30804.166666666668,36808.333333333336,79054.16666666667,98329.16666666669,107191.66666666669,133604.16666666666,78713.04347826086,98283.33333333331,399079.1666666667,438100.0,340895.652173913,332379.1666666667,320766.6666666667,361862.5,265239.1304347826,312254.1666666667,219225.0,270378.26086956525,195091.66666666663,239858.3333333333,182704.16666666663,154754.16666666666,226508.3333333333,116050.0,180987.5,246391.66666666663,436929.1666666667,349666.6666666667,418425.0,2433333.333333333,3025000.0,2154166.6666666665,2613043.4782608696,2366666.6666666665,2973913.0434782607,2041666.6666666667,2625000.0,1333333.3333333333,1512500.0,1770833.3333333333,2179166.6666666665,360630.4347826087,615769.5652173914,701970.8333333334,1050633.3333333333,560666.6666666666,543552.1739130435,945316.6666666666,647412.5,746425.0,1200000.0,6069565.217391305,2520833.333333333,3152173.913043478,241058.3333333333,1.0,1.0,1.0,1.0,1.1881332875384143,1.2370709982039048,1.2436829470179978,1.235969616944674,1.094944045466549,0.9704313202429824,1.1274220568483782,1.1744196000761402,1.23609800022563,1.2299490466148937,1.463297381806005,1.5583933379873391,1.770451960222735,1.1928321015283376,1.2444719973009446,1.2164668238837038,1.2572599741319272,1.287380501443001,1.1324925074925074,1.2339375808803057,1.704681775171442,1.497814178930925,1.1547076848200524,1.372210372846284,1.2697203256504068,1.2504628814697465,1.3209168017115382
2025-01,SGP,1000.0,1000.0,1000.0,1000.0,1000.0,1000.0,1000.0,1012.5,20575.0,31183.33333333333,44891.66666666666,65508.333333333336,52020.833333333336,69921.73913043478,44966.66666666666,65545.83333333333,216466.66666666663,255570.8333333333,275875.0,265926.0869565217,263583.3333333333,261387.5,194804.16666666663,217425.0,142641.66666666666,167029.16666666666,99300.0,127383.33333333331,74783.33333333333,52916.66666666666,73325.0,40358.333333333336,55745.833333333336,59766.66666666666,73658.33333333333,182987.5,229525.0,1433333.3333333333,1591666.6666666667,1333333.3333333333,1508695.652173913,1379166.6666666667,1525000.0,1208333.3333333333,1333333.3333333333,962579.1666666666,1043265.2173913044,1147008.3333333333,1258333.3333333333,99520.83333333331,128052.17391304349,226179.16666666663,303170.8333333333,513858.3333333333,309841.6666666667,736233.3333333334,501800.0,397770.8333333333,797433.3333333334,3350000.0,1433333.3333333333,1612500.0,100358.33333333331,1.0,1.0,1.0,1.0125,1.4985901789301923,1.4429266684087545,1.335641946250696,1.4414305038271171,1.1705171279114286,0.9647202625635384,0.9909930612513812,1.1155858900704716,1.1710240181538665,1.2832192940127616,1.3863187337303586,1.3813260639501113,1.2332064132986733,1.2408637073522613,1.1094246031746031,1.1320418711723057,1.1058892496392496,1.1044337606837606,1.0838306950517314,1.099066353382985,1.2897769225921838,1.3410964907263143,0.9765386156392027,1.2838001717775789,1.0831271341659936,1.123313492063492,1.341862410089227
2025-01,SHN,1000.0,1000.0,1000.0,1000.0,1000.0,1000.0,1000.0,1000.0,1000.0,1000.0,1000.0,1000.0,1000.0,1000.0,1000.0,1000.0,1000.0,1000.0,1000.0,1000.0,1000.0,1000.0,1000.0,1000.0,1000.0,1000.0,1000.0,1000.0,1000.0,1000.0,1000.0,1000.0,1000.0,1000.0,1000.0,1000.0,1000.0,1000.0,1000.0,1000.0,1000.0,1000.0,1000.0,1000.0,1000.0,1000.0,1000.0,1000.0,1000.0,1000.0,1000.0,1000.0,1000.0,1000.0,1000.0,1000.0,1000.0,1000.0,1000.0,1000.0,1000.0,1000.0,1000.0,1.0,1.0,1.0,1.0,1.0,1.0,1.0,1.0,1.0,1.0,1.0,1.0,1.0,1.0,1.0,1.0,1.0,1.0,1.0,1.0,1.0,1.0,1.0,1.0,1.0,1.0,1.0,1.0,1.0,1.0,1.0
2025-01,SVN,1000.0,1000.0,1000.0,1000.0,1000.0,1000.0,1000.0,1000.0,4366.666666666667,5020.833333333333,11691.666666666666,13787.5,16287.5,19191.666666666668,11687.5,13783.333333333334,69433.33333333333,74845.83333333333,61404.16666666666,56520.833333333336,47712.5,47175.0,38183.333333333336,41383.333333333336,31670.83333333333,37795.833333333336,26445.83333333333,33483.333333333336,18429.166666666668,11841.666666666666,15737.5,7266.666666666667,9579.166666666666,10904.166666666666,13666.666666666666,54933.333333333336,63558.333333333336,328404.1666666667,349241.6666666667,316795.8333333333,336995.8333333333,317391.3043478261,338158.3333333333,259170.8333333333,277550.0,207729.16666666663,219012.5,248183.3333333333,264779.1666666667,18366.666666666668,23312.5,49200.0,62916.66666666666,128054.16666666669,49956.52173913043,151316.66666666666,131875.0,53516.66666666666,158491.66666666666,752121.7391304348,340116.6666666667,361691.6666666667,23908.33333333333,1.0,1.0,1.0,1.0,1.138403869873574,1.1686614343236494,1.170027671731743,1.1687342207679796,1.0698012592380195,0.919117447403656,0.9878760020928008,1.0842767839591751,1.193495227359221,1.2660020555026663,1.328129001770572,1.3175476142806783,1.2528804083141518,1.1483142511531783,1.0623256254311386,1.0624107513650318,1.0617860988565937,1.070538619215792,1.0537456861232957,1.0665185236479755,1.269542289365834,1.279192724574951,1.029893392233996,1.0706443359824482,1.0474140669378176,1.062383767182748,1.2978568829099193
2025-01,SJM,1000.0,1000.0,1000.0,1000.0,1000.0,1000.0,1000.0,1000.0,1000.0,1000.0,1000.0,1000.0,1000.0,1000.0,1000.0,1000.0,1000.0,1000.0,1000.0,1000.0,1000.0,1000.0,1000.0,1000.0,1000.0,1000.0,1000.0,1000.0,1000.0,1000.0,1000.0,1000.0,1000.0,1000.0,1000.0,1000.0,1000.0,1000.0,1000.0,1000.0,1000.0,1000.0,1000.0,1000.0,1000.0,1000.0,1000.0,1000.0,1000.0,1000.0,1000.0,1000.0,1000.0,1000.0,1000.0,1000.0,1000.0,1000.0,1000.0,1000.0,1000.0,1000.0,1000.0,1.0,1.0,1.0,1.0,1.0,1.0,1.0,1.0,1.0,1.0,1.0,1.0,1.0,1.0,1.0,1.0,1.0,1.0,1.0,1.0,1.0,1.0,1.0,1.0,1.0,1.0,1.0,1.0,1.0,1.0,1.0
2025-01,SVK,1000.0,1000.0,1000.0,1000.0,1000.0,1000.0,1000.0,1000.0,12079.166666666666,13554.166666666666,31475.0,37570.833333333336,41491.66666666666,49413.04347826087,31479.166666666668,37558.333333333336,168133.33333333334,184208.3333333333,148608.33333333334,141108.33333333334,126029.16666666669,130304.16666666669,90304.16666666669,105039.1304347826,69945.83333333333,89954.16666666667,55850.0,78458.33333333333,36237.5,20166.666666666668,34125.0,12950.0,23470.83333333333,21962.5,33804.166666666664,133441.66666666666,151373.91304347827,752266.6666666666,876616.6666666666,726958.3333333334,840470.8333333334,731195.8333333334,848970.8333333334,585816.6666666666,690254.1666666666,494137.5,539883.3333333334,561204.1666666666,655604.1666666666,34729.166666666664,57320.833333333336,92216.66666666669,148312.5,268754.1666666667,123500.0,318854.1666666667,332708.3333333333,151200.0,399183.3333333333,1775000.0,783816.6666666666,917254.1666666666,55795.833333333336,1.0,1.0,1.0,1.0,1.1187714351449267,1.1887392106398538,1.1908946168838406,1.1882223567746382,1.0918711437322686,0.9505172406069792,1.034622254872498,1.1662297021402952,1.2860249040411795,1.4051199491199238,1.6933335000497394,1.81308011174162,1.5391252493668874,1.1351789349467087,1.1656575417975634,1.1562893344446965,1.161488421166182,1.1790998580406256,1.0937429417153417,1.1688855430586067,1.650574248285774,1.6079655495693794,1.2379596639612662,1.224337962800839,1.2519574688612671,1.1702926797139124,1.54030226768543
2025-01,SLE,1000.0,1000.0,1000.0,1000.0,1000.0,1000.0,1000.0,1000.0,2479.1666666666665,2204.1666666666665,5587.5,4775.0,6608.333333333333,5470.833333333333,5591.666666666667,4775.0,17229.166666666668,14470.833333333334,14534.782608695652,11791.666666666666,9695.833333333334,7079.166666666667,6079.166666666667,3854.1666666666665,3204.1666666666665,2029.1666666666667,1754.1666666666667,1179.1666666666667,1108.3333333333333,1000.0,1000.0,1000.0,1000.0,3065.217391304348,2675.0,18579.166666666668,15760.869565217392,58165.21739130434,44852.17391304348,55104.16666666666,42362.5,54729.16666666666,41770.833333333336,41104.16666666666,30295.83333333333,35641.666666666664,26025.0,38045.833333333336,27687.5,3658.3333333333335,3160.8695652173915,5412.5,4420.833333333333,42512.5,15125.0,47439.13043478261,31816.666666666668,16354.166666666666,36658.333333333336,117762.5,63783.333333333336,49612.5,1000.0,1.0,1.0,1.0,1.0,0.8901541145381725,0.854145915886121,0.827435113298284,0.8535371101195127,0.8395390835650479,0.8102997613727855,0.7299347318729055,0.6340241338132954,0.633578537741149,0.6726409313725491,1.0,1.0,0.8723702664796634,0.8497673426040222,0.7709168076597578,0.7686682755039205,0.7632205325253089,0.7370753932254956,0.7301247808412361,0.7276817470055694,0.8644545166284298,0.8167869063922061,0.7484122029498907,1.081316369431043,0.7728210288867364,0.7779225818995386,0.9059343434343434
2025-01,SMR,1000.0,1000.0,1000.0,1000.0,1000.0,1000.0,1000.0,1000.0,1000.0,1000.0,1000.0,1000.0,1000.0,1000.0,1000.0,1000.0,1000.0,1000.0,1000.0,1000.0,1000.0,1000.0,1000.0,1000.0,1000.0,1000.0,1000.0,1000.0,1000.0,1000.0,1000.0,1000.0,1000.0,1000.0,1000.0,1000.0,1000.0,3954.1666666666665,4954.166666666667,3583.333333333333,4529.166666666667,3883.3333333333335,4862.5,3412.5,4279.166666666667,1937.5,2416.6666666666665,3054.1666666666665,3850.0,1000.0,1000.0,1454.1666666666667,1845.8333333333333,1129.1666666666667,1000.0,1529.1666666666667,1529.1666666666667,1000.0,2150.0,9730.434782608696,4062.5,5070.833333333333,1000.0,1.0,1.0,1.0,1.0,1.0,1.0,1.0,1.0,1.0,1.0,1.0,1.0,1.0,1.0,1.0,1.0,1.0,1.0,1.2520871954942077,1.262844932695205,1.2505886954428755,1.2535100595445423,1.2474624060150374,1.2599290046870693,1.0,1.2683150183150182,1.3557449494949496,1.0,1.407862103174603,1.2464425190442634,1.0
2025-01,SEN,1000.0,1000.0,1000.0,1000.0,1000.0,1000.0,1012.5,1000.0,45441.66666666666,27491.666666666668,99812.5,58408.333333333336,108666.66666666669,61150.0,99937.5,58512.5,250058.3333333333,147712.5,175930.4347826087,102479.16666666669,103233.33333333331,63637.5,68956.52173913043,41929.16666666666,38179.16666666666,23283.33333333333,22329.166666666668,13637.5,13473.91304347826,7991.666666666667,4787.5,6112.5,3637.5,20820.83333333333,12033.333333333334,287041.6666666667,167020.83333333334,726191.6666666666,419266.6666666667,701091.6666666666,409170.8333333333,665625.0,388560.8695652174,460304.1666666667,270575.0,410162.5,241212.5,438533.3333333333,259804.16666666663,26875.0,15508.333333333334,48070.833333333336,28187.5,393591.6666666667,185386.36363636365,499750.0,197366.66666666663,123116.66666666669,277295.8333333333,1400000.0,828562.5,478175.0,8050.0,1.0,1.0,1.0,0.9903846153846154,0.6025213083384519,0.5818935313421746,0.5648246700024254,0.5822945188831926,0.5889929865019063,0.5807322839088315,0.6163361681067073,0.6073281663633024,0.6093528083992812,0.6101818485783129,0.5980347934362434,0.5946550602089999,0.5783719259747634,0.5798852924736836,0.5771916965229126,0.5834124478279831,0.5847142229181855,0.5874389867671653,0.5878564859783462,0.5920410549660186,0.5772634538226874,0.5861533105072078,0.501452501884584,0.6642187109017514,0.5548505085302184,0.5766990738484744,0.6010612197737709
2025-01,SOM,1000.0,1000.0,1000.0,1000.0,1000.0,1000.0,1000.0,1000.0,15466.666666666666,16783.333333333332,34445.833333333336,36373.91304347826,38391.66666666666,38179.16666666666,34458.333333333336,36445.833333333336,93025.0,87025.0,77416.66666666667,63337.5,36766.66666666666,26400.0,21521.739130434784,13320.833333333334,7541.666666666667,4000.0,3687.5,2016.6666666666667,2212.5,1841.6666666666667,1000.0,1470.8333333333333,1004.1666666666666,4879.166666666667,4995.833333333333,100991.66666666669,98845.83333333331,251156.52173913043,200608.3333333333,245966.66666666663,195362.5,231700.0,181529.16666666663,157045.83333333334,116529.16666666669,147100.0,108716.66666666669,152370.83333333334,111379.16666666669,6413.04347826087,5962.5,10466.666666666666,8091.666666666667,197783.3333333333,42034.782608695656,211650.0,167683.33333333334,46037.5,182254.16666666663,545600.0,287300.0,235325.0,1216.6666666666667,1.0,1.0,1.0,1.0,1.0873392933704094,1.0614514482206583,0.9964375975466986,1.059855573873826,0.9358956733502324,0.8188288956999177,0.7180795561024141,0.618607634863098,0.5306124771585298,0.5471705078419474,0.5438023162481367,0.6836385836385835,1.0257177643784787,0.9802156807212524,0.7986817312015468,0.7945966758118422,0.7837342415650258,0.7423069752580056,0.7388434640447943,0.7312688116520101,0.9314648923047608,0.7743037575089087,0.8478063297195014,1.0955937751350409,0.8610817943062692,0.8195588536524099,0.5501835121400339
2025-01,SUR,1000.0,1000.0,1000.0,1000.0,1000.0,1000.0,1000.0,1000.0,2441.6666666666665,2333.333333333333,5130.434782608696,4966.666666666667,5512.5,5341.666666666667,5154.166666666667,4983.333333333333,16283.333333333334,15383.333333333334,13195.833333333334,11937.5,8500.0,8695.833333333334,6341.666666666667,6845.833333333333,4626.086956521739,4900.0,2920.833333333333,3245.833333333333,2154.1666666666665,1441.6666666666667,1620.8333333333333,1000.0,1175.0,1373.9130434782608,1386.9565217391305,16462.5,15926.08695652174,57795.833333333336,58245.833333333336,56412.5,56775.0,54825.0,55400.0,41208.333333333336,42216.66666666666,35570.833333333336,35491.666666666664,39870.833333333336,40808.333333333336,2354.1666666666665,2562.5,5920.833333333333,6545.833333333333,38575.0,13512.5,43700.0,35454.166666666664,13770.833333333334,41312.5,130817.39130434782,62979.16666666666,63395.833333333336,2333.333333333333,1.0,1.0,1.0,1.0,0.9532692307692308,0.9619232650573628,0.9671953256076212,0.964323488160332,0.9440201283976452,0.9043699014344222,1.0233090608334157,1.079617660537992,1.0586649147034124,1.111829501915709,1.1253052503052503,1.175,1.00999000999001,0.9684317781855502,1.0073923588154845,1.0061507028492949,1.0103877581725922,1.0246052193359416,0.998045775694894,1.023711553706523,1.0877456631532718,1.1055031701665865,0.9191165713213686,1.019144880508904,0.945420702261201,1.0062836227875829,1.0825667388167388
2025-01,SSD,1000.0,1000.0,1000.0,1000.0,1000.0,1000.0,1000.0,1000.0,1000.0,1000.0,2916.6666666666665,1200.0,4195.833333333333,1500.0,2916.6666666666665,1200.0,12695.833333333334,4387.5,11941.666666666666,4275.0,7534.782608695652,2404.1666666666665,5269.565217391304,1262.5,2670.833333333333,1000.0,1291.6666666666667,1000.0,1000.0,1000.0,1000.0,1000.0,1000.0,1000.0,1000.0,12237.5,4475.0,44256.52173913043,13866.666666666666,43558.333333333336,13445.833333333334,42316.66666666666,13117.391304347826,30979.166666666668,9483.333333333334,28912.5,8729.166666666666,30191.666666666668,9033.333333333334,1100.0,1000.0,2112.5,1000.0,35229.166666666664,6986.95652173913,36983.333333333336,10854.166666666666,4070.8333333333335,11886.95652173913,62525.0,46941.66666666666,15079.166666666666,1000.0,1.0,1.0,1.0,1.0,1.0,0.4116174055829227,0.3575920491257491,0.4116174055829227,0.3456085724567859,0.3579936217027783,0.3191174469664172,0.2392408657790117,0.3745251661918328,0.7745726495726496,1.0,1.0,1.0,0.3656837647801745,0.3132977622010719,0.3086931046322105,0.3099731939704659,0.306116446650734,0.3019135965887403,0.2991943551067754,0.9090909090909092,0.4734848484848484,0.3081066137577969,0.5827049736798791,0.3212358424081356,0.3212315570676348,1.0
2025-01,STP,1000.0,1000.0,1000.0,1000.0,1000.0,1000.0,1000.0,1000.0,1000.0,1000.0,1000.0,1000.0,1000.0,1000.0,1000.0,1000.0,1712.5,1154.1666666666667,1000.0,1000.0,1000.0,1000.0,1000.0,1000.0,1000.0,1000.0,1000.0,1000.0,1000.0,1000.0,1000.0,1000.0,1000.0,1000.0,1000.0,2058.333333333333,1541.6666666666667,4656.521739130435,3591.6666666666665,4537.5,3491.6666666666665,4283.333333333333,3363.6363636363635,2966.6666666666665,2452.1739130434785,2487.5,2054.1666666666665,2825.0,2354.1666666666665,1000.0,1000.0,1000.0,1000.0,3862.5,1000.0,4008.3333333333335,3116.6666666666665,1000.0,3179.1666666666665,10086.95652173913,5525.0,4300.0,1000.0,1.0,1.0,1.0,1.0,1.0,1.0,1.0,1.0,0.6738153594771242,1.0,1.0,1.0,1.0,1.0,1.0,1.0,1.0,0.7485878522062732,0.770183877702014,0.7692922464168036,0.787678389264013,0.8274510977997944,0.8260117056856187,0.8336609511178477,1.0,1.0,0.8069500674763832,1.0,0.7932822940324545,0.7782265656817274,1.0
2025-01,SLV,1227.2727272727273,1000.0,1000.0,1000.0,1000.0,1000.0,1095.8333333333333,1000.0,33141.666666666664,39670.833333333336,74804.16666666667,86043.47826086957,81445.83333333333,93456.52173913045,74739.13043478261,86113.04347826086,239500.0,257643.4782608696,185468.18181818185,199847.8260869565,125778.26086956522,138704.16666666666,81556.52173913043,94656.52173913045,54678.260869565216,69095.65217391304,39221.739130434784,53139.13043478261,27350.0,18750.0,26056.52173913044,12541.666666666666,17778.260869565216,20569.565217391304,25973.91304347826,232770.8333333333,268008.3333333333,805339.1304347826,919843.4782608696,782130.4347826086,895852.1739130435,767716.6666666666,872504.1666666666,572675.0,664666.6666666666,488120.8333333333,559654.1666666666,548975.0,642154.1666666666,33456.52173913043,43850.0,82400.0,105386.95652173914,572354.1666666666,104420.83333333331,612629.1666666666,659047.8260869565,130070.83333333331,708204.3478260869,2000000.0,876517.3913043478,1003360.8695652174,36582.608695652176,0.8484848484848485,1.0,1.0,0.9458061002178648,1.1955057397466056,1.153349657202139,1.1491031560601297,1.1520649000913217,1.0745429070926,1.0753769791755294,1.101808109017454,1.161024265971117,1.263456192546656,1.3552582694087276,1.387990859053565,1.4202382729810057,1.263196791001118,1.1500943330282574,1.1422112976867087,1.145405087394943,1.136371449917542,1.160960044034271,1.1468686741941654,1.1699324128644424,1.3100336805133224,1.2795025939427087,1.1516689859651716,1.2456268537207291,1.1558681238190849,1.1446496805692612,1.337642642560449
2025-01,SXM,1000.0,1000.0,1000.0,1000.0,1000.0,1000.0,1000.0,1000.0,1000.0,1000.0,1000.0,1000.0,1000.0,1000.0,1000.0,1000.0,1317.391304347826,1426.0869565217392,1336.3636363636365,1530.4347826086955,1378.2608695652175,1558.3333333333333,1078.2608695652175,1452.1739130434785,1000.0,1177.2727272727273,1000.0,1000.0,1000.0,1000.0,1000.0,1000.0,1000.0,1000.0,1000.0,1091.6666666666667,1229.1666666666667,8569.565217391304,10326.08695652174,8200.0,9860.869565217392,8454.166666666666,10137.5,7316.666666666667,8933.333333333334,5520.833333333333,6712.5,6891.666666666667,8479.166666666666,1000.0,1000.0,1752.1739130434785,2260.8695652173915,4570.833333333333,1929.1666666666667,5866.666666666667,5233.333333333333,2895.833333333333,6887.5,20369.565217391304,8873.91304347826,10726.08695652174,1000.0,1.0,1.0,1.0,1.0,1.0,1.0,1.0,1.0,1.0833079963514745,1.143231768231768,1.128523650262781,1.3458498023715415,1.1772727272727272,1.0,1.0,1.0,1.0,1.1240530303030305,1.2048314433455445,1.20230616021652,1.1989907646483429,1.2211663047283223,1.2158619588186153,1.2302913692012831,1.0,1.2913114521170783,1.145297135711104,1.5018640350877197,1.1741379310344826,1.2084221010520055,1.0
2025-01,SWZ,1000.0,1000.0,1000.0,1000.0,1000.0,1000.0,1000.0,1000.0,1554.1666666666667,1991.6666666666667,3312.5,4216.666666666667,3458.333333333333,4320.833333333333,3326.086956521739,4200.0,8695.652173913044,10504.166666666666,6173.913043478261,7669.565217391304,4343.478260869565,5350.0,2634.782608695652,3291.304347826087,1656.5217391304348,2108.695652173913,1000.0,1156.5217391304348,1000.0,1000.0,1000.0,1000.0,1000.0,1382.608695652174,2645.833333333333,9741.666666666666,12050.0,27400.0,35021.739130434784,25960.869565217392,32013.043478260868,25695.83333333333,32960.86956521739,18425.0,24078.260869565216,15800.0,19541.666666666668,17041.666666666668,21229.166666666668,1660.8695652173913,3050.0,2630.4347826086955,4291.304347826087,16795.833333333332,2850.0,18312.5,21204.166666666668,4183.333333333333,23091.666666666668,73095.45454545454,30791.304347826088,39008.69565217391,1000.0,1.0,1.0,1.0,1.0,1.275,1.2696720393423429,1.2483494126175048,1.2587609179680792,1.2030559461916126,1.242362982965738,1.2285953962900371,1.2489538396910798,1.2713306337027566,1.1565217391304348,1.0,1.0,1.912470138557095,1.2357401035766034,1.274742836208259,1.2332559287282054,1.2864075620388964,1.3092641477276892,1.2367057815337947,1.24582601314508,1.8398395721925127,1.6324255454690235,1.262528424312386,1.4683965061120234,1.2610373359327502,1.2673470615224331,1.0
2025-01,TCA,1000.0,1000.0,1000.0,1000.0,1000.0,1000.0,1000.0,1000.0,1000.0,1000.0,1000.0,1000.0,1000.0,1000.0,1000.0,1000.0,1900.0,1947.8260869565215,2034.782608695652,1941.6666666666667,1782.608695652174,1756.5217391304348,1452.1739130434785,1430.4347826086955,1078.2608695652175,1108.695652173913,1000.0,1000.0,1000.0,1000.0,1000.0,1000.0,1000.0,1000.0,1000.0,1683.3333333333333,1820.8333333333333,10195.652173913044,10234.782608695652,9960.869565217392,10008.695652173914,9995.833333333334,9975.0,8316.666666666666,8358.333333333334,7162.5,7066.666666666667,8083.333333333333,8104.166666666667,1000.0,1000.0,1208.695652173913,1295.6521739130435,5212.5,3404.3478260869565,6887.5,4075.0,3458.333333333333,6100.0,22526.08695652174,10752.173913043478,10778.260869565218,1000.0,1.0,1.0,1.0,1.0,1.0,1.0,1.0,1.0,1.0222826086956522,0.9489208858774076,0.9862700228832952,0.9855072463768116,1.0276679841897234,1.0,1.0,1.0,1.0,1.0798375439919556,1.0035444065595789,1.0044485639328924,0.997648535921008,1.0048564921825454,0.9859411220807252,1.0022678777733245,1.0,1.0738319651363128,0.7818118559308903,1.0153452685421995,0.8856966214736558,1.00212725915612,1.0
2025-01,TCD,1000.0,1000.0,1000.0,1000.0,1000.0,1000.0,1000.0,1000.0,6816.666666666667,1704.1666666666667,15116.666666666666,3608.3333333333335,16475.0,3858.3333333333335,15230.434782608696,3633.3333333333335,34095.833333333336,8220.833333333334,19691.666666666668,4476.190476190476,9721.739130434782,2169.5652173913045,6213.04347826087,1368.1818181818182,2850.0,1000.0,1609.5238095238096,1000.0,1000.0,1000.0,1000.0,1000.0,1000.0,1191.304347826087,1000.0,41945.833333333336,10004.166666666666,78481.81818181818,18045.454545454544,77313.63636363637,17481.81818181818,70095.83333333333,16041.666666666666,43716.66666666666,9858.333333333334,40569.5652173913,8954.166666666666,42450.0,9308.333333333334,1619.047619047619,1000.0,3022.7272727272725,1000.0,63237.5,11275.0,66850.0,12337.5,3395.833333333333,14379.166666666666,121763.63636363635,94042.85714285714,21557.14285714286,1000.0,1.0,1.0,1.0,1.0,0.2491094751229912,0.2378806401135521,0.2336128441441447,0.2384119468241032,0.2406645835559954,0.2263501812452939,0.223072529748797,0.219552546114722,0.3508657613747926,0.6226657329598506,1.0,1.0,0.8386613386613387,0.2381368805912317,0.2297167753665243,0.2258659393936793,0.2286266132194511,0.2253521458226063,0.2200218755239753,0.2190823256835536,0.6212318260637588,0.3322627973860825,0.1951026380716443,0.3012252608979779,0.215098057889724,0.2292160468193312,1.0
2025-01,TGO,1000.0,1000.0,1000.0,1000.0,1000.0,1000.0,1000.0,1000.0,6008.333333333333,2586.9565217391305,14408.333333333334,5804.166666666667,17166.666666666668,6420.833333333333,14425.0,5804.166666666667,43504.16666666666,17516.666666666668,27470.83333333333,11708.333333333334,16316.666666666666,7062.5,9504.166666666666,3866.6666666666665,5358.333333333333,2229.1666666666665,2958.333333333333,1187.5,1762.5,1079.1666666666667,1000.0,1000.0,1000.0,2269.5652173913045,1079.1666666666667,46087.5,18541.666666666668,111262.5,47141.66666666666,109266.66666666669,46112.5,102441.66666666669,43904.16666666666,68316.66666666667,29062.5,63000.0,26004.166666666668,66379.16666666667,27758.33333333333,3104.1666666666665,1477.2727272727273,5925.0,2683.333333333333,67552.17391304347,20962.5,81404.16666666667,27062.5,8495.833333333334,33695.833333333336,191000.0,124941.66666666669,52941.66666666666,1000.0,1.0,1.0,1.0,1.0,0.4305082488668826,0.4018931931807269,0.3733996009342006,0.4014602927478265,0.4025105640295638,0.4262763341509985,0.4327081988794101,0.4067878153367883,0.4158382131837551,0.4014090634780289,0.9280303030303032,1.0,0.4750662853214838,0.4020495381117812,0.4234206333054363,0.4217607566016623,0.4283450786278369,0.4251858499157183,0.4141132409567331,0.4180100854822838,0.4767000638910084,0.4525905709729482,0.4005950355150762,0.4053447445890612,0.4139409069356554,0.4235227502731383,0.5689481567480793
2025-01,THA,1010.0,1000.0,1000.0,1000.0,1000.0,1000.0,1054.1666666666667,3745.8333333333335,1070.8333333333333,1000.0,2875.0,3420.833333333333,366612.5,505608.3333333333,2995.833333333333,3595.833333333333,2125000.0,2950000.0,2152173.913043478,2858333.333333333,1345833.3333333333,1900000.0,810845.8333333334,1178260.8695652173,560262.5,887637.5,358808.3333333333,588512.5,220208.69565217392,145495.83333333334,224100.0,89004.16666666667,130791.66666666669,181725.0,219583.3333333333,1456521.7391304348,2082608.6956521736,8026086.956521739,11170833.333333334,7850000.0,10970833.333333334,7658333.333333333,10695833.333333334,5904166.666666667,8266666.666666667,5275000.0,7362500.0,5737500.0,8025000.0,270475.0,354591.3043478261,633720.8333333334,937533.3333333334,2987500.0,1700000.0,3800000.0,3400000.0,2600000.0,4900000.0,19904347.82608696,8037500.0,11175000.0,357258.3333333333,0.9916666666666666,1.0,1.0,3.5571969696969696,0.9457417582417582,1.183997466621971,1.375672960631518,1.1983542528999145,1.385091516670464,1.3238753999623565,1.412355006105006,1.4542523679097414,1.5839385211245065,1.639759796982372,1.5401535291706177,1.4692946623936516,1.2073542261479522,1.4244755244755245,1.3879797312548463,1.3962059376222884,1.3953165920507529,1.3996080440123804,1.3948763278334255,1.398322262701256,1.311387309594189,1.4792644521524323,1.1382183908045975,1.5294117647058822,1.2894736842105263,1.38889457747165,1.621101203154386
2025-01,TJK,1000.0,1000.0,1000.0,1000.0,1000.0,1000.0,1000.0,1000.0,87483.33333333333,21125.0,167483.33333333334,43879.16666666666,159737.5,44562.5,167687.5,43834.782608695656,379437.5,101933.33333333331,230931.81818181815,62766.66666666666,158960.86956521738,42075.0,107254.54545454546,32583.33333333333,68541.66666666667,23483.33333333333,39625.0,17779.166666666668,24495.83333333333,16487.5,9320.833333333334,10482.608695652174,6129.166666666667,22600.0,7569.565217391304,443837.5,120220.83333333331,1040159.0909090908,316691.3043478261,1026450.0,309941.6666666667,960241.6666666666,294845.8333333333,673987.5,216066.66666666663,602958.3333333334,178462.5,651200.0,208466.66666666663,32763.636363636364,13617.391304347826,73425.0,36587.5,238220.8333333333,31926.08695652174,335145.8333333333,81208.33333333333,13291.666666666666,106866.66666666669,1778260.8695652173,1216243.4782608696,359052.17391304346,13441.666666666666,1.0,1.0,1.0,1.0,0.2395918919736624,0.2597050932627979,0.2763681298712789,0.2586606400983203,0.2672038256440004,0.2706280949216192,0.2666211419718422,0.3064300616751596,0.3456689548341783,0.4545904710853176,0.5764108357657556,0.5964501597315516,0.3485578596806352,0.2687985499106186,0.3038937408628426,0.3030430028193096,0.3080362735840368,0.3227001671188926,0.2974469451846389,0.3219307082531006,0.4283174839462491,0.5103701844975287,0.3408990647930373,0.4161735673306176,0.318874600501361,0.2964116535651139,0.554793322094961
2025-01,TKL,1000.0,1000.0,1000.0,1000.0,1000.0,1000.0,1000.0,1000.0,1000.0,1000.0,1000.0,1000.0,1000.0,1000.0,1000.0,1000.0,1000.0,1000.0,1000.0,1000.0,1000.0,1000.0,1000.0,1000.0,1000.0,1000.0,1000.0,1000.0,1000.0,1000.0,1000.0,1000.0,1000.0,1000.0,1000.0,1000.0,1000.0,1000.0,1000.0,1000.0,1000.0,1000.0,1000.0,1000.0,1000.0,1000.0,1000.0,1000.0,1000.0,1000.0,1000.0,1000.0,1000.0,1000.0,1000.0,1000.0,1000.0,1000.0,1000.0,1000.0,1000.0,1000.0,1000.0,1.0,1.0,1.0,1.0,1.0,1.0,1.0,1.0,1.0,1.0,1.0,1.0,1.0,1.0,1.0,1.0,1.0,1.0,1.0,1.0,1.0,1.0,1.0,1.0,1.0,1.0,1.0,1.0,1.0,1.0,1.0
2025-01,TLS,1000.0,1000.0,1000.0,1000.0,1000.0,1000.0,1000.0,1000.0,1516.6666666666667,2362.5,3104.3478260869565,4858.333333333333,3525.0,5279.166666666667,3113.043478260869,4858.333333333333,11391.666666666666,15037.5,9170.833333333334,10670.833333333334,5125.0,5037.5,3495.833333333333,3141.6666666666665,1920.8333333333333,1583.3333333333333,1000.0,1000.0,1000.0,1000.0,1000.0,1000.0,1000.0,1000.0,1000.0,11900.0,16770.833333333332,33973.913043478264,37841.66666666666,33341.666666666664,37237.5,32137.5,34895.65217391304,22454.166666666668,23108.33333333333,20754.166666666668,21529.166666666668,21904.166666666668,22429.166666666668,1000.0,1000.0,1775.0,1486.9565217391305,24050.0,4843.478260869565,25679.166666666668,26775.0,8895.833333333334,28754.166666666668,82834.78260869565,37054.16666666666,42370.833333333336,1000.0,1.0,1.0,1.0,1.0,1.5546607905982908,1.560038203446338,1.4963338744588743,1.5566810030782685,1.3194869450665263,1.163297752937936,0.9830580635737606,0.8986616868969811,0.8245614035087719,1.0,1.0,1.0,1.0,1.4083522391645389,1.1126273204078487,1.1165980534953532,1.0861808498184893,1.028965542632434,1.037219638534909,1.0238126620880703,1.0,0.836175049730037,1.1134739674612704,1.8376719559239048,1.1198338658783271,1.1431777687501887,1.0
2025-01,TKM,1000.0,1000.0,1000.0,1000.0,1000.0,1000.0,1000.0,1000.0,4012.5,5166.666666666667,8265.217391304348,10804.166666666666,10033.333333333334,11516.666666666666,8341.666666666666,10808.333333333334,29237.5,31883.33333333333,23537.5,25137.5,18458.33333333333,20020.83333333333,10978.260869565218,12520.833333333334,6541.666666666667,8262.5,3200.0,4975.0,1512.5,1000.0,1833.3333333333333,1000.0,1216.6666666666667,1000.0,1091.6666666666667,29087.5,34654.166666666664,92027.27272727272,110066.66666666669,92933.33333333331,108958.33333333331,87645.83333333333,103430.43478260867,65275.0,77683.33333333333,62412.5,71304.16666666667,64845.833333333336,76641.66666666667,1082.608695652174,2108.333333333333,3145.833333333333,6778.260869565217,6750.0,1525.0,12858.333333333334,5916.666666666667,1012.5,11266.666666666666,261834.78260869565,101970.83333333331,120775.0,3012.5,1.0,1.0,1.0,1.0,1.24297672773984,1.2515972568783484,1.1158851968498875,1.2546914494047865,1.0590739138196867,1.0529733742668814,1.06450551247297,1.1129074766816025,1.2330174632223887,1.513226012113396,1.8333333333333333,1.2166666666666666,1.0916666666666668,1.1534254509164998,1.146720220703919,1.145492805192753,1.1598778522526736,1.1660974849444696,1.1201225150789818,1.1583740694742295,1.917193675889328,2.120076764176773,0.8766192092465138,0.6644097222222222,0.8762402515085603,1.1572956547708968,1.924688914027149
2025-01,TUN,1000.0,1000.0,1000.0,1000.0,1000.0,1000.0,1000.0,1112.5,70429.16666666667,76820.83333333333,147295.83333333334,162795.83333333334,153050.0,166966.66666666666,147508.69565217392,162639.13043478262,422947.8260869565,454233.3333333333,330147.82608695654,326729.1666666667,247004.54545454544,252237.5,174081.81818181818,188895.65217391303,113395.65217391304,137147.8260869565,79047.82608695653,94191.66666666669,55765.21739130434,39760.86956521739,53830.434782608696,29034.78260869565,38317.391304347824,55587.5,54450.0,438625.0,483454.1666666667,1554166.6666666667,1720833.3333333333,1483333.3333333333,1656521.7391304348,1470833.3333333333,1652173.9130434785,1120833.3333333333,1254166.6666666667,947433.3333333334,1016062.5,1079129.1666666667,1179166.6666666667,84283.33333333333,93683.33333333331,181916.66666666663,214083.3333333333,1300000.0,200362.5,1300000.0,1387500.0,227495.8333333333,1400000.0,3686956.5217391294,1700000.0,1858333.3333333333,67669.56521739131,1.0,1.0,1.0,1.1125,1.0886586030453576,1.1032103805392923,1.0890690958288636,1.101396247158011,1.07065469971535,0.9876293175788676,1.0180641798969376,1.083882097107121,1.2093419335322628,1.189672970413585,1.353466250016515,1.319571404651645,0.9793966567930964,1.1006914552468197,1.106374007936508,1.116796066252588,1.1241439719700588,1.1197601010101013,1.0722205634267636,1.0928442991033636,1.1114293129671378,1.176670033850679,1.0673076923076923,1.1354233359285233,1.0769230769230769,1.0939508442265795,1.2131599518558405
2025-01,TON,1000.0,1000.0,1000.0,1000.0,1000.0,1000.0,1000.0,1000.0,1000.0,1016.6666666666666,1579.1666666666667,2116.6666666666665,1583.3333333333333,2125.0,1577.2727272727273,2116.6666666666665,3104.3478260869565,4230.434782608696,1217.391304347826,2165.217391304348,1000.0,1100.0,1000.0,1000.0,1000.0,1000.0,1000.0,1000.0,1000.0,1000.0,1000.0,1000.0,1000.0,1000.0,1000.0,4100.0,5521.739130434783,6170.833333333333,9391.304347826086,6060.869565217391,9256.521739130434,5383.333333333333,8370.833333333334,3058.333333333333,5073.913043478261,2713.043478260869,4612.5,2979.1666666666665,4950.0,1000.0,1000.0,1000.0,1000.0,4633.333333333333,3212.5,5804.166666666667,7275.0,4241.666666666667,8383.333333333334,19861.904761904763,7762.5,11569.565217391304,1000.0,1.0,1.0,1.0,1.0,1.0166666666666666,1.3394097222222223,1.341595179738562,1.3361742424242424,1.3625560203769085,1.78721657130748,1.1,1.0,1.0,1.0,1.0,1.0,1.0,1.3464805357058525,1.5244212763050116,1.527451985926637,1.5553641225332402,1.6603089584240138,1.70237989064076,1.662472191323693,1.0,1.0,1.570329202641587,1.3208139866405997,1.4445085292619824,1.4923514156722344,1.0
2025-01,TUR,1000.0,1058.3333333333333,1095.8333333333333,1000.0,1162.5,1000.0,1870.8333333333333,1041.6666666666667,818754.1666666666,712643.4782608695,1778260.8695652173,1582025.0,1916666.6666666667,1741325.0,1800000.0,1582100.0,5958333.333333333,5254166.666666667,5254166.666666667,4104166.6666666665,4154166.6666666665,3229166.6666666665,3245833.333333333,2745833.333333333,2837500.0,2495833.333333333,2187500.0,1945833.3333333333,1637500.0,1142429.1666666667,1119200.0,807270.8333333334,825516.6666666666,1051804.1666666667,1024241.6666666666,5700000.0,5116666.666666667,27959090.90909091,23870833.33333333,27108333.33333333,22904166.666666668,27158333.33333333,23062500.0,22241666.666666668,18704166.666666668,17529166.666666668,14370833.333333334,21125000.0,17754166.666666668,1879166.6666666667,1795833.3333333333,4704166.666666667,4395833.333333333,10745833.333333334,3075000.0,13337500.0,6700000.0,1600000.0,8412500.0,60495833.333333336,29841666.666666668,25516666.666666668,1554166.6666666667,1.0608695652173912,0.9365651709401708,0.9080357142857144,0.6091236378001084,0.8555061716068657,0.8674272704158288,0.8911037851037852,0.8614113614212299,0.8700456015539357,0.772937144865935,0.7715598924559254,0.8402953255894432,0.8742670331500917,0.8845337432293955,0.9747572690337658,1.01848819572717,0.9692781873592125,0.8838289513805998,0.8392817895157717,0.8377284071238682,0.8422833487244398,0.8353932439605868,0.8140101055798604,0.8345654074787902,0.954861111111111,0.9305173282164962,0.6233953376375156,0.5204301075268817,0.6307443047918303,0.847347297705891,0.9431022408963584
2025-01,TTO,1000.0,1000.0,1000.0,1000.0,1000.0,1000.0,1000.0,1000.0,9025.0,11562.5,19262.5,24504.166666666668,21195.83333333333,26821.739130434784,19213.043478260868,24541.666666666668,67508.33333333333,78350.0,49552.17391304348,52812.5,43833.333333333336,49329.16666666666,37286.95652173913,46278.260869565216,30450.0,39920.833333333336,19695.83333333333,25316.666666666668,12508.695652173914,7941.666666666667,12041.666666666666,6162.5,9554.166666666666,8541.666666666666,12321.739130434782,64295.833333333336,79826.08695652174,291937.5,345079.1666666667,283433.3333333333,333516.6666666667,281266.6666666667,330386.95652173914,221816.66666666663,264095.8333333333,187937.5,212508.3333333333,213520.8333333333,252050.0,14559.09090909091,21850.0,35337.5,51070.833333333336,159058.33333333334,39670.833333333336,182154.16666666663,176866.66666666666,48654.16666666666,204595.8333333333,726760.8695652174,311270.8333333333,369204.1666666667,17437.5,1.0,1.0,1.0,1.0,1.2773871232581298,1.2684665176730086,1.2666462144322688,1.2687878995127595,1.158011565948822,1.0634778465150214,1.1254047740010749,1.2410921218137398,1.3111414625596325,1.2853450260019468,1.516982272919334,1.5512178189240178,1.4468258085627954,1.2252057544375612,1.182166009673964,1.1768172633567835,1.1777518113923822,1.190686310165687,1.13104114300932,1.1805875955200849,1.4963475923720009,1.4464526730814675,1.1119645381160257,1.2264495601379577,1.1232140724954354,1.1863169396831843,1.393472784674784
2025-01,TUV,1000.0,1000.0,1000.0,1000.0,1000.0,1000.0,1000.0,1000.0,1000.0,1000.0,1000.0,1000.0,1000.0,1000.0,1000.0,1000.0,1000.0,1000.0,1000.0,1000.0,1000.0,1000.0,1000.0,1000.0,1000.0,1000.0,1000.0,1000.0,1000.0,1000.0,1000.0,1000.0,1000.0,1000.0,1000.0,1000.0,1000.0,1000.0,1000.0,1000.0,1000.0,1000.0,1000.0,1000.0,1000.0,1000.0,1000.0,1000.0,1000.0,1000.0,1000.0,1000.0,1000.0,1000.0,1000.0,1000.0,1000.0,1000.0,1000.0,1000.0,1000.0,1000.0,1000.0,1.0,1.0,1.0,1.0,1.0,1.0,1.0,1.0,1.0,1.0,1.0,1.0,1.0,1.0,1.0,1.0,1.0,1.0,1.0,1.0,1.0,1.0,1.0,1.0,1.0,1.0,1.0,1.0,1.0,1.0,1.0
2025-01,TWN,1000.0,1000.0,1000.0,1000.0,1000.0,1000.0,1000.0,1016.6666666666666,81508.33333333333,122358.33333333331,179687.5,274041.6666666667,212245.8333333333,319358.3333333333,180070.83333333334,274450.0,878816.6666666666,1119912.5,1030233.3333333334,1102625.0,904283.3333333334,937279.1666666666,693775.0,739839.1304347826,587508.3333333334,701483.3333333334,437825.0,539570.8333333334,275033.3333333333,190512.5,262912.5,106766.66666666669,137675.0,122070.83333333331,131143.47826086957,729825.0,1010783.3333333334,5254166.666666667,6137500.0,5129166.666666667,5987500.0,5129166.666666667,5934782.608695652,4354166.666666667,4887500.0,3650000.0,3979166.6666666665,4233333.333333333,4745833.333333333,229912.5,270420.8333333333,698337.5,905491.6666666666,2000000.0,2000000.0,3200000.0,2100000.0,2400000.0,3500000.0,12175000.0,5433333.333333333,6358333.333333333,369925.0,1.0,1.0,1.0,1.0166666666666666,1.49238933869116,1.5143761576007533,1.49610738653403,1.5134075106674796,1.2683815399438043,1.0670637908379002,1.0353251593659771,1.0608223845007925,1.1938171838684448,1.2324175646461273,1.3798840681255176,1.2899491383276305,1.0766318677607998,1.375044396569998,1.1660526931520625,1.165103385821911,1.1576049886172644,1.1212924564668751,1.0893965511564196,1.1199586020194956,1.1764147640943383,1.2967859925456655,1.05,1.2,1.09375,1.168414198789922,1.345015295910066
2025-01,TZA,1000.0,1000.0,1000.0,1000.0,6908.695652173913,1000.0,1008.3333333333334,1000.0,39554.16666666666,27150.0,100875.0,69754.16666666667,143000.0,97739.1304347826,101000.0,69783.33333333333,533750.0,358695.8333333333,583900.0,386483.3333333333,430983.3333333333,270343.4782608696,269454.1666666667,152187.5,150891.66666666666,84400.0,96420.83333333331,54041.66666666666,60720.833333333336,35354.166666666664,18812.5,24770.83333333333,14773.91304347826,62816.66666666666,39773.91304347826,473258.3333333333,319700.0,2208333.333333333,1391666.6666666667,2166666.6666666665,1333333.3333333333,2108333.333333333,1333333.3333333333,1691666.6666666667,1047725.0,1512500.0,934483.3333333334,1625000.0,1019783.3333333334,87858.33333333333,54695.833333333336,185329.16666666663,108295.83333333331,1386956.5217391304,89933.33333333333,1500000.0,814630.4347826086,91433.33333333331,947129.1666666666,4043478.260869565,2316666.6666666665,1456521.7391304348,34541.666666666664,1.0,1.0,0.6330002700513098,0.9930555555555556,0.6896349299720922,0.6946771186043253,0.6863662450444831,0.6941031243817064,0.6721341338408982,0.6623880443690745,0.6284658648611368,0.5651489244629019,0.5606002173307713,0.5592208117178074,0.5309524652833361,0.5973030244687019,0.6344335817037925,0.677730797373232,0.6298938806447388,0.6153943681117594,0.6322240029081462,0.6196936663554311,0.6182491987179487,0.6271578054298642,0.62237348503112,0.5838357583784072,0.5870966533466533,1.0166784791440462,0.6314194444444444,0.6297068285079428,0.5680706058706927
2025-01,UKR,1000.0,1000.0,1000.0,1000.0,1000.0,1000.0,1000.0,1000.0,95708.33333333331,173954.16666666666,209445.8333333333,375345.8333333333,251262.5,411078.2608695653,208081.81818181815,375795.8333333333,937995.6521739132,1283256.5217391304,754213.6363636364,886175.0,712200.0,942034.7826086956,578279.1666666666,945214.2857142856,421204.347826087,796454.1666666666,301665.2173913043,641608.695652174,214275.0,143725.0,373670.8333333333,104800.0,315722.7272727273,141108.33333333334,383233.3333333333,840108.3333333334,1215486.956521739,4387500.0,7034782.608695652,4216666.666666667,6700000.0,4254166.666666667,6837500.0,3395833.333333333,5760869.565217392,2787500.0,4250000.0,3250000.0,5408333.333333333,245817.39130434784,693904.3478260869,609916.6666666666,1569565.2173913044,1800000.0,595786.9565217391,2300000.0,3500000.0,1200000.0,4300000.0,12695454.545454543,4573913.043478261,7408695.652173913,522334.7826086957,1.0,1.0,1.0,1.0,1.8184595139989328,1.7929007201150249,1.6403484147668674,1.793827371182167,1.3651201567859932,1.169219968545699,1.325725680130507,1.63200562814703,1.8877402349686536,2.1263088881258883,2.5991517669802566,3.01463058760682,2.7148767066515944,1.4504815986768829,1.6081893373008689,1.5895847315905456,1.6087091149591146,1.6988064791133843,1.5253574849480025,1.6648160831730812,2.821898210886038,2.577492687475622,1.9444444444444444,2.0141555915147404,1.8695652173913044,1.6204854273871172,2.440343022790912
2025-01,UGA,1000.0,1000.0,1000.0,1000.0,1000.0,1000.0,1000.0,1000.0,19950.0,12845.833333333334,45287.5,28333.33333333333,54679.16666666666,33252.17391304348,45341.66666666666,28325.0,159470.83333333334,100929.16666666669,120916.66666666669,88979.16666666667,65741.66666666667,49441.66666666666,35008.333333333336,24245.83333333333,15941.666666666666,10704.347826086956,7983.333333333333,5304.166666666667,4512.5,2420.833333333333,1466.6666666666667,1900.0,1720.8333333333333,8695.833333333334,10583.333333333334,158966.66666666666,99495.83333333331,422041.6666666667,295004.1666666667,414562.5,285041.6666666667,394691.6666666667,277845.8333333333,263183.3333333333,194816.66666666663,246562.5,177662.5,254654.16666666663,184179.16666666663,10579.166666666666,12329.166666666666,17525.0,17079.166666666668,149408.33333333334,27808.33333333333,194170.8333333333,93704.16666666669,24366.666666666668,137379.16666666666,862700.0,465604.1666666667,322858.3333333333,2987.5,1.0,1.0,1.0,1.0,0.6418929737340139,0.624123260161907,0.6087813927003198,0.6232693369272713,0.6314594140347572,0.7355083338265259,0.7518564978056949,0.6921356856756686,0.6719847991390565,0.6628565665193206,0.6036305361305362,0.906384553090242,1.2178057921271197,0.6230274014331433,0.6985411121472737,0.6870696235319437,0.7035472841164377,0.7398365717749796,0.720236948425336,0.7227807941996932,1.1659369198669796,0.9749079190792572,0.6271659667557241,0.876255899130511,0.7075150387188546,0.6928368519484994,0.661753604865113
2025-01,UMI,1000.0,1000.0,1000.0,1000.0,1000.0,1000.0,1000.0,1000.0,1000.0,1000.0,1000.0,1000.0,1000.0,1000.0,1000.0,1000.0,1000.0,1000.0,1000.0,1000.0,1000.0,1000.0,1000.0,1000.0,1000.0,1000.0,1000.0,1000.0,1000.0,1000.0,1000.0,1000.0,1000.0,1000.0,1000.0,1000.0,1000.0,1000.0,1000.0,1000.0,1000.0,1000.0,1000.0,1000.0,1000.0,1000.0,1000.0,1000.0,1000.0,1000.0,1000.0,1000.0,1000.0,1000.0,1000.0,1000.0,1000.0,1000.0,1000.0,1000.0,1000.0,1000.0,1000.0,1.0,1.0,1.0,1.0,1.0,1.0,1.0,1.0,1.0,1.0,1.0,1.0,1.0,1.0,1.0,1.0,1.0,1.0,1.0,1.0,1.0,1.0,1.0,1.0,1.0,1.0,1.0,1.0,1.0,1.0,1.0
2025-01,USA,1000.0,1050.0,1683.3333333333333,1000.0,2812.5,2295.833333333333,4658.333333333333,3995.8333333333335,1708333.3333333333,2239130.434782609,3654166.6666666665,4773913.043478261,4058333.3333333335,5250000.0,3658333.3333333335,4791666.666666667,14913043.47826087,16943478.260869566,12469565.217391305,12600000.0,10704166.666666666,11786956.52173913,8260869.565217392,9937500.0,6804166.666666667,8395652.173913043,4912500.0,6616666.666666667,4082608.695652174,3129166.6666666665,4779166.666666667,2241666.6666666665,4000000.0,3862500.0,7004347.826086956,13525000.0,16431818.181818182,71141666.66666667,88291666.66666667,67369565.2173913,81562500.0,69100000.0,85366666.66666667,56329166.66666666,69939130.43478261,43337500.0,48762500.0,52579166.66666666,63275000.0,6129166.666666667,11112500.0,13158333.333333334,21743478.260869566,18334782.60869565,20737500.0,33979166.666666664,19733333.33333333,29129166.666666668,41341666.66666666,180425000.0,74912500.0,92870833.33333331,5800000.0,1.05,0.6377324612521981,0.8425631147720835,1.060192149561524,1.310331746595039,1.307812377594986,1.2887045021567876,1.304658572243617,1.1337123900186854,1.0123404378712573,1.1038597919032702,1.2025333278382546,1.2394825502390303,1.3497695200656874,1.531262923904053,1.7869751577560502,1.823694354027368,1.2199463566815745,1.2423758702470098,1.209024253385011,1.2366188183819078,1.2450339848842449,1.1271535710455234,1.204754640050217,1.817786845582696,1.642629508242125,1.076621892896026,1.404670941259914,1.216684015559874,1.2408262026401542,1.4201172244280582
2025-01,URY,1000.0,1000.0,1000.0,1000.0,1000.0,1000.0,1000.0,1000.0,21112.5,26537.5,46025.0,57350.0,52175.0,63552.17391304348,46070.833333333336,57208.69565217391,192613.0434782609,222687.5,172062.5,185278.2608695652,143000.0,155195.65217391303,106769.56521739133,128291.30434782608,84966.66666666667,110039.1304347826,71862.5,104791.66666666669,55060.86956521739,40208.69565217391,64520.833333333336,33226.086956521736,56095.65217391304,51239.13043478261,99159.09090909093,166883.33333333334,205362.5,947216.6666666666,1230434.7826086956,896700.0,1141473.9130434785,916670.8333333334,1208333.3333333333,754858.3333333334,973045.8333333334,581083.3333333334,700429.1666666666,704079.1666666666,903616.6666666666,86456.52173913043,155269.5652173913,178839.13043478262,300070.8333333333,501537.5,132917.39130434784,598425.0,654100.0,190650.0,784116.6666666666,2400000.0,962086.9565217393,1268181.818181818,79965.21739130435,1.0,1.0,1.0,1.0,1.2525841700711646,1.2421049399512467,1.2190034516249424,1.2416649826362385,1.1510984661250458,1.0788744091106408,1.0855245645139526,1.202521913728158,1.2984719349993994,1.4595006585303896,1.603542052867087,1.6898004253568344,1.9404196709000507,1.2284436231775984,1.299963395932367,1.2754895012270893,1.3175304589946666,1.2911044785425976,1.2058144850029833,1.2836556651716085,1.7980849393289566,1.6763294734809586,1.3041933720538157,1.4343665309043978,1.3103036759665123,1.3209589202416387,1.4523773628113965
2025-01,UZB,1040.0,1000.0,1000.0,1000.0,1000.0,1000.0,1037.5,1000.0,417541.6666666667,190378.2608695652,798608.695652174,386241.6666666667,775245.8333333334,379456.5217391304,805683.3333333334,386433.3333333333,1798045.8333333333,805537.5,1213820.8333333333,504479.1666666667,971925.0,419187.5,729625.0,330479.1666666667,458191.6666666667,239645.8333333333,260866.66666666663,167375.0,153800.0,98195.83333333331,87975.0,62295.833333333336,60616.66666666666,118579.16666666669,75387.5,2126816.6666666665,1050565.2173913044,5870833.333333333,2800000.0,5750000.0,2716666.6666666665,5529166.666666667,2621739.1304347827,4066666.6666666665,2020833.3333333333,3650000.0,1672475.0,3958333.3333333335,1920833.3333333333,181516.66666666663,135275.0,431012.5,346604.1666666667,1200000.0,183254.16666666663,1800000.0,606150.0,89150.0,891908.3333333334,11595833.333333334,6725000.0,3200000.0,121020.83333333331,0.977777777777778,1.0,1.0,0.9802631578947368,0.4608961719232432,0.4803957475052781,0.492862072551789,0.4800512656849717,0.4478798913118773,0.4180209849391269,0.4348489114633588,0.4581224067339242,0.5247447485956434,0.6435101268266198,0.9072894300164198,0.9924000507172032,0.671275803101168,0.4820828442345867,0.4798871098379823,0.4747284314058211,0.4817033335253221,0.5014248099020625,0.4618353788806441,0.4870922955541257,0.7784728470270336,0.8202013681306908,0.5049963768115941,0.4864869815164432,0.4955046296296295,0.4800952149896992,0.7922343679057996
2025-01,VAT,1000.0,1000.0,1000.0,1000.0,1000.0,1000.0,1000.0,1000.0,1000.0,1000.0,1000.0,1000.0,1000.0,1000.0,1000.0,1000.0,1000.0,1000.0,1000.0,1000.0,1000.0,1000.0,1000.0,1000.0,1000.0,1000.0,1000.0,1000.0,1000.0,1000.0,1000.0,1000.0,1000.0,1000.0,1000.0,1000.0,1000.0,1000.0,1000.0,1000.0,1000.0,1000.0,1000.0,1000.0,1000.0,1000.0,1000.0,1000.0,1000.0,1000.0,1000.0,1000.0,1000.0,1000.0,1000.0,1000.0,1000.0,1000.0,1000.0,1000.0,1000.0,1000.0,1000.0,1.0,1.0,1.0,1.0,1.0,1.0,1.0,1.0,1.0,1.0,1.0,1.0,1.0,1.0,1.0,1.0,1.0,1.0,1.0,1.0,1.0,1.0,1.0,1.0,1.0,1.0,1.0,1.0,1.0,1.0,1.0
2025-01,VCT,1000.0,1000.0,1000.0,1000.0,1000.0,1000.0,1000.0,1000.0,1000.0,1075.0,1829.1666666666667,2041.6666666666667,1975.0,2082.608695652174,1829.1666666666667,2050.0,5516.666666666667,5804.166666666667,4591.666666666667,4970.833333333333,3517.391304347826,4145.833333333333,2337.5,2800.0,1720.8333333333333,2058.333333333333,1075.0,1312.5,1000.0,1000.0,1000.0,1000.0,1000.0,1000.0,1000.0,5620.833333333333,6195.652173913043,20550.0,23266.666666666668,20033.33333333333,22804.166666666668,19558.33333333333,22165.217391304348,15133.333333333334,17600.0,13225.0,15366.666666666666,14633.333333333334,17133.333333333332,1000.0,1000.0,1937.5,2229.1666666666665,11850.0,3179.1666666666665,13145.833333333334,13090.90909090909,3425.0,14716.666666666666,50886.95652173913,22404.166666666668,25418.18181818182,1000.0,1.0,1.0,1.0,1.0,1.075,1.1133087794272003,1.0584633520560294,1.1176947443394811,1.0505650234718895,1.0837568899029064,1.17747968247102,1.1948489553924335,1.1989379084967322,1.2208333333333334,1.0,1.0,1.0,1.1034128200084812,1.1331697174699813,1.1392934506828427,1.1370423696533656,1.165243347428912,1.162835694901062,1.171696680465215,1.0,1.1514785738856943,1.104771473403079,1.0775369623655913,1.1195096762417975,1.1394549373704264,1.0
2025-01,VEN,1000.0,1000.0,1000.0,1000.0,1000.0,1000.0,1050.0,1000.0,88804.16666666667,113604.16666666669,194775.0,251273.91304347827,215604.16666666663,283587.5,194465.21739130435,251586.95652173916,654686.9565217391,848091.6666666666,521795.652173913,716220.8333333334,479495.652173913,657625.0,389691.6666666667,568436.3636363636,366666.6666666667,515450.0,306704.1666666667,435982.60869565216,249295.8333333333,199434.78260869565,300191.3043478261,157856.52173913043,242465.21739130435,229770.8333333333,383808.6956521739,617700.0,818950.0,3533333.333333333,5029166.666666667,3312500.0,4639130.434782608,3433333.333333333,4900000.0,2870833.333333333,4170833.3333333335,2078260.8695652173,2916666.6666666665,2675000.0,3804166.6666666665,387304.1666666667,625554.1666666666,832104.1666666666,1295833.3333333333,2300000.0,197345.8333333333,2487500.0,3200000.0,272429.1666666667,3416666.6666666665,9708333.333333334,3712500.0,5312500.0,358439.1304347826,1.0,1.0,1.0,0.9615384615384616,1.277683099896776,1.2932693372133148,1.315108477782724,1.2936326835373142,1.2910272344492013,1.3683260400368211,1.368369385037889,1.4521889935493275,1.4066541413866789,1.4237574165738942,1.5059507472831306,1.5369432929965854,1.6745187527742054,1.3265482756730034,1.4225117975117971,1.40359329502552,1.4266791965828478,1.4530531609195405,1.4116945856076293,1.422053523502799,1.6140687208798126,1.5552362512018352,1.391304347826087,1.3804731639571015,1.37375,1.4318858658841682,1.4425873330206898
2025-01,VGB,1000.0,1000.0,1000.0,1000.0,1000.0,1000.0,1000.0,1000.0,1000.0,1000.0,1000.0,1000.0,1000.0,1000.0,1000.0,1000.0,1000.0,1075.0,1082.608695652174,1254.1666666666667,1145.8333333333333,1208.3333333333333,1000.0,1043.4782608695652,1000.0,1000.0,1000.0,1000.0,1000.0,1000.0,1000.0,1000.0,1000.0,1000.0,1000.0,1000.0,1000.0,6300.0,7091.666666666667,6112.5,6900.0,6112.5,6920.833333333333,5354.166666666667,6052.173913043478,4379.166666666667,4962.5,5179.166666666667,5875.0,1000.0,1000.0,1000.0,1079.1666666666667,3270.833333333333,1858.3333333333333,4300.0,3179.1666666666665,2695.833333333333,4783.333333333333,14630.434782608696,6491.666666666667,7383.333333333333,1000.0,1.0,1.0,1.0,1.0,1.0,1.0,1.0,1.0,1.075,1.1557971014492756,1.0565025252525253,1.0434782608695652,1.0,1.0,1.0,1.0,1.0,1.0,1.1259183021279795,1.1288748924375605,1.1325337932738806,1.1319799162190467,1.133984032201929,1.1345150171597804,1.0,1.0791666666666668,0.9723220254010696,1.451754385964912,1.112564599483204,1.1374358345363902,1.0
2025-01,VIR,1000.0,1000.0,1000.0,1000.0,1000.0,1000.0,1000.0,1000.0,1000.0,1000.0,1000.0,1000.0,1000.0,1000.0,1000.0,1000.0,1908.3333333333333,2366.6666666666665,1816.6666666666667,2125.0,1654.1666666666667,2108.333333333333,1279.1666666666667,1704.1666666666667,1000.0,1466.6666666666667,1000.0,1183.3333333333333,1000.0,1000.0,1000.0,1000.0,1000.0,1000.0,1000.0,1712.5,2245.833333333333,10541.666666666666,14350.0,10016.666666666666,13483.333333333334,10304.166666666666,13950.0,8625.0,11929.166666666666,6487.5,8604.166666666666,8045.833333333333,11100.0,1000.0,1483.3333333333333,2233.333333333333,3333.333333333333,4183.333333333333,4220.833333333333,6795.833333333333,4554.166666666667,5958.333333333333,8600.0,27078.260869565216,11008.695652173914,15041.666666666666,1000.0,1.0,1.0,1.0,1.0,1.0,1.0,1.0,1.0,1.238075657894737,1.170641447368421,1.2744587418300652,1.3322649572649572,1.4666666666666668,1.1833333333333331,1.0,1.0,1.0,1.3102046374105198,1.3617808855567892,1.3470093502921854,1.3544497013598844,1.38396464832774,1.3268511216038823,1.38026925966699,1.4833333333333334,1.4941123188405798,1.0888535504956378,1.411843088530553,1.265588291340763,1.364823276338442,1.0
2025-01,VNM,1000.0,1000.0,1000.0,1000.0,1000.0,1000.0,1804.1666666666667,2441.6666666666665,280941.6666666667,430600.0,597958.3333333334,922850.0,639483.3333333334,970650.0,599266.6666666666,928560.8695652174,1958333.3333333333,2834782.6086956523,1052817.391304348,1260869.5652173914,521556.5217391304,589220.8333333334,228812.5,268137.5,138991.66666666666,165962.5,74308.33333333333,85387.5,43129.16666666666,23279.166666666668,23841.666666666668,14987.5,14308.333333333334,29120.83333333333,23137.5,1879166.6666666667,2665217.391304348,4095652.173913044,5408695.652173913,4030434.782608696,5391304.347826087,3729166.6666666665,4900000.0,2125000.0,2529166.6666666665,2004347.8260869563,2416666.6666666665,2062500.0,2487500.0,42786.95652173913,38004.16666666666,108583.33333333331,107008.69565217392,2233333.333333333,1800000.0,2900000.0,2704166.6666666665,2500000.0,3800000.0,11221739.130434783,4665217.391304348,6262500.0,45404.16666666666,1.0,1.0,1.0,1.4608171940360408,1.531607467254944,1.542350720822613,1.5171837817119391,1.544553970975132,1.4420289855072463,1.1918813876379095,1.1332047323966052,1.171719517453036,1.1942532853833971,1.148789643927694,1.0245018730192397,0.9549994672478388,0.7941310197939307,1.4180015255530127,1.320174702325732,1.3371841353548672,1.3132498452931889,1.1903342636895269,1.2105898804983473,1.2061973114604694,0.8910169029374206,0.9838013046103667,1.2113801054018445,1.3888888888888886,1.3103448275862069,1.339686014241766,1.0528919914348558
2025-01,VUT,1000.0,1000.0,1000.0,1000.0,1000.0,1000.0,1000.0,1000.0,1000.0,1000.0,1000.0,1695.8333333333333,1000.0,1491.6666666666667,1000.0,1695.8333333333333,1591.6666666666667,2687.5,1000.0,1266.6666666666667,1000.0,1000.0,1000.0,1000.0,1000.0,1000.0,1000.0,1000.0,1000.0,1000.0,1000.0,1000.0,1000.0,1000.0,1000.0,2195.833333333333,3891.6666666666665,4233.333333333333,5954.166666666667,4137.5,5875.0,3808.3333333333335,5308.333333333333,2654.1666666666665,3258.333333333333,2266.6666666666665,2925.0,2562.5,3175.0,1000.0,1000.0,1000.0,1000.0,3804.1666666666665,1000.0,4116.666666666667,6104.166666666667,1204.1666666666667,6412.5,13259.09090909091,5183.333333333333,7620.833333333333,1000.0,1.0,1.0,1.0,1.0,1.0,1.6958333333333335,1.4916666666666665,1.6956521739130437,1.6883680555555556,1.2666666666666666,1.0,1.0,1.0,1.0,1.0,1.0,1.0,1.772237122780601,1.4065295815295815,1.4200558453961742,1.3939683610736242,1.2278245828245828,1.2908020421607376,1.239323361823362,1.0,1.0,1.6054392807441589,1.2041666666666666,1.5582573337908705,1.470264744074268,1.0
2025-01,WLF,1000.0,1000.0,1000.0,1000.0,1000.0,1000.0,1000.0,1000.0,1000.0,1000.0,1000.0,1000.0,1000.0,1000.0,1000.0,1000.0,1000.0,1000.0,1000.0,1000.0,1000.0,1000.0,1000.0,1000.0,1000.0,1000.0,1000.0,1000.0,1000.0,1000.0,1000.0,1000.0,1000.0,1000.0,1000.0,1000.0,1000.0,1000.0,1000.0,1000.0,1000.0,1000.0,1000.0,1000.0,1000.0,1000.0,1000.0,1000.0,1000.0,1000.0,1000.0,1000.0,1000.0,1000.0,1000.0,1000.0,1000.0,1000.0,1000.0,1441.6666666666667,1000.0,1000.0,1000.0,1.0,1.0,1.0,1.0,1.0,1.0,1.0,1.0,1.0,1.0,1.0,1.0,1.0,1.0,1.0,1.0,1.0,1.0,1.0,1.0,1.0,1.0,1.0,1.0,1.0,1.0,1.0,1.0,1.0,1.0,1.0
2025-01,WSM,1000.0,1000.0,1000.0,1000.0,1000.0,1000.0,1000.0,1000.0,1725.0,2204.1666666666665,3379.1666666666665,4254.166666666667,3325.0,3787.5,3383.333333333333,4254.166666666667,5875.0,6970.833333333333,2675.0,3912.5,1412.5,2437.5,1000.0,1582.608695652174,1000.0,1079.1666666666667,1000.0,1000.0,1000.0,1000.0,1000.0,1000.0,1000.0,1000.0,1000.0,8216.666666666666,10016.666666666666,12929.166666666666,18470.83333333333,12687.5,18133.33333333333,11300.0,16629.166666666668,6933.333333333333,11266.666666666666,6041.666666666667,9887.5,6708.333333333333,10912.5,1000.0,1000.0,1000.0,1379.1666666666667,11175.0,3683.3333333333335,12016.666666666666,14908.695652173914,4862.5,15929.166666666666,40843.47826086957,16508.333333333332,22900.0,1000.0,1.0,1.0,1.0,1.0,1.2744008714596948,1.2559131228248877,1.13718733827842,1.2544250275867923,1.18534821575479,1.4624737145570477,1.7277167277167278,1.582608695652174,1.0791666666666668,1.0,1.0,1.0,1.0,1.2172971885466963,1.4277164884867484,1.4284742333852858,1.4713166988790254,1.6247844912612932,1.6363885521515833,1.6267248999774164,1.0,1.3791666666666669,1.335267333657442,1.3202264764764764,1.3256238806246143,1.3880379741954398,1.0
2025-01,XKX,1000.0,1000.0,1000.0,1000.0,1000.0,1000.0,1000.0,1000.0,7245.833333333333,6962.5,15370.833333333334,14175.0,16929.166666666668,14756.521739130434,15365.217391304348,14183.333333333334,66037.5,54675.0,68356.52173913043,53933.333333333336,56141.66666666666,47120.833333333336,43333.333333333336,35756.52173913043,34416.666666666664,26325.0,24929.166666666668,19991.666666666668,17191.666666666668,11350.0,10666.666666666666,7383.333333333333,7100.0,8587.5,6600.0,56762.5,50533.333333333336,343241.6666666667,275058.3333333333,334066.6666666667,269137.5,333837.5,266165.2173913043,272237.5,219058.3333333333,227612.5,182300.0,263995.8333333333,213833.3333333333,15873.91304347826,13725.0,44687.5,39045.833333333336,158895.65217391303,118329.16666666669,225933.3333333333,112691.66666666669,84312.5,159845.83333333334,668412.5,357516.6666666667,290037.5,15120.833333333334,1.0,1.0,1.0,1.0,0.949953007518797,0.9142310025329544,0.8680146203745377,0.9113485236279596,0.824758892200279,0.785878762312331,0.8386293236158439,0.8231236350448583,0.764519466348601,0.8013965502322421,0.9389076749774852,0.9608551156790592,0.7680374416368111,0.8858064224417582,0.8001993561034748,0.8044621389680692,0.7969390819603356,0.8039506035060375,0.8001677778802733,0.809276314917995,0.8629656971575589,0.8730496762324672,0.7094411394687102,0.7125238550673872,0.7074959498850181,0.8099697550890256,0.8787508496054818
2025-01,YEM,1000.0,1000.0,1000.0,1000.0,1000.0,1000.0,1000.0,1000.0,78645.83333333333,32621.739130434784,171556.52173913043,73150.0,196891.66666666663,81737.5,172645.83333333334,72013.63636363637,490095.4545454545,195309.0909090909,274721.73913043475,109565.21739130437,134413.63636363635,53230.434782608696,75595.65217391304,26247.82608695652,38630.434782608696,13727.272727272728,20578.260869565216,6772.727272727273,11312.5,5812.5,1959.090909090909,3600.0,1195.2380952380952,8637.5,2866.6666666666665,526895.8333333334,218979.16666666663,1095012.5,418925.0,1084734.7826086956,410904.5454545455,990979.1666666666,373686.9565217392,576291.6666666666,220358.3333333333,547558.3333333334,211254.16666666663,567341.6666666666,217566.66666666663,12254.166666666666,4020.8333333333335,29279.166666666668,9916.666666666666,568654.1666666666,28133.33333333333,618479.1666666666,124491.66666666669,15745.833333333334,147879.16666666666,1995833.3333333333,1272129.1666666667,490475.0,3959.090909090909,1.0,1.0,1.0,1.0,0.4036897107009896,0.411153785482025,0.4044223812467226,0.4092133476066667,0.3894672376191538,0.3933519674730665,0.3899878274161403,0.3443303036550372,0.3536043856937448,0.3275409803741031,0.336662700440244,0.3339701920464171,0.3267486259989485,0.405931686501246,0.3764720202951179,0.3741746546261424,0.3733187823772626,0.3778892576263639,0.3812233396440652,0.3789868530219278,0.3244149178244095,0.335611715975061,0.2189264703953903,0.5596964859905009,0.2391072704892839,0.3788969312782252,0.3491949223730949
2025-01,MYT,1000.0,1000.0,1000.0,1000.0,1000.0,1000.0,1000.0,1000.0,1812.5,1595.6521739130435,3933.3333333333335,3491.6666666666665,4133.333333333333,3620.8333333333335,3933.3333333333335,3483.333333333333,9245.833333333334,7658.333333333333,4534.782608695652,3958.3333333333335,2591.6666666666665,2475.0,1575.0,1462.5,1000.0,1000.0,1000.0,1000.0,1000.0,1000.0,1000.0,1000.0,1000.0,1000.0,1000.0,10729.166666666666,9308.333333333334,20941.666666666668,18062.5,20525.0,17787.5,18887.5,16258.333333333334,11625.0,10200.0,10382.608695652174,9329.166666666666,11216.666666666666,9954.166666666666,1000.0,1000.0,1187.5,1000.0,5095.833333333333,2058.333333333333,6045.833333333333,3921.7391304347834,1887.5,4669.565217391304,49279.16666666666,24750.0,21445.83333333333,1000.0,1.0,1.0,1.0,1.0,0.8862152450606482,0.8880266913607119,0.8755654302405746,0.8860887068645878,0.8279163249837816,0.8737212513250082,0.9558411341744676,0.9300040849673202,1.0,1.0,1.0,1.0,1.0,0.8672873607282471,0.8626169958434787,0.8668668803279246,0.8608192700798408,0.8779427533518064,0.8990841854811688,0.8875263312201089,1.0,0.8428030303030303,0.7671682090288228,0.9170093795093796,0.7721027478244765,0.866468405020305,1.0
2025-01,ZAF,1000.0,1000.0,1000.0,1000.0,1000.0,1000.0,1062.5,1000.0,159708.33333333334,206358.3333333333,344845.8333333333,435775.0,366941.6666666667,449800.0,344482.60869565216,434721.7391304348,923880.9523809524,1035652.380952381,605719.0476190476,690854.5454545454,443108.6956521739,554186.3636363636,309200.0,395704.5454545455,212190.47619047615,277050.0,134380.95238095237,180286.36363636365,98216.66666666669,62083.333333333336,100100.0,43912.5,76795.23809523809,125772.72727272728,188834.78260869565,1035816.6666666666,1223700.0,2926086.9565217397,3621739.130434783,2809090.909090909,3395454.5454545454,2770833.333333333,3400000.0,2037500.0,2608333.333333333,1726086.956521739,2112500.0,1929166.6666666667,2412500.0,169873.91304347827,265295.45454545453,333872.7272727273,501200.0,1045833.3333333334,283870.8333333333,1200000.0,1200000.0,421158.3333333333,1400000.0,7717391.304347826,3226086.9565217397,3995652.173913044,138936.36363636365,1.0,1.0,1.0,0.9688735177865612,1.289201005008399,1.2607072218497664,1.224172137963233,1.2588254428219203,1.119881276909505,1.13916547594402,1.254366628868631,1.2719471298255056,1.302561325912515,1.338249801330469,1.6195741280768674,1.7603150866625228,1.4992982023405212,1.181089010353493,1.2379842336896068,1.208812882519779,1.2266190400170285,1.2802368927368928,1.231429383347542,1.2502257481940144,1.5631547819343423,1.5022365493848484,1.15,1.483658065460299,1.1666666666666667,1.2388704361850142,1.4243717280911437
2025-01,ZMB,1000.0,1000.0,1000.0,1000.0,1000.0,1000.0,1000.0,1000.0,11166.666666666666,10725.0,25566.666666666668,24604.166666666668,30275.0,27904.166666666668,25579.166666666668,24633.33333333333,80008.33333333333,69450.0,59695.65217391304,49187.5,35062.5,26082.60869565217,18730.434782608696,13991.666666666666,11641.666666666666,8725.0,7000.0,4800.0,4391.666666666667,2416.6666666666665,1837.5,2454.1666666666665,2512.5,15995.833333333334,19491.666666666668,83983.33333333333,76652.17391304347,233783.3333333333,200079.16666666663,217245.8333333333,180804.16666666663,218079.16666666663,186612.5,155341.66666666666,130695.83333333331,130891.30434782608,103047.82608695651,139525.0,110975.0,18366.666666666668,21941.666666666668,25070.83333333333,26930.434782608696,169437.5,44375.0,181587.5,139716.66666666666,55387.5,154491.66666666666,507165.2173913043,260182.60869565216,224154.54545454544,3025.0,1.0,1.0,1.0,1.0,0.9592690820597156,0.9608446755050252,0.9209718256037728,0.9614392656270444,0.8674579667720139,0.8227050489559072,0.7446115918847219,0.7459978168681737,0.7491806542189048,0.6857217680162956,0.7603109903381643,1.0239824879227053,1.218556261209136,0.9131796366994543,0.8557543905905223,0.8320422498679866,0.8555663614530521,0.8412665976761909,0.7907060342657476,0.7952132770893016,1.1946839373555516,1.0724344381701565,0.8245960775947158,1.248241628945064,0.8507870504621379,0.8616839682376266,0.6887381235472434
2025-01,ZWE,1000.0,1000.0,1000.0,1000.0,1000.0,1000.0,1000.0,1000.0,17195.833333333332,12308.695652173914,37060.86956521739,26462.5,41016.66666666666,28025.0,37639.13043478261,26487.5,100383.33333333331,72804.16666666667,63908.333333333336,52316.66666666666,37516.66666666666,28920.83333333333,21683.33333333333,17108.695652173912,14795.652173913044,11460.869565217392,7752.173913043478,5683.333333333333,4739.130434782609,2695.833333333333,2491.6666666666665,1634.7826086956522,2034.782608695652,12691.304347826086,12150.0,113966.66666666669,82108.33333333333,269760.8695652174,209504.34782608692,254775.0,198217.39130434784,247154.16666666663,194645.8333333333,168612.5,134409.0909090909,145458.33333333334,114670.83333333331,154958.33333333334,122800.0,14390.90909090909,14104.347826086956,21808.695652173912,20426.08695652174,180013.04347826086,41469.5652173913,199100.0,135930.4347826087,43441.66666666666,151391.66666666666,579830.4347826086,309069.5652173913,235939.13043478265,3816.6666666666665,1.0,1.0,1.0,1.0,0.715434488557943,0.7106342186965336,0.6838134173300223,0.7109578203075712,0.7255671490609811,0.8187886217062257,0.7708808586049184,0.7896178700960291,0.7745953699015296,0.7371990877478225,0.9240520282186948,1.2461408476434053,0.958077316402435,0.7203938055990151,0.7767060575465893,0.7738357559142367,0.7875638211824283,0.7992643411047925,0.7883347540802329,0.7924635610887423,0.9824476219635968,0.936810645703478,0.7548165087050741,1.047315172918687,0.7603922770550855,0.7635679298164324,0.8099312908206359
