,name,ages_ranges,geo_location,genders,interests,behavior,scholarities,languages,family_statuses,all_fields,targeting,response,lower_end,upper_end,user_count_stage,timestamp
0,BY,AGE_25_34,630336,GENDER_FEMALE,,,,,,"{'advertiser_id': '7381489555305775105', 'objective_type': 'REACH', 'optimization_goal': 'REACH', 'placements': ['PLACEMENT_TIKTOK', 'PLACEMENT_PANGLE', 'PLACEMENT_GLOBAL_APP_BUNDLE'], 'location_ids': ['630336'], 'gender': 'GENDER_FEMALE', 'age_groups': ['AGE_25_34']}",,"{'code': 0, 'message': 'OK', 'request_id': '20250802174754CAE4EFE9E69A52138EE5', 'data': {'user_count': {'lower_end': 1096000, 'upper_end': 1341000}, 'user_count_stage': 2}}",1096000,1341000,2,2025-08-02 11:51:04.081872
1,BY,AGE_13_17,630336,GENDER_FEMALE,,,,,,"{'advertiser_id': '7381489555305775105', 'objective_type': 'REACH', 'optimization_goal': 'REACH', 'placements': ['PLACEMENT_TIKTOK', 'PLACEMENT_PANGLE', 'PLACEMENT_GLOBAL_APP_BUNDLE'], 'location_ids': ['630336'], 'gender': 'GENDER_FEMALE', 'age_groups': ['AGE_13_17']}",,"{'code': 0, 'message': 'OK', 'request_id': '2025080217475489963E0D04436119015B', 'data': {'user_count': {'lower_end': 0, 'upper_end': 1000}, 'user_count_stage': 1}}",0,1000,1,2025-08-02 11:51:04.081872
2,BY,AGE_18_24,630336,GENDER_FEMALE,,,,,,"{'advertiser_id': '7381489555305775105', 'objective_type': 'REACH', 'optimization_goal': 'REACH', 'placements': ['PLACEMENT_TIKTOK', 'PLACEMENT_PANGLE', 'PLACEMENT_GLOBAL_APP_BUNDLE'], 'location_ids': ['630336'], 'gender': 'GENDER_FEMALE', 'age_groups': ['AGE_18_24']}",,"{'code': 0, 'message': 'OK', 'request_id': '20250802174754CC4361534970A2126C4C', 'data': {'user_count': {'lower_end': 995000, 'upper_end': 1217000}, 'user_count_stage': 2}}",995000,1217000,2,2025-08-02 11:51:04.081872
3,BY,AGE_45_54,630336,GENDER_FEMALE,,,,,,"{'advertiser_id': '7381489555305775105', 'objective_type': 'REACH', 'optimization_goal': 'REACH', 'placements': ['PLACEMENT_TIKTOK', 'PLACEMENT_PANGLE', 'PLACEMENT_GLOBAL_APP_BUNDLE'], 'location_ids': ['630336'], 'gender': 'GENDER_FEMALE', 'age_groups': ['AGE_45_54']}",,"{'code': 0, 'message': 'OK', 'request_id': '20250802174754243BE4E3137DC1237044', 'data': {'user_count': {'lower_end': 293000, 'upper_end': 359000}, 'user_count_stage': 2}}",293000,359000,2,2025-08-02 11:51:04.081872
4,BY,AGE_55_100,630336,GENDER_FEMALE,,,,,,"{'advertiser_id': '7381489555305775105', 'objective_type': 'REACH', 'optimization_goal': 'REACH', 'placements': ['PLACEMENT_TIKTOK', 'PLACEMENT_PANGLE', 'PLACEMENT_GLOBAL_APP_BUNDLE'], 'location_ids': ['630336'], 'gender': 'GENDER_FEMALE', 'age_groups': ['AGE_55_100']}",,"{'code': 0, 'message': 'OK', 'request_id': '20250802174754FE0261F55E81C81556DF', 'data': {'user_count': {'lower_end': 377000, 'upper_end': 462000}, 'user_count_stage': 2}}",377000,462000,2,2025-08-02 11:51:04.081872
5,BY,AGE_35_44,630336,GENDER_FEMALE,,,,,,"{'advertiser_id': '7381489555305775105', 'objective_type': 'REACH', 'optimization_goal': 'REACH', 'placements': ['PLACEMENT_TIKTOK', 'PLACEMENT_PANGLE', 'PLACEMENT_GLOBAL_APP_BUNDLE'], 'location_ids': ['630336'], 'gender': 'GENDER_FEMALE', 'age_groups': ['AGE_35_44']}",,"{'code': 0, 'message': 'OK', 'request_id': '20250802174754CE5CD2696201B63A985B', 'data': {'user_count': {'lower_end': 429000, 'upper_end': 525000}, 'user_count_stage': 2}}",429000,525000,2,2025-08-02 11:51:04.081872
6,BY,AGE_25_34,630336,GENDER_MALE,,,,,,"{'advertiser_id': '7381489555305775105', 'objective_type': 'REACH', 'optimization_goal': 'REACH', 'placements': ['PLACEMENT_TIKTOK', 'PLACEMENT_PANGLE', 'PLACEMENT_GLOBAL_APP_BUNDLE'], 'location_ids': ['630336'], 'gender': 'GENDER_MALE', 'age_groups': ['AGE_25_34']}",,"{'code': 0, 'message': 'OK', 'request_id': '202508021747559AE5489F35C6C8136E2C', 'data': {'user_count': {'lower_end': 1411000, 'upper_end': 1725000}, 'user_count_stage': 3}}",1411000,1725000,3,2025-08-02 11:51:04.081872
7,BY,AGE_18_24,630336,GENDER_MALE,,,,,,"{'advertiser_id': '7381489555305775105', 'objective_type': 'REACH', 'optimization_goal': 'REACH', 'placements': ['PLACEMENT_TIKTOK', 'PLACEMENT_PANGLE', 'PLACEMENT_GLOBAL_APP_BUNDLE'], 'location_ids': ['630336'], 'gender': 'GENDER_MALE', 'age_groups': ['AGE_18_24']}",,"{'code': 0, 'message': 'OK', 'request_id': '20250802174755F06FBAE6A96463181182', 'data': {'user_count': {'lower_end': 874000, 'upper_end': 1069000}, 'user_count_stage': 2}}",874000,1069000,2,2025-08-02 11:51:04.081872
8,BY,AGE_13_17,630336,GENDER_MALE,,,,,,"{'advertiser_id': '7381489555305775105', 'objective_type': 'REACH', 'optimization_goal': 'REACH', 'placements': ['PLACEMENT_TIKTOK', 'PLACEMENT_PANGLE', 'PLACEMENT_GLOBAL_APP_BUNDLE'], 'location_ids': ['630336'], 'gender': 'GENDER_MALE', 'age_groups': ['AGE_13_17']}",,"{'code': 0, 'message': 'OK', 'request_id': '20250802174755C57692FC82F91A0E7009', 'data': {'user_count': {'lower_end': 0, 'upper_end': 1000}, 'user_count_stage': 1}}",0,1000,1,2025-08-02 11:51:04.081872
9,BY,AGE_55_100,630336,GENDER_MALE,,,,,,"{'advertiser_id': '7381489555305775105', 'objective_type': 'REACH', 'optimization_goal': 'REACH', 'placements': ['PLACEMENT_TIKTOK', 'PLACEMENT_PANGLE', 'PLACEMENT_GLOBAL_APP_BUNDLE'], 'location_ids': ['630336'], 'gender': 'GENDER_MALE', 'age_groups': ['AGE_55_100']}",,"{'code': 0, 'message': 'OK', 'request_id': '20250802174756B50CAC32D440E313A866', 'data': {'user_count': {'lower_end': 299000, 'upper_end': 367000}, 'user_count_stage': 2}}",299000,367000,2,2025-08-02 11:51:04.081872
10,BY,AGE_35_44,630336,GENDER_MALE,,,,,,"{'advertiser_id': '7381489555305775105', 'objective_type': 'REACH', 'optimization_goal': 'REACH', 'placements': ['PLACEMENT_TIKTOK', 'PLACEMENT_PANGLE', 'PLACEMENT_GLOBAL_APP_BUNDLE'], 'location_ids': ['630336'], 'gender': 'GENDER_MALE', 'age_groups': ['AGE_35_44']}",,"{'code': 0, 'message': 'OK', 'request_id': '20250802174755C36456514F788E1B3089', 'data': {'user_count': {'lower_end': 529000, 'upper_end': 648000}, 'user_count_stage': 2}}",529000,648000,2,2025-08-02 11:51:04.081872
11,BY,AGE_45_54,630336,GENDER_MALE,,,,,,"{'advertiser_id': '7381489555305775105', 'objective_type': 'REACH', 'optimization_goal': 'REACH', 'placements': ['PLACEMENT_TIKTOK', 'PLACEMENT_PANGLE', 'PLACEMENT_GLOBAL_APP_BUNDLE'], 'location_ids': ['630336'], 'gender': 'GENDER_MALE', 'age_groups': ['AGE_45_54']}",,"{'code': 0, 'message': 'OK', 'request_id': '202508021747551A46B8D6E339B5130205', 'data': {'user_count': {'lower_end': 308000, 'upper_end': 378000}, 'user_count_stage': 2}}",308000,378000,2,2025-08-02 11:51:04.081872
12,TR,AGE_25_34,298795,GENDER_FEMALE,,,,,,"{'advertiser_id': '7381489555305775105', 'objective_type': 'REACH', 'optimization_goal': 'REACH', 'placements': ['PLACEMENT_TIKTOK', 'PLACEMENT_PANGLE', 'PLACEMENT_GLOBAL_APP_BUNDLE'], 'location_ids': ['298795'], 'gender': 'GENDER_FEMALE', 'age_groups': ['AGE_25_34']}",,"{'code': 0, 'message': 'OK', 'request_id': '2025080217475674899E1C322D4E0E1AAD', 'data': {'user_count': {'lower_end': 12527000, 'upper_end': 15312000}, 'user_count_stage': 2}}",12527000,15312000,2,2025-08-02 11:51:04.081872
13,TR,AGE_13_17,298795,GENDER_FEMALE,,,,,,"{'advertiser_id': '7381489555305775105', 'objective_type': 'REACH', 'optimization_goal': 'REACH', 'placements': ['PLACEMENT_TIKTOK', 'PLACEMENT_PANGLE', 'PLACEMENT_GLOBAL_APP_BUNDLE'], 'location_ids': ['298795'], 'gender': 'GENDER_FEMALE', 'age_groups': ['AGE_13_17']}",,"{'code': 0, 'message': 'OK', 'request_id': '202508021747564F0D618A9F4698140C9C', 'data': {'user_count': {'lower_end': 0, 'upper_end': 3000}, 'user_count_stage': 1}}",0,3000,1,2025-08-02 11:51:04.081872
14,TR,AGE_35_44,298795,GENDER_FEMALE,,,,,,"{'advertiser_id': '7381489555305775105', 'objective_type': 'REACH', 'optimization_goal': 'REACH', 'placements': ['PLACEMENT_TIKTOK', 'PLACEMENT_PANGLE', 'PLACEMENT_GLOBAL_APP_BUNDLE'], 'location_ids': ['298795'], 'gender': 'GENDER_FEMALE', 'age_groups': ['AGE_35_44']}",,"{'code': 0, 'message': 'OK', 'request_id': '202508021747573CB3D355B0B64F1236E7', 'data': {'user_count': {'lower_end': 6685000, 'upper_end': 8171000}, 'user_count_stage': 2}}",6685000,8171000,2,2025-08-02 11:51:04.081872
15,TR,AGE_45_54,298795,GENDER_FEMALE,,,,,,"{'advertiser_id': '7381489555305775105', 'objective_type': 'REACH', 'optimization_goal': 'REACH', 'placements': ['PLACEMENT_TIKTOK', 'PLACEMENT_PANGLE', 'PLACEMENT_GLOBAL_APP_BUNDLE'], 'location_ids': ['298795'], 'gender': 'GENDER_FEMALE', 'age_groups': ['AGE_45_54']}",,"{'code': 0, 'message': 'OK', 'request_id': '20250802174757BE6DE20933D8350C9086', 'data': {'user_count': {'lower_end': 3462000, 'upper_end': 4233000}, 'user_count_stage': 2}}",3462000,4233000,2,2025-08-02 11:51:04.081872
16,TR,AGE_13_17,298795,GENDER_MALE,,,,,,"{'advertiser_id': '7381489555305775105', 'objective_type': 'REACH', 'optimization_goal': 'REACH', 'placements': ['PLACEMENT_TIKTOK', 'PLACEMENT_PANGLE', 'PLACEMENT_GLOBAL_APP_BUNDLE'], 'location_ids': ['298795'], 'gender': 'GENDER_MALE', 'age_groups': ['AGE_13_17']}",,"{'code': 0, 'message': 'OK', 'request_id': '202508021747572F9289F183F6D319713E', 'data': {'user_count': {'lower_end': 0, 'upper_end': 3000}, 'user_count_stage': 1}}",0,3000,1,2025-08-02 11:51:04.081872
17,TR,AGE_55_100,298795,GENDER_FEMALE,,,,,,"{'advertiser_id': '7381489555305775105', 'objective_type': 'REACH', 'optimization_goal': 'REACH', 'placements': ['PLACEMENT_TIKTOK', 'PLACEMENT_PANGLE', 'PLACEMENT_GLOBAL_APP_BUNDLE'], 'location_ids': ['298795'], 'gender': 'GENDER_FEMALE', 'age_groups': ['AGE_55_100']}",,"{'code': 0, 'message': 'OK', 'request_id': '2025080217475725B08A8287AA8E156E1B', 'data': {'user_count': {'lower_end': 2319000, 'upper_end': 2836000}, 'user_count_stage': 2}}",2319000,2836000,2,2025-08-02 11:51:04.081872
18,TR,AGE_18_24,298795,GENDER_FEMALE,,,,,,"{'advertiser_id': '7381489555305775105', 'objective_type': 'REACH', 'optimization_goal': 'REACH', 'placements': ['PLACEMENT_TIKTOK', 'PLACEMENT_PANGLE', 'PLACEMENT_GLOBAL_APP_BUNDLE'], 'location_ids': ['298795'], 'gender': 'GENDER_FEMALE', 'age_groups': ['AGE_18_24']}",,"{'code': 0, 'message': 'OK', 'request_id': '20250802174756D6589872B53CA319F342', 'data': {'user_count': {'lower_end': 12575000, 'upper_end': 15371000}, 'user_count_stage': 2}}",12575000,15371000,2,2025-08-02 11:51:04.081872
19,TR,AGE_18_24,298795,GENDER_MALE,,,,,,"{'advertiser_id': '7381489555305775105', 'objective_type': 'REACH', 'optimization_goal': 'REACH', 'placements': ['PLACEMENT_TIKTOK', 'PLACEMENT_PANGLE', 'PLACEMENT_GLOBAL_APP_BUNDLE'], 'location_ids': ['298795'], 'gender': 'GENDER_MALE', 'age_groups': ['AGE_18_24']}",,"{'code': 0, 'message': 'OK', 'request_id': '20250802174758EEB5EAEF5F5D8A1E5F20', 'data': {'user_count': {'lower_end': 36025000, 'upper_end': 44032000}, 'user_count_stage': 3}}",36025000,44032000,3,2025-08-02 11:51:04.081872
20,TR,AGE_35_44,298795,GENDER_MALE,,,,,,"{'advertiser_id': '7381489555305775105', 'objective_type': 'REACH', 'optimization_goal': 'REACH', 'placements': ['PLACEMENT_TIKTOK', 'PLACEMENT_PANGLE', 'PLACEMENT_GLOBAL_APP_BUNDLE'], 'location_ids': ['298795'], 'gender': 'GENDER_MALE', 'age_groups': ['AGE_35_44']}",,"{'code': 0, 'message': 'OK', 'request_id': '20250802174758B5219AFC6AF14E1A2D9B', 'data': {'user_count': {'lower_end': 12479000, 'upper_end': 15253000}, 'user_count_stage': 2}}",12479000,15253000,2,2025-08-02 11:51:04.081872
21,TR,AGE_45_54,298795,GENDER_MALE,,,,,,"{'advertiser_id': '7381489555305775105', 'objective_type': 'REACH', 'optimization_goal': 'REACH', 'placements': ['PLACEMENT_TIKTOK', 'PLACEMENT_PANGLE', 'PLACEMENT_GLOBAL_APP_BUNDLE'], 'location_ids': ['298795'], 'gender': 'GENDER_MALE', 'age_groups': ['AGE_45_54']}",,"{'code': 0, 'message': 'OK', 'request_id': '20250802174759B5219AFC6AF14E1A2DB8', 'data': {'user_count': {'lower_end': 3538000, 'upper_end': 4326000}, 'user_count_stage': 2}}",3538000,4326000,2,2025-08-02 11:51:04.081872
22,TR,AGE_55_100,298795,GENDER_MALE,,,,,,"{'advertiser_id': '7381489555305775105', 'objective_type': 'REACH', 'optimization_goal': 'REACH', 'placements': ['PLACEMENT_TIKTOK', 'PLACEMENT_PANGLE', 'PLACEMENT_GLOBAL_APP_BUNDLE'], 'location_ids': ['298795'], 'gender': 'GENDER_MALE', 'age_groups': ['AGE_55_100']}",,"{'code': 0, 'message': 'OK', 'request_id': '20250802174759B5144E4669FF350FD19A', 'data': {'user_count': {'lower_end': 3770000, 'upper_end': 4608000}, 'user_count_stage': 2}}",3770000,4608000,2,2025-08-02 11:51:04.081872
23,TR,AGE_25_34,298795,GENDER_MALE,,,,,,"{'advertiser_id': '7381489555305775105', 'objective_type': 'REACH', 'optimization_goal': 'REACH', 'placements': ['PLACEMENT_TIKTOK', 'PLACEMENT_PANGLE', 'PLACEMENT_GLOBAL_APP_BUNDLE'], 'location_ids': ['298795'], 'gender': 'GENDER_MALE', 'age_groups': ['AGE_25_34']}",,"{'code': 0, 'message': 'OK', 'request_id': '202508021747581917192F93D8660FB080', 'data': {'user_count': {'lower_end': 22301000, 'upper_end': 27258000}, 'user_count_stage': 2}}",22301000,27258000,2,2025-08-02 11:51:04.081872
24,OM,AGE_18_24,286963,GENDER_FEMALE,,,,,,"{'advertiser_id': '7381489555305775105', 'objective_type': 'REACH', 'optimization_goal': 'REACH', 'placements': ['PLACEMENT_TIKTOK', 'PLACEMENT_PANGLE', 'PLACEMENT_GLOBAL_APP_BUNDLE'], 'location_ids': ['286963'], 'gender': 'GENDER_FEMALE', 'age_groups': ['AGE_18_24']}",,"{'code': 0, 'message': 'OK', 'request_id': '202508021747596E8DD9E3F73C05110340', 'data': {'user_count': {'lower_end': 252000, 'upper_end': 310000}, 'user_count_stage': 2}}",252000,310000,2,2025-08-02 11:51:04.081872
25,OM,AGE_25_34,286963,GENDER_FEMALE,,,,,,"{'advertiser_id': '7381489555305775105', 'objective_type': 'REACH', 'optimization_goal': 'REACH', 'placements': ['PLACEMENT_TIKTOK', 'PLACEMENT_PANGLE', 'PLACEMENT_GLOBAL_APP_BUNDLE'], 'location_ids': ['286963'], 'gender': 'GENDER_FEMALE', 'age_groups': ['AGE_25_34']}",,"{'code': 0, 'message': 'OK', 'request_id': '20250802174759424B7E235D3FFA0D9846', 'data': {'user_count': {'lower_end': 456000, 'upper_end': 558000}, 'user_count_stage': 2}}",456000,558000,2,2025-08-02 11:51:04.081872
26,OM,AGE_13_17,286963,GENDER_FEMALE,,,,,,"{'advertiser_id': '7381489555305775105', 'objective_type': 'REACH', 'optimization_goal': 'REACH', 'placements': ['PLACEMENT_TIKTOK', 'PLACEMENT_PANGLE', 'PLACEMENT_GLOBAL_APP_BUNDLE'], 'location_ids': ['286963'], 'gender': 'GENDER_FEMALE', 'age_groups': ['AGE_13_17']}",,"{'code': 0, 'message': 'OK', 'request_id': '202508021747594DFA7C7099592313DDD3', 'data': {'user_count': {'lower_end': 0, 'upper_end': 1000}, 'user_count_stage': 1}}",0,1000,1,2025-08-02 11:51:04.081872
27,OM,AGE_35_44,286963,GENDER_FEMALE,,,,,,"{'advertiser_id': '7381489555305775105', 'objective_type': 'REACH', 'optimization_goal': 'REACH', 'placements': ['PLACEMENT_TIKTOK', 'PLACEMENT_PANGLE', 'PLACEMENT_GLOBAL_APP_BUNDLE'], 'location_ids': ['286963'], 'gender': 'GENDER_FEMALE', 'age_groups': ['AGE_35_44']}",,"{'code': 0, 'message': 'OK', 'request_id': '202508021748004B6284A43DF9031A9F6C', 'data': {'user_count': {'lower_end': 123000, 'upper_end': 152000}, 'user_count_stage': 2}}",123000,152000,2,2025-08-02 11:51:04.081872
28,OM,AGE_45_54,286963,GENDER_FEMALE,,,,,,"{'advertiser_id': '7381489555305775105', 'objective_type': 'REACH', 'optimization_goal': 'REACH', 'placements': ['PLACEMENT_TIKTOK', 'PLACEMENT_PANGLE', 'PLACEMENT_GLOBAL_APP_BUNDLE'], 'location_ids': ['286963'], 'gender': 'GENDER_FEMALE', 'age_groups': ['AGE_45_54']}",,"{'code': 0, 'message': 'OK', 'request_id': '2025080217480066141FEFAC0E8A130A70', 'data': {'user_count': {'lower_end': 41000, 'upper_end': 51000}, 'user_count_stage': 2}}",41000,51000,2,2025-08-02 11:51:04.081872
29,OM,AGE_55_100,286963,GENDER_FEMALE,,,,,,"{'advertiser_id': '7381489555305775105', 'objective_type': 'REACH', 'optimization_goal': 'REACH', 'placements': ['PLACEMENT_TIKTOK', 'PLACEMENT_PANGLE', 'PLACEMENT_GLOBAL_APP_BUNDLE'], 'location_ids': ['286963'], 'gender': 'GENDER_FEMALE', 'age_groups': ['AGE_55_100']}",,"{'code': 0, 'message': 'OK', 'request_id': '202508021748005110A317A1C60317C60A', 'data': {'user_count': {'lower_end': 37000, 'upper_end': 47000}, 'user_count_stage': 2}}",37000,47000,2,2025-08-02 11:51:04.081872
30,OM,AGE_13_17,286963,GENDER_MALE,,,,,,"{'advertiser_id': '7381489555305775105', 'objective_type': 'REACH', 'optimization_goal': 'REACH', 'placements': ['PLACEMENT_TIKTOK', 'PLACEMENT_PANGLE', 'PLACEMENT_GLOBAL_APP_BUNDLE'], 'location_ids': ['286963'], 'gender': 'GENDER_MALE', 'age_groups': ['AGE_13_17']}",,"{'code': 0, 'message': 'OK', 'request_id': '20250802174800A429B0619352D01811EC', 'data': {'user_count': {'lower_end': 0, 'upper_end': 1000}, 'user_count_stage': 1}}",0,1000,1,2025-08-02 11:51:04.081872
31,OM,AGE_35_44,286963,GENDER_MALE,,,,,,"{'advertiser_id': '7381489555305775105', 'objective_type': 'REACH', 'optimization_goal': 'REACH', 'placements': ['PLACEMENT_TIKTOK', 'PLACEMENT_PANGLE', 'PLACEMENT_GLOBAL_APP_BUNDLE'], 'location_ids': ['286963'], 'gender': 'GENDER_MALE', 'age_groups': ['AGE_35_44']}",,"{'code': 0, 'message': 'OK', 'request_id': '202508021748019AE5489F35C6C8136F08', 'data': {'user_count': {'lower_end': 243000, 'upper_end': 298000}, 'user_count_stage': 2}}",243000,298000,2,2025-08-02 11:51:04.081872
32,OM,AGE_18_24,286963,GENDER_MALE,,,,,,"{'advertiser_id': '7381489555305775105', 'objective_type': 'REACH', 'optimization_goal': 'REACH', 'placements': ['PLACEMENT_TIKTOK', 'PLACEMENT_PANGLE', 'PLACEMENT_GLOBAL_APP_BUNDLE'], 'location_ids': ['286963'], 'gender': 'GENDER_MALE', 'age_groups': ['AGE_18_24']}",,"{'code': 0, 'message': 'OK', 'request_id': '2025080217480125B08A8287AA8E156E70', 'data': {'user_count': {'lower_end': 299000, 'upper_end': 367000}, 'user_count_stage': 2}}",299000,367000,2,2025-08-02 11:51:04.081872
33,OM,AGE_55_100,286963,GENDER_MALE,,,,,,"{'advertiser_id': '7381489555305775105', 'objective_type': 'REACH', 'optimization_goal': 'REACH', 'placements': ['PLACEMENT_TIKTOK', 'PLACEMENT_PANGLE', 'PLACEMENT_GLOBAL_APP_BUNDLE'], 'location_ids': ['286963'], 'gender': 'GENDER_MALE', 'age_groups': ['AGE_55_100']}",,"{'code': 0, 'message': 'OK', 'request_id': '20250802174801933E608704A6A90C1E84', 'data': {'user_count': {'lower_end': 46000, 'upper_end': 57000}, 'user_count_stage': 2}}",46000,57000,2,2025-08-02 11:51:04.081872
34,EG,AGE_13_17,357994,GENDER_FEMALE,,,,,,"{'advertiser_id': '7381489555305775105', 'objective_type': 'REACH', 'optimization_goal': 'REACH', 'placements': ['PLACEMENT_TIKTOK', 'PLACEMENT_PANGLE', 'PLACEMENT_GLOBAL_APP_BUNDLE'], 'location_ids': ['357994'], 'gender': 'GENDER_FEMALE', 'age_groups': ['AGE_13_17']}",,"{'code': 0, 'message': 'OK', 'request_id': '202508021748020E6745AD43B29D1514B9', 'data': {'user_count': {'lower_end': 0, 'upper_end': 3000}, 'user_count_stage': 1}}",0,3000,1,2025-08-02 11:51:04.081872
35,OM,AGE_25_34,286963,GENDER_MALE,,,,,,"{'advertiser_id': '7381489555305775105', 'objective_type': 'REACH', 'optimization_goal': 'REACH', 'placements': ['PLACEMENT_TIKTOK', 'PLACEMENT_PANGLE', 'PLACEMENT_GLOBAL_APP_BUNDLE'], 'location_ids': ['286963'], 'gender': 'GENDER_MALE', 'age_groups': ['AGE_25_34']}",,"{'code': 0, 'message': 'OK', 'request_id': '202508021748013E7AC8FED213541B766B', 'data': {'user_count': {'lower_end': 803000, 'upper_end': 983000}, 'user_count_stage': 3}}",803000,983000,3,2025-08-02 11:51:04.081872
36,EG,AGE_18_24,357994,GENDER_FEMALE,,,,,,"{'advertiser_id': '7381489555305775105', 'objective_type': 'REACH', 'optimization_goal': 'REACH', 'placements': ['PLACEMENT_TIKTOK', 'PLACEMENT_PANGLE', 'PLACEMENT_GLOBAL_APP_BUNDLE'], 'location_ids': ['357994'], 'gender': 'GENDER_FEMALE', 'age_groups': ['AGE_18_24']}",,"{'code': 0, 'message': 'OK', 'request_id': '20250802174803721DAB18902CD51561D4', 'data': {'user_count': {'lower_end': 12499000, 'upper_end': 15277000}, 'user_count_stage': 2}}",12499000,15277000,2,2025-08-02 11:51:04.081872
37,OM,AGE_45_54,286963,GENDER_MALE,,,,,,"{'advertiser_id': '7381489555305775105', 'objective_type': 'REACH', 'optimization_goal': 'REACH', 'placements': ['PLACEMENT_TIKTOK', 'PLACEMENT_PANGLE', 'PLACEMENT_GLOBAL_APP_BUNDLE'], 'location_ids': ['286963'], 'gender': 'GENDER_MALE', 'age_groups': ['AGE_45_54']}",,"{'code': 0, 'message': 'OK', 'request_id': '20250802174801F1AB4DC407351F1B4ABC', 'data': {'user_count': {'lower_end': 73000, 'upper_end': 90000}, 'user_count_stage': 2}}",73000,90000,2,2025-08-02 11:51:04.081872
38,EG,AGE_25_34,357994,GENDER_FEMALE,,,,,,"{'advertiser_id': '7381489555305775105', 'objective_type': 'REACH', 'optimization_goal': 'REACH', 'placements': ['PLACEMENT_TIKTOK', 'PLACEMENT_PANGLE', 'PLACEMENT_GLOBAL_APP_BUNDLE'], 'location_ids': ['357994'], 'gender': 'GENDER_FEMALE', 'age_groups': ['AGE_25_34']}",,"{'code': 0, 'message': 'OK', 'request_id': '2025080217480389ADBA8F6D0FF11982CA', 'data': {'user_count': {'lower_end': 18064000, 'upper_end': 22079000}, 'user_count_stage': 2}}",18064000,22079000,2,2025-08-02 11:51:04.081872
39,EG,AGE_55_100,357994,GENDER_FEMALE,,,,,,"{'advertiser_id': '7381489555305775105', 'objective_type': 'REACH', 'optimization_goal': 'REACH', 'placements': ['PLACEMENT_TIKTOK', 'PLACEMENT_PANGLE', 'PLACEMENT_GLOBAL_APP_BUNDLE'], 'location_ids': ['357994'], 'gender': 'GENDER_FEMALE', 'age_groups': ['AGE_55_100']}",,"{'code': 0, 'message': 'OK', 'request_id': '202508021748033406DB360708FD1486A8', 'data': {'user_count': {'lower_end': 2674000, 'upper_end': 3269000}, 'user_count_stage': 2}}",2674000,3269000,2,2025-08-02 11:51:04.081872
40,EG,AGE_35_44,357994,GENDER_FEMALE,,,,,,"{'advertiser_id': '7381489555305775105', 'objective_type': 'REACH', 'optimization_goal': 'REACH', 'placements': ['PLACEMENT_TIKTOK', 'PLACEMENT_PANGLE', 'PLACEMENT_GLOBAL_APP_BUNDLE'], 'location_ids': ['357994'], 'gender': 'GENDER_FEMALE', 'age_groups': ['AGE_35_44']}",,"{'code': 0, 'message': 'OK', 'request_id': '202508021748034BA6F484F61EAC177556', 'data': {'user_count': {'lower_end': 10583000, 'upper_end': 12936000}, 'user_count_stage': 2}}",10583000,12936000,2,2025-08-02 11:51:04.081872
41,EG,AGE_45_54,357994,GENDER_FEMALE,,,,,,"{'advertiser_id': '7381489555305775105', 'objective_type': 'REACH', 'optimization_goal': 'REACH', 'placements': ['PLACEMENT_TIKTOK', 'PLACEMENT_PANGLE', 'PLACEMENT_GLOBAL_APP_BUNDLE'], 'location_ids': ['357994'], 'gender': 'GENDER_FEMALE', 'age_groups': ['AGE_45_54']}",,"{'code': 0, 'message': 'OK', 'request_id': '20250802174803F1AB4DC407351F1B4B08', 'data': {'user_count': {'lower_end': 3748000, 'upper_end': 4581000}, 'user_count_stage': 2}}",3748000,4581000,2,2025-08-02 11:51:04.081872
42,EG,AGE_25_34,357994,GENDER_MALE,,,,,,"{'advertiser_id': '7381489555305775105', 'objective_type': 'REACH', 'optimization_goal': 'REACH', 'placements': ['PLACEMENT_TIKTOK', 'PLACEMENT_PANGLE', 'PLACEMENT_GLOBAL_APP_BUNDLE'], 'location_ids': ['357994'], 'gender': 'GENDER_MALE', 'age_groups': ['AGE_25_34']}",,"{'code': 0, 'message': 'OK', 'request_id': '2025080217480403AB0A851EF2A0198084', 'data': {'user_count': {'lower_end': 27074000, 'upper_end': 33091000}, 'user_count_stage': 3}}",27074000,33091000,3,2025-08-02 11:51:04.081872
43,EG,AGE_13_17,357994,GENDER_MALE,,,,,,"{'advertiser_id': '7381489555305775105', 'objective_type': 'REACH', 'optimization_goal': 'REACH', 'placements': ['PLACEMENT_TIKTOK', 'PLACEMENT_PANGLE', 'PLACEMENT_GLOBAL_APP_BUNDLE'], 'location_ids': ['357994'], 'gender': 'GENDER_MALE', 'age_groups': ['AGE_13_17']}",,"{'code': 0, 'message': 'OK', 'request_id': '202508021748040ACE307F987458489408', 'data': {'user_count': {'lower_end': 0, 'upper_end': 3000}, 'user_count_stage': 1}}",0,3000,1,2025-08-02 11:51:04.081872
44,EG,AGE_18_24,357994,GENDER_MALE,,,,,,"{'advertiser_id': '7381489555305775105', 'objective_type': 'REACH', 'optimization_goal': 'REACH', 'placements': ['PLACEMENT_TIKTOK', 'PLACEMENT_PANGLE', 'PLACEMENT_GLOBAL_APP_BUNDLE'], 'location_ids': ['357994'], 'gender': 'GENDER_MALE', 'age_groups': ['AGE_18_24']}",,"{'code': 0, 'message': 'OK', 'request_id': '2025080217480462A6707C1E1CBA0E4A03', 'data': {'user_count': {'lower_end': 37027000, 'upper_end': 45256000}, 'user_count_stage': 3}}",37027000,45256000,3,2025-08-02 11:51:04.081872
45,EG,AGE_35_44,357994,GENDER_MALE,,,,,,"{'advertiser_id': '7381489555305775105', 'objective_type': 'REACH', 'optimization_goal': 'REACH', 'placements': ['PLACEMENT_TIKTOK', 'PLACEMENT_PANGLE', 'PLACEMENT_GLOBAL_APP_BUNDLE'], 'location_ids': ['357994'], 'gender': 'GENDER_MALE', 'age_groups': ['AGE_35_44']}",,"{'code': 0, 'message': 'OK', 'request_id': '20250802174805EADB3B08EDB26C149042', 'data': {'user_count': {'lower_end': 10722000, 'upper_end': 13106000}, 'user_count_stage': 2}}",10722000,13106000,2,2025-08-02 11:51:04.081872
46,EG,AGE_55_100,357994,GENDER_MALE,,,,,,"{'advertiser_id': '7381489555305775105', 'objective_type': 'REACH', 'optimization_goal': 'REACH', 'placements': ['PLACEMENT_TIKTOK', 'PLACEMENT_PANGLE', 'PLACEMENT_GLOBAL_APP_BUNDLE'], 'location_ids': ['357994'], 'gender': 'GENDER_MALE', 'age_groups': ['AGE_55_100']}",,"{'code': 0, 'message': 'OK', 'request_id': '20250802174805FF758CDEC639A614C175', 'data': {'user_count': {'lower_end': 7734000, 'upper_end': 9453000}, 'user_count_stage': 2}}",7734000,9453000,2,2025-08-02 11:51:04.081872
47,EG,AGE_45_54,357994,GENDER_MALE,,,,,,"{'advertiser_id': '7381489555305775105', 'objective_type': 'REACH', 'optimization_goal': 'REACH', 'placements': ['PLACEMENT_TIKTOK', 'PLACEMENT_PANGLE', 'PLACEMENT_GLOBAL_APP_BUNDLE'], 'location_ids': ['357994'], 'gender': 'GENDER_MALE', 'age_groups': ['AGE_45_54']}",,"{'code': 0, 'message': 'OK', 'request_id': '202508021748053406DB360708FD1486E6', 'data': {'user_count': {'lower_end': 3436000, 'upper_end': 4200000}, 'user_count_stage': 2}}",3436000,4200000,2,2025-08-02 11:51:04.081872
48,HU,AGE_13_17,719819,GENDER_FEMALE,,,,,,"{'advertiser_id': '7381489555305775105', 'objective_type': 'REACH', 'optimization_goal': 'REACH', 'placements': ['PLACEMENT_TIKTOK', 'PLACEMENT_PANGLE', 'PLACEMENT_GLOBAL_APP_BUNDLE'], 'location_ids': ['719819'], 'gender': 'GENDER_FEMALE', 'age_groups': ['AGE_13_17']}",,"{'code': 0, 'message': 'OK', 'request_id': '202508021748053FB0F386727EE610AC13', 'data': {'user_count': {'lower_end': 0, 'upper_end': 1000}, 'user_count_stage': 1}}",0,1000,1,2025-08-02 11:51:04.081872
49,HU,AGE_18_24,719819,GENDER_FEMALE,,,,,,"{'advertiser_id': '7381489555305775105', 'objective_type': 'REACH', 'optimization_goal': 'REACH', 'placements': ['PLACEMENT_TIKTOK', 'PLACEMENT_PANGLE', 'PLACEMENT_GLOBAL_APP_BUNDLE'], 'location_ids': ['719819'], 'gender': 'GENDER_FEMALE', 'age_groups': ['AGE_18_24']}",,"{'code': 0, 'message': 'OK', 'request_id': '202508021748051E30EAC93CA54332AAFB', 'data': {'user_count': {'lower_end': 402000, 'upper_end': 492000}, 'user_count_stage': 2}}",402000,492000,2,2025-08-02 11:51:04.081872
50,HU,AGE_25_34,719819,GENDER_FEMALE,,,,,,"{'advertiser_id': '7381489555305775105', 'objective_type': 'REACH', 'optimization_goal': 'REACH', 'placements': ['PLACEMENT_TIKTOK', 'PLACEMENT_PANGLE', 'PLACEMENT_GLOBAL_APP_BUNDLE'], 'location_ids': ['719819'], 'gender': 'GENDER_FEMALE', 'age_groups': ['AGE_25_34']}",,"{'code': 0, 'message': 'OK', 'request_id': '20250802174805FD88CFD7E36454118338', 'data': {'user_count': {'lower_end': 510000, 'upper_end': 624000}, 'user_count_stage': 2}}",510000,624000,2,2025-08-02 11:51:04.081872
51,HU,AGE_35_44,719819,GENDER_FEMALE,,,,,,"{'advertiser_id': '7381489555305775105', 'objective_type': 'REACH', 'optimization_goal': 'REACH', 'placements': ['PLACEMENT_TIKTOK', 'PLACEMENT_PANGLE', 'PLACEMENT_GLOBAL_APP_BUNDLE'], 'location_ids': ['719819'], 'gender': 'GENDER_FEMALE', 'age_groups': ['AGE_35_44']}",,"{'code': 0, 'message': 'OK', 'request_id': '2025080217480689963E0D044361190398', 'data': {'user_count': {'lower_end': 254000, 'upper_end': 311000}, 'user_count_stage': 2}}",254000,311000,2,2025-08-02 11:51:04.081872
52,HU,AGE_45_54,719819,GENDER_FEMALE,,,,,,"{'advertiser_id': '7381489555305775105', 'objective_type': 'REACH', 'optimization_goal': 'REACH', 'placements': ['PLACEMENT_TIKTOK', 'PLACEMENT_PANGLE', 'PLACEMENT_GLOBAL_APP_BUNDLE'], 'location_ids': ['719819'], 'gender': 'GENDER_FEMALE', 'age_groups': ['AGE_45_54']}",,"{'code': 0, 'message': 'OK', 'request_id': '20250802174806DE9FC5144855AF117CBF', 'data': {'user_count': {'lower_end': 364000, 'upper_end': 446000}, 'user_count_stage': 2}}",364000,446000,2,2025-08-02 11:51:04.081872
53,HU,AGE_13_17,719819,GENDER_MALE,,,,,,"{'advertiser_id': '7381489555305775105', 'objective_type': 'REACH', 'optimization_goal': 'REACH', 'placements': ['PLACEMENT_TIKTOK', 'PLACEMENT_PANGLE', 'PLACEMENT_GLOBAL_APP_BUNDLE'], 'location_ids': ['719819'], 'gender': 'GENDER_MALE', 'age_groups': ['AGE_13_17']}",,"{'code': 0, 'message': 'OK', 'request_id': '20250802174807933E608704A6A90C1F67', 'data': {'user_count': {'lower_end': 0, 'upper_end': 1000}, 'user_count_stage': 1}}",0,1000,1,2025-08-02 11:51:04.081872
54,HU,AGE_25_34,719819,GENDER_MALE,,,,,,"{'advertiser_id': '7381489555305775105', 'objective_type': 'REACH', 'optimization_goal': 'REACH', 'placements': ['PLACEMENT_TIKTOK', 'PLACEMENT_PANGLE', 'PLACEMENT_GLOBAL_APP_BUNDLE'], 'location_ids': ['719819'], 'gender': 'GENDER_MALE', 'age_groups': ['AGE_25_34']}",,"{'code': 0, 'message': 'OK', 'request_id': '20250802174808F25E70BAB2AA561997CC', 'data': {'user_count': {'lower_end': 410000, 'upper_end': 502000}, 'user_count_stage': 2}}",410000,502000,2,2025-08-02 11:51:04.081872
55,HU,AGE_18_24,719819,GENDER_MALE,,,,,,"{'advertiser_id': '7381489555305775105', 'objective_type': 'REACH', 'optimization_goal': 'REACH', 'placements': ['PLACEMENT_TIKTOK', 'PLACEMENT_PANGLE', 'PLACEMENT_GLOBAL_APP_BUNDLE'], 'location_ids': ['719819'], 'gender': 'GENDER_MALE', 'age_groups': ['AGE_18_24']}",,"{'code': 0, 'message': 'OK', 'request_id': '202508021748083FCB74BC7975C51401CD', 'data': {'user_count': {'lower_end': 306000, 'upper_end': 375000}, 'user_count_stage': 2}}",306000,375000,2,2025-08-02 11:51:04.081872
56,HU,AGE_55_100,719819,GENDER_FEMALE,,,,,,"{'advertiser_id': '7381489555305775105', 'objective_type': 'REACH', 'optimization_goal': 'REACH', 'placements': ['PLACEMENT_TIKTOK', 'PLACEMENT_PANGLE', 'PLACEMENT_GLOBAL_APP_BUNDLE'], 'location_ids': ['719819'], 'gender': 'GENDER_FEMALE', 'age_groups': ['AGE_55_100']}",,"{'code': 0, 'message': 'OK', 'request_id': '20250802174806369589029A2C2E1527C3', 'data': {'user_count': {'lower_end': 168000, 'upper_end': 207000}, 'user_count_stage': 2}}",168000,207000,2,2025-08-02 11:51:04.081872
57,HU,AGE_35_44,719819,GENDER_MALE,,,,,,"{'advertiser_id': '7381489555305775105', 'objective_type': 'REACH', 'optimization_goal': 'REACH', 'placements': ['PLACEMENT_TIKTOK', 'PLACEMENT_PANGLE', 'PLACEMENT_GLOBAL_APP_BUNDLE'], 'location_ids': ['719819'], 'gender': 'GENDER_MALE', 'age_groups': ['AGE_35_44']}",,"{'code': 0, 'message': 'OK', 'request_id': '20250802174809B50CAC32D440E313AA3A', 'data': {'user_count': {'lower_end': 207000, 'upper_end': 254000}, 'user_count_stage': 2}}",207000,254000,2,2025-08-02 11:51:04.081872
58,HU,AGE_45_54,719819,GENDER_MALE,,,,,,"{'advertiser_id': '7381489555305775105', 'objective_type': 'REACH', 'optimization_goal': 'REACH', 'placements': ['PLACEMENT_TIKTOK', 'PLACEMENT_PANGLE', 'PLACEMENT_GLOBAL_APP_BUNDLE'], 'location_ids': ['719819'], 'gender': 'GENDER_MALE', 'age_groups': ['AGE_45_54']}",,"{'code': 0, 'message': 'OK', 'request_id': '20250802174809FAFC7DE193B8301C4C32', 'data': {'user_count': {'lower_end': 283000, 'upper_end': 347000}, 'user_count_stage': 2}}",283000,347000,2,2025-08-02 11:51:04.081872
59,HU,AGE_55_100,719819,GENDER_MALE,,,,,,"{'advertiser_id': '7381489555305775105', 'objective_type': 'REACH', 'optimization_goal': 'REACH', 'placements': ['PLACEMENT_TIKTOK', 'PLACEMENT_PANGLE', 'PLACEMENT_GLOBAL_APP_BUNDLE'], 'location_ids': ['719819'], 'gender': 'GENDER_MALE', 'age_groups': ['AGE_55_100']}",,"{'code': 0, 'message': 'OK', 'request_id': '20250802174809FD88CFD7E364541183FD', 'data': {'user_count': {'lower_end': 115000, 'upper_end': 142000}, 'user_count_stage': 2}}",115000,142000,2,2025-08-02 11:51:04.081872
60,JP,AGE_18_24,1861060,GENDER_FEMALE,,,,,,"{'advertiser_id': '7381489555305775105', 'objective_type': 'REACH', 'optimization_goal': 'REACH', 'placements': ['PLACEMENT_TIKTOK', 'PLACEMENT_PANGLE', 'PLACEMENT_GLOBAL_APP_BUNDLE'], 'location_ids': ['1861060'], 'gender': 'GENDER_FEMALE', 'age_groups': ['AGE_18_24']}",,"{'code': 0, 'message': 'OK', 'request_id': '202508021748105110A317A1C60317C7D2', 'data': {'user_count': {'lower_end': 13257000, 'upper_end': 16204000}, 'user_count_stage': 2}}",13257000,16204000,2,2025-08-02 11:51:04.081872
61,JP,AGE_13_17,1861060,GENDER_FEMALE,,,,,,"{'advertiser_id': '7381489555305775105', 'objective_type': 'REACH', 'optimization_goal': 'REACH', 'placements': ['PLACEMENT_TIKTOK', 'PLACEMENT_PANGLE', 'PLACEMENT_GLOBAL_APP_BUNDLE'], 'location_ids': ['1861060'], 'gender': 'GENDER_FEMALE', 'age_groups': ['AGE_13_17']}",,"{'code': 0, 'message': 'OK', 'request_id': '20250802174810AF51E0E6C88BAA11FA3B', 'data': {'user_count': {'lower_end': 0, 'upper_end': 3000}, 'user_count_stage': 1}}",0,3000,1,2025-08-02 11:51:04.081872
62,JP,AGE_25_34,1861060,GENDER_FEMALE,,,,,,"{'advertiser_id': '7381489555305775105', 'objective_type': 'REACH', 'optimization_goal': 'REACH', 'placements': ['PLACEMENT_TIKTOK', 'PLACEMENT_PANGLE', 'PLACEMENT_GLOBAL_APP_BUNDLE'], 'location_ids': ['1861060'], 'gender': 'GENDER_FEMALE', 'age_groups': ['AGE_25_34']}",,"{'code': 0, 'message': 'OK', 'request_id': '202508021748100787F7DAAB43540F00D7', 'data': {'user_count': {'lower_end': 30351000, 'upper_end': 37096000}, 'user_count_stage': 2}}",30351000,37096000,2,2025-08-02 11:51:04.081872
63,JP,AGE_55_100,1861060,GENDER_FEMALE,,,,,,"{'advertiser_id': '7381489555305775105', 'objective_type': 'REACH', 'optimization_goal': 'REACH', 'placements': ['PLACEMENT_TIKTOK', 'PLACEMENT_PANGLE', 'PLACEMENT_GLOBAL_APP_BUNDLE'], 'location_ids': ['1861060'], 'gender': 'GENDER_FEMALE', 'age_groups': ['AGE_55_100']}",,"{'code': 0, 'message': 'OK', 'request_id': '20250802174810062B3A23EF737612C36B', 'data': {'user_count': {'lower_end': 7125000, 'upper_end': 8709000}, 'user_count_stage': 2}}",7125000,8709000,2,2025-08-02 11:51:04.081872
64,JP,AGE_45_54,1861060,GENDER_FEMALE,,,,,,"{'advertiser_id': '7381489555305775105', 'objective_type': 'REACH', 'optimization_goal': 'REACH', 'placements': ['PLACEMENT_TIKTOK', 'PLACEMENT_PANGLE', 'PLACEMENT_GLOBAL_APP_BUNDLE'], 'location_ids': ['1861060'], 'gender': 'GENDER_FEMALE', 'age_groups': ['AGE_45_54']}",,"{'code': 0, 'message': 'OK', 'request_id': '202508021748102D5AFAB940AF2C10B041', 'data': {'user_count': {'lower_end': 10037000, 'upper_end': 12269000}, 'user_count_stage': 2}}",10037000,12269000,2,2025-08-02 11:51:04.081872
65,JP,AGE_35_44,1861060,GENDER_FEMALE,,,,,,"{'advertiser_id': '7381489555305775105', 'objective_type': 'REACH', 'optimization_goal': 'REACH', 'placements': ['PLACEMENT_TIKTOK', 'PLACEMENT_PANGLE', 'PLACEMENT_GLOBAL_APP_BUNDLE'], 'location_ids': ['1861060'], 'gender': 'GENDER_FEMALE', 'age_groups': ['AGE_35_44']}",,"{'code': 0, 'message': 'OK', 'request_id': '202508021748108EF754E35D85F210B09C', 'data': {'user_count': {'lower_end': 25507000, 'upper_end': 31176000}, 'user_count_stage': 2}}",25507000,31176000,2,2025-08-02 11:51:04.081872
66,JP,AGE_18_24,1861060,GENDER_MALE,,,,,,"{'advertiser_id': '7381489555305775105', 'objective_type': 'REACH', 'optimization_goal': 'REACH', 'placements': ['PLACEMENT_TIKTOK', 'PLACEMENT_PANGLE', 'PLACEMENT_GLOBAL_APP_BUNDLE'], 'location_ids': ['1861060'], 'gender': 'GENDER_MALE', 'age_groups': ['AGE_18_24']}",,"{'code': 0, 'message': 'OK', 'request_id': '202508021748112F2C1F8550497013F9BA', 'data': {'user_count': {'lower_end': 13688000, 'upper_end': 16731000}, 'user_count_stage': 2}}",13688000,16731000,2,2025-08-02 11:51:04.081872
67,JP,AGE_25_34,1861060,GENDER_MALE,,,,,,"{'advertiser_id': '7381489555305775105', 'objective_type': 'REACH', 'optimization_goal': 'REACH', 'placements': ['PLACEMENT_TIKTOK', 'PLACEMENT_PANGLE', 'PLACEMENT_GLOBAL_APP_BUNDLE'], 'location_ids': ['1861060'], 'gender': 'GENDER_MALE', 'age_groups': ['AGE_25_34']}",,"{'code': 0, 'message': 'OK', 'request_id': '20250802174811D58BDB8DE1D3F9111466', 'data': {'user_count': {'lower_end': 36387000, 'upper_end': 44474000}, 'user_count_stage': 3}}",36387000,44474000,3,2025-08-02 11:51:04.081872
68,JP,AGE_13_17,1861060,GENDER_MALE,,,,,,"{'advertiser_id': '7381489555305775105', 'objective_type': 'REACH', 'optimization_goal': 'REACH', 'placements': ['PLACEMENT_TIKTOK', 'PLACEMENT_PANGLE', 'PLACEMENT_GLOBAL_APP_BUNDLE'], 'location_ids': ['1861060'], 'gender': 'GENDER_MALE', 'age_groups': ['AGE_13_17']}",,"{'code': 0, 'message': 'OK', 'request_id': '20250802174811ACDB4328E53D3C158724', 'data': {'user_count': {'lower_end': 0, 'upper_end': 3000}, 'user_count_stage': 1}}",0,3000,1,2025-08-02 11:51:04.081872
69,JP,AGE_45_54,1861060,GENDER_MALE,,,,,,"{'advertiser_id': '7381489555305775105', 'objective_type': 'REACH', 'optimization_goal': 'REACH', 'placements': ['PLACEMENT_TIKTOK', 'PLACEMENT_PANGLE', 'PLACEMENT_GLOBAL_APP_BUNDLE'], 'location_ids': ['1861060'], 'gender': 'GENDER_MALE', 'age_groups': ['AGE_45_54']}",,"{'code': 0, 'message': 'OK', 'request_id': '20250802174812E2BE2E8456DBB9187215', 'data': {'user_count': {'lower_end': 8396000, 'upper_end': 10262000}, 'user_count_stage': 2}}",8396000,10262000,2,2025-08-02 11:51:04.081872
70,JP,AGE_35_44,1861060,GENDER_MALE,,,,,,"{'advertiser_id': '7381489555305775105', 'objective_type': 'REACH', 'optimization_goal': 'REACH', 'placements': ['PLACEMENT_TIKTOK', 'PLACEMENT_PANGLE', 'PLACEMENT_GLOBAL_APP_BUNDLE'], 'location_ids': ['1861060'], 'gender': 'GENDER_MALE', 'age_groups': ['AGE_35_44']}",,"{'code': 0, 'message': 'OK', 'request_id': '202508021748121A46B8D6E339B51303F8', 'data': {'user_count': {'lower_end': 27722000, 'upper_end': 33884000}, 'user_count_stage': 2}}",27722000,33884000,2,2025-08-02 11:51:04.081872
71,JP,AGE_55_100,1861060,GENDER_MALE,,,,,,"{'advertiser_id': '7381489555305775105', 'objective_type': 'REACH', 'optimization_goal': 'REACH', 'placements': ['PLACEMENT_TIKTOK', 'PLACEMENT_PANGLE', 'PLACEMENT_GLOBAL_APP_BUNDLE'], 'location_ids': ['1861060'], 'gender': 'GENDER_MALE', 'age_groups': ['AGE_55_100']}",,"{'code': 0, 'message': 'OK', 'request_id': '20250802174812F06FBAE6A964631813A2', 'data': {'user_count': {'lower_end': 7064000, 'upper_end': 8635000}, 'user_count_stage': 2}}",7064000,8635000,2,2025-08-02 11:51:04.081872
72,UY,AGE_13_17,3439705,GENDER_FEMALE,,,,,,"{'advertiser_id': '7381489555305775105', 'objective_type': 'REACH', 'optimization_goal': 'REACH', 'placements': ['PLACEMENT_TIKTOK', 'PLACEMENT_PANGLE', 'PLACEMENT_GLOBAL_APP_BUNDLE'], 'location_ids': ['3439705'], 'gender': 'GENDER_FEMALE', 'age_groups': ['AGE_13_17']}",,"{'code': 0, 'message': 'OK', 'request_id': '20250802174812141901A5E60084138302', 'data': {'user_count': {'lower_end': 0, 'upper_end': 1000}, 'user_count_stage': 1}}",0,1000,1,2025-08-02 11:51:04.081872
73,UY,AGE_18_24,3439705,GENDER_FEMALE,,,,,,"{'advertiser_id': '7381489555305775105', 'objective_type': 'REACH', 'optimization_goal': 'REACH', 'placements': ['PLACEMENT_TIKTOK', 'PLACEMENT_PANGLE', 'PLACEMENT_GLOBAL_APP_BUNDLE'], 'location_ids': ['3439705'], 'gender': 'GENDER_FEMALE', 'age_groups': ['AGE_18_24']}",,"{'code': 0, 'message': 'OK', 'request_id': '20250802174812C0AA8098000127149D00', 'data': {'user_count': {'lower_end': 265000, 'upper_end': 324000}, 'user_count_stage': 2}}",265000,324000,2,2025-08-02 11:51:04.081872
74,UY,AGE_25_34,3439705,GENDER_FEMALE,,,,,,"{'advertiser_id': '7381489555305775105', 'objective_type': 'REACH', 'optimization_goal': 'REACH', 'placements': ['PLACEMENT_TIKTOK', 'PLACEMENT_PANGLE', 'PLACEMENT_GLOBAL_APP_BUNDLE'], 'location_ids': ['3439705'], 'gender': 'GENDER_FEMALE', 'age_groups': ['AGE_25_34']}",,"{'code': 0, 'message': 'OK', 'request_id': '202508021748122C68621F22BB3717CCD9', 'data': {'user_count': {'lower_end': 408000, 'upper_end': 500000}, 'user_count_stage': 2}}",408000,500000,2,2025-08-02 11:51:04.081872
75,UY,AGE_35_44,3439705,GENDER_FEMALE,,,,,,"{'advertiser_id': '7381489555305775105', 'objective_type': 'REACH', 'optimization_goal': 'REACH', 'placements': ['PLACEMENT_TIKTOK', 'PLACEMENT_PANGLE', 'PLACEMENT_GLOBAL_APP_BUNDLE'], 'location_ids': ['3439705'], 'gender': 'GENDER_FEMALE', 'age_groups': ['AGE_35_44']}",,"{'code': 0, 'message': 'OK', 'request_id': '20250802174813721DAB18902CD51563B3', 'data': {'user_count': {'lower_end': 143000, 'upper_end': 175000}, 'user_count_stage': 2}}",143000,175000,2,2025-08-02 11:51:04.081872
76,UY,AGE_45_54,3439705,GENDER_FEMALE,,,,,,"{'advertiser_id': '7381489555305775105', 'objective_type': 'REACH', 'optimization_goal': 'REACH', 'placements': ['PLACEMENT_TIKTOK', 'PLACEMENT_PANGLE', 'PLACEMENT_GLOBAL_APP_BUNDLE'], 'location_ids': ['3439705'], 'gender': 'GENDER_FEMALE', 'age_groups': ['AGE_45_54']}",,"{'code': 0, 'message': 'OK', 'request_id': '2025080217481356BB9EB829A61615D6F4', 'data': {'user_count': {'lower_end': 100000, 'upper_end': 124000}, 'user_count_stage': 2}}",100000,124000,2,2025-08-02 11:51:04.081872
77,UY,AGE_55_100,3439705,GENDER_FEMALE,,,,,,"{'advertiser_id': '7381489555305775105', 'objective_type': 'REACH', 'optimization_goal': 'REACH', 'placements': ['PLACEMENT_TIKTOK', 'PLACEMENT_PANGLE', 'PLACEMENT_GLOBAL_APP_BUNDLE'], 'location_ids': ['3439705'], 'gender': 'GENDER_FEMALE', 'age_groups': ['AGE_55_100']}",,"{'code': 0, 'message': 'OK', 'request_id': '20250802174813B5144E4669FF350FD44F', 'data': {'user_count': {'lower_end': 111000, 'upper_end': 137000}, 'user_count_stage': 2}}",111000,137000,2,2025-08-02 11:51:04.081872
78,UY,AGE_18_24,3439705,GENDER_MALE,,,,,,"{'advertiser_id': '7381489555305775105', 'objective_type': 'REACH', 'optimization_goal': 'REACH', 'placements': ['PLACEMENT_TIKTOK', 'PLACEMENT_PANGLE', 'PLACEMENT_GLOBAL_APP_BUNDLE'], 'location_ids': ['3439705'], 'gender': 'GENDER_MALE', 'age_groups': ['AGE_18_24']}",,"{'code': 0, 'message': 'OK', 'request_id': '2025080217481331AC9317CC42660EC516', 'data': {'user_count': {'lower_end': 221000, 'upper_end': 271000}, 'user_count_stage': 2}}",221000,271000,2,2025-08-02 11:51:04.081872
79,UY,AGE_13_17,3439705,GENDER_MALE,,,,,,"{'advertiser_id': '7381489555305775105', 'objective_type': 'REACH', 'optimization_goal': 'REACH', 'placements': ['PLACEMENT_TIKTOK', 'PLACEMENT_PANGLE', 'PLACEMENT_GLOBAL_APP_BUNDLE'], 'location_ids': ['3439705'], 'gender': 'GENDER_MALE', 'age_groups': ['AGE_13_17']}",,"{'code': 0, 'message': 'OK', 'request_id': '20250802174813D58BDB8DE1D3F91114DA', 'data': {'user_count': {'lower_end': 0, 'upper_end': 1000}, 'user_count_stage': 1}}",0,1000,1,2025-08-02 11:51:04.081872
80,UY,AGE_25_34,3439705,GENDER_MALE,,,,,,"{'advertiser_id': '7381489555305775105', 'objective_type': 'REACH', 'optimization_goal': 'REACH', 'placements': ['PLACEMENT_TIKTOK', 'PLACEMENT_PANGLE', 'PLACEMENT_GLOBAL_APP_BUNDLE'], 'location_ids': ['3439705'], 'gender': 'GENDER_MALE', 'age_groups': ['AGE_25_34']}",,"{'code': 0, 'message': 'OK', 'request_id': '20250802174814E9B108D5A83E7E1B1CE6', 'data': {'user_count': {'lower_end': 484000, 'upper_end': 593000}, 'user_count_stage': 3}}",484000,593000,3,2025-08-02 11:51:04.081872
81,UY,AGE_45_54,3439705,GENDER_MALE,,,,,,"{'advertiser_id': '7381489555305775105', 'objective_type': 'REACH', 'optimization_goal': 'REACH', 'placements': ['PLACEMENT_TIKTOK', 'PLACEMENT_PANGLE', 'PLACEMENT_GLOBAL_APP_BUNDLE'], 'location_ids': ['3439705'], 'gender': 'GENDER_MALE', 'age_groups': ['AGE_45_54']}",,"{'code': 0, 'message': 'OK', 'request_id': '20250802174814733E2001E161131F5C37', 'data': {'user_count': {'lower_end': 112000, 'upper_end': 138000}, 'user_count_stage': 2}}",112000,138000,2,2025-08-02 11:51:04.081872
82,UY,AGE_35_44,3439705,GENDER_MALE,,,,,,"{'advertiser_id': '7381489555305775105', 'objective_type': 'REACH', 'optimization_goal': 'REACH', 'placements': ['PLACEMENT_TIKTOK', 'PLACEMENT_PANGLE', 'PLACEMENT_GLOBAL_APP_BUNDLE'], 'location_ids': ['3439705'], 'gender': 'GENDER_MALE', 'age_groups': ['AGE_35_44']}",,"{'code': 0, 'message': 'OK', 'request_id': '20250802174814C61E84A988C5850FAAC4', 'data': {'user_count': {'lower_end': 155000, 'upper_end': 190000}, 'user_count_stage': 2}}",155000,190000,2,2025-08-02 11:51:04.081872
83,UY,AGE_55_100,3439705,GENDER_MALE,,,,,,"{'advertiser_id': '7381489555305775105', 'objective_type': 'REACH', 'optimization_goal': 'REACH', 'placements': ['PLACEMENT_TIKTOK', 'PLACEMENT_PANGLE', 'PLACEMENT_GLOBAL_APP_BUNDLE'], 'location_ids': ['3439705'], 'gender': 'GENDER_MALE', 'age_groups': ['AGE_55_100']}",,"{'code': 0, 'message': 'OK', 'request_id': '2025080217481471D4BDDD9E22991A689C', 'data': {'user_count': {'lower_end': 105000, 'upper_end': 129000}, 'user_count_stage': 2}}",105000,129000,2,2025-08-02 11:51:04.081872
84,GT,AGE_13_17,3595528,GENDER_FEMALE,,,,,,"{'advertiser_id': '7381489555305775105', 'objective_type': 'REACH', 'optimization_goal': 'REACH', 'placements': ['PLACEMENT_TIKTOK', 'PLACEMENT_PANGLE', 'PLACEMENT_GLOBAL_APP_BUNDLE'], 'location_ids': ['3595528'], 'gender': 'GENDER_FEMALE', 'age_groups': ['AGE_13_17']}",,"{'code': 0, 'message': 'OK', 'request_id': '20250802174814B5144E4669FF350FD49C', 'data': {'user_count': {'lower_end': 0, 'upper_end': 1000}, 'user_count_stage': 1}}",0,1000,1,2025-08-02 11:51:04.081872
85,GT,AGE_18_24,3595528,GENDER_FEMALE,,,,,,"{'advertiser_id': '7381489555305775105', 'objective_type': 'REACH', 'optimization_goal': 'REACH', 'placements': ['PLACEMENT_TIKTOK', 'PLACEMENT_PANGLE', 'PLACEMENT_GLOBAL_APP_BUNDLE'], 'location_ids': ['3595528'], 'gender': 'GENDER_FEMALE', 'age_groups': ['AGE_18_24']}",,"{'code': 0, 'message': 'OK', 'request_id': '202508021748144BA6F484F61EAC17771B', 'data': {'user_count': {'lower_end': 1647000, 'upper_end': 2014000}, 'user_count_stage': 2}}",1647000,2014000,2,2025-08-02 11:51:04.081872
86,GT,AGE_25_34,3595528,GENDER_FEMALE,,,,,,"{'advertiser_id': '7381489555305775105', 'objective_type': 'REACH', 'optimization_goal': 'REACH', 'placements': ['PLACEMENT_TIKTOK', 'PLACEMENT_PANGLE', 'PLACEMENT_GLOBAL_APP_BUNDLE'], 'location_ids': ['3595528'], 'gender': 'GENDER_FEMALE', 'age_groups': ['AGE_25_34']}",,"{'code': 0, 'message': 'OK', 'request_id': '202508021748155C72D59A3A36F310A562', 'data': {'user_count': {'lower_end': 2062000, 'upper_end': 2522000}, 'user_count_stage': 2}}",2062000,2522000,2,2025-08-02 11:51:04.081872
87,GT,AGE_45_54,3595528,GENDER_FEMALE,,,,,,"{'advertiser_id': '7381489555305775105', 'objective_type': 'REACH', 'optimization_goal': 'REACH', 'placements': ['PLACEMENT_TIKTOK', 'PLACEMENT_PANGLE', 'PLACEMENT_GLOBAL_APP_BUNDLE'], 'location_ids': ['3595528'], 'gender': 'GENDER_FEMALE', 'age_groups': ['AGE_45_54']}",,"{'code': 0, 'message': 'OK', 'request_id': '2025080217481516244099B0A1002B88D6', 'data': {'user_count': {'lower_end': 309000, 'upper_end': 379000}, 'user_count_stage': 2}}",309000,379000,2,2025-08-02 11:51:04.081872
88,GT,AGE_35_44,3595528,GENDER_FEMALE,,,,,,"{'advertiser_id': '7381489555305775105', 'objective_type': 'REACH', 'optimization_goal': 'REACH', 'placements': ['PLACEMENT_TIKTOK', 'PLACEMENT_PANGLE', 'PLACEMENT_GLOBAL_APP_BUNDLE'], 'location_ids': ['3595528'], 'gender': 'GENDER_FEMALE', 'age_groups': ['AGE_35_44']}",,"{'code': 0, 'message': 'OK', 'request_id': '20250802174815EC333B33A181491804CE', 'data': {'user_count': {'lower_end': 634000, 'upper_end': 776000}, 'user_count_stage': 2}}",634000,776000,2,2025-08-02 11:51:04.081872
89,GT,AGE_55_100,3595528,GENDER_FEMALE,,,,,,"{'advertiser_id': '7381489555305775105', 'objective_type': 'REACH', 'optimization_goal': 'REACH', 'placements': ['PLACEMENT_TIKTOK', 'PLACEMENT_PANGLE', 'PLACEMENT_GLOBAL_APP_BUNDLE'], 'location_ids': ['3595528'], 'gender': 'GENDER_FEMALE', 'age_groups': ['AGE_55_100']}",,"{'code': 0, 'message': 'OK', 'request_id': '20250802174815180CE3E5024D6214BEFB', 'data': {'user_count': {'lower_end': 317000, 'upper_end': 389000}, 'user_count_stage': 2}}",317000,389000,2,2025-08-02 11:51:04.081872
90,GT,AGE_18_24,3595528,GENDER_MALE,,,,,,"{'advertiser_id': '7381489555305775105', 'objective_type': 'REACH', 'optimization_goal': 'REACH', 'placements': ['PLACEMENT_TIKTOK', 'PLACEMENT_PANGLE', 'PLACEMENT_GLOBAL_APP_BUNDLE'], 'location_ids': ['3595528'], 'gender': 'GENDER_MALE', 'age_groups': ['AGE_18_24']}",,"{'code': 0, 'message': 'OK', 'request_id': '20250802174816EC333B33A181491804E3', 'data': {'user_count': {'lower_end': 1646000, 'upper_end': 2013000}, 'user_count_stage': 2}}",1646000,2013000,2,2025-08-02 11:51:04.081872
91,GT,AGE_13_17,3595528,GENDER_MALE,,,,,,"{'advertiser_id': '7381489555305775105', 'objective_type': 'REACH', 'optimization_goal': 'REACH', 'placements': ['PLACEMENT_TIKTOK', 'PLACEMENT_PANGLE', 'PLACEMENT_GLOBAL_APP_BUNDLE'], 'location_ids': ['3595528'], 'gender': 'GENDER_MALE', 'age_groups': ['AGE_13_17']}",,"{'code': 0, 'message': 'OK', 'request_id': '20250802174816176A4728CA237F1A5D4E', 'data': {'user_count': {'lower_end': 0, 'upper_end': 1000}, 'user_count_stage': 1}}",0,1000,1,2025-08-02 11:51:04.081872
92,GT,AGE_25_34,3595528,GENDER_MALE,,,,,,"{'advertiser_id': '7381489555305775105', 'objective_type': 'REACH', 'optimization_goal': 'REACH', 'placements': ['PLACEMENT_TIKTOK', 'PLACEMENT_PANGLE', 'PLACEMENT_GLOBAL_APP_BUNDLE'], 'location_ids': ['3595528'], 'gender': 'GENDER_MALE', 'age_groups': ['AGE_25_34']}",,"{'code': 0, 'message': 'OK', 'request_id': '202508021748167D25F06EC4AD1417855A', 'data': {'user_count': {'lower_end': 2464000, 'upper_end': 3013000}, 'user_count_stage': 3}}",2464000,3013000,3,2025-08-02 11:51:04.081872
93,GT,AGE_55_100,3595528,GENDER_MALE,,,,,,"{'advertiser_id': '7381489555305775105', 'objective_type': 'REACH', 'optimization_goal': 'REACH', 'placements': ['PLACEMENT_TIKTOK', 'PLACEMENT_PANGLE', 'PLACEMENT_GLOBAL_APP_BUNDLE'], 'location_ids': ['3595528'], 'gender': 'GENDER_MALE', 'age_groups': ['AGE_55_100']}",,"{'code': 0, 'message': 'OK', 'request_id': '20250802174816C6E1B1DAEA869A0D7A37', 'data': {'user_count': {'lower_end': 291000, 'upper_end': 356000}, 'user_count_stage': 2}}",291000,356000,2,2025-08-02 11:51:04.081872
94,GT,AGE_45_54,3595528,GENDER_MALE,,,,,,"{'advertiser_id': '7381489555305775105', 'objective_type': 'REACH', 'optimization_goal': 'REACH', 'placements': ['PLACEMENT_TIKTOK', 'PLACEMENT_PANGLE', 'PLACEMENT_GLOBAL_APP_BUNDLE'], 'location_ids': ['3595528'], 'gender': 'GENDER_MALE', 'age_groups': ['AGE_45_54']}",,"{'code': 0, 'message': 'OK', 'request_id': '20250802174816176A4728CA237F1A5D68', 'data': {'user_count': {'lower_end': 339000, 'upper_end': 415000}, 'user_count_stage': 2}}",339000,415000,2,2025-08-02 11:51:04.081872
95,GT,AGE_35_44,3595528,GENDER_MALE,,,,,,"{'advertiser_id': '7381489555305775105', 'objective_type': 'REACH', 'optimization_goal': 'REACH', 'placements': ['PLACEMENT_TIKTOK', 'PLACEMENT_PANGLE', 'PLACEMENT_GLOBAL_APP_BUNDLE'], 'location_ids': ['3595528'], 'gender': 'GENDER_MALE', 'age_groups': ['AGE_35_44']}",,"{'code': 0, 'message': 'OK', 'request_id': '20250802174816D3689E940F0F02174F43', 'data': {'user_count': {'lower_end': 761000, 'upper_end': 931000}, 'user_count_stage': 2}}",761000,931000,2,2025-08-02 11:51:04.081872
96,NL,AGE_13_17,2750405,GENDER_FEMALE,,,,,,"{'advertiser_id': '7381489555305775105', 'objective_type': 'REACH', 'optimization_goal': 'REACH', 'placements': ['PLACEMENT_TIKTOK', 'PLACEMENT_PANGLE', 'PLACEMENT_GLOBAL_APP_BUNDLE'], 'location_ids': ['2750405'], 'gender': 'GENDER_FEMALE', 'age_groups': ['AGE_13_17']}",,"{'code': 0, 'message': 'OK', 'request_id': '202508021748175C86A679195502157BAD', 'data': {'user_count': {'lower_end': 0, 'upper_end': 1000}, 'user_count_stage': 1}}",0,1000,1,2025-08-02 11:51:04.081872
97,NL,AGE_18_24,2750405,GENDER_FEMALE,,,,,,"{'advertiser_id': '7381489555305775105', 'objective_type': 'REACH', 'optimization_goal': 'REACH', 'placements': ['PLACEMENT_TIKTOK', 'PLACEMENT_PANGLE', 'PLACEMENT_GLOBAL_APP_BUNDLE'], 'location_ids': ['2750405'], 'gender': 'GENDER_FEMALE', 'age_groups': ['AGE_18_24']}",,"{'code': 0, 'message': 'OK', 'request_id': '20250802174817811CD687161AD814D6B8', 'data': {'user_count': {'lower_end': 828000, 'upper_end': 1013000}, 'user_count_stage': 2}}",828000,1013000,2,2025-08-02 11:51:04.081872
98,NL,AGE_35_44,2750405,GENDER_FEMALE,,,,,,"{'advertiser_id': '7381489555305775105', 'objective_type': 'REACH', 'optimization_goal': 'REACH', 'placements': ['PLACEMENT_TIKTOK', 'PLACEMENT_PANGLE', 'PLACEMENT_GLOBAL_APP_BUNDLE'], 'location_ids': ['2750405'], 'gender': 'GENDER_FEMALE', 'age_groups': ['AGE_35_44']}",,"{'code': 0, 'message': 'OK', 'request_id': '20250802174818CC4361534970A2127060', 'data': {'user_count': {'lower_end': 558000, 'upper_end': 683000}, 'user_count_stage': 2}}",558000,683000,2,2025-08-02 11:51:04.081872
99,NL,AGE_45_54,2750405,GENDER_FEMALE,,,,,,"{'advertiser_id': '7381489555305775105', 'objective_type': 'REACH', 'optimization_goal': 'REACH', 'placements': ['PLACEMENT_TIKTOK', 'PLACEMENT_PANGLE', 'PLACEMENT_GLOBAL_APP_BUNDLE'], 'location_ids': ['2750405'], 'gender': 'GENDER_FEMALE', 'age_groups': ['AGE_45_54']}",,"{'code': 0, 'message': 'OK', 'request_id': '202508021748183406DB360708FD14890B', 'data': {'user_count': {'lower_end': 375000, 'upper_end': 459000}, 'user_count_stage': 2}}",375000,459000,2,2025-08-02 11:51:04.081872
100,NL,AGE_25_34,2750405,GENDER_FEMALE,,,,,,"{'advertiser_id': '7381489555305775105', 'objective_type': 'REACH', 'optimization_goal': 'REACH', 'placements': ['PLACEMENT_TIKTOK', 'PLACEMENT_PANGLE', 'PLACEMENT_GLOBAL_APP_BUNDLE'], 'location_ids': ['2750405'], 'gender': 'GENDER_FEMALE', 'age_groups': ['AGE_25_34']}",,"{'code': 0, 'message': 'OK', 'request_id': '2025080217481808E30484A7C2BB0F771C', 'data': {'user_count': {'lower_end': 896000, 'upper_end': 1096000}, 'user_count_stage': 2}}",896000,1096000,2,2025-08-02 11:51:04.081872
101,NL,AGE_13_17,2750405,GENDER_MALE,,,,,,"{'advertiser_id': '7381489555305775105', 'objective_type': 'REACH', 'optimization_goal': 'REACH', 'placements': ['PLACEMENT_TIKTOK', 'PLACEMENT_PANGLE', 'PLACEMENT_GLOBAL_APP_BUNDLE'], 'location_ids': ['2750405'], 'gender': 'GENDER_MALE', 'age_groups': ['AGE_13_17']}",,"{'code': 0, 'message': 'OK', 'request_id': '2025080217481954562C2F552AC0135001', 'data': {'user_count': {'lower_end': 0, 'upper_end': 1000}, 'user_count_stage': 1}}",0,1000,1,2025-08-02 11:51:04.081872
102,NL,AGE_18_24,2750405,GENDER_MALE,,,,,,"{'advertiser_id': '7381489555305775105', 'objective_type': 'REACH', 'optimization_goal': 'REACH', 'placements': ['PLACEMENT_TIKTOK', 'PLACEMENT_PANGLE', 'PLACEMENT_GLOBAL_APP_BUNDLE'], 'location_ids': ['2750405'], 'gender': 'GENDER_MALE', 'age_groups': ['AGE_18_24']}",,"{'code': 0, 'message': 'OK', 'request_id': '20250802174819BCC5A8877151EB15CB2A', 'data': {'user_count': {'lower_end': 599000, 'upper_end': 733000}, 'user_count_stage': 2}}",599000,733000,2,2025-08-02 11:51:04.081872
103,NL,AGE_25_34,2750405,GENDER_MALE,,,,,,"{'advertiser_id': '7381489555305775105', 'objective_type': 'REACH', 'optimization_goal': 'REACH', 'placements': ['PLACEMENT_TIKTOK', 'PLACEMENT_PANGLE', 'PLACEMENT_GLOBAL_APP_BUNDLE'], 'location_ids': ['2750405'], 'gender': 'GENDER_MALE', 'age_groups': ['AGE_25_34']}",,"{'code': 0, 'message': 'OK', 'request_id': '202508021748208FFEF8225217241061C7', 'data': {'user_count': {'lower_end': 625000, 'upper_end': 764000}, 'user_count_stage': 2}}",625000,764000,2,2025-08-02 11:51:04.081872
104,NL,AGE_55_100,2750405,GENDER_FEMALE,,,,,,"{'advertiser_id': '7381489555305775105', 'objective_type': 'REACH', 'optimization_goal': 'REACH', 'placements': ['PLACEMENT_TIKTOK', 'PLACEMENT_PANGLE', 'PLACEMENT_GLOBAL_APP_BUNDLE'], 'location_ids': ['2750405'], 'gender': 'GENDER_FEMALE', 'age_groups': ['AGE_55_100']}",,"{'code': 0, 'message': 'OK', 'request_id': '20250802174820B96957636A7BB911F958', 'data': {'user_count': {'lower_end': 286000, 'upper_end': 351000}, 'user_count_stage': 2}}",286000,351000,2,2025-08-02 11:51:04.081872
105,NL,AGE_35_44,2750405,GENDER_MALE,,,,,,"{'advertiser_id': '7381489555305775105', 'objective_type': 'REACH', 'optimization_goal': 'REACH', 'placements': ['PLACEMENT_TIKTOK', 'PLACEMENT_PANGLE', 'PLACEMENT_GLOBAL_APP_BUNDLE'], 'location_ids': ['2750405'], 'gender': 'GENDER_MALE', 'age_groups': ['AGE_35_44']}",,"{'code': 0, 'message': 'OK', 'request_id': '2025080217482030D14C0D0266DA2FA584', 'data': {'user_count': {'lower_end': 389000, 'upper_end': 476000}, 'user_count_stage': 2}}",389000,476000,2,2025-08-02 11:51:04.081872
106,NL,AGE_45_54,2750405,GENDER_MALE,,,,,,"{'advertiser_id': '7381489555305775105', 'objective_type': 'REACH', 'optimization_goal': 'REACH', 'placements': ['PLACEMENT_TIKTOK', 'PLACEMENT_PANGLE', 'PLACEMENT_GLOBAL_APP_BUNDLE'], 'location_ids': ['2750405'], 'gender': 'GENDER_MALE', 'age_groups': ['AGE_45_54']}",,"{'code': 0, 'message': 'OK', 'request_id': '20250802174821CDD6D19E6B9DC31352B7', 'data': {'user_count': {'lower_end': 246000, 'upper_end': 302000}, 'user_count_stage': 2}}",246000,302000,2,2025-08-02 11:51:04.081872
107,DE,AGE_13_17,2921044,GENDER_FEMALE,,,,,,"{'advertiser_id': '7381489555305775105', 'objective_type': 'REACH', 'optimization_goal': 'REACH', 'placements': ['PLACEMENT_TIKTOK', 'PLACEMENT_PANGLE', 'PLACEMENT_GLOBAL_APP_BUNDLE'], 'location_ids': ['2921044'], 'gender': 'GENDER_FEMALE', 'age_groups': ['AGE_13_17']}",,"{'code': 0, 'message': 'OK', 'request_id': '202508021748219F3A076B5731B919F704', 'data': {'user_count': {'lower_end': 0, 'upper_end': 1000}, 'user_count_stage': 1}}",0,1000,1,2025-08-02 11:51:04.081872
108,NL,AGE_55_100,2750405,GENDER_MALE,,,,,,"{'advertiser_id': '7381489555305775105', 'objective_type': 'REACH', 'optimization_goal': 'REACH', 'placements': ['PLACEMENT_TIKTOK', 'PLACEMENT_PANGLE', 'PLACEMENT_GLOBAL_APP_BUNDLE'], 'location_ids': ['2750405'], 'gender': 'GENDER_MALE', 'age_groups': ['AGE_55_100']}",,"{'code': 0, 'message': 'OK', 'request_id': '202508021748214640D3D37555A30FA50C', 'data': {'user_count': {'lower_end': 197000, 'upper_end': 242000}, 'user_count_stage': 2}}",197000,242000,2,2025-08-02 11:51:04.081872
109,DE,AGE_18_24,2921044,GENDER_FEMALE,,,,,,"{'advertiser_id': '7381489555305775105', 'objective_type': 'REACH', 'optimization_goal': 'REACH', 'placements': ['PLACEMENT_TIKTOK', 'PLACEMENT_PANGLE', 'PLACEMENT_GLOBAL_APP_BUNDLE'], 'location_ids': ['2921044'], 'gender': 'GENDER_FEMALE', 'age_groups': ['AGE_18_24']}",,"{'code': 0, 'message': 'OK', 'request_id': '202508021748216CEA72F4C4C49215E3C8', 'data': {'user_count': {'lower_end': 2780000, 'upper_end': 3399000}, 'user_count_stage': 2}}",2780000,3399000,2,2025-08-02 11:51:04.081872
110,DE,AGE_35_44,2921044,GENDER_FEMALE,,,,,,"{'advertiser_id': '7381489555305775105', 'objective_type': 'REACH', 'optimization_goal': 'REACH', 'placements': ['PLACEMENT_TIKTOK', 'PLACEMENT_PANGLE', 'PLACEMENT_GLOBAL_APP_BUNDLE'], 'location_ids': ['2921044'], 'gender': 'GENDER_FEMALE', 'age_groups': ['AGE_35_44']}",,"{'code': 0, 'message': 'OK', 'request_id': '20250802174822E493258D2EF772171DE4', 'data': {'user_count': {'lower_end': 2200000, 'upper_end': 2690000}, 'user_count_stage': 2}}",2200000,2690000,2,2025-08-02 11:51:04.081872
111,DE,AGE_25_34,2921044,GENDER_FEMALE,,,,,,"{'advertiser_id': '7381489555305775105', 'objective_type': 'REACH', 'optimization_goal': 'REACH', 'placements': ['PLACEMENT_TIKTOK', 'PLACEMENT_PANGLE', 'PLACEMENT_GLOBAL_APP_BUNDLE'], 'location_ids': ['2921044'], 'gender': 'GENDER_FEMALE', 'age_groups': ['AGE_25_34']}",,"{'code': 0, 'message': 'OK', 'request_id': '202508021748228EBFDE5E2ABDA70FD84C', 'data': {'user_count': {'lower_end': 3399000, 'upper_end': 4156000}, 'user_count_stage': 2}}",3399000,4156000,2,2025-08-02 11:51:04.081872
112,DE,AGE_45_54,2921044,GENDER_FEMALE,,,,,,"{'advertiser_id': '7381489555305775105', 'objective_type': 'REACH', 'optimization_goal': 'REACH', 'placements': ['PLACEMENT_TIKTOK', 'PLACEMENT_PANGLE', 'PLACEMENT_GLOBAL_APP_BUNDLE'], 'location_ids': ['2921044'], 'gender': 'GENDER_FEMALE', 'age_groups': ['AGE_45_54']}",,"{'code': 0, 'message': 'OK', 'request_id': '20250802174822AC0835C0935351147F3D', 'data': {'user_count': {'lower_end': 1512000, 'upper_end': 1849000}, 'user_count_stage': 2}}",1512000,1849000,2,2025-08-02 11:51:04.081872
113,DE,AGE_13_17,2921044,GENDER_MALE,,,,,,"{'advertiser_id': '7381489555305775105', 'objective_type': 'REACH', 'optimization_goal': 'REACH', 'placements': ['PLACEMENT_TIKTOK', 'PLACEMENT_PANGLE', 'PLACEMENT_GLOBAL_APP_BUNDLE'], 'location_ids': ['2921044'], 'gender': 'GENDER_MALE', 'age_groups': ['AGE_13_17']}",,"{'code': 0, 'message': 'OK', 'request_id': '20250802174823CB8546FBA3C3E617A568', 'data': {'user_count': {'lower_end': 0, 'upper_end': 1000}, 'user_count_stage': 1}}",0,1000,1,2025-08-02 11:51:04.081872
114,DE,AGE_18_24,2921044,GENDER_MALE,,,,,,"{'advertiser_id': '7381489555305775105', 'objective_type': 'REACH', 'optimization_goal': 'REACH', 'placements': ['PLACEMENT_TIKTOK', 'PLACEMENT_PANGLE', 'PLACEMENT_GLOBAL_APP_BUNDLE'], 'location_ids': ['2921044'], 'gender': 'GENDER_MALE', 'age_groups': ['AGE_18_24']}",,"{'code': 0, 'message': 'OK', 'request_id': '20250802174823BA13D8714B35AA156D4F', 'data': {'user_count': {'lower_end': 2508000, 'upper_end': 3066000}, 'user_count_stage': 2}}",2508000,3066000,2,2025-08-02 11:51:04.081872
115,DE,AGE_25_34,2921044,GENDER_MALE,,,,,,"{'advertiser_id': '7381489555305775105', 'objective_type': 'REACH', 'optimization_goal': 'REACH', 'placements': ['PLACEMENT_TIKTOK', 'PLACEMENT_PANGLE', 'PLACEMENT_GLOBAL_APP_BUNDLE'], 'location_ids': ['2921044'], 'gender': 'GENDER_MALE', 'age_groups': ['AGE_25_34']}",,"{'code': 0, 'message': 'OK', 'request_id': '202508021748240C42D8DA70BBFD515471', 'data': {'user_count': {'lower_end': 2926000, 'upper_end': 3578000}, 'user_count_stage': 2}}",2926000,3578000,2,2025-08-02 11:51:04.081872
116,DE,AGE_35_44,2921044,GENDER_MALE,,,,,,"{'advertiser_id': '7381489555305775105', 'objective_type': 'REACH', 'optimization_goal': 'REACH', 'placements': ['PLACEMENT_TIKTOK', 'PLACEMENT_PANGLE', 'PLACEMENT_GLOBAL_APP_BUNDLE'], 'location_ids': ['2921044'], 'gender': 'GENDER_MALE', 'age_groups': ['AGE_35_44']}",,"{'code': 0, 'message': 'OK', 'request_id': '20250802174825CA97178E44AE8E0EEB7B', 'data': {'user_count': {'lower_end': 1860000, 'upper_end': 2275000}, 'user_count_stage': 2}}",1860000,2275000,2,2025-08-02 11:51:04.081872
117,DE,AGE_55_100,2921044,GENDER_FEMALE,,,,,,"{'advertiser_id': '7381489555305775105', 'objective_type': 'REACH', 'optimization_goal': 'REACH', 'placements': ['PLACEMENT_TIKTOK', 'PLACEMENT_PANGLE', 'PLACEMENT_GLOBAL_APP_BUNDLE'], 'location_ids': ['2921044'], 'gender': 'GENDER_FEMALE', 'age_groups': ['AGE_55_100']}",,"{'code': 0, 'message': 'OK', 'request_id': '20250802174823BE6DE20933D8350C956A', 'data': {'user_count': {'lower_end': 1219000, 'upper_end': 1491000}, 'user_count_stage': 2}}",1219000,1491000,2,2025-08-02 11:51:04.081872
118,DE,AGE_45_54,2921044,GENDER_MALE,,,,,,"{'advertiser_id': '7381489555305775105', 'objective_type': 'REACH', 'optimization_goal': 'REACH', 'placements': ['PLACEMENT_TIKTOK', 'PLACEMENT_PANGLE', 'PLACEMENT_GLOBAL_APP_BUNDLE'], 'location_ids': ['2921044'], 'gender': 'GENDER_MALE', 'age_groups': ['AGE_45_54']}",,"{'code': 0, 'message': 'OK', 'request_id': '20250802174825384AC16134022D2DCE9C', 'data': {'user_count': {'lower_end': 1228000, 'upper_end': 1502000}, 'user_count_stage': 2}}",1228000,1502000,2,2025-08-02 11:51:04.081872
119,DE,AGE_55_100,2921044,GENDER_MALE,,,,,,"{'advertiser_id': '7381489555305775105', 'objective_type': 'REACH', 'optimization_goal': 'REACH', 'placements': ['PLACEMENT_TIKTOK', 'PLACEMENT_PANGLE', 'PLACEMENT_GLOBAL_APP_BUNDLE'], 'location_ids': ['2921044'], 'gender': 'GENDER_MALE', 'age_groups': ['AGE_55_100']}",,"{'code': 0, 'message': 'OK', 'request_id': '202508021748252537040C57DA640D45A9', 'data': {'user_count': {'lower_end': 929000, 'upper_end': 1136000}, 'user_count_stage': 2}}",929000,1136000,2,2025-08-02 11:51:04.081872
120,FR,AGE_18_24,3017382,GENDER_FEMALE,,,,,,"{'advertiser_id': '7381489555305775105', 'objective_type': 'REACH', 'optimization_goal': 'REACH', 'placements': ['PLACEMENT_TIKTOK', 'PLACEMENT_PANGLE', 'PLACEMENT_GLOBAL_APP_BUNDLE'], 'location_ids': ['3017382'], 'gender': 'GENDER_FEMALE', 'age_groups': ['AGE_18_24']}",,"{'code': 0, 'message': 'OK', 'request_id': '20250802174826ACF350FBF2BC451811CC', 'data': {'user_count': {'lower_end': 2743000, 'upper_end': 3354000}, 'user_count_stage': 2}}",2743000,3354000,2,2025-08-02 11:51:04.081872
121,FR,AGE_13_17,3017382,GENDER_FEMALE,,,,,,"{'advertiser_id': '7381489555305775105', 'objective_type': 'REACH', 'optimization_goal': 'REACH', 'placements': ['PLACEMENT_TIKTOK', 'PLACEMENT_PANGLE', 'PLACEMENT_GLOBAL_APP_BUNDLE'], 'location_ids': ['3017382'], 'gender': 'GENDER_FEMALE', 'age_groups': ['AGE_13_17']}",,"{'code': 0, 'message': 'OK', 'request_id': '202508021748262FFB4A838719AE1047B5', 'data': {'user_count': {'lower_end': 0, 'upper_end': 1000}, 'user_count_stage': 1}}",0,1000,1,2025-08-02 11:51:04.081872
122,FR,AGE_35_44,3017382,GENDER_FEMALE,,,,,,"{'advertiser_id': '7381489555305775105', 'objective_type': 'REACH', 'optimization_goal': 'REACH', 'placements': ['PLACEMENT_TIKTOK', 'PLACEMENT_PANGLE', 'PLACEMENT_GLOBAL_APP_BUNDLE'], 'location_ids': ['3017382'], 'gender': 'GENDER_FEMALE', 'age_groups': ['AGE_35_44']}",,"{'code': 0, 'message': 'OK', 'request_id': '202508021748263FB0F386727EE610AEE3', 'data': {'user_count': {'lower_end': 2446000, 'upper_end': 2991000}, 'user_count_stage': 2}}",2446000,2991000,2,2025-08-02 11:51:04.081872
123,FR,AGE_45_54,3017382,GENDER_FEMALE,,,,,,"{'advertiser_id': '7381489555305775105', 'objective_type': 'REACH', 'optimization_goal': 'REACH', 'placements': ['PLACEMENT_TIKTOK', 'PLACEMENT_PANGLE', 'PLACEMENT_GLOBAL_APP_BUNDLE'], 'location_ids': ['3017382'], 'gender': 'GENDER_FEMALE', 'age_groups': ['AGE_45_54']}",,"{'code': 0, 'message': 'OK', 'request_id': '202508021748261E30EAC93CA54332AEA6', 'data': {'user_count': {'lower_end': 1667000, 'upper_end': 2039000}, 'user_count_stage': 2}}",1667000,2039000,2,2025-08-02 11:51:04.081872
124,FR,AGE_25_34,3017382,GENDER_FEMALE,,,,,,"{'advertiser_id': '7381489555305775105', 'objective_type': 'REACH', 'optimization_goal': 'REACH', 'placements': ['PLACEMENT_TIKTOK', 'PLACEMENT_PANGLE', 'PLACEMENT_GLOBAL_APP_BUNDLE'], 'location_ids': ['3017382'], 'gender': 'GENDER_FEMALE', 'age_groups': ['AGE_25_34']}",,"{'code': 0, 'message': 'OK', 'request_id': '2025080217482648AD28D5C656CC12142B', 'data': {'user_count': {'lower_end': 3139000, 'upper_end': 3838000}, 'user_count_stage': 2}}",3139000,3838000,2,2025-08-02 11:51:04.081872
125,FR,AGE_55_100,3017382,GENDER_FEMALE,,,,,,"{'advertiser_id': '7381489555305775105', 'objective_type': 'REACH', 'optimization_goal': 'REACH', 'placements': ['PLACEMENT_TIKTOK', 'PLACEMENT_PANGLE', 'PLACEMENT_GLOBAL_APP_BUNDLE'], 'location_ids': ['3017382'], 'gender': 'GENDER_FEMALE', 'age_groups': ['AGE_55_100']}",,"{'code': 0, 'message': 'OK', 'request_id': '20250802174827FE0261F55E81C8155D25', 'data': {'user_count': {'lower_end': 1162000, 'upper_end': 1422000}, 'user_count_stage': 2}}",1162000,1422000,2,2025-08-02 11:51:04.081872
126,FR,AGE_13_17,3017382,GENDER_MALE,,,,,,"{'advertiser_id': '7381489555305775105', 'objective_type': 'REACH', 'optimization_goal': 'REACH', 'placements': ['PLACEMENT_TIKTOK', 'PLACEMENT_PANGLE', 'PLACEMENT_GLOBAL_APP_BUNDLE'], 'location_ids': ['3017382'], 'gender': 'GENDER_MALE', 'age_groups': ['AGE_13_17']}",,"{'code': 0, 'message': 'OK', 'request_id': '202508021748275003913433BB840EF4AA', 'data': {'user_count': {'lower_end': 0, 'upper_end': 1000}, 'user_count_stage': 1}}",0,1000,1,2025-08-02 11:51:04.081872
127,FR,AGE_18_24,3017382,GENDER_MALE,,,,,,"{'advertiser_id': '7381489555305775105', 'objective_type': 'REACH', 'optimization_goal': 'REACH', 'placements': ['PLACEMENT_TIKTOK', 'PLACEMENT_PANGLE', 'PLACEMENT_GLOBAL_APP_BUNDLE'], 'location_ids': ['3017382'], 'gender': 'GENDER_MALE', 'age_groups': ['AGE_18_24']}",,"{'code': 0, 'message': 'OK', 'request_id': '20250802174827A9C4EA8A6773143025FC', 'data': {'user_count': {'lower_end': 2466000, 'upper_end': 3015000}, 'user_count_stage': 2}}",2466000,3015000,2,2025-08-02 11:51:04.081872
128,FR,AGE_35_44,3017382,GENDER_MALE,,,,,,"{'advertiser_id': '7381489555305775105', 'objective_type': 'REACH', 'optimization_goal': 'REACH', 'placements': ['PLACEMENT_TIKTOK', 'PLACEMENT_PANGLE', 'PLACEMENT_GLOBAL_APP_BUNDLE'], 'location_ids': ['3017382'], 'gender': 'GENDER_MALE', 'age_groups': ['AGE_35_44']}",,"{'code': 0, 'message': 'OK', 'request_id': '202508021748283406DB360708FD148B18', 'data': {'user_count': {'lower_end': 1867000, 'upper_end': 2283000}, 'user_count_stage': 2}}",1867000,2283000,2,2025-08-02 11:51:04.081872
129,FR,AGE_25_34,3017382,GENDER_MALE,,,,,,"{'advertiser_id': '7381489555305775105', 'objective_type': 'REACH', 'optimization_goal': 'REACH', 'placements': ['PLACEMENT_TIKTOK', 'PLACEMENT_PANGLE', 'PLACEMENT_GLOBAL_APP_BUNDLE'], 'location_ids': ['3017382'], 'gender': 'GENDER_MALE', 'age_groups': ['AGE_25_34']}",,"{'code': 0, 'message': 'OK', 'request_id': '20250802174828337CD3BCDDBFAE5692C2', 'data': {'user_count': {'lower_end': 2880000, 'upper_end': 3521000}, 'user_count_stage': 2}}",2880000,3521000,2,2025-08-02 11:51:04.081872
130,FR,AGE_45_54,3017382,GENDER_MALE,,,,,,"{'advertiser_id': '7381489555305775105', 'objective_type': 'REACH', 'optimization_goal': 'REACH', 'placements': ['PLACEMENT_TIKTOK', 'PLACEMENT_PANGLE', 'PLACEMENT_GLOBAL_APP_BUNDLE'], 'location_ids': ['3017382'], 'gender': 'GENDER_MALE', 'age_groups': ['AGE_45_54']}",,"{'code': 0, 'message': 'OK', 'request_id': '20250802174828B07F6D796C3FD40E28E8', 'data': {'user_count': {'lower_end': 1220000, 'upper_end': 1492000}, 'user_count_stage': 2}}",1220000,1492000,2,2025-08-02 11:51:04.081872
131,LK,AGE_13_17,1227603,GENDER_FEMALE,,,,,,"{'advertiser_id': '7381489555305775105', 'objective_type': 'REACH', 'optimization_goal': 'REACH', 'placements': ['PLACEMENT_TIKTOK', 'PLACEMENT_PANGLE', 'PLACEMENT_GLOBAL_APP_BUNDLE'], 'location_ids': ['1227603'], 'gender': 'GENDER_FEMALE', 'age_groups': ['AGE_13_17']}",,"{'code': 0, 'message': 'OK', 'request_id': '20250802174829FB718792C4C09117982C', 'data': {'user_count': {'lower_end': 0, 'upper_end': 1000}, 'user_count_stage': 1}}",0,1000,1,2025-08-02 11:51:04.081872
132,FR,AGE_55_100,3017382,GENDER_MALE,,,,,,"{'advertiser_id': '7381489555305775105', 'objective_type': 'REACH', 'optimization_goal': 'REACH', 'placements': ['PLACEMENT_TIKTOK', 'PLACEMENT_PANGLE', 'PLACEMENT_GLOBAL_APP_BUNDLE'], 'location_ids': ['3017382'], 'gender': 'GENDER_MALE', 'age_groups': ['AGE_55_100']}",,"{'code': 0, 'message': 'OK', 'request_id': '202508021748295475CAD8C1316F14B7B6', 'data': {'user_count': {'lower_end': 801000, 'upper_end': 980000}, 'user_count_stage': 2}}",801000,980000,2,2025-08-02 11:51:04.081872
133,LK,AGE_18_24,1227603,GENDER_FEMALE,,,,,,"{'advertiser_id': '7381489555305775105', 'objective_type': 'REACH', 'optimization_goal': 'REACH', 'placements': ['PLACEMENT_TIKTOK', 'PLACEMENT_PANGLE', 'PLACEMENT_GLOBAL_APP_BUNDLE'], 'location_ids': ['1227603'], 'gender': 'GENDER_FEMALE', 'age_groups': ['AGE_18_24']}",,"{'code': 0, 'message': 'OK', 'request_id': '202508021748292D6861295BEA031741AF', 'data': {'user_count': {'lower_end': 823000, 'upper_end': 1007000}, 'user_count_stage': 2}}",823000,1007000,2,2025-08-02 11:51:04.081872
134,LK,AGE_35_44,1227603,GENDER_FEMALE,,,,,,"{'advertiser_id': '7381489555305775105', 'objective_type': 'REACH', 'optimization_goal': 'REACH', 'placements': ['PLACEMENT_TIKTOK', 'PLACEMENT_PANGLE', 'PLACEMENT_GLOBAL_APP_BUNDLE'], 'location_ids': ['1227603'], 'gender': 'GENDER_FEMALE', 'age_groups': ['AGE_35_44']}",,"{'code': 0, 'message': 'OK', 'request_id': '202508021748305F3ABBEB7454CF13BC1B', 'data': {'user_count': {'lower_end': 242000, 'upper_end': 297000}, 'user_count_stage': 2}}",242000,297000,2,2025-08-02 11:51:04.081872
135,LK,AGE_45_54,1227603,GENDER_FEMALE,,,,,,"{'advertiser_id': '7381489555305775105', 'objective_type': 'REACH', 'optimization_goal': 'REACH', 'placements': ['PLACEMENT_TIKTOK', 'PLACEMENT_PANGLE', 'PLACEMENT_GLOBAL_APP_BUNDLE'], 'location_ids': ['1227603'], 'gender': 'GENDER_FEMALE', 'age_groups': ['AGE_45_54']}",,"{'code': 0, 'message': 'OK', 'request_id': '2025080217483041D3DBC142891A14AA86', 'data': {'user_count': {'lower_end': 108000, 'upper_end': 133000}, 'user_count_stage': 2}}",108000,133000,2,2025-08-02 11:51:04.081872
136,LK,AGE_13_17,1227603,GENDER_MALE,,,,,,"{'advertiser_id': '7381489555305775105', 'objective_type': 'REACH', 'optimization_goal': 'REACH', 'placements': ['PLACEMENT_TIKTOK', 'PLACEMENT_PANGLE', 'PLACEMENT_GLOBAL_APP_BUNDLE'], 'location_ids': ['1227603'], 'gender': 'GENDER_MALE', 'age_groups': ['AGE_13_17']}",,"{'code': 0, 'message': 'OK', 'request_id': '202508021748303406DB360708FD148B9A', 'data': {'user_count': {'lower_end': 0, 'upper_end': 1000}, 'user_count_stage': 1}}",0,1000,1,2025-08-02 11:51:04.081872
137,LK,AGE_55_100,1227603,GENDER_FEMALE,,,,,,"{'advertiser_id': '7381489555305775105', 'objective_type': 'REACH', 'optimization_goal': 'REACH', 'placements': ['PLACEMENT_TIKTOK', 'PLACEMENT_PANGLE', 'PLACEMENT_GLOBAL_APP_BUNDLE'], 'location_ids': ['1227603'], 'gender': 'GENDER_FEMALE', 'age_groups': ['AGE_55_100']}",,"{'code': 0, 'message': 'OK', 'request_id': '2025080217483044E3A70AC82F73149BB0', 'data': {'user_count': {'lower_end': 74000, 'upper_end': 91000}, 'user_count_stage': 2}}",74000,91000,2,2025-08-02 11:51:04.081872
138,LK,AGE_25_34,1227603,GENDER_FEMALE,,,,,,"{'advertiser_id': '7381489555305775105', 'objective_type': 'REACH', 'optimization_goal': 'REACH', 'placements': ['PLACEMENT_TIKTOK', 'PLACEMENT_PANGLE', 'PLACEMENT_GLOBAL_APP_BUNDLE'], 'location_ids': ['1227603'], 'gender': 'GENDER_FEMALE', 'age_groups': ['AGE_25_34']}",,"{'code': 0, 'message': 'OK', 'request_id': '2025080217482986386FC52EAEA214963E', 'data': {'user_count': {'lower_end': 1010000, 'upper_end': 1236000}, 'user_count_stage': 2}}",1010000,1236000,2,2025-08-02 11:51:04.081872
139,LK,AGE_25_34,1227603,GENDER_MALE,,,,,,"{'advertiser_id': '7381489555305775105', 'objective_type': 'REACH', 'optimization_goal': 'REACH', 'placements': ['PLACEMENT_TIKTOK', 'PLACEMENT_PANGLE', 'PLACEMENT_GLOBAL_APP_BUNDLE'], 'location_ids': ['1227603'], 'gender': 'GENDER_MALE', 'age_groups': ['AGE_25_34']}",,"{'code': 0, 'message': 'OK', 'request_id': '202508021748317D25F06EC4AD14178825', 'data': {'user_count': {'lower_end': 1746000, 'upper_end': 2135000}, 'user_count_stage': 3}}",1746000,2135000,3,2025-08-02 11:51:04.081872
140,LK,AGE_18_24,1227603,GENDER_MALE,,,,,,"{'advertiser_id': '7381489555305775105', 'objective_type': 'REACH', 'optimization_goal': 'REACH', 'placements': ['PLACEMENT_TIKTOK', 'PLACEMENT_PANGLE', 'PLACEMENT_GLOBAL_APP_BUNDLE'], 'location_ids': ['1227603'], 'gender': 'GENDER_MALE', 'age_groups': ['AGE_18_24']}",,"{'code': 0, 'message': 'OK', 'request_id': '20250802174831337CD3BCDDBFAE56935E', 'data': {'user_count': {'lower_end': 1236000, 'upper_end': 1512000}, 'user_count_stage': 3}}",1236000,1512000,3,2025-08-02 11:51:04.081872
141,LK,AGE_55_100,1227603,GENDER_MALE,,,,,,"{'advertiser_id': '7381489555305775105', 'objective_type': 'REACH', 'optimization_goal': 'REACH', 'placements': ['PLACEMENT_TIKTOK', 'PLACEMENT_PANGLE', 'PLACEMENT_GLOBAL_APP_BUNDLE'], 'location_ids': ['1227603'], 'gender': 'GENDER_MALE', 'age_groups': ['AGE_55_100']}",,"{'code': 0, 'message': 'OK', 'request_id': '202508021748322CB5357EA2F8CD0ED77B', 'data': {'user_count': {'lower_end': 99000, 'upper_end': 122000}, 'user_count_stage': 2}}",99000,122000,2,2025-08-02 11:51:04.081872
142,LK,AGE_45_54,1227603,GENDER_MALE,,,,,,"{'advertiser_id': '7381489555305775105', 'objective_type': 'REACH', 'optimization_goal': 'REACH', 'placements': ['PLACEMENT_TIKTOK', 'PLACEMENT_PANGLE', 'PLACEMENT_GLOBAL_APP_BUNDLE'], 'location_ids': ['1227603'], 'gender': 'GENDER_MALE', 'age_groups': ['AGE_45_54']}",,"{'code': 0, 'message': 'OK', 'request_id': '20250802174832721DAB18902CD51567AE', 'data': {'user_count': {'lower_end': 174000, 'upper_end': 214000}, 'user_count_stage': 2}}",174000,214000,2,2025-08-02 11:51:04.081872
143,CZ,AGE_13_17,3077311,GENDER_FEMALE,,,,,,"{'advertiser_id': '7381489555305775105', 'objective_type': 'REACH', 'optimization_goal': 'REACH', 'placements': ['PLACEMENT_TIKTOK', 'PLACEMENT_PANGLE', 'PLACEMENT_GLOBAL_APP_BUNDLE'], 'location_ids': ['3077311'], 'gender': 'GENDER_FEMALE', 'age_groups': ['AGE_13_17']}",,"{'code': 0, 'message': 'OK', 'request_id': '20250802174832721DAB18902CD51567E6', 'data': {'user_count': {'lower_end': 0, 'upper_end': 1000}, 'user_count_stage': 1}}",0,1000,1,2025-08-02 11:51:04.081872
144,CZ,AGE_18_24,3077311,GENDER_FEMALE,,,,,,"{'advertiser_id': '7381489555305775105', 'objective_type': 'REACH', 'optimization_goal': 'REACH', 'placements': ['PLACEMENT_TIKTOK', 'PLACEMENT_PANGLE', 'PLACEMENT_GLOBAL_APP_BUNDLE'], 'location_ids': ['3077311'], 'gender': 'GENDER_FEMALE', 'age_groups': ['AGE_18_24']}",,"{'code': 0, 'message': 'OK', 'request_id': '20250802174832C61E84A988C5850FAD7C', 'data': {'user_count': {'lower_end': 392000, 'upper_end': 480000}, 'user_count_stage': 3}}",392000,480000,3,2025-08-02 11:51:04.081872
145,CZ,AGE_25_34,3077311,GENDER_FEMALE,,,,,,"{'advertiser_id': '7381489555305775105', 'objective_type': 'REACH', 'optimization_goal': 'REACH', 'placements': ['PLACEMENT_TIKTOK', 'PLACEMENT_PANGLE', 'PLACEMENT_GLOBAL_APP_BUNDLE'], 'location_ids': ['3077311'], 'gender': 'GENDER_FEMALE', 'age_groups': ['AGE_25_34']}",,"{'code': 0, 'message': 'OK', 'request_id': '2025080217483364933BE6F726A2160514', 'data': {'user_count': {'lower_end': 334000, 'upper_end': 410000}, 'user_count_stage': 2}}",334000,410000,2,2025-08-02 11:51:04.081872
146,CZ,AGE_35_44,3077311,GENDER_FEMALE,,,,,,"{'advertiser_id': '7381489555305775105', 'objective_type': 'REACH', 'optimization_goal': 'REACH', 'placements': ['PLACEMENT_TIKTOK', 'PLACEMENT_PANGLE', 'PLACEMENT_GLOBAL_APP_BUNDLE'], 'location_ids': ['3077311'], 'gender': 'GENDER_FEMALE', 'age_groups': ['AGE_35_44']}",,"{'code': 0, 'message': 'OK', 'request_id': '202508021748336AF1245CB93ECB16127C', 'data': {'user_count': {'lower_end': 149000, 'upper_end': 183000}, 'user_count_stage': 2}}",149000,183000,2,2025-08-02 11:51:04.081872
147,LK,AGE_35_44,1227603,GENDER_MALE,,,,,,"{'advertiser_id': '7381489555305775105', 'objective_type': 'REACH', 'optimization_goal': 'REACH', 'placements': ['PLACEMENT_TIKTOK', 'PLACEMENT_PANGLE', 'PLACEMENT_GLOBAL_APP_BUNDLE'], 'location_ids': ['1227603'], 'gender': 'GENDER_MALE', 'age_groups': ['AGE_35_44']}",,"{'code': 0, 'message': 'OK', 'request_id': '20250802174831BC28BB06AF1DC912677F', 'data': {'user_count': {'lower_end': 473000, 'upper_end': 579000}, 'user_count_stage': 2}}",473000,579000,2,2025-08-02 11:51:04.081872
148,CZ,AGE_45_54,3077311,GENDER_FEMALE,,,,,,"{'advertiser_id': '7381489555305775105', 'objective_type': 'REACH', 'optimization_goal': 'REACH', 'placements': ['PLACEMENT_TIKTOK', 'PLACEMENT_PANGLE', 'PLACEMENT_GLOBAL_APP_BUNDLE'], 'location_ids': ['3077311'], 'gender': 'GENDER_FEMALE', 'age_groups': ['AGE_45_54']}",,"{'code': 0, 'message': 'OK', 'request_id': '20250802174834F25E70BAB2AA56199BBF', 'data': {'user_count': {'lower_end': 118000, 'upper_end': 146000}, 'user_count_stage': 2}}",118000,146000,2,2025-08-02 11:51:04.081872
149,CZ,AGE_55_100,3077311,GENDER_FEMALE,,,,,,"{'advertiser_id': '7381489555305775105', 'objective_type': 'REACH', 'optimization_goal': 'REACH', 'placements': ['PLACEMENT_TIKTOK', 'PLACEMENT_PANGLE', 'PLACEMENT_GLOBAL_APP_BUNDLE'], 'location_ids': ['3077311'], 'gender': 'GENDER_FEMALE', 'age_groups': ['AGE_55_100']}",,"{'code': 0, 'message': 'OK', 'request_id': '20250802174834461DBB5EEFDB7E131CCD', 'data': {'user_count': {'lower_end': 71000, 'upper_end': 88000}, 'user_count_stage': 2}}",71000,88000,2,2025-08-02 11:51:04.081872
150,CZ,AGE_18_24,3077311,GENDER_MALE,,,,,,"{'advertiser_id': '7381489555305775105', 'objective_type': 'REACH', 'optimization_goal': 'REACH', 'placements': ['PLACEMENT_TIKTOK', 'PLACEMENT_PANGLE', 'PLACEMENT_GLOBAL_APP_BUNDLE'], 'location_ids': ['3077311'], 'gender': 'GENDER_MALE', 'age_groups': ['AGE_18_24']}",,"{'code': 0, 'message': 'OK', 'request_id': '20250802174835FAFC7DE193B8301C516F', 'data': {'user_count': {'lower_end': 267000, 'upper_end': 327000}, 'user_count_stage': 2}}",267000,327000,2,2025-08-02 11:51:04.081872
151,CZ,AGE_25_34,3077311,GENDER_MALE,,,,,,"{'advertiser_id': '7381489555305775105', 'objective_type': 'REACH', 'optimization_goal': 'REACH', 'placements': ['PLACEMENT_TIKTOK', 'PLACEMENT_PANGLE', 'PLACEMENT_GLOBAL_APP_BUNDLE'], 'location_ids': ['3077311'], 'gender': 'GENDER_MALE', 'age_groups': ['AGE_25_34']}",,"{'code': 0, 'message': 'OK', 'request_id': '202508021748359AE5489F35C6C813752A', 'data': {'user_count': {'lower_end': 256000, 'upper_end': 314000}, 'user_count_stage': 2}}",256000,314000,2,2025-08-02 11:51:04.081872
152,CZ,AGE_35_44,3077311,GENDER_MALE,,,,,,"{'advertiser_id': '7381489555305775105', 'objective_type': 'REACH', 'optimization_goal': 'REACH', 'placements': ['PLACEMENT_TIKTOK', 'PLACEMENT_PANGLE', 'PLACEMENT_GLOBAL_APP_BUNDLE'], 'location_ids': ['3077311'], 'gender': 'GENDER_MALE', 'age_groups': ['AGE_35_44']}",,"{'code': 0, 'message': 'OK', 'request_id': '20250802174836F06FBAE6A964631817B1', 'data': {'user_count': {'lower_end': 114000, 'upper_end': 140000}, 'user_count_stage': 2}}",114000,140000,2,2025-08-02 11:51:04.081872
153,CZ,AGE_45_54,3077311,GENDER_MALE,,,,,,"{'advertiser_id': '7381489555305775105', 'objective_type': 'REACH', 'optimization_goal': 'REACH', 'placements': ['PLACEMENT_TIKTOK', 'PLACEMENT_PANGLE', 'PLACEMENT_GLOBAL_APP_BUNDLE'], 'location_ids': ['3077311'], 'gender': 'GENDER_MALE', 'age_groups': ['AGE_45_54']}",,"{'code': 0, 'message': 'OK', 'request_id': '202508021748365CC680C124CC1B118234', 'data': {'user_count': {'lower_end': 92000, 'upper_end': 113000}, 'user_count_stage': 2}}",92000,113000,2,2025-08-02 11:51:04.081872
154,CZ,AGE_13_17,3077311,GENDER_MALE,,,,,,"{'advertiser_id': '7381489555305775105', 'objective_type': 'REACH', 'optimization_goal': 'REACH', 'placements': ['PLACEMENT_TIKTOK', 'PLACEMENT_PANGLE', 'PLACEMENT_GLOBAL_APP_BUNDLE'], 'location_ids': ['3077311'], 'gender': 'GENDER_MALE', 'age_groups': ['AGE_13_17']}",,"{'code': 0, 'message': 'OK', 'request_id': '202508021748345F3ABBEB7454CF13BD0A', 'data': {'user_count': {'lower_end': 0, 'upper_end': 1000}, 'user_count_stage': 1}}",0,1000,1,2025-08-02 11:51:04.081872
155,CZ,AGE_55_100,3077311,GENDER_MALE,,,,,,"{'advertiser_id': '7381489555305775105', 'objective_type': 'REACH', 'optimization_goal': 'REACH', 'placements': ['PLACEMENT_TIKTOK', 'PLACEMENT_PANGLE', 'PLACEMENT_GLOBAL_APP_BUNDLE'], 'location_ids': ['3077311'], 'gender': 'GENDER_MALE', 'age_groups': ['AGE_55_100']}",,"{'code': 0, 'message': 'OK', 'request_id': '20250802174836722A46550D0676197E13', 'data': {'user_count': {'lower_end': 53000, 'upper_end': 66000}, 'user_count_stage': 2}}",53000,66000,2,2025-08-02 11:51:04.081872
156,FI,AGE_13_17,660013,GENDER_FEMALE,,,,,,"{'advertiser_id': '7381489555305775105', 'objective_type': 'REACH', 'optimization_goal': 'REACH', 'placements': ['PLACEMENT_TIKTOK', 'PLACEMENT_PANGLE', 'PLACEMENT_GLOBAL_APP_BUNDLE'], 'location_ids': ['660013'], 'gender': 'GENDER_FEMALE', 'age_groups': ['AGE_13_17']}",,"{'code': 0, 'message': 'OK', 'request_id': '20250802174836D91E5A57C8194E11E21A', 'data': {'user_count': {'lower_end': 0, 'upper_end': 1000}, 'user_count_stage': 1}}",0,1000,1,2025-08-02 11:51:04.081872
157,FI,AGE_18_24,660013,GENDER_FEMALE,,,,,,"{'advertiser_id': '7381489555305775105', 'objective_type': 'REACH', 'optimization_goal': 'REACH', 'placements': ['PLACEMENT_TIKTOK', 'PLACEMENT_PANGLE', 'PLACEMENT_GLOBAL_APP_BUNDLE'], 'location_ids': ['660013'], 'gender': 'GENDER_FEMALE', 'age_groups': ['AGE_18_24']}",,"{'code': 0, 'message': 'OK', 'request_id': '20250802174837BE6DE20933D8350C9808', 'data': {'user_count': {'lower_end': 262000, 'upper_end': 321000}, 'user_count_stage': 2}}",262000,321000,2,2025-08-02 11:51:04.081872
158,FI,AGE_25_34,660013,GENDER_FEMALE,,,,,,"{'advertiser_id': '7381489555305775105', 'objective_type': 'REACH', 'optimization_goal': 'REACH', 'placements': ['PLACEMENT_TIKTOK', 'PLACEMENT_PANGLE', 'PLACEMENT_GLOBAL_APP_BUNDLE'], 'location_ids': ['660013'], 'gender': 'GENDER_FEMALE', 'age_groups': ['AGE_25_34']}",,"{'code': 0, 'message': 'OK', 'request_id': '202508021748371773D9F27EF63B15FFA6', 'data': {'user_count': {'lower_end': 256000, 'upper_end': 314000}, 'user_count_stage': 2}}",256000,314000,2,2025-08-02 11:51:04.081872
159,FI,AGE_35_44,660013,GENDER_FEMALE,,,,,,"{'advertiser_id': '7381489555305775105', 'objective_type': 'REACH', 'optimization_goal': 'REACH', 'placements': ['PLACEMENT_TIKTOK', 'PLACEMENT_PANGLE', 'PLACEMENT_GLOBAL_APP_BUNDLE'], 'location_ids': ['660013'], 'gender': 'GENDER_FEMALE', 'age_groups': ['AGE_35_44']}",,"{'code': 0, 'message': 'OK', 'request_id': '2025080217483789963E0D044361190864', 'data': {'user_count': {'lower_end': 125000, 'upper_end': 154000}, 'user_count_stage': 2}}",125000,154000,2,2025-08-02 11:51:04.081872
160,FI,AGE_55_100,660013,GENDER_FEMALE,,,,,,"{'advertiser_id': '7381489555305775105', 'objective_type': 'REACH', 'optimization_goal': 'REACH', 'placements': ['PLACEMENT_TIKTOK', 'PLACEMENT_PANGLE', 'PLACEMENT_GLOBAL_APP_BUNDLE'], 'location_ids': ['660013'], 'gender': 'GENDER_FEMALE', 'age_groups': ['AGE_55_100']}",,"{'code': 0, 'message': 'OK', 'request_id': '20250802174838F1DF817A2AB03A11CBAF', 'data': {'user_count': {'lower_end': 73000, 'upper_end': 90000}, 'user_count_stage': 2}}",73000,90000,2,2025-08-02 11:51:04.081872
161,FI,AGE_45_54,660013,GENDER_FEMALE,,,,,,"{'advertiser_id': '7381489555305775105', 'objective_type': 'REACH', 'optimization_goal': 'REACH', 'placements': ['PLACEMENT_TIKTOK', 'PLACEMENT_PANGLE', 'PLACEMENT_GLOBAL_APP_BUNDLE'], 'location_ids': ['660013'], 'gender': 'GENDER_FEMALE', 'age_groups': ['AGE_45_54']}",,"{'code': 0, 'message': 'OK', 'request_id': '2025080217483873744B9DD697330F6C93', 'data': {'user_count': {'lower_end': 94000, 'upper_end': 116000}, 'user_count_stage': 2}}",94000,116000,2,2025-08-02 11:51:04.081872
162,FI,AGE_13_17,660013,GENDER_MALE,,,,,,"{'advertiser_id': '7381489555305775105', 'objective_type': 'REACH', 'optimization_goal': 'REACH', 'placements': ['PLACEMENT_TIKTOK', 'PLACEMENT_PANGLE', 'PLACEMENT_GLOBAL_APP_BUNDLE'], 'location_ids': ['660013'], 'gender': 'GENDER_MALE', 'age_groups': ['AGE_13_17']}",,"{'code': 0, 'message': 'OK', 'request_id': '20250802174838180CE3E5024D6214C1ED', 'data': {'user_count': {'lower_end': 0, 'upper_end': 1000}, 'user_count_stage': 1}}",0,1000,1,2025-08-02 11:51:04.081872
163,FI,AGE_18_24,660013,GENDER_MALE,,,,,,"{'advertiser_id': '7381489555305775105', 'objective_type': 'REACH', 'optimization_goal': 'REACH', 'placements': ['PLACEMENT_TIKTOK', 'PLACEMENT_PANGLE', 'PLACEMENT_GLOBAL_APP_BUNDLE'], 'location_ids': ['660013'], 'gender': 'GENDER_MALE', 'age_groups': ['AGE_18_24']}",,"{'code': 0, 'message': 'OK', 'request_id': '20250802174839F25E70BAB2AA56199C8D', 'data': {'user_count': {'lower_end': 203000, 'upper_end': 249000}, 'user_count_stage': 2}}",203000,249000,2,2025-08-02 11:51:04.081872
164,FI,AGE_35_44,660013,GENDER_MALE,,,,,,"{'advertiser_id': '7381489555305775105', 'objective_type': 'REACH', 'optimization_goal': 'REACH', 'placements': ['PLACEMENT_TIKTOK', 'PLACEMENT_PANGLE', 'PLACEMENT_GLOBAL_APP_BUNDLE'], 'location_ids': ['660013'], 'gender': 'GENDER_MALE', 'age_groups': ['AGE_35_44']}",,"{'code': 0, 'message': 'OK', 'request_id': '20250802174839CB8745AB4138630E8A49', 'data': {'user_count': {'lower_end': 99000, 'upper_end': 122000}, 'user_count_stage': 2}}",99000,122000,2,2025-08-02 11:51:04.081872
165,FI,AGE_25_34,660013,GENDER_MALE,,,,,,"{'advertiser_id': '7381489555305775105', 'objective_type': 'REACH', 'optimization_goal': 'REACH', 'placements': ['PLACEMENT_TIKTOK', 'PLACEMENT_PANGLE', 'PLACEMENT_GLOBAL_APP_BUNDLE'], 'location_ids': ['660013'], 'gender': 'GENDER_MALE', 'age_groups': ['AGE_25_34']}",,"{'code': 0, 'message': 'OK', 'request_id': '20250802174839E460BAB01092891634D2', 'data': {'user_count': {'lower_end': 201000, 'upper_end': 247000}, 'user_count_stage': 2}}",201000,247000,2,2025-08-02 11:51:04.081872
166,AZ,AGE_13_17,587116,GENDER_FEMALE,,,,,,"{'advertiser_id': '7381489555305775105', 'objective_type': 'REACH', 'optimization_goal': 'REACH', 'placements': ['PLACEMENT_TIKTOK', 'PLACEMENT_PANGLE', 'PLACEMENT_GLOBAL_APP_BUNDLE'], 'location_ids': ['587116'], 'gender': 'GENDER_FEMALE', 'age_groups': ['AGE_13_17']}",,"{'code': 0, 'message': 'OK', 'request_id': '20250802174840721DAB18902CD51569DF', 'data': {'user_count': {'lower_end': 0, 'upper_end': 1000}, 'user_count_stage': 1}}",0,1000,1,2025-08-02 11:51:04.081872
167,FI,AGE_45_54,660013,GENDER_MALE,,,,,,"{'advertiser_id': '7381489555305775105', 'objective_type': 'REACH', 'optimization_goal': 'REACH', 'placements': ['PLACEMENT_TIKTOK', 'PLACEMENT_PANGLE', 'PLACEMENT_GLOBAL_APP_BUNDLE'], 'location_ids': ['660013'], 'gender': 'GENDER_MALE', 'age_groups': ['AGE_45_54']}",,"{'code': 0, 'message': 'OK', 'request_id': '2025080217484029D40A7E13EC4417DDFE', 'data': {'user_count': {'lower_end': 65000, 'upper_end': 81000}, 'user_count_stage': 2}}",65000,81000,2,2025-08-02 11:51:04.081872
168,FI,AGE_55_100,660013,GENDER_MALE,,,,,,"{'advertiser_id': '7381489555305775105', 'objective_type': 'REACH', 'optimization_goal': 'REACH', 'placements': ['PLACEMENT_TIKTOK', 'PLACEMENT_PANGLE', 'PLACEMENT_GLOBAL_APP_BUNDLE'], 'location_ids': ['660013'], 'gender': 'GENDER_MALE', 'age_groups': ['AGE_55_100']}",,"{'code': 0, 'message': 'OK', 'request_id': '2025080217484000B7BC4D929B730FEFC8', 'data': {'user_count': {'lower_end': 54000, 'upper_end': 67000}, 'user_count_stage': 2}}",54000,67000,2,2025-08-02 11:51:04.081872
169,AZ,AGE_35_44,587116,GENDER_FEMALE,,,,,,"{'advertiser_id': '7381489555305775105', 'objective_type': 'REACH', 'optimization_goal': 'REACH', 'placements': ['PLACEMENT_TIKTOK', 'PLACEMENT_PANGLE', 'PLACEMENT_GLOBAL_APP_BUNDLE'], 'location_ids': ['587116'], 'gender': 'GENDER_FEMALE', 'age_groups': ['AGE_35_44']}",,"{'code': 0, 'message': 'OK', 'request_id': '202508021748404026A08F71AF9D1222E3', 'data': {'user_count': {'lower_end': 501000, 'upper_end': 614000}, 'user_count_stage': 2}}",501000,614000,2,2025-08-02 11:51:04.081872
170,AZ,AGE_25_34,587116,GENDER_FEMALE,,,,,,"{'advertiser_id': '7381489555305775105', 'objective_type': 'REACH', 'optimization_goal': 'REACH', 'placements': ['PLACEMENT_TIKTOK', 'PLACEMENT_PANGLE', 'PLACEMENT_GLOBAL_APP_BUNDLE'], 'location_ids': ['587116'], 'gender': 'GENDER_FEMALE', 'age_groups': ['AGE_25_34']}",,"{'code': 0, 'message': 'OK', 'request_id': '202508021748408EBFDE5E2ABDA70FDB62', 'data': {'user_count': {'lower_end': 1203000, 'upper_end': 1471000}, 'user_count_stage': 2}}",1203000,1471000,2,2025-08-02 11:51:04.081872
171,AZ,AGE_55_100,587116,GENDER_FEMALE,,,,,,"{'advertiser_id': '7381489555305775105', 'objective_type': 'REACH', 'optimization_goal': 'REACH', 'placements': ['PLACEMENT_TIKTOK', 'PLACEMENT_PANGLE', 'PLACEMENT_GLOBAL_APP_BUNDLE'], 'location_ids': ['587116'], 'gender': 'GENDER_FEMALE', 'age_groups': ['AGE_55_100']}",,"{'code': 0, 'message': 'OK', 'request_id': '20250802174841F06FBAE6A964631818AF', 'data': {'user_count': {'lower_end': 371000, 'upper_end': 454000}, 'user_count_stage': 2}}",371000,454000,2,2025-08-02 11:51:04.081872
172,AZ,AGE_45_54,587116,GENDER_FEMALE,,,,,,"{'advertiser_id': '7381489555305775105', 'objective_type': 'REACH', 'optimization_goal': 'REACH', 'placements': ['PLACEMENT_TIKTOK', 'PLACEMENT_PANGLE', 'PLACEMENT_GLOBAL_APP_BUNDLE'], 'location_ids': ['587116'], 'gender': 'GENDER_FEMALE', 'age_groups': ['AGE_45_54']}",,"{'code': 0, 'message': 'OK', 'request_id': '20250802174841F00070C7E16036165C31', 'data': {'user_count': {'lower_end': 266000, 'upper_end': 326000}, 'user_count_stage': 2}}",266000,326000,2,2025-08-02 11:51:04.081872
173,AZ,AGE_13_17,587116,GENDER_MALE,,,,,,"{'advertiser_id': '7381489555305775105', 'objective_type': 'REACH', 'optimization_goal': 'REACH', 'placements': ['PLACEMENT_TIKTOK', 'PLACEMENT_PANGLE', 'PLACEMENT_GLOBAL_APP_BUNDLE'], 'location_ids': ['587116'], 'gender': 'GENDER_MALE', 'age_groups': ['AGE_13_17']}",,"{'code': 0, 'message': 'OK', 'request_id': '202508021748420ACE307F987458489891', 'data': {'user_count': {'lower_end': 0, 'upper_end': 1000}, 'user_count_stage': 1}}",0,1000,1,2025-08-02 11:51:04.081872
174,AZ,AGE_18_24,587116,GENDER_MALE,,,,,,"{'advertiser_id': '7381489555305775105', 'objective_type': 'REACH', 'optimization_goal': 'REACH', 'placements': ['PLACEMENT_TIKTOK', 'PLACEMENT_PANGLE', 'PLACEMENT_GLOBAL_APP_BUNDLE'], 'location_ids': ['587116'], 'gender': 'GENDER_MALE', 'age_groups': ['AGE_18_24']}",,"{'code': 0, 'message': 'OK', 'request_id': '2025080217484241D3DBC142891A14AC69', 'data': {'user_count': {'lower_end': 714000, 'upper_end': 874000}, 'user_count_stage': 2}}",714000,874000,2,2025-08-02 11:51:04.081872
175,AZ,AGE_25_34,587116,GENDER_MALE,,,,,,"{'advertiser_id': '7381489555305775105', 'objective_type': 'REACH', 'optimization_goal': 'REACH', 'placements': ['PLACEMENT_TIKTOK', 'PLACEMENT_PANGLE', 'PLACEMENT_GLOBAL_APP_BUNDLE'], 'location_ids': ['587116'], 'gender': 'GENDER_MALE', 'age_groups': ['AGE_25_34']}",,"{'code': 0, 'message': 'OK', 'request_id': '2025080217484274899E1C322D4E0E2080', 'data': {'user_count': {'lower_end': 1506000, 'upper_end': 1842000}, 'user_count_stage': 3}}",1506000,1842000,3,2025-08-02 11:51:04.081872
176,AZ,AGE_35_44,587116,GENDER_MALE,,,,,,"{'advertiser_id': '7381489555305775105', 'objective_type': 'REACH', 'optimization_goal': 'REACH', 'placements': ['PLACEMENT_TIKTOK', 'PLACEMENT_PANGLE', 'PLACEMENT_GLOBAL_APP_BUNDLE'], 'location_ids': ['587116'], 'gender': 'GENDER_MALE', 'age_groups': ['AGE_35_44']}",,"{'code': 0, 'message': 'OK', 'request_id': '202508021748429F3D148879E21E1BB767', 'data': {'user_count': {'lower_end': 724000, 'upper_end': 886000}, 'user_count_stage': 2}}",724000,886000,2,2025-08-02 11:51:04.081872
177,AZ,AGE_18_24,587116,GENDER_FEMALE,,,,,,"{'advertiser_id': '7381489555305775105', 'objective_type': 'REACH', 'optimization_goal': 'REACH', 'placements': ['PLACEMENT_TIKTOK', 'PLACEMENT_PANGLE', 'PLACEMENT_GLOBAL_APP_BUNDLE'], 'location_ids': ['587116'], 'gender': 'GENDER_FEMALE', 'age_groups': ['AGE_18_24']}",,"{'code': 0, 'message': 'OK', 'request_id': '2025080217484032DD480A18D14E19338C', 'data': {'user_count': {'lower_end': 810000, 'upper_end': 991000}, 'user_count_stage': 2}}",810000,991000,2,2025-08-02 11:51:04.081872
178,AZ,AGE_45_54,587116,GENDER_MALE,,,,,,"{'advertiser_id': '7381489555305775105', 'objective_type': 'REACH', 'optimization_goal': 'REACH', 'placements': ['PLACEMENT_TIKTOK', 'PLACEMENT_PANGLE', 'PLACEMENT_GLOBAL_APP_BUNDLE'], 'location_ids': ['587116'], 'gender': 'GENDER_MALE', 'age_groups': ['AGE_45_54']}",,"{'code': 0, 'message': 'OK', 'request_id': '20250802174843C5498D466C94F517AC9A', 'data': {'user_count': {'lower_end': 359000, 'upper_end': 440000}, 'user_count_stage': 2}}",359000,440000,2,2025-08-02 11:51:04.081872
179,AZ,AGE_55_100,587116,GENDER_MALE,,,,,,"{'advertiser_id': '7381489555305775105', 'objective_type': 'REACH', 'optimization_goal': 'REACH', 'placements': ['PLACEMENT_TIKTOK', 'PLACEMENT_PANGLE', 'PLACEMENT_GLOBAL_APP_BUNDLE'], 'location_ids': ['587116'], 'gender': 'GENDER_MALE', 'age_groups': ['AGE_55_100']}",,"{'code': 0, 'message': 'OK', 'request_id': '20250802174843C36456514F788E1B38D4', 'data': {'user_count': {'lower_end': 362000, 'upper_end': 444000}, 'user_count_stage': 2}}",362000,444000,2,2025-08-02 11:51:04.081872
180,UA,AGE_13_17,690791,GENDER_FEMALE,,,,,,"{'advertiser_id': '7381489555305775105', 'objective_type': 'REACH', 'optimization_goal': 'REACH', 'placements': ['PLACEMENT_TIKTOK', 'PLACEMENT_PANGLE', 'PLACEMENT_GLOBAL_APP_BUNDLE'], 'location_ids': ['690791'], 'gender': 'GENDER_FEMALE', 'age_groups': ['AGE_13_17']}",,"{'code': 0, 'message': 'OK', 'request_id': '20250802174843D026D0A31789F0134841', 'data': {'user_count': {'lower_end': 0, 'upper_end': 2000}, 'user_count_stage': 1}}",0,2000,1,2025-08-02 11:51:04.081872
181,UA,AGE_25_34,690791,GENDER_FEMALE,,,,,,"{'advertiser_id': '7381489555305775105', 'objective_type': 'REACH', 'optimization_goal': 'REACH', 'placements': ['PLACEMENT_TIKTOK', 'PLACEMENT_PANGLE', 'PLACEMENT_GLOBAL_APP_BUNDLE'], 'location_ids': ['690791'], 'gender': 'GENDER_FEMALE', 'age_groups': ['AGE_25_34']}",,"{'code': 0, 'message': 'OK', 'request_id': '20250802174843F1B5B6571A8D24174114', 'data': {'user_count': {'lower_end': 8877000, 'upper_end': 10851000}, 'user_count_stage': 2}}",8877000,10851000,2,2025-08-02 11:51:04.081872
182,UA,AGE_18_24,690791,GENDER_FEMALE,,,,,,"{'advertiser_id': '7381489555305775105', 'objective_type': 'REACH', 'optimization_goal': 'REACH', 'placements': ['PLACEMENT_TIKTOK', 'PLACEMENT_PANGLE', 'PLACEMENT_GLOBAL_APP_BUNDLE'], 'location_ids': ['690791'], 'gender': 'GENDER_FEMALE', 'age_groups': ['AGE_18_24']}",,"{'code': 0, 'message': 'OK', 'request_id': '20250802174843A0100BF7FBE8431002F0', 'data': {'user_count': {'lower_end': 4420000, 'upper_end': 5403000}, 'user_count_stage': 2}}",4420000,5403000,2,2025-08-02 11:51:04.081872
183,UA,AGE_35_44,690791,GENDER_FEMALE,,,,,,"{'advertiser_id': '7381489555305775105', 'objective_type': 'REACH', 'optimization_goal': 'REACH', 'placements': ['PLACEMENT_TIKTOK', 'PLACEMENT_PANGLE', 'PLACEMENT_GLOBAL_APP_BUNDLE'], 'location_ids': ['690791'], 'gender': 'GENDER_FEMALE', 'age_groups': ['AGE_35_44']}",,"{'code': 0, 'message': 'OK', 'request_id': '202508021748439AE5489F35C6C813770C', 'data': {'user_count': {'lower_end': 3582000, 'upper_end': 4380000}, 'user_count_stage': 2}}",3582000,4380000,2,2025-08-02 11:51:04.081872
184,UA,AGE_55_100,690791,GENDER_FEMALE,,,,,,"{'advertiser_id': '7381489555305775105', 'objective_type': 'REACH', 'optimization_goal': 'REACH', 'placements': ['PLACEMENT_TIKTOK', 'PLACEMENT_PANGLE', 'PLACEMENT_GLOBAL_APP_BUNDLE'], 'location_ids': ['690791'], 'gender': 'GENDER_FEMALE', 'age_groups': ['AGE_55_100']}",,"{'code': 0, 'message': 'OK', 'request_id': '20250802174844CDD6D19E6B9DC3135646', 'data': {'user_count': {'lower_end': 1823000, 'upper_end': 2229000}, 'user_count_stage': 2}}",1823000,2229000,2,2025-08-02 11:51:04.081872
185,UA,AGE_13_17,690791,GENDER_MALE,,,,,,"{'advertiser_id': '7381489555305775105', 'objective_type': 'REACH', 'optimization_goal': 'REACH', 'placements': ['PLACEMENT_TIKTOK', 'PLACEMENT_PANGLE', 'PLACEMENT_GLOBAL_APP_BUNDLE'], 'location_ids': ['690791'], 'gender': 'GENDER_MALE', 'age_groups': ['AGE_13_17']}",,"{'code': 0, 'message': 'OK', 'request_id': '202508021748447D25F06EC4AD14178A48', 'data': {'user_count': {'lower_end': 0, 'upper_end': 2000}, 'user_count_stage': 1}}",0,2000,1,2025-08-02 11:51:04.081872
186,UA,AGE_45_54,690791,GENDER_FEMALE,,,,,,"{'advertiser_id': '7381489555305775105', 'objective_type': 'REACH', 'optimization_goal': 'REACH', 'placements': ['PLACEMENT_TIKTOK', 'PLACEMENT_PANGLE', 'PLACEMENT_GLOBAL_APP_BUNDLE'], 'location_ids': ['690791'], 'gender': 'GENDER_FEMALE', 'age_groups': ['AGE_45_54']}",,"{'code': 0, 'message': 'OK', 'request_id': '202508021748446EC6F5748AED08116578', 'data': {'user_count': {'lower_end': 3207000, 'upper_end': 3921000}, 'user_count_stage': 2}}",3207000,3921000,2,2025-08-02 11:51:04.081872
187,UA,AGE_18_24,690791,GENDER_MALE,,,,,,"{'advertiser_id': '7381489555305775105', 'objective_type': 'REACH', 'optimization_goal': 'REACH', 'placements': ['PLACEMENT_TIKTOK', 'PLACEMENT_PANGLE', 'PLACEMENT_GLOBAL_APP_BUNDLE'], 'location_ids': ['690791'], 'gender': 'GENDER_MALE', 'age_groups': ['AGE_18_24']}",,"{'code': 0, 'message': 'OK', 'request_id': '20250802174844BE6DE20933D8350C9945', 'data': {'user_count': {'lower_end': 66996000, 'upper_end': 81885000}, 'user_count_stage': 3}}",66996000,81885000,3,2025-08-02 11:51:04.081872
188,UA,AGE_25_34,690791,GENDER_MALE,,,,,,"{'advertiser_id': '7381489555305775105', 'objective_type': 'REACH', 'optimization_goal': 'REACH', 'placements': ['PLACEMENT_TIKTOK', 'PLACEMENT_PANGLE', 'PLACEMENT_GLOBAL_APP_BUNDLE'], 'location_ids': ['690791'], 'gender': 'GENDER_MALE', 'age_groups': ['AGE_25_34']}",,"{'code': 0, 'message': 'OK', 'request_id': '20250802174844A2B483419E259311747B', 'data': {'user_count': {'lower_end': 11656000, 'upper_end': 14248000}, 'user_count_stage': 2}}",11656000,14248000,2,2025-08-02 11:51:04.081872
189,UA,AGE_35_44,690791,GENDER_MALE,,,,,,"{'advertiser_id': '7381489555305775105', 'objective_type': 'REACH', 'optimization_goal': 'REACH', 'placements': ['PLACEMENT_TIKTOK', 'PLACEMENT_PANGLE', 'PLACEMENT_GLOBAL_APP_BUNDLE'], 'location_ids': ['690791'], 'gender': 'GENDER_MALE', 'age_groups': ['AGE_35_44']}",,"{'code': 0, 'message': 'OK', 'request_id': '20250802174845D0E8B0153468EE1295B9', 'data': {'user_count': {'lower_end': 14085000, 'upper_end': 17216000}, 'user_count_stage': 2}}",14085000,17216000,2,2025-08-02 11:51:04.081872
190,UA,AGE_45_54,690791,GENDER_MALE,,,,,,"{'advertiser_id': '7381489555305775105', 'objective_type': 'REACH', 'optimization_goal': 'REACH', 'placements': ['PLACEMENT_TIKTOK', 'PLACEMENT_PANGLE', 'PLACEMENT_GLOBAL_APP_BUNDLE'], 'location_ids': ['690791'], 'gender': 'GENDER_MALE', 'age_groups': ['AGE_45_54']}",,"{'code': 0, 'message': 'OK', 'request_id': '202508021748456127C8813CE2A51169C9', 'data': {'user_count': {'lower_end': 2040000, 'upper_end': 2494000}, 'user_count_stage': 2}}",2040000,2494000,2,2025-08-02 11:51:04.081872
191,UA,AGE_55_100,690791,GENDER_MALE,,,,,,"{'advertiser_id': '7381489555305775105', 'objective_type': 'REACH', 'optimization_goal': 'REACH', 'placements': ['PLACEMENT_TIKTOK', 'PLACEMENT_PANGLE', 'PLACEMENT_GLOBAL_APP_BUNDLE'], 'location_ids': ['690791'], 'gender': 'GENDER_MALE', 'age_groups': ['AGE_55_100']}",,"{'code': 0, 'message': 'OK', 'request_id': '20250802174846D3689E940F0F021752C8', 'data': {'user_count': {'lower_end': 1786000, 'upper_end': 2184000}, 'user_count_stage': 2}}",1786000,2184000,2,2025-08-02 11:51:04.081872
192,AE,AGE_25_34,290557,GENDER_FEMALE,,,,,,"{'advertiser_id': '7381489555305775105', 'objective_type': 'REACH', 'optimization_goal': 'REACH', 'placements': ['PLACEMENT_TIKTOK', 'PLACEMENT_PANGLE', 'PLACEMENT_GLOBAL_APP_BUNDLE'], 'location_ids': ['290557'], 'gender': 'GENDER_FEMALE', 'age_groups': ['AGE_25_34']}",,"{'code': 0, 'message': 'OK', 'request_id': '2025080217484678B6B8FD97C4BD0F9AB2', 'data': {'user_count': {'lower_end': 2836000, 'upper_end': 3467000}, 'user_count_stage': 2}}",2836000,3467000,2,2025-08-02 11:51:04.081872
193,AE,AGE_13_17,290557,GENDER_FEMALE,,,,,,"{'advertiser_id': '7381489555305775105', 'objective_type': 'REACH', 'optimization_goal': 'REACH', 'placements': ['PLACEMENT_TIKTOK', 'PLACEMENT_PANGLE', 'PLACEMENT_GLOBAL_APP_BUNDLE'], 'location_ids': ['290557'], 'gender': 'GENDER_FEMALE', 'age_groups': ['AGE_13_17']}",,"{'code': 0, 'message': 'OK', 'request_id': '20250802174846C813A2DDF32AF013F9D5', 'data': {'user_count': {'lower_end': 0, 'upper_end': 3000}, 'user_count_stage': 1}}",0,3000,1,2025-08-02 11:51:04.081872
194,AE,AGE_18_24,290557,GENDER_FEMALE,,,,,,"{'advertiser_id': '7381489555305775105', 'objective_type': 'REACH', 'optimization_goal': 'REACH', 'placements': ['PLACEMENT_TIKTOK', 'PLACEMENT_PANGLE', 'PLACEMENT_GLOBAL_APP_BUNDLE'], 'location_ids': ['290557'], 'gender': 'GENDER_FEMALE', 'age_groups': ['AGE_18_24']}",,"{'code': 0, 'message': 'OK', 'request_id': '20250802174846FAFC7DE193B8301C533D', 'data': {'user_count': {'lower_end': 1426000, 'upper_end': 1744000}, 'user_count_stage': 2}}",1426000,1744000,2,2025-08-02 11:51:04.081872
195,AE,AGE_55_100,290557,GENDER_FEMALE,,,,,,"{'advertiser_id': '7381489555305775105', 'objective_type': 'REACH', 'optimization_goal': 'REACH', 'placements': ['PLACEMENT_TIKTOK', 'PLACEMENT_PANGLE', 'PLACEMENT_GLOBAL_APP_BUNDLE'], 'location_ids': ['290557'], 'gender': 'GENDER_FEMALE', 'age_groups': ['AGE_55_100']}",,"{'code': 0, 'message': 'OK', 'request_id': '20250802174847CDD6D19E6B9DC31356D6', 'data': {'user_count': {'lower_end': 482000, 'upper_end': 590000}, 'user_count_stage': 2}}",482000,590000,2,2025-08-02 11:51:04.081872
196,AE,AGE_35_44,290557,GENDER_FEMALE,,,,,,"{'advertiser_id': '7381489555305775105', 'objective_type': 'REACH', 'optimization_goal': 'REACH', 'placements': ['PLACEMENT_TIKTOK', 'PLACEMENT_PANGLE', 'PLACEMENT_GLOBAL_APP_BUNDLE'], 'location_ids': ['290557'], 'gender': 'GENDER_FEMALE', 'age_groups': ['AGE_35_44']}",,"{'code': 0, 'message': 'OK', 'request_id': '202508021748477F9FF9B55FC84D19A2EE', 'data': {'user_count': {'lower_end': 1888000, 'upper_end': 2309000}, 'user_count_stage': 2}}",1888000,2309000,2,2025-08-02 11:51:04.081872
197,AE,AGE_45_54,290557,GENDER_FEMALE,,,,,,"{'advertiser_id': '7381489555305775105', 'objective_type': 'REACH', 'optimization_goal': 'REACH', 'placements': ['PLACEMENT_TIKTOK', 'PLACEMENT_PANGLE', 'PLACEMENT_GLOBAL_APP_BUNDLE'], 'location_ids': ['290557'], 'gender': 'GENDER_FEMALE', 'age_groups': ['AGE_45_54']}",,"{'code': 0, 'message': 'OK', 'request_id': '20250802174847BC42CD84969B6F1161C5', 'data': {'user_count': {'lower_end': 608000, 'upper_end': 744000}, 'user_count_stage': 2}}",608000,744000,2,2025-08-02 11:51:04.081872
198,AE,AGE_25_34,290557,GENDER_MALE,,,,,,"{'advertiser_id': '7381489555305775105', 'objective_type': 'REACH', 'optimization_goal': 'REACH', 'placements': ['PLACEMENT_TIKTOK', 'PLACEMENT_PANGLE', 'PLACEMENT_GLOBAL_APP_BUNDLE'], 'location_ids': ['290557'], 'gender': 'GENDER_MALE', 'age_groups': ['AGE_25_34']}",,"{'code': 0, 'message': 'OK', 'request_id': '202508021748485110A317A1C60317CF7B', 'data': {'user_count': {'lower_end': 6934000, 'upper_end': 8476000}, 'user_count_stage': 3}}",6934000,8476000,3,2025-08-02 11:51:04.081872
199,AE,AGE_13_17,290557,GENDER_MALE,,,,,,"{'advertiser_id': '7381489555305775105', 'objective_type': 'REACH', 'optimization_goal': 'REACH', 'placements': ['PLACEMENT_TIKTOK', 'PLACEMENT_PANGLE', 'PLACEMENT_GLOBAL_APP_BUNDLE'], 'location_ids': ['290557'], 'gender': 'GENDER_MALE', 'age_groups': ['AGE_13_17']}",,"{'code': 0, 'message': 'OK', 'request_id': '20250802174848BA267B9E444F5A126B3C', 'data': {'user_count': {'lower_end': 0, 'upper_end': 3000}, 'user_count_stage': 1}}",0,3000,1,2025-08-02 11:51:04.081872
200,AE,AGE_18_24,290557,GENDER_MALE,,,,,,"{'advertiser_id': '7381489555305775105', 'objective_type': 'REACH', 'optimization_goal': 'REACH', 'placements': ['PLACEMENT_TIKTOK', 'PLACEMENT_PANGLE', 'PLACEMENT_GLOBAL_APP_BUNDLE'], 'location_ids': ['290557'], 'gender': 'GENDER_MALE', 'age_groups': ['AGE_18_24']}",,"{'code': 0, 'message': 'OK', 'request_id': '20250802174848A15D48E77C9F1E12EC84', 'data': {'user_count': {'lower_end': 3477000, 'upper_end': 4251000}, 'user_count_stage': 2}}",3477000,4251000,2,2025-08-02 11:51:04.081872
201,AE,AGE_55_100,290557,GENDER_MALE,,,,,,"{'advertiser_id': '7381489555305775105', 'objective_type': 'REACH', 'optimization_goal': 'REACH', 'placements': ['PLACEMENT_TIKTOK', 'PLACEMENT_PANGLE', 'PLACEMENT_GLOBAL_APP_BUNDLE'], 'location_ids': ['290557'], 'gender': 'GENDER_MALE', 'age_groups': ['AGE_55_100']}",,"{'code': 0, 'message': 'OK', 'request_id': '20250802174848FD88CFD7E36454118B2A', 'data': {'user_count': {'lower_end': 634000, 'upper_end': 776000}, 'user_count_stage': 2}}",634000,776000,2,2025-08-02 11:51:04.081872
202,AE,AGE_45_54,290557,GENDER_MALE,,,,,,"{'advertiser_id': '7381489555305775105', 'objective_type': 'REACH', 'optimization_goal': 'REACH', 'placements': ['PLACEMENT_TIKTOK', 'PLACEMENT_PANGLE', 'PLACEMENT_GLOBAL_APP_BUNDLE'], 'location_ids': ['290557'], 'gender': 'GENDER_MALE', 'age_groups': ['AGE_45_54']}",,"{'code': 0, 'message': 'OK', 'request_id': '202508021748483A7B97E5CDA5C115CF47', 'data': {'user_count': {'lower_end': 921000, 'upper_end': 1127000}, 'user_count_stage': 2}}",921000,1127000,2,2025-08-02 11:51:04.081872
203,AE,AGE_35_44,290557,GENDER_MALE,,,,,,"{'advertiser_id': '7381489555305775105', 'objective_type': 'REACH', 'optimization_goal': 'REACH', 'placements': ['PLACEMENT_TIKTOK', 'PLACEMENT_PANGLE', 'PLACEMENT_GLOBAL_APP_BUNDLE'], 'location_ids': ['290557'], 'gender': 'GENDER_MALE', 'age_groups': ['AGE_35_44']}",,"{'code': 0, 'message': 'OK', 'request_id': '20250802174848FAFC7DE193B8301C5398', 'data': {'user_count': {'lower_end': 3318000, 'upper_end': 4056000}, 'user_count_stage': 2}}",3318000,4056000,2,2025-08-02 11:51:04.081872
204,BD,AGE_13_17,1210997,GENDER_FEMALE,,,,,,"{'advertiser_id': '7381489555305775105', 'objective_type': 'REACH', 'optimization_goal': 'REACH', 'placements': ['PLACEMENT_TIKTOK', 'PLACEMENT_PANGLE', 'PLACEMENT_GLOBAL_APP_BUNDLE'], 'location_ids': ['1210997'], 'gender': 'GENDER_FEMALE', 'age_groups': ['AGE_13_17']}",,"{'code': 0, 'message': 'OK', 'request_id': '2025080217484900B9F7B4A3B26F0BAF6E', 'data': {'user_count': {'lower_end': 0, 'upper_end': 1000}, 'user_count_stage': 1}}",0,1000,1,2025-08-02 11:51:04.081872
205,BD,AGE_18_24,1210997,GENDER_FEMALE,,,,,,"{'advertiser_id': '7381489555305775105', 'objective_type': 'REACH', 'optimization_goal': 'REACH', 'placements': ['PLACEMENT_TIKTOK', 'PLACEMENT_PANGLE', 'PLACEMENT_GLOBAL_APP_BUNDLE'], 'location_ids': ['1210997'], 'gender': 'GENDER_FEMALE', 'age_groups': ['AGE_18_24']}",,"{'code': 0, 'message': 'OK', 'request_id': '20250802174849FAFC7DE193B8301C53C1', 'data': {'user_count': {'lower_end': 7213000, 'upper_end': 8818000}, 'user_count_stage': 2}}",7213000,8818000,2,2025-08-02 11:51:04.081872
206,BD,AGE_25_34,1210997,GENDER_FEMALE,,,,,,"{'advertiser_id': '7381489555305775105', 'objective_type': 'REACH', 'optimization_goal': 'REACH', 'placements': ['PLACEMENT_TIKTOK', 'PLACEMENT_PANGLE', 'PLACEMENT_GLOBAL_APP_BUNDLE'], 'location_ids': ['1210997'], 'gender': 'GENDER_FEMALE', 'age_groups': ['AGE_25_34']}",,"{'code': 0, 'message': 'OK', 'request_id': '202508021748490787F7DAAB43540F0789', 'data': {'user_count': {'lower_end': 7338000, 'upper_end': 8970000}, 'user_count_stage': 2}}",7338000,8970000,2,2025-08-02 11:51:04.081872
207,BD,AGE_45_54,1210997,GENDER_FEMALE,,,,,,"{'advertiser_id': '7381489555305775105', 'objective_type': 'REACH', 'optimization_goal': 'REACH', 'placements': ['PLACEMENT_TIKTOK', 'PLACEMENT_PANGLE', 'PLACEMENT_GLOBAL_APP_BUNDLE'], 'location_ids': ['1210997'], 'gender': 'GENDER_FEMALE', 'age_groups': ['AGE_45_54']}",,"{'code': 0, 'message': 'OK', 'request_id': '202508021748498EF754E35D85F210B855', 'data': {'user_count': {'lower_end': 391000, 'upper_end': 479000}, 'user_count_stage': 2}}",391000,479000,2,2025-08-02 11:51:04.081872
208,BD,AGE_55_100,1210997,GENDER_FEMALE,,,,,,"{'advertiser_id': '7381489555305775105', 'objective_type': 'REACH', 'optimization_goal': 'REACH', 'placements': ['PLACEMENT_TIKTOK', 'PLACEMENT_PANGLE', 'PLACEMENT_GLOBAL_APP_BUNDLE'], 'location_ids': ['1210997'], 'gender': 'GENDER_FEMALE', 'age_groups': ['AGE_55_100']}",,"{'code': 0, 'message': 'OK', 'request_id': '20250802174849EB1AC169AC86AB0B5817', 'data': {'user_count': {'lower_end': 576000, 'upper_end': 706000}, 'user_count_stage': 2}}",576000,706000,2,2025-08-02 11:51:04.081872
209,BD,AGE_13_17,1210997,GENDER_MALE,,,,,,"{'advertiser_id': '7381489555305775105', 'objective_type': 'REACH', 'optimization_goal': 'REACH', 'placements': ['PLACEMENT_TIKTOK', 'PLACEMENT_PANGLE', 'PLACEMENT_GLOBAL_APP_BUNDLE'], 'location_ids': ['1210997'], 'gender': 'GENDER_MALE', 'age_groups': ['AGE_13_17']}",,"{'code': 0, 'message': 'OK', 'request_id': '2025080217485095683817D9975F1E55BE', 'data': {'user_count': {'lower_end': 0, 'upper_end': 1000}, 'user_count_stage': 1}}",0,1000,1,2025-08-02 11:51:04.081872
210,BD,AGE_35_44,1210997,GENDER_FEMALE,,,,,,"{'advertiser_id': '7381489555305775105', 'objective_type': 'REACH', 'optimization_goal': 'REACH', 'placements': ['PLACEMENT_TIKTOK', 'PLACEMENT_PANGLE', 'PLACEMENT_GLOBAL_APP_BUNDLE'], 'location_ids': ['1210997'], 'gender': 'GENDER_FEMALE', 'age_groups': ['AGE_35_44']}",,"{'code': 0, 'message': 'OK', 'request_id': '202508021748498A6BAD81FE278A18EF2E', 'data': {'user_count': {'lower_end': 1152000, 'upper_end': 1409000}, 'user_count_stage': 2}}",1152000,1409000,2,2025-08-02 11:51:04.081872
211,BD,AGE_18_24,1210997,GENDER_MALE,,,,,,"{'advertiser_id': '7381489555305775105', 'objective_type': 'REACH', 'optimization_goal': 'REACH', 'placements': ['PLACEMENT_TIKTOK', 'PLACEMENT_PANGLE', 'PLACEMENT_GLOBAL_APP_BUNDLE'], 'location_ids': ['1210997'], 'gender': 'GENDER_MALE', 'age_groups': ['AGE_18_24']}",,"{'code': 0, 'message': 'OK', 'request_id': '202508021748508752FB03FA48E9180FAE', 'data': {'user_count': {'lower_end': 13398000, 'upper_end': 16377000}, 'user_count_stage': 3}}",13398000,16377000,3,2025-08-02 11:51:04.081872
212,BD,AGE_25_34,1210997,GENDER_MALE,,,,,,"{'advertiser_id': '7381489555305775105', 'objective_type': 'REACH', 'optimization_goal': 'REACH', 'placements': ['PLACEMENT_TIKTOK', 'PLACEMENT_PANGLE', 'PLACEMENT_GLOBAL_APP_BUNDLE'], 'location_ids': ['1210997'], 'gender': 'GENDER_MALE', 'age_groups': ['AGE_25_34']}",,"{'code': 0, 'message': 'OK', 'request_id': '20250802174850A2B483419E2593117557', 'data': {'user_count': {'lower_end': 15323000, 'upper_end': 18729000}, 'user_count_stage': 3}}",15323000,18729000,3,2025-08-02 11:51:04.081872
213,BD,AGE_45_54,1210997,GENDER_MALE,,,,,,"{'advertiser_id': '7381489555305775105', 'objective_type': 'REACH', 'optimization_goal': 'REACH', 'placements': ['PLACEMENT_TIKTOK', 'PLACEMENT_PANGLE', 'PLACEMENT_GLOBAL_APP_BUNDLE'], 'location_ids': ['1210997'], 'gender': 'GENDER_MALE', 'age_groups': ['AGE_45_54']}",,"{'code': 0, 'message': 'OK', 'request_id': '20250802174851989262A14FE8810B603F', 'data': {'user_count': {'lower_end': 823000, 'upper_end': 1007000}, 'user_count_stage': 2}}",823000,1007000,2,2025-08-02 11:51:04.081872
214,BD,AGE_35_44,1210997,GENDER_MALE,,,,,,"{'advertiser_id': '7381489555305775105', 'objective_type': 'REACH', 'optimization_goal': 'REACH', 'placements': ['PLACEMENT_TIKTOK', 'PLACEMENT_PANGLE', 'PLACEMENT_GLOBAL_APP_BUNDLE'], 'location_ids': ['1210997'], 'gender': 'GENDER_MALE', 'age_groups': ['AGE_35_44']}",,"{'code': 0, 'message': 'OK', 'request_id': '2025080217485128D9F5A2B043220F7E76', 'data': {'user_count': {'lower_end': 2789000, 'upper_end': 3409000}, 'user_count_stage': 2}}",2789000,3409000,2,2025-08-02 11:51:04.081872
215,BD,AGE_55_100,1210997,GENDER_MALE,,,,,,"{'advertiser_id': '7381489555305775105', 'objective_type': 'REACH', 'optimization_goal': 'REACH', 'placements': ['PLACEMENT_TIKTOK', 'PLACEMENT_PANGLE', 'PLACEMENT_GLOBAL_APP_BUNDLE'], 'location_ids': ['1210997'], 'gender': 'GENDER_MALE', 'age_groups': ['AGE_55_100']}",,"{'code': 0, 'message': 'OK', 'request_id': '20250802174851721DAB18902CD5156C6A', 'data': {'user_count': {'lower_end': 1094000, 'upper_end': 1338000}, 'user_count_stage': 2}}",1094000,1338000,2,2025-08-02 11:51:04.081872
216,NO,AGE_18_24,3144096,GENDER_FEMALE,,,,,,"{'advertiser_id': '7381489555305775105', 'objective_type': 'REACH', 'optimization_goal': 'REACH', 'placements': ['PLACEMENT_TIKTOK', 'PLACEMENT_PANGLE', 'PLACEMENT_GLOBAL_APP_BUNDLE'], 'location_ids': ['3144096'], 'gender': 'GENDER_FEMALE', 'age_groups': ['AGE_18_24']}",,"{'code': 0, 'message': 'OK', 'request_id': '20250802174852C993A0E2E771BB191192', 'data': {'user_count': {'lower_end': 285000, 'upper_end': 349000}, 'user_count_stage': 2}}",285000,349000,2,2025-08-02 11:51:04.081872
217,NO,AGE_25_34,3144096,GENDER_FEMALE,,,,,,"{'advertiser_id': '7381489555305775105', 'objective_type': 'REACH', 'optimization_goal': 'REACH', 'placements': ['PLACEMENT_TIKTOK', 'PLACEMENT_PANGLE', 'PLACEMENT_GLOBAL_APP_BUNDLE'], 'location_ids': ['3144096'], 'gender': 'GENDER_FEMALE', 'age_groups': ['AGE_25_34']}",,"{'code': 0, 'message': 'OK', 'request_id': '202508021748526AFCF0D53554A611307F', 'data': {'user_count': {'lower_end': 257000, 'upper_end': 315000}, 'user_count_stage': 2}}",257000,315000,2,2025-08-02 11:51:04.081872
218,NO,AGE_45_54,3144096,GENDER_FEMALE,,,,,,"{'advertiser_id': '7381489555305775105', 'objective_type': 'REACH', 'optimization_goal': 'REACH', 'placements': ['PLACEMENT_TIKTOK', 'PLACEMENT_PANGLE', 'PLACEMENT_GLOBAL_APP_BUNDLE'], 'location_ids': ['3144096'], 'gender': 'GENDER_FEMALE', 'age_groups': ['AGE_45_54']}",,"{'code': 0, 'message': 'OK', 'request_id': '20250802174853F25E70BAB2AA56199F1D', 'data': {'user_count': {'lower_end': 118000, 'upper_end': 145000}, 'user_count_stage': 2}}",118000,145000,2,2025-08-02 11:51:04.081872
219,NO,AGE_35_44,3144096,GENDER_FEMALE,,,,,,"{'advertiser_id': '7381489555305775105', 'objective_type': 'REACH', 'optimization_goal': 'REACH', 'placements': ['PLACEMENT_TIKTOK', 'PLACEMENT_PANGLE', 'PLACEMENT_GLOBAL_APP_BUNDLE'], 'location_ids': ['3144096'], 'gender': 'GENDER_FEMALE', 'age_groups': ['AGE_35_44']}",,"{'code': 0, 'message': 'OK', 'request_id': '20250802174852D6CE9114DD8E9D13392B', 'data': {'user_count': {'lower_end': 139000, 'upper_end': 171000}, 'user_count_stage': 2}}",139000,171000,2,2025-08-02 11:51:04.081872
220,NO,AGE_13_17,3144096,GENDER_FEMALE,,,,,,"{'advertiser_id': '7381489555305775105', 'objective_type': 'REACH', 'optimization_goal': 'REACH', 'placements': ['PLACEMENT_TIKTOK', 'PLACEMENT_PANGLE', 'PLACEMENT_GLOBAL_APP_BUNDLE'], 'location_ids': ['3144096'], 'gender': 'GENDER_FEMALE', 'age_groups': ['AGE_13_17']}",,"{'code': 0, 'message': 'OK', 'request_id': '202508021748510ACE307F987458489A6E', 'data': {'user_count': {'lower_end': 0, 'upper_end': 1000}, 'user_count_stage': 1}}",0,1000,1,2025-08-02 11:51:04.081872
221,NO,AGE_55_100,3144096,GENDER_FEMALE,,,,,,"{'advertiser_id': '7381489555305775105', 'objective_type': 'REACH', 'optimization_goal': 'REACH', 'placements': ['PLACEMENT_TIKTOK', 'PLACEMENT_PANGLE', 'PLACEMENT_GLOBAL_APP_BUNDLE'], 'location_ids': ['3144096'], 'gender': 'GENDER_FEMALE', 'age_groups': ['AGE_55_100']}",,"{'code': 0, 'message': 'OK', 'request_id': '20250802174853A86941C5251BBA31F369', 'data': {'user_count': {'lower_end': 56000, 'upper_end': 69000}, 'user_count_stage': 2}}",56000,69000,2,2025-08-02 11:51:04.081872
222,NO,AGE_13_17,3144096,GENDER_MALE,,,,,,"{'advertiser_id': '7381489555305775105', 'objective_type': 'REACH', 'optimization_goal': 'REACH', 'placements': ['PLACEMENT_TIKTOK', 'PLACEMENT_PANGLE', 'PLACEMENT_GLOBAL_APP_BUNDLE'], 'location_ids': ['3144096'], 'gender': 'GENDER_MALE', 'age_groups': ['AGE_13_17']}",,"{'code': 0, 'message': 'OK', 'request_id': '20250802174853F1EEF52D37B4D316F88A', 'data': {'user_count': {'lower_end': 0, 'upper_end': 1000}, 'user_count_stage': 1}}",0,1000,1,2025-08-02 11:51:04.081872
223,NO,AGE_25_34,3144096,GENDER_MALE,,,,,,"{'advertiser_id': '7381489555305775105', 'objective_type': 'REACH', 'optimization_goal': 'REACH', 'placements': ['PLACEMENT_TIKTOK', 'PLACEMENT_PANGLE', 'PLACEMENT_GLOBAL_APP_BUNDLE'], 'location_ids': ['3144096'], 'gender': 'GENDER_MALE', 'age_groups': ['AGE_25_34']}",,"{'code': 0, 'message': 'OK', 'request_id': '202508021748542E128DF0E4613315A1FA', 'data': {'user_count': {'lower_end': 204000, 'upper_end': 251000}, 'user_count_stage': 2}}",204000,251000,2,2025-08-02 11:51:04.081872
224,NO,AGE_18_24,3144096,GENDER_MALE,,,,,,"{'advertiser_id': '7381489555305775105', 'objective_type': 'REACH', 'optimization_goal': 'REACH', 'placements': ['PLACEMENT_TIKTOK', 'PLACEMENT_PANGLE', 'PLACEMENT_GLOBAL_APP_BUNDLE'], 'location_ids': ['3144096'], 'gender': 'GENDER_MALE', 'age_groups': ['AGE_18_24']}",,"{'code': 0, 'message': 'OK', 'request_id': '202508021748546B80F25BB92737160A68', 'data': {'user_count': {'lower_end': 225000, 'upper_end': 276000}, 'user_count_stage': 2}}",225000,276000,2,2025-08-02 11:51:04.081872
225,NO,AGE_45_54,3144096,GENDER_MALE,,,,,,"{'advertiser_id': '7381489555305775105', 'objective_type': 'REACH', 'optimization_goal': 'REACH', 'placements': ['PLACEMENT_TIKTOK', 'PLACEMENT_PANGLE', 'PLACEMENT_GLOBAL_APP_BUNDLE'], 'location_ids': ['3144096'], 'gender': 'GENDER_MALE', 'age_groups': ['AGE_45_54']}",,"{'code': 0, 'message': 'OK', 'request_id': '202508021748552E128DF0E4613315A234', 'data': {'user_count': {'lower_end': 84000, 'upper_end': 104000}, 'user_count_stage': 2}}",84000,104000,2,2025-08-02 11:51:04.081872
226,NO,AGE_35_44,3144096,GENDER_MALE,,,,,,"{'advertiser_id': '7381489555305775105', 'objective_type': 'REACH', 'optimization_goal': 'REACH', 'placements': ['PLACEMENT_TIKTOK', 'PLACEMENT_PANGLE', 'PLACEMENT_GLOBAL_APP_BUNDLE'], 'location_ids': ['3144096'], 'gender': 'GENDER_MALE', 'age_groups': ['AGE_35_44']}",,"{'code': 0, 'message': 'OK', 'request_id': '20250802174854E693CA6E921866171576', 'data': {'user_count': {'lower_end': 113000, 'upper_end': 139000}, 'user_count_stage': 2}}",113000,139000,2,2025-08-02 11:51:04.081872
227,KZ,AGE_13_17,1522867,GENDER_FEMALE,,,,,,"{'advertiser_id': '7381489555305775105', 'objective_type': 'REACH', 'optimization_goal': 'REACH', 'placements': ['PLACEMENT_TIKTOK', 'PLACEMENT_PANGLE', 'PLACEMENT_GLOBAL_APP_BUNDLE'], 'location_ids': ['1522867'], 'gender': 'GENDER_FEMALE', 'age_groups': ['AGE_13_17']}",,"{'code': 0, 'message': 'OK', 'request_id': '202508021748565ABFC7F285437717B666', 'data': {'user_count': {'lower_end': 0, 'upper_end': 1000}, 'user_count_stage': 1}}",0,1000,1,2025-08-02 11:51:04.081872
228,KZ,AGE_25_34,1522867,GENDER_FEMALE,,,,,,"{'advertiser_id': '7381489555305775105', 'objective_type': 'REACH', 'optimization_goal': 'REACH', 'placements': ['PLACEMENT_TIKTOK', 'PLACEMENT_PANGLE', 'PLACEMENT_GLOBAL_APP_BUNDLE'], 'location_ids': ['1522867'], 'gender': 'GENDER_FEMALE', 'age_groups': ['AGE_25_34']}",,"{'code': 0, 'message': 'OK', 'request_id': '202508021748562C68621F22BB3717D326', 'data': {'user_count': {'lower_end': 2568000, 'upper_end': 3140000}, 'user_count_stage': 2}}",2568000,3140000,2,2025-08-02 11:51:04.081872
229,NO,AGE_55_100,3144096,GENDER_MALE,,,,,,"{'advertiser_id': '7381489555305775105', 'objective_type': 'REACH', 'optimization_goal': 'REACH', 'placements': ['PLACEMENT_TIKTOK', 'PLACEMENT_PANGLE', 'PLACEMENT_GLOBAL_APP_BUNDLE'], 'location_ids': ['3144096'], 'gender': 'GENDER_MALE', 'age_groups': ['AGE_55_100']}",,"{'code': 0, 'message': 'OK', 'request_id': '202508021748555CC680C124CC1B1185B7', 'data': {'user_count': {'lower_end': 41000, 'upper_end': 52000}, 'user_count_stage': 2}}",41000,52000,2,2025-08-02 11:51:04.081872
230,KZ,AGE_35_44,1522867,GENDER_FEMALE,,,,,,"{'advertiser_id': '7381489555305775105', 'objective_type': 'REACH', 'optimization_goal': 'REACH', 'placements': ['PLACEMENT_TIKTOK', 'PLACEMENT_PANGLE', 'PLACEMENT_GLOBAL_APP_BUNDLE'], 'location_ids': ['1522867'], 'gender': 'GENDER_FEMALE', 'age_groups': ['AGE_35_44']}",,"{'code': 0, 'message': 'OK', 'request_id': '2025080217485741D3DBC142891A14AE82', 'data': {'user_count': {'lower_end': 976000, 'upper_end': 1194000}, 'user_count_stage': 2}}",976000,1194000,2,2025-08-02 11:51:04.081872
231,KZ,AGE_45_54,1522867,GENDER_FEMALE,,,,,,"{'advertiser_id': '7381489555305775105', 'objective_type': 'REACH', 'optimization_goal': 'REACH', 'placements': ['PLACEMENT_TIKTOK', 'PLACEMENT_PANGLE', 'PLACEMENT_GLOBAL_APP_BUNDLE'], 'location_ids': ['1522867'], 'gender': 'GENDER_FEMALE', 'age_groups': ['AGE_45_54']}",,"{'code': 0, 'message': 'OK', 'request_id': '20250802174857767090FE510CED0DCE7E', 'data': {'user_count': {'lower_end': 624000, 'upper_end': 764000}, 'user_count_stage': 2}}",624000,764000,2,2025-08-02 11:51:04.081872
232,KZ,AGE_55_100,1522867,GENDER_FEMALE,,,,,,"{'advertiser_id': '7381489555305775105', 'objective_type': 'REACH', 'optimization_goal': 'REACH', 'placements': ['PLACEMENT_TIKTOK', 'PLACEMENT_PANGLE', 'PLACEMENT_GLOBAL_APP_BUNDLE'], 'location_ids': ['1522867'], 'gender': 'GENDER_FEMALE', 'age_groups': ['AGE_55_100']}",,"{'code': 0, 'message': 'OK', 'request_id': '202508021748586EC6F5748AED08116830', 'data': {'user_count': {'lower_end': 716000, 'upper_end': 877000}, 'user_count_stage': 2}}",716000,877000,2,2025-08-02 11:51:04.081872
233,KZ,AGE_13_17,1522867,GENDER_MALE,,,,,,"{'advertiser_id': '7381489555305775105', 'objective_type': 'REACH', 'optimization_goal': 'REACH', 'placements': ['PLACEMENT_TIKTOK', 'PLACEMENT_PANGLE', 'PLACEMENT_GLOBAL_APP_BUNDLE'], 'location_ids': ['1522867'], 'gender': 'GENDER_MALE', 'age_groups': ['AGE_13_17']}",,"{'code': 0, 'message': 'OK', 'request_id': '202508021748589CB0428498A866191DAF', 'data': {'user_count': {'lower_end': 0, 'upper_end': 1000}, 'user_count_stage': 1}}",0,1000,1,2025-08-02 11:51:04.081872
234,KZ,AGE_18_24,1522867,GENDER_MALE,,,,,,"{'advertiser_id': '7381489555305775105', 'objective_type': 'REACH', 'optimization_goal': 'REACH', 'placements': ['PLACEMENT_TIKTOK', 'PLACEMENT_PANGLE', 'PLACEMENT_GLOBAL_APP_BUNDLE'], 'location_ids': ['1522867'], 'gender': 'GENDER_MALE', 'age_groups': ['AGE_18_24']}",,"{'code': 0, 'message': 'OK', 'request_id': '2025080217485852AF71F7CC05CC13906E', 'data': {'user_count': {'lower_end': 1994000, 'upper_end': 2438000}, 'user_count_stage': 2}}",1994000,2438000,2,2025-08-02 11:51:04.081872
235,KZ,AGE_25_34,1522867,GENDER_MALE,,,,,,"{'advertiser_id': '7381489555305775105', 'objective_type': 'REACH', 'optimization_goal': 'REACH', 'placements': ['PLACEMENT_TIKTOK', 'PLACEMENT_PANGLE', 'PLACEMENT_GLOBAL_APP_BUNDLE'], 'location_ids': ['1522867'], 'gender': 'GENDER_MALE', 'age_groups': ['AGE_25_34']}",,"{'code': 0, 'message': 'OK', 'request_id': '2025080217485814270CA9EF406E33B3D1', 'data': {'user_count': {'lower_end': 3348000, 'upper_end': 4093000}, 'user_count_stage': 3}}",3348000,4093000,3,2025-08-02 11:51:04.081872
236,KZ,AGE_18_24,1522867,GENDER_FEMALE,,,,,,"{'advertiser_id': '7381489555305775105', 'objective_type': 'REACH', 'optimization_goal': 'REACH', 'placements': ['PLACEMENT_TIKTOK', 'PLACEMENT_PANGLE', 'PLACEMENT_GLOBAL_APP_BUNDLE'], 'location_ids': ['1522867'], 'gender': 'GENDER_FEMALE', 'age_groups': ['AGE_18_24']}",,"{'code': 0, 'message': 'OK', 'request_id': '202508021748562292381F209BB213AE78', 'data': {'user_count': {'lower_end': 2286000, 'upper_end': 2794000}, 'user_count_stage': 2}}",2286000,2794000,2,2025-08-02 11:51:04.081872
237,KZ,AGE_45_54,1522867,GENDER_MALE,,,,,,"{'advertiser_id': '7381489555305775105', 'objective_type': 'REACH', 'optimization_goal': 'REACH', 'placements': ['PLACEMENT_TIKTOK', 'PLACEMENT_PANGLE', 'PLACEMENT_GLOBAL_APP_BUNDLE'], 'location_ids': ['1522867'], 'gender': 'GENDER_MALE', 'age_groups': ['AGE_45_54']}",,"{'code': 0, 'message': 'OK', 'request_id': '2025080217485969A8D5939906480F6F8B', 'data': {'user_count': {'lower_end': 704000, 'upper_end': 861000}, 'user_count_stage': 2}}",704000,861000,2,2025-08-02 11:51:04.081872
238,CR,AGE_13_17,3624060,GENDER_FEMALE,,,,,,"{'advertiser_id': '7381489555305775105', 'objective_type': 'REACH', 'optimization_goal': 'REACH', 'placements': ['PLACEMENT_TIKTOK', 'PLACEMENT_PANGLE', 'PLACEMENT_GLOBAL_APP_BUNDLE'], 'location_ids': ['3624060'], 'gender': 'GENDER_FEMALE', 'age_groups': ['AGE_13_17']}",,"{'code': 0, 'message': 'OK', 'request_id': '2025080217485989ADBA8F6D0FF1198EDD', 'data': {'user_count': {'lower_end': 0, 'upper_end': 1000}, 'user_count_stage': 1}}",0,1000,1,2025-08-02 11:51:04.081872
239,KZ,AGE_55_100,1522867,GENDER_MALE,,,,,,"{'advertiser_id': '7381489555305775105', 'objective_type': 'REACH', 'optimization_goal': 'REACH', 'placements': ['PLACEMENT_TIKTOK', 'PLACEMENT_PANGLE', 'PLACEMENT_GLOBAL_APP_BUNDLE'], 'location_ids': ['1522867'], 'gender': 'GENDER_MALE', 'age_groups': ['AGE_55_100']}",,"{'code': 0, 'message': 'OK', 'request_id': '202508021748594187032962A089125CE8', 'data': {'user_count': {'lower_end': 586000, 'upper_end': 717000}, 'user_count_stage': 2}}",586000,717000,2,2025-08-02 11:51:04.081872
240,CR,AGE_25_34,3624060,GENDER_FEMALE,,,,,,"{'advertiser_id': '7381489555305775105', 'objective_type': 'REACH', 'optimization_goal': 'REACH', 'placements': ['PLACEMENT_TIKTOK', 'PLACEMENT_PANGLE', 'PLACEMENT_GLOBAL_APP_BUNDLE'], 'location_ids': ['3624060'], 'gender': 'GENDER_FEMALE', 'age_groups': ['AGE_25_34']}",,"{'code': 0, 'message': 'OK', 'request_id': '202508021749006AFCF0D53554A611319D', 'data': {'user_count': {'lower_end': 709000, 'upper_end': 868000}, 'user_count_stage': 2}}",709000,868000,2,2025-08-02 11:51:04.081872
241,CR,AGE_18_24,3624060,GENDER_FEMALE,,,,,,"{'advertiser_id': '7381489555305775105', 'objective_type': 'REACH', 'optimization_goal': 'REACH', 'placements': ['PLACEMENT_TIKTOK', 'PLACEMENT_PANGLE', 'PLACEMENT_GLOBAL_APP_BUNDLE'], 'location_ids': ['3624060'], 'gender': 'GENDER_FEMALE', 'age_groups': ['AGE_18_24']}",,"{'code': 0, 'message': 'OK', 'request_id': '20250802174900094B932DEE9D8713DC4C', 'data': {'user_count': {'lower_end': 420000, 'upper_end': 515000}, 'user_count_stage': 2}}",420000,515000,2,2025-08-02 11:51:04.081872
242,CR,AGE_35_44,3624060,GENDER_FEMALE,,,,,,"{'advertiser_id': '7381489555305775105', 'objective_type': 'REACH', 'optimization_goal': 'REACH', 'placements': ['PLACEMENT_TIKTOK', 'PLACEMENT_PANGLE', 'PLACEMENT_GLOBAL_APP_BUNDLE'], 'location_ids': ['3624060'], 'gender': 'GENDER_FEMALE', 'age_groups': ['AGE_35_44']}",,"{'code': 0, 'message': 'OK', 'request_id': '202508021749016AF1245CB93ECB16177D', 'data': {'user_count': {'lower_end': 282000, 'upper_end': 346000}, 'user_count_stage': 2}}",282000,346000,2,2025-08-02 11:51:04.081872
243,CR,AGE_45_54,3624060,GENDER_FEMALE,,,,,,"{'advertiser_id': '7381489555305775105', 'objective_type': 'REACH', 'optimization_goal': 'REACH', 'placements': ['PLACEMENT_TIKTOK', 'PLACEMENT_PANGLE', 'PLACEMENT_GLOBAL_APP_BUNDLE'], 'location_ids': ['3624060'], 'gender': 'GENDER_FEMALE', 'age_groups': ['AGE_45_54']}",,"{'code': 0, 'message': 'OK', 'request_id': '2025080217490128D9F5A2B043220F80C8', 'data': {'user_count': {'lower_end': 166000, 'upper_end': 204000}, 'user_count_stage': 2}}",166000,204000,2,2025-08-02 11:51:04.081872
244,CR,AGE_55_100,3624060,GENDER_FEMALE,,,,,,"{'advertiser_id': '7381489555305775105', 'objective_type': 'REACH', 'optimization_goal': 'REACH', 'placements': ['PLACEMENT_TIKTOK', 'PLACEMENT_PANGLE', 'PLACEMENT_GLOBAL_APP_BUNDLE'], 'location_ids': ['3624060'], 'gender': 'GENDER_FEMALE', 'age_groups': ['AGE_55_100']}",,"{'code': 0, 'message': 'OK', 'request_id': '20250802174901C40CB7CC52C9091163DD', 'data': {'user_count': {'lower_end': 171000, 'upper_end': 210000}, 'user_count_stage': 2}}",171000,210000,2,2025-08-02 11:51:04.081872
245,CR,AGE_13_17,3624060,GENDER_MALE,,,,,,"{'advertiser_id': '7381489555305775105', 'objective_type': 'REACH', 'optimization_goal': 'REACH', 'placements': ['PLACEMENT_TIKTOK', 'PLACEMENT_PANGLE', 'PLACEMENT_GLOBAL_APP_BUNDLE'], 'location_ids': ['3624060'], 'gender': 'GENDER_MALE', 'age_groups': ['AGE_13_17']}",,"{'code': 0, 'message': 'OK', 'request_id': '20250802174902672AB73F8331DE158570', 'data': {'user_count': {'lower_end': 0, 'upper_end': 1000}, 'user_count_stage': 1}}",0,1000,1,2025-08-02 11:51:04.081872
246,KZ,AGE_35_44,1522867,GENDER_MALE,,,,,,"{'advertiser_id': '7381489555305775105', 'objective_type': 'REACH', 'optimization_goal': 'REACH', 'placements': ['PLACEMENT_TIKTOK', 'PLACEMENT_PANGLE', 'PLACEMENT_GLOBAL_APP_BUNDLE'], 'location_ids': ['1522867'], 'gender': 'GENDER_MALE', 'age_groups': ['AGE_35_44']}",,"{'code': 0, 'message': 'OK', 'request_id': '20250802174859A0B51B771FBE99191C1F', 'data': {'user_count': {'lower_end': 1297000, 'upper_end': 1586000}, 'user_count_stage': 2}}",1297000,1586000,2,2025-08-02 11:51:04.081872
247,CR,AGE_18_24,3624060,GENDER_MALE,,,,,,"{'advertiser_id': '7381489555305775105', 'objective_type': 'REACH', 'optimization_goal': 'REACH', 'placements': ['PLACEMENT_TIKTOK', 'PLACEMENT_PANGLE', 'PLACEMENT_GLOBAL_APP_BUNDLE'], 'location_ids': ['3624060'], 'gender': 'GENDER_MALE', 'age_groups': ['AGE_18_24']}",,"{'code': 0, 'message': 'OK', 'request_id': '2025080217490294640EE7BE495511C39F', 'data': {'user_count': {'lower_end': 378000, 'upper_end': 463000}, 'user_count_stage': 2}}",378000,463000,2,2025-08-02 11:51:04.081872
248,CR,AGE_25_34,3624060,GENDER_MALE,,,,,,"{'advertiser_id': '7381489555305775105', 'objective_type': 'REACH', 'optimization_goal': 'REACH', 'placements': ['PLACEMENT_TIKTOK', 'PLACEMENT_PANGLE', 'PLACEMENT_GLOBAL_APP_BUNDLE'], 'location_ids': ['3624060'], 'gender': 'GENDER_MALE', 'age_groups': ['AGE_25_34']}",,"{'code': 0, 'message': 'OK', 'request_id': '20250802174902F25E70BAB2AA5619A168', 'data': {'user_count': {'lower_end': 851000, 'upper_end': 1042000}, 'user_count_stage': 3}}",851000,1042000,3,2025-08-02 11:51:04.081872
249,CR,AGE_55_100,3624060,GENDER_MALE,,,,,,"{'advertiser_id': '7381489555305775105', 'objective_type': 'REACH', 'optimization_goal': 'REACH', 'placements': ['PLACEMENT_TIKTOK', 'PLACEMENT_PANGLE', 'PLACEMENT_GLOBAL_APP_BUNDLE'], 'location_ids': ['3624060'], 'gender': 'GENDER_MALE', 'age_groups': ['AGE_55_100']}",,"{'code': 0, 'message': 'OK', 'request_id': '20250802174903F00070C7E16036166087', 'data': {'user_count': {'lower_end': 148000, 'upper_end': 181000}, 'user_count_stage': 2}}",148000,181000,2,2025-08-02 11:51:04.081872
250,CR,AGE_45_54,3624060,GENDER_MALE,,,,,,"{'advertiser_id': '7381489555305775105', 'objective_type': 'REACH', 'optimization_goal': 'REACH', 'placements': ['PLACEMENT_TIKTOK', 'PLACEMENT_PANGLE', 'PLACEMENT_GLOBAL_APP_BUNDLE'], 'location_ids': ['3624060'], 'gender': 'GENDER_MALE', 'age_groups': ['AGE_45_54']}",,"{'code': 0, 'message': 'OK', 'request_id': '20250802174903A0100BF7FBE843100675', 'data': {'user_count': {'lower_end': 171000, 'upper_end': 210000}, 'user_count_stage': 2}}",171000,210000,2,2025-08-02 11:51:04.081872
251,CR,AGE_35_44,3624060,GENDER_MALE,,,,,,"{'advertiser_id': '7381489555305775105', 'objective_type': 'REACH', 'optimization_goal': 'REACH', 'placements': ['PLACEMENT_TIKTOK', 'PLACEMENT_PANGLE', 'PLACEMENT_GLOBAL_APP_BUNDLE'], 'location_ids': ['3624060'], 'gender': 'GENDER_MALE', 'age_groups': ['AGE_35_44']}",,"{'code': 0, 'message': 'OK', 'request_id': '2025080217490294640EE7BE495511C3AF', 'data': {'user_count': {'lower_end': 324000, 'upper_end': 398000}, 'user_count_stage': 2}}",324000,398000,2,2025-08-02 11:51:04.081872
252,QA,AGE_13_17,289688,GENDER_FEMALE,,,,,,"{'advertiser_id': '7381489555305775105', 'objective_type': 'REACH', 'optimization_goal': 'REACH', 'placements': ['PLACEMENT_TIKTOK', 'PLACEMENT_PANGLE', 'PLACEMENT_GLOBAL_APP_BUNDLE'], 'location_ids': ['289688'], 'gender': 'GENDER_FEMALE', 'age_groups': ['AGE_13_17']}",,"{'code': 0, 'message': 'OK', 'request_id': '20250802174903FAFC7DE193B8301C5794', 'data': {'user_count': {'lower_end': 0, 'upper_end': 3000}, 'user_count_stage': 1}}",0,3000,1,2025-08-02 11:51:04.081872
253,QA,AGE_18_24,289688,GENDER_FEMALE,,,,,,"{'advertiser_id': '7381489555305775105', 'objective_type': 'REACH', 'optimization_goal': 'REACH', 'placements': ['PLACEMENT_TIKTOK', 'PLACEMENT_PANGLE', 'PLACEMENT_GLOBAL_APP_BUNDLE'], 'location_ids': ['289688'], 'gender': 'GENDER_FEMALE', 'age_groups': ['AGE_18_24']}",,"{'code': 0, 'message': 'OK', 'request_id': '2025080217490350DEEF743441B61D054C', 'data': {'user_count': {'lower_end': 333000, 'upper_end': 408000}, 'user_count_stage': 2}}",333000,408000,2,2025-08-02 11:51:04.081872
254,QA,AGE_35_44,289688,GENDER_FEMALE,,,,,,"{'advertiser_id': '7381489555305775105', 'objective_type': 'REACH', 'optimization_goal': 'REACH', 'placements': ['PLACEMENT_TIKTOK', 'PLACEMENT_PANGLE', 'PLACEMENT_GLOBAL_APP_BUNDLE'], 'location_ids': ['289688'], 'gender': 'GENDER_FEMALE', 'age_groups': ['AGE_35_44']}",,"{'code': 0, 'message': 'OK', 'request_id': '20250802174904FC601BA9D1A4D55835E4', 'data': {'user_count': {'lower_end': 335000, 'upper_end': 411000}, 'user_count_stage': 2}}",335000,411000,2,2025-08-02 11:51:04.081872
255,QA,AGE_25_34,289688,GENDER_FEMALE,,,,,,"{'advertiser_id': '7381489555305775105', 'objective_type': 'REACH', 'optimization_goal': 'REACH', 'placements': ['PLACEMENT_TIKTOK', 'PLACEMENT_PANGLE', 'PLACEMENT_GLOBAL_APP_BUNDLE'], 'location_ids': ['289688'], 'gender': 'GENDER_FEMALE', 'age_groups': ['AGE_25_34']}",,"{'code': 0, 'message': 'OK', 'request_id': '20250802174904C993A0E2E771BB19139E', 'data': {'user_count': {'lower_end': 640000, 'upper_end': 783000}, 'user_count_stage': 2}}",640000,783000,2,2025-08-02 11:51:04.081872
256,QA,AGE_45_54,289688,GENDER_FEMALE,,,,,,"{'advertiser_id': '7381489555305775105', 'objective_type': 'REACH', 'optimization_goal': 'REACH', 'placements': ['PLACEMENT_TIKTOK', 'PLACEMENT_PANGLE', 'PLACEMENT_GLOBAL_APP_BUNDLE'], 'location_ids': ['289688'], 'gender': 'GENDER_FEMALE', 'age_groups': ['AGE_45_54']}",,"{'code': 0, 'message': 'OK', 'request_id': '2025080217490450B131DA1360B41844EE', 'data': {'user_count': {'lower_end': 112000, 'upper_end': 139000}, 'user_count_stage': 2}}",112000,139000,2,2025-08-02 11:51:04.081872
257,QA,AGE_13_17,289688,GENDER_MALE,,,,,,"{'advertiser_id': '7381489555305775105', 'objective_type': 'REACH', 'optimization_goal': 'REACH', 'placements': ['PLACEMENT_TIKTOK', 'PLACEMENT_PANGLE', 'PLACEMENT_GLOBAL_APP_BUNDLE'], 'location_ids': ['289688'], 'gender': 'GENDER_MALE', 'age_groups': ['AGE_13_17']}",,"{'code': 0, 'message': 'OK', 'request_id': '20250802174904FCBE01B18C690F159DE9', 'data': {'user_count': {'lower_end': 0, 'upper_end': 3000}, 'user_count_stage': 1}}",0,3000,1,2025-08-02 11:51:04.081872
258,QA,AGE_55_100,289688,GENDER_FEMALE,,,,,,"{'advertiser_id': '7381489555305775105', 'objective_type': 'REACH', 'optimization_goal': 'REACH', 'placements': ['PLACEMENT_TIKTOK', 'PLACEMENT_PANGLE', 'PLACEMENT_GLOBAL_APP_BUNDLE'], 'location_ids': ['289688'], 'gender': 'GENDER_FEMALE', 'age_groups': ['AGE_55_100']}",,"{'code': 0, 'message': 'OK', 'request_id': '202508021749042D5AFAB940AF2C10B896', 'data': {'user_count': {'lower_end': 90000, 'upper_end': 112000}, 'user_count_stage': 2}}",90000,112000,2,2025-08-02 11:51:04.081872
259,QA,AGE_18_24,289688,GENDER_MALE,,,,,,"{'advertiser_id': '7381489555305775105', 'objective_type': 'REACH', 'optimization_goal': 'REACH', 'placements': ['PLACEMENT_TIKTOK', 'PLACEMENT_PANGLE', 'PLACEMENT_GLOBAL_APP_BUNDLE'], 'location_ids': ['289688'], 'gender': 'GENDER_MALE', 'age_groups': ['AGE_18_24']}",,"{'code': 0, 'message': 'OK', 'request_id': '20250802174904E56A5A9CCDBC4D0F627D', 'data': {'user_count': {'lower_end': 788000, 'upper_end': 964000}, 'user_count_stage': 2}}",788000,964000,2,2025-08-02 11:51:04.081872
260,QA,AGE_35_44,289688,GENDER_MALE,,,,,,"{'advertiser_id': '7381489555305775105', 'objective_type': 'REACH', 'optimization_goal': 'REACH', 'placements': ['PLACEMENT_TIKTOK', 'PLACEMENT_PANGLE', 'PLACEMENT_GLOBAL_APP_BUNDLE'], 'location_ids': ['289688'], 'gender': 'GENDER_MALE', 'age_groups': ['AGE_35_44']}",,"{'code': 0, 'message': 'OK', 'request_id': '20250802174905FCBE01B18C690F159E0A', 'data': {'user_count': {'lower_end': 969000, 'upper_end': 1185000}, 'user_count_stage': 2}}",969000,1185000,2,2025-08-02 11:51:04.081872
261,QA,AGE_25_34,289688,GENDER_MALE,,,,,,"{'advertiser_id': '7381489555305775105', 'objective_type': 'REACH', 'optimization_goal': 'REACH', 'placements': ['PLACEMENT_TIKTOK', 'PLACEMENT_PANGLE', 'PLACEMENT_GLOBAL_APP_BUNDLE'], 'location_ids': ['289688'], 'gender': 'GENDER_MALE', 'age_groups': ['AGE_25_34']}",,"{'code': 0, 'message': 'OK', 'request_id': '202508021749053C1EC0E28DE5F211D9BE', 'data': {'user_count': {'lower_end': 1659000, 'upper_end': 2028000}, 'user_count_stage': 3}}",1659000,2028000,3,2025-08-02 11:51:04.081872
262,QA,AGE_45_54,289688,GENDER_MALE,,,,,,"{'advertiser_id': '7381489555305775105', 'objective_type': 'REACH', 'optimization_goal': 'REACH', 'placements': ['PLACEMENT_TIKTOK', 'PLACEMENT_PANGLE', 'PLACEMENT_GLOBAL_APP_BUNDLE'], 'location_ids': ['289688'], 'gender': 'GENDER_MALE', 'age_groups': ['AGE_45_54']}",,"{'code': 0, 'message': 'OK', 'request_id': '20250802174905466B6912246642589A4F', 'data': {'user_count': {'lower_end': 171000, 'upper_end': 210000}, 'user_count_stage': 2}}",171000,210000,2,2025-08-02 11:51:04.081872
263,QA,AGE_55_100,289688,GENDER_MALE,,,,,,"{'advertiser_id': '7381489555305775105', 'objective_type': 'REACH', 'optimization_goal': 'REACH', 'placements': ['PLACEMENT_TIKTOK', 'PLACEMENT_PANGLE', 'PLACEMENT_GLOBAL_APP_BUNDLE'], 'location_ids': ['289688'], 'gender': 'GENDER_MALE', 'age_groups': ['AGE_55_100']}",,"{'code': 0, 'message': 'OK', 'request_id': '202508021749057D25F06EC4AD14178E7E', 'data': {'user_count': {'lower_end': 134000, 'upper_end': 164000}, 'user_count_stage': 2}}",134000,164000,2,2025-08-02 11:51:04.081872
264,ES,AGE_13_17,2510769,GENDER_FEMALE,,,,,,"{'advertiser_id': '7381489555305775105', 'objective_type': 'REACH', 'optimization_goal': 'REACH', 'placements': ['PLACEMENT_TIKTOK', 'PLACEMENT_PANGLE', 'PLACEMENT_GLOBAL_APP_BUNDLE'], 'location_ids': ['2510769'], 'gender': 'GENDER_FEMALE', 'age_groups': ['AGE_13_17']}",,"{'code': 0, 'message': 'OK', 'request_id': '20250802174905ACDB4328E53D3C158F79', 'data': {'user_count': {'lower_end': 0, 'upper_end': 1000}, 'user_count_stage': 1}}",0,1000,1,2025-08-02 11:51:04.081872
265,ES,AGE_18_24,2510769,GENDER_FEMALE,,,,,,"{'advertiser_id': '7381489555305775105', 'objective_type': 'REACH', 'optimization_goal': 'REACH', 'placements': ['PLACEMENT_TIKTOK', 'PLACEMENT_PANGLE', 'PLACEMENT_GLOBAL_APP_BUNDLE'], 'location_ids': ['2510769'], 'gender': 'GENDER_FEMALE', 'age_groups': ['AGE_18_24']}",,"{'code': 0, 'message': 'OK', 'request_id': '2025080217490628D9F5A2B043220F8147', 'data': {'user_count': {'lower_end': 1805000, 'upper_end': 2207000}, 'user_count_stage': 2}}",1805000,2207000,2,2025-08-02 11:51:04.081872
266,ES,AGE_25_34,2510769,GENDER_FEMALE,,,,,,"{'advertiser_id': '7381489555305775105', 'objective_type': 'REACH', 'optimization_goal': 'REACH', 'placements': ['PLACEMENT_TIKTOK', 'PLACEMENT_PANGLE', 'PLACEMENT_GLOBAL_APP_BUNDLE'], 'location_ids': ['2510769'], 'gender': 'GENDER_FEMALE', 'age_groups': ['AGE_25_34']}",,"{'code': 0, 'message': 'OK', 'request_id': '20250802174906ABF5FC9CB5310512BB20', 'data': {'user_count': {'lower_end': 2278000, 'upper_end': 2785000}, 'user_count_stage': 2}}",2278000,2785000,2,2025-08-02 11:51:04.081872
267,ES,AGE_35_44,2510769,GENDER_FEMALE,,,,,,"{'advertiser_id': '7381489555305775105', 'objective_type': 'REACH', 'optimization_goal': 'REACH', 'placements': ['PLACEMENT_TIKTOK', 'PLACEMENT_PANGLE', 'PLACEMENT_GLOBAL_APP_BUNDLE'], 'location_ids': ['2510769'], 'gender': 'GENDER_FEMALE', 'age_groups': ['AGE_35_44']}",,"{'code': 0, 'message': 'OK', 'request_id': '20250802174906989262A14FE8810B6388', 'data': {'user_count': {'lower_end': 2337000, 'upper_end': 2857000}, 'user_count_stage': 2}}",2337000,2857000,2,2025-08-02 11:51:04.081872
268,ES,AGE_45_54,2510769,GENDER_FEMALE,,,,,,"{'advertiser_id': '7381489555305775105', 'objective_type': 'REACH', 'optimization_goal': 'REACH', 'placements': ['PLACEMENT_TIKTOK', 'PLACEMENT_PANGLE', 'PLACEMENT_GLOBAL_APP_BUNDLE'], 'location_ids': ['2510769'], 'gender': 'GENDER_FEMALE', 'age_groups': ['AGE_45_54']}",,"{'code': 0, 'message': 'OK', 'request_id': '20250802174906057F9486C3143714CFC7', 'data': {'user_count': {'lower_end': 2497000, 'upper_end': 3053000}, 'user_count_stage': 2}}",2497000,3053000,2,2025-08-02 11:51:04.081872
269,ES,AGE_55_100,2510769,GENDER_FEMALE,,,,,,"{'advertiser_id': '7381489555305775105', 'objective_type': 'REACH', 'optimization_goal': 'REACH', 'placements': ['PLACEMENT_TIKTOK', 'PLACEMENT_PANGLE', 'PLACEMENT_GLOBAL_APP_BUNDLE'], 'location_ids': ['2510769'], 'gender': 'GENDER_FEMALE', 'age_groups': ['AGE_55_100']}",,"{'code': 0, 'message': 'OK', 'request_id': '2025080217490795683817D9975F1E5786', 'data': {'user_count': {'lower_end': 1864000, 'upper_end': 2279000}, 'user_count_stage': 2}}",1864000,2279000,2,2025-08-02 11:51:04.081872
270,ES,AGE_13_17,2510769,GENDER_MALE,,,,,,"{'advertiser_id': '7381489555305775105', 'objective_type': 'REACH', 'optimization_goal': 'REACH', 'placements': ['PLACEMENT_TIKTOK', 'PLACEMENT_PANGLE', 'PLACEMENT_GLOBAL_APP_BUNDLE'], 'location_ids': ['2510769'], 'gender': 'GENDER_MALE', 'age_groups': ['AGE_13_17']}",,"{'code': 0, 'message': 'OK', 'request_id': '20250802174907C993A0E2E771BB191456', 'data': {'user_count': {'lower_end': 0, 'upper_end': 1000}, 'user_count_stage': 1}}",0,1000,1,2025-08-02 11:51:04.081872
271,ES,AGE_18_24,2510769,GENDER_MALE,,,,,,"{'advertiser_id': '7381489555305775105', 'objective_type': 'REACH', 'optimization_goal': 'REACH', 'placements': ['PLACEMENT_TIKTOK', 'PLACEMENT_PANGLE', 'PLACEMENT_GLOBAL_APP_BUNDLE'], 'location_ids': ['2510769'], 'gender': 'GENDER_MALE', 'age_groups': ['AGE_18_24']}",,"{'code': 0, 'message': 'OK', 'request_id': '20250802174907CEABC4083ACB4F0DFBD9', 'data': {'user_count': {'lower_end': 1702000, 'upper_end': 2081000}, 'user_count_stage': 2}}",1702000,2081000,2,2025-08-02 11:51:04.081872
272,ES,AGE_35_44,2510769,GENDER_MALE,,,,,,"{'advertiser_id': '7381489555305775105', 'objective_type': 'REACH', 'optimization_goal': 'REACH', 'placements': ['PLACEMENT_TIKTOK', 'PLACEMENT_PANGLE', 'PLACEMENT_GLOBAL_APP_BUNDLE'], 'location_ids': ['2510769'], 'gender': 'GENDER_MALE', 'age_groups': ['AGE_35_44']}",,"{'code': 0, 'message': 'OK', 'request_id': '20250802174908042AC3792D41BC15A623', 'data': {'user_count': {'lower_end': 1530000, 'upper_end': 1871000}, 'user_count_stage': 2}}",1530000,1871000,2,2025-08-02 11:51:04.081872
273,ES,AGE_25_34,2510769,GENDER_MALE,,,,,,"{'advertiser_id': '7381489555305775105', 'objective_type': 'REACH', 'optimization_goal': 'REACH', 'placements': ['PLACEMENT_TIKTOK', 'PLACEMENT_PANGLE', 'PLACEMENT_GLOBAL_APP_BUNDLE'], 'location_ids': ['2510769'], 'gender': 'GENDER_MALE', 'age_groups': ['AGE_25_34']}",,"{'code': 0, 'message': 'OK', 'request_id': '2025080217490841D3DBC142891A14B072', 'data': {'user_count': {'lower_end': 2090000, 'upper_end': 2556000}, 'user_count_stage': 2}}",2090000,2556000,2,2025-08-02 11:51:04.081872
274,ES,AGE_45_54,2510769,GENDER_MALE,,,,,,"{'advertiser_id': '7381489555305775105', 'objective_type': 'REACH', 'optimization_goal': 'REACH', 'placements': ['PLACEMENT_TIKTOK', 'PLACEMENT_PANGLE', 'PLACEMENT_GLOBAL_APP_BUNDLE'], 'location_ids': ['2510769'], 'gender': 'GENDER_MALE', 'age_groups': ['AGE_45_54']}",,"{'code': 0, 'message': 'OK', 'request_id': '20250802174908D0E8B0153468EE129900', 'data': {'user_count': {'lower_end': 1536000, 'upper_end': 1879000}, 'user_count_stage': 2}}",1536000,1879000,2,2025-08-02 11:51:04.081872
275,ES,AGE_55_100,2510769,GENDER_MALE,,,,,,"{'advertiser_id': '7381489555305775105', 'objective_type': 'REACH', 'optimization_goal': 'REACH', 'placements': ['PLACEMENT_TIKTOK', 'PLACEMENT_PANGLE', 'PLACEMENT_GLOBAL_APP_BUNDLE'], 'location_ids': ['2510769'], 'gender': 'GENDER_MALE', 'age_groups': ['AGE_55_100']}",,"{'code': 0, 'message': 'OK', 'request_id': '202508021749097D25F06EC4AD14178EEE', 'data': {'user_count': {'lower_end': 1008000, 'upper_end': 1233000}, 'user_count_stage': 2}}",1008000,1233000,2,2025-08-02 11:51:04.081872
276,US,AGE_13_17,6252001,GENDER_FEMALE,,,,,,"{'advertiser_id': '7381489555305775105', 'objective_type': 'REACH', 'optimization_goal': 'REACH', 'placements': ['PLACEMENT_TIKTOK', 'PLACEMENT_PANGLE', 'PLACEMENT_GLOBAL_APP_BUNDLE'], 'location_ids': ['6252001'], 'gender': 'GENDER_FEMALE', 'age_groups': ['AGE_13_17']}",,"{'code': 0, 'message': 'OK', 'request_id': '2025080217490923EB61C034E6DB176316', 'data': {'user_count': {'lower_end': 0, 'upper_end': 1000}, 'user_count_stage': 1}}",0,1000,1,2025-08-02 11:51:04.081872
277,US,AGE_18_24,6252001,GENDER_FEMALE,,,,,,"{'advertiser_id': '7381489555305775105', 'objective_type': 'REACH', 'optimization_goal': 'REACH', 'placements': ['PLACEMENT_TIKTOK', 'PLACEMENT_PANGLE', 'PLACEMENT_GLOBAL_APP_BUNDLE'], 'location_ids': ['6252001'], 'gender': 'GENDER_FEMALE', 'age_groups': ['AGE_18_24']}",,"{'code': 0, 'message': 'OK', 'request_id': '20250802174909FAFC7DE193B8301C592B', 'data': {'user_count': {'lower_end': 13146000, 'upper_end': 16068000}, 'user_count_stage': 2}}",13146000,16068000,2,2025-08-02 11:51:04.081872
278,US,AGE_25_34,6252001,GENDER_FEMALE,,,,,,"{'advertiser_id': '7381489555305775105', 'objective_type': 'REACH', 'optimization_goal': 'REACH', 'placements': ['PLACEMENT_TIKTOK', 'PLACEMENT_PANGLE', 'PLACEMENT_GLOBAL_APP_BUNDLE'], 'location_ids': ['6252001'], 'gender': 'GENDER_FEMALE', 'age_groups': ['AGE_25_34']}",,"{'code': 0, 'message': 'OK', 'request_id': '20250802174909E56A5A9CCDBC4D0F63E2', 'data': {'user_count': {'lower_end': 15787000, 'upper_end': 19297000}, 'user_count_stage': 2}}",15787000,19297000,2,2025-08-02 11:51:04.081872
279,US,AGE_35_44,6252001,GENDER_FEMALE,,,,,,"{'advertiser_id': '7381489555305775105', 'objective_type': 'REACH', 'optimization_goal': 'REACH', 'placements': ['PLACEMENT_TIKTOK', 'PLACEMENT_PANGLE', 'PLACEMENT_GLOBAL_APP_BUNDLE'], 'location_ids': ['6252001'], 'gender': 'GENDER_FEMALE', 'age_groups': ['AGE_35_44']}",,"{'code': 0, 'message': 'OK', 'request_id': '20250802174910F76D1C23A1DCB918DEBF', 'data': {'user_count': {'lower_end': 15127000, 'upper_end': 18490000}, 'user_count_stage': 2}}",15127000,18490000,2,2025-08-02 11:51:04.081872
280,US,AGE_45_54,6252001,GENDER_FEMALE,,,,,,"{'advertiser_id': '7381489555305775105', 'objective_type': 'REACH', 'optimization_goal': 'REACH', 'placements': ['PLACEMENT_TIKTOK', 'PLACEMENT_PANGLE', 'PLACEMENT_GLOBAL_APP_BUNDLE'], 'location_ids': ['6252001'], 'gender': 'GENDER_FEMALE', 'age_groups': ['AGE_45_54']}",,"{'code': 0, 'message': 'OK', 'request_id': '2025080217491014E3E723FF0D74552521', 'data': {'user_count': {'lower_end': 10189000, 'upper_end': 12455000}, 'user_count_stage': 2}}",10189000,12455000,2,2025-08-02 11:51:04.081872
281,US,AGE_55_100,6252001,GENDER_FEMALE,,,,,,"{'advertiser_id': '7381489555305775105', 'objective_type': 'REACH', 'optimization_goal': 'REACH', 'placements': ['PLACEMENT_TIKTOK', 'PLACEMENT_PANGLE', 'PLACEMENT_GLOBAL_APP_BUNDLE'], 'location_ids': ['6252001'], 'gender': 'GENDER_FEMALE', 'age_groups': ['AGE_55_100']}",,"{'code': 0, 'message': 'OK', 'request_id': '2025080217491044B4E3E22E9B4B171C81', 'data': {'user_count': {'lower_end': 11102000, 'upper_end': 13571000}, 'user_count_stage': 2}}",11102000,13571000,2,2025-08-02 11:51:04.081872
282,US,AGE_13_17,6252001,GENDER_MALE,,,,,,"{'advertiser_id': '7381489555305775105', 'objective_type': 'REACH', 'optimization_goal': 'REACH', 'placements': ['PLACEMENT_TIKTOK', 'PLACEMENT_PANGLE', 'PLACEMENT_GLOBAL_APP_BUNDLE'], 'location_ids': ['6252001'], 'gender': 'GENDER_MALE', 'age_groups': ['AGE_13_17']}",,"{'code': 0, 'message': 'OK', 'request_id': '20250802174911721DAB18902CD515701D', 'data': {'user_count': {'lower_end': 0, 'upper_end': 1000}, 'user_count_stage': 1}}",0,1000,1,2025-08-02 11:51:04.081872
283,US,AGE_18_24,6252001,GENDER_MALE,,,,,,"{'advertiser_id': '7381489555305775105', 'objective_type': 'REACH', 'optimization_goal': 'REACH', 'placements': ['PLACEMENT_TIKTOK', 'PLACEMENT_PANGLE', 'PLACEMENT_GLOBAL_APP_BUNDLE'], 'location_ids': ['6252001'], 'gender': 'GENDER_MALE', 'age_groups': ['AGE_18_24']}",,"{'code': 0, 'message': 'OK', 'request_id': '202508021749112D5AFAB940AF2C10B9B2', 'data': {'user_count': {'lower_end': 10556000, 'upper_end': 12903000}, 'user_count_stage': 2}}",10556000,12903000,2,2025-08-02 11:51:04.081872
284,US,AGE_25_34,6252001,GENDER_MALE,,,,,,"{'advertiser_id': '7381489555305775105', 'objective_type': 'REACH', 'optimization_goal': 'REACH', 'placements': ['PLACEMENT_TIKTOK', 'PLACEMENT_PANGLE', 'PLACEMENT_GLOBAL_APP_BUNDLE'], 'location_ids': ['6252001'], 'gender': 'GENDER_MALE', 'age_groups': ['AGE_25_34']}",,"{'code': 0, 'message': 'OK', 'request_id': '202508021749110E6745AD43B29D1520D8', 'data': {'user_count': {'lower_end': 17694000, 'upper_end': 21628000}, 'user_count_stage': 2}}",17694000,21628000,2,2025-08-02 11:51:04.081872
285,US,AGE_35_44,6252001,GENDER_MALE,,,,,,"{'advertiser_id': '7381489555305775105', 'objective_type': 'REACH', 'optimization_goal': 'REACH', 'placements': ['PLACEMENT_TIKTOK', 'PLACEMENT_PANGLE', 'PLACEMENT_GLOBAL_APP_BUNDLE'], 'location_ids': ['6252001'], 'gender': 'GENDER_MALE', 'age_groups': ['AGE_35_44']}",,"{'code': 0, 'message': 'OK', 'request_id': '202508021749119F3D148879E21E1BBCC9', 'data': {'user_count': {'lower_end': 16936000, 'upper_end': 20700000}, 'user_count_stage': 2}}",16936000,20700000,2,2025-08-02 11:51:04.081872
286,US,AGE_45_54,6252001,GENDER_MALE,,,,,,"{'advertiser_id': '7381489555305775105', 'objective_type': 'REACH', 'optimization_goal': 'REACH', 'placements': ['PLACEMENT_TIKTOK', 'PLACEMENT_PANGLE', 'PLACEMENT_GLOBAL_APP_BUNDLE'], 'location_ids': ['6252001'], 'gender': 'GENDER_MALE', 'age_groups': ['AGE_45_54']}",,"{'code': 0, 'message': 'OK', 'request_id': '20250802174912FC601BA9D1A4D55836F7', 'data': {'user_count': {'lower_end': 11044000, 'upper_end': 13499000}, 'user_count_stage': 2}}",11044000,13499000,2,2025-08-02 11:51:04.081872
287,SE,AGE_13_17,2661886,GENDER_FEMALE,,,,,,"{'advertiser_id': '7381489555305775105', 'objective_type': 'REACH', 'optimization_goal': 'REACH', 'placements': ['PLACEMENT_TIKTOK', 'PLACEMENT_PANGLE', 'PLACEMENT_GLOBAL_APP_BUNDLE'], 'location_ids': ['2661886'], 'gender': 'GENDER_FEMALE', 'age_groups': ['AGE_13_17']}",,"{'code': 0, 'message': 'OK', 'request_id': '20250802174912CE179A93DE57C10D892F', 'data': {'user_count': {'lower_end': 0, 'upper_end': 1000}, 'user_count_stage': 1}}",0,1000,1,2025-08-02 11:51:04.081872
288,US,AGE_55_100,6252001,GENDER_MALE,,,,,,"{'advertiser_id': '7381489555305775105', 'objective_type': 'REACH', 'optimization_goal': 'REACH', 'placements': ['PLACEMENT_TIKTOK', 'PLACEMENT_PANGLE', 'PLACEMENT_GLOBAL_APP_BUNDLE'], 'location_ids': ['6252001'], 'gender': 'GENDER_MALE', 'age_groups': ['AGE_55_100']}",,"{'code': 0, 'message': 'OK', 'request_id': '20250802174912176A4728CA237F1A6508', 'data': {'user_count': {'lower_end': 15801000, 'upper_end': 19313000}, 'user_count_stage': 2}}",15801000,19313000,2,2025-08-02 11:51:04.081872
289,SE,AGE_18_24,2661886,GENDER_FEMALE,,,,,,"{'advertiser_id': '7381489555305775105', 'objective_type': 'REACH', 'optimization_goal': 'REACH', 'placements': ['PLACEMENT_TIKTOK', 'PLACEMENT_PANGLE', 'PLACEMENT_GLOBAL_APP_BUNDLE'], 'location_ids': ['2661886'], 'gender': 'GENDER_FEMALE', 'age_groups': ['AGE_18_24']}",,"{'code': 0, 'message': 'OK', 'request_id': '20250802174913F1AB4DC407351F1B5653', 'data': {'user_count': {'lower_end': 552000, 'upper_end': 676000}, 'user_count_stage': 2}}",552000,676000,2,2025-08-02 11:51:04.081872
290,SE,AGE_25_34,2661886,GENDER_FEMALE,,,,,,"{'advertiser_id': '7381489555305775105', 'objective_type': 'REACH', 'optimization_goal': 'REACH', 'placements': ['PLACEMENT_TIKTOK', 'PLACEMENT_PANGLE', 'PLACEMENT_GLOBAL_APP_BUNDLE'], 'location_ids': ['2661886'], 'gender': 'GENDER_FEMALE', 'age_groups': ['AGE_25_34']}",,"{'code': 0, 'message': 'OK', 'request_id': '202508021749135522034501CD6514EAA4', 'data': {'user_count': {'lower_end': 527000, 'upper_end': 645000}, 'user_count_stage': 2}}",527000,645000,2,2025-08-02 11:51:04.081872
291,SE,AGE_35_44,2661886,GENDER_FEMALE,,,,,,"{'advertiser_id': '7381489555305775105', 'objective_type': 'REACH', 'optimization_goal': 'REACH', 'placements': ['PLACEMENT_TIKTOK', 'PLACEMENT_PANGLE', 'PLACEMENT_GLOBAL_APP_BUNDLE'], 'location_ids': ['2661886'], 'gender': 'GENDER_FEMALE', 'age_groups': ['AGE_35_44']}",,"{'code': 0, 'message': 'OK', 'request_id': '20250802174913A15D48E77C9F1E12F0FB', 'data': {'user_count': {'lower_end': 297000, 'upper_end': 364000}, 'user_count_stage': 2}}",297000,364000,2,2025-08-02 11:51:04.081872
292,SE,AGE_45_54,2661886,GENDER_FEMALE,,,,,,"{'advertiser_id': '7381489555305775105', 'objective_type': 'REACH', 'optimization_goal': 'REACH', 'placements': ['PLACEMENT_TIKTOK', 'PLACEMENT_PANGLE', 'PLACEMENT_GLOBAL_APP_BUNDLE'], 'location_ids': ['2661886'], 'gender': 'GENDER_FEMALE', 'age_groups': ['AGE_45_54']}",,"{'code': 0, 'message': 'OK', 'request_id': '20250802174914F17D30107939001E4EA5', 'data': {'user_count': {'lower_end': 173000, 'upper_end': 212000}, 'user_count_stage': 2}}",173000,212000,2,2025-08-02 11:51:04.081872
293,SE,AGE_13_17,2661886,GENDER_MALE,,,,,,"{'advertiser_id': '7381489555305775105', 'objective_type': 'REACH', 'optimization_goal': 'REACH', 'placements': ['PLACEMENT_TIKTOK', 'PLACEMENT_PANGLE', 'PLACEMENT_GLOBAL_APP_BUNDLE'], 'location_ids': ['2661886'], 'gender': 'GENDER_MALE', 'age_groups': ['AGE_13_17']}",,"{'code': 0, 'message': 'OK', 'request_id': '20250802174914F1EEF52D37B4D316FB69', 'data': {'user_count': {'lower_end': 0, 'upper_end': 1000}, 'user_count_stage': 1}}",0,1000,1,2025-08-02 11:51:04.081872
294,SE,AGE_55_100,2661886,GENDER_FEMALE,,,,,,"{'advertiser_id': '7381489555305775105', 'objective_type': 'REACH', 'optimization_goal': 'REACH', 'placements': ['PLACEMENT_TIKTOK', 'PLACEMENT_PANGLE', 'PLACEMENT_GLOBAL_APP_BUNDLE'], 'location_ids': ['2661886'], 'gender': 'GENDER_FEMALE', 'age_groups': ['AGE_55_100']}",,"{'code': 0, 'message': 'OK', 'request_id': '20250802174914721DAB18902CD51570D0', 'data': {'user_count': {'lower_end': 144000, 'upper_end': 177000}, 'user_count_stage': 2}}",144000,177000,2,2025-08-02 11:51:04.081872
295,SE,AGE_35_44,2661886,GENDER_MALE,,,,,,"{'advertiser_id': '7381489555305775105', 'objective_type': 'REACH', 'optimization_goal': 'REACH', 'placements': ['PLACEMENT_TIKTOK', 'PLACEMENT_PANGLE', 'PLACEMENT_GLOBAL_APP_BUNDLE'], 'location_ids': ['2661886'], 'gender': 'GENDER_MALE', 'age_groups': ['AGE_35_44']}",,"{'code': 0, 'message': 'OK', 'request_id': '20250802174914BC28BB06AF1DC9126EDA', 'data': {'user_count': {'lower_end': 232000, 'upper_end': 284000}, 'user_count_stage': 2}}",232000,284000,2,2025-08-02 11:51:04.081872
296,SE,AGE_18_24,2661886,GENDER_MALE,,,,,,"{'advertiser_id': '7381489555305775105', 'objective_type': 'REACH', 'optimization_goal': 'REACH', 'placements': ['PLACEMENT_TIKTOK', 'PLACEMENT_PANGLE', 'PLACEMENT_GLOBAL_APP_BUNDLE'], 'location_ids': ['2661886'], 'gender': 'GENDER_MALE', 'age_groups': ['AGE_18_24']}",,"{'code': 0, 'message': 'OK', 'request_id': '202508021749154640D3D37555A30FAF10', 'data': {'user_count': {'lower_end': 421000, 'upper_end': 516000}, 'user_count_stage': 2}}",421000,516000,2,2025-08-02 11:51:04.081872
297,SE,AGE_45_54,2661886,GENDER_MALE,,,,,,"{'advertiser_id': '7381489555305775105', 'objective_type': 'REACH', 'optimization_goal': 'REACH', 'placements': ['PLACEMENT_TIKTOK', 'PLACEMENT_PANGLE', 'PLACEMENT_GLOBAL_APP_BUNDLE'], 'location_ids': ['2661886'], 'gender': 'GENDER_MALE', 'age_groups': ['AGE_45_54']}",,"{'code': 0, 'message': 'OK', 'request_id': '20250802174915C5988659FD29A215CFD0', 'data': {'user_count': {'lower_end': 128000, 'upper_end': 158000}, 'user_count_stage': 2}}",128000,158000,2,2025-08-02 11:51:04.081872
298,SE,AGE_55_100,2661886,GENDER_MALE,,,,,,"{'advertiser_id': '7381489555305775105', 'objective_type': 'REACH', 'optimization_goal': 'REACH', 'placements': ['PLACEMENT_TIKTOK', 'PLACEMENT_PANGLE', 'PLACEMENT_GLOBAL_APP_BUNDLE'], 'location_ids': ['2661886'], 'gender': 'GENDER_MALE', 'age_groups': ['AGE_55_100']}",,"{'code': 0, 'message': 'OK', 'request_id': '202508021749156EC6F5748AED08116B8C', 'data': {'user_count': {'lower_end': 111000, 'upper_end': 137000}, 'user_count_stage': 2}}",111000,137000,2,2025-08-02 11:51:04.081872
299,SE,AGE_25_34,2661886,GENDER_MALE,,,,,,"{'advertiser_id': '7381489555305775105', 'objective_type': 'REACH', 'optimization_goal': 'REACH', 'placements': ['PLACEMENT_TIKTOK', 'PLACEMENT_PANGLE', 'PLACEMENT_GLOBAL_APP_BUNDLE'], 'location_ids': ['2661886'], 'gender': 'GENDER_MALE', 'age_groups': ['AGE_25_34']}",,"{'code': 0, 'message': 'OK', 'request_id': '202508021749148D1B3935116AAD11FB52', 'data': {'user_count': {'lower_end': 422000, 'upper_end': 517000}, 'user_count_stage': 2}}",422000,517000,2,2025-08-02 11:51:04.081872
300,CH,AGE_13_17,2658434,GENDER_FEMALE,,,,,,"{'advertiser_id': '7381489555305775105', 'objective_type': 'REACH', 'optimization_goal': 'REACH', 'placements': ['PLACEMENT_TIKTOK', 'PLACEMENT_PANGLE', 'PLACEMENT_GLOBAL_APP_BUNDLE'], 'location_ids': ['2658434'], 'gender': 'GENDER_FEMALE', 'age_groups': ['AGE_13_17']}",,"{'code': 0, 'message': 'OK', 'request_id': '20250802174916F06FBAE6A96463181D8A', 'data': {'user_count': {'lower_end': 0, 'upper_end': 1000}, 'user_count_stage': 1}}",0,1000,1,2025-08-02 11:51:04.081872
301,CH,AGE_25_34,2658434,GENDER_FEMALE,,,,,,"{'advertiser_id': '7381489555305775105', 'objective_type': 'REACH', 'optimization_goal': 'REACH', 'placements': ['PLACEMENT_TIKTOK', 'PLACEMENT_PANGLE', 'PLACEMENT_GLOBAL_APP_BUNDLE'], 'location_ids': ['2658434'], 'gender': 'GENDER_FEMALE', 'age_groups': ['AGE_25_34']}",,"{'code': 0, 'message': 'OK', 'request_id': '20250802174916DEE81D117D256F17699D', 'data': {'user_count': {'lower_end': 333000, 'upper_end': 408000}, 'user_count_stage': 2}}",333000,408000,2,2025-08-02 11:51:04.081872
302,CH,AGE_45_54,2658434,GENDER_FEMALE,,,,,,"{'advertiser_id': '7381489555305775105', 'objective_type': 'REACH', 'optimization_goal': 'REACH', 'placements': ['PLACEMENT_TIKTOK', 'PLACEMENT_PANGLE', 'PLACEMENT_GLOBAL_APP_BUNDLE'], 'location_ids': ['2658434'], 'gender': 'GENDER_FEMALE', 'age_groups': ['AGE_45_54']}",,"{'code': 0, 'message': 'OK', 'request_id': '202508021749176B100B9D1246560EC2CA', 'data': {'user_count': {'lower_end': 161000, 'upper_end': 197000}, 'user_count_stage': 2}}",161000,197000,2,2025-08-02 11:51:04.081872
303,CH,AGE_35_44,2658434,GENDER_FEMALE,,,,,,"{'advertiser_id': '7381489555305775105', 'objective_type': 'REACH', 'optimization_goal': 'REACH', 'placements': ['PLACEMENT_TIKTOK', 'PLACEMENT_PANGLE', 'PLACEMENT_GLOBAL_APP_BUNDLE'], 'location_ids': ['2658434'], 'gender': 'GENDER_FEMALE', 'age_groups': ['AGE_35_44']}",,"{'code': 0, 'message': 'OK', 'request_id': '20250802174917E8B5AB5B77438C1675AE', 'data': {'user_count': {'lower_end': 178000, 'upper_end': 219000}, 'user_count_stage': 2}}",178000,219000,2,2025-08-02 11:51:04.081872
304,CH,AGE_18_24,2658434,GENDER_FEMALE,,,,,,"{'advertiser_id': '7381489555305775105', 'objective_type': 'REACH', 'optimization_goal': 'REACH', 'placements': ['PLACEMENT_TIKTOK', 'PLACEMENT_PANGLE', 'PLACEMENT_GLOBAL_APP_BUNDLE'], 'location_ids': ['2658434'], 'gender': 'GENDER_FEMALE', 'age_groups': ['AGE_18_24']}",,"{'code': 0, 'message': 'OK', 'request_id': '202508021749162D5AFAB940AF2C10BA93', 'data': {'user_count': {'lower_end': 269000, 'upper_end': 330000}, 'user_count_stage': 2}}",269000,330000,2,2025-08-02 11:51:04.081872
305,CH,AGE_13_17,2658434,GENDER_MALE,,,,,,"{'advertiser_id': '7381489555305775105', 'objective_type': 'REACH', 'optimization_goal': 'REACH', 'placements': ['PLACEMENT_TIKTOK', 'PLACEMENT_PANGLE', 'PLACEMENT_GLOBAL_APP_BUNDLE'], 'location_ids': ['2658434'], 'gender': 'GENDER_MALE', 'age_groups': ['AGE_13_17']}",,"{'code': 0, 'message': 'OK', 'request_id': '20250802174918A86941C5251BBA31F7C1', 'data': {'user_count': {'lower_end': 0, 'upper_end': 1000}, 'user_count_stage': 1}}",0,1000,1,2025-08-02 11:51:04.081872
306,CH,AGE_55_100,2658434,GENDER_FEMALE,,,,,,"{'advertiser_id': '7381489555305775105', 'objective_type': 'REACH', 'optimization_goal': 'REACH', 'placements': ['PLACEMENT_TIKTOK', 'PLACEMENT_PANGLE', 'PLACEMENT_GLOBAL_APP_BUNDLE'], 'location_ids': ['2658434'], 'gender': 'GENDER_FEMALE', 'age_groups': ['AGE_55_100']}",,"{'code': 0, 'message': 'OK', 'request_id': '20250802174918CAE4EFE9E69A52139E4F', 'data': {'user_count': {'lower_end': 94000, 'upper_end': 116000}, 'user_count_stage': 2}}",94000,116000,2,2025-08-02 11:51:04.081872
307,CH,AGE_25_34,2658434,GENDER_MALE,,,,,,"{'advertiser_id': '7381489555305775105', 'objective_type': 'REACH', 'optimization_goal': 'REACH', 'placements': ['PLACEMENT_TIKTOK', 'PLACEMENT_PANGLE', 'PLACEMENT_GLOBAL_APP_BUNDLE'], 'location_ids': ['2658434'], 'gender': 'GENDER_MALE', 'age_groups': ['AGE_25_34']}",,"{'code': 0, 'message': 'OK', 'request_id': '20250802174919B33027E4FD2CB91EECC9', 'data': {'user_count': {'lower_end': 263000, 'upper_end': 323000}, 'user_count_stage': 2}}",263000,323000,2,2025-08-02 11:51:04.081872
308,CH,AGE_35_44,2658434,GENDER_MALE,,,,,,"{'advertiser_id': '7381489555305775105', 'objective_type': 'REACH', 'optimization_goal': 'REACH', 'placements': ['PLACEMENT_TIKTOK', 'PLACEMENT_PANGLE', 'PLACEMENT_GLOBAL_APP_BUNDLE'], 'location_ids': ['2658434'], 'gender': 'GENDER_MALE', 'age_groups': ['AGE_35_44']}",,"{'code': 0, 'message': 'OK', 'request_id': '20250802174920FAFC7DE193B8301C5B45', 'data': {'user_count': {'lower_end': 152000, 'upper_end': 187000}, 'user_count_stage': 2}}",152000,187000,2,2025-08-02 11:51:04.081872
309,CH,AGE_18_24,2658434,GENDER_MALE,,,,,,"{'advertiser_id': '7381489555305775105', 'objective_type': 'REACH', 'optimization_goal': 'REACH', 'placements': ['PLACEMENT_TIKTOK', 'PLACEMENT_PANGLE', 'PLACEMENT_GLOBAL_APP_BUNDLE'], 'location_ids': ['2658434'], 'gender': 'GENDER_MALE', 'age_groups': ['AGE_18_24']}",,"{'code': 0, 'message': 'OK', 'request_id': '20250802174919141901A5E60084138D95', 'data': {'user_count': {'lower_end': 221000, 'upper_end': 271000}, 'user_count_stage': 2}}",221000,271000,2,2025-08-02 11:51:04.081872
310,CH,AGE_45_54,2658434,GENDER_MALE,,,,,,"{'advertiser_id': '7381489555305775105', 'objective_type': 'REACH', 'optimization_goal': 'REACH', 'placements': ['PLACEMENT_TIKTOK', 'PLACEMENT_PANGLE', 'PLACEMENT_GLOBAL_APP_BUNDLE'], 'location_ids': ['2658434'], 'gender': 'GENDER_MALE', 'age_groups': ['AGE_45_54']}",,"{'code': 0, 'message': 'OK', 'request_id': '20250802174920269348DFE655611057F5', 'data': {'user_count': {'lower_end': 130000, 'upper_end': 161000}, 'user_count_stage': 2}}",130000,161000,2,2025-08-02 11:51:04.081872
311,CH,AGE_55_100,2658434,GENDER_MALE,,,,,,"{'advertiser_id': '7381489555305775105', 'objective_type': 'REACH', 'optimization_goal': 'REACH', 'placements': ['PLACEMENT_TIKTOK', 'PLACEMENT_PANGLE', 'PLACEMENT_GLOBAL_APP_BUNDLE'], 'location_ids': ['2658434'], 'gender': 'GENDER_MALE', 'age_groups': ['AGE_55_100']}",,"{'code': 0, 'message': 'OK', 'request_id': '20250802174921BC28BB06AF1DC9126FF0', 'data': {'user_count': {'lower_end': 73000, 'upper_end': 90000}, 'user_count_stage': 2}}",73000,90000,2,2025-08-02 11:51:04.081872
312,AT,AGE_18_24,2782113,GENDER_FEMALE,,,,,,"{'advertiser_id': '7381489555305775105', 'objective_type': 'REACH', 'optimization_goal': 'REACH', 'placements': ['PLACEMENT_TIKTOK', 'PLACEMENT_PANGLE', 'PLACEMENT_GLOBAL_APP_BUNDLE'], 'location_ids': ['2782113'], 'gender': 'GENDER_FEMALE', 'age_groups': ['AGE_18_24']}",,"{'code': 0, 'message': 'OK', 'request_id': '202508021749218B779141AD42111AB954', 'data': {'user_count': {'lower_end': 336000, 'upper_end': 412000}, 'user_count_stage': 2}}",336000,412000,2,2025-08-02 11:51:04.081872
313,AT,AGE_25_34,2782113,GENDER_FEMALE,,,,,,"{'advertiser_id': '7381489555305775105', 'objective_type': 'REACH', 'optimization_goal': 'REACH', 'placements': ['PLACEMENT_TIKTOK', 'PLACEMENT_PANGLE', 'PLACEMENT_GLOBAL_APP_BUNDLE'], 'location_ids': ['2782113'], 'gender': 'GENDER_FEMALE', 'age_groups': ['AGE_25_34']}",,"{'code': 0, 'message': 'OK', 'request_id': '20250802174922413DE0B4DCF4F4155D00', 'data': {'user_count': {'lower_end': 357000, 'upper_end': 438000}, 'user_count_stage': 2}}",357000,438000,2,2025-08-02 11:51:04.081872
314,AT,AGE_35_44,2782113,GENDER_FEMALE,,,,,,"{'advertiser_id': '7381489555305775105', 'objective_type': 'REACH', 'optimization_goal': 'REACH', 'placements': ['PLACEMENT_TIKTOK', 'PLACEMENT_PANGLE', 'PLACEMENT_GLOBAL_APP_BUNDLE'], 'location_ids': ['2782113'], 'gender': 'GENDER_FEMALE', 'age_groups': ['AGE_35_44']}",,"{'code': 0, 'message': 'OK', 'request_id': '20250802174922014628A75B7B160FC26E', 'data': {'user_count': {'lower_end': 191000, 'upper_end': 234000}, 'user_count_stage': 2}}",191000,234000,2,2025-08-02 11:51:04.081872
315,AT,AGE_45_54,2782113,GENDER_FEMALE,,,,,,"{'advertiser_id': '7381489555305775105', 'objective_type': 'REACH', 'optimization_goal': 'REACH', 'placements': ['PLACEMENT_TIKTOK', 'PLACEMENT_PANGLE', 'PLACEMENT_GLOBAL_APP_BUNDLE'], 'location_ids': ['2782113'], 'gender': 'GENDER_FEMALE', 'age_groups': ['AGE_45_54']}",,"{'code': 0, 'message': 'OK', 'request_id': '202508021749226AE3DCA725F7A5110186', 'data': {'user_count': {'lower_end': 154000, 'upper_end': 190000}, 'user_count_stage': 2}}",154000,190000,2,2025-08-02 11:51:04.081872
316,AT,AGE_55_100,2782113,GENDER_FEMALE,,,,,,"{'advertiser_id': '7381489555305775105', 'objective_type': 'REACH', 'optimization_goal': 'REACH', 'placements': ['PLACEMENT_TIKTOK', 'PLACEMENT_PANGLE', 'PLACEMENT_GLOBAL_APP_BUNDLE'], 'location_ids': ['2782113'], 'gender': 'GENDER_FEMALE', 'age_groups': ['AGE_55_100']}",,"{'code': 0, 'message': 'OK', 'request_id': '20250802174923F4B6298CA242421818D5', 'data': {'user_count': {'lower_end': 100000, 'upper_end': 124000}, 'user_count_stage': 2}}",100000,124000,2,2025-08-02 11:51:04.081872
317,AT,AGE_13_17,2782113,GENDER_MALE,,,,,,"{'advertiser_id': '7381489555305775105', 'objective_type': 'REACH', 'optimization_goal': 'REACH', 'placements': ['PLACEMENT_TIKTOK', 'PLACEMENT_PANGLE', 'PLACEMENT_GLOBAL_APP_BUNDLE'], 'location_ids': ['2782113'], 'gender': 'GENDER_MALE', 'age_groups': ['AGE_13_17']}",,"{'code': 0, 'message': 'OK', 'request_id': '20250802174923F00070C7E1603616655A', 'data': {'user_count': {'lower_end': 0, 'upper_end': 1000}, 'user_count_stage': 1}}",0,1000,1,2025-08-02 11:51:04.081872
318,AT,AGE_18_24,2782113,GENDER_MALE,,,,,,"{'advertiser_id': '7381489555305775105', 'objective_type': 'REACH', 'optimization_goal': 'REACH', 'placements': ['PLACEMENT_TIKTOK', 'PLACEMENT_PANGLE', 'PLACEMENT_GLOBAL_APP_BUNDLE'], 'location_ids': ['2782113'], 'gender': 'GENDER_MALE', 'age_groups': ['AGE_18_24']}",,"{'code': 0, 'message': 'OK', 'request_id': '2025080217492470563FC6340B4714D5EE', 'data': {'user_count': {'lower_end': 266000, 'upper_end': 327000}, 'user_count_stage': 2}}",266000,327000,2,2025-08-02 11:51:04.081872
319,AT,AGE_25_34,2782113,GENDER_MALE,,,,,,"{'advertiser_id': '7381489555305775105', 'objective_type': 'REACH', 'optimization_goal': 'REACH', 'placements': ['PLACEMENT_TIKTOK', 'PLACEMENT_PANGLE', 'PLACEMENT_GLOBAL_APP_BUNDLE'], 'location_ids': ['2782113'], 'gender': 'GENDER_MALE', 'age_groups': ['AGE_25_34']}",,"{'code': 0, 'message': 'OK', 'request_id': '20250802174924047604D914F7180D8645', 'data': {'user_count': {'lower_end': 314000, 'upper_end': 384000}, 'user_count_stage': 2}}",314000,384000,2,2025-08-02 11:51:04.081872
320,AT,AGE_13_17,2782113,GENDER_FEMALE,,,,,,"{'advertiser_id': '7381489555305775105', 'objective_type': 'REACH', 'optimization_goal': 'REACH', 'placements': ['PLACEMENT_TIKTOK', 'PLACEMENT_PANGLE', 'PLACEMENT_GLOBAL_APP_BUNDLE'], 'location_ids': ['2782113'], 'gender': 'GENDER_FEMALE', 'age_groups': ['AGE_13_17']}",,"{'code': 0, 'message': 'OK', 'request_id': '20250802174921150393E5B0B8001A4B1E', 'data': {'user_count': {'lower_end': 0, 'upper_end': 1000}, 'user_count_stage': 1}}",0,1000,1,2025-08-02 11:51:04.081872
321,AT,AGE_35_44,2782113,GENDER_MALE,,,,,,"{'advertiser_id': '7381489555305775105', 'objective_type': 'REACH', 'optimization_goal': 'REACH', 'placements': ['PLACEMENT_TIKTOK', 'PLACEMENT_PANGLE', 'PLACEMENT_GLOBAL_APP_BUNDLE'], 'location_ids': ['2782113'], 'gender': 'GENDER_MALE', 'age_groups': ['AGE_35_44']}",,"{'code': 0, 'message': 'OK', 'request_id': '2025080217492569A8D5939906480F7542', 'data': {'user_count': {'lower_end': 164000, 'upper_end': 202000}, 'user_count_stage': 2}}",164000,202000,2,2025-08-02 11:51:04.081872
322,AT,AGE_45_54,2782113,GENDER_MALE,,,,,,"{'advertiser_id': '7381489555305775105', 'objective_type': 'REACH', 'optimization_goal': 'REACH', 'placements': ['PLACEMENT_TIKTOK', 'PLACEMENT_PANGLE', 'PLACEMENT_GLOBAL_APP_BUNDLE'], 'location_ids': ['2782113'], 'gender': 'GENDER_MALE', 'age_groups': ['AGE_45_54']}",,"{'code': 0, 'message': 'OK', 'request_id': '20250802174925C30278B856E38C18F0E0', 'data': {'user_count': {'lower_end': 129000, 'upper_end': 158000}, 'user_count_stage': 2}}",129000,158000,2,2025-08-02 11:51:04.081872
323,AT,AGE_55_100,2782113,GENDER_MALE,,,,,,"{'advertiser_id': '7381489555305775105', 'objective_type': 'REACH', 'optimization_goal': 'REACH', 'placements': ['PLACEMENT_TIKTOK', 'PLACEMENT_PANGLE', 'PLACEMENT_GLOBAL_APP_BUNDLE'], 'location_ids': ['2782113'], 'gender': 'GENDER_MALE', 'age_groups': ['AGE_55_100']}",,"{'code': 0, 'message': 'OK', 'request_id': '202508021749250CB2E922EC44701A4693', 'data': {'user_count': {'lower_end': 85000, 'upper_end': 104000}, 'user_count_stage': 2}}",85000,104000,2,2025-08-02 11:51:04.081872
324,IE,AGE_18_24,2963597,GENDER_FEMALE,,,,,,"{'advertiser_id': '7381489555305775105', 'objective_type': 'REACH', 'optimization_goal': 'REACH', 'placements': ['PLACEMENT_TIKTOK', 'PLACEMENT_PANGLE', 'PLACEMENT_GLOBAL_APP_BUNDLE'], 'location_ids': ['2963597'], 'gender': 'GENDER_FEMALE', 'age_groups': ['AGE_18_24']}",,"{'code': 0, 'message': 'OK', 'request_id': '20250802174926E02CA8C9A4D1901271B8', 'data': {'user_count': {'lower_end': 406000, 'upper_end': 497000}, 'user_count_stage': 2}}",406000,497000,2,2025-08-02 11:51:04.081872
325,IE,AGE_13_17,2963597,GENDER_FEMALE,,,,,,"{'advertiser_id': '7381489555305775105', 'objective_type': 'REACH', 'optimization_goal': 'REACH', 'placements': ['PLACEMENT_TIKTOK', 'PLACEMENT_PANGLE', 'PLACEMENT_GLOBAL_APP_BUNDLE'], 'location_ids': ['2963597'], 'gender': 'GENDER_FEMALE', 'age_groups': ['AGE_13_17']}",,"{'code': 0, 'message': 'OK', 'request_id': '2025080217492586C810ADF8F80D12DCA3', 'data': {'user_count': {'lower_end': 0, 'upper_end': 1000}, 'user_count_stage': 1}}",0,1000,1,2025-08-02 11:51:04.081872
326,IE,AGE_25_34,2963597,GENDER_FEMALE,,,,,,"{'advertiser_id': '7381489555305775105', 'objective_type': 'REACH', 'optimization_goal': 'REACH', 'placements': ['PLACEMENT_TIKTOK', 'PLACEMENT_PANGLE', 'PLACEMENT_GLOBAL_APP_BUNDLE'], 'location_ids': ['2963597'], 'gender': 'GENDER_FEMALE', 'age_groups': ['AGE_25_34']}",,"{'code': 0, 'message': 'OK', 'request_id': '202508021749260D2C0232E72D79145CE2', 'data': {'user_count': {'lower_end': 358000, 'upper_end': 438000}, 'user_count_stage': 2}}",358000,438000,2,2025-08-02 11:51:04.081872
327,IE,AGE_35_44,2963597,GENDER_FEMALE,,,,,,"{'advertiser_id': '7381489555305775105', 'objective_type': 'REACH', 'optimization_goal': 'REACH', 'placements': ['PLACEMENT_TIKTOK', 'PLACEMENT_PANGLE', 'PLACEMENT_GLOBAL_APP_BUNDLE'], 'location_ids': ['2963597'], 'gender': 'GENDER_FEMALE', 'age_groups': ['AGE_35_44']}",,"{'code': 0, 'message': 'OK', 'request_id': '20250802174926D026D0A31789F01350D8', 'data': {'user_count': {'lower_end': 230000, 'upper_end': 282000}, 'user_count_stage': 2}}",230000,282000,2,2025-08-02 11:51:04.081872
328,IE,AGE_45_54,2963597,GENDER_FEMALE,,,,,,"{'advertiser_id': '7381489555305775105', 'objective_type': 'REACH', 'optimization_goal': 'REACH', 'placements': ['PLACEMENT_TIKTOK', 'PLACEMENT_PANGLE', 'PLACEMENT_GLOBAL_APP_BUNDLE'], 'location_ids': ['2963597'], 'gender': 'GENDER_FEMALE', 'age_groups': ['AGE_45_54']}",,"{'code': 0, 'message': 'OK', 'request_id': '202508021749278D9C889A4C0FB9118172', 'data': {'user_count': {'lower_end': 214000, 'upper_end': 263000}, 'user_count_stage': 2}}",214000,263000,2,2025-08-02 11:51:04.081872
329,IE,AGE_55_100,2963597,GENDER_FEMALE,,,,,,"{'advertiser_id': '7381489555305775105', 'objective_type': 'REACH', 'optimization_goal': 'REACH', 'placements': ['PLACEMENT_TIKTOK', 'PLACEMENT_PANGLE', 'PLACEMENT_GLOBAL_APP_BUNDLE'], 'location_ids': ['2963597'], 'gender': 'GENDER_FEMALE', 'age_groups': ['AGE_55_100']}",,"{'code': 0, 'message': 'OK', 'request_id': '20250802174927B50CAC32D440E313B674', 'data': {'user_count': {'lower_end': 120000, 'upper_end': 148000}, 'user_count_stage': 2}}",120000,148000,2,2025-08-02 11:51:04.081872
330,IE,AGE_13_17,2963597,GENDER_MALE,,,,,,"{'advertiser_id': '7381489555305775105', 'objective_type': 'REACH', 'optimization_goal': 'REACH', 'placements': ['PLACEMENT_TIKTOK', 'PLACEMENT_PANGLE', 'PLACEMENT_GLOBAL_APP_BUNDLE'], 'location_ids': ['2963597'], 'gender': 'GENDER_MALE', 'age_groups': ['AGE_13_17']}",,"{'code': 0, 'message': 'OK', 'request_id': '20250802174927B07F6D796C3FD40E33DA', 'data': {'user_count': {'lower_end': 0, 'upper_end': 1000}, 'user_count_stage': 1}}",0,1000,1,2025-08-02 11:51:04.081872
331,IE,AGE_18_24,2963597,GENDER_MALE,,,,,,"{'advertiser_id': '7381489555305775105', 'objective_type': 'REACH', 'optimization_goal': 'REACH', 'placements': ['PLACEMENT_TIKTOK', 'PLACEMENT_PANGLE', 'PLACEMENT_GLOBAL_APP_BUNDLE'], 'location_ids': ['2963597'], 'gender': 'GENDER_MALE', 'age_groups': ['AGE_18_24']}",,"{'code': 0, 'message': 'OK', 'request_id': '202508021749281A1A7B05D838B916B4C9', 'data': {'user_count': {'lower_end': 273000, 'upper_end': 335000}, 'user_count_stage': 2}}",273000,335000,2,2025-08-02 11:51:04.081872
332,IE,AGE_25_34,2963597,GENDER_MALE,,,,,,"{'advertiser_id': '7381489555305775105', 'objective_type': 'REACH', 'optimization_goal': 'REACH', 'placements': ['PLACEMENT_TIKTOK', 'PLACEMENT_PANGLE', 'PLACEMENT_GLOBAL_APP_BUNDLE'], 'location_ids': ['2963597'], 'gender': 'GENDER_MALE', 'age_groups': ['AGE_25_34']}",,"{'code': 0, 'message': 'OK', 'request_id': '20250802174928C40CB7CC52C90911677E', 'data': {'user_count': {'lower_end': 247000, 'upper_end': 303000}, 'user_count_stage': 2}}",247000,303000,2,2025-08-02 11:51:04.081872
333,IE,AGE_35_44,2963597,GENDER_MALE,,,,,,"{'advertiser_id': '7381489555305775105', 'objective_type': 'REACH', 'optimization_goal': 'REACH', 'placements': ['PLACEMENT_TIKTOK', 'PLACEMENT_PANGLE', 'PLACEMENT_GLOBAL_APP_BUNDLE'], 'location_ids': ['2963597'], 'gender': 'GENDER_MALE', 'age_groups': ['AGE_35_44']}",,"{'code': 0, 'message': 'OK', 'request_id': '20250802174928074618BB935767140EF9', 'data': {'user_count': {'lower_end': 154000, 'upper_end': 189000}, 'user_count_stage': 2}}",154000,189000,2,2025-08-02 11:51:04.081872
334,IE,AGE_45_54,2963597,GENDER_MALE,,,,,,"{'advertiser_id': '7381489555305775105', 'objective_type': 'REACH', 'optimization_goal': 'REACH', 'placements': ['PLACEMENT_TIKTOK', 'PLACEMENT_PANGLE', 'PLACEMENT_GLOBAL_APP_BUNDLE'], 'location_ids': ['2963597'], 'gender': 'GENDER_MALE', 'age_groups': ['AGE_45_54']}",,"{'code': 0, 'message': 'OK', 'request_id': '20250802174929A0B1C60FE16EFF1300E2', 'data': {'user_count': {'lower_end': 152000, 'upper_end': 186000}, 'user_count_stage': 2}}",152000,186000,2,2025-08-02 11:51:04.081872
335,MX,AGE_13_17,3996063,GENDER_FEMALE,,,,,,"{'advertiser_id': '7381489555305775105', 'objective_type': 'REACH', 'optimization_goal': 'REACH', 'placements': ['PLACEMENT_TIKTOK', 'PLACEMENT_PANGLE', 'PLACEMENT_GLOBAL_APP_BUNDLE'], 'location_ids': ['3996063'], 'gender': 'GENDER_FEMALE', 'age_groups': ['AGE_13_17']}",,"{'code': 0, 'message': 'OK', 'request_id': '20250802174929E45ACFCECFA8551402A4', 'data': {'user_count': {'lower_end': 0, 'upper_end': 1000}, 'user_count_stage': 1}}",0,1000,1,2025-08-02 11:51:04.081872
336,MX,AGE_18_24,3996063,GENDER_FEMALE,,,,,,"{'advertiser_id': '7381489555305775105', 'objective_type': 'REACH', 'optimization_goal': 'REACH', 'placements': ['PLACEMENT_TIKTOK', 'PLACEMENT_PANGLE', 'PLACEMENT_GLOBAL_APP_BUNDLE'], 'location_ids': ['3996063'], 'gender': 'GENDER_FEMALE', 'age_groups': ['AGE_18_24']}",,"{'code': 0, 'message': 'OK', 'request_id': '202508021749298F08E9A1FE73C71056F6', 'data': {'user_count': {'lower_end': 11696000, 'upper_end': 14296000}, 'user_count_stage': 2}}",11696000,14296000,2,2025-08-02 11:51:04.081872
337,IE,AGE_55_100,2963597,GENDER_MALE,,,,,,"{'advertiser_id': '7381489555305775105', 'objective_type': 'REACH', 'optimization_goal': 'REACH', 'placements': ['PLACEMENT_TIKTOK', 'PLACEMENT_PANGLE', 'PLACEMENT_GLOBAL_APP_BUNDLE'], 'location_ids': ['2963597'], 'gender': 'GENDER_MALE', 'age_groups': ['AGE_55_100']}",,"{'code': 0, 'message': 'OK', 'request_id': '202508021749290C42D8DA70BBFD5161C4', 'data': {'user_count': {'lower_end': 90000, 'upper_end': 111000}, 'user_count_stage': 2}}",90000,111000,2,2025-08-02 11:51:04.081872
338,MX,AGE_25_34,3996063,GENDER_FEMALE,,,,,,"{'advertiser_id': '7381489555305775105', 'objective_type': 'REACH', 'optimization_goal': 'REACH', 'placements': ['PLACEMENT_TIKTOK', 'PLACEMENT_PANGLE', 'PLACEMENT_GLOBAL_APP_BUNDLE'], 'location_ids': ['3996063'], 'gender': 'GENDER_FEMALE', 'age_groups': ['AGE_25_34']}",,"{'code': 0, 'message': 'OK', 'request_id': '2025080217492975DC9D42A68E1635BE92', 'data': {'user_count': {'lower_end': 18036000, 'upper_end': 22046000}, 'user_count_stage': 3}}",18036000,22046000,3,2025-08-02 11:51:04.081872
339,MX,AGE_35_44,3996063,GENDER_FEMALE,,,,,,"{'advertiser_id': '7381489555305775105', 'objective_type': 'REACH', 'optimization_goal': 'REACH', 'placements': ['PLACEMENT_TIKTOK', 'PLACEMENT_PANGLE', 'PLACEMENT_GLOBAL_APP_BUNDLE'], 'location_ids': ['3996063'], 'gender': 'GENDER_FEMALE', 'age_groups': ['AGE_35_44']}",,"{'code': 0, 'message': 'OK', 'request_id': '2025080217493069A8D5939906480F7640', 'data': {'user_count': {'lower_end': 5738000, 'upper_end': 7014000}, 'user_count_stage': 2}}",5738000,7014000,2,2025-08-02 11:51:04.081872
340,MX,AGE_55_100,3996063,GENDER_FEMALE,,,,,,"{'advertiser_id': '7381489555305775105', 'objective_type': 'REACH', 'optimization_goal': 'REACH', 'placements': ['PLACEMENT_TIKTOK', 'PLACEMENT_PANGLE', 'PLACEMENT_GLOBAL_APP_BUNDLE'], 'location_ids': ['3996063'], 'gender': 'GENDER_FEMALE', 'age_groups': ['AGE_55_100']}",,"{'code': 0, 'message': 'OK', 'request_id': '20250802174930269348DFE655611059FD', 'data': {'user_count': {'lower_end': 2906000, 'upper_end': 3552000}, 'user_count_stage': 2}}",2906000,3552000,2,2025-08-02 11:51:04.081872
341,MX,AGE_13_17,3996063,GENDER_MALE,,,,,,"{'advertiser_id': '7381489555305775105', 'objective_type': 'REACH', 'optimization_goal': 'REACH', 'placements': ['PLACEMENT_TIKTOK', 'PLACEMENT_PANGLE', 'PLACEMENT_GLOBAL_APP_BUNDLE'], 'location_ids': ['3996063'], 'gender': 'GENDER_MALE', 'age_groups': ['AGE_13_17']}",,"{'code': 0, 'message': 'OK', 'request_id': '2025080217493170563FC6340B4714D789', 'data': {'user_count': {'lower_end': 0, 'upper_end': 1000}, 'user_count_stage': 1}}",0,1000,1,2025-08-02 11:51:04.081872
342,MX,AGE_45_54,3996063,GENDER_FEMALE,,,,,,"{'advertiser_id': '7381489555305775105', 'objective_type': 'REACH', 'optimization_goal': 'REACH', 'placements': ['PLACEMENT_TIKTOK', 'PLACEMENT_PANGLE', 'PLACEMENT_GLOBAL_APP_BUNDLE'], 'location_ids': ['3996063'], 'gender': 'GENDER_FEMALE', 'age_groups': ['AGE_45_54']}",,"{'code': 0, 'message': 'OK', 'request_id': '202508021749303FF80DDBBEDA7E159EEC', 'data': {'user_count': {'lower_end': 3339000, 'upper_end': 4082000}, 'user_count_stage': 2}}",3339000,4082000,2,2025-08-02 11:51:04.081872
343,MX,AGE_18_24,3996063,GENDER_MALE,,,,,,"{'advertiser_id': '7381489555305775105', 'objective_type': 'REACH', 'optimization_goal': 'REACH', 'placements': ['PLACEMENT_TIKTOK', 'PLACEMENT_PANGLE', 'PLACEMENT_GLOBAL_APP_BUNDLE'], 'location_ids': ['3996063'], 'gender': 'GENDER_MALE', 'age_groups': ['AGE_18_24']}",,"{'code': 0, 'message': 'OK', 'request_id': '202508021749313406DB360708FD149465', 'data': {'user_count': {'lower_end': 10520000, 'upper_end': 12859000}, 'user_count_stage': 2}}",10520000,12859000,2,2025-08-02 11:51:04.081872
344,MX,AGE_35_44,3996063,GENDER_MALE,,,,,,"{'advertiser_id': '7381489555305775105', 'objective_type': 'REACH', 'optimization_goal': 'REACH', 'placements': ['PLACEMENT_TIKTOK', 'PLACEMENT_PANGLE', 'PLACEMENT_GLOBAL_APP_BUNDLE'], 'location_ids': ['3996063'], 'gender': 'GENDER_MALE', 'age_groups': ['AGE_35_44']}",,"{'code': 0, 'message': 'OK', 'request_id': '20250802174933FF91A0787C42ED11E046', 'data': {'user_count': {'lower_end': 6295000, 'upper_end': 7695000}, 'user_count_stage': 2}}",6295000,7695000,2,2025-08-02 11:51:04.081872
345,MX,AGE_25_34,3996063,GENDER_MALE,,,,,,"{'advertiser_id': '7381489555305775105', 'objective_type': 'REACH', 'optimization_goal': 'REACH', 'placements': ['PLACEMENT_TIKTOK', 'PLACEMENT_PANGLE', 'PLACEMENT_GLOBAL_APP_BUNDLE'], 'location_ids': ['3996063'], 'gender': 'GENDER_MALE', 'age_groups': ['AGE_25_34']}",,"{'code': 0, 'message': 'OK', 'request_id': '202508021749318B779141AD42111ABAFD', 'data': {'user_count': {'lower_end': 22726000, 'upper_end': 27777000}, 'user_count_stage': 3}}",22726000,27777000,3,2025-08-02 11:51:04.081872
346,MX,AGE_45_54,3996063,GENDER_MALE,,,,,,"{'advertiser_id': '7381489555305775105', 'objective_type': 'REACH', 'optimization_goal': 'REACH', 'placements': ['PLACEMENT_TIKTOK', 'PLACEMENT_PANGLE', 'PLACEMENT_GLOBAL_APP_BUNDLE'], 'location_ids': ['3996063'], 'gender': 'GENDER_MALE', 'age_groups': ['AGE_45_54']}",,"{'code': 0, 'message': 'OK', 'request_id': '202508021749330DD6BAC1133A25195B65', 'data': {'user_count': {'lower_end': 3409000, 'upper_end': 4168000}, 'user_count_stage': 2}}",3409000,4168000,2,2025-08-02 11:51:04.081872
347,MX,AGE_55_100,3996063,GENDER_MALE,,,,,,"{'advertiser_id': '7381489555305775105', 'objective_type': 'REACH', 'optimization_goal': 'REACH', 'placements': ['PLACEMENT_TIKTOK', 'PLACEMENT_PANGLE', 'PLACEMENT_GLOBAL_APP_BUNDLE'], 'location_ids': ['3996063'], 'gender': 'GENDER_MALE', 'age_groups': ['AGE_55_100']}",,"{'code': 0, 'message': 'OK', 'request_id': '20250802174933C9D54A3FE53092104A16', 'data': {'user_count': {'lower_end': 2545000, 'upper_end': 3111000}, 'user_count_stage': 2}}",2545000,3111000,2,2025-08-02 11:51:04.081872
348,RO,AGE_13_17,798549,GENDER_FEMALE,,,,,,"{'advertiser_id': '7381489555305775105', 'objective_type': 'REACH', 'optimization_goal': 'REACH', 'placements': ['PLACEMENT_TIKTOK', 'PLACEMENT_PANGLE', 'PLACEMENT_GLOBAL_APP_BUNDLE'], 'location_ids': ['798549'], 'gender': 'GENDER_FEMALE', 'age_groups': ['AGE_13_17']}",,"{'code': 0, 'message': 'OK', 'request_id': '202508021749330334E78F3BD11810AE2B', 'data': {'user_count': {'lower_end': 0, 'upper_end': 1000}, 'user_count_stage': 1}}",0,1000,1,2025-08-02 11:51:04.081872
349,RO,AGE_18_24,798549,GENDER_FEMALE,,,,,,"{'advertiser_id': '7381489555305775105', 'objective_type': 'REACH', 'optimization_goal': 'REACH', 'placements': ['PLACEMENT_TIKTOK', 'PLACEMENT_PANGLE', 'PLACEMENT_GLOBAL_APP_BUNDLE'], 'location_ids': ['798549'], 'gender': 'GENDER_FEMALE', 'age_groups': ['AGE_18_24']}",,"{'code': 0, 'message': 'OK', 'request_id': '2025080217493464AE58A46FA2D80D8E98', 'data': {'user_count': {'lower_end': 793000, 'upper_end': 970000}, 'user_count_stage': 2}}",793000,970000,2,2025-08-02 11:51:04.081872
350,RO,AGE_25_34,798549,GENDER_FEMALE,,,,,,"{'advertiser_id': '7381489555305775105', 'objective_type': 'REACH', 'optimization_goal': 'REACH', 'placements': ['PLACEMENT_TIKTOK', 'PLACEMENT_PANGLE', 'PLACEMENT_GLOBAL_APP_BUNDLE'], 'location_ids': ['798549'], 'gender': 'GENDER_FEMALE', 'age_groups': ['AGE_25_34']}",,"{'code': 0, 'message': 'OK', 'request_id': '20250802174934BA267B9E444F5A127378', 'data': {'user_count': {'lower_end': 995000, 'upper_end': 1217000}, 'user_count_stage': 2}}",995000,1217000,2,2025-08-02 11:51:04.081872
351,RO,AGE_35_44,798549,GENDER_FEMALE,,,,,,"{'advertiser_id': '7381489555305775105', 'objective_type': 'REACH', 'optimization_goal': 'REACH', 'placements': ['PLACEMENT_TIKTOK', 'PLACEMENT_PANGLE', 'PLACEMENT_GLOBAL_APP_BUNDLE'], 'location_ids': ['798549'], 'gender': 'GENDER_FEMALE', 'age_groups': ['AGE_35_44']}",,"{'code': 0, 'message': 'OK', 'request_id': '20250802174934A86941C5251BBA31FA80', 'data': {'user_count': {'lower_end': 877000, 'upper_end': 1073000}, 'user_count_stage': 2}}",877000,1073000,2,2025-08-02 11:51:04.081872
352,RO,AGE_45_54,798549,GENDER_FEMALE,,,,,,"{'advertiser_id': '7381489555305775105', 'objective_type': 'REACH', 'optimization_goal': 'REACH', 'placements': ['PLACEMENT_TIKTOK', 'PLACEMENT_PANGLE', 'PLACEMENT_GLOBAL_APP_BUNDLE'], 'location_ids': ['798549'], 'gender': 'GENDER_FEMALE', 'age_groups': ['AGE_45_54']}",,"{'code': 0, 'message': 'OK', 'request_id': '20250802174935FF91A0787C42ED11E08D', 'data': {'user_count': {'lower_end': 895000, 'upper_end': 1095000}, 'user_count_stage': 2}}",895000,1095000,2,2025-08-02 11:51:04.081872
353,RO,AGE_55_100,798549,GENDER_FEMALE,,,,,,"{'advertiser_id': '7381489555305775105', 'objective_type': 'REACH', 'optimization_goal': 'REACH', 'placements': ['PLACEMENT_TIKTOK', 'PLACEMENT_PANGLE', 'PLACEMENT_GLOBAL_APP_BUNDLE'], 'location_ids': ['798549'], 'gender': 'GENDER_FEMALE', 'age_groups': ['AGE_55_100']}",,"{'code': 0, 'message': 'OK', 'request_id': '20250802174935B4665BB8A0144F1856F4', 'data': {'user_count': {'lower_end': 798000, 'upper_end': 977000}, 'user_count_stage': 2}}",798000,977000,2,2025-08-02 11:51:04.081872
354,RO,AGE_13_17,798549,GENDER_MALE,,,,,,"{'advertiser_id': '7381489555305775105', 'objective_type': 'REACH', 'optimization_goal': 'REACH', 'placements': ['PLACEMENT_TIKTOK', 'PLACEMENT_PANGLE', 'PLACEMENT_GLOBAL_APP_BUNDLE'], 'location_ids': ['798549'], 'gender': 'GENDER_MALE', 'age_groups': ['AGE_13_17']}",,"{'code': 0, 'message': 'OK', 'request_id': '202508021749352FFB4A838719AE1052A5', 'data': {'user_count': {'lower_end': 0, 'upper_end': 1000}, 'user_count_stage': 1}}",0,1000,1,2025-08-02 11:51:04.081872
355,RO,AGE_18_24,798549,GENDER_MALE,,,,,,"{'advertiser_id': '7381489555305775105', 'objective_type': 'REACH', 'optimization_goal': 'REACH', 'placements': ['PLACEMENT_TIKTOK', 'PLACEMENT_PANGLE', 'PLACEMENT_GLOBAL_APP_BUNDLE'], 'location_ids': ['798549'], 'gender': 'GENDER_MALE', 'age_groups': ['AGE_18_24']}",,"{'code': 0, 'message': 'OK', 'request_id': '2025080217493574899E1C322D4E0E295F', 'data': {'user_count': {'lower_end': 687000, 'upper_end': 840000}, 'user_count_stage': 2}}",687000,840000,2,2025-08-02 11:51:04.081872
356,RO,AGE_25_34,798549,GENDER_MALE,,,,,,"{'advertiser_id': '7381489555305775105', 'objective_type': 'REACH', 'optimization_goal': 'REACH', 'placements': ['PLACEMENT_TIKTOK', 'PLACEMENT_PANGLE', 'PLACEMENT_GLOBAL_APP_BUNDLE'], 'location_ids': ['798549'], 'gender': 'GENDER_MALE', 'age_groups': ['AGE_25_34']}",,"{'code': 0, 'message': 'OK', 'request_id': '20250802174935AF76E106323D1316DE03', 'data': {'user_count': {'lower_end': 970000, 'upper_end': 1187000}, 'user_count_stage': 2}}",970000,1187000,2,2025-08-02 11:51:04.081872
357,RO,AGE_45_54,798549,GENDER_MALE,,,,,,"{'advertiser_id': '7381489555305775105', 'objective_type': 'REACH', 'optimization_goal': 'REACH', 'placements': ['PLACEMENT_TIKTOK', 'PLACEMENT_PANGLE', 'PLACEMENT_GLOBAL_APP_BUNDLE'], 'location_ids': ['798549'], 'gender': 'GENDER_MALE', 'age_groups': ['AGE_45_54']}",,"{'code': 0, 'message': 'OK', 'request_id': '20250802174936D6CE9114DD8E9D1340E3', 'data': {'user_count': {'lower_end': 702000, 'upper_end': 859000}, 'user_count_stage': 2}}",702000,859000,2,2025-08-02 11:51:04.081872
358,RO,AGE_55_100,798549,GENDER_MALE,,,,,,"{'advertiser_id': '7381489555305775105', 'objective_type': 'REACH', 'optimization_goal': 'REACH', 'placements': ['PLACEMENT_TIKTOK', 'PLACEMENT_PANGLE', 'PLACEMENT_GLOBAL_APP_BUNDLE'], 'location_ids': ['798549'], 'gender': 'GENDER_MALE', 'age_groups': ['AGE_55_100']}",,"{'code': 0, 'message': 'OK', 'request_id': '20250802174936C57692FC82F91A0E8187', 'data': {'user_count': {'lower_end': 512000, 'upper_end': 627000}, 'user_count_stage': 2}}",512000,627000,2,2025-08-02 11:51:04.081872
359,KE,AGE_13_17,192950,GENDER_FEMALE,,,,,,"{'advertiser_id': '7381489555305775105', 'objective_type': 'REACH', 'optimization_goal': 'REACH', 'placements': ['PLACEMENT_TIKTOK', 'PLACEMENT_PANGLE', 'PLACEMENT_GLOBAL_APP_BUNDLE'], 'location_ids': ['192950'], 'gender': 'GENDER_FEMALE', 'age_groups': ['AGE_13_17']}",,"{'code': 0, 'message': 'OK', 'request_id': '202508021749375B93CE6D5E1CD514642E', 'data': {'user_count': {'lower_end': 0, 'upper_end': 1000}, 'user_count_stage': 1}}",0,1000,1,2025-08-02 11:51:04.081872
360,KE,AGE_18_24,192950,GENDER_FEMALE,,,,,,"{'advertiser_id': '7381489555305775105', 'objective_type': 'REACH', 'optimization_goal': 'REACH', 'placements': ['PLACEMENT_TIKTOK', 'PLACEMENT_PANGLE', 'PLACEMENT_GLOBAL_APP_BUNDLE'], 'location_ids': ['192950'], 'gender': 'GENDER_FEMALE', 'age_groups': ['AGE_18_24']}",,"{'code': 0, 'message': 'OK', 'request_id': '202508021749376AE3DCA725F7A5110395', 'data': {'user_count': {'lower_end': 2159000, 'upper_end': 2640000}, 'user_count_stage': 2}}",2159000,2640000,2,2025-08-02 11:51:04.081872
361,RO,AGE_35_44,798549,GENDER_MALE,,,,,,"{'advertiser_id': '7381489555305775105', 'objective_type': 'REACH', 'optimization_goal': 'REACH', 'placements': ['PLACEMENT_TIKTOK', 'PLACEMENT_PANGLE', 'PLACEMENT_GLOBAL_APP_BUNDLE'], 'location_ids': ['798549'], 'gender': 'GENDER_MALE', 'age_groups': ['AGE_35_44']}",,"{'code': 0, 'message': 'OK', 'request_id': '2025080217493691C70CCF2E941F1A453C', 'data': {'user_count': {'lower_end': 758000, 'upper_end': 928000}, 'user_count_stage': 2}}",758000,928000,2,2025-08-02 11:51:04.081872
362,KE,AGE_25_34,192950,GENDER_FEMALE,,,,,,"{'advertiser_id': '7381489555305775105', 'objective_type': 'REACH', 'optimization_goal': 'REACH', 'placements': ['PLACEMENT_TIKTOK', 'PLACEMENT_PANGLE', 'PLACEMENT_GLOBAL_APP_BUNDLE'], 'location_ids': ['192950'], 'gender': 'GENDER_FEMALE', 'age_groups': ['AGE_25_34']}",,"{'code': 0, 'message': 'OK', 'request_id': '2025080217493841D2362DED43EE11FFC6', 'data': {'user_count': {'lower_end': 2723000, 'upper_end': 3330000}, 'user_count_stage': 2}}",2723000,3330000,2,2025-08-02 11:51:04.081872
363,KE,AGE_35_44,192950,GENDER_FEMALE,,,,,,"{'advertiser_id': '7381489555305775105', 'objective_type': 'REACH', 'optimization_goal': 'REACH', 'placements': ['PLACEMENT_TIKTOK', 'PLACEMENT_PANGLE', 'PLACEMENT_GLOBAL_APP_BUNDLE'], 'location_ids': ['192950'], 'gender': 'GENDER_FEMALE', 'age_groups': ['AGE_35_44']}",,"{'code': 0, 'message': 'OK', 'request_id': '202508021749382CB5357EA2F8CD0EE2D6', 'data': {'user_count': {'lower_end': 814000, 'upper_end': 997000}, 'user_count_stage': 2}}",814000,997000,2,2025-08-02 11:51:04.081872
364,KE,AGE_13_17,192950,GENDER_MALE,,,,,,"{'advertiser_id': '7381489555305775105', 'objective_type': 'REACH', 'optimization_goal': 'REACH', 'placements': ['PLACEMENT_TIKTOK', 'PLACEMENT_PANGLE', 'PLACEMENT_GLOBAL_APP_BUNDLE'], 'location_ids': ['192950'], 'gender': 'GENDER_MALE', 'age_groups': ['AGE_13_17']}",,"{'code': 0, 'message': 'OK', 'request_id': '20250802174938B20259C52F61A5182D63', 'data': {'user_count': {'lower_end': 0, 'upper_end': 1000}, 'user_count_stage': 1}}",0,1000,1,2025-08-02 11:51:04.081872
365,KE,AGE_55_100,192950,GENDER_FEMALE,,,,,,"{'advertiser_id': '7381489555305775105', 'objective_type': 'REACH', 'optimization_goal': 'REACH', 'placements': ['PLACEMENT_TIKTOK', 'PLACEMENT_PANGLE', 'PLACEMENT_GLOBAL_APP_BUNDLE'], 'location_ids': ['192950'], 'gender': 'GENDER_FEMALE', 'age_groups': ['AGE_55_100']}",,"{'code': 0, 'message': 'OK', 'request_id': '202508021749381E36DD6AD1C89A127033', 'data': {'user_count': {'lower_end': 295000, 'upper_end': 361000}, 'user_count_stage': 2}}",295000,361000,2,2025-08-02 11:51:04.081872
366,KE,AGE_18_24,192950,GENDER_MALE,,,,,,"{'advertiser_id': '7381489555305775105', 'objective_type': 'REACH', 'optimization_goal': 'REACH', 'placements': ['PLACEMENT_TIKTOK', 'PLACEMENT_PANGLE', 'PLACEMENT_GLOBAL_APP_BUNDLE'], 'location_ids': ['192950'], 'gender': 'GENDER_MALE', 'age_groups': ['AGE_18_24']}",,"{'code': 0, 'message': 'OK', 'request_id': '20250802174939014628A75B7B160FC4FB', 'data': {'user_count': {'lower_end': 2846000, 'upper_end': 3480000}, 'user_count_stage': 2}}",2846000,3480000,2,2025-08-02 11:51:04.081872
367,KE,AGE_25_34,192950,GENDER_MALE,,,,,,"{'advertiser_id': '7381489555305775105', 'objective_type': 'REACH', 'optimization_goal': 'REACH', 'placements': ['PLACEMENT_TIKTOK', 'PLACEMENT_PANGLE', 'PLACEMENT_GLOBAL_APP_BUNDLE'], 'location_ids': ['192950'], 'gender': 'GENDER_MALE', 'age_groups': ['AGE_25_34']}",,"{'code': 0, 'message': 'OK', 'request_id': '20250802174939FD88CFD7E36454119377', 'data': {'user_count': {'lower_end': 4495000, 'upper_end': 5496000}, 'user_count_stage': 3}}",4495000,5496000,3,2025-08-02 11:51:04.081872
368,KE,AGE_45_54,192950,GENDER_FEMALE,,,,,,"{'advertiser_id': '7381489555305775105', 'objective_type': 'REACH', 'optimization_goal': 'REACH', 'placements': ['PLACEMENT_TIKTOK', 'PLACEMENT_PANGLE', 'PLACEMENT_GLOBAL_APP_BUNDLE'], 'location_ids': ['192950'], 'gender': 'GENDER_FEMALE', 'age_groups': ['AGE_45_54']}",,"{'code': 0, 'message': 'OK', 'request_id': '20250802174938ACF350FBF2BC45181EA6', 'data': {'user_count': {'lower_end': 341000, 'upper_end': 418000}, 'user_count_stage': 2}}",341000,418000,2,2025-08-02 11:51:04.081872
369,KE,AGE_35_44,192950,GENDER_MALE,,,,,,"{'advertiser_id': '7381489555305775105', 'objective_type': 'REACH', 'optimization_goal': 'REACH', 'placements': ['PLACEMENT_TIKTOK', 'PLACEMENT_PANGLE', 'PLACEMENT_GLOBAL_APP_BUNDLE'], 'location_ids': ['192950'], 'gender': 'GENDER_MALE', 'age_groups': ['AGE_35_44']}",,"{'code': 0, 'message': 'OK', 'request_id': '20250802174939BA267B9E444F5A127431', 'data': {'user_count': {'lower_end': 1420000, 'upper_end': 1736000}, 'user_count_stage': 2}}",1420000,1736000,2,2025-08-02 11:51:04.081872
370,KE,AGE_45_54,192950,GENDER_MALE,,,,,,"{'advertiser_id': '7381489555305775105', 'objective_type': 'REACH', 'optimization_goal': 'REACH', 'placements': ['PLACEMENT_TIKTOK', 'PLACEMENT_PANGLE', 'PLACEMENT_GLOBAL_APP_BUNDLE'], 'location_ids': ['192950'], 'gender': 'GENDER_MALE', 'age_groups': ['AGE_45_54']}",,"{'code': 0, 'message': 'OK', 'request_id': '20250802174939ADE593CE289462171D52', 'data': {'user_count': {'lower_end': 551000, 'upper_end': 675000}, 'user_count_stage': 2}}",551000,675000,2,2025-08-02 11:51:04.081872
371,KW,AGE_13_17,285570,GENDER_FEMALE,,,,,,"{'advertiser_id': '7381489555305775105', 'objective_type': 'REACH', 'optimization_goal': 'REACH', 'placements': ['PLACEMENT_TIKTOK', 'PLACEMENT_PANGLE', 'PLACEMENT_GLOBAL_APP_BUNDLE'], 'location_ids': ['285570'], 'gender': 'GENDER_FEMALE', 'age_groups': ['AGE_13_17']}",,"{'code': 0, 'message': 'OK', 'request_id': '202508021749408FFEF822521724106D89', 'data': {'user_count': {'lower_end': 0, 'upper_end': 3000}, 'user_count_stage': 1}}",0,3000,1,2025-08-02 11:51:04.081872
372,KE,AGE_55_100,192950,GENDER_MALE,,,,,,"{'advertiser_id': '7381489555305775105', 'objective_type': 'REACH', 'optimization_goal': 'REACH', 'placements': ['PLACEMENT_TIKTOK', 'PLACEMENT_PANGLE', 'PLACEMENT_GLOBAL_APP_BUNDLE'], 'location_ids': ['192950'], 'gender': 'GENDER_MALE', 'age_groups': ['AGE_55_100']}",,"{'code': 0, 'message': 'OK', 'request_id': '20250802174940062B3A23EF737612D464', 'data': {'user_count': {'lower_end': 328000, 'upper_end': 402000}, 'user_count_stage': 2}}",328000,402000,2,2025-08-02 11:51:04.081872
373,KW,AGE_18_24,285570,GENDER_FEMALE,,,,,,"{'advertiser_id': '7381489555305775105', 'objective_type': 'REACH', 'optimization_goal': 'REACH', 'placements': ['PLACEMENT_TIKTOK', 'PLACEMENT_PANGLE', 'PLACEMENT_GLOBAL_APP_BUNDLE'], 'location_ids': ['285570'], 'gender': 'GENDER_FEMALE', 'age_groups': ['AGE_18_24']}",,"{'code': 0, 'message': 'OK', 'request_id': '202508021749401ABD2703750FA20EE97C', 'data': {'user_count': {'lower_end': 506000, 'upper_end': 620000}, 'user_count_stage': 2}}",506000,620000,2,2025-08-02 11:51:04.081872
374,KW,AGE_25_34,285570,GENDER_FEMALE,,,,,,"{'advertiser_id': '7381489555305775105', 'objective_type': 'REACH', 'optimization_goal': 'REACH', 'placements': ['PLACEMENT_TIKTOK', 'PLACEMENT_PANGLE', 'PLACEMENT_GLOBAL_APP_BUNDLE'], 'location_ids': ['285570'], 'gender': 'GENDER_FEMALE', 'age_groups': ['AGE_25_34']}",,"{'code': 0, 'message': 'OK', 'request_id': '2025080217494069A8D5939906480F77DA', 'data': {'user_count': {'lower_end': 1049000, 'upper_end': 1283000}, 'user_count_stage': 2}}",1049000,1283000,2,2025-08-02 11:51:04.081872
375,KW,AGE_35_44,285570,GENDER_FEMALE,,,,,,"{'advertiser_id': '7381489555305775105', 'objective_type': 'REACH', 'optimization_goal': 'REACH', 'placements': ['PLACEMENT_TIKTOK', 'PLACEMENT_PANGLE', 'PLACEMENT_GLOBAL_APP_BUNDLE'], 'location_ids': ['285570'], 'gender': 'GENDER_FEMALE', 'age_groups': ['AGE_35_44']}",,"{'code': 0, 'message': 'OK', 'request_id': '202508021749401ABD2703750FA20EE992', 'data': {'user_count': {'lower_end': 589000, 'upper_end': 722000}, 'user_count_stage': 2}}",589000,722000,2,2025-08-02 11:51:04.081872
376,KW,AGE_45_54,285570,GENDER_FEMALE,,,,,,"{'advertiser_id': '7381489555305775105', 'objective_type': 'REACH', 'optimization_goal': 'REACH', 'placements': ['PLACEMENT_TIKTOK', 'PLACEMENT_PANGLE', 'PLACEMENT_GLOBAL_APP_BUNDLE'], 'location_ids': ['285570'], 'gender': 'GENDER_FEMALE', 'age_groups': ['AGE_45_54']}",,"{'code': 0, 'message': 'OK', 'request_id': '2025080217494141D2362DED43EE120046', 'data': {'user_count': {'lower_end': 206000, 'upper_end': 253000}, 'user_count_stage': 2}}",206000,253000,2,2025-08-02 11:51:04.081872
377,KW,AGE_13_17,285570,GENDER_MALE,,,,,,"{'advertiser_id': '7381489555305775105', 'objective_type': 'REACH', 'optimization_goal': 'REACH', 'placements': ['PLACEMENT_TIKTOK', 'PLACEMENT_PANGLE', 'PLACEMENT_GLOBAL_APP_BUNDLE'], 'location_ids': ['285570'], 'gender': 'GENDER_MALE', 'age_groups': ['AGE_13_17']}",,"{'code': 0, 'message': 'OK', 'request_id': '2025080217494177FA7EDF22A7FA12B697', 'data': {'user_count': {'lower_end': 0, 'upper_end': 3000}, 'user_count_stage': 1}}",0,3000,1,2025-08-02 11:51:04.081872
378,KW,AGE_55_100,285570,GENDER_FEMALE,,,,,,"{'advertiser_id': '7381489555305775105', 'objective_type': 'REACH', 'optimization_goal': 'REACH', 'placements': ['PLACEMENT_TIKTOK', 'PLACEMENT_PANGLE', 'PLACEMENT_GLOBAL_APP_BUNDLE'], 'location_ids': ['285570'], 'gender': 'GENDER_FEMALE', 'age_groups': ['AGE_55_100']}",,"{'code': 0, 'message': 'OK', 'request_id': '2025080217494170E60352DC38CC1383AB', 'data': {'user_count': {'lower_end': 152000, 'upper_end': 187000}, 'user_count_stage': 2}}",152000,187000,2,2025-08-02 11:51:04.081872
379,KW,AGE_18_24,285570,GENDER_MALE,,,,,,"{'advertiser_id': '7381489555305775105', 'objective_type': 'REACH', 'optimization_goal': 'REACH', 'placements': ['PLACEMENT_TIKTOK', 'PLACEMENT_PANGLE', 'PLACEMENT_GLOBAL_APP_BUNDLE'], 'location_ids': ['285570'], 'gender': 'GENDER_MALE', 'age_groups': ['AGE_18_24']}",,"{'code': 0, 'message': 'OK', 'request_id': '202508021749416E8DD9E3F73C05111408', 'data': {'user_count': {'lower_end': 1164000, 'upper_end': 1424000}, 'user_count_stage': 2}}",1164000,1424000,2,2025-08-02 11:51:04.081872
380,KW,AGE_35_44,285570,GENDER_MALE,,,,,,"{'advertiser_id': '7381489555305775105', 'objective_type': 'REACH', 'optimization_goal': 'REACH', 'placements': ['PLACEMENT_TIKTOK', 'PLACEMENT_PANGLE', 'PLACEMENT_GLOBAL_APP_BUNDLE'], 'location_ids': ['285570'], 'gender': 'GENDER_MALE', 'age_groups': ['AGE_35_44']}",,"{'code': 0, 'message': 'OK', 'request_id': '20250802174942E054330A53430F186035', 'data': {'user_count': {'lower_end': 854000, 'upper_end': 1044000}, 'user_count_stage': 2}}",854000,1044000,2,2025-08-02 11:51:04.081872
381,KW,AGE_45_54,285570,GENDER_MALE,,,,,,"{'advertiser_id': '7381489555305775105', 'objective_type': 'REACH', 'optimization_goal': 'REACH', 'placements': ['PLACEMENT_TIKTOK', 'PLACEMENT_PANGLE', 'PLACEMENT_GLOBAL_APP_BUNDLE'], 'location_ids': ['285570'], 'gender': 'GENDER_MALE', 'age_groups': ['AGE_45_54']}",,"{'code': 0, 'message': 'OK', 'request_id': '202508021749428F08E9A1FE73C71058AA', 'data': {'user_count': {'lower_end': 270000, 'upper_end': 331000}, 'user_count_stage': 2}}",270000,331000,2,2025-08-02 11:51:04.081872
382,KW,AGE_55_100,285570,GENDER_MALE,,,,,,"{'advertiser_id': '7381489555305775105', 'objective_type': 'REACH', 'optimization_goal': 'REACH', 'placements': ['PLACEMENT_TIKTOK', 'PLACEMENT_PANGLE', 'PLACEMENT_GLOBAL_APP_BUNDLE'], 'location_ids': ['285570'], 'gender': 'GENDER_MALE', 'age_groups': ['AGE_55_100']}",,"{'code': 0, 'message': 'OK', 'request_id': '202508021749428D9C889A4C0FB9118481', 'data': {'user_count': {'lower_end': 206000, 'upper_end': 253000}, 'user_count_stage': 2}}",206000,253000,2,2025-08-02 11:51:04.081872
383,DZ,AGE_13_17,2589581,GENDER_FEMALE,,,,,,"{'advertiser_id': '7381489555305775105', 'objective_type': 'REACH', 'optimization_goal': 'REACH', 'placements': ['PLACEMENT_TIKTOK', 'PLACEMENT_PANGLE', 'PLACEMENT_GLOBAL_APP_BUNDLE'], 'location_ids': ['2589581'], 'gender': 'GENDER_FEMALE', 'age_groups': ['AGE_13_17']}",,"{'code': 0, 'message': 'OK', 'request_id': '202508021749423461BF3F90C40A1B7B25', 'data': {'user_count': {'lower_end': 0, 'upper_end': 1000}, 'user_count_stage': 1}}",0,1000,1,2025-08-02 11:51:04.081872
384,KW,AGE_25_34,285570,GENDER_MALE,,,,,,"{'advertiser_id': '7381489555305775105', 'objective_type': 'REACH', 'optimization_goal': 'REACH', 'placements': ['PLACEMENT_TIKTOK', 'PLACEMENT_PANGLE', 'PLACEMENT_GLOBAL_APP_BUNDLE'], 'location_ids': ['285570'], 'gender': 'GENDER_MALE', 'age_groups': ['AGE_25_34']}",,"{'code': 0, 'message': 'OK', 'request_id': '20250802174942DEE81D117D256F176E52', 'data': {'user_count': {'lower_end': 2178000, 'upper_end': 2663000}, 'user_count_stage': 3}}",2178000,2663000,3,2025-08-02 11:51:04.081872
385,DZ,AGE_18_24,2589581,GENDER_FEMALE,,,,,,"{'advertiser_id': '7381489555305775105', 'objective_type': 'REACH', 'optimization_goal': 'REACH', 'placements': ['PLACEMENT_TIKTOK', 'PLACEMENT_PANGLE', 'PLACEMENT_GLOBAL_APP_BUNDLE'], 'location_ids': ['2589581'], 'gender': 'GENDER_FEMALE', 'age_groups': ['AGE_18_24']}",,"{'code': 0, 'message': 'OK', 'request_id': '202508021749439AE5489F35C6C813824A', 'data': {'user_count': {'lower_end': 2731000, 'upper_end': 3339000}, 'user_count_stage': 2}}",2731000,3339000,2,2025-08-02 11:51:04.081872
386,DZ,AGE_25_34,2589581,GENDER_FEMALE,,,,,,"{'advertiser_id': '7381489555305775105', 'objective_type': 'REACH', 'optimization_goal': 'REACH', 'placements': ['PLACEMENT_TIKTOK', 'PLACEMENT_PANGLE', 'PLACEMENT_GLOBAL_APP_BUNDLE'], 'location_ids': ['2589581'], 'gender': 'GENDER_FEMALE', 'age_groups': ['AGE_25_34']}",,"{'code': 0, 'message': 'OK', 'request_id': '2025080217494322EB74638896691D92B4', 'data': {'user_count': {'lower_end': 3948000, 'upper_end': 4827000}, 'user_count_stage': 2}}",3948000,4827000,2,2025-08-02 11:51:04.081872
387,DZ,AGE_35_44,2589581,GENDER_FEMALE,,,,,,"{'advertiser_id': '7381489555305775105', 'objective_type': 'REACH', 'optimization_goal': 'REACH', 'placements': ['PLACEMENT_TIKTOK', 'PLACEMENT_PANGLE', 'PLACEMENT_GLOBAL_APP_BUNDLE'], 'location_ids': ['2589581'], 'gender': 'GENDER_FEMALE', 'age_groups': ['AGE_35_44']}",,"{'code': 0, 'message': 'OK', 'request_id': '20250802174943032D01309AEC961866B9', 'data': {'user_count': {'lower_end': 1121000, 'upper_end': 1371000}, 'user_count_stage': 2}}",1121000,1371000,2,2025-08-02 11:51:04.081872
388,DZ,AGE_45_54,2589581,GENDER_FEMALE,,,,,,"{'advertiser_id': '7381489555305775105', 'objective_type': 'REACH', 'optimization_goal': 'REACH', 'placements': ['PLACEMENT_TIKTOK', 'PLACEMENT_PANGLE', 'PLACEMENT_GLOBAL_APP_BUNDLE'], 'location_ids': ['2589581'], 'gender': 'GENDER_FEMALE', 'age_groups': ['AGE_45_54']}",,"{'code': 0, 'message': 'OK', 'request_id': '2025080217494350B131DA1360B4184BB6', 'data': {'user_count': {'lower_end': 480000, 'upper_end': 588000}, 'user_count_stage': 2}}",480000,588000,2,2025-08-02 11:51:04.081872
389,DZ,AGE_55_100,2589581,GENDER_FEMALE,,,,,,"{'advertiser_id': '7381489555305775105', 'objective_type': 'REACH', 'optimization_goal': 'REACH', 'placements': ['PLACEMENT_TIKTOK', 'PLACEMENT_PANGLE', 'PLACEMENT_GLOBAL_APP_BUNDLE'], 'location_ids': ['2589581'], 'gender': 'GENDER_FEMALE', 'age_groups': ['AGE_55_100']}",,"{'code': 0, 'message': 'OK', 'request_id': '2025080217494330E0BDD41442C312C852', 'data': {'user_count': {'lower_end': 517000, 'upper_end': 634000}, 'user_count_stage': 2}}",517000,634000,2,2025-08-02 11:51:04.081872
390,DZ,AGE_13_17,2589581,GENDER_MALE,,,,,,"{'advertiser_id': '7381489555305775105', 'objective_type': 'REACH', 'optimization_goal': 'REACH', 'placements': ['PLACEMENT_TIKTOK', 'PLACEMENT_PANGLE', 'PLACEMENT_GLOBAL_APP_BUNDLE'], 'location_ids': ['2589581'], 'gender': 'GENDER_MALE', 'age_groups': ['AGE_13_17']}",,"{'code': 0, 'message': 'OK', 'request_id': '2025080217494408E30484A7C2BB0F85C4', 'data': {'user_count': {'lower_end': 0, 'upper_end': 1000}, 'user_count_stage': 1}}",0,1000,1,2025-08-02 11:51:04.081872
391,DZ,AGE_25_34,2589581,GENDER_MALE,,,,,,"{'advertiser_id': '7381489555305775105', 'objective_type': 'REACH', 'optimization_goal': 'REACH', 'placements': ['PLACEMENT_TIKTOK', 'PLACEMENT_PANGLE', 'PLACEMENT_GLOBAL_APP_BUNDLE'], 'location_ids': ['2589581'], 'gender': 'GENDER_MALE', 'age_groups': ['AGE_25_34']}",,"{'code': 0, 'message': 'OK', 'request_id': '2025080217494412FD1D721458454F5577', 'data': {'user_count': {'lower_end': 6306000, 'upper_end': 7708000}, 'user_count_stage': 3}}",6306000,7708000,3,2025-08-02 11:51:04.081872
392,DZ,AGE_35_44,2589581,GENDER_MALE,,,,,,"{'advertiser_id': '7381489555305775105', 'objective_type': 'REACH', 'optimization_goal': 'REACH', 'placements': ['PLACEMENT_TIKTOK', 'PLACEMENT_PANGLE', 'PLACEMENT_GLOBAL_APP_BUNDLE'], 'location_ids': ['2589581'], 'gender': 'GENDER_MALE', 'age_groups': ['AGE_35_44']}",,"{'code': 0, 'message': 'OK', 'request_id': '2025080217494487A205BDDC0EB816A2F0', 'data': {'user_count': {'lower_end': 2062000, 'upper_end': 2521000}, 'user_count_stage': 2}}",2062000,2521000,2,2025-08-02 11:51:04.081872
393,DZ,AGE_45_54,2589581,GENDER_MALE,,,,,,"{'advertiser_id': '7381489555305775105', 'objective_type': 'REACH', 'optimization_goal': 'REACH', 'placements': ['PLACEMENT_TIKTOK', 'PLACEMENT_PANGLE', 'PLACEMENT_GLOBAL_APP_BUNDLE'], 'location_ids': ['2589581'], 'gender': 'GENDER_MALE', 'age_groups': ['AGE_45_54']}",,"{'code': 0, 'message': 'OK', 'request_id': '202508021749453F7CA19EB7E0510FF5DC', 'data': {'user_count': {'lower_end': 805000, 'upper_end': 985000}, 'user_count_stage': 2}}",805000,985000,2,2025-08-02 11:51:04.081872
394,DZ,AGE_18_24,2589581,GENDER_MALE,,,,,,"{'advertiser_id': '7381489555305775105', 'objective_type': 'REACH', 'optimization_goal': 'REACH', 'placements': ['PLACEMENT_TIKTOK', 'PLACEMENT_PANGLE', 'PLACEMENT_GLOBAL_APP_BUNDLE'], 'location_ids': ['2589581'], 'gender': 'GENDER_MALE', 'age_groups': ['AGE_18_24']}",,"{'code': 0, 'message': 'OK', 'request_id': '202508021749446E8DD9E3F73C05111485', 'data': {'user_count': {'lower_end': 3105000, 'upper_end': 3797000}, 'user_count_stage': 2}}",3105000,3797000,2,2025-08-02 11:51:04.081872
395,DZ,AGE_55_100,2589581,GENDER_MALE,,,,,,"{'advertiser_id': '7381489555305775105', 'objective_type': 'REACH', 'optimization_goal': 'REACH', 'placements': ['PLACEMENT_TIKTOK', 'PLACEMENT_PANGLE', 'PLACEMENT_GLOBAL_APP_BUNDLE'], 'location_ids': ['2589581'], 'gender': 'GENDER_MALE', 'age_groups': ['AGE_55_100']}",,"{'code': 0, 'message': 'OK', 'request_id': '20250802174945141901A5E6008413913E', 'data': {'user_count': {'lower_end': 634000, 'upper_end': 776000}, 'user_count_stage': 2}}",634000,776000,2,2025-08-02 11:51:04.081872
396,GB,AGE_13_17,2635167,GENDER_FEMALE,,,,,,"{'advertiser_id': '7381489555305775105', 'objective_type': 'REACH', 'optimization_goal': 'REACH', 'placements': ['PLACEMENT_TIKTOK', 'PLACEMENT_PANGLE', 'PLACEMENT_GLOBAL_APP_BUNDLE'], 'location_ids': ['2635167'], 'gender': 'GENDER_FEMALE', 'age_groups': ['AGE_13_17']}",,"{'code': 0, 'message': 'OK', 'request_id': '2025080217494574899E1C322D4E0E2B05', 'data': {'user_count': {'lower_end': 0, 'upper_end': 1000}, 'user_count_stage': 1}}",0,1000,1,2025-08-02 11:51:04.081872
397,GB,AGE_25_34,2635167,GENDER_FEMALE,,,,,,"{'advertiser_id': '7381489555305775105', 'objective_type': 'REACH', 'optimization_goal': 'REACH', 'placements': ['PLACEMENT_TIKTOK', 'PLACEMENT_PANGLE', 'PLACEMENT_GLOBAL_APP_BUNDLE'], 'location_ids': ['2635167'], 'gender': 'GENDER_FEMALE', 'age_groups': ['AGE_25_34']}",,"{'code': 0, 'message': 'OK', 'request_id': '20250802174946722A46550D067619879D', 'data': {'user_count': {'lower_end': 3930000, 'upper_end': 4804000}, 'user_count_stage': 2}}",3930000,4804000,2,2025-08-02 11:51:04.081872
398,GB,AGE_18_24,2635167,GENDER_FEMALE,,,,,,"{'advertiser_id': '7381489555305775105', 'objective_type': 'REACH', 'optimization_goal': 'REACH', 'placements': ['PLACEMENT_TIKTOK', 'PLACEMENT_PANGLE', 'PLACEMENT_GLOBAL_APP_BUNDLE'], 'location_ids': ['2635167'], 'gender': 'GENDER_FEMALE', 'age_groups': ['AGE_18_24']}",,"{'code': 0, 'message': 'OK', 'request_id': '2025080217494670E60352DC38CC13845B', 'data': {'user_count': {'lower_end': 2870000, 'upper_end': 3508000}, 'user_count_stage': 2}}",2870000,3508000,2,2025-08-02 11:51:04.081872
399,GB,AGE_35_44,2635167,GENDER_FEMALE,,,,,,"{'advertiser_id': '7381489555305775105', 'objective_type': 'REACH', 'optimization_goal': 'REACH', 'placements': ['PLACEMENT_TIKTOK', 'PLACEMENT_PANGLE', 'PLACEMENT_GLOBAL_APP_BUNDLE'], 'location_ids': ['2635167'], 'gender': 'GENDER_FEMALE', 'age_groups': ['AGE_35_44']}",,"{'code': 0, 'message': 'OK', 'request_id': '202508021749461CB64C9F4796D0146FD5', 'data': {'user_count': {'lower_end': 3314000, 'upper_end': 4052000}, 'user_count_stage': 2}}",3314000,4052000,2,2025-08-02 11:51:04.081872
400,GB,AGE_45_54,2635167,GENDER_FEMALE,,,,,,"{'advertiser_id': '7381489555305775105', 'objective_type': 'REACH', 'optimization_goal': 'REACH', 'placements': ['PLACEMENT_TIKTOK', 'PLACEMENT_PANGLE', 'PLACEMENT_GLOBAL_APP_BUNDLE'], 'location_ids': ['2635167'], 'gender': 'GENDER_FEMALE', 'age_groups': ['AGE_45_54']}",,"{'code': 0, 'message': 'OK', 'request_id': '2025080217494795683817D9975F1E5C44', 'data': {'user_count': {'lower_end': 2079000, 'upper_end': 2542000}, 'user_count_stage': 2}}",2079000,2542000,2,2025-08-02 11:51:04.081872
401,GB,AGE_55_100,2635167,GENDER_FEMALE,,,,,,"{'advertiser_id': '7381489555305775105', 'objective_type': 'REACH', 'optimization_goal': 'REACH', 'placements': ['PLACEMENT_TIKTOK', 'PLACEMENT_PANGLE', 'PLACEMENT_GLOBAL_APP_BUNDLE'], 'location_ids': ['2635167'], 'gender': 'GENDER_FEMALE', 'age_groups': ['AGE_55_100']}",,"{'code': 0, 'message': 'OK', 'request_id': '202508021749484026A08F71AF9D122EE1', 'data': {'user_count': {'lower_end': 1562000, 'upper_end': 1910000}, 'user_count_stage': 2}}",1562000,1910000,2,2025-08-02 11:51:04.081872
402,GB,AGE_13_17,2635167,GENDER_MALE,,,,,,"{'advertiser_id': '7381489555305775105', 'objective_type': 'REACH', 'optimization_goal': 'REACH', 'placements': ['PLACEMENT_TIKTOK', 'PLACEMENT_PANGLE', 'PLACEMENT_GLOBAL_APP_BUNDLE'], 'location_ids': ['2635167'], 'gender': 'GENDER_MALE', 'age_groups': ['AGE_13_17']}",,"{'code': 0, 'message': 'OK', 'request_id': '20250802174948D0E8B0153468EE129F62', 'data': {'user_count': {'lower_end': 0, 'upper_end': 1000}, 'user_count_stage': 1}}",0,1000,1,2025-08-02 11:51:04.081872
403,GB,AGE_18_24,2635167,GENDER_MALE,,,,,,"{'advertiser_id': '7381489555305775105', 'objective_type': 'REACH', 'optimization_goal': 'REACH', 'placements': ['PLACEMENT_TIKTOK', 'PLACEMENT_PANGLE', 'PLACEMENT_GLOBAL_APP_BUNDLE'], 'location_ids': ['2635167'], 'gender': 'GENDER_MALE', 'age_groups': ['AGE_18_24']}",,"{'code': 0, 'message': 'OK', 'request_id': '20250802174948A859B038F6F234145F2F', 'data': {'user_count': {'lower_end': 2602000, 'upper_end': 3182000}, 'user_count_stage': 2}}",2602000,3182000,2,2025-08-02 11:51:04.081872
404,GB,AGE_45_54,2635167,GENDER_MALE,,,,,,"{'advertiser_id': '7381489555305775105', 'objective_type': 'REACH', 'optimization_goal': 'REACH', 'placements': ['PLACEMENT_TIKTOK', 'PLACEMENT_PANGLE', 'PLACEMENT_GLOBAL_APP_BUNDLE'], 'location_ids': ['2635167'], 'gender': 'GENDER_MALE', 'age_groups': ['AGE_45_54']}",,"{'code': 0, 'message': 'OK', 'request_id': '20250802174949AF51E0E6C88BAA1209D0', 'data': {'user_count': {'lower_end': 1314000, 'upper_end': 1607000}, 'user_count_stage': 2}}",1314000,1607000,2,2025-08-02 11:51:04.081872
405,GB,AGE_35_44,2635167,GENDER_MALE,,,,,,"{'advertiser_id': '7381489555305775105', 'objective_type': 'REACH', 'optimization_goal': 'REACH', 'placements': ['PLACEMENT_TIKTOK', 'PLACEMENT_PANGLE', 'PLACEMENT_GLOBAL_APP_BUNDLE'], 'location_ids': ['2635167'], 'gender': 'GENDER_MALE', 'age_groups': ['AGE_35_44']}",,"{'code': 0, 'message': 'OK', 'request_id': '202508021749492FFB4A838719AE1055AC', 'data': {'user_count': {'lower_end': 2027000, 'upper_end': 2479000}, 'user_count_stage': 2}}",2027000,2479000,2,2025-08-02 11:51:04.081872
406,GB,AGE_25_34,2635167,GENDER_MALE,,,,,,"{'advertiser_id': '7381489555305775105', 'objective_type': 'REACH', 'optimization_goal': 'REACH', 'placements': ['PLACEMENT_TIKTOK', 'PLACEMENT_PANGLE', 'PLACEMENT_GLOBAL_APP_BUNDLE'], 'location_ids': ['2635167'], 'gender': 'GENDER_MALE', 'age_groups': ['AGE_25_34']}",,"{'code': 0, 'message': 'OK', 'request_id': '20250802174949E693CA6E921866171DA1', 'data': {'user_count': {'lower_end': 3165000, 'upper_end': 3869000}, 'user_count_stage': 2}}",3165000,3869000,2,2025-08-02 11:51:04.081872
407,LB,AGE_13_17,272103,GENDER_FEMALE,,,,,,"{'advertiser_id': '7381489555305775105', 'objective_type': 'REACH', 'optimization_goal': 'REACH', 'placements': ['PLACEMENT_TIKTOK', 'PLACEMENT_PANGLE', 'PLACEMENT_GLOBAL_APP_BUNDLE'], 'location_ids': ['272103'], 'gender': 'GENDER_FEMALE', 'age_groups': ['AGE_13_17']}",,"{'code': 0, 'message': 'OK', 'request_id': '20250802174950F58868E04439141494FA', 'data': {'user_count': {'lower_end': 0, 'upper_end': 1000}, 'user_count_stage': 1}}",0,1000,1,2025-08-02 11:51:04.081872
408,GB,AGE_55_100,2635167,GENDER_MALE,,,,,,"{'advertiser_id': '7381489555305775105', 'objective_type': 'REACH', 'optimization_goal': 'REACH', 'placements': ['PLACEMENT_TIKTOK', 'PLACEMENT_PANGLE', 'PLACEMENT_GLOBAL_APP_BUNDLE'], 'location_ids': ['2635167'], 'gender': 'GENDER_MALE', 'age_groups': ['AGE_55_100']}",,"{'code': 0, 'message': 'OK', 'request_id': '20250802174950712756C1CA35B01667C6', 'data': {'user_count': {'lower_end': 971000, 'upper_end': 1188000}, 'user_count_stage': 2}}",971000,1188000,2,2025-08-02 11:51:04.081872
409,LB,AGE_18_24,272103,GENDER_FEMALE,,,,,,"{'advertiser_id': '7381489555305775105', 'objective_type': 'REACH', 'optimization_goal': 'REACH', 'placements': ['PLACEMENT_TIKTOK', 'PLACEMENT_PANGLE', 'PLACEMENT_GLOBAL_APP_BUNDLE'], 'location_ids': ['272103'], 'gender': 'GENDER_FEMALE', 'age_groups': ['AGE_18_24']}",,"{'code': 0, 'message': 'OK', 'request_id': '20250802174950AF51E0E6C88BAA120A04', 'data': {'user_count': {'lower_end': 512000, 'upper_end': 627000}, 'user_count_stage': 2}}",512000,627000,2,2025-08-02 11:51:04.081872
410,LB,AGE_25_34,272103,GENDER_FEMALE,,,,,,"{'advertiser_id': '7381489555305775105', 'objective_type': 'REACH', 'optimization_goal': 'REACH', 'placements': ['PLACEMENT_TIKTOK', 'PLACEMENT_PANGLE', 'PLACEMENT_GLOBAL_APP_BUNDLE'], 'location_ids': ['272103'], 'gender': 'GENDER_FEMALE', 'age_groups': ['AGE_25_34']}",,"{'code': 0, 'message': 'OK', 'request_id': '20250802174950FD6F08046ED734191379', 'data': {'user_count': {'lower_end': 767000, 'upper_end': 938000}, 'user_count_stage': 2}}",767000,938000,2,2025-08-02 11:51:04.081872
411,LB,AGE_35_44,272103,GENDER_FEMALE,,,,,,"{'advertiser_id': '7381489555305775105', 'objective_type': 'REACH', 'optimization_goal': 'REACH', 'placements': ['PLACEMENT_TIKTOK', 'PLACEMENT_PANGLE', 'PLACEMENT_GLOBAL_APP_BUNDLE'], 'location_ids': ['272103'], 'gender': 'GENDER_FEMALE', 'age_groups': ['AGE_35_44']}",,"{'code': 0, 'message': 'OK', 'request_id': '20250802174951FA9765169D2444445F89', 'data': {'user_count': {'lower_end': 244000, 'upper_end': 299000}, 'user_count_stage': 2}}",244000,299000,2,2025-08-02 11:51:04.081872
412,LB,AGE_45_54,272103,GENDER_FEMALE,,,,,,"{'advertiser_id': '7381489555305775105', 'objective_type': 'REACH', 'optimization_goal': 'REACH', 'placements': ['PLACEMENT_TIKTOK', 'PLACEMENT_PANGLE', 'PLACEMENT_GLOBAL_APP_BUNDLE'], 'location_ids': ['272103'], 'gender': 'GENDER_FEMALE', 'age_groups': ['AGE_45_54']}",,"{'code': 0, 'message': 'OK', 'request_id': '202508021749516E8DD9E3F73C05111576', 'data': {'user_count': {'lower_end': 134000, 'upper_end': 165000}, 'user_count_stage': 2}}",134000,165000,2,2025-08-02 11:51:04.081872
413,LB,AGE_55_100,272103,GENDER_FEMALE,,,,,,"{'advertiser_id': '7381489555305775105', 'objective_type': 'REACH', 'optimization_goal': 'REACH', 'placements': ['PLACEMENT_TIKTOK', 'PLACEMENT_PANGLE', 'PLACEMENT_GLOBAL_APP_BUNDLE'], 'location_ids': ['272103'], 'gender': 'GENDER_FEMALE', 'age_groups': ['AGE_55_100']}",,"{'code': 0, 'message': 'OK', 'request_id': '20250802174951E02CA8C9A4D19012744E', 'data': {'user_count': {'lower_end': 159000, 'upper_end': 195000}, 'user_count_stage': 2}}",159000,195000,2,2025-08-02 11:51:04.081872
414,LB,AGE_13_17,272103,GENDER_MALE,,,,,,"{'advertiser_id': '7381489555305775105', 'objective_type': 'REACH', 'optimization_goal': 'REACH', 'placements': ['PLACEMENT_TIKTOK', 'PLACEMENT_PANGLE', 'PLACEMENT_GLOBAL_APP_BUNDLE'], 'location_ids': ['272103'], 'gender': 'GENDER_MALE', 'age_groups': ['AGE_13_17']}",,"{'code': 0, 'message': 'OK', 'request_id': '202508021749519F3D148879E21E1BC494', 'data': {'user_count': {'lower_end': 0, 'upper_end': 1000}, 'user_count_stage': 1}}",0,1000,1,2025-08-02 11:51:04.081872
415,LB,AGE_18_24,272103,GENDER_MALE,,,,,,"{'advertiser_id': '7381489555305775105', 'objective_type': 'REACH', 'optimization_goal': 'REACH', 'placements': ['PLACEMENT_TIKTOK', 'PLACEMENT_PANGLE', 'PLACEMENT_GLOBAL_APP_BUNDLE'], 'location_ids': ['272103'], 'gender': 'GENDER_MALE', 'age_groups': ['AGE_18_24']}",,"{'code': 0, 'message': 'OK', 'request_id': '20250802174951141901A5E6008413924B', 'data': {'user_count': {'lower_end': 585000, 'upper_end': 716000}, 'user_count_stage': 2}}",585000,716000,2,2025-08-02 11:51:04.081872
416,LB,AGE_25_34,272103,GENDER_MALE,,,,,,"{'advertiser_id': '7381489555305775105', 'objective_type': 'REACH', 'optimization_goal': 'REACH', 'placements': ['PLACEMENT_TIKTOK', 'PLACEMENT_PANGLE', 'PLACEMENT_GLOBAL_APP_BUNDLE'], 'location_ids': ['272103'], 'gender': 'GENDER_MALE', 'age_groups': ['AGE_25_34']}",,"{'code': 0, 'message': 'OK', 'request_id': '20250802174951F76D1C23A1DCB918E4D9', 'data': {'user_count': {'lower_end': 1058000, 'upper_end': 1295000}, 'user_count_stage': 3}}",1058000,1295000,3,2025-08-02 11:51:04.081872
417,LB,AGE_35_44,272103,GENDER_MALE,,,,,,"{'advertiser_id': '7381489555305775105', 'objective_type': 'REACH', 'optimization_goal': 'REACH', 'placements': ['PLACEMENT_TIKTOK', 'PLACEMENT_PANGLE', 'PLACEMENT_GLOBAL_APP_BUNDLE'], 'location_ids': ['272103'], 'gender': 'GENDER_MALE', 'age_groups': ['AGE_35_44']}",,"{'code': 0, 'message': 'OK', 'request_id': '2025080217495250B131DA1360B4184D27', 'data': {'user_count': {'lower_end': 362000, 'upper_end': 444000}, 'user_count_stage': 2}}",362000,444000,2,2025-08-02 11:51:04.081872
418,DK,AGE_13_17,2623032,GENDER_FEMALE,,,,,,"{'advertiser_id': '7381489555305775105', 'objective_type': 'REACH', 'optimization_goal': 'REACH', 'placements': ['PLACEMENT_TIKTOK', 'PLACEMENT_PANGLE', 'PLACEMENT_GLOBAL_APP_BUNDLE'], 'location_ids': ['2623032'], 'gender': 'GENDER_FEMALE', 'age_groups': ['AGE_13_17']}",,"{'code': 0, 'message': 'OK', 'request_id': '202508021749520334E78F3BD11810B177', 'data': {'user_count': {'lower_end': 0, 'upper_end': 1000}, 'user_count_stage': 1}}",0,1000,1,2025-08-02 11:51:04.081872
419,LB,AGE_45_54,272103,GENDER_MALE,,,,,,"{'advertiser_id': '7381489555305775105', 'objective_type': 'REACH', 'optimization_goal': 'REACH', 'placements': ['PLACEMENT_TIKTOK', 'PLACEMENT_PANGLE', 'PLACEMENT_GLOBAL_APP_BUNDLE'], 'location_ids': ['272103'], 'gender': 'GENDER_MALE', 'age_groups': ['AGE_45_54']}",,"{'code': 0, 'message': 'OK', 'request_id': '20250802174952270796F5CEB00E0B50D5', 'data': {'user_count': {'lower_end': 187000, 'upper_end': 229000}, 'user_count_stage': 2}}",187000,229000,2,2025-08-02 11:51:04.081872
420,DK,AGE_18_24,2623032,GENDER_FEMALE,,,,,,"{'advertiser_id': '7381489555305775105', 'objective_type': 'REACH', 'optimization_goal': 'REACH', 'placements': ['PLACEMENT_TIKTOK', 'PLACEMENT_PANGLE', 'PLACEMENT_GLOBAL_APP_BUNDLE'], 'location_ids': ['2623032'], 'gender': 'GENDER_FEMALE', 'age_groups': ['AGE_18_24']}",,"{'code': 0, 'message': 'OK', 'request_id': '202508021749538D1B3935116AAD120052', 'data': {'user_count': {'lower_end': 289000, 'upper_end': 355000}, 'user_count_stage': 3}}",289000,355000,3,2025-08-02 11:51:04.081872
421,LB,AGE_55_100,272103,GENDER_MALE,,,,,,"{'advertiser_id': '7381489555305775105', 'objective_type': 'REACH', 'optimization_goal': 'REACH', 'placements': ['PLACEMENT_TIKTOK', 'PLACEMENT_PANGLE', 'PLACEMENT_GLOBAL_APP_BUNDLE'], 'location_ids': ['272103'], 'gender': 'GENDER_MALE', 'age_groups': ['AGE_55_100']}",,"{'code': 0, 'message': 'OK', 'request_id': '202508021749524B6284A43DF9031AB1B8', 'data': {'user_count': {'lower_end': 169000, 'upper_end': 207000}, 'user_count_stage': 2}}",169000,207000,2,2025-08-02 11:51:04.081872
422,DK,AGE_25_34,2623032,GENDER_FEMALE,,,,,,"{'advertiser_id': '7381489555305775105', 'objective_type': 'REACH', 'optimization_goal': 'REACH', 'placements': ['PLACEMENT_TIKTOK', 'PLACEMENT_PANGLE', 'PLACEMENT_GLOBAL_APP_BUNDLE'], 'location_ids': ['2623032'], 'gender': 'GENDER_FEMALE', 'age_groups': ['AGE_25_34']}",,"{'code': 0, 'message': 'OK', 'request_id': '20250802174954E2BE2E8456DBB9187D26', 'data': {'user_count': {'lower_end': 235000, 'upper_end': 288000}, 'user_count_stage': 2}}",235000,288000,2,2025-08-02 11:51:04.081872
423,DK,AGE_35_44,2623032,GENDER_FEMALE,,,,,,"{'advertiser_id': '7381489555305775105', 'objective_type': 'REACH', 'optimization_goal': 'REACH', 'placements': ['PLACEMENT_TIKTOK', 'PLACEMENT_PANGLE', 'PLACEMENT_GLOBAL_APP_BUNDLE'], 'location_ids': ['2623032'], 'gender': 'GENDER_FEMALE', 'age_groups': ['AGE_35_44']}",,"{'code': 0, 'message': 'OK', 'request_id': '2025080217495432DD480A18D14E193F2F', 'data': {'user_count': {'lower_end': 96000, 'upper_end': 119000}, 'user_count_stage': 2}}",96000,119000,2,2025-08-02 11:51:04.081872
424,DK,AGE_45_54,2623032,GENDER_FEMALE,,,,,,"{'advertiser_id': '7381489555305775105', 'objective_type': 'REACH', 'optimization_goal': 'REACH', 'placements': ['PLACEMENT_TIKTOK', 'PLACEMENT_PANGLE', 'PLACEMENT_GLOBAL_APP_BUNDLE'], 'location_ids': ['2623032'], 'gender': 'GENDER_FEMALE', 'age_groups': ['AGE_45_54']}",,"{'code': 0, 'message': 'OK', 'request_id': '202508021749558EF754E35D85F210C421', 'data': {'user_count': {'lower_end': 71000, 'upper_end': 88000}, 'user_count_stage': 2}}",71000,88000,2,2025-08-02 11:51:04.081872
425,DK,AGE_55_100,2623032,GENDER_FEMALE,,,,,,"{'advertiser_id': '7381489555305775105', 'objective_type': 'REACH', 'optimization_goal': 'REACH', 'placements': ['PLACEMENT_TIKTOK', 'PLACEMENT_PANGLE', 'PLACEMENT_GLOBAL_APP_BUNDLE'], 'location_ids': ['2623032'], 'gender': 'GENDER_FEMALE', 'age_groups': ['AGE_55_100']}",,"{'code': 0, 'message': 'OK', 'request_id': '2025080217495541D3DBC142891A14B6A7', 'data': {'user_count': {'lower_end': 38000, 'upper_end': 48000}, 'user_count_stage': 2}}",38000,48000,2,2025-08-02 11:51:04.081872
426,DK,AGE_13_17,2623032,GENDER_MALE,,,,,,"{'advertiser_id': '7381489555305775105', 'objective_type': 'REACH', 'optimization_goal': 'REACH', 'placements': ['PLACEMENT_TIKTOK', 'PLACEMENT_PANGLE', 'PLACEMENT_GLOBAL_APP_BUNDLE'], 'location_ids': ['2623032'], 'gender': 'GENDER_MALE', 'age_groups': ['AGE_13_17']}",,"{'code': 0, 'message': 'OK', 'request_id': '2025080217495587A205BDDC0EB816A4B2', 'data': {'user_count': {'lower_end': 0, 'upper_end': 1000}, 'user_count_stage': 1}}",0,1000,1,2025-08-02 11:51:04.081872
427,DK,AGE_18_24,2623032,GENDER_MALE,,,,,,"{'advertiser_id': '7381489555305775105', 'objective_type': 'REACH', 'optimization_goal': 'REACH', 'placements': ['PLACEMENT_TIKTOK', 'PLACEMENT_PANGLE', 'PLACEMENT_GLOBAL_APP_BUNDLE'], 'location_ids': ['2623032'], 'gender': 'GENDER_MALE', 'age_groups': ['AGE_18_24']}",,"{'code': 0, 'message': 'OK', 'request_id': '202508021749565AA7594D8D49E1131D6C', 'data': {'user_count': {'lower_end': 217000, 'upper_end': 266000}, 'user_count_stage': 2}}",217000,266000,2,2025-08-02 11:51:04.081872
428,DK,AGE_25_34,2623032,GENDER_MALE,,,,,,"{'advertiser_id': '7381489555305775105', 'objective_type': 'REACH', 'optimization_goal': 'REACH', 'placements': ['PLACEMENT_TIKTOK', 'PLACEMENT_PANGLE', 'PLACEMENT_GLOBAL_APP_BUNDLE'], 'location_ids': ['2623032'], 'gender': 'GENDER_MALE', 'age_groups': ['AGE_25_34']}",,"{'code': 0, 'message': 'OK', 'request_id': '2025080217495662A6707C1E1CBA0E5B99', 'data': {'user_count': {'lower_end': 176000, 'upper_end': 216000}, 'user_count_stage': 2}}",176000,216000,2,2025-08-02 11:51:04.081872
429,DK,AGE_35_44,2623032,GENDER_MALE,,,,,,"{'advertiser_id': '7381489555305775105', 'objective_type': 'REACH', 'optimization_goal': 'REACH', 'placements': ['PLACEMENT_TIKTOK', 'PLACEMENT_PANGLE', 'PLACEMENT_GLOBAL_APP_BUNDLE'], 'location_ids': ['2623032'], 'gender': 'GENDER_MALE', 'age_groups': ['AGE_35_44']}",,"{'code': 0, 'message': 'OK', 'request_id': '202508021749564187032962A089126412', 'data': {'user_count': {'lower_end': 76000, 'upper_end': 94000}, 'user_count_stage': 2}}",76000,94000,2,2025-08-02 11:51:04.081872
430,PA,AGE_13_17,3703430,GENDER_FEMALE,,,,,,"{'advertiser_id': '7381489555305775105', 'objective_type': 'REACH', 'optimization_goal': 'REACH', 'placements': ['PLACEMENT_TIKTOK', 'PLACEMENT_PANGLE', 'PLACEMENT_GLOBAL_APP_BUNDLE'], 'location_ids': ['3703430'], 'gender': 'GENDER_FEMALE', 'age_groups': ['AGE_13_17']}",,"{'code': 0, 'message': 'OK', 'request_id': '2025080217495712FD1D721458454F58A1', 'data': {'user_count': {'lower_end': 0, 'upper_end': 1000}, 'user_count_stage': 1}}",0,1000,1,2025-08-02 11:51:04.081872
431,DK,AGE_55_100,2623032,GENDER_MALE,,,,,,"{'advertiser_id': '7381489555305775105', 'objective_type': 'REACH', 'optimization_goal': 'REACH', 'placements': ['PLACEMENT_TIKTOK', 'PLACEMENT_PANGLE', 'PLACEMENT_GLOBAL_APP_BUNDLE'], 'location_ids': ['2623032'], 'gender': 'GENDER_MALE', 'age_groups': ['AGE_55_100']}",,"{'code': 0, 'message': 'OK', 'request_id': '202508021749577D25F06EC4AD141796E0', 'data': {'user_count': {'lower_end': 29000, 'upper_end': 36000}, 'user_count_stage': 2}}",29000,36000,2,2025-08-02 11:51:04.081872
432,PA,AGE_18_24,3703430,GENDER_FEMALE,,,,,,"{'advertiser_id': '7381489555305775105', 'objective_type': 'REACH', 'optimization_goal': 'REACH', 'placements': ['PLACEMENT_TIKTOK', 'PLACEMENT_PANGLE', 'PLACEMENT_GLOBAL_APP_BUNDLE'], 'location_ids': ['3703430'], 'gender': 'GENDER_FEMALE', 'age_groups': ['AGE_18_24']}",,"{'code': 0, 'message': 'OK', 'request_id': '202508021749573D0704989ACE7310DD1E', 'data': {'user_count': {'lower_end': 354000, 'upper_end': 434000}, 'user_count_stage': 2}}",354000,434000,2,2025-08-02 11:51:04.081872
433,PA,AGE_25_34,3703430,GENDER_FEMALE,,,,,,"{'advertiser_id': '7381489555305775105', 'objective_type': 'REACH', 'optimization_goal': 'REACH', 'placements': ['PLACEMENT_TIKTOK', 'PLACEMENT_PANGLE', 'PLACEMENT_GLOBAL_APP_BUNDLE'], 'location_ids': ['3703430'], 'gender': 'GENDER_FEMALE', 'age_groups': ['AGE_25_34']}",,"{'code': 0, 'message': 'OK', 'request_id': '20250802174958A3F1793D44224A10C733', 'data': {'user_count': {'lower_end': 520000, 'upper_end': 636000}, 'user_count_stage': 2}}",520000,636000,2,2025-08-02 11:51:04.081872
434,PA,AGE_35_44,3703430,GENDER_FEMALE,,,,,,"{'advertiser_id': '7381489555305775105', 'objective_type': 'REACH', 'optimization_goal': 'REACH', 'placements': ['PLACEMENT_TIKTOK', 'PLACEMENT_PANGLE', 'PLACEMENT_GLOBAL_APP_BUNDLE'], 'location_ids': ['3703430'], 'gender': 'GENDER_FEMALE', 'age_groups': ['AGE_35_44']}",,"{'code': 0, 'message': 'OK', 'request_id': '20250802174958989262A14FE8810B6A83', 'data': {'user_count': {'lower_end': 202000, 'upper_end': 248000}, 'user_count_stage': 2}}",202000,248000,2,2025-08-02 11:51:04.081872
435,PA,AGE_45_54,3703430,GENDER_FEMALE,,,,,,"{'advertiser_id': '7381489555305775105', 'objective_type': 'REACH', 'optimization_goal': 'REACH', 'placements': ['PLACEMENT_TIKTOK', 'PLACEMENT_PANGLE', 'PLACEMENT_GLOBAL_APP_BUNDLE'], 'location_ids': ['3703430'], 'gender': 'GENDER_FEMALE', 'age_groups': ['AGE_45_54']}",,"{'code': 0, 'message': 'OK', 'request_id': '2025080217495890E14CA129332F1510A2', 'data': {'user_count': {'lower_end': 126000, 'upper_end': 155000}, 'user_count_stage': 2}}",126000,155000,2,2025-08-02 11:51:04.081872
436,PA,AGE_55_100,3703430,GENDER_FEMALE,,,,,,"{'advertiser_id': '7381489555305775105', 'objective_type': 'REACH', 'optimization_goal': 'REACH', 'placements': ['PLACEMENT_TIKTOK', 'PLACEMENT_PANGLE', 'PLACEMENT_GLOBAL_APP_BUNDLE'], 'location_ids': ['3703430'], 'gender': 'GENDER_FEMALE', 'age_groups': ['AGE_55_100']}",,"{'code': 0, 'message': 'OK', 'request_id': '202508021749593461BF3F90C40A1B7D5F', 'data': {'user_count': {'lower_end': 137000, 'upper_end': 168000}, 'user_count_stage': 2}}",137000,168000,2,2025-08-02 11:51:04.081872
437,PA,AGE_13_17,3703430,GENDER_MALE,,,,,,"{'advertiser_id': '7381489555305775105', 'objective_type': 'REACH', 'optimization_goal': 'REACH', 'placements': ['PLACEMENT_TIKTOK', 'PLACEMENT_PANGLE', 'PLACEMENT_GLOBAL_APP_BUNDLE'], 'location_ids': ['3703430'], 'gender': 'GENDER_MALE', 'age_groups': ['AGE_13_17']}",,"{'code': 0, 'message': 'OK', 'request_id': '202508021749593A0FAA726A820F1AB621', 'data': {'user_count': {'lower_end': 0, 'upper_end': 1000}, 'user_count_stage': 1}}",0,1000,1,2025-08-02 11:51:04.081872
438,PA,AGE_18_24,3703430,GENDER_MALE,,,,,,"{'advertiser_id': '7381489555305775105', 'objective_type': 'REACH', 'optimization_goal': 'REACH', 'placements': ['PLACEMENT_TIKTOK', 'PLACEMENT_PANGLE', 'PLACEMENT_GLOBAL_APP_BUNDLE'], 'location_ids': ['3703430'], 'gender': 'GENDER_MALE', 'age_groups': ['AGE_18_24']}",,"{'code': 0, 'message': 'OK', 'request_id': '2025080217495994640EE7BE495511CDA0', 'data': {'user_count': {'lower_end': 331000, 'upper_end': 406000}, 'user_count_stage': 2}}",331000,406000,2,2025-08-02 11:51:04.081872
439,PA,AGE_35_44,3703430,GENDER_MALE,,,,,,"{'advertiser_id': '7381489555305775105', 'objective_type': 'REACH', 'optimization_goal': 'REACH', 'placements': ['PLACEMENT_TIKTOK', 'PLACEMENT_PANGLE', 'PLACEMENT_GLOBAL_APP_BUNDLE'], 'location_ids': ['3703430'], 'gender': 'GENDER_MALE', 'age_groups': ['AGE_35_44']}",,"{'code': 0, 'message': 'OK', 'request_id': '20250802175000733E2001E161131F6CA4', 'data': {'user_count': {'lower_end': 243000, 'upper_end': 298000}, 'user_count_stage': 2}}",243000,298000,2,2025-08-02 11:51:04.081872
440,DK,AGE_45_54,2623032,GENDER_MALE,,,,,,"{'advertiser_id': '7381489555305775105', 'objective_type': 'REACH', 'optimization_goal': 'REACH', 'placements': ['PLACEMENT_TIKTOK', 'PLACEMENT_PANGLE', 'PLACEMENT_GLOBAL_APP_BUNDLE'], 'location_ids': ['2623032'], 'gender': 'GENDER_MALE', 'age_groups': ['AGE_45_54']}",,"{'code': 0, 'message': 'OK', 'request_id': '20250802174956C57692FC82F91A0E84E1', 'data': {'user_count': {'lower_end': 53000, 'upper_end': 66000}, 'user_count_stage': 2}}",53000,66000,2,2025-08-02 11:51:04.081872
441,PA,AGE_45_54,3703430,GENDER_MALE,,,,,,"{'advertiser_id': '7381489555305775105', 'objective_type': 'REACH', 'optimization_goal': 'REACH', 'placements': ['PLACEMENT_TIKTOK', 'PLACEMENT_PANGLE', 'PLACEMENT_GLOBAL_APP_BUNDLE'], 'location_ids': ['3703430'], 'gender': 'GENDER_MALE', 'age_groups': ['AGE_45_54']}",,"{'code': 0, 'message': 'OK', 'request_id': '20250802175001CAE4EFE9E69A5213A578', 'data': {'user_count': {'lower_end': 137000, 'upper_end': 168000}, 'user_count_stage': 2}}",137000,168000,2,2025-08-02 11:51:04.081872
442,PA,AGE_55_100,3703430,GENDER_MALE,,,,,,"{'advertiser_id': '7381489555305775105', 'objective_type': 'REACH', 'optimization_goal': 'REACH', 'placements': ['PLACEMENT_TIKTOK', 'PLACEMENT_PANGLE', 'PLACEMENT_GLOBAL_APP_BUNDLE'], 'location_ids': ['3703430'], 'gender': 'GENDER_MALE', 'age_groups': ['AGE_55_100']}",,"{'code': 0, 'message': 'OK', 'request_id': '20250802175001C6E1B1DAEA869A0D8D88', 'data': {'user_count': {'lower_end': 116000, 'upper_end': 143000}, 'user_count_stage': 2}}",116000,143000,2,2025-08-02 11:51:04.081872
443,PA,AGE_25_34,3703430,GENDER_MALE,,,,,,"{'advertiser_id': '7381489555305775105', 'objective_type': 'REACH', 'optimization_goal': 'REACH', 'placements': ['PLACEMENT_TIKTOK', 'PLACEMENT_PANGLE', 'PLACEMENT_GLOBAL_APP_BUNDLE'], 'location_ids': ['3703430'], 'gender': 'GENDER_MALE', 'age_groups': ['AGE_25_34']}",,"{'code': 0, 'message': 'OK', 'request_id': '20250802174959B624D15D4ACFB41B7579', 'data': {'user_count': {'lower_end': 644000, 'upper_end': 788000}, 'user_count_stage': 3}}",644000,788000,3,2025-08-02 11:51:04.081872
444,PR,AGE_13_17,4566966,GENDER_FEMALE,,,,,,"{'advertiser_id': '7381489555305775105', 'objective_type': 'REACH', 'optimization_goal': 'REACH', 'placements': ['PLACEMENT_TIKTOK', 'PLACEMENT_PANGLE', 'PLACEMENT_GLOBAL_APP_BUNDLE'], 'location_ids': ['4566966'], 'gender': 'GENDER_FEMALE', 'age_groups': ['AGE_13_17']}",,"{'code': 0, 'message': 'OK', 'request_id': '20250802175001A3F1793D44224A10C795', 'data': {'user_count': {'lower_end': 0, 'upper_end': 1000}, 'user_count_stage': 1}}",0,1000,1,2025-08-02 11:51:04.081872
445,PR,AGE_25_34,4566966,GENDER_FEMALE,,,,,,"{'advertiser_id': '7381489555305775105', 'objective_type': 'REACH', 'optimization_goal': 'REACH', 'placements': ['PLACEMENT_TIKTOK', 'PLACEMENT_PANGLE', 'PLACEMENT_GLOBAL_APP_BUNDLE'], 'location_ids': ['4566966'], 'gender': 'GENDER_FEMALE', 'age_groups': ['AGE_25_34']}",,"{'code': 0, 'message': 'OK', 'request_id': '2025080217500294640EE7BE495511CE21', 'data': {'user_count': {'lower_end': 58000, 'upper_end': 72000}, 'user_count_stage': 2}}",58000,72000,2,2025-08-02 11:51:04.081872
446,PR,AGE_18_24,4566966,GENDER_FEMALE,,,,,,"{'advertiser_id': '7381489555305775105', 'objective_type': 'REACH', 'optimization_goal': 'REACH', 'placements': ['PLACEMENT_TIKTOK', 'PLACEMENT_PANGLE', 'PLACEMENT_GLOBAL_APP_BUNDLE'], 'location_ids': ['4566966'], 'gender': 'GENDER_FEMALE', 'age_groups': ['AGE_18_24']}",,"{'code': 0, 'message': 'OK', 'request_id': '202508021750029F3D148879E21E1BC6C5', 'data': {'user_count': {'lower_end': 44000, 'upper_end': 54000}, 'user_count_stage': 2}}",44000,54000,2,2025-08-02 11:51:04.081872
447,PR,AGE_35_44,4566966,GENDER_FEMALE,,,,,,"{'advertiser_id': '7381489555305775105', 'objective_type': 'REACH', 'optimization_goal': 'REACH', 'placements': ['PLACEMENT_TIKTOK', 'PLACEMENT_PANGLE', 'PLACEMENT_GLOBAL_APP_BUNDLE'], 'location_ids': ['4566966'], 'gender': 'GENDER_FEMALE', 'age_groups': ['AGE_35_44']}",,"{'code': 0, 'message': 'OK', 'request_id': '202508021750026AF1245CB93ECB1620D9', 'data': {'user_count': {'lower_end': 52000, 'upper_end': 64000}, 'user_count_stage': 2}}",52000,64000,2,2025-08-02 11:51:04.081872
448,PR,AGE_55_100,4566966,GENDER_FEMALE,,,,,,"{'advertiser_id': '7381489555305775105', 'objective_type': 'REACH', 'optimization_goal': 'REACH', 'placements': ['PLACEMENT_TIKTOK', 'PLACEMENT_PANGLE', 'PLACEMENT_GLOBAL_APP_BUNDLE'], 'location_ids': ['4566966'], 'gender': 'GENDER_FEMALE', 'age_groups': ['AGE_55_100']}",,"{'code': 0, 'message': 'OK', 'request_id': '202508021750039F63176289E78C10FB9D', 'data': {'user_count': {'lower_end': 43000, 'upper_end': 54000}, 'user_count_stage': 2}}",43000,54000,2,2025-08-02 11:51:04.081872
449,PR,AGE_45_54,4566966,GENDER_FEMALE,,,,,,"{'advertiser_id': '7381489555305775105', 'objective_type': 'REACH', 'optimization_goal': 'REACH', 'placements': ['PLACEMENT_TIKTOK', 'PLACEMENT_PANGLE', 'PLACEMENT_GLOBAL_APP_BUNDLE'], 'location_ids': ['4566966'], 'gender': 'GENDER_FEMALE', 'age_groups': ['AGE_45_54']}",,"{'code': 0, 'message': 'OK', 'request_id': '20250802175003ACDB4328E53D3C15997D', 'data': {'user_count': {'lower_end': 38000, 'upper_end': 47000}, 'user_count_stage': 2}}",38000,47000,2,2025-08-02 11:51:04.081872
450,PR,AGE_13_17,4566966,GENDER_MALE,,,,,,"{'advertiser_id': '7381489555305775105', 'objective_type': 'REACH', 'optimization_goal': 'REACH', 'placements': ['PLACEMENT_TIKTOK', 'PLACEMENT_PANGLE', 'PLACEMENT_GLOBAL_APP_BUNDLE'], 'location_ids': ['4566966'], 'gender': 'GENDER_MALE', 'age_groups': ['AGE_13_17']}",,"{'code': 0, 'message': 'OK', 'request_id': '20250802175003FF758CDEC639A614D64D', 'data': {'user_count': {'lower_end': 0, 'upper_end': 1000}, 'user_count_stage': 1}}",0,1000,1,2025-08-02 11:51:04.081872
451,PR,AGE_18_24,4566966,GENDER_MALE,,,,,,"{'advertiser_id': '7381489555305775105', 'objective_type': 'REACH', 'optimization_goal': 'REACH', 'placements': ['PLACEMENT_TIKTOK', 'PLACEMENT_PANGLE', 'PLACEMENT_GLOBAL_APP_BUNDLE'], 'location_ids': ['4566966'], 'gender': 'GENDER_MALE', 'age_groups': ['AGE_18_24']}",,"{'code': 0, 'message': 'OK', 'request_id': '202508021750048D9C889A4C0FB911876B', 'data': {'user_count': {'lower_end': 30000, 'upper_end': 37000}, 'user_count_stage': 2}}",30000,37000,2,2025-08-02 11:51:04.081872
452,PR,AGE_35_44,4566966,GENDER_MALE,,,,,,"{'advertiser_id': '7381489555305775105', 'objective_type': 'REACH', 'optimization_goal': 'REACH', 'placements': ['PLACEMENT_TIKTOK', 'PLACEMENT_PANGLE', 'PLACEMENT_GLOBAL_APP_BUNDLE'], 'location_ids': ['4566966'], 'gender': 'GENDER_MALE', 'age_groups': ['AGE_35_44']}",,"{'code': 0, 'message': 'OK', 'request_id': '2025080217500562A6707C1E1CBA0E5CC1', 'data': {'user_count': {'lower_end': 54000, 'upper_end': 67000}, 'user_count_stage': 2}}",54000,67000,2,2025-08-02 11:51:04.081872
453,PR,AGE_25_34,4566966,GENDER_MALE,,,,,,"{'advertiser_id': '7381489555305775105', 'objective_type': 'REACH', 'optimization_goal': 'REACH', 'placements': ['PLACEMENT_TIKTOK', 'PLACEMENT_PANGLE', 'PLACEMENT_GLOBAL_APP_BUNDLE'], 'location_ids': ['4566966'], 'gender': 'GENDER_MALE', 'age_groups': ['AGE_25_34']}",,"{'code': 0, 'message': 'OK', 'request_id': '202508021750055F06D1641BEFC312F503', 'data': {'user_count': {'lower_end': 97000, 'upper_end': 120000}, 'user_count_stage': 2}}",97000,120000,2,2025-08-02 11:51:04.081872
454,PR,AGE_45_54,4566966,GENDER_MALE,,,,,,"{'advertiser_id': '7381489555305775105', 'objective_type': 'REACH', 'optimization_goal': 'REACH', 'placements': ['PLACEMENT_TIKTOK', 'PLACEMENT_PANGLE', 'PLACEMENT_GLOBAL_APP_BUNDLE'], 'location_ids': ['4566966'], 'gender': 'GENDER_MALE', 'age_groups': ['AGE_45_54']}",,"{'code': 0, 'message': 'OK', 'request_id': '20250802175005B478F1F7C55903111518', 'data': {'user_count': {'lower_end': 33000, 'upper_end': 42000}, 'user_count_stage': 2}}",33000,42000,2,2025-08-02 11:51:04.081872
455,PR,AGE_55_100,4566966,GENDER_MALE,,,,,,"{'advertiser_id': '7381489555305775105', 'objective_type': 'REACH', 'optimization_goal': 'REACH', 'placements': ['PLACEMENT_TIKTOK', 'PLACEMENT_PANGLE', 'PLACEMENT_GLOBAL_APP_BUNDLE'], 'location_ids': ['4566966'], 'gender': 'GENDER_MALE', 'age_groups': ['AGE_55_100']}",,"{'code': 0, 'message': 'OK', 'request_id': '202508021750065ABFC7F285437717C24B', 'data': {'user_count': {'lower_end': 57000, 'upper_end': 71000}, 'user_count_stage': 2}}",57000,71000,2,2025-08-02 11:51:04.081872
456,GR,AGE_13_17,390903,GENDER_FEMALE,,,,,,"{'advertiser_id': '7381489555305775105', 'objective_type': 'REACH', 'optimization_goal': 'REACH', 'placements': ['PLACEMENT_TIKTOK', 'PLACEMENT_PANGLE', 'PLACEMENT_GLOBAL_APP_BUNDLE'], 'location_ids': ['390903'], 'gender': 'GENDER_FEMALE', 'age_groups': ['AGE_13_17']}",,"{'code': 0, 'message': 'OK', 'request_id': '202508021750064187032962A0891265F0', 'data': {'user_count': {'lower_end': 0, 'upper_end': 1000}, 'user_count_stage': 1}}",0,1000,1,2025-08-02 11:51:04.081872
457,GR,AGE_18_24,390903,GENDER_FEMALE,,,,,,"{'advertiser_id': '7381489555305775105', 'objective_type': 'REACH', 'optimization_goal': 'REACH', 'placements': ['PLACEMENT_TIKTOK', 'PLACEMENT_PANGLE', 'PLACEMENT_GLOBAL_APP_BUNDLE'], 'location_ids': ['390903'], 'gender': 'GENDER_FEMALE', 'age_groups': ['AGE_18_24']}",,"{'code': 0, 'message': 'OK', 'request_id': '202508021750067D349A9BFB5DDF1341B7', 'data': {'user_count': {'lower_end': 538000, 'upper_end': 658000}, 'user_count_stage': 2}}",538000,658000,2,2025-08-02 11:51:04.081872
458,GR,AGE_25_34,390903,GENDER_FEMALE,,,,,,"{'advertiser_id': '7381489555305775105', 'objective_type': 'REACH', 'optimization_goal': 'REACH', 'placements': ['PLACEMENT_TIKTOK', 'PLACEMENT_PANGLE', 'PLACEMENT_GLOBAL_APP_BUNDLE'], 'location_ids': ['390903'], 'gender': 'GENDER_FEMALE', 'age_groups': ['AGE_25_34']}",,"{'code': 0, 'message': 'OK', 'request_id': '202508021750076CBD2F2C1CFC1414D964', 'data': {'user_count': {'lower_end': 638000, 'upper_end': 781000}, 'user_count_stage': 2}}",638000,781000,2,2025-08-02 11:51:04.081872
459,GR,AGE_35_44,390903,GENDER_FEMALE,,,,,,"{'advertiser_id': '7381489555305775105', 'objective_type': 'REACH', 'optimization_goal': 'REACH', 'placements': ['PLACEMENT_TIKTOK', 'PLACEMENT_PANGLE', 'PLACEMENT_GLOBAL_APP_BUNDLE'], 'location_ids': ['390903'], 'gender': 'GENDER_FEMALE', 'age_groups': ['AGE_35_44']}",,"{'code': 0, 'message': 'OK', 'request_id': '2025080217500782AE7ECC9EB9C616C930', 'data': {'user_count': {'lower_end': 490000, 'upper_end': 600000}, 'user_count_stage': 2}}",490000,600000,2,2025-08-02 11:51:04.081872
460,GR,AGE_45_54,390903,GENDER_FEMALE,,,,,,"{'advertiser_id': '7381489555305775105', 'objective_type': 'REACH', 'optimization_goal': 'REACH', 'placements': ['PLACEMENT_TIKTOK', 'PLACEMENT_PANGLE', 'PLACEMENT_GLOBAL_APP_BUNDLE'], 'location_ids': ['390903'], 'gender': 'GENDER_FEMALE', 'age_groups': ['AGE_45_54']}",,"{'code': 0, 'message': 'OK', 'request_id': '20250802175007424E809CA2512E39C362', 'data': {'user_count': {'lower_end': 429000, 'upper_end': 526000}, 'user_count_stage': 2}}",429000,526000,2,2025-08-02 11:51:04.081872
461,GR,AGE_55_100,390903,GENDER_FEMALE,,,,,,"{'advertiser_id': '7381489555305775105', 'objective_type': 'REACH', 'optimization_goal': 'REACH', 'placements': ['PLACEMENT_TIKTOK', 'PLACEMENT_PANGLE', 'PLACEMENT_GLOBAL_APP_BUNDLE'], 'location_ids': ['390903'], 'gender': 'GENDER_FEMALE', 'age_groups': ['AGE_55_100']}",,"{'code': 0, 'message': 'OK', 'request_id': '202508021750085C5743567937B01A33D5', 'data': {'user_count': {'lower_end': 334000, 'upper_end': 409000}, 'user_count_stage': 2}}",334000,409000,2,2025-08-02 11:51:04.081872
462,GR,AGE_18_24,390903,GENDER_MALE,,,,,,"{'advertiser_id': '7381489555305775105', 'objective_type': 'REACH', 'optimization_goal': 'REACH', 'placements': ['PLACEMENT_TIKTOK', 'PLACEMENT_PANGLE', 'PLACEMENT_GLOBAL_APP_BUNDLE'], 'location_ids': ['390903'], 'gender': 'GENDER_MALE', 'age_groups': ['AGE_18_24']}",,"{'code': 0, 'message': 'OK', 'request_id': '20250802175008A4C8C131D052D4144BD0', 'data': {'user_count': {'lower_end': 411000, 'upper_end': 503000}, 'user_count_stage': 2}}",411000,503000,2,2025-08-02 11:51:04.081872
463,GR,AGE_13_17,390903,GENDER_MALE,,,,,,"{'advertiser_id': '7381489555305775105', 'objective_type': 'REACH', 'optimization_goal': 'REACH', 'placements': ['PLACEMENT_TIKTOK', 'PLACEMENT_PANGLE', 'PLACEMENT_GLOBAL_APP_BUNDLE'], 'location_ids': ['390903'], 'gender': 'GENDER_MALE', 'age_groups': ['AGE_13_17']}",,"{'code': 0, 'message': 'OK', 'request_id': '202508021750084187032962A089126652', 'data': {'user_count': {'lower_end': 0, 'upper_end': 1000}, 'user_count_stage': 1}}",0,1000,1,2025-08-02 11:51:04.081872
464,GR,AGE_25_34,390903,GENDER_MALE,,,,,,"{'advertiser_id': '7381489555305775105', 'objective_type': 'REACH', 'optimization_goal': 'REACH', 'placements': ['PLACEMENT_TIKTOK', 'PLACEMENT_PANGLE', 'PLACEMENT_GLOBAL_APP_BUNDLE'], 'location_ids': ['390903'], 'gender': 'GENDER_MALE', 'age_groups': ['AGE_25_34']}",,"{'code': 0, 'message': 'OK', 'request_id': '20250802175009032D01309AEC96186C44', 'data': {'user_count': {'lower_end': 494000, 'upper_end': 605000}, 'user_count_stage': 2}}",494000,605000,2,2025-08-02 11:51:04.081872
465,GR,AGE_35_44,390903,GENDER_MALE,,,,,,"{'advertiser_id': '7381489555305775105', 'objective_type': 'REACH', 'optimization_goal': 'REACH', 'placements': ['PLACEMENT_TIKTOK', 'PLACEMENT_PANGLE', 'PLACEMENT_GLOBAL_APP_BUNDLE'], 'location_ids': ['390903'], 'gender': 'GENDER_MALE', 'age_groups': ['AGE_35_44']}",,"{'code': 0, 'message': 'OK', 'request_id': '20250802175009C30278B856E38C18F862', 'data': {'user_count': {'lower_end': 382000, 'upper_end': 469000}, 'user_count_stage': 2}}",382000,469000,2,2025-08-02 11:51:04.081872
466,GR,AGE_45_54,390903,GENDER_MALE,,,,,,"{'advertiser_id': '7381489555305775105', 'objective_type': 'REACH', 'optimization_goal': 'REACH', 'placements': ['PLACEMENT_TIKTOK', 'PLACEMENT_PANGLE', 'PLACEMENT_GLOBAL_APP_BUNDLE'], 'location_ids': ['390903'], 'gender': 'GENDER_MALE', 'age_groups': ['AGE_45_54']}",,"{'code': 0, 'message': 'OK', 'request_id': '20250802175009141901A5E60084139594', 'data': {'user_count': {'lower_end': 326000, 'upper_end': 399000}, 'user_count_stage': 2}}",326000,399000,2,2025-08-02 11:51:04.081872
467,SA,AGE_13_17,102358,GENDER_FEMALE,,,,,,"{'advertiser_id': '7381489555305775105', 'objective_type': 'REACH', 'optimization_goal': 'REACH', 'placements': ['PLACEMENT_TIKTOK', 'PLACEMENT_PANGLE', 'PLACEMENT_GLOBAL_APP_BUNDLE'], 'location_ids': ['102358'], 'gender': 'GENDER_FEMALE', 'age_groups': ['AGE_13_17']}",,"{'code': 0, 'message': 'OK', 'request_id': '202508021750104BA6F484F61EAC178DE3', 'data': {'user_count': {'lower_end': 0, 'upper_end': 3000}, 'user_count_stage': 1}}",0,3000,1,2025-08-02 11:51:04.081872
468,SA,AGE_18_24,102358,GENDER_FEMALE,,,,,,"{'advertiser_id': '7381489555305775105', 'objective_type': 'REACH', 'optimization_goal': 'REACH', 'placements': ['PLACEMENT_TIKTOK', 'PLACEMENT_PANGLE', 'PLACEMENT_GLOBAL_APP_BUNDLE'], 'location_ids': ['102358'], 'gender': 'GENDER_FEMALE', 'age_groups': ['AGE_18_24']}",,"{'code': 0, 'message': 'OK', 'request_id': '20250802175010141901A5E600841395C3', 'data': {'user_count': {'lower_end': 6440000, 'upper_end': 7872000}, 'user_count_stage': 2}}",6440000,7872000,2,2025-08-02 11:51:04.081872
469,SA,AGE_25_34,102358,GENDER_FEMALE,,,,,,"{'advertiser_id': '7381489555305775105', 'objective_type': 'REACH', 'optimization_goal': 'REACH', 'placements': ['PLACEMENT_TIKTOK', 'PLACEMENT_PANGLE', 'PLACEMENT_GLOBAL_APP_BUNDLE'], 'location_ids': ['102358'], 'gender': 'GENDER_FEMALE', 'age_groups': ['AGE_25_34']}",,"{'code': 0, 'message': 'OK', 'request_id': '202508021750106AF1245CB93ECB16219B', 'data': {'user_count': {'lower_end': 11207000, 'upper_end': 13698000}, 'user_count_stage': 2}}",11207000,13698000,2,2025-08-02 11:51:04.081872
470,SA,AGE_35_44,102358,GENDER_FEMALE,,,,,,"{'advertiser_id': '7381489555305775105', 'objective_type': 'REACH', 'optimization_goal': 'REACH', 'placements': ['PLACEMENT_TIKTOK', 'PLACEMENT_PANGLE', 'PLACEMENT_GLOBAL_APP_BUNDLE'], 'location_ids': ['102358'], 'gender': 'GENDER_FEMALE', 'age_groups': ['AGE_35_44']}",,"{'code': 0, 'message': 'OK', 'request_id': '20250802175011BDF05636B531531737D2', 'data': {'user_count': {'lower_end': 7180000, 'upper_end': 8777000}, 'user_count_stage': 2}}",7180000,8777000,2,2025-08-02 11:51:04.081872
471,SA,AGE_45_54,102358,GENDER_FEMALE,,,,,,"{'advertiser_id': '7381489555305775105', 'objective_type': 'REACH', 'optimization_goal': 'REACH', 'placements': ['PLACEMENT_TIKTOK', 'PLACEMENT_PANGLE', 'PLACEMENT_GLOBAL_APP_BUNDLE'], 'location_ids': ['102358'], 'gender': 'GENDER_FEMALE', 'age_groups': ['AGE_45_54']}",,"{'code': 0, 'message': 'OK', 'request_id': '2025080217501185601FAD0E44E01AF2E8', 'data': {'user_count': {'lower_end': 2222000, 'upper_end': 2717000}, 'user_count_stage': 2}}",2222000,2717000,2,2025-08-02 11:51:04.081872
472,GR,AGE_55_100,390903,GENDER_MALE,,,,,,"{'advertiser_id': '7381489555305775105', 'objective_type': 'REACH', 'optimization_goal': 'REACH', 'placements': ['PLACEMENT_TIKTOK', 'PLACEMENT_PANGLE', 'PLACEMENT_GLOBAL_APP_BUNDLE'], 'location_ids': ['390903'], 'gender': 'GENDER_MALE', 'age_groups': ['AGE_55_100']}",,"{'code': 0, 'message': 'OK', 'request_id': '20250802175010D6CE9114DD8E9D13463C', 'data': {'user_count': {'lower_end': 233000, 'upper_end': 286000}, 'user_count_stage': 2}}",233000,286000,2,2025-08-02 11:51:04.081872
473,SA,AGE_55_100,102358,GENDER_FEMALE,,,,,,"{'advertiser_id': '7381489555305775105', 'objective_type': 'REACH', 'optimization_goal': 'REACH', 'placements': ['PLACEMENT_TIKTOK', 'PLACEMENT_PANGLE', 'PLACEMENT_GLOBAL_APP_BUNDLE'], 'location_ids': ['102358'], 'gender': 'GENDER_FEMALE', 'age_groups': ['AGE_55_100']}",,"{'code': 0, 'message': 'OK', 'request_id': '202508021750113D0704989ACE7310DEC9', 'data': {'user_count': {'lower_end': 1695000, 'upper_end': 2072000}, 'user_count_stage': 2}}",1695000,2072000,2,2025-08-02 11:51:04.081872
474,SA,AGE_13_17,102358,GENDER_MALE,,,,,,"{'advertiser_id': '7381489555305775105', 'objective_type': 'REACH', 'optimization_goal': 'REACH', 'placements': ['PLACEMENT_TIKTOK', 'PLACEMENT_PANGLE', 'PLACEMENT_GLOBAL_APP_BUNDLE'], 'location_ids': ['102358'], 'gender': 'GENDER_MALE', 'age_groups': ['AGE_13_17']}",,"{'code': 0, 'message': 'OK', 'request_id': '202508021750122FABBE16B0F0601300E9', 'data': {'user_count': {'lower_end': 0, 'upper_end': 3000}, 'user_count_stage': 1}}",0,3000,1,2025-08-02 11:51:04.081872
475,SA,AGE_18_24,102358,GENDER_MALE,,,,,,"{'advertiser_id': '7381489555305775105', 'objective_type': 'REACH', 'optimization_goal': 'REACH', 'placements': ['PLACEMENT_TIKTOK', 'PLACEMENT_PANGLE', 'PLACEMENT_GLOBAL_APP_BUNDLE'], 'location_ids': ['102358'], 'gender': 'GENDER_MALE', 'age_groups': ['AGE_18_24']}",,"{'code': 0, 'message': 'OK', 'request_id': '2025080217501231007C3027B62E173F33', 'data': {'user_count': {'lower_end': 14063000, 'upper_end': 17189000}, 'user_count_stage': 2}}",14063000,17189000,2,2025-08-02 11:51:04.081872
476,SA,AGE_25_34,102358,GENDER_MALE,,,,,,"{'advertiser_id': '7381489555305775105', 'objective_type': 'REACH', 'optimization_goal': 'REACH', 'placements': ['PLACEMENT_TIKTOK', 'PLACEMENT_PANGLE', 'PLACEMENT_GLOBAL_APP_BUNDLE'], 'location_ids': ['102358'], 'gender': 'GENDER_MALE', 'age_groups': ['AGE_25_34']}",,"{'code': 0, 'message': 'OK', 'request_id': '20250802175012D8A004A41AE7D7134031', 'data': {'user_count': {'lower_end': 22664000, 'upper_end': 27701000}, 'user_count_stage': 3}}",22664000,27701000,3,2025-08-02 11:51:04.081872
477,SA,AGE_35_44,102358,GENDER_MALE,,,,,,"{'advertiser_id': '7381489555305775105', 'objective_type': 'REACH', 'optimization_goal': 'REACH', 'placements': ['PLACEMENT_TIKTOK', 'PLACEMENT_PANGLE', 'PLACEMENT_GLOBAL_APP_BUNDLE'], 'location_ids': ['102358'], 'gender': 'GENDER_MALE', 'age_groups': ['AGE_35_44']}",,"{'code': 0, 'message': 'OK', 'request_id': '2025080217501230A628580D6DC21CA70D', 'data': {'user_count': {'lower_end': 11175000, 'upper_end': 13659000}, 'user_count_stage': 2}}",11175000,13659000,2,2025-08-02 11:51:04.081872
478,SA,AGE_55_100,102358,GENDER_MALE,,,,,,"{'advertiser_id': '7381489555305775105', 'objective_type': 'REACH', 'optimization_goal': 'REACH', 'placements': ['PLACEMENT_TIKTOK', 'PLACEMENT_PANGLE', 'PLACEMENT_GLOBAL_APP_BUNDLE'], 'location_ids': ['102358'], 'gender': 'GENDER_MALE', 'age_groups': ['AGE_55_100']}",,"{'code': 0, 'message': 'OK', 'request_id': '202508021750136CBD2F2C1CFC1414DA89', 'data': {'user_count': {'lower_end': 2820000, 'upper_end': 3448000}, 'user_count_stage': 2}}",2820000,3448000,2,2025-08-02 11:51:04.081872
479,SA,AGE_45_54,102358,GENDER_MALE,,,,,,"{'advertiser_id': '7381489555305775105', 'objective_type': 'REACH', 'optimization_goal': 'REACH', 'placements': ['PLACEMENT_TIKTOK', 'PLACEMENT_PANGLE', 'PLACEMENT_GLOBAL_APP_BUNDLE'], 'location_ids': ['102358'], 'gender': 'GENDER_MALE', 'age_groups': ['AGE_45_54']}",,"{'code': 0, 'message': 'OK', 'request_id': '2025080217501266574C885AD46116EA30', 'data': {'user_count': {'lower_end': 2752000, 'upper_end': 3365000}, 'user_count_stage': 2}}",2752000,3365000,2,2025-08-02 11:51:04.081872
480,ZA,AGE_13_17,953987,GENDER_FEMALE,,,,,,"{'advertiser_id': '7381489555305775105', 'objective_type': 'REACH', 'optimization_goal': 'REACH', 'placements': ['PLACEMENT_TIKTOK', 'PLACEMENT_PANGLE', 'PLACEMENT_GLOBAL_APP_BUNDLE'], 'location_ids': ['953987'], 'gender': 'GENDER_FEMALE', 'age_groups': ['AGE_13_17']}",,"{'code': 0, 'message': 'OK', 'request_id': '20250802175013E56A5A9CCDBC4D0F6E58', 'data': {'user_count': {'lower_end': 0, 'upper_end': 3000}, 'user_count_stage': 1}}",0,3000,1,2025-08-02 11:51:04.081872
481,ZA,AGE_25_34,953987,GENDER_FEMALE,,,,,,"{'advertiser_id': '7381489555305775105', 'objective_type': 'REACH', 'optimization_goal': 'REACH', 'placements': ['PLACEMENT_TIKTOK', 'PLACEMENT_PANGLE', 'PLACEMENT_GLOBAL_APP_BUNDLE'], 'location_ids': ['953987'], 'gender': 'GENDER_FEMALE', 'age_groups': ['AGE_25_34']}",,"{'code': 0, 'message': 'OK', 'request_id': '202508021750136AF1245CB93ECB1621E9', 'data': {'user_count': {'lower_end': 17570000, 'upper_end': 21476000}, 'user_count_stage': 2}}",17570000,21476000,2,2025-08-02 11:51:04.081872
482,ZA,AGE_18_24,953987,GENDER_FEMALE,,,,,,"{'advertiser_id': '7381489555305775105', 'objective_type': 'REACH', 'optimization_goal': 'REACH', 'placements': ['PLACEMENT_TIKTOK', 'PLACEMENT_PANGLE', 'PLACEMENT_GLOBAL_APP_BUNDLE'], 'location_ids': ['953987'], 'gender': 'GENDER_FEMALE', 'age_groups': ['AGE_18_24']}",,"{'code': 0, 'message': 'OK', 'request_id': '202508021750136CBD2F2C1CFC1414DAA8', 'data': {'user_count': {'lower_end': 9508000, 'upper_end': 11622000}, 'user_count_stage': 2}}",9508000,11622000,2,2025-08-02 11:51:04.081872
483,ZA,AGE_55_100,953987,GENDER_FEMALE,,,,,,"{'advertiser_id': '7381489555305775105', 'objective_type': 'REACH', 'optimization_goal': 'REACH', 'placements': ['PLACEMENT_TIKTOK', 'PLACEMENT_PANGLE', 'PLACEMENT_GLOBAL_APP_BUNDLE'], 'location_ids': ['953987'], 'gender': 'GENDER_FEMALE', 'age_groups': ['AGE_55_100']}",,"{'code': 0, 'message': 'OK', 'request_id': '202508021750146CBD2F2C1CFC1414DAC2', 'data': {'user_count': {'lower_end': 3038000, 'upper_end': 3715000}, 'user_count_stage': 2}}",3038000,3715000,2,2025-08-02 11:51:04.081872
484,ZA,AGE_45_54,953987,GENDER_FEMALE,,,,,,"{'advertiser_id': '7381489555305775105', 'objective_type': 'REACH', 'optimization_goal': 'REACH', 'placements': ['PLACEMENT_TIKTOK', 'PLACEMENT_PANGLE', 'PLACEMENT_GLOBAL_APP_BUNDLE'], 'location_ids': ['953987'], 'gender': 'GENDER_FEMALE', 'age_groups': ['AGE_45_54']}",,"{'code': 0, 'message': 'OK', 'request_id': '20250802175014FCBE01B18C690F15AB03', 'data': {'user_count': {'lower_end': 4390000, 'upper_end': 5367000}, 'user_count_stage': 2}}",4390000,5367000,2,2025-08-02 11:51:04.081872
485,ZA,AGE_18_24,953987,GENDER_MALE,,,,,,"{'advertiser_id': '7381489555305775105', 'objective_type': 'REACH', 'optimization_goal': 'REACH', 'placements': ['PLACEMENT_TIKTOK', 'PLACEMENT_PANGLE', 'PLACEMENT_GLOBAL_APP_BUNDLE'], 'location_ids': ['953987'], 'gender': 'GENDER_MALE', 'age_groups': ['AGE_18_24']}",,"{'code': 0, 'message': 'OK', 'request_id': '202508021750147B70BE6D57B0B817C0A8', 'data': {'user_count': {'lower_end': 14401000, 'upper_end': 17603000}, 'user_count_stage': 2}}",14401000,17603000,2,2025-08-02 11:51:04.081872
486,ZA,AGE_13_17,953987,GENDER_MALE,,,,,,"{'advertiser_id': '7381489555305775105', 'objective_type': 'REACH', 'optimization_goal': 'REACH', 'placements': ['PLACEMENT_TIKTOK', 'PLACEMENT_PANGLE', 'PLACEMENT_GLOBAL_APP_BUNDLE'], 'location_ids': ['953987'], 'gender': 'GENDER_MALE', 'age_groups': ['AGE_13_17']}",,"{'code': 0, 'message': 'OK', 'request_id': '20250802175014C6E1B1DAEA869A0D8FBA', 'data': {'user_count': {'lower_end': 0, 'upper_end': 3000}, 'user_count_stage': 1}}",0,3000,1,2025-08-02 11:51:04.081872
487,ZA,AGE_35_44,953987,GENDER_MALE,,,,,,"{'advertiser_id': '7381489555305775105', 'objective_type': 'REACH', 'optimization_goal': 'REACH', 'placements': ['PLACEMENT_TIKTOK', 'PLACEMENT_PANGLE', 'PLACEMENT_GLOBAL_APP_BUNDLE'], 'location_ids': ['953987'], 'gender': 'GENDER_MALE', 'age_groups': ['AGE_35_44']}",,"{'code': 0, 'message': 'OK', 'request_id': '20250802175015D87B83D14C936D1E5ACD', 'data': {'user_count': {'lower_end': 8840000, 'upper_end': 10806000}, 'user_count_stage': 2}}",8840000,10806000,2,2025-08-02 11:51:04.081872
488,ZA,AGE_35_44,953987,GENDER_FEMALE,,,,,,"{'advertiser_id': '7381489555305775105', 'objective_type': 'REACH', 'optimization_goal': 'REACH', 'placements': ['PLACEMENT_TIKTOK', 'PLACEMENT_PANGLE', 'PLACEMENT_GLOBAL_APP_BUNDLE'], 'location_ids': ['953987'], 'gender': 'GENDER_FEMALE', 'age_groups': ['AGE_35_44']}",,"{'code': 0, 'message': 'OK', 'request_id': '202508021750146E3C9BDE16065B1420CE', 'data': {'user_count': {'lower_end': 12029000, 'upper_end': 14704000}, 'user_count_stage': 2}}",12029000,14704000,2,2025-08-02 11:51:04.081872
489,ZA,AGE_25_34,953987,GENDER_MALE,,,,,,"{'advertiser_id': '7381489555305775105', 'objective_type': 'REACH', 'optimization_goal': 'REACH', 'placements': ['PLACEMENT_TIKTOK', 'PLACEMENT_PANGLE', 'PLACEMENT_GLOBAL_APP_BUNDLE'], 'location_ids': ['953987'], 'gender': 'GENDER_MALE', 'age_groups': ['AGE_25_34']}",,"{'code': 0, 'message': 'OK', 'request_id': '2025080217501510A374512D483B127971', 'data': {'user_count': {'lower_end': 23980000, 'upper_end': 29311000}, 'user_count_stage': 3}}",23980000,29311000,3,2025-08-02 11:51:04.081872
490,ZA,AGE_55_100,953987,GENDER_MALE,,,,,,"{'advertiser_id': '7381489555305775105', 'objective_type': 'REACH', 'optimization_goal': 'REACH', 'placements': ['PLACEMENT_TIKTOK', 'PLACEMENT_PANGLE', 'PLACEMENT_GLOBAL_APP_BUNDLE'], 'location_ids': ['953987'], 'gender': 'GENDER_MALE', 'age_groups': ['AGE_55_100']}",,"{'code': 0, 'message': 'OK', 'request_id': '202508021750161E093F76663A4B1BA13A', 'data': {'user_count': {'lower_end': 2712000, 'upper_end': 3315000}, 'user_count_stage': 2}}",2712000,3315000,2,2025-08-02 11:51:04.081872
491,BH,AGE_13_17,290291,GENDER_FEMALE,,,,,,"{'advertiser_id': '7381489555305775105', 'objective_type': 'REACH', 'optimization_goal': 'REACH', 'placements': ['PLACEMENT_TIKTOK', 'PLACEMENT_PANGLE', 'PLACEMENT_GLOBAL_APP_BUNDLE'], 'location_ids': ['290291'], 'gender': 'GENDER_FEMALE', 'age_groups': ['AGE_13_17']}",,"{'code': 0, 'message': 'OK', 'request_id': '2025080217501662A6707C1E1CBA0E5E05', 'data': {'user_count': {'lower_end': 0, 'upper_end': 1000}, 'user_count_stage': 1}}",0,1000,1,2025-08-02 11:51:04.081872
492,ZA,AGE_45_54,953987,GENDER_MALE,,,,,,"{'advertiser_id': '7381489555305775105', 'objective_type': 'REACH', 'optimization_goal': 'REACH', 'placements': ['PLACEMENT_TIKTOK', 'PLACEMENT_PANGLE', 'PLACEMENT_GLOBAL_APP_BUNDLE'], 'location_ids': ['953987'], 'gender': 'GENDER_MALE', 'age_groups': ['AGE_45_54']}",,"{'code': 0, 'message': 'OK', 'request_id': '202508021750156E3C9BDE16065B14211C', 'data': {'user_count': {'lower_end': 2908000, 'upper_end': 3555000}, 'user_count_stage': 2}}",2908000,3555000,2,2025-08-02 11:51:04.081872
493,BH,AGE_18_24,290291,GENDER_FEMALE,,,,,,"{'advertiser_id': '7381489555305775105', 'objective_type': 'REACH', 'optimization_goal': 'REACH', 'placements': ['PLACEMENT_TIKTOK', 'PLACEMENT_PANGLE', 'PLACEMENT_GLOBAL_APP_BUNDLE'], 'location_ids': ['290291'], 'gender': 'GENDER_FEMALE', 'age_groups': ['AGE_18_24']}",,"{'code': 0, 'message': 'OK', 'request_id': '2025080217501672B99A2F6A881A18B7FD', 'data': {'user_count': {'lower_end': 110000, 'upper_end': 135000}, 'user_count_stage': 2}}",110000,135000,2,2025-08-02 11:51:04.081872
494,BH,AGE_25_34,290291,GENDER_FEMALE,,,,,,"{'advertiser_id': '7381489555305775105', 'objective_type': 'REACH', 'optimization_goal': 'REACH', 'placements': ['PLACEMENT_TIKTOK', 'PLACEMENT_PANGLE', 'PLACEMENT_GLOBAL_APP_BUNDLE'], 'location_ids': ['290291'], 'gender': 'GENDER_FEMALE', 'age_groups': ['AGE_25_34']}",,"{'code': 0, 'message': 'OK', 'request_id': '2025080217501683D714DBD543804A5462', 'data': {'user_count': {'lower_end': 214000, 'upper_end': 263000}, 'user_count_stage': 2}}",214000,263000,2,2025-08-02 11:51:04.081872
495,BH,AGE_35_44,290291,GENDER_FEMALE,,,,,,"{'advertiser_id': '7381489555305775105', 'objective_type': 'REACH', 'optimization_goal': 'REACH', 'placements': ['PLACEMENT_TIKTOK', 'PLACEMENT_PANGLE', 'PLACEMENT_GLOBAL_APP_BUNDLE'], 'location_ids': ['290291'], 'gender': 'GENDER_FEMALE', 'age_groups': ['AGE_35_44']}",,"{'code': 0, 'message': 'OK', 'request_id': '202508021750170FFEBBD30F025B145FC9', 'data': {'user_count': {'lower_end': 82000, 'upper_end': 102000}, 'user_count_stage': 2}}",82000,102000,2,2025-08-02 11:51:04.081872
496,BH,AGE_55_100,290291,GENDER_FEMALE,,,,,,"{'advertiser_id': '7381489555305775105', 'objective_type': 'REACH', 'optimization_goal': 'REACH', 'placements': ['PLACEMENT_TIKTOK', 'PLACEMENT_PANGLE', 'PLACEMENT_GLOBAL_APP_BUNDLE'], 'location_ids': ['290291'], 'gender': 'GENDER_FEMALE', 'age_groups': ['AGE_55_100']}",,"{'code': 0, 'message': 'OK', 'request_id': '20250802175017C6E1B1DAEA869A0D9046', 'data': {'user_count': {'lower_end': 30000, 'upper_end': 38000}, 'user_count_stage': 2}}",30000,38000,2,2025-08-02 11:51:04.081872
497,BH,AGE_45_54,290291,GENDER_FEMALE,,,,,,"{'advertiser_id': '7381489555305775105', 'objective_type': 'REACH', 'optimization_goal': 'REACH', 'placements': ['PLACEMENT_TIKTOK', 'PLACEMENT_PANGLE', 'PLACEMENT_GLOBAL_APP_BUNDLE'], 'location_ids': ['290291'], 'gender': 'GENDER_FEMALE', 'age_groups': ['AGE_45_54']}",,"{'code': 0, 'message': 'OK', 'request_id': '202508021750174330E27720C9341A93BE', 'data': {'user_count': {'lower_end': 37000, 'upper_end': 46000}, 'user_count_stage': 2}}",37000,46000,2,2025-08-02 11:51:04.081872
498,BH,AGE_13_17,290291,GENDER_MALE,,,,,,"{'advertiser_id': '7381489555305775105', 'objective_type': 'REACH', 'optimization_goal': 'REACH', 'placements': ['PLACEMENT_TIKTOK', 'PLACEMENT_PANGLE', 'PLACEMENT_GLOBAL_APP_BUNDLE'], 'location_ids': ['290291'], 'gender': 'GENDER_MALE', 'age_groups': ['AGE_13_17']}",,"{'code': 0, 'message': 'OK', 'request_id': '2025080217501791C70CCF2E941F1A4D58', 'data': {'user_count': {'lower_end': 0, 'upper_end': 1000}, 'user_count_stage': 1}}",0,1000,1,2025-08-02 11:51:04.081872
499,BH,AGE_18_24,290291,GENDER_MALE,,,,,,"{'advertiser_id': '7381489555305775105', 'objective_type': 'REACH', 'optimization_goal': 'REACH', 'placements': ['PLACEMENT_TIKTOK', 'PLACEMENT_PANGLE', 'PLACEMENT_GLOBAL_APP_BUNDLE'], 'location_ids': ['290291'], 'gender': 'GENDER_MALE', 'age_groups': ['AGE_18_24']}",,"{'code': 0, 'message': 'OK', 'request_id': '202508021750181D39CA3385985D179E62', 'data': {'user_count': {'lower_end': 128000, 'upper_end': 157000}, 'user_count_stage': 2}}",128000,157000,2,2025-08-02 11:51:04.081872
500,BH,AGE_25_34,290291,GENDER_MALE,,,,,,"{'advertiser_id': '7381489555305775105', 'objective_type': 'REACH', 'optimization_goal': 'REACH', 'placements': ['PLACEMENT_TIKTOK', 'PLACEMENT_PANGLE', 'PLACEMENT_GLOBAL_APP_BUNDLE'], 'location_ids': ['290291'], 'gender': 'GENDER_MALE', 'age_groups': ['AGE_25_34']}",,"{'code': 0, 'message': 'OK', 'request_id': '20250802175018ED1E549BE9DCE1141DE1', 'data': {'user_count': {'lower_end': 326000, 'upper_end': 400000}, 'user_count_stage': 3}}",326000,400000,3,2025-08-02 11:51:04.081872
501,BH,AGE_35_44,290291,GENDER_MALE,,,,,,"{'advertiser_id': '7381489555305775105', 'objective_type': 'REACH', 'optimization_goal': 'REACH', 'placements': ['PLACEMENT_TIKTOK', 'PLACEMENT_PANGLE', 'PLACEMENT_GLOBAL_APP_BUNDLE'], 'location_ids': ['290291'], 'gender': 'GENDER_MALE', 'age_groups': ['AGE_35_44']}",,"{'code': 0, 'message': 'OK', 'request_id': '202508021750186D4CD62255790712EA73', 'data': {'user_count': {'lower_end': 133000, 'upper_end': 163000}, 'user_count_stage': 2}}",133000,163000,2,2025-08-02 11:51:04.081872
502,BH,AGE_45_54,290291,GENDER_MALE,,,,,,"{'advertiser_id': '7381489555305775105', 'objective_type': 'REACH', 'optimization_goal': 'REACH', 'placements': ['PLACEMENT_TIKTOK', 'PLACEMENT_PANGLE', 'PLACEMENT_GLOBAL_APP_BUNDLE'], 'location_ids': ['290291'], 'gender': 'GENDER_MALE', 'age_groups': ['AGE_45_54']}",,"{'code': 0, 'message': 'OK', 'request_id': '20250802175018ADE593CE289462172431', 'data': {'user_count': {'lower_end': 54000, 'upper_end': 67000}, 'user_count_stage': 2}}",54000,67000,2,2025-08-02 11:51:04.081872
503,CA,AGE_13_17,6251999,GENDER_FEMALE,,,,,,"{'advertiser_id': '7381489555305775105', 'objective_type': 'REACH', 'optimization_goal': 'REACH', 'placements': ['PLACEMENT_TIKTOK', 'PLACEMENT_PANGLE', 'PLACEMENT_GLOBAL_APP_BUNDLE'], 'location_ids': ['6251999'], 'gender': 'GENDER_FEMALE', 'age_groups': ['AGE_13_17']}",,"{'code': 0, 'message': 'OK', 'request_id': '202508021750185C5743567937B01A35B5', 'data': {'user_count': {'lower_end': 0, 'upper_end': 1000}, 'user_count_stage': 1}}",0,1000,1,2025-08-02 11:51:04.081872
504,CA,AGE_18_24,6251999,GENDER_FEMALE,,,,,,"{'advertiser_id': '7381489555305775105', 'objective_type': 'REACH', 'optimization_goal': 'REACH', 'placements': ['PLACEMENT_TIKTOK', 'PLACEMENT_PANGLE', 'PLACEMENT_GLOBAL_APP_BUNDLE'], 'location_ids': ['6251999'], 'gender': 'GENDER_FEMALE', 'age_groups': ['AGE_18_24']}",,"{'code': 0, 'message': 'OK', 'request_id': '2025080217501983D714DBD543804A54AE', 'data': {'user_count': {'lower_end': 2005000, 'upper_end': 2452000}, 'user_count_stage': 2}}",2005000,2452000,2,2025-08-02 11:51:04.081872
505,BH,AGE_55_100,290291,GENDER_MALE,,,,,,"{'advertiser_id': '7381489555305775105', 'objective_type': 'REACH', 'optimization_goal': 'REACH', 'placements': ['PLACEMENT_TIKTOK', 'PLACEMENT_PANGLE', 'PLACEMENT_GLOBAL_APP_BUNDLE'], 'location_ids': ['290291'], 'gender': 'GENDER_MALE', 'age_groups': ['AGE_55_100']}",,"{'code': 0, 'message': 'OK', 'request_id': '20250802175019D9C55C247C1FD31155D9', 'data': {'user_count': {'lower_end': 32000, 'upper_end': 40000}, 'user_count_stage': 2}}",32000,40000,2,2025-08-02 11:51:04.081872
506,CA,AGE_25_34,6251999,GENDER_FEMALE,,,,,,"{'advertiser_id': '7381489555305775105', 'objective_type': 'REACH', 'optimization_goal': 'REACH', 'placements': ['PLACEMENT_TIKTOK', 'PLACEMENT_PANGLE', 'PLACEMENT_GLOBAL_APP_BUNDLE'], 'location_ids': ['6251999'], 'gender': 'GENDER_FEMALE', 'age_groups': ['AGE_25_34']}",,"{'code': 0, 'message': 'OK', 'request_id': '2025080217501994640EE7BE495511D13E', 'data': {'user_count': {'lower_end': 3014000, 'upper_end': 3684000}, 'user_count_stage': 3}}",3014000,3684000,3,2025-08-02 11:51:04.081872
507,CA,AGE_35_44,6251999,GENDER_FEMALE,,,,,,"{'advertiser_id': '7381489555305775105', 'objective_type': 'REACH', 'optimization_goal': 'REACH', 'placements': ['PLACEMENT_TIKTOK', 'PLACEMENT_PANGLE', 'PLACEMENT_GLOBAL_APP_BUNDLE'], 'location_ids': ['6251999'], 'gender': 'GENDER_FEMALE', 'age_groups': ['AGE_35_44']}",,"{'code': 0, 'message': 'OK', 'request_id': '202508021750194B6284A43DF9031AB6F6', 'data': {'user_count': {'lower_end': 1058000, 'upper_end': 1294000}, 'user_count_stage': 2}}",1058000,1294000,2,2025-08-02 11:51:04.081872
508,CA,AGE_55_100,6251999,GENDER_FEMALE,,,,,,"{'advertiser_id': '7381489555305775105', 'objective_type': 'REACH', 'optimization_goal': 'REACH', 'placements': ['PLACEMENT_TIKTOK', 'PLACEMENT_PANGLE', 'PLACEMENT_GLOBAL_APP_BUNDLE'], 'location_ids': ['6251999'], 'gender': 'GENDER_FEMALE', 'age_groups': ['AGE_55_100']}",,"{'code': 0, 'message': 'OK', 'request_id': '20250802175019027489ED33BA1713905A', 'data': {'user_count': {'lower_end': 598000, 'upper_end': 732000}, 'user_count_stage': 2}}",598000,732000,2,2025-08-02 11:51:04.081872
509,CA,AGE_45_54,6251999,GENDER_FEMALE,,,,,,"{'advertiser_id': '7381489555305775105', 'objective_type': 'REACH', 'optimization_goal': 'REACH', 'placements': ['PLACEMENT_TIKTOK', 'PLACEMENT_PANGLE', 'PLACEMENT_GLOBAL_APP_BUNDLE'], 'location_ids': ['6251999'], 'gender': 'GENDER_FEMALE', 'age_groups': ['AGE_45_54']}",,"{'code': 0, 'message': 'OK', 'request_id': '20250802175019FF758CDEC639A614D96D', 'data': {'user_count': {'lower_end': 649000, 'upper_end': 794000}, 'user_count_stage': 2}}",649000,794000,2,2025-08-02 11:51:04.081872
510,CA,AGE_13_17,6251999,GENDER_MALE,,,,,,"{'advertiser_id': '7381489555305775105', 'objective_type': 'REACH', 'optimization_goal': 'REACH', 'placements': ['PLACEMENT_TIKTOK', 'PLACEMENT_PANGLE', 'PLACEMENT_GLOBAL_APP_BUNDLE'], 'location_ids': ['6251999'], 'gender': 'GENDER_MALE', 'age_groups': ['AGE_13_17']}",,"{'code': 0, 'message': 'OK', 'request_id': '20250802175020ED1E549BE9DCE1141E4D', 'data': {'user_count': {'lower_end': 0, 'upper_end': 1000}, 'user_count_stage': 1}}",0,1000,1,2025-08-02 11:51:04.081872
511,CA,AGE_18_24,6251999,GENDER_MALE,,,,,,"{'advertiser_id': '7381489555305775105', 'objective_type': 'REACH', 'optimization_goal': 'REACH', 'placements': ['PLACEMENT_TIKTOK', 'PLACEMENT_PANGLE', 'PLACEMENT_GLOBAL_APP_BUNDLE'], 'location_ids': ['6251999'], 'gender': 'GENDER_MALE', 'age_groups': ['AGE_18_24']}",,"{'code': 0, 'message': 'OK', 'request_id': '202508021750209F63176289E78C10FD96', 'data': {'user_count': {'lower_end': 1632000, 'upper_end': 1996000}, 'user_count_stage': 2}}",1632000,1996000,2,2025-08-02 11:51:04.081872
512,CA,AGE_25_34,6251999,GENDER_MALE,,,,,,"{'advertiser_id': '7381489555305775105', 'objective_type': 'REACH', 'optimization_goal': 'REACH', 'placements': ['PLACEMENT_TIKTOK', 'PLACEMENT_PANGLE', 'PLACEMENT_GLOBAL_APP_BUNDLE'], 'location_ids': ['6251999'], 'gender': 'GENDER_MALE', 'age_groups': ['AGE_25_34']}",,"{'code': 0, 'message': 'OK', 'request_id': '2025080217502052AF71F7CC05CC139E69', 'data': {'user_count': {'lower_end': 3455000, 'upper_end': 4224000}, 'user_count_stage': 3}}",3455000,4224000,3,2025-08-02 11:51:04.081872
513,CA,AGE_35_44,6251999,GENDER_MALE,,,,,,"{'advertiser_id': '7381489555305775105', 'objective_type': 'REACH', 'optimization_goal': 'REACH', 'placements': ['PLACEMENT_TIKTOK', 'PLACEMENT_PANGLE', 'PLACEMENT_GLOBAL_APP_BUNDLE'], 'location_ids': ['6251999'], 'gender': 'GENDER_MALE', 'age_groups': ['AGE_35_44']}",,"{'code': 0, 'message': 'OK', 'request_id': '20250802175020AA7C35D60E8C7A137096', 'data': {'user_count': {'lower_end': 1107000, 'upper_end': 1354000}, 'user_count_stage': 2}}",1107000,1354000,2,2025-08-02 11:51:04.081872
514,CA,AGE_45_54,6251999,GENDER_MALE,,,,,,"{'advertiser_id': '7381489555305775105', 'objective_type': 'REACH', 'optimization_goal': 'REACH', 'placements': ['PLACEMENT_TIKTOK', 'PLACEMENT_PANGLE', 'PLACEMENT_GLOBAL_APP_BUNDLE'], 'location_ids': ['6251999'], 'gender': 'GENDER_MALE', 'age_groups': ['AGE_45_54']}",,"{'code': 0, 'message': 'OK', 'request_id': '2025080217502181601360D8A2F40E47E9', 'data': {'user_count': {'lower_end': 665000, 'upper_end': 813000}, 'user_count_stage': 2}}",665000,813000,2,2025-08-02 11:51:04.081872
515,CA,AGE_55_100,6251999,GENDER_MALE,,,,,,"{'advertiser_id': '7381489555305775105', 'objective_type': 'REACH', 'optimization_goal': 'REACH', 'placements': ['PLACEMENT_TIKTOK', 'PLACEMENT_PANGLE', 'PLACEMENT_GLOBAL_APP_BUNDLE'], 'location_ids': ['6251999'], 'gender': 'GENDER_MALE', 'age_groups': ['AGE_55_100']}",,"{'code': 0, 'message': 'OK', 'request_id': '20250802175021A3FC05940099DF19E59E', 'data': {'user_count': {'lower_end': 548000, 'upper_end': 671000}, 'user_count_stage': 2}}",548000,671000,2,2025-08-02 11:51:04.081872
516,KR,AGE_13_17,1835841,GENDER_FEMALE,,,,,,"{'advertiser_id': '7381489555305775105', 'objective_type': 'REACH', 'optimization_goal': 'REACH', 'placements': ['PLACEMENT_TIKTOK', 'PLACEMENT_PANGLE', 'PLACEMENT_GLOBAL_APP_BUNDLE'], 'location_ids': ['1835841'], 'gender': 'GENDER_FEMALE', 'age_groups': ['AGE_13_17']}",,"{'code': 0, 'message': 'OK', 'request_id': '202508021750214BA903214974A310EC59', 'data': {'user_count': {'lower_end': 0, 'upper_end': 2000}, 'user_count_stage': 1}}",0,2000,1,2025-08-02 11:51:04.081872
517,KR,AGE_18_24,1835841,GENDER_FEMALE,,,,,,"{'advertiser_id': '7381489555305775105', 'objective_type': 'REACH', 'optimization_goal': 'REACH', 'placements': ['PLACEMENT_TIKTOK', 'PLACEMENT_PANGLE', 'PLACEMENT_GLOBAL_APP_BUNDLE'], 'location_ids': ['1835841'], 'gender': 'GENDER_FEMALE', 'age_groups': ['AGE_18_24']}",,"{'code': 0, 'message': 'OK', 'request_id': '202508021750212E128DF0E4613315B38A', 'data': {'user_count': {'lower_end': 5221000, 'upper_end': 6382000}, 'user_count_stage': 2}}",5221000,6382000,2,2025-08-02 11:51:04.081872
518,KR,AGE_25_34,1835841,GENDER_FEMALE,,,,,,"{'advertiser_id': '7381489555305775105', 'objective_type': 'REACH', 'optimization_goal': 'REACH', 'placements': ['PLACEMENT_TIKTOK', 'PLACEMENT_PANGLE', 'PLACEMENT_GLOBAL_APP_BUNDLE'], 'location_ids': ['1835841'], 'gender': 'GENDER_FEMALE', 'age_groups': ['AGE_25_34']}",,"{'code': 0, 'message': 'OK', 'request_id': '20250802175021E02CA8C9A4D1901278A4', 'data': {'user_count': {'lower_end': 9070000, 'upper_end': 11087000}, 'user_count_stage': 2}}",9070000,11087000,2,2025-08-02 11:51:04.081872
519,KR,AGE_35_44,1835841,GENDER_FEMALE,,,,,,"{'advertiser_id': '7381489555305775105', 'objective_type': 'REACH', 'optimization_goal': 'REACH', 'placements': ['PLACEMENT_TIKTOK', 'PLACEMENT_PANGLE', 'PLACEMENT_GLOBAL_APP_BUNDLE'], 'location_ids': ['1835841'], 'gender': 'GENDER_FEMALE', 'age_groups': ['AGE_35_44']}",,"{'code': 0, 'message': 'OK', 'request_id': '20250802175021413DE0B4DCF4F4156749', 'data': {'user_count': {'lower_end': 6267000, 'upper_end': 7660000}, 'user_count_stage': 2}}",6267000,7660000,2,2025-08-02 11:51:04.081872
520,KR,AGE_45_54,1835841,GENDER_FEMALE,,,,,,"{'advertiser_id': '7381489555305775105', 'objective_type': 'REACH', 'optimization_goal': 'REACH', 'placements': ['PLACEMENT_TIKTOK', 'PLACEMENT_PANGLE', 'PLACEMENT_GLOBAL_APP_BUNDLE'], 'location_ids': ['1835841'], 'gender': 'GENDER_FEMALE', 'age_groups': ['AGE_45_54']}",,"{'code': 0, 'message': 'OK', 'request_id': '20250802175022F58868E0443914149A36', 'data': {'user_count': {'lower_end': 3034000, 'upper_end': 3709000}, 'user_count_stage': 2}}",3034000,3709000,2,2025-08-02 11:51:04.081872
521,KR,AGE_55_100,1835841,GENDER_FEMALE,,,,,,"{'advertiser_id': '7381489555305775105', 'objective_type': 'REACH', 'optimization_goal': 'REACH', 'placements': ['PLACEMENT_TIKTOK', 'PLACEMENT_PANGLE', 'PLACEMENT_GLOBAL_APP_BUNDLE'], 'location_ids': ['1835841'], 'gender': 'GENDER_FEMALE', 'age_groups': ['AGE_55_100']}",,"{'code': 0, 'message': 'OK', 'request_id': '202508021750228D9C889A4C0FB91189B3', 'data': {'user_count': {'lower_end': 3811000, 'upper_end': 4659000}, 'user_count_stage': 2}}",3811000,4659000,2,2025-08-02 11:51:04.081872
522,KR,AGE_13_17,1835841,GENDER_MALE,,,,,,"{'advertiser_id': '7381489555305775105', 'objective_type': 'REACH', 'optimization_goal': 'REACH', 'placements': ['PLACEMENT_TIKTOK', 'PLACEMENT_PANGLE', 'PLACEMENT_GLOBAL_APP_BUNDLE'], 'location_ids': ['1835841'], 'gender': 'GENDER_MALE', 'age_groups': ['AGE_13_17']}",,"{'code': 0, 'message': 'OK', 'request_id': '202508021750224F99249C9EA553196477', 'data': {'user_count': {'lower_end': 0, 'upper_end': 2000}, 'user_count_stage': 1}}",0,2000,1,2025-08-02 11:51:04.081872
523,KR,AGE_25_34,1835841,GENDER_MALE,,,,,,"{'advertiser_id': '7381489555305775105', 'objective_type': 'REACH', 'optimization_goal': 'REACH', 'placements': ['PLACEMENT_TIKTOK', 'PLACEMENT_PANGLE', 'PLACEMENT_GLOBAL_APP_BUNDLE'], 'location_ids': ['1835841'], 'gender': 'GENDER_MALE', 'age_groups': ['AGE_25_34']}",,"{'code': 0, 'message': 'OK', 'request_id': '20250802175022ADE593CE2894621724FA', 'data': {'user_count': {'lower_end': 15412000, 'upper_end': 18838000}, 'user_count_stage': 3}}",15412000,18838000,3,2025-08-02 11:51:04.081872
524,KR,AGE_18_24,1835841,GENDER_MALE,,,,,,"{'advertiser_id': '7381489555305775105', 'objective_type': 'REACH', 'optimization_goal': 'REACH', 'placements': ['PLACEMENT_TIKTOK', 'PLACEMENT_PANGLE', 'PLACEMENT_GLOBAL_APP_BUNDLE'], 'location_ids': ['1835841'], 'gender': 'GENDER_MALE', 'age_groups': ['AGE_18_24']}",,"{'code': 0, 'message': 'OK', 'request_id': '202508021750225C2DACFD7657183A6BC0', 'data': {'user_count': {'lower_end': 6249000, 'upper_end': 7639000}, 'user_count_stage': 2}}",6249000,7639000,2,2025-08-02 11:51:04.081872
525,KR,AGE_45_54,1835841,GENDER_MALE,,,,,,"{'advertiser_id': '7381489555305775105', 'objective_type': 'REACH', 'optimization_goal': 'REACH', 'placements': ['PLACEMENT_TIKTOK', 'PLACEMENT_PANGLE', 'PLACEMENT_GLOBAL_APP_BUNDLE'], 'location_ids': ['1835841'], 'gender': 'GENDER_MALE', 'age_groups': ['AGE_45_54']}",,"{'code': 0, 'message': 'OK', 'request_id': '202508021750234CF48A45530E9013867F', 'data': {'user_count': {'lower_end': 2689000, 'upper_end': 3287000}, 'user_count_stage': 2}}",2689000,3287000,2,2025-08-02 11:51:04.081872
526,KR,AGE_35_44,1835841,GENDER_MALE,,,,,,"{'advertiser_id': '7381489555305775105', 'objective_type': 'REACH', 'optimization_goal': 'REACH', 'placements': ['PLACEMENT_TIKTOK', 'PLACEMENT_PANGLE', 'PLACEMENT_GLOBAL_APP_BUNDLE'], 'location_ids': ['1835841'], 'gender': 'GENDER_MALE', 'age_groups': ['AGE_35_44']}",,"{'code': 0, 'message': 'OK', 'request_id': '202508021750238F9BFD89D06D9C119095', 'data': {'user_count': {'lower_end': 11917000, 'upper_end': 14566000}, 'user_count_stage': 2}}",11917000,14566000,2,2025-08-02 11:51:04.081872
527,KR,AGE_55_100,1835841,GENDER_MALE,,,,,,"{'advertiser_id': '7381489555305775105', 'objective_type': 'REACH', 'optimization_goal': 'REACH', 'placements': ['PLACEMENT_TIKTOK', 'PLACEMENT_PANGLE', 'PLACEMENT_GLOBAL_APP_BUNDLE'], 'location_ids': ['1835841'], 'gender': 'GENDER_MALE', 'age_groups': ['AGE_55_100']}",,"{'code': 0, 'message': 'OK', 'request_id': '202508021750231E36DD6AD1C89A12770D', 'data': {'user_count': {'lower_end': 3251000, 'upper_end': 3975000}, 'user_count_stage': 2}}",3251000,3975000,2,2025-08-02 11:51:04.081872
528,BR,AGE_13_17,3469034,GENDER_FEMALE,,,,,,"{'advertiser_id': '7381489555305775105', 'objective_type': 'REACH', 'optimization_goal': 'REACH', 'placements': ['PLACEMENT_TIKTOK', 'PLACEMENT_PANGLE', 'PLACEMENT_GLOBAL_APP_BUNDLE'], 'location_ids': ['3469034'], 'gender': 'GENDER_FEMALE', 'age_groups': ['AGE_13_17']}",,"{'code': 0, 'message': 'OK', 'request_id': '2025080217502386C810ADF8F80D12E33E', 'data': {'user_count': {'lower_end': 0, 'upper_end': 1000}, 'user_count_stage': 1}}",0,1000,1,2025-08-02 11:51:04.081872
529,BR,AGE_18_24,3469034,GENDER_FEMALE,,,,,,"{'advertiser_id': '7381489555305775105', 'objective_type': 'REACH', 'optimization_goal': 'REACH', 'placements': ['PLACEMENT_TIKTOK', 'PLACEMENT_PANGLE', 'PLACEMENT_GLOBAL_APP_BUNDLE'], 'location_ids': ['3469034'], 'gender': 'GENDER_FEMALE', 'age_groups': ['AGE_18_24']}",,"{'code': 0, 'message': 'OK', 'request_id': '20250802175024DF996F93DF090C16FD1B', 'data': {'user_count': {'lower_end': 13616000, 'upper_end': 16643000}, 'user_count_stage': 2}}",13616000,16643000,2,2025-08-02 11:51:04.081872
530,BR,AGE_25_34,3469034,GENDER_FEMALE,,,,,,"{'advertiser_id': '7381489555305775105', 'objective_type': 'REACH', 'optimization_goal': 'REACH', 'placements': ['PLACEMENT_TIKTOK', 'PLACEMENT_PANGLE', 'PLACEMENT_GLOBAL_APP_BUNDLE'], 'location_ids': ['3469034'], 'gender': 'GENDER_FEMALE', 'age_groups': ['AGE_25_34']}",,"{'code': 0, 'message': 'OK', 'request_id': '2025080217502486C810ADF8F80D12E34C', 'data': {'user_count': {'lower_end': 19323000, 'upper_end': 23618000}, 'user_count_stage': 2}}",19323000,23618000,2,2025-08-02 11:51:04.081872
531,BR,AGE_35_44,3469034,GENDER_FEMALE,,,,,,"{'advertiser_id': '7381489555305775105', 'objective_type': 'REACH', 'optimization_goal': 'REACH', 'placements': ['PLACEMENT_TIKTOK', 'PLACEMENT_PANGLE', 'PLACEMENT_GLOBAL_APP_BUNDLE'], 'location_ids': ['3469034'], 'gender': 'GENDER_FEMALE', 'age_groups': ['AGE_35_44']}",,"{'code': 0, 'message': 'OK', 'request_id': '20250802175024062B3A23EF737612DD19', 'data': {'user_count': {'lower_end': 8367000, 'upper_end': 10227000}, 'user_count_stage': 2}}",8367000,10227000,2,2025-08-02 11:51:04.081872
532,BR,AGE_45_54,3469034,GENDER_FEMALE,,,,,,"{'advertiser_id': '7381489555305775105', 'objective_type': 'REACH', 'optimization_goal': 'REACH', 'placements': ['PLACEMENT_TIKTOK', 'PLACEMENT_PANGLE', 'PLACEMENT_GLOBAL_APP_BUNDLE'], 'location_ids': ['3469034'], 'gender': 'GENDER_FEMALE', 'age_groups': ['AGE_45_54']}",,"{'code': 0, 'message': 'OK', 'request_id': '2025080217502439E6A29DB6C32D1B9C06', 'data': {'user_count': {'lower_end': 5707000, 'upper_end': 6976000}, 'user_count_stage': 2}}",5707000,6976000,2,2025-08-02 11:51:04.081872
533,BR,AGE_55_100,3469034,GENDER_FEMALE,,,,,,"{'advertiser_id': '7381489555305775105', 'objective_type': 'REACH', 'optimization_goal': 'REACH', 'placements': ['PLACEMENT_TIKTOK', 'PLACEMENT_PANGLE', 'PLACEMENT_GLOBAL_APP_BUNDLE'], 'location_ids': ['3469034'], 'gender': 'GENDER_FEMALE', 'age_groups': ['AGE_55_100']}",,"{'code': 0, 'message': 'OK', 'request_id': '20250802175024D9C55C247C1FD311565C', 'data': {'user_count': {'lower_end': 6146000, 'upper_end': 7513000}, 'user_count_stage': 2}}",6146000,7513000,2,2025-08-02 11:51:04.081872
534,BR,AGE_13_17,3469034,GENDER_MALE,,,,,,"{'advertiser_id': '7381489555305775105', 'objective_type': 'REACH', 'optimization_goal': 'REACH', 'placements': ['PLACEMENT_TIKTOK', 'PLACEMENT_PANGLE', 'PLACEMENT_GLOBAL_APP_BUNDLE'], 'location_ids': ['3469034'], 'gender': 'GENDER_MALE', 'age_groups': ['AGE_13_17']}",,"{'code': 0, 'message': 'OK', 'request_id': '2025080217502574899E1C322D4E0E312E', 'data': {'user_count': {'lower_end': 0, 'upper_end': 1000}, 'user_count_stage': 1}}",0,1000,1,2025-08-02 11:51:04.081872
535,BR,AGE_18_24,3469034,GENDER_MALE,,,,,,"{'advertiser_id': '7381489555305775105', 'objective_type': 'REACH', 'optimization_goal': 'REACH', 'placements': ['PLACEMENT_TIKTOK', 'PLACEMENT_PANGLE', 'PLACEMENT_GLOBAL_APP_BUNDLE'], 'location_ids': ['3469034'], 'gender': 'GENDER_MALE', 'age_groups': ['AGE_18_24']}",,"{'code': 0, 'message': 'OK', 'request_id': '202508021750259F63176289E78C10FE34', 'data': {'user_count': {'lower_end': 11563000, 'upper_end': 14134000}, 'user_count_stage': 2}}",11563000,14134000,2,2025-08-02 11:51:04.081872
536,BR,AGE_25_34,3469034,GENDER_MALE,,,,,,"{'advertiser_id': '7381489555305775105', 'objective_type': 'REACH', 'optimization_goal': 'REACH', 'placements': ['PLACEMENT_TIKTOK', 'PLACEMENT_PANGLE', 'PLACEMENT_GLOBAL_APP_BUNDLE'], 'location_ids': ['3469034'], 'gender': 'GENDER_MALE', 'age_groups': ['AGE_25_34']}",,"{'code': 0, 'message': 'OK', 'request_id': '2025080217502512FD1D721458454F5ED2', 'data': {'user_count': {'lower_end': 24013000, 'upper_end': 29351000}, 'user_count_stage': 3}}",24013000,29351000,3,2025-08-02 11:51:04.081872
537,BR,AGE_45_54,3469034,GENDER_MALE,,,,,,"{'advertiser_id': '7381489555305775105', 'objective_type': 'REACH', 'optimization_goal': 'REACH', 'placements': ['PLACEMENT_TIKTOK', 'PLACEMENT_PANGLE', 'PLACEMENT_GLOBAL_APP_BUNDLE'], 'location_ids': ['3469034'], 'gender': 'GENDER_MALE', 'age_groups': ['AGE_45_54']}",,"{'code': 0, 'message': 'OK', 'request_id': '20250802175025F17D30107939001E5B6A', 'data': {'user_count': {'lower_end': 6842000, 'upper_end': 8364000}, 'user_count_stage': 2}}",6842000,8364000,2,2025-08-02 11:51:04.081872
538,BR,AGE_35_44,3469034,GENDER_MALE,,,,,,"{'advertiser_id': '7381489555305775105', 'objective_type': 'REACH', 'optimization_goal': 'REACH', 'placements': ['PLACEMENT_TIKTOK', 'PLACEMENT_PANGLE', 'PLACEMENT_GLOBAL_APP_BUNDLE'], 'location_ids': ['3469034'], 'gender': 'GENDER_MALE', 'age_groups': ['AGE_35_44']}",,"{'code': 0, 'message': 'OK', 'request_id': '20250802175025D9C55C247C1FD3115673', 'data': {'user_count': {'lower_end': 10242000, 'upper_end': 12519000}, 'user_count_stage': 2}}",10242000,12519000,2,2025-08-02 11:51:04.081872
539,BR,AGE_55_100,3469034,GENDER_MALE,,,,,,"{'advertiser_id': '7381489555305775105', 'objective_type': 'REACH', 'optimization_goal': 'REACH', 'placements': ['PLACEMENT_TIKTOK', 'PLACEMENT_PANGLE', 'PLACEMENT_GLOBAL_APP_BUNDLE'], 'location_ids': ['3469034'], 'gender': 'GENDER_MALE', 'age_groups': ['AGE_55_100']}",,"{'code': 0, 'message': 'OK', 'request_id': '202508021750267B70BE6D57B0B817C258', 'data': {'user_count': {'lower_end': 6713000, 'upper_end': 8206000}, 'user_count_stage': 2}}",6713000,8206000,2,2025-08-02 11:51:04.081872
540,IQ,AGE_13_17,99237,GENDER_FEMALE,,,,,,"{'advertiser_id': '7381489555305775105', 'objective_type': 'REACH', 'optimization_goal': 'REACH', 'placements': ['PLACEMENT_TIKTOK', 'PLACEMENT_PANGLE', 'PLACEMENT_GLOBAL_APP_BUNDLE'], 'location_ids': ['99237'], 'gender': 'GENDER_FEMALE', 'age_groups': ['AGE_13_17']}",,"{'code': 0, 'message': 'OK', 'request_id': '2025080217502607B535FC5960EB168008', 'data': {'user_count': {'lower_end': 0, 'upper_end': 1000}, 'user_count_stage': 1}}",0,1000,1,2025-08-02 11:51:04.081872
541,IQ,AGE_18_24,99237,GENDER_FEMALE,,,,,,"{'advertiser_id': '7381489555305775105', 'objective_type': 'REACH', 'optimization_goal': 'REACH', 'placements': ['PLACEMENT_TIKTOK', 'PLACEMENT_PANGLE', 'PLACEMENT_GLOBAL_APP_BUNDLE'], 'location_ids': ['99237'], 'gender': 'GENDER_FEMALE', 'age_groups': ['AGE_18_24']}",,"{'code': 0, 'message': 'OK', 'request_id': '202508021750263A7B97E5CDA5C115E17F', 'data': {'user_count': {'lower_end': 4890000, 'upper_end': 5977000}, 'user_count_stage': 2}}",4890000,5977000,2,2025-08-02 11:51:04.081872
542,IQ,AGE_35_44,99237,GENDER_FEMALE,,,,,,"{'advertiser_id': '7381489555305775105', 'objective_type': 'REACH', 'optimization_goal': 'REACH', 'placements': ['PLACEMENT_TIKTOK', 'PLACEMENT_PANGLE', 'PLACEMENT_GLOBAL_APP_BUNDLE'], 'location_ids': ['99237'], 'gender': 'GENDER_FEMALE', 'age_groups': ['AGE_35_44']}",,"{'code': 0, 'message': 'OK', 'request_id': '2025080217502686C810ADF8F80D12E3A6', 'data': {'user_count': {'lower_end': 1570000, 'upper_end': 1921000}, 'user_count_stage': 2}}",1570000,1921000,2,2025-08-02 11:51:04.081872
543,IQ,AGE_25_34,99237,GENDER_FEMALE,,,,,,"{'advertiser_id': '7381489555305775105', 'objective_type': 'REACH', 'optimization_goal': 'REACH', 'placements': ['PLACEMENT_TIKTOK', 'PLACEMENT_PANGLE', 'PLACEMENT_GLOBAL_APP_BUNDLE'], 'location_ids': ['99237'], 'gender': 'GENDER_FEMALE', 'age_groups': ['AGE_25_34']}",,"{'code': 0, 'message': 'OK', 'request_id': '2025080217502662A6707C1E1CBA0E5F07', 'data': {'user_count': {'lower_end': 6541000, 'upper_end': 7996000}, 'user_count_stage': 2}}",6541000,7996000,2,2025-08-02 11:51:04.081872
544,IQ,AGE_45_54,99237,GENDER_FEMALE,,,,,,"{'advertiser_id': '7381489555305775105', 'objective_type': 'REACH', 'optimization_goal': 'REACH', 'placements': ['PLACEMENT_TIKTOK', 'PLACEMENT_PANGLE', 'PLACEMENT_GLOBAL_APP_BUNDLE'], 'location_ids': ['99237'], 'gender': 'GENDER_FEMALE', 'age_groups': ['AGE_45_54']}",,"{'code': 0, 'message': 'OK', 'request_id': '202508021750270CCDB3975582C315B988', 'data': {'user_count': {'lower_end': 706000, 'upper_end': 864000}, 'user_count_stage': 2}}",706000,864000,2,2025-08-02 11:51:04.081872
545,IQ,AGE_55_100,99237,GENDER_FEMALE,,,,,,"{'advertiser_id': '7381489555305775105', 'objective_type': 'REACH', 'optimization_goal': 'REACH', 'placements': ['PLACEMENT_TIKTOK', 'PLACEMENT_PANGLE', 'PLACEMENT_GLOBAL_APP_BUNDLE'], 'location_ids': ['99237'], 'gender': 'GENDER_FEMALE', 'age_groups': ['AGE_55_100']}",,"{'code': 0, 'message': 'OK', 'request_id': '20250802175027933E608704A6A90C3651', 'data': {'user_count': {'lower_end': 858000, 'upper_end': 1049000}, 'user_count_stage': 2}}",858000,1049000,2,2025-08-02 11:51:04.081872
546,IQ,AGE_13_17,99237,GENDER_MALE,,,,,,"{'advertiser_id': '7381489555305775105', 'objective_type': 'REACH', 'optimization_goal': 'REACH', 'placements': ['PLACEMENT_TIKTOK', 'PLACEMENT_PANGLE', 'PLACEMENT_GLOBAL_APP_BUNDLE'], 'location_ids': ['99237'], 'gender': 'GENDER_MALE', 'age_groups': ['AGE_13_17']}",,"{'code': 0, 'message': 'OK', 'request_id': '20250802175027D026D0A31789F0135C35', 'data': {'user_count': {'lower_end': 0, 'upper_end': 1000}, 'user_count_stage': 1}}",0,1000,1,2025-08-02 11:51:04.081872
547,IQ,AGE_18_24,99237,GENDER_MALE,,,,,,"{'advertiser_id': '7381489555305775105', 'objective_type': 'REACH', 'optimization_goal': 'REACH', 'placements': ['PLACEMENT_TIKTOK', 'PLACEMENT_PANGLE', 'PLACEMENT_GLOBAL_APP_BUNDLE'], 'location_ids': ['99237'], 'gender': 'GENDER_MALE', 'age_groups': ['AGE_18_24']}",,"{'code': 0, 'message': 'OK', 'request_id': '202508021750275C5743567937B01A36EE', 'data': {'user_count': {'lower_end': 5972000, 'upper_end': 7300000}, 'user_count_stage': 2}}",5972000,7300000,2,2025-08-02 11:51:04.081872
548,IQ,AGE_25_34,99237,GENDER_MALE,,,,,,"{'advertiser_id': '7381489555305775105', 'objective_type': 'REACH', 'optimization_goal': 'REACH', 'placements': ['PLACEMENT_TIKTOK', 'PLACEMENT_PANGLE', 'PLACEMENT_GLOBAL_APP_BUNDLE'], 'location_ids': ['99237'], 'gender': 'GENDER_MALE', 'age_groups': ['AGE_25_34']}",,"{'code': 0, 'message': 'OK', 'request_id': '2025080217502762A6707C1E1CBA0E5F2B', 'data': {'user_count': {'lower_end': 9776000, 'upper_end': 11950000}, 'user_count_stage': 3}}",9776000,11950000,3,2025-08-02 11:51:04.081872
549,IQ,AGE_35_44,99237,GENDER_MALE,,,,,,"{'advertiser_id': '7381489555305775105', 'objective_type': 'REACH', 'optimization_goal': 'REACH', 'placements': ['PLACEMENT_TIKTOK', 'PLACEMENT_PANGLE', 'PLACEMENT_GLOBAL_APP_BUNDLE'], 'location_ids': ['99237'], 'gender': 'GENDER_MALE', 'age_groups': ['AGE_35_44']}",,"{'code': 0, 'message': 'OK', 'request_id': '20250802175028557AB28F8DC642135DA1', 'data': {'user_count': {'lower_end': 2830000, 'upper_end': 3460000}, 'user_count_stage': 2}}",2830000,3460000,2,2025-08-02 11:51:04.081872
550,IQ,AGE_45_54,99237,GENDER_MALE,,,,,,"{'advertiser_id': '7381489555305775105', 'objective_type': 'REACH', 'optimization_goal': 'REACH', 'placements': ['PLACEMENT_TIKTOK', 'PLACEMENT_PANGLE', 'PLACEMENT_GLOBAL_APP_BUNDLE'], 'location_ids': ['99237'], 'gender': 'GENDER_MALE', 'age_groups': ['AGE_45_54']}",,"{'code': 0, 'message': 'OK', 'request_id': '20250802175028811CD687161AD814F095', 'data': {'user_count': {'lower_end': 1223000, 'upper_end': 1496000}, 'user_count_stage': 2}}",1223000,1496000,2,2025-08-02 11:51:04.081872
551,BE,AGE_18_24,2802361,GENDER_FEMALE,,,,,,"{'advertiser_id': '7381489555305775105', 'objective_type': 'REACH', 'optimization_goal': 'REACH', 'placements': ['PLACEMENT_TIKTOK', 'PLACEMENT_PANGLE', 'PLACEMENT_GLOBAL_APP_BUNDLE'], 'location_ids': ['2802361'], 'gender': 'GENDER_FEMALE', 'age_groups': ['AGE_18_24']}",,"{'code': 0, 'message': 'OK', 'request_id': '20250802175028F58868E0443914149B4A', 'data': {'user_count': {'lower_end': 528000, 'upper_end': 646000}, 'user_count_stage': 2}}",528000,646000,2,2025-08-02 11:51:04.081872
552,BE,AGE_13_17,2802361,GENDER_FEMALE,,,,,,"{'advertiser_id': '7381489555305775105', 'objective_type': 'REACH', 'optimization_goal': 'REACH', 'placements': ['PLACEMENT_TIKTOK', 'PLACEMENT_PANGLE', 'PLACEMENT_GLOBAL_APP_BUNDLE'], 'location_ids': ['2802361'], 'gender': 'GENDER_FEMALE', 'age_groups': ['AGE_13_17']}",,"{'code': 0, 'message': 'OK', 'request_id': '202508021750285110A317A1C60317E352', 'data': {'user_count': {'lower_end': 0, 'upper_end': 1000}, 'user_count_stage': 1}}",0,1000,1,2025-08-02 11:51:04.081872
553,IQ,AGE_55_100,99237,GENDER_MALE,,,,,,"{'advertiser_id': '7381489555305775105', 'objective_type': 'REACH', 'optimization_goal': 'REACH', 'placements': ['PLACEMENT_TIKTOK', 'PLACEMENT_PANGLE', 'PLACEMENT_GLOBAL_APP_BUNDLE'], 'location_ids': ['99237'], 'gender': 'GENDER_MALE', 'age_groups': ['AGE_55_100']}",,"{'code': 0, 'message': 'OK', 'request_id': '20250802175028AE5215770CCFCB4F83C6', 'data': {'user_count': {'lower_end': 1172000, 'upper_end': 1434000}, 'user_count_stage': 2}}",1172000,1434000,2,2025-08-02 11:51:04.081872
554,BE,AGE_25_34,2802361,GENDER_FEMALE,,,,,,"{'advertiser_id': '7381489555305775105', 'objective_type': 'REACH', 'optimization_goal': 'REACH', 'placements': ['PLACEMENT_TIKTOK', 'PLACEMENT_PANGLE', 'PLACEMENT_GLOBAL_APP_BUNDLE'], 'location_ids': ['2802361'], 'gender': 'GENDER_FEMALE', 'age_groups': ['AGE_25_34']}",,"{'code': 0, 'message': 'OK', 'request_id': '202508021750299AE5489F35C6C8138BED', 'data': {'user_count': {'lower_end': 558000, 'upper_end': 684000}, 'user_count_stage': 2}}",558000,684000,2,2025-08-02 11:51:04.081872
555,BE,AGE_35_44,2802361,GENDER_FEMALE,,,,,,"{'advertiser_id': '7381489555305775105', 'objective_type': 'REACH', 'optimization_goal': 'REACH', 'placements': ['PLACEMENT_TIKTOK', 'PLACEMENT_PANGLE', 'PLACEMENT_GLOBAL_APP_BUNDLE'], 'location_ids': ['2802361'], 'gender': 'GENDER_FEMALE', 'age_groups': ['AGE_35_44']}",,"{'code': 0, 'message': 'OK', 'request_id': '202508021750294B6284A43DF9031AB856', 'data': {'user_count': {'lower_end': 339000, 'upper_end': 415000}, 'user_count_stage': 2}}",339000,415000,2,2025-08-02 11:51:04.081872
556,BE,AGE_55_100,2802361,GENDER_FEMALE,,,,,,"{'advertiser_id': '7381489555305775105', 'objective_type': 'REACH', 'optimization_goal': 'REACH', 'placements': ['PLACEMENT_TIKTOK', 'PLACEMENT_PANGLE', 'PLACEMENT_GLOBAL_APP_BUNDLE'], 'location_ids': ['2802361'], 'gender': 'GENDER_FEMALE', 'age_groups': ['AGE_55_100']}",,"{'code': 0, 'message': 'OK', 'request_id': '20250802175030E3941B128CFC290C947F', 'data': {'user_count': {'lower_end': 160000, 'upper_end': 196000}, 'user_count_stage': 2}}",160000,196000,2,2025-08-02 11:51:04.081872
557,BE,AGE_13_17,2802361,GENDER_MALE,,,,,,"{'advertiser_id': '7381489555305775105', 'objective_type': 'REACH', 'optimization_goal': 'REACH', 'placements': ['PLACEMENT_TIKTOK', 'PLACEMENT_PANGLE', 'PLACEMENT_GLOBAL_APP_BUNDLE'], 'location_ids': ['2802361'], 'gender': 'GENDER_MALE', 'age_groups': ['AGE_13_17']}",,"{'code': 0, 'message': 'OK', 'request_id': '20250802175030F6ED2E5799BEE518C2EF', 'data': {'user_count': {'lower_end': 0, 'upper_end': 1000}, 'user_count_stage': 1}}",0,1000,1,2025-08-02 11:51:04.081872
558,BE,AGE_18_24,2802361,GENDER_MALE,,,,,,"{'advertiser_id': '7381489555305775105', 'objective_type': 'REACH', 'optimization_goal': 'REACH', 'placements': ['PLACEMENT_TIKTOK', 'PLACEMENT_PANGLE', 'PLACEMENT_GLOBAL_APP_BUNDLE'], 'location_ids': ['2802361'], 'gender': 'GENDER_MALE', 'age_groups': ['AGE_18_24']}",,"{'code': 0, 'message': 'OK', 'request_id': '202508021750311B6BA8866F63231ABF74', 'data': {'user_count': {'lower_end': 423000, 'upper_end': 518000}, 'user_count_stage': 2}}",423000,518000,2,2025-08-02 11:51:04.081872
559,BE,AGE_45_54,2802361,GENDER_FEMALE,,,,,,"{'advertiser_id': '7381489555305775105', 'objective_type': 'REACH', 'optimization_goal': 'REACH', 'placements': ['PLACEMENT_TIKTOK', 'PLACEMENT_PANGLE', 'PLACEMENT_GLOBAL_APP_BUNDLE'], 'location_ids': ['2802361'], 'gender': 'GENDER_FEMALE', 'age_groups': ['AGE_45_54']}",,"{'code': 0, 'message': 'OK', 'request_id': '2025080217503066141FEFAC0E8A132220', 'data': {'user_count': {'lower_end': 232000, 'upper_end': 284000}, 'user_count_stage': 2}}",232000,284000,2,2025-08-02 11:51:04.081872
560,BE,AGE_25_34,2802361,GENDER_MALE,,,,,,"{'advertiser_id': '7381489555305775105', 'objective_type': 'REACH', 'optimization_goal': 'REACH', 'placements': ['PLACEMENT_TIKTOK', 'PLACEMENT_PANGLE', 'PLACEMENT_GLOBAL_APP_BUNDLE'], 'location_ids': ['2802361'], 'gender': 'GENDER_MALE', 'age_groups': ['AGE_25_34']}",,"{'code': 0, 'message': 'OK', 'request_id': '2025080217503108E30484A7C2BB0F8C60', 'data': {'user_count': {'lower_end': 430000, 'upper_end': 527000}, 'user_count_stage': 2}}",430000,527000,2,2025-08-02 11:51:04.081872
561,BE,AGE_35_44,2802361,GENDER_MALE,,,,,,"{'advertiser_id': '7381489555305775105', 'objective_type': 'REACH', 'optimization_goal': 'REACH', 'placements': ['PLACEMENT_TIKTOK', 'PLACEMENT_PANGLE', 'PLACEMENT_GLOBAL_APP_BUNDLE'], 'location_ids': ['2802361'], 'gender': 'GENDER_MALE', 'age_groups': ['AGE_35_44']}",,"{'code': 0, 'message': 'OK', 'request_id': '20250802175032EC333B33A181491818BF', 'data': {'user_count': {'lower_end': 266000, 'upper_end': 326000}, 'user_count_stage': 2}}",266000,326000,2,2025-08-02 11:51:04.081872
562,BE,AGE_55_100,2802361,GENDER_MALE,,,,,,"{'advertiser_id': '7381489555305775105', 'objective_type': 'REACH', 'optimization_goal': 'REACH', 'placements': ['PLACEMENT_TIKTOK', 'PLACEMENT_PANGLE', 'PLACEMENT_GLOBAL_APP_BUNDLE'], 'location_ids': ['2802361'], 'gender': 'GENDER_MALE', 'age_groups': ['AGE_55_100']}",,"{'code': 0, 'message': 'OK', 'request_id': '202508021750326E3C9BDE16065B1423CA', 'data': {'user_count': {'lower_end': 112000, 'upper_end': 138000}, 'user_count_stage': 2}}",112000,138000,2,2025-08-02 11:51:04.081872
563,PL,AGE_13_17,798544,GENDER_FEMALE,,,,,,"{'advertiser_id': '7381489555305775105', 'objective_type': 'REACH', 'optimization_goal': 'REACH', 'placements': ['PLACEMENT_TIKTOK', 'PLACEMENT_PANGLE', 'PLACEMENT_GLOBAL_APP_BUNDLE'], 'location_ids': ['798544'], 'gender': 'GENDER_FEMALE', 'age_groups': ['AGE_13_17']}",,"{'code': 0, 'message': 'OK', 'request_id': '202508021750333403A434F85FFF0F9478', 'data': {'user_count': {'lower_end': 0, 'upper_end': 1000}, 'user_count_stage': 1}}",0,1000,1,2025-08-02 11:51:04.081872
564,PL,AGE_18_24,798544,GENDER_FEMALE,,,,,,"{'advertiser_id': '7381489555305775105', 'objective_type': 'REACH', 'optimization_goal': 'REACH', 'placements': ['PLACEMENT_TIKTOK', 'PLACEMENT_PANGLE', 'PLACEMENT_GLOBAL_APP_BUNDLE'], 'location_ids': ['798544'], 'gender': 'GENDER_FEMALE', 'age_groups': ['AGE_18_24']}",,"{'code': 0, 'message': 'OK', 'request_id': '202508021750338EF754E35D85F210CB1E', 'data': {'user_count': {'lower_end': 1557000, 'upper_end': 1905000}, 'user_count_stage': 2}}",1557000,1905000,2,2025-08-02 11:51:04.081872
565,BE,AGE_45_54,2802361,GENDER_MALE,,,,,,"{'advertiser_id': '7381489555305775105', 'objective_type': 'REACH', 'optimization_goal': 'REACH', 'placements': ['PLACEMENT_TIKTOK', 'PLACEMENT_PANGLE', 'PLACEMENT_GLOBAL_APP_BUNDLE'], 'location_ids': ['2802361'], 'gender': 'GENDER_MALE', 'age_groups': ['AGE_45_54']}",,"{'code': 0, 'message': 'OK', 'request_id': '20250802175032A4C8C131D052D4144E7D', 'data': {'user_count': {'lower_end': 181000, 'upper_end': 222000}, 'user_count_stage': 2}}",181000,222000,2,2025-08-02 11:51:04.081872
566,PL,AGE_25_34,798544,GENDER_FEMALE,,,,,,"{'advertiser_id': '7381489555305775105', 'objective_type': 'REACH', 'optimization_goal': 'REACH', 'placements': ['PLACEMENT_TIKTOK', 'PLACEMENT_PANGLE', 'PLACEMENT_GLOBAL_APP_BUNDLE'], 'location_ids': ['798544'], 'gender': 'GENDER_FEMALE', 'age_groups': ['AGE_25_34']}",,"{'code': 0, 'message': 'OK', 'request_id': '202508021750331E36DD6AD1C89A1278EA', 'data': {'user_count': {'lower_end': 2031000, 'upper_end': 2484000}, 'user_count_stage': 2}}",2031000,2484000,2,2025-08-02 11:51:04.081872
567,PL,AGE_45_54,798544,GENDER_FEMALE,,,,,,"{'advertiser_id': '7381489555305775105', 'objective_type': 'REACH', 'optimization_goal': 'REACH', 'placements': ['PLACEMENT_TIKTOK', 'PLACEMENT_PANGLE', 'PLACEMENT_GLOBAL_APP_BUNDLE'], 'location_ids': ['798544'], 'gender': 'GENDER_FEMALE', 'age_groups': ['AGE_45_54']}",,"{'code': 0, 'message': 'OK', 'request_id': '20250802175034D91E5A57C8194E11FA5F', 'data': {'user_count': {'lower_end': 910000, 'upper_end': 1113000}, 'user_count_stage': 2}}",910000,1113000,2,2025-08-02 11:51:04.081872
568,PL,AGE_35_44,798544,GENDER_FEMALE,,,,,,"{'advertiser_id': '7381489555305775105', 'objective_type': 'REACH', 'optimization_goal': 'REACH', 'placements': ['PLACEMENT_TIKTOK', 'PLACEMENT_PANGLE', 'PLACEMENT_GLOBAL_APP_BUNDLE'], 'location_ids': ['798544'], 'gender': 'GENDER_FEMALE', 'age_groups': ['AGE_35_44']}",,"{'code': 0, 'message': 'OK', 'request_id': '2025080217503462306054C1FFB01145CD', 'data': {'user_count': {'lower_end': 1339000, 'upper_end': 1637000}, 'user_count_stage': 2}}",1339000,1637000,2,2025-08-02 11:51:04.081872
569,PL,AGE_55_100,798544,GENDER_FEMALE,,,,,,"{'advertiser_id': '7381489555305775105', 'objective_type': 'REACH', 'optimization_goal': 'REACH', 'placements': ['PLACEMENT_TIKTOK', 'PLACEMENT_PANGLE', 'PLACEMENT_GLOBAL_APP_BUNDLE'], 'location_ids': ['798544'], 'gender': 'GENDER_FEMALE', 'age_groups': ['AGE_55_100']}",,"{'code': 0, 'message': 'OK', 'request_id': '202508021750345C5743567937B01A37C7', 'data': {'user_count': {'lower_end': 496000, 'upper_end': 607000}, 'user_count_stage': 2}}",496000,607000,2,2025-08-02 11:51:04.081872
570,PL,AGE_13_17,798544,GENDER_MALE,,,,,,"{'advertiser_id': '7381489555305775105', 'objective_type': 'REACH', 'optimization_goal': 'REACH', 'placements': ['PLACEMENT_TIKTOK', 'PLACEMENT_PANGLE', 'PLACEMENT_GLOBAL_APP_BUNDLE'], 'location_ids': ['798544'], 'gender': 'GENDER_MALE', 'age_groups': ['AGE_13_17']}",,"{'code': 0, 'message': 'OK', 'request_id': '2025080217503512FD1D721458454F6157', 'data': {'user_count': {'lower_end': 0, 'upper_end': 1000}, 'user_count_stage': 1}}",0,1000,1,2025-08-02 11:51:04.081872
571,PL,AGE_18_24,798544,GENDER_MALE,,,,,,"{'advertiser_id': '7381489555305775105', 'objective_type': 'REACH', 'optimization_goal': 'REACH', 'placements': ['PLACEMENT_TIKTOK', 'PLACEMENT_PANGLE', 'PLACEMENT_GLOBAL_APP_BUNDLE'], 'location_ids': ['798544'], 'gender': 'GENDER_MALE', 'age_groups': ['AGE_18_24']}",,"{'code': 0, 'message': 'OK', 'request_id': '20250802175035159A4AB1BA811D18C387', 'data': {'user_count': {'lower_end': 1314000, 'upper_end': 1608000}, 'user_count_stage': 2}}",1314000,1608000,2,2025-08-02 11:51:04.081872
572,PL,AGE_25_34,798544,GENDER_MALE,,,,,,"{'advertiser_id': '7381489555305775105', 'objective_type': 'REACH', 'optimization_goal': 'REACH', 'placements': ['PLACEMENT_TIKTOK', 'PLACEMENT_PANGLE', 'PLACEMENT_GLOBAL_APP_BUNDLE'], 'location_ids': ['798544'], 'gender': 'GENDER_MALE', 'age_groups': ['AGE_25_34']}",,"{'code': 0, 'message': 'OK', 'request_id': '20250802175035D1254F9722D64C0EEF09', 'data': {'user_count': {'lower_end': 1569000, 'upper_end': 1919000}, 'user_count_stage': 2}}",1569000,1919000,2,2025-08-02 11:51:04.081872
573,PL,AGE_35_44,798544,GENDER_MALE,,,,,,"{'advertiser_id': '7381489555305775105', 'objective_type': 'REACH', 'optimization_goal': 'REACH', 'placements': ['PLACEMENT_TIKTOK', 'PLACEMENT_PANGLE', 'PLACEMENT_GLOBAL_APP_BUNDLE'], 'location_ids': ['798544'], 'gender': 'GENDER_MALE', 'age_groups': ['AGE_35_44']}",,"{'code': 0, 'message': 'OK', 'request_id': '20250802175036DF996F93DF090C16FEF0', 'data': {'user_count': {'lower_end': 1019000, 'upper_end': 1246000}, 'user_count_stage': 2}}",1019000,1246000,2,2025-08-02 11:51:04.081872
574,PL,AGE_45_54,798544,GENDER_MALE,,,,,,"{'advertiser_id': '7381489555305775105', 'objective_type': 'REACH', 'optimization_goal': 'REACH', 'placements': ['PLACEMENT_TIKTOK', 'PLACEMENT_PANGLE', 'PLACEMENT_GLOBAL_APP_BUNDLE'], 'location_ids': ['798544'], 'gender': 'GENDER_MALE', 'age_groups': ['AGE_45_54']}",,"{'code': 0, 'message': 'OK', 'request_id': '202508021750364BA6F484F61EAC17935A', 'data': {'user_count': {'lower_end': 661000, 'upper_end': 809000}, 'user_count_stage': 2}}",661000,809000,2,2025-08-02 11:51:04.081872
575,PL,AGE_55_100,798544,GENDER_MALE,,,,,,"{'advertiser_id': '7381489555305775105', 'objective_type': 'REACH', 'optimization_goal': 'REACH', 'placements': ['PLACEMENT_TIKTOK', 'PLACEMENT_PANGLE', 'PLACEMENT_GLOBAL_APP_BUNDLE'], 'location_ids': ['798544'], 'gender': 'GENDER_MALE', 'age_groups': ['AGE_55_100']}",,"{'code': 0, 'message': 'OK', 'request_id': '202508021750363461BF3F90C40A1B8328', 'data': {'user_count': {'lower_end': 317000, 'upper_end': 389000}, 'user_count_stage': 2}}",317000,389000,2,2025-08-02 11:51:04.081872
576,PY,AGE_13_17,3437598,GENDER_FEMALE,,,,,,"{'advertiser_id': '7381489555305775105', 'objective_type': 'REACH', 'optimization_goal': 'REACH', 'placements': ['PLACEMENT_TIKTOK', 'PLACEMENT_PANGLE', 'PLACEMENT_GLOBAL_APP_BUNDLE'], 'location_ids': ['3437598'], 'gender': 'GENDER_FEMALE', 'age_groups': ['AGE_13_17']}",,"{'code': 0, 'message': 'OK', 'request_id': '202508021750368B0640ED6A90421197CD', 'data': {'user_count': {'lower_end': 0, 'upper_end': 1000}, 'user_count_stage': 1}}",0,1000,1,2025-08-02 11:51:04.081872
577,PY,AGE_25_34,3437598,GENDER_FEMALE,,,,,,"{'advertiser_id': '7381489555305775105', 'objective_type': 'REACH', 'optimization_goal': 'REACH', 'placements': ['PLACEMENT_TIKTOK', 'PLACEMENT_PANGLE', 'PLACEMENT_GLOBAL_APP_BUNDLE'], 'location_ids': ['3437598'], 'gender': 'GENDER_FEMALE', 'age_groups': ['AGE_25_34']}",,"{'code': 0, 'message': 'OK', 'request_id': '202508021750371D39CA3385985D17A0FC', 'data': {'user_count': {'lower_end': 764000, 'upper_end': 935000}, 'user_count_stage': 2}}",764000,935000,2,2025-08-02 11:51:04.081872
578,PY,AGE_35_44,3437598,GENDER_FEMALE,,,,,,"{'advertiser_id': '7381489555305775105', 'objective_type': 'REACH', 'optimization_goal': 'REACH', 'placements': ['PLACEMENT_TIKTOK', 'PLACEMENT_PANGLE', 'PLACEMENT_GLOBAL_APP_BUNDLE'], 'location_ids': ['3437598'], 'gender': 'GENDER_FEMALE', 'age_groups': ['AGE_35_44']}",,"{'code': 0, 'message': 'OK', 'request_id': '20250802175037BA267B9E444F5A127BF4', 'data': {'user_count': {'lower_end': 283000, 'upper_end': 347000}, 'user_count_stage': 2}}",283000,347000,2,2025-08-02 11:51:04.081872
579,PY,AGE_18_24,3437598,GENDER_FEMALE,,,,,,"{'advertiser_id': '7381489555305775105', 'objective_type': 'REACH', 'optimization_goal': 'REACH', 'placements': ['PLACEMENT_TIKTOK', 'PLACEMENT_PANGLE', 'PLACEMENT_GLOBAL_APP_BUNDLE'], 'location_ids': ['3437598'], 'gender': 'GENDER_FEMALE', 'age_groups': ['AGE_18_24']}",,"{'code': 0, 'message': 'OK', 'request_id': '202508021750372292381F209BB213BD97', 'data': {'user_count': {'lower_end': 566000, 'upper_end': 693000}, 'user_count_stage': 2}}",566000,693000,2,2025-08-02 11:51:04.081872
580,PY,AGE_45_54,3437598,GENDER_FEMALE,,,,,,"{'advertiser_id': '7381489555305775105', 'objective_type': 'REACH', 'optimization_goal': 'REACH', 'placements': ['PLACEMENT_TIKTOK', 'PLACEMENT_PANGLE', 'PLACEMENT_GLOBAL_APP_BUNDLE'], 'location_ids': ['3437598'], 'gender': 'GENDER_FEMALE', 'age_groups': ['AGE_45_54']}",,"{'code': 0, 'message': 'OK', 'request_id': '20250802175037D6CE9114DD8E9D1349DC', 'data': {'user_count': {'lower_end': 150000, 'upper_end': 185000}, 'user_count_stage': 2}}",150000,185000,2,2025-08-02 11:51:04.081872
581,PY,AGE_55_100,3437598,GENDER_FEMALE,,,,,,"{'advertiser_id': '7381489555305775105', 'objective_type': 'REACH', 'optimization_goal': 'REACH', 'placements': ['PLACEMENT_TIKTOK', 'PLACEMENT_PANGLE', 'PLACEMENT_GLOBAL_APP_BUNDLE'], 'location_ids': ['3437598'], 'gender': 'GENDER_FEMALE', 'age_groups': ['AGE_55_100']}",,"{'code': 0, 'message': 'OK', 'request_id': '20250802175038074618BB935767141A88', 'data': {'user_count': {'lower_end': 154000, 'upper_end': 189000}, 'user_count_stage': 2}}",154000,189000,2,2025-08-02 11:51:04.081872
582,PY,AGE_13_17,3437598,GENDER_MALE,,,,,,"{'advertiser_id': '7381489555305775105', 'objective_type': 'REACH', 'optimization_goal': 'REACH', 'placements': ['PLACEMENT_TIKTOK', 'PLACEMENT_PANGLE', 'PLACEMENT_GLOBAL_APP_BUNDLE'], 'location_ids': ['3437598'], 'gender': 'GENDER_MALE', 'age_groups': ['AGE_13_17']}",,"{'code': 0, 'message': 'OK', 'request_id': '2025080217503891C70CCF2E941F1A5028', 'data': {'user_count': {'lower_end': 0, 'upper_end': 1000}, 'user_count_stage': 1}}",0,1000,1,2025-08-02 11:51:04.081872
583,PY,AGE_25_34,3437598,GENDER_MALE,,,,,,"{'advertiser_id': '7381489555305775105', 'objective_type': 'REACH', 'optimization_goal': 'REACH', 'placements': ['PLACEMENT_TIKTOK', 'PLACEMENT_PANGLE', 'PLACEMENT_GLOBAL_APP_BUNDLE'], 'location_ids': ['3437598'], 'gender': 'GENDER_MALE', 'age_groups': ['AGE_25_34']}",,"{'code': 0, 'message': 'OK', 'request_id': '2025080217503871D4BDDD9E22991A812C', 'data': {'user_count': {'lower_end': 985000, 'upper_end': 1205000}, 'user_count_stage': 3}}",985000,1205000,3,2025-08-02 11:51:04.081872
584,PY,AGE_18_24,3437598,GENDER_MALE,,,,,,"{'advertiser_id': '7381489555305775105', 'objective_type': 'REACH', 'optimization_goal': 'REACH', 'placements': ['PLACEMENT_TIKTOK', 'PLACEMENT_PANGLE', 'PLACEMENT_GLOBAL_APP_BUNDLE'], 'location_ids': ['3437598'], 'gender': 'GENDER_MALE', 'age_groups': ['AGE_18_24']}",,"{'code': 0, 'message': 'OK', 'request_id': '20250802175038A0783B60B705EA1AD659', 'data': {'user_count': {'lower_end': 550000, 'upper_end': 673000}, 'user_count_stage': 2}}",550000,673000,2,2025-08-02 11:51:04.081872
585,PY,AGE_35_44,3437598,GENDER_MALE,,,,,,"{'advertiser_id': '7381489555305775105', 'objective_type': 'REACH', 'optimization_goal': 'REACH', 'placements': ['PLACEMENT_TIKTOK', 'PLACEMENT_PANGLE', 'PLACEMENT_GLOBAL_APP_BUNDLE'], 'location_ids': ['3437598'], 'gender': 'GENDER_MALE', 'age_groups': ['AGE_35_44']}",,"{'code': 0, 'message': 'OK', 'request_id': '20250802175039141901A5E60084139B3E', 'data': {'user_count': {'lower_end': 368000, 'upper_end': 451000}, 'user_count_stage': 2}}",368000,451000,2,2025-08-02 11:51:04.081872
586,PY,AGE_55_100,3437598,GENDER_MALE,,,,,,"{'advertiser_id': '7381489555305775105', 'objective_type': 'REACH', 'optimization_goal': 'REACH', 'placements': ['PLACEMENT_TIKTOK', 'PLACEMENT_PANGLE', 'PLACEMENT_GLOBAL_APP_BUNDLE'], 'location_ids': ['3437598'], 'gender': 'GENDER_MALE', 'age_groups': ['AGE_55_100']}",,"{'code': 0, 'message': 'OK', 'request_id': '20250802175039027489ED33BA17139354', 'data': {'user_count': {'lower_end': 134000, 'upper_end': 165000}, 'user_count_stage': 2}}",134000,165000,2,2025-08-02 11:51:04.081872
587,PY,AGE_45_54,3437598,GENDER_MALE,,,,,,"{'advertiser_id': '7381489555305775105', 'objective_type': 'REACH', 'optimization_goal': 'REACH', 'placements': ['PLACEMENT_TIKTOK', 'PLACEMENT_PANGLE', 'PLACEMENT_GLOBAL_APP_BUNDLE'], 'location_ids': ['3437598'], 'gender': 'GENDER_MALE', 'age_groups': ['AGE_45_54']}",,"{'code': 0, 'message': 'OK', 'request_id': '20250802175039D1254F9722D64C0EEF94', 'data': {'user_count': {'lower_end': 171000, 'upper_end': 210000}, 'user_count_stage': 2}}",171000,210000,2,2025-08-02 11:51:04.081872
588,DO,AGE_18_24,3508796,GENDER_FEMALE,,,,,,"{'advertiser_id': '7381489555305775105', 'objective_type': 'REACH', 'optimization_goal': 'REACH', 'placements': ['PLACEMENT_TIKTOK', 'PLACEMENT_PANGLE', 'PLACEMENT_GLOBAL_APP_BUNDLE'], 'location_ids': ['3508796'], 'gender': 'GENDER_FEMALE', 'age_groups': ['AGE_18_24']}",,"{'code': 0, 'message': 'OK', 'request_id': '20250802175039F7C4DFDB8FFE021B5C8A', 'data': {'user_count': {'lower_end': 971000, 'upper_end': 1188000}, 'user_count_stage': 2}}",971000,1188000,2,2025-08-02 11:51:04.081872
589,DO,AGE_13_17,3508796,GENDER_FEMALE,,,,,,"{'advertiser_id': '7381489555305775105', 'objective_type': 'REACH', 'optimization_goal': 'REACH', 'placements': ['PLACEMENT_TIKTOK', 'PLACEMENT_PANGLE', 'PLACEMENT_GLOBAL_APP_BUNDLE'], 'location_ids': ['3508796'], 'gender': 'GENDER_FEMALE', 'age_groups': ['AGE_13_17']}",,"{'code': 0, 'message': 'OK', 'request_id': '20250802175039DBA475E7E8781C15E001', 'data': {'user_count': {'lower_end': 0, 'upper_end': 1000}, 'user_count_stage': 1}}",0,1000,1,2025-08-02 11:51:04.081872
590,DO,AGE_25_34,3508796,GENDER_FEMALE,,,,,,"{'advertiser_id': '7381489555305775105', 'objective_type': 'REACH', 'optimization_goal': 'REACH', 'placements': ['PLACEMENT_TIKTOK', 'PLACEMENT_PANGLE', 'PLACEMENT_GLOBAL_APP_BUNDLE'], 'location_ids': ['3508796'], 'gender': 'GENDER_FEMALE', 'age_groups': ['AGE_25_34']}",,"{'code': 0, 'message': 'OK', 'request_id': '202508021750394B371A9F0A53FD14F898', 'data': {'user_count': {'lower_end': 1348000, 'upper_end': 1649000}, 'user_count_stage': 2}}",1348000,1649000,2,2025-08-02 11:51:04.081872
591,DO,AGE_45_54,3508796,GENDER_FEMALE,,,,,,"{'advertiser_id': '7381489555305775105', 'objective_type': 'REACH', 'optimization_goal': 'REACH', 'placements': ['PLACEMENT_TIKTOK', 'PLACEMENT_PANGLE', 'PLACEMENT_GLOBAL_APP_BUNDLE'], 'location_ids': ['3508796'], 'gender': 'GENDER_FEMALE', 'age_groups': ['AGE_45_54']}",,"{'code': 0, 'message': 'OK', 'request_id': '2025080217504060EA948FEE5DA015E5DD', 'data': {'user_count': {'lower_end': 228000, 'upper_end': 280000}, 'user_count_stage': 2}}",228000,280000,2,2025-08-02 11:51:04.081872
592,DO,AGE_35_44,3508796,GENDER_FEMALE,,,,,,"{'advertiser_id': '7381489555305775105', 'objective_type': 'REACH', 'optimization_goal': 'REACH', 'placements': ['PLACEMENT_TIKTOK', 'PLACEMENT_PANGLE', 'PLACEMENT_GLOBAL_APP_BUNDLE'], 'location_ids': ['3508796'], 'gender': 'GENDER_FEMALE', 'age_groups': ['AGE_35_44']}",,"{'code': 0, 'message': 'OK', 'request_id': '2025080217504008E30484A7C2BB0F8D75', 'data': {'user_count': {'lower_end': 451000, 'upper_end': 553000}, 'user_count_stage': 2}}",451000,553000,2,2025-08-02 11:51:04.081872
593,DO,AGE_55_100,3508796,GENDER_FEMALE,,,,,,"{'advertiser_id': '7381489555305775105', 'objective_type': 'REACH', 'optimization_goal': 'REACH', 'placements': ['PLACEMENT_TIKTOK', 'PLACEMENT_PANGLE', 'PLACEMENT_GLOBAL_APP_BUNDLE'], 'location_ids': ['3508796'], 'gender': 'GENDER_FEMALE', 'age_groups': ['AGE_55_100']}",,"{'code': 0, 'message': 'OK', 'request_id': '20250802175040CB8546FBA3C3E617BD40', 'data': {'user_count': {'lower_end': 232000, 'upper_end': 285000}, 'user_count_stage': 2}}",232000,285000,2,2025-08-02 11:51:04.081872
594,DO,AGE_13_17,3508796,GENDER_MALE,,,,,,"{'advertiser_id': '7381489555305775105', 'objective_type': 'REACH', 'optimization_goal': 'REACH', 'placements': ['PLACEMENT_TIKTOK', 'PLACEMENT_PANGLE', 'PLACEMENT_GLOBAL_APP_BUNDLE'], 'location_ids': ['3508796'], 'gender': 'GENDER_MALE', 'age_groups': ['AGE_13_17']}",,"{'code': 0, 'message': 'OK', 'request_id': '2025080217504194640EE7BE495511D666', 'data': {'user_count': {'lower_end': 0, 'upper_end': 1000}, 'user_count_stage': 1}}",0,1000,1,2025-08-02 11:51:04.081872
595,DO,AGE_18_24,3508796,GENDER_MALE,,,,,,"{'advertiser_id': '7381489555305775105', 'objective_type': 'REACH', 'optimization_goal': 'REACH', 'placements': ['PLACEMENT_TIKTOK', 'PLACEMENT_PANGLE', 'PLACEMENT_GLOBAL_APP_BUNDLE'], 'location_ids': ['3508796'], 'gender': 'GENDER_MALE', 'age_groups': ['AGE_18_24']}",,"{'code': 0, 'message': 'OK', 'request_id': '2025080217504128977B6BF5D94411D8A6', 'data': {'user_count': {'lower_end': 1037000, 'upper_end': 1269000}, 'user_count_stage': 2}}",1037000,1269000,2,2025-08-02 11:51:04.081872
596,DO,AGE_25_34,3508796,GENDER_MALE,,,,,,"{'advertiser_id': '7381489555305775105', 'objective_type': 'REACH', 'optimization_goal': 'REACH', 'placements': ['PLACEMENT_TIKTOK', 'PLACEMENT_PANGLE', 'PLACEMENT_GLOBAL_APP_BUNDLE'], 'location_ids': ['3508796'], 'gender': 'GENDER_MALE', 'age_groups': ['AGE_25_34']}",,"{'code': 0, 'message': 'OK', 'request_id': '202508021750415ABFC7F285437717C714', 'data': {'user_count': {'lower_end': 1805000, 'upper_end': 2208000}, 'user_count_stage': 3}}",1805000,2208000,3,2025-08-02 11:51:04.081872
597,DO,AGE_35_44,3508796,GENDER_MALE,,,,,,"{'advertiser_id': '7381489555305775105', 'objective_type': 'REACH', 'optimization_goal': 'REACH', 'placements': ['PLACEMENT_TIKTOK', 'PLACEMENT_PANGLE', 'PLACEMENT_GLOBAL_APP_BUNDLE'], 'location_ids': ['3508796'], 'gender': 'GENDER_MALE', 'age_groups': ['AGE_35_44']}",,"{'code': 0, 'message': 'OK', 'request_id': '2025080217504119E1A97021E33C1341B6', 'data': {'user_count': {'lower_end': 593000, 'upper_end': 726000}, 'user_count_stage': 2}}",593000,726000,2,2025-08-02 11:51:04.081872
598,DO,AGE_45_54,3508796,GENDER_MALE,,,,,,"{'advertiser_id': '7381489555305775105', 'objective_type': 'REACH', 'optimization_goal': 'REACH', 'placements': ['PLACEMENT_TIKTOK', 'PLACEMENT_PANGLE', 'PLACEMENT_GLOBAL_APP_BUNDLE'], 'location_ids': ['3508796'], 'gender': 'GENDER_MALE', 'age_groups': ['AGE_45_54']}",,"{'code': 0, 'message': 'OK', 'request_id': '2025080217504172B99A2F6A881A18BBB4', 'data': {'user_count': {'lower_end': 275000, 'upper_end': 337000}, 'user_count_stage': 2}}",275000,337000,2,2025-08-02 11:51:04.081872
599,AR,AGE_13_17,3865483,GENDER_FEMALE,,,,,,"{'advertiser_id': '7381489555305775105', 'objective_type': 'REACH', 'optimization_goal': 'REACH', 'placements': ['PLACEMENT_TIKTOK', 'PLACEMENT_PANGLE', 'PLACEMENT_GLOBAL_APP_BUNDLE'], 'location_ids': ['3865483'], 'gender': 'GENDER_FEMALE', 'age_groups': ['AGE_13_17']}",,"{'code': 0, 'message': 'OK', 'request_id': '2025080217504208E30484A7C2BB0F8DA9', 'data': {'user_count': {'lower_end': 0, 'upper_end': 1000}, 'user_count_stage': 1}}",0,1000,1,2025-08-02 11:51:04.081872
600,DO,AGE_55_100,3508796,GENDER_MALE,,,,,,"{'advertiser_id': '7381489555305775105', 'objective_type': 'REACH', 'optimization_goal': 'REACH', 'placements': ['PLACEMENT_TIKTOK', 'PLACEMENT_PANGLE', 'PLACEMENT_GLOBAL_APP_BUNDLE'], 'location_ids': ['3508796'], 'gender': 'GENDER_MALE', 'age_groups': ['AGE_55_100']}",,"{'code': 0, 'message': 'OK', 'request_id': '20250802175042F8AE47595F42B712C828', 'data': {'user_count': {'lower_end': 239000, 'upper_end': 293000}, 'user_count_stage': 2}}",239000,293000,2,2025-08-02 11:51:04.081872
601,AR,AGE_18_24,3865483,GENDER_FEMALE,,,,,,"{'advertiser_id': '7381489555305775105', 'objective_type': 'REACH', 'optimization_goal': 'REACH', 'placements': ['PLACEMENT_TIKTOK', 'PLACEMENT_PANGLE', 'PLACEMENT_GLOBAL_APP_BUNDLE'], 'location_ids': ['3865483'], 'gender': 'GENDER_FEMALE', 'age_groups': ['AGE_18_24']}",,"{'code': 0, 'message': 'OK', 'request_id': '202508021750429AE5489F35C6C8138D7F', 'data': {'user_count': {'lower_end': 3587000, 'upper_end': 4385000}, 'user_count_stage': 2}}",3587000,4385000,2,2025-08-02 11:51:04.081872
602,AR,AGE_45_54,3865483,GENDER_FEMALE,,,,,,"{'advertiser_id': '7381489555305775105', 'objective_type': 'REACH', 'optimization_goal': 'REACH', 'placements': ['PLACEMENT_TIKTOK', 'PLACEMENT_PANGLE', 'PLACEMENT_GLOBAL_APP_BUNDLE'], 'location_ids': ['3865483'], 'gender': 'GENDER_FEMALE', 'age_groups': ['AGE_45_54']}",,"{'code': 0, 'message': 'OK', 'request_id': '202508021750424CF48A45530E901388A3', 'data': {'user_count': {'lower_end': 1138000, 'upper_end': 1392000}, 'user_count_stage': 2}}",1138000,1392000,2,2025-08-02 11:51:04.081872
603,AR,AGE_35_44,3865483,GENDER_FEMALE,,,,,,"{'advertiser_id': '7381489555305775105', 'objective_type': 'REACH', 'optimization_goal': 'REACH', 'placements': ['PLACEMENT_TIKTOK', 'PLACEMENT_PANGLE', 'PLACEMENT_GLOBAL_APP_BUNDLE'], 'location_ids': ['3865483'], 'gender': 'GENDER_FEMALE', 'age_groups': ['AGE_35_44']}",,"{'code': 0, 'message': 'OK', 'request_id': '20250802175042FAFC7DE193B8301C6B20', 'data': {'user_count': {'lower_end': 1783000, 'upper_end': 2181000}, 'user_count_stage': 2}}",1783000,2181000,2,2025-08-02 11:51:04.081872
604,AR,AGE_25_34,3865483,GENDER_FEMALE,,,,,,"{'advertiser_id': '7381489555305775105', 'objective_type': 'REACH', 'optimization_goal': 'REACH', 'placements': ['PLACEMENT_TIKTOK', 'PLACEMENT_PANGLE', 'PLACEMENT_GLOBAL_APP_BUNDLE'], 'location_ids': ['3865483'], 'gender': 'GENDER_FEMALE', 'age_groups': ['AGE_25_34']}",,"{'code': 0, 'message': 'OK', 'request_id': '20250802175042BCD88189CE1C040DEC09', 'data': {'user_count': {'lower_end': 5058000, 'upper_end': 6183000}, 'user_count_stage': 2}}",5058000,6183000,2,2025-08-02 11:51:04.081872
605,AR,AGE_13_17,3865483,GENDER_MALE,,,,,,"{'advertiser_id': '7381489555305775105', 'objective_type': 'REACH', 'optimization_goal': 'REACH', 'placements': ['PLACEMENT_TIKTOK', 'PLACEMENT_PANGLE', 'PLACEMENT_GLOBAL_APP_BUNDLE'], 'location_ids': ['3865483'], 'gender': 'GENDER_MALE', 'age_groups': ['AGE_13_17']}",,"{'code': 0, 'message': 'OK', 'request_id': '20250802175043062B3A23EF737612E09F', 'data': {'user_count': {'lower_end': 0, 'upper_end': 1000}, 'user_count_stage': 1}}",0,1000,1,2025-08-02 11:51:04.081872
606,AR,AGE_55_100,3865483,GENDER_FEMALE,,,,,,"{'advertiser_id': '7381489555305775105', 'objective_type': 'REACH', 'optimization_goal': 'REACH', 'placements': ['PLACEMENT_TIKTOK', 'PLACEMENT_PANGLE', 'PLACEMENT_GLOBAL_APP_BUNDLE'], 'location_ids': ['3865483'], 'gender': 'GENDER_FEMALE', 'age_groups': ['AGE_55_100']}",,"{'code': 0, 'message': 'OK', 'request_id': '202508021750436AF1245CB93ECB16265A', 'data': {'user_count': {'lower_end': 1037000, 'upper_end': 1268000}, 'user_count_stage': 2}}",1037000,1268000,2,2025-08-02 11:51:04.081872
607,AR,AGE_18_24,3865483,GENDER_MALE,,,,,,"{'advertiser_id': '7381489555305775105', 'objective_type': 'REACH', 'optimization_goal': 'REACH', 'placements': ['PLACEMENT_TIKTOK', 'PLACEMENT_PANGLE', 'PLACEMENT_GLOBAL_APP_BUNDLE'], 'location_ids': ['3865483'], 'gender': 'GENDER_MALE', 'age_groups': ['AGE_18_24']}",,"{'code': 0, 'message': 'OK', 'request_id': '20250802175043773F581AA74C440D654C', 'data': {'user_count': {'lower_end': 3043000, 'upper_end': 3720000}, 'user_count_stage': 2}}",3043000,3720000,2,2025-08-02 11:51:04.081872
608,AR,AGE_35_44,3865483,GENDER_MALE,,,,,,"{'advertiser_id': '7381489555305775105', 'objective_type': 'REACH', 'optimization_goal': 'REACH', 'placements': ['PLACEMENT_TIKTOK', 'PLACEMENT_PANGLE', 'PLACEMENT_GLOBAL_APP_BUNDLE'], 'location_ids': ['3865483'], 'gender': 'GENDER_MALE', 'age_groups': ['AGE_35_44']}",,"{'code': 0, 'message': 'OK', 'request_id': '2025080217504486C810ADF8F80D12E5C1', 'data': {'user_count': {'lower_end': 1986000, 'upper_end': 2428000}, 'user_count_stage': 2}}",1986000,2428000,2,2025-08-02 11:51:04.081872
609,AR,AGE_25_34,3865483,GENDER_MALE,,,,,,"{'advertiser_id': '7381489555305775105', 'objective_type': 'REACH', 'optimization_goal': 'REACH', 'placements': ['PLACEMENT_TIKTOK', 'PLACEMENT_PANGLE', 'PLACEMENT_GLOBAL_APP_BUNDLE'], 'location_ids': ['3865483'], 'gender': 'GENDER_MALE', 'age_groups': ['AGE_25_34']}",,"{'code': 0, 'message': 'OK', 'request_id': '20250802175044D6CE9114DD8E9D134B04', 'data': {'user_count': {'lower_end': 6016000, 'upper_end': 7353000}, 'user_count_stage': 3}}",6016000,7353000,3,2025-08-02 11:51:04.081872
610,AR,AGE_45_54,3865483,GENDER_MALE,,,,,,"{'advertiser_id': '7381489555305775105', 'objective_type': 'REACH', 'optimization_goal': 'REACH', 'placements': ['PLACEMENT_TIKTOK', 'PLACEMENT_PANGLE', 'PLACEMENT_GLOBAL_APP_BUNDLE'], 'location_ids': ['3865483'], 'gender': 'GENDER_MALE', 'age_groups': ['AGE_45_54']}",,"{'code': 0, 'message': 'OK', 'request_id': '20250802175044B53B57DC0C72BC12C097', 'data': {'user_count': {'lower_end': 1219000, 'upper_end': 1491000}, 'user_count_stage': 2}}",1219000,1491000,2,2025-08-02 11:51:04.081872
611,MA,AGE_13_17,2542007,GENDER_FEMALE,,,,,,"{'advertiser_id': '7381489555305775105', 'objective_type': 'REACH', 'optimization_goal': 'REACH', 'placements': ['PLACEMENT_TIKTOK', 'PLACEMENT_PANGLE', 'PLACEMENT_GLOBAL_APP_BUNDLE'], 'location_ids': ['2542007'], 'gender': 'GENDER_FEMALE', 'age_groups': ['AGE_13_17']}",,"{'code': 0, 'message': 'OK', 'request_id': '202508021750444ACD095AF0340F150CAB', 'data': {'user_count': {'lower_end': 0, 'upper_end': 3000}, 'user_count_stage': 1}}",0,3000,1,2025-08-02 11:51:04.081872
612,AR,AGE_55_100,3865483,GENDER_MALE,,,,,,"{'advertiser_id': '7381489555305775105', 'objective_type': 'REACH', 'optimization_goal': 'REACH', 'placements': ['PLACEMENT_TIKTOK', 'PLACEMENT_PANGLE', 'PLACEMENT_GLOBAL_APP_BUNDLE'], 'location_ids': ['3865483'], 'gender': 'GENDER_MALE', 'age_groups': ['AGE_55_100']}",,"{'code': 0, 'message': 'OK', 'request_id': '20250802175044D5D88D876B12A7158B51', 'data': {'user_count': {'lower_end': 932000, 'upper_end': 1141000}, 'user_count_stage': 2}}",932000,1141000,2,2025-08-02 11:51:04.081872
613,MA,AGE_18_24,2542007,GENDER_FEMALE,,,,,,"{'advertiser_id': '7381489555305775105', 'objective_type': 'REACH', 'optimization_goal': 'REACH', 'placements': ['PLACEMENT_TIKTOK', 'PLACEMENT_PANGLE', 'PLACEMENT_GLOBAL_APP_BUNDLE'], 'location_ids': ['2542007'], 'gender': 'GENDER_FEMALE', 'age_groups': ['AGE_18_24']}",,"{'code': 0, 'message': 'OK', 'request_id': '202508021750444CF48A45530E901388E9', 'data': {'user_count': {'lower_end': 4248000, 'upper_end': 5194000}, 'user_count_stage': 2}}",4248000,5194000,2,2025-08-02 11:51:04.081872
614,MA,AGE_25_34,2542007,GENDER_FEMALE,,,,,,"{'advertiser_id': '7381489555305775105', 'objective_type': 'REACH', 'optimization_goal': 'REACH', 'placements': ['PLACEMENT_TIKTOK', 'PLACEMENT_PANGLE', 'PLACEMENT_GLOBAL_APP_BUNDLE'], 'location_ids': ['2542007'], 'gender': 'GENDER_FEMALE', 'age_groups': ['AGE_25_34']}",,"{'code': 0, 'message': 'OK', 'request_id': '20250802175045AE5215770CCFCB4F86BC', 'data': {'user_count': {'lower_end': 5721000, 'upper_end': 6993000}, 'user_count_stage': 2}}",5721000,6993000,2,2025-08-02 11:51:04.081872
615,MA,AGE_35_44,2542007,GENDER_FEMALE,,,,,,"{'advertiser_id': '7381489555305775105', 'objective_type': 'REACH', 'optimization_goal': 'REACH', 'placements': ['PLACEMENT_TIKTOK', 'PLACEMENT_PANGLE', 'PLACEMENT_GLOBAL_APP_BUNDLE'], 'location_ids': ['2542007'], 'gender': 'GENDER_FEMALE', 'age_groups': ['AGE_35_44']}",,"{'code': 0, 'message': 'OK', 'request_id': '202508021750455C5743567937B01A391E', 'data': {'user_count': {'lower_end': 4271000, 'upper_end': 5221000}, 'user_count_stage': 2}}",4271000,5221000,2,2025-08-02 11:51:04.081872
616,MA,AGE_45_54,2542007,GENDER_FEMALE,,,,,,"{'advertiser_id': '7381489555305775105', 'objective_type': 'REACH', 'optimization_goal': 'REACH', 'placements': ['PLACEMENT_TIKTOK', 'PLACEMENT_PANGLE', 'PLACEMENT_GLOBAL_APP_BUNDLE'], 'location_ids': ['2542007'], 'gender': 'GENDER_FEMALE', 'age_groups': ['AGE_45_54']}",,"{'code': 0, 'message': 'OK', 'request_id': '20250802175045933E608704A6A90C3977', 'data': {'user_count': {'lower_end': 1594000, 'upper_end': 1949000}, 'user_count_stage': 2}}",1594000,1949000,2,2025-08-02 11:51:04.081872
617,MA,AGE_55_100,2542007,GENDER_FEMALE,,,,,,"{'advertiser_id': '7381489555305775105', 'objective_type': 'REACH', 'optimization_goal': 'REACH', 'placements': ['PLACEMENT_TIKTOK', 'PLACEMENT_PANGLE', 'PLACEMENT_GLOBAL_APP_BUNDLE'], 'location_ids': ['2542007'], 'gender': 'GENDER_FEMALE', 'age_groups': ['AGE_55_100']}",,"{'code': 0, 'message': 'OK', 'request_id': '20250802175045269348DFE65561106570', 'data': {'user_count': {'lower_end': 1347000, 'upper_end': 1647000}, 'user_count_stage': 2}}",1347000,1647000,2,2025-08-02 11:51:04.081872
618,MA,AGE_13_17,2542007,GENDER_MALE,,,,,,"{'advertiser_id': '7381489555305775105', 'objective_type': 'REACH', 'optimization_goal': 'REACH', 'placements': ['PLACEMENT_TIKTOK', 'PLACEMENT_PANGLE', 'PLACEMENT_GLOBAL_APP_BUNDLE'], 'location_ids': ['2542007'], 'gender': 'GENDER_MALE', 'age_groups': ['AGE_13_17']}",,"{'code': 0, 'message': 'OK', 'request_id': '2025080217504586C810ADF8F80D12E5F7', 'data': {'user_count': {'lower_end': 0, 'upper_end': 3000}, 'user_count_stage': 1}}",0,3000,1,2025-08-02 11:51:04.081872
619,MA,AGE_18_24,2542007,GENDER_MALE,,,,,,"{'advertiser_id': '7381489555305775105', 'objective_type': 'REACH', 'optimization_goal': 'REACH', 'placements': ['PLACEMENT_TIKTOK', 'PLACEMENT_PANGLE', 'PLACEMENT_GLOBAL_APP_BUNDLE'], 'location_ids': ['2542007'], 'gender': 'GENDER_MALE', 'age_groups': ['AGE_18_24']}",,"{'code': 0, 'message': 'OK', 'request_id': '20250802175046269348DFE6556110657F', 'data': {'user_count': {'lower_end': 18195000, 'upper_end': 22239000}, 'user_count_stage': 3}}",18195000,22239000,3,2025-08-02 11:51:04.081872
620,MA,AGE_25_34,2542007,GENDER_MALE,,,,,,"{'advertiser_id': '7381489555305775105', 'objective_type': 'REACH', 'optimization_goal': 'REACH', 'placements': ['PLACEMENT_TIKTOK', 'PLACEMENT_PANGLE', 'PLACEMENT_GLOBAL_APP_BUNDLE'], 'location_ids': ['2542007'], 'gender': 'GENDER_MALE', 'age_groups': ['AGE_25_34']}",,"{'code': 0, 'message': 'OK', 'request_id': '2025080217504628D9F5A2B043220F8C8D', 'data': {'user_count': {'lower_end': 9720000, 'upper_end': 11880000}, 'user_count_stage': 2}}",9720000,11880000,2,2025-08-02 11:51:04.081872
621,MA,AGE_35_44,2542007,GENDER_MALE,,,,,,"{'advertiser_id': '7381489555305775105', 'objective_type': 'REACH', 'optimization_goal': 'REACH', 'placements': ['PLACEMENT_TIKTOK', 'PLACEMENT_PANGLE', 'PLACEMENT_GLOBAL_APP_BUNDLE'], 'location_ids': ['2542007'], 'gender': 'GENDER_MALE', 'age_groups': ['AGE_35_44']}",,"{'code': 0, 'message': 'OK', 'request_id': '2025080217504677FA7EDF22A7FA12C0DF', 'data': {'user_count': {'lower_end': 3948000, 'upper_end': 4827000}, 'user_count_stage': 2}}",3948000,4827000,2,2025-08-02 11:51:04.081872
622,MA,AGE_45_54,2542007,GENDER_MALE,,,,,,"{'advertiser_id': '7381489555305775105', 'objective_type': 'REACH', 'optimization_goal': 'REACH', 'placements': ['PLACEMENT_TIKTOK', 'PLACEMENT_PANGLE', 'PLACEMENT_GLOBAL_APP_BUNDLE'], 'location_ids': ['2542007'], 'gender': 'GENDER_MALE', 'age_groups': ['AGE_45_54']}",,"{'code': 0, 'message': 'OK', 'request_id': '2025080217504603DE12E22D6EEB124334', 'data': {'user_count': {'lower_end': 1357000, 'upper_end': 1660000}, 'user_count_stage': 2}}",1357000,1660000,2,2025-08-02 11:51:04.081872
623,MA,AGE_55_100,2542007,GENDER_MALE,,,,,,"{'advertiser_id': '7381489555305775105', 'objective_type': 'REACH', 'optimization_goal': 'REACH', 'placements': ['PLACEMENT_TIKTOK', 'PLACEMENT_PANGLE', 'PLACEMENT_GLOBAL_APP_BUNDLE'], 'location_ids': ['2542007'], 'gender': 'GENDER_MALE', 'age_groups': ['AGE_55_100']}",,"{'code': 0, 'message': 'OK', 'request_id': '202508021750463F7CA19EB7E0510FFFEB', 'data': {'user_count': {'lower_end': 2413000, 'upper_end': 2950000}, 'user_count_stage': 2}}",2413000,2950000,2,2025-08-02 11:51:04.081872
624,NG,AGE_25_34,2328926,GENDER_FEMALE,,,,,,"{'advertiser_id': '7381489555305775105', 'objective_type': 'REACH', 'optimization_goal': 'REACH', 'placements': ['PLACEMENT_TIKTOK', 'PLACEMENT_PANGLE', 'PLACEMENT_GLOBAL_APP_BUNDLE'], 'location_ids': ['2328926'], 'gender': 'GENDER_FEMALE', 'age_groups': ['AGE_25_34']}",,"{'code': 0, 'message': 'OK', 'request_id': '202508021750473403A434F85FFF0F96C3', 'data': {'user_count': {'lower_end': 6649000, 'upper_end': 8128000}, 'user_count_stage': 2}}",6649000,8128000,2,2025-08-02 11:51:04.081872
625,NG,AGE_18_24,2328926,GENDER_FEMALE,,,,,,"{'advertiser_id': '7381489555305775105', 'objective_type': 'REACH', 'optimization_goal': 'REACH', 'placements': ['PLACEMENT_TIKTOK', 'PLACEMENT_PANGLE', 'PLACEMENT_GLOBAL_APP_BUNDLE'], 'location_ids': ['2328926'], 'gender': 'GENDER_FEMALE', 'age_groups': ['AGE_18_24']}",,"{'code': 0, 'message': 'OK', 'request_id': '2025080217504748677C434CDDC4148EFE', 'data': {'user_count': {'lower_end': 4880000, 'upper_end': 5966000}, 'user_count_stage': 2}}",4880000,5966000,2,2025-08-02 11:51:04.081872
626,NG,AGE_35_44,2328926,GENDER_FEMALE,,,,,,"{'advertiser_id': '7381489555305775105', 'objective_type': 'REACH', 'optimization_goal': 'REACH', 'placements': ['PLACEMENT_TIKTOK', 'PLACEMENT_PANGLE', 'PLACEMENT_GLOBAL_APP_BUNDLE'], 'location_ids': ['2328926'], 'gender': 'GENDER_FEMALE', 'age_groups': ['AGE_35_44']}",,"{'code': 0, 'message': 'OK', 'request_id': '20250802175048DB40B9150656130FE9B0', 'data': {'user_count': {'lower_end': 2079000, 'upper_end': 2541000}, 'user_count_stage': 2}}",2079000,2541000,2,2025-08-02 11:51:04.081872
627,NG,AGE_13_17,2328926,GENDER_FEMALE,,,,,,"{'advertiser_id': '7381489555305775105', 'objective_type': 'REACH', 'optimization_goal': 'REACH', 'placements': ['PLACEMENT_TIKTOK', 'PLACEMENT_PANGLE', 'PLACEMENT_GLOBAL_APP_BUNDLE'], 'location_ids': ['2328926'], 'gender': 'GENDER_FEMALE', 'age_groups': ['AGE_13_17']}",,"{'code': 0, 'message': 'OK', 'request_id': '20250802175047DE9FC5144855AF119960', 'data': {'user_count': {'lower_end': 0, 'upper_end': 1000}, 'user_count_stage': 1}}",0,1000,1,2025-08-02 11:51:04.081872
628,NG,AGE_45_54,2328926,GENDER_FEMALE,,,,,,"{'advertiser_id': '7381489555305775105', 'objective_type': 'REACH', 'optimization_goal': 'REACH', 'placements': ['PLACEMENT_TIKTOK', 'PLACEMENT_PANGLE', 'PLACEMENT_GLOBAL_APP_BUNDLE'], 'location_ids': ['2328926'], 'gender': 'GENDER_FEMALE', 'age_groups': ['AGE_45_54']}",,"{'code': 0, 'message': 'OK', 'request_id': '20250802175048B70C95F206497B31902B', 'data': {'user_count': {'lower_end': 938000, 'upper_end': 1148000}, 'user_count_stage': 2}}",938000,1148000,2,2025-08-02 11:51:04.081872
629,NG,AGE_13_17,2328926,GENDER_MALE,,,,,,"{'advertiser_id': '7381489555305775105', 'objective_type': 'REACH', 'optimization_goal': 'REACH', 'placements': ['PLACEMENT_TIKTOK', 'PLACEMENT_PANGLE', 'PLACEMENT_GLOBAL_APP_BUNDLE'], 'location_ids': ['2328926'], 'gender': 'GENDER_MALE', 'age_groups': ['AGE_13_17']}",,"{'code': 0, 'message': 'OK', 'request_id': '20250802175048E054330A53430F186BC4', 'data': {'user_count': {'lower_end': 0, 'upper_end': 1000}, 'user_count_stage': 1}}",0,1000,1,2025-08-02 11:51:04.081872
630,NG,AGE_18_24,2328926,GENDER_MALE,,,,,,"{'advertiser_id': '7381489555305775105', 'objective_type': 'REACH', 'optimization_goal': 'REACH', 'placements': ['PLACEMENT_TIKTOK', 'PLACEMENT_PANGLE', 'PLACEMENT_GLOBAL_APP_BUNDLE'], 'location_ids': ['2328926'], 'gender': 'GENDER_MALE', 'age_groups': ['AGE_18_24']}",,"{'code': 0, 'message': 'OK', 'request_id': '2025080217504825B08A8287AA8E158877', 'data': {'user_count': {'lower_end': 6664000, 'upper_end': 8146000}, 'user_count_stage': 2}}",6664000,8146000,2,2025-08-02 11:51:04.081872
631,NG,AGE_55_100,2328926,GENDER_FEMALE,,,,,,"{'advertiser_id': '7381489555305775105', 'objective_type': 'REACH', 'optimization_goal': 'REACH', 'placements': ['PLACEMENT_TIKTOK', 'PLACEMENT_PANGLE', 'PLACEMENT_GLOBAL_APP_BUNDLE'], 'location_ids': ['2328926'], 'gender': 'GENDER_FEMALE', 'age_groups': ['AGE_55_100']}",,"{'code': 0, 'message': 'OK', 'request_id': '20250802175048424E809CA2512E39C9BE', 'data': {'user_count': {'lower_end': 850000, 'upper_end': 1040000}, 'user_count_stage': 2}}",850000,1040000,2,2025-08-02 11:51:04.081872
632,NG,AGE_25_34,2328926,GENDER_MALE,,,,,,"{'advertiser_id': '7381489555305775105', 'objective_type': 'REACH', 'optimization_goal': 'REACH', 'placements': ['PLACEMENT_TIKTOK', 'PLACEMENT_PANGLE', 'PLACEMENT_GLOBAL_APP_BUNDLE'], 'location_ids': ['2328926'], 'gender': 'GENDER_MALE', 'age_groups': ['AGE_25_34']}",,"{'code': 0, 'message': 'OK', 'request_id': '20250802175049D1254F9722D64C0EF106', 'data': {'user_count': {'lower_end': 12323000, 'upper_end': 15063000}, 'user_count_stage': 3}}",12323000,15063000,3,2025-08-02 11:51:04.081872
633,NG,AGE_35_44,2328926,GENDER_MALE,,,,,,"{'advertiser_id': '7381489555305775105', 'objective_type': 'REACH', 'optimization_goal': 'REACH', 'placements': ['PLACEMENT_TIKTOK', 'PLACEMENT_PANGLE', 'PLACEMENT_GLOBAL_APP_BUNDLE'], 'location_ids': ['2328926'], 'gender': 'GENDER_MALE', 'age_groups': ['AGE_35_44']}",,"{'code': 0, 'message': 'OK', 'request_id': '20250802175049074618BB935767141C76', 'data': {'user_count': {'lower_end': 4333000, 'upper_end': 5298000}, 'user_count_stage': 2}}",4333000,5298000,2,2025-08-02 11:51:04.081872
634,NG,AGE_45_54,2328926,GENDER_MALE,,,,,,"{'advertiser_id': '7381489555305775105', 'objective_type': 'REACH', 'optimization_goal': 'REACH', 'placements': ['PLACEMENT_TIKTOK', 'PLACEMENT_PANGLE', 'PLACEMENT_GLOBAL_APP_BUNDLE'], 'location_ids': ['2328926'], 'gender': 'GENDER_MALE', 'age_groups': ['AGE_45_54']}",,"{'code': 0, 'message': 'OK', 'request_id': '2025080217504952AF71F7CC05CC13A4BC', 'data': {'user_count': {'lower_end': 1809000, 'upper_end': 2212000}, 'user_count_stage': 2}}",1809000,2212000,2,2025-08-02 11:51:04.081872
635,NG,AGE_55_100,2328926,GENDER_MALE,,,,,,"{'advertiser_id': '7381489555305775105', 'objective_type': 'REACH', 'optimization_goal': 'REACH', 'placements': ['PLACEMENT_TIKTOK', 'PLACEMENT_PANGLE', 'PLACEMENT_GLOBAL_APP_BUNDLE'], 'location_ids': ['2328926'], 'gender': 'GENDER_MALE', 'age_groups': ['AGE_55_100']}",,"{'code': 0, 'message': 'OK', 'request_id': '20250802175049424E809CA2512E39C9F2', 'data': {'user_count': {'lower_end': 1399000, 'upper_end': 1711000}, 'user_count_stage': 2}}",1399000,1711000,2,2025-08-02 11:51:04.081872
636,PK,AGE_13_17,1168579,GENDER_FEMALE,,,,,,"{'advertiser_id': '7381489555305775105', 'objective_type': 'REACH', 'optimization_goal': 'REACH', 'placements': ['PLACEMENT_TIKTOK', 'PLACEMENT_PANGLE', 'PLACEMENT_GLOBAL_APP_BUNDLE'], 'location_ids': ['1168579'], 'gender': 'GENDER_FEMALE', 'age_groups': ['AGE_13_17']}",,"{'code': 0, 'message': 'OK', 'request_id': '202508021750499FF7D2A268AB2E0F6035', 'data': {'user_count': {'lower_end': 0, 'upper_end': 1000}, 'user_count_stage': 1}}",0,1000,1,2025-08-02 11:51:04.081872
637,PK,AGE_18_24,1168579,GENDER_FEMALE,,,,,,"{'advertiser_id': '7381489555305775105', 'objective_type': 'REACH', 'optimization_goal': 'REACH', 'placements': ['PLACEMENT_TIKTOK', 'PLACEMENT_PANGLE', 'PLACEMENT_GLOBAL_APP_BUNDLE'], 'location_ids': ['1168579'], 'gender': 'GENDER_FEMALE', 'age_groups': ['AGE_18_24']}",,"{'code': 0, 'message': 'OK', 'request_id': '2025080217505062A6707C1E1CBA0E61F0', 'data': {'user_count': {'lower_end': 8640000, 'upper_end': 10561000}, 'user_count_stage': 2}}",8640000,10561000,2,2025-08-02 11:51:04.081872
638,PK,AGE_35_44,1168579,GENDER_FEMALE,,,,,,"{'advertiser_id': '7381489555305775105', 'objective_type': 'REACH', 'optimization_goal': 'REACH', 'placements': ['PLACEMENT_TIKTOK', 'PLACEMENT_PANGLE', 'PLACEMENT_GLOBAL_APP_BUNDLE'], 'location_ids': ['1168579'], 'gender': 'GENDER_FEMALE', 'age_groups': ['AGE_35_44']}",,"{'code': 0, 'message': 'OK', 'request_id': '20250802175050B9BA136843698516579E', 'data': {'user_count': {'lower_end': 2230000, 'upper_end': 2727000}, 'user_count_stage': 2}}",2230000,2727000,2,2025-08-02 11:51:04.081872
639,PK,AGE_25_34,1168579,GENDER_FEMALE,,,,,,"{'advertiser_id': '7381489555305775105', 'objective_type': 'REACH', 'optimization_goal': 'REACH', 'placements': ['PLACEMENT_TIKTOK', 'PLACEMENT_PANGLE', 'PLACEMENT_GLOBAL_APP_BUNDLE'], 'location_ids': ['1168579'], 'gender': 'GENDER_FEMALE', 'age_groups': ['AGE_25_34']}",,"{'code': 0, 'message': 'OK', 'request_id': '20250802175050ABF5FC9CB5310512C8D1', 'data': {'user_count': {'lower_end': 10449000, 'upper_end': 12772000}, 'user_count_stage': 2}}",10449000,12772000,2,2025-08-02 11:51:04.081872
640,PK,AGE_45_54,1168579,GENDER_FEMALE,,,,,,"{'advertiser_id': '7381489555305775105', 'objective_type': 'REACH', 'optimization_goal': 'REACH', 'placements': ['PLACEMENT_TIKTOK', 'PLACEMENT_PANGLE', 'PLACEMENT_GLOBAL_APP_BUNDLE'], 'location_ids': ['1168579'], 'gender': 'GENDER_FEMALE', 'age_groups': ['AGE_45_54']}",,"{'code': 0, 'message': 'OK', 'request_id': '202508021750503F7CA19EB7E051100075', 'data': {'user_count': {'lower_end': 742000, 'upper_end': 908000}, 'user_count_stage': 2}}",742000,908000,2,2025-08-02 11:51:04.081872
641,PK,AGE_13_17,1168579,GENDER_MALE,,,,,,"{'advertiser_id': '7381489555305775105', 'objective_type': 'REACH', 'optimization_goal': 'REACH', 'placements': ['PLACEMENT_TIKTOK', 'PLACEMENT_PANGLE', 'PLACEMENT_GLOBAL_APP_BUNDLE'], 'location_ids': ['1168579'], 'gender': 'GENDER_MALE', 'age_groups': ['AGE_13_17']}",,"{'code': 0, 'message': 'OK', 'request_id': '20250802175050DE9FC5144855AF1199D8', 'data': {'user_count': {'lower_end': 0, 'upper_end': 1000}, 'user_count_stage': 1}}",0,1000,1,2025-08-02 11:51:04.081872
642,PK,AGE_55_100,1168579,GENDER_FEMALE,,,,,,"{'advertiser_id': '7381489555305775105', 'objective_type': 'REACH', 'optimization_goal': 'REACH', 'placements': ['PLACEMENT_TIKTOK', 'PLACEMENT_PANGLE', 'PLACEMENT_GLOBAL_APP_BUNDLE'], 'location_ids': ['1168579'], 'gender': 'GENDER_FEMALE', 'age_groups': ['AGE_55_100']}",,"{'code': 0, 'message': 'OK', 'request_id': '20250802175050BCD88189CE1C040DED4B', 'data': {'user_count': {'lower_end': 858000, 'upper_end': 1050000}, 'user_count_stage': 2}}",858000,1050000,2,2025-08-02 11:51:04.081872
643,PK,AGE_25_34,1168579,GENDER_MALE,,,,,,"{'advertiser_id': '7381489555305775105', 'objective_type': 'REACH', 'optimization_goal': 'REACH', 'placements': ['PLACEMENT_TIKTOK', 'PLACEMENT_PANGLE', 'PLACEMENT_GLOBAL_APP_BUNDLE'], 'location_ids': ['1168579'], 'gender': 'GENDER_MALE', 'age_groups': ['AGE_25_34']}",,"{'code': 0, 'message': 'OK', 'request_id': '2025080217505162A6707C1E1CBA0E620F', 'data': {'user_count': {'lower_end': 22016000, 'upper_end': 26909000}, 'user_count_stage': 3}}",22016000,26909000,3,2025-08-02 11:51:04.081872
644,PK,AGE_18_24,1168579,GENDER_MALE,,,,,,"{'advertiser_id': '7381489555305775105', 'objective_type': 'REACH', 'optimization_goal': 'REACH', 'placements': ['PLACEMENT_TIKTOK', 'PLACEMENT_PANGLE', 'PLACEMENT_GLOBAL_APP_BUNDLE'], 'location_ids': ['1168579'], 'gender': 'GENDER_MALE', 'age_groups': ['AGE_18_24']}",,"{'code': 0, 'message': 'OK', 'request_id': '20250802175051A4C8C131D052D41450E7', 'data': {'user_count': {'lower_end': 17290000, 'upper_end': 21133000}, 'user_count_stage': 3}}",17290000,21133000,3,2025-08-02 11:51:04.081872
645,PK,AGE_35_44,1168579,GENDER_MALE,,,,,,"{'advertiser_id': '7381489555305775105', 'objective_type': 'REACH', 'optimization_goal': 'REACH', 'placements': ['PLACEMENT_TIKTOK', 'PLACEMENT_PANGLE', 'PLACEMENT_GLOBAL_APP_BUNDLE'], 'location_ids': ['1168579'], 'gender': 'GENDER_MALE', 'age_groups': ['AGE_35_44']}",,"{'code': 0, 'message': 'OK', 'request_id': '202508021750514F99249C9EA553196983', 'data': {'user_count': {'lower_end': 5514000, 'upper_end': 6740000}, 'user_count_stage': 2}}",5514000,6740000,2,2025-08-02 11:51:04.081872
646,PK,AGE_55_100,1168579,GENDER_MALE,,,,,,"{'advertiser_id': '7381489555305775105', 'objective_type': 'REACH', 'optimization_goal': 'REACH', 'placements': ['PLACEMENT_TIKTOK', 'PLACEMENT_PANGLE', 'PLACEMENT_GLOBAL_APP_BUNDLE'], 'location_ids': ['1168579'], 'gender': 'GENDER_MALE', 'age_groups': ['AGE_55_100']}",,"{'code': 0, 'message': 'OK', 'request_id': '2025080217505272B99A2F6A881A18BD58', 'data': {'user_count': {'lower_end': 1827000, 'upper_end': 2234000}, 'user_count_stage': 2}}",1827000,2234000,2,2025-08-02 11:51:04.081872
647,IT,AGE_13_17,3175395,GENDER_FEMALE,,,,,,"{'advertiser_id': '7381489555305775105', 'objective_type': 'REACH', 'optimization_goal': 'REACH', 'placements': ['PLACEMENT_TIKTOK', 'PLACEMENT_PANGLE', 'PLACEMENT_GLOBAL_APP_BUNDLE'], 'location_ids': ['3175395'], 'gender': 'GENDER_FEMALE', 'age_groups': ['AGE_13_17']}",,"{'code': 0, 'message': 'OK', 'request_id': '20250802175052F6ED2E5799BEE518C610', 'data': {'user_count': {'lower_end': 0, 'upper_end': 1000}, 'user_count_stage': 1}}",0,1000,1,2025-08-02 11:51:04.081872
648,IT,AGE_18_24,3175395,GENDER_FEMALE,,,,,,"{'advertiser_id': '7381489555305775105', 'objective_type': 'REACH', 'optimization_goal': 'REACH', 'placements': ['PLACEMENT_TIKTOK', 'PLACEMENT_PANGLE', 'PLACEMENT_GLOBAL_APP_BUNDLE'], 'location_ids': ['3175395'], 'gender': 'GENDER_FEMALE', 'age_groups': ['AGE_18_24']}",,"{'code': 0, 'message': 'OK', 'request_id': '2025080217505262A6707C1E1CBA0E6239', 'data': {'user_count': {'lower_end': 2082000, 'upper_end': 2546000}, 'user_count_stage': 2}}",2082000,2546000,2,2025-08-02 11:51:04.081872
649,PK,AGE_45_54,1168579,GENDER_MALE,,,,,,"{'advertiser_id': '7381489555305775105', 'objective_type': 'REACH', 'optimization_goal': 'REACH', 'placements': ['PLACEMENT_TIKTOK', 'PLACEMENT_PANGLE', 'PLACEMENT_GLOBAL_APP_BUNDLE'], 'location_ids': ['1168579'], 'gender': 'GENDER_MALE', 'age_groups': ['AGE_45_54']}",,"{'code': 0, 'message': 'OK', 'request_id': '20250802175052FFA2930BB1CF3F1328B3', 'data': {'user_count': {'lower_end': 1680000, 'upper_end': 2054000}, 'user_count_stage': 2}}",1680000,2054000,2,2025-08-02 11:51:04.081872
650,IT,AGE_25_34,3175395,GENDER_FEMALE,,,,,,"{'advertiser_id': '7381489555305775105', 'objective_type': 'REACH', 'optimization_goal': 'REACH', 'placements': ['PLACEMENT_TIKTOK', 'PLACEMENT_PANGLE', 'PLACEMENT_GLOBAL_APP_BUNDLE'], 'location_ids': ['3175395'], 'gender': 'GENDER_FEMALE', 'age_groups': ['AGE_25_34']}",,"{'code': 0, 'message': 'OK', 'request_id': '202508021750530E6745AD43B29D152F95', 'data': {'user_count': {'lower_end': 2458000, 'upper_end': 3005000}, 'user_count_stage': 2}}",2458000,3005000,2,2025-08-02 11:51:04.081872
651,IT,AGE_35_44,3175395,GENDER_FEMALE,,,,,,"{'advertiser_id': '7381489555305775105', 'objective_type': 'REACH', 'optimization_goal': 'REACH', 'placements': ['PLACEMENT_TIKTOK', 'PLACEMENT_PANGLE', 'PLACEMENT_GLOBAL_APP_BUNDLE'], 'location_ids': ['3175395'], 'gender': 'GENDER_FEMALE', 'age_groups': ['AGE_35_44']}",,"{'code': 0, 'message': 'OK', 'request_id': '20250802175054D726B2FB32E39C12369A', 'data': {'user_count': {'lower_end': 1917000, 'upper_end': 2344000}, 'user_count_stage': 2}}",1917000,2344000,2,2025-08-02 11:51:04.081872
652,IT,AGE_45_54,3175395,GENDER_FEMALE,,,,,,"{'advertiser_id': '7381489555305775105', 'objective_type': 'REACH', 'optimization_goal': 'REACH', 'placements': ['PLACEMENT_TIKTOK', 'PLACEMENT_PANGLE', 'PLACEMENT_GLOBAL_APP_BUNDLE'], 'location_ids': ['3175395'], 'gender': 'GENDER_FEMALE', 'age_groups': ['AGE_45_54']}",,"{'code': 0, 'message': 'OK', 'request_id': '20250802175054946801AAB6AD3D3C9649', 'data': {'user_count': {'lower_end': 2023000, 'upper_end': 2474000}, 'user_count_stage': 2}}",2023000,2474000,2,2025-08-02 11:51:04.081872
653,IT,AGE_55_100,3175395,GENDER_FEMALE,,,,,,"{'advertiser_id': '7381489555305775105', 'objective_type': 'REACH', 'optimization_goal': 'REACH', 'placements': ['PLACEMENT_TIKTOK', 'PLACEMENT_PANGLE', 'PLACEMENT_GLOBAL_APP_BUNDLE'], 'location_ids': ['3175395'], 'gender': 'GENDER_FEMALE', 'age_groups': ['AGE_55_100']}",,"{'code': 0, 'message': 'OK', 'request_id': '2025080217505430A628580D6DC21CAC96', 'data': {'user_count': {'lower_end': 2260000, 'upper_end': 2763000}, 'user_count_stage': 2}}",2260000,2763000,2,2025-08-02 11:51:04.081872
654,IT,AGE_13_17,3175395,GENDER_MALE,,,,,,"{'advertiser_id': '7381489555305775105', 'objective_type': 'REACH', 'optimization_goal': 'REACH', 'placements': ['PLACEMENT_TIKTOK', 'PLACEMENT_PANGLE', 'PLACEMENT_GLOBAL_APP_BUNDLE'], 'location_ids': ['3175395'], 'gender': 'GENDER_MALE', 'age_groups': ['AGE_13_17']}",,"{'code': 0, 'message': 'OK', 'request_id': '2025080217505552AF71F7CC05CC13A630', 'data': {'user_count': {'lower_end': 0, 'upper_end': 1000}, 'user_count_stage': 1}}",0,1000,1,2025-08-02 11:51:04.081872
655,IT,AGE_18_24,3175395,GENDER_MALE,,,,,,"{'advertiser_id': '7381489555305775105', 'objective_type': 'REACH', 'optimization_goal': 'REACH', 'placements': ['PLACEMENT_TIKTOK', 'PLACEMENT_PANGLE', 'PLACEMENT_GLOBAL_APP_BUNDLE'], 'location_ids': ['3175395'], 'gender': 'GENDER_MALE', 'age_groups': ['AGE_18_24']}",,"{'code': 0, 'message': 'OK', 'request_id': '2025080217505572B99A2F6A881A18BE07', 'data': {'user_count': {'lower_end': 2039000, 'upper_end': 2493000}, 'user_count_stage': 2}}",2039000,2493000,2,2025-08-02 11:51:04.081872
656,IT,AGE_25_34,3175395,GENDER_MALE,,,,,,"{'advertiser_id': '7381489555305775105', 'objective_type': 'REACH', 'optimization_goal': 'REACH', 'placements': ['PLACEMENT_TIKTOK', 'PLACEMENT_PANGLE', 'PLACEMENT_GLOBAL_APP_BUNDLE'], 'location_ids': ['3175395'], 'gender': 'GENDER_MALE', 'age_groups': ['AGE_25_34']}",,"{'code': 0, 'message': 'OK', 'request_id': '20250802175055062B3A23EF737612E285', 'data': {'user_count': {'lower_end': 2191000, 'upper_end': 2680000}, 'user_count_stage': 2}}",2191000,2680000,2,2025-08-02 11:51:04.081872
657,IT,AGE_35_44,3175395,GENDER_MALE,,,,,,"{'advertiser_id': '7381489555305775105', 'objective_type': 'REACH', 'optimization_goal': 'REACH', 'placements': ['PLACEMENT_TIKTOK', 'PLACEMENT_PANGLE', 'PLACEMENT_GLOBAL_APP_BUNDLE'], 'location_ids': ['3175395'], 'gender': 'GENDER_MALE', 'age_groups': ['AGE_35_44']}",,"{'code': 0, 'message': 'OK', 'request_id': '20250802175055933E608704A6A90C3B45', 'data': {'user_count': {'lower_end': 1477000, 'upper_end': 1806000}, 'user_count_stage': 2}}",1477000,1806000,2,2025-08-02 11:51:04.081872
658,IT,AGE_45_54,3175395,GENDER_MALE,,,,,,"{'advertiser_id': '7381489555305775105', 'objective_type': 'REACH', 'optimization_goal': 'REACH', 'placements': ['PLACEMENT_TIKTOK', 'PLACEMENT_PANGLE', 'PLACEMENT_GLOBAL_APP_BUNDLE'], 'location_ids': ['3175395'], 'gender': 'GENDER_MALE', 'age_groups': ['AGE_45_54']}",,"{'code': 0, 'message': 'OK', 'request_id': '2025080217505628D9F5A2B043220F8DE4', 'data': {'user_count': {'lower_end': 1484000, 'upper_end': 1815000}, 'user_count_stage': 2}}",1484000,1815000,2,2025-08-02 11:51:04.081872
659,IT,AGE_55_100,3175395,GENDER_MALE,,,,,,"{'advertiser_id': '7381489555305775105', 'objective_type': 'REACH', 'optimization_goal': 'REACH', 'placements': ['PLACEMENT_TIKTOK', 'PLACEMENT_PANGLE', 'PLACEMENT_GLOBAL_APP_BUNDLE'], 'location_ids': ['3175395'], 'gender': 'GENDER_MALE', 'age_groups': ['AGE_55_100']}",,"{'code': 0, 'message': 'OK', 'request_id': '202508021750564ACD095AF0340F150E37', 'data': {'user_count': {'lower_end': 1646000, 'upper_end': 2013000}, 'user_count_stage': 2}}",1646000,2013000,2,2025-08-02 11:51:04.081872
660,PT,AGE_13_17,2264397,GENDER_FEMALE,,,,,,"{'advertiser_id': '7381489555305775105', 'objective_type': 'REACH', 'optimization_goal': 'REACH', 'placements': ['PLACEMENT_TIKTOK', 'PLACEMENT_PANGLE', 'PLACEMENT_GLOBAL_APP_BUNDLE'], 'location_ids': ['2264397'], 'gender': 'GENDER_FEMALE', 'age_groups': ['AGE_13_17']}",,"{'code': 0, 'message': 'OK', 'request_id': '202508021750560BB3367DDFB60A0F83B3', 'data': {'user_count': {'lower_end': 0, 'upper_end': 1000}, 'user_count_stage': 1}}",0,1000,1,2025-08-02 11:51:04.081872
661,PT,AGE_18_24,2264397,GENDER_FEMALE,,,,,,"{'advertiser_id': '7381489555305775105', 'objective_type': 'REACH', 'optimization_goal': 'REACH', 'placements': ['PLACEMENT_TIKTOK', 'PLACEMENT_PANGLE', 'PLACEMENT_GLOBAL_APP_BUNDLE'], 'location_ids': ['2264397'], 'gender': 'GENDER_FEMALE', 'age_groups': ['AGE_18_24']}",,"{'code': 0, 'message': 'OK', 'request_id': '20250802175056D6CE9114DD8E9D134D38', 'data': {'user_count': {'lower_end': 540000, 'upper_end': 661000}, 'user_count_stage': 2}}",540000,661000,2,2025-08-02 11:51:04.081872
662,PT,AGE_25_34,2264397,GENDER_FEMALE,,,,,,"{'advertiser_id': '7381489555305775105', 'objective_type': 'REACH', 'optimization_goal': 'REACH', 'placements': ['PLACEMENT_TIKTOK', 'PLACEMENT_PANGLE', 'PLACEMENT_GLOBAL_APP_BUNDLE'], 'location_ids': ['2264397'], 'gender': 'GENDER_FEMALE', 'age_groups': ['AGE_25_34']}",,"{'code': 0, 'message': 'OK', 'request_id': '20250802175057CCD16CAA41329D103295', 'data': {'user_count': {'lower_end': 678000, 'upper_end': 830000}, 'user_count_stage': 2}}",678000,830000,2,2025-08-02 11:51:04.081872
663,PT,AGE_35_44,2264397,GENDER_FEMALE,,,,,,"{'advertiser_id': '7381489555305775105', 'objective_type': 'REACH', 'optimization_goal': 'REACH', 'placements': ['PLACEMENT_TIKTOK', 'PLACEMENT_PANGLE', 'PLACEMENT_GLOBAL_APP_BUNDLE'], 'location_ids': ['2264397'], 'gender': 'GENDER_FEMALE', 'age_groups': ['AGE_35_44']}",,"{'code': 0, 'message': 'OK', 'request_id': '2025080217505714270CA9EF406E33C7E1', 'data': {'user_count': {'lower_end': 446000, 'upper_end': 546000}, 'user_count_stage': 2}}",446000,546000,2,2025-08-02 11:51:04.081872
664,PT,AGE_45_54,2264397,GENDER_FEMALE,,,,,,"{'advertiser_id': '7381489555305775105', 'objective_type': 'REACH', 'optimization_goal': 'REACH', 'placements': ['PLACEMENT_TIKTOK', 'PLACEMENT_PANGLE', 'PLACEMENT_GLOBAL_APP_BUNDLE'], 'location_ids': ['2264397'], 'gender': 'GENDER_FEMALE', 'age_groups': ['AGE_45_54']}",,"{'code': 0, 'message': 'OK', 'request_id': '202508021750573F7CA19EB7E051100163', 'data': {'user_count': {'lower_end': 361000, 'upper_end': 443000}, 'user_count_stage': 2}}",361000,443000,2,2025-08-02 11:51:04.081872
665,PT,AGE_55_100,2264397,GENDER_FEMALE,,,,,,"{'advertiser_id': '7381489555305775105', 'objective_type': 'REACH', 'optimization_goal': 'REACH', 'placements': ['PLACEMENT_TIKTOK', 'PLACEMENT_PANGLE', 'PLACEMENT_GLOBAL_APP_BUNDLE'], 'location_ids': ['2264397'], 'gender': 'GENDER_FEMALE', 'age_groups': ['AGE_55_100']}",,"{'code': 0, 'message': 'OK', 'request_id': '20250802175058FCBE01B18C690F15B19F', 'data': {'user_count': {'lower_end': 253000, 'upper_end': 310000}, 'user_count_stage': 2}}",253000,310000,2,2025-08-02 11:51:04.081872
666,PT,AGE_18_24,2264397,GENDER_MALE,,,,,,"{'advertiser_id': '7381489555305775105', 'objective_type': 'REACH', 'optimization_goal': 'REACH', 'placements': ['PLACEMENT_TIKTOK', 'PLACEMENT_PANGLE', 'PLACEMENT_GLOBAL_APP_BUNDLE'], 'location_ids': ['2264397'], 'gender': 'GENDER_MALE', 'age_groups': ['AGE_18_24']}",,"{'code': 0, 'message': 'OK', 'request_id': '20250802175058454E67CBED7294168A42', 'data': {'user_count': {'lower_end': 370000, 'upper_end': 454000}, 'user_count_stage': 2}}",370000,454000,2,2025-08-02 11:51:04.081872
667,PT,AGE_13_17,2264397,GENDER_MALE,,,,,,"{'advertiser_id': '7381489555305775105', 'objective_type': 'REACH', 'optimization_goal': 'REACH', 'placements': ['PLACEMENT_TIKTOK', 'PLACEMENT_PANGLE', 'PLACEMENT_GLOBAL_APP_BUNDLE'], 'location_ids': ['2264397'], 'gender': 'GENDER_MALE', 'age_groups': ['AGE_13_17']}",,"{'code': 0, 'message': 'OK', 'request_id': '20250802175058C5988659FD29A215E1B2', 'data': {'user_count': {'lower_end': 0, 'upper_end': 1000}, 'user_count_stage': 1}}",0,1000,1,2025-08-02 11:51:04.081872
668,PT,AGE_25_34,2264397,GENDER_MALE,,,,,,"{'advertiser_id': '7381489555305775105', 'objective_type': 'REACH', 'optimization_goal': 'REACH', 'placements': ['PLACEMENT_TIKTOK', 'PLACEMENT_PANGLE', 'PLACEMENT_GLOBAL_APP_BUNDLE'], 'location_ids': ['2264397'], 'gender': 'GENDER_MALE', 'age_groups': ['AGE_25_34']}",,"{'code': 0, 'message': 'OK', 'request_id': '20250802175059897F89B28A8F650D0A3F', 'data': {'user_count': {'lower_end': 467000, 'upper_end': 572000}, 'user_count_stage': 2}}",467000,572000,2,2025-08-02 11:51:04.081872
669,PT,AGE_35_44,2264397,GENDER_MALE,,,,,,"{'advertiser_id': '7381489555305775105', 'objective_type': 'REACH', 'optimization_goal': 'REACH', 'placements': ['PLACEMENT_TIKTOK', 'PLACEMENT_PANGLE', 'PLACEMENT_GLOBAL_APP_BUNDLE'], 'location_ids': ['2264397'], 'gender': 'GENDER_MALE', 'age_groups': ['AGE_35_44']}",,"{'code': 0, 'message': 'OK', 'request_id': '20250802175059F561A6674ED4151AB42C', 'data': {'user_count': {'lower_end': 297000, 'upper_end': 364000}, 'user_count_stage': 2}}",297000,364000,2,2025-08-02 11:51:04.081872
670,PT,AGE_45_54,2264397,GENDER_MALE,,,,,,"{'advertiser_id': '7381489555305775105', 'objective_type': 'REACH', 'optimization_goal': 'REACH', 'placements': ['PLACEMENT_TIKTOK', 'PLACEMENT_PANGLE', 'PLACEMENT_GLOBAL_APP_BUNDLE'], 'location_ids': ['2264397'], 'gender': 'GENDER_MALE', 'age_groups': ['AGE_45_54']}",,"{'code': 0, 'message': 'OK', 'request_id': '20250802175059176A4728CA237F1A7355', 'data': {'user_count': {'lower_end': 219000, 'upper_end': 268000}, 'user_count_stage': 2}}",219000,268000,2,2025-08-02 11:51:04.081872
671,BO,AGE_13_17,3923057,GENDER_FEMALE,,,,,,"{'advertiser_id': '7381489555305775105', 'objective_type': 'REACH', 'optimization_goal': 'REACH', 'placements': ['PLACEMENT_TIKTOK', 'PLACEMENT_PANGLE', 'PLACEMENT_GLOBAL_APP_BUNDLE'], 'location_ids': ['3923057'], 'gender': 'GENDER_FEMALE', 'age_groups': ['AGE_13_17']}",,"{'code': 0, 'message': 'OK', 'request_id': '20250802175100B07F6D796C3FD40E42D8', 'data': {'user_count': {'lower_end': 0, 'upper_end': 1000}, 'user_count_stage': 1}}",0,1000,1,2025-08-02 11:51:04.081872
672,PT,AGE_55_100,2264397,GENDER_MALE,,,,,,"{'advertiser_id': '7381489555305775105', 'objective_type': 'REACH', 'optimization_goal': 'REACH', 'placements': ['PLACEMENT_TIKTOK', 'PLACEMENT_PANGLE', 'PLACEMENT_GLOBAL_APP_BUNDLE'], 'location_ids': ['2264397'], 'gender': 'GENDER_MALE', 'age_groups': ['AGE_55_100']}",,"{'code': 0, 'message': 'OK', 'request_id': '20250802175100183A01BCAC7C7218E0F0', 'data': {'user_count': {'lower_end': 139000, 'upper_end': 171000}, 'user_count_stage': 2}}",139000,171000,2,2025-08-02 11:51:04.081872
673,BO,AGE_18_24,3923057,GENDER_FEMALE,,,,,,"{'advertiser_id': '7381489555305775105', 'objective_type': 'REACH', 'optimization_goal': 'REACH', 'placements': ['PLACEMENT_TIKTOK', 'PLACEMENT_PANGLE', 'PLACEMENT_GLOBAL_APP_BUNDLE'], 'location_ids': ['3923057'], 'gender': 'GENDER_FEMALE', 'age_groups': ['AGE_18_24']}",,"{'code': 0, 'message': 'OK', 'request_id': '20250802175100C36456514F788E1B50BF', 'data': {'user_count': {'lower_end': 1236000, 'upper_end': 1512000}, 'user_count_stage': 2}}",1236000,1512000,2,2025-08-02 11:51:04.081872
674,BO,AGE_25_34,3923057,GENDER_FEMALE,,,,,,"{'advertiser_id': '7381489555305775105', 'objective_type': 'REACH', 'optimization_goal': 'REACH', 'placements': ['PLACEMENT_TIKTOK', 'PLACEMENT_PANGLE', 'PLACEMENT_GLOBAL_APP_BUNDLE'], 'location_ids': ['3923057'], 'gender': 'GENDER_FEMALE', 'age_groups': ['AGE_25_34']}",,"{'code': 0, 'message': 'OK', 'request_id': '20250802175100424E809CA2512E39CC77', 'data': {'user_count': {'lower_end': 1557000, 'upper_end': 1905000}, 'user_count_stage': 2}}",1557000,1905000,2,2025-08-02 11:51:04.081872
675,BO,AGE_35_44,3923057,GENDER_FEMALE,,,,,,"{'advertiser_id': '7381489555305775105', 'objective_type': 'REACH', 'optimization_goal': 'REACH', 'placements': ['PLACEMENT_TIKTOK', 'PLACEMENT_PANGLE', 'PLACEMENT_GLOBAL_APP_BUNDLE'], 'location_ids': ['3923057'], 'gender': 'GENDER_FEMALE', 'age_groups': ['AGE_35_44']}",,"{'code': 0, 'message': 'OK', 'request_id': '202508021751014BA903214974A310F390', 'data': {'user_count': {'lower_end': 579000, 'upper_end': 709000}, 'user_count_stage': 2}}",579000,709000,2,2025-08-02 11:51:04.081872
676,BO,AGE_55_100,3923057,GENDER_FEMALE,,,,,,"{'advertiser_id': '7381489555305775105', 'objective_type': 'REACH', 'optimization_goal': 'REACH', 'placements': ['PLACEMENT_TIKTOK', 'PLACEMENT_PANGLE', 'PLACEMENT_GLOBAL_APP_BUNDLE'], 'location_ids': ['3923057'], 'gender': 'GENDER_FEMALE', 'age_groups': ['AGE_55_100']}",,"{'code': 0, 'message': 'OK', 'request_id': '20250802175101E02CA8C9A4D190127E7D', 'data': {'user_count': {'lower_end': 316000, 'upper_end': 387000}, 'user_count_stage': 2}}",316000,387000,2,2025-08-02 11:51:04.081872
677,BO,AGE_45_54,3923057,GENDER_FEMALE,,,,,,"{'advertiser_id': '7381489555305775105', 'objective_type': 'REACH', 'optimization_goal': 'REACH', 'placements': ['PLACEMENT_TIKTOK', 'PLACEMENT_PANGLE', 'PLACEMENT_GLOBAL_APP_BUNDLE'], 'location_ids': ['3923057'], 'gender': 'GENDER_FEMALE', 'age_groups': ['AGE_45_54']}",,"{'code': 0, 'message': 'OK', 'request_id': '20250802175101D91E5A57C8194E11FF87', 'data': {'user_count': {'lower_end': 315000, 'upper_end': 386000}, 'user_count_stage': 2}}",315000,386000,2,2025-08-02 11:51:04.081872
678,BO,AGE_18_24,3923057,GENDER_MALE,,,,,,"{'advertiser_id': '7381489555305775105', 'objective_type': 'REACH', 'optimization_goal': 'REACH', 'placements': ['PLACEMENT_TIKTOK', 'PLACEMENT_PANGLE', 'PLACEMENT_GLOBAL_APP_BUNDLE'], 'location_ids': ['3923057'], 'gender': 'GENDER_MALE', 'age_groups': ['AGE_18_24']}",,"{'code': 0, 'message': 'OK', 'request_id': '20250802175102A0B51B771FBE99192FEC', 'data': {'user_count': {'lower_end': 1190000, 'upper_end': 1456000}, 'user_count_stage': 2}}",1190000,1456000,2,2025-08-02 11:51:04.081872
679,BO,AGE_25_34,3923057,GENDER_MALE,,,,,,"{'advertiser_id': '7381489555305775105', 'objective_type': 'REACH', 'optimization_goal': 'REACH', 'placements': ['PLACEMENT_TIKTOK', 'PLACEMENT_PANGLE', 'PLACEMENT_GLOBAL_APP_BUNDLE'], 'location_ids': ['3923057'], 'gender': 'GENDER_MALE', 'age_groups': ['AGE_25_34']}",,"{'code': 0, 'message': 'OK', 'request_id': '202508021751022CB5357EA2F8CD0EEFDF', 'data': {'user_count': {'lower_end': 1926000, 'upper_end': 2355000}, 'user_count_stage': 3}}",1926000,2355000,3,2025-08-02 11:51:04.081872
680,BO,AGE_35_44,3923057,GENDER_MALE,,,,,,"{'advertiser_id': '7381489555305775105', 'objective_type': 'REACH', 'optimization_goal': 'REACH', 'placements': ['PLACEMENT_TIKTOK', 'PLACEMENT_PANGLE', 'PLACEMENT_GLOBAL_APP_BUNDLE'], 'location_ids': ['3923057'], 'gender': 'GENDER_MALE', 'age_groups': ['AGE_35_44']}",,"{'code': 0, 'message': 'OK', 'request_id': '2025080217510228977B6BF5D94411DBB4', 'data': {'user_count': {'lower_end': 670000, 'upper_end': 820000}, 'user_count_stage': 2}}",670000,820000,2,2025-08-02 11:51:04.081872
681,BO,AGE_45_54,3923057,GENDER_MALE,,,,,,"{'advertiser_id': '7381489555305775105', 'objective_type': 'REACH', 'optimization_goal': 'REACH', 'placements': ['PLACEMENT_TIKTOK', 'PLACEMENT_PANGLE', 'PLACEMENT_GLOBAL_APP_BUNDLE'], 'location_ids': ['3923057'], 'gender': 'GENDER_MALE', 'age_groups': ['AGE_45_54']}",,"{'code': 0, 'message': 'OK', 'request_id': '20250802175102047604D914F7180D9327', 'data': {'user_count': {'lower_end': 325000, 'upper_end': 398000}, 'user_count_stage': 2}}",325000,398000,2,2025-08-02 11:51:04.081872
682,BO,AGE_55_100,3923057,GENDER_MALE,,,,,,"{'advertiser_id': '7381489555305775105', 'objective_type': 'REACH', 'optimization_goal': 'REACH', 'placements': ['PLACEMENT_TIKTOK', 'PLACEMENT_PANGLE', 'PLACEMENT_GLOBAL_APP_BUNDLE'], 'location_ids': ['3923057'], 'gender': 'GENDER_MALE', 'age_groups': ['AGE_55_100']}",,"{'code': 0, 'message': 'OK', 'request_id': '2025080217510393EBC2CDC7CCEA10A905', 'data': {'user_count': {'lower_end': 270000, 'upper_end': 331000}, 'user_count_stage': 2}}",270000,331000,2,2025-08-02 11:51:04.081872
683,BO,AGE_13_17,3923057,GENDER_MALE,,,,,,"{'advertiser_id': '7381489555305775105', 'objective_type': 'REACH', 'optimization_goal': 'REACH', 'placements': ['PLACEMENT_TIKTOK', 'PLACEMENT_PANGLE', 'PLACEMENT_GLOBAL_APP_BUNDLE'], 'location_ids': ['3923057'], 'gender': 'GENDER_MALE', 'age_groups': ['AGE_13_17']}",,"{'code': 0, 'message': 'OK', 'request_id': '202508021751016CB8D9CDD11E3D13D3AC', 'data': {'user_count': {'lower_end': 0, 'upper_end': 1000}, 'user_count_stage': 1}}",0,1000,1,2025-08-02 11:51:04.081872
